cancer	cohort	stage_id	run_id	analysis_version	analysis_type	metabolite_key	metabolite_name	gene	unit	n	n_reference	effect_type	effect	ci_lower	ci_upper	p_value	q_value	test_family	family_n_evaluable	status	reason	source_id	relation_id	ER_v3_rho	ER_v3_p	ER_v3_q	original_q	signed_delta_from_ER	abs_effect_change	design_condition_number	seed	bootstrap_valid	interval_scope
BRCA	CAMP_BRCA1	04_ROBUSTNESS	20260919T151200Z_all117_robustness_v2	all117_robustness_v2	partial_rank_composition_proxy_sensitivity	HMDB:HMDB00721	glycylproline	PEPD	author_mapped_tumor_specimen_NOT_verified_independent_patient	56.0	NA	partial_rank_correlation	-0.1324039537359669	-0.3927527057141456	0.1854502972595156	0.3397	0.6796758620689655	ER_PC12	171.0	DONE	NA	GSE37751_CAMP_processed	HMDB:HMDB00721|PEPD	-0.1706192177793739	0.2107	0.4868878378378378	0.3768035294117647	0.038215264043407	-0.038215264043407	1.754366764778892	1664157818.0	500.0	pointwise_stratified_specimen_bootstrap;covariate_scores_fixed;independence_unverified
BRCA	CAMP_BRCA1	04_ROBUSTNESS	20260919T151200Z_all117_robustness_v2	all117_robustness_v2	partial_rank_composition_proxy_sensitivity	HMDB:HMDB00721	glycylproline	PEPD	author_mapped_tumor_specimen_NOT_verified_independent_patient	56.0	NA	partial_rank_correlation	-0.1270000722225326	-0.4014032278491728	0.1639204997675385	0.3687	0.7429447058823531	ER_MonoEndoFib	171.0	DONE	NA	GSE37751_CAMP_processed	HMDB:HMDB00721|PEPD	-0.1706192177793739	0.2107	0.4868878378378378	0.3768035294117647	0.0436191455568414	-0.0436191455568414	2.5758566916327394	2659378418.0	500.0	pointwise_stratified_specimen_bootstrap;covariate_scores_fixed;independence_unverified
BRCA	CAMP_BRCA1	04_ROBUSTNESS	20260919T151200Z_all117_robustness_v2	all117_robustness_v2	partial_rank_composition_proxy_sensitivity	KEGG:C00009	phosphate	PPA1	author_mapped_tumor_specimen_NOT_verified_independent_patient	61.0	NA	partial_rank_correlation	0.0684533812968129	-0.1740287095410534	0.312245247513104	0.6029	0.8163335820895523	ER_PC12	171.0	DONE	NA	GSE37751_CAMP_processed	KEGG:C00009|PPA1	0.1814990146850546	0.1611	0.43498125	0.089775	-0.1130456333882417	-0.1130456333882417	1.680666914287067	1693462318.0	500.0	pointwise_stratified_specimen_bootstrap;covariate_scores_fixed;independence_unverified
BRCA	CAMP_BRCA1	04_ROBUSTNESS	20260919T151200Z_all117_robustness_v2	all117_robustness_v2	partial_rank_composition_proxy_sensitivity	KEGG:C00009	phosphate	PPA1	author_mapped_tumor_specimen_NOT_verified_independent_patient	61.0	NA	partial_rank_correlation	0.0328229878617583	-0.2372466280959144	0.3366080265358567	0.8065	0.9382935483870968	ER_MonoEndoFib	171.0	DONE	NA	GSE37751_CAMP_processed	KEGG:C00009|PPA1	0.1814990146850546	0.1611	0.43498125	0.089775	-0.1486760268232963	-0.1486760268232963	2.508176151229478	3870614337.0	500.0	pointwise_stratified_specimen_bootstrap;covariate_scores_fixed;independence_unverified
BRCA	CAMP_BRCA1	04_ROBUSTNESS	20260919T151200Z_all117_robustness_v2	all117_robustness_v2	partial_rank_composition_proxy_sensitivity	KEGG:C00009	phosphate	PPA2	author_mapped_tumor_specimen_NOT_verified_independent_patient	61.0	NA	partial_rank_correlation	0.1003883257194196	-0.1343952040536355	0.3710654357759086	0.4474	0.7650540000000001	ER_PC12	171.0	DONE	NA	GSE37751_CAMP_processed	KEGG:C00009|PPA2	0.2206195668117264	0.0914	0.3379978723404255	0.334305	-0.1202312410923067	-0.1202312410923067	1.680666914287067	775667566.0	500.0	pointwise_stratified_specimen_bootstrap;covariate_scores_fixed;independence_unverified
BRCA	CAMP_BRCA1	04_ROBUSTNESS	20260919T151200Z_all117_robustness_v2	all117_robustness_v2	partial_rank_composition_proxy_sensitivity	KEGG:C00009	phosphate	PPA2	author_mapped_tumor_specimen_NOT_verified_independent_patient	61.0	NA	partial_rank_correlation	0.1092318575579469	-0.1247694251088572	0.3755402951359354	0.4189	0.7739129032258064	ER_MonoEndoFib	171.0	DONE	NA	GSE37751_CAMP_processed	KEGG:C00009|PPA2	0.2206195668117264	0.0914	0.3379978723404255	0.334305	-0.1113877092537794	-0.1113877092537794	2.508176151229478	1091626193.0	500.0	pointwise_stratified_specimen_bootstrap;covariate_scores_fixed;independence_unverified
BRCA	CAMP_BRCA1	04_ROBUSTNESS	20260919T151200Z_all117_robustness_v2	all117_robustness_v2	partial_rank_composition_proxy_sensitivity	KEGG:C00013	pyrophosphate (PPi)	PPA1	author_mapped_tumor_specimen_NOT_verified_independent_patient	45.0	NA	partial_rank_correlation	0.0960246271773089	-0.2123030929794431	0.3670114009368093	0.54	0.8163335820895523	ER_PC12	171.0	DONE	NA	GSE37751_CAMP_processed	KEGG:C00013|PPA1	-0.0854911542872486	0.573	0.7394142857142856	0.4857795918367346	0.1815157814645576	0.0105334728900603	1.7584936014624124	2540884310.0	500.0	pointwise_stratified_specimen_bootstrap;covariate_scores_fixed;independence_unverified
BRCA	CAMP_BRCA1	04_ROBUSTNESS	20260919T151200Z_all117_robustness_v2	all117_robustness_v2	partial_rank_composition_proxy_sensitivity	KEGG:C00013	pyrophosphate (PPi)	PPA1	author_mapped_tumor_specimen_NOT_verified_independent_patient	45.0	NA	partial_rank_correlation	0.148533180886934	-0.1878989786359016	0.4485433334263762	0.3503	0.7429447058823531	ER_MonoEndoFib	171.0	DONE	NA	GSE37751_CAMP_processed	KEGG:C00013|PPA1	-0.0854911542872486	0.573	0.7394142857142856	0.4857795918367346	0.2340243351741827	0.0630420265996853	2.5643487907056177	3671576490.0	500.0	pointwise_stratified_specimen_bootstrap;covariate_scores_fixed;independence_unverified
BRCA	CAMP_BRCA1	04_ROBUSTNESS	20260919T151200Z_all117_robustness_v2	all117_robustness_v2	partial_rank_composition_proxy_sensitivity	KEGG:C00013	pyrophosphate (PPi)	PPA2	author_mapped_tumor_specimen_NOT_verified_independent_patient	45.0	NA	partial_rank_correlation	0.1700003846304002	-0.1497656187315936	0.4811249827849611	0.28	0.6765338028169015	ER_PC12	171.0	DONE	NA	GSE37751_CAMP_processed	KEGG:C00013|PPA2	0.0822358811756324	0.6055	0.761327205882353	0.48556875	0.0877645034547677	0.0877645034547677	1.7584936014624124	4288909692.0	500.0	pointwise_stratified_specimen_bootstrap;covariate_scores_fixed;independence_unverified
BRCA	CAMP_BRCA1	04_ROBUSTNESS	20260919T151200Z_all117_robustness_v2	all117_robustness_v2	partial_rank_composition_proxy_sensitivity	KEGG:C00013	pyrophosphate (PPi)	PPA2	author_mapped_tumor_specimen_NOT_verified_independent_patient	45.0	NA	partial_rank_correlation	0.1677197780319417	-0.1840215180220279	0.4669701620661063	0.2931	0.7429447058823531	ER_MonoEndoFib	171.0	DONE	NA	GSE37751_CAMP_processed	KEGG:C00013|PPA2	0.0822358811756324	0.6055	0.761327205882353	0.48556875	0.0854838968563092	0.0854838968563092	2.5643487907056177	1044774252.0	500.0	pointwise_stratified_specimen_bootstrap;covariate_scores_fixed;independence_unverified
BRCA	CAMP_BRCA1	04_ROBUSTNESS	20260919T151200Z_all117_robustness_v2	all117_robustness_v2	partial_rank_composition_proxy_sensitivity	KEGG:C00021	S-adenosylhomocysteine (SAH)	AHCY	author_mapped_tumor_specimen_NOT_verified_independent_patient	55.0	NA	partial_rank_correlation	0.0030561038729811	-0.2382767232276893	0.2611510529832321	0.984	0.9949182352941176	ER_PC12	171.0	DONE	NA	GSE37751_CAMP_processed	KEGG:C00021|AHCY	0.0842096092455079	0.5501	0.7394142857142856	0.8987240506329114	-0.0811535053725267	-0.0811535053725267	1.7830917451138062	1653483579.0	500.0	pointwise_stratified_specimen_bootstrap;covariate_scores_fixed;independence_unverified
BRCA	CAMP_BRCA1	04_ROBUSTNESS	20260919T151200Z_all117_robustness_v2	all117_robustness_v2	partial_rank_composition_proxy_sensitivity	KEGG:C00021	S-adenosylhomocysteine (SAH)	AHCY	author_mapped_tumor_specimen_NOT_verified_independent_patient	55.0	NA	partial_rank_correlation	-0.0015545141722717	-0.2880165601951368	0.2699289076711689	0.9919	0.9919	ER_MonoEndoFib	171.0	DONE	NA	GSE37751_CAMP_processed	KEGG:C00021|AHCY	0.0842096092455079	0.5501	0.7394142857142856	0.8987240506329114	-0.0857641234177796	-0.0826550950732361	2.5041802162623363	4050578439.0	500.0	pointwise_stratified_specimen_bootstrap;covariate_scores_fixed;independence_unverified
BRCA	CAMP_BRCA1	04_ROBUSTNESS	20260919T151200Z_all117_robustness_v2	all117_robustness_v2	partial_rank_composition_proxy_sensitivity	KEGG:C00021	S-adenosylhomocysteine (SAH)	NNMT	author_mapped_tumor_specimen_NOT_verified_independent_patient	55.0	NA	partial_rank_correlation	0.1185545377585772	-0.2208369122869062	0.3855012918205329	0.4127	0.7275432989690721	ER_PC12	171.0	DONE	NA	GSE37751_CAMP_processed	KEGG:C00021|NNMT	-0.0164548079061766	0.9068	0.9406030120481929	0.5264242990654207	0.1350093456647538	0.1020997298524006	1.7830917451138062	489292601.0	500.0	pointwise_stratified_specimen_bootstrap;covariate_scores_fixed;independence_unverified
BRCA	CAMP_BRCA1	04_ROBUSTNESS	20260919T151200Z_all117_robustness_v2	all117_robustness_v2	partial_rank_composition_proxy_sensitivity	KEGG:C00021	S-adenosylhomocysteine (SAH)	NNMT	author_mapped_tumor_specimen_NOT_verified_independent_patient	55.0	NA	partial_rank_correlation	0.1279603495987813	-0.1605377283198441	0.3644753059505027	0.3807	0.7524	ER_MonoEndoFib	171.0	DONE	NA	GSE37751_CAMP_processed	KEGG:C00021|NNMT	-0.0164548079061766	0.9068	0.9406030120481929	0.5264242990654207	0.1444151575049579	0.1115055416926047	2.5041802162623363	4010600711.0	500.0	pointwise_stratified_specimen_bootstrap;covariate_scores_fixed;independence_unverified
BRCA	CAMP_BRCA1	04_ROBUSTNESS	20260919T151200Z_all117_robustness_v2	all117_robustness_v2	partial_rank_composition_proxy_sensitivity	KEGG:C00025	glutamate	ASNS	author_mapped_tumor_specimen_NOT_verified_independent_patient	61.0	NA	partial_rank_correlation	0.0392852584997148	-0.1974370745062603	0.3047800126472662	0.7643	0.8700882352941176	ER_PC12	171.0	DONE	NA	GSE37751_CAMP_processed	KEGG:C00025|ASNS	0.1774358594121097	0.1929	0.4780565217391304	0.212735593220339	-0.1381506009123949	-0.1381506009123949	1.680666914287067	1495122136.0	500.0	pointwise_stratified_specimen_bootstrap;covariate_scores_fixed;independence_unverified
BRCA	CAMP_BRCA1	04_ROBUSTNESS	20260919T151200Z_all117_robustness_v2	all117_robustness_v2	partial_rank_composition_proxy_sensitivity	KEGG:C00025	glutamate	ASNS	author_mapped_tumor_specimen_NOT_verified_independent_patient	61.0	NA	partial_rank_correlation	0.1151397391890122	-0.1548522194498681	0.3610038247181041	0.4038	0.7625472527472527	ER_MonoEndoFib	171.0	DONE	NA	GSE37751_CAMP_processed	KEGG:C00025|ASNS	0.1774358594121097	0.1929	0.4780565217391304	0.212735593220339	-0.0622961202230975	-0.0622961202230975	2.508176151229478	870738602.0	500.0	pointwise_stratified_specimen_bootstrap;covariate_scores_fixed;independence_unverified
BRCA	CAMP_BRCA1	04_ROBUSTNESS	20260919T151200Z_all117_robustness_v2	all117_robustness_v2	partial_rank_composition_proxy_sensitivity	KEGG:C00025	glutamate	BCAT1	author_mapped_tumor_specimen_NOT_verified_independent_patient	61.0	NA	partial_rank_correlation	0.3233231045890862	0.0892003445981647	0.5456033856978627	0.0118	0.252225	ER_PC12	171.0	DONE	NA	GSE37751_CAMP_processed	KEGG:C00025|BCAT1	0.2099062996636585	0.0891	0.3379978723404255	0.12426	0.1134168049254276	0.1134168049254276	1.680666914287067	2152197342.0	500.0	pointwise_stratified_specimen_bootstrap;covariate_scores_fixed;independence_unverified
BRCA	CAMP_BRCA1	04_ROBUSTNESS	20260919T151200Z_all117_robustness_v2	all117_robustness_v2	partial_rank_composition_proxy_sensitivity	KEGG:C00025	glutamate	BCAT1	author_mapped_tumor_specimen_NOT_verified_independent_patient	61.0	NA	partial_rank_correlation	0.1454576120457453	-0.1053762208016978	0.403413321699425	0.2824	0.7429447058823531	ER_MonoEndoFib	171.0	DONE	NA	GSE37751_CAMP_processed	KEGG:C00025|BCAT1	0.2099062996636585	0.0891	0.3379978723404255	0.12426	-0.0644486876179132	-0.0644486876179132	2.508176151229478	3672667731.0	500.0	pointwise_stratified_specimen_bootstrap;covariate_scores_fixed;independence_unverified
BRCA	CAMP_BRCA1	04_ROBUSTNESS	20260919T151200Z_all117_robustness_v2	all117_robustness_v2	partial_rank_composition_proxy_sensitivity	KEGG:C00025	glutamate	BCAT2	author_mapped_tumor_specimen_NOT_verified_independent_patient	61.0	NA	partial_rank_correlation	0.2743544131124995	0.004905853804074	0.5558009027208581	0.0417	0.4317750000000001	ER_PC12	171.0	DONE	NA	GSE37751_CAMP_processed	KEGG:C00025|BCAT2	0.393455269671664	0.0025	0.0534375	0.0800590909090909	-0.1191008565591645	-0.1191008565591645	1.680666914287067	1900841252.0	500.0	pointwise_stratified_specimen_bootstrap;covariate_scores_fixed;independence_unverified
BRCA	CAMP_BRCA1	04_ROBUSTNESS	20260919T151200Z_all117_robustness_v2	all117_robustness_v2	partial_rank_composition_proxy_sensitivity	KEGG:C00025	glutamate	BCAT2	author_mapped_tumor_specimen_NOT_verified_independent_patient	61.0	NA	partial_rank_correlation	0.2947578805913827	0.006718791159388	0.5437866966874065	0.0302	0.43035	ER_MonoEndoFib	171.0	DONE	NA	GSE37751_CAMP_processed	KEGG:C00025|BCAT2	0.393455269671664	0.0025	0.0534375	0.0800590909090909	-0.0986973890802813	-0.0986973890802813	2.508176151229478	2110810495.0	500.0	pointwise_stratified_specimen_bootstrap;covariate_scores_fixed;independence_unverified
BRCA	CAMP_BRCA1	04_ROBUSTNESS	20260919T151200Z_all117_robustness_v2	all117_robustness_v2	partial_rank_composition_proxy_sensitivity	KEGG:C00025	glutamate	FOLH1	author_mapped_tumor_specimen_NOT_verified_independent_patient	61.0	NA	partial_rank_correlation	0.0636224103482834	-0.2231478165728426	0.3512487392946498	0.6377	0.8163335820895523	ER_PC12	171.0	DONE	NA	GSE37751_CAMP_processed	KEGG:C00025|FOLH1	0.124245104163345	0.3502	0.5986693069306931	0.2592260869565218	-0.0606226938150616	-0.0606226938150616	1.680666914287067	4284895216.0	500.0	pointwise_stratified_specimen_bootstrap;covariate_scores_fixed;independence_unverified
BRCA	CAMP_BRCA1	04_ROBUSTNESS	20260919T151200Z_all117_robustness_v2	all117_robustness_v2	partial_rank_composition_proxy_sensitivity	KEGG:C00025	glutamate	FOLH1	author_mapped_tumor_specimen_NOT_verified_independent_patient	61.0	NA	partial_rank_correlation	0.1674458966003898	-0.1541514996965164	0.4353984111259419	0.216	0.6812517857142857	ER_MonoEndoFib	171.0	DONE	NA	GSE37751_CAMP_processed	KEGG:C00025|FOLH1	0.124245104163345	0.3502	0.5986693069306931	0.2592260869565218	0.0432007924370447	0.0432007924370447	2.508176151229478	203356734.0	500.0	pointwise_stratified_specimen_bootstrap;covariate_scores_fixed;independence_unverified
BRCA	CAMP_BRCA1	04_ROBUSTNESS	20260919T151200Z_all117_robustness_v2	all117_robustness_v2	partial_rank_composition_proxy_sensitivity	KEGG:C00025	glutamate	GCLC	author_mapped_tumor_specimen_NOT_verified_independent_patient	61.0	NA	partial_rank_correlation	0.0799491235769119	-0.1738557010739014	0.339743045717733	0.5502	0.8163335820895523	ER_PC12	171.0	DONE	NA	GSE37751_CAMP_processed	KEGG:C00025|GCLC	0.1354059021646802	0.2895	0.5210999999999999	0.4955679611650485	-0.0554567785877683	-0.0554567785877683	1.680666914287067	181726307.0	500.0	pointwise_stratified_specimen_bootstrap;covariate_scores_fixed;independence_unverified
BRCA	CAMP_BRCA1	04_ROBUSTNESS	20260919T151200Z_all117_robustness_v2	all117_robustness_v2	partial_rank_composition_proxy_sensitivity	KEGG:C00025	glutamate	GCLC	author_mapped_tumor_specimen_NOT_verified_independent_patient	61.0	NA	partial_rank_correlation	0.0522973498156961	-0.2445918080351438	0.3594623015181657	0.6988	0.9297	ER_MonoEndoFib	171.0	DONE	NA	GSE37751_CAMP_processed	KEGG:C00025|GCLC	0.1354059021646802	0.2895	0.5210999999999999	0.4955679611650485	-0.0831085523489841	-0.0831085523489841	2.508176151229478	2464905601.0	500.0	pointwise_stratified_specimen_bootstrap;covariate_scores_fixed;independence_unverified
BRCA	CAMP_BRCA1	04_ROBUSTNESS	20260919T151200Z_all117_robustness_v2	all117_robustness_v2	partial_rank_composition_proxy_sensitivity	KEGG:C00025	glutamate	GLS	author_mapped_tumor_specimen_NOT_verified_independent_patient	61.0	NA	partial_rank_correlation	0.2125618582908159	-0.0459840988717018	0.4564891645580786	0.1134	0.5876181818181818	ER_PC12	171.0	DONE	NA	GSE37751_CAMP_processed	KEGG:C00025|GLS	0.176069622215776	0.1844	0.4637117647058824	0.2675095890410958	0.0364922360750397	0.0364922360750397	1.680666914287067	3120479532.0	500.0	pointwise_stratified_specimen_bootstrap;covariate_scores_fixed;independence_unverified
BRCA	CAMP_BRCA1	04_ROBUSTNESS	20260919T151200Z_all117_robustness_v2	all117_robustness_v2	partial_rank_composition_proxy_sensitivity	KEGG:C00025	glutamate	GLS	author_mapped_tumor_specimen_NOT_verified_independent_patient	61.0	NA	partial_rank_correlation	0.1260846747863644	-0.1232110030883772	0.3940895248602492	0.3562	0.7429447058823531	ER_MonoEndoFib	171.0	DONE	NA	GSE37751_CAMP_processed	KEGG:C00025|GLS	0.176069622215776	0.1844	0.4637117647058824	0.2675095890410958	-0.0499849474294116	-0.0499849474294116	2.508176151229478	2089042834.0	500.0	pointwise_stratified_specimen_bootstrap;covariate_scores_fixed;independence_unverified
BRCA	CAMP_BRCA1	04_ROBUSTNESS	20260919T151200Z_all117_robustness_v2	all117_robustness_v2	partial_rank_composition_proxy_sensitivity	KEGG:C00025	glutamate	GLS2	author_mapped_tumor_specimen_NOT_verified_independent_patient	61.0	NA	partial_rank_correlation	-0.1829022848286624	-0.4141137891397853	0.0467793169354277	0.1836	0.6415448275862069	ER_PC12	171.0	DONE	NA	GSE37751_CAMP_processed	KEGG:C00025|GLS2	-0.1711409119605062	0.1974	0.4804625	0.125216129032258	-0.011761372868156	0.011761372868156	1.680666914287067	355389151.0	500.0	pointwise_stratified_specimen_bootstrap;covariate_scores_fixed;independence_unverified
BRCA	CAMP_BRCA1	04_ROBUSTNESS	20260919T151200Z_all117_robustness_v2	all117_robustness_v2	partial_rank_composition_proxy_sensitivity	KEGG:C00025	glutamate	GLS2	author_mapped_tumor_specimen_NOT_verified_independent_patient	61.0	NA	partial_rank_correlation	-0.2221826407921487	-0.4717413150198496	0.0533063295440678	0.101	0.53971875	ER_MonoEndoFib	171.0	DONE	NA	GSE37751_CAMP_processed	KEGG:C00025|GLS2	-0.1711409119605062	0.1974	0.4804625	0.125216129032258	-0.0510417288316424	0.0510417288316424	2.508176151229478	1857508094.0	500.0	pointwise_stratified_specimen_bootstrap;covariate_scores_fixed;independence_unverified
BRCA	CAMP_BRCA1	04_ROBUSTNESS	20260919T151200Z_all117_robustness_v2	all117_robustness_v2	partial_rank_composition_proxy_sensitivity	KEGG:C00025	glutamate	GLUL	author_mapped_tumor_specimen_NOT_verified_independent_patient	61.0	NA	partial_rank_correlation	0.0521799623546518	-0.2084709644595355	0.3394705063848905	0.6934	0.8456617021276596	ER_PC12	171.0	DONE	NA	GSE37751_CAMP_processed	KEGG:C00025|GLUL	0.0571613233209296	0.6592	0.8051657142857144	0.899314024390244	-0.0049813609662777	-0.0049813609662777	1.680666914287067	2434620749.0	500.0	pointwise_stratified_specimen_bootstrap;covariate_scores_fixed;independence_unverified
BRCA	CAMP_BRCA1	04_ROBUSTNESS	20260919T151200Z_all117_robustness_v2	all117_robustness_v2	partial_rank_composition_proxy_sensitivity	KEGG:C00025	glutamate	GLUL	author_mapped_tumor_specimen_NOT_verified_independent_patient	61.0	NA	partial_rank_correlation	-0.0074770939019084	-0.3177569048610387	0.2616661548767606	0.9568	0.9704752941176472	ER_MonoEndoFib	171.0	DONE	NA	GSE37751_CAMP_processed	KEGG:C00025|GLUL	0.0571613233209296	0.6592	0.8051657142857144	0.899314024390244	-0.064638417222838	-0.0496842294190211	2.508176151229478	2818179108.0	500.0	pointwise_stratified_specimen_bootstrap;covariate_scores_fixed;independence_unverified
BRCA	CAMP_BRCA1	04_ROBUSTNESS	20260919T151200Z_all117_robustness_v2	all117_robustness_v2	partial_rank_composition_proxy_sensitivity	KEGG:C00025	glutamate	GOT1	author_mapped_tumor_specimen_NOT_verified_independent_patient	61.0	NA	partial_rank_correlation	0.1316121439351839	-0.1397152500829341	0.3729772976280828	0.3362	0.6796758620689655	ER_PC12	171.0	DONE	NA	GSE37751_CAMP_processed	KEGG:C00025|GOT1	0.3100636877625135	0.0224	0.19665	0.0693	-0.1784515438273296	-0.1784515438273296	1.680666914287067	605246984.0	500.0	pointwise_stratified_specimen_bootstrap;covariate_scores_fixed;independence_unverified
BRCA	CAMP_BRCA1	04_ROBUSTNESS	20260919T151200Z_all117_robustness_v2	all117_robustness_v2	partial_rank_composition_proxy_sensitivity	KEGG:C00025	glutamate	GOT1	author_mapped_tumor_specimen_NOT_verified_independent_patient	61.0	NA	partial_rank_correlation	0.1669970709330422	-0.1173473859585137	0.4247245157148056	0.2231	0.6812517857142857	ER_MonoEndoFib	171.0	DONE	NA	GSE37751_CAMP_processed	KEGG:C00025|GOT1	0.3100636877625135	0.0224	0.19665	0.0693	-0.1430666168294714	-0.1430666168294714	2.508176151229478	3828392419.0	500.0	pointwise_stratified_specimen_bootstrap;covariate_scores_fixed;independence_unverified
BRCA	CAMP_BRCA1	04_ROBUSTNESS	20260919T151200Z_all117_robustness_v2	all117_robustness_v2	partial_rank_composition_proxy_sensitivity	KEGG:C00025	glutamate	GOT2	author_mapped_tumor_specimen_NOT_verified_independent_patient	61.0	NA	partial_rank_correlation	0.0936881527851156	-0.2050312892837564	0.3804561707976661	0.4918	0.7933754716981133	ER_PC12	171.0	DONE	NA	GSE37751_CAMP_processed	KEGG:C00025|GOT2	0.2430625522265695	0.07	0.3379978723404255	0.212735593220339	-0.1493743994414539	-0.1493743994414539	1.680666914287067	1029376420.0	500.0	pointwise_stratified_specimen_bootstrap;covariate_scores_fixed;independence_unverified
BRCA	CAMP_BRCA1	04_ROBUSTNESS	20260919T151200Z_all117_robustness_v2	all117_robustness_v2	partial_rank_composition_proxy_sensitivity	KEGG:C00025	glutamate	GOT2	author_mapped_tumor_specimen_NOT_verified_independent_patient	61.0	NA	partial_rank_correlation	0.1362571402105472	-0.1681180174436558	0.3929546453242184	0.3225	0.7429447058823531	ER_MonoEndoFib	171.0	DONE	NA	GSE37751_CAMP_processed	KEGG:C00025|GOT2	0.2430625522265695	0.07	0.3379978723404255	0.212735593220339	-0.1068054120160223	-0.1068054120160223	2.508176151229478	932744808.0	500.0	pointwise_stratified_specimen_bootstrap;covariate_scores_fixed;independence_unverified
BRCA	CAMP_BRCA1	04_ROBUSTNESS	20260919T151200Z_all117_robustness_v2	all117_robustness_v2	partial_rank_composition_proxy_sensitivity	KEGG:C00025	glutamate	OAT	author_mapped_tumor_specimen_NOT_verified_independent_patient	61.0	NA	partial_rank_correlation	-0.1503778011581066	-0.401066902582207	0.1487142740951537	0.2711	0.6765338028169015	ER_PC12	171.0	DONE	NA	GSE37751_CAMP_processed	KEGG:C00025|OAT	-0.1149135673284696	0.3916	0.6258280373831776	0.5552470588235294	-0.035464233829637	0.035464233829637	1.680666914287067	765120055.0	500.0	pointwise_stratified_specimen_bootstrap;covariate_scores_fixed;independence_unverified
BRCA	CAMP_BRCA1	04_ROBUSTNESS	20260919T151200Z_all117_robustness_v2	all117_robustness_v2	partial_rank_composition_proxy_sensitivity	KEGG:C00025	glutamate	OAT	author_mapped_tumor_specimen_NOT_verified_independent_patient	61.0	NA	partial_rank_correlation	-0.1251259599644201	-0.400622815217472	0.159269892598474	0.3624	0.7429447058823531	ER_MonoEndoFib	171.0	DONE	NA	GSE37751_CAMP_processed	KEGG:C00025|OAT	-0.1149135673284696	0.3916	0.6258280373831776	0.5552470588235294	-0.0102123926359505	0.0102123926359505	2.508176151229478	2264287928.0	500.0	pointwise_stratified_specimen_bootstrap;covariate_scores_fixed;independence_unverified
BRCA	CAMP_BRCA1	04_ROBUSTNESS	20260919T151200Z_all117_robustness_v2	all117_robustness_v2	partial_rank_composition_proxy_sensitivity	KEGG:C00025	glutamate	SLC7A11	author_mapped_tumor_specimen_NOT_verified_independent_patient	61.0	NA	partial_rank_correlation	0.1294947041009422	-0.1856825593143936	0.4059824610640464	0.3208	0.6796758620689655	ER_PC12	171.0	DONE	NA	GSE37751_CAMP_processed	KEGG:C00025|SLC7A11	0.2839476239722817	0.0328	0.224352	0.0466363636363636	-0.1544529198713395	-0.1544529198713395	1.680666914287067	125181520.0	500.0	pointwise_stratified_specimen_bootstrap;covariate_scores_fixed;independence_unverified
BRCA	CAMP_BRCA1	04_ROBUSTNESS	20260919T151200Z_all117_robustness_v2	all117_robustness_v2	partial_rank_composition_proxy_sensitivity	KEGG:C00025	glutamate	SLC7A11	author_mapped_tumor_specimen_NOT_verified_independent_patient	61.0	NA	partial_rank_correlation	0.1808330513351983	-0.1129731288207051	0.4211426312545772	0.1787	0.636975	ER_MonoEndoFib	171.0	DONE	NA	GSE37751_CAMP_processed	KEGG:C00025|SLC7A11	0.2839476239722817	0.0328	0.224352	0.0466363636363636	-0.1031145726370834	-0.1031145726370834	2.508176151229478	3715003625.0	500.0	pointwise_stratified_specimen_bootstrap;covariate_scores_fixed;independence_unverified
BRCA	CAMP_BRCA1	04_ROBUSTNESS	20260919T151200Z_all117_robustness_v2	all117_robustness_v2	partial_rank_composition_proxy_sensitivity	KEGG:C00025	glutamate	TAT	author_mapped_tumor_specimen_NOT_verified_independent_patient	61.0	NA	partial_rank_correlation	-0.0492672013827742	-0.3104176173708578	0.1761848031393292	0.706	0.8501830985915493	ER_PC12	171.0	DONE	NA	GSE37751_CAMP_processed	KEGG:C00025|TAT	-0.1403281593427693	0.2811	0.5210999999999999	0.2220241935483871	0.0910609579599951	-0.0910609579599951	1.680666914287067	568049367.0	500.0	pointwise_stratified_specimen_bootstrap;covariate_scores_fixed;independence_unverified
BRCA	CAMP_BRCA1	04_ROBUSTNESS	20260919T151200Z_all117_robustness_v2	all117_robustness_v2	partial_rank_composition_proxy_sensitivity	KEGG:C00025	glutamate	TAT	author_mapped_tumor_specimen_NOT_verified_independent_patient	61.0	NA	partial_rank_correlation	0.0966753588809778	-0.1821987131455257	0.3310821583040196	0.4863	0.8233396039603961	ER_MonoEndoFib	171.0	DONE	NA	GSE37751_CAMP_processed	KEGG:C00025|TAT	-0.1403281593427693	0.2811	0.5210999999999999	0.2220241935483871	0.2370035182237471	-0.0436528004617914	2.508176151229478	1947604210.0	500.0	pointwise_stratified_specimen_bootstrap;covariate_scores_fixed;independence_unverified
BRCA	CAMP_BRCA1	04_ROBUSTNESS	20260919T151200Z_all117_robustness_v2	all117_robustness_v2	partial_rank_composition_proxy_sensitivity	KEGG:C00037	glycine	GSS	author_mapped_tumor_specimen_NOT_verified_independent_patient	61.0	NA	partial_rank_correlation	0.052125179756449	-0.1969951641462868	0.3077135531369941	0.6973	0.8456617021276596	ER_PC12	171.0	DONE	NA	GSE37751_CAMP_processed	KEGG:C00037|GSS	0.121490159808522	0.3536	0.5986693069306931	0.54705	-0.0693649800520729	-0.0693649800520729	1.680666914287067	3212375113.0	500.0	pointwise_stratified_specimen_bootstrap;covariate_scores_fixed;independence_unverified
BRCA	CAMP_BRCA1	04_ROBUSTNESS	20260919T151200Z_all117_robustness_v2	all117_robustness_v2	partial_rank_composition_proxy_sensitivity	KEGG:C00037	glycine	GSS	author_mapped_tumor_specimen_NOT_verified_independent_patient	61.0	NA	partial_rank_correlation	0.0378909530419991	-0.1898387420543785	0.2926930698892059	0.787	0.9382935483870968	ER_MonoEndoFib	171.0	DONE	NA	GSE37751_CAMP_processed	KEGG:C00037|GSS	0.121490159808522	0.3536	0.5986693069306931	0.54705	-0.0835992067665228	-0.0835992067665228	2.508176151229478	1797480999.0	500.0	pointwise_stratified_specimen_bootstrap;covariate_scores_fixed;independence_unverified
BRCA	CAMP_BRCA1	04_ROBUSTNESS	20260919T151200Z_all117_robustness_v2	all117_robustness_v2	partial_rank_composition_proxy_sensitivity	KEGG:C00037	glycine	PEPD	author_mapped_tumor_specimen_NOT_verified_independent_patient	61.0	NA	partial_rank_correlation	0.0650341121907725	-0.2067230026918477	0.3416100924424648	0.6288	0.8163335820895523	ER_PC12	171.0	DONE	NA	GSE37751_CAMP_processed	KEGG:C00037|PEPD	-0.037942943033566	0.7746	0.8704235294117647	0.9604164705882352	0.1029770552243386	0.0270911691572065	1.680666914287067	2225134101.0	500.0	pointwise_stratified_specimen_bootstrap;covariate_scores_fixed;independence_unverified
BRCA	CAMP_BRCA1	04_ROBUSTNESS	20260919T151200Z_all117_robustness_v2	all117_robustness_v2	partial_rank_composition_proxy_sensitivity	KEGG:C00037	glycine	PEPD	author_mapped_tumor_specimen_NOT_verified_independent_patient	61.0	NA	partial_rank_correlation	0.0859908891969189	-0.1964018825910231	0.3463598092922395	0.5255	0.8558142857142856	ER_MonoEndoFib	171.0	DONE	NA	GSE37751_CAMP_processed	KEGG:C00037|PEPD	-0.037942943033566	0.7746	0.8704235294117647	0.9604164705882352	0.1239338322304849	0.0480479461633528	2.508176151229478	4259809304.0	500.0	pointwise_stratified_specimen_bootstrap;covariate_scores_fixed;independence_unverified
BRCA	CAMP_BRCA1	04_ROBUSTNESS	20260919T151200Z_all117_robustness_v2	all117_robustness_v2	partial_rank_composition_proxy_sensitivity	KEGG:C00037	glycine	SHMT1	author_mapped_tumor_specimen_NOT_verified_independent_patient	61.0	NA	partial_rank_correlation	-0.3450629511217478	-0.5389205412146555	-0.0989824720079282	0.0067	0.1636714285714285	ER_PC12	171.0	DONE	NA	GSE37751_CAMP_processed	KEGG:C00037|SHMT1	-0.2980915361623387	0.0242	0.1970571428571428	0.1342090909090909	-0.0469714149594091	0.0469714149594091	1.680666914287067	3837227969.0	500.0	pointwise_stratified_specimen_bootstrap;covariate_scores_fixed;independence_unverified
BRCA	CAMP_BRCA1	04_ROBUSTNESS	20260919T151200Z_all117_robustness_v2	all117_robustness_v2	partial_rank_composition_proxy_sensitivity	KEGG:C00037	glycine	SHMT1	author_mapped_tumor_specimen_NOT_verified_independent_patient	61.0	NA	partial_rank_correlation	-0.2506341761403576	-0.4773853039694707	0.0230131668512177	0.0617	0.4567125000000001	ER_MonoEndoFib	171.0	DONE	NA	GSE37751_CAMP_processed	KEGG:C00037|SHMT1	-0.2980915361623387	0.0242	0.1970571428571428	0.1342090909090909	0.0474573600219809	-0.0474573600219809	2.508176151229478	750847868.0	500.0	pointwise_stratified_specimen_bootstrap;covariate_scores_fixed;independence_unverified
BRCA	CAMP_BRCA1	04_ROBUSTNESS	20260919T151200Z_all117_robustness_v2	all117_robustness_v2	partial_rank_composition_proxy_sensitivity	KEGG:C00037	glycine	SHMT2	author_mapped_tumor_specimen_NOT_verified_independent_patient	61.0	NA	partial_rank_correlation	0.0849204480930016	-0.1799548394033785	0.3277782772726029	0.5286	0.8143297297297296	ER_PC12	171.0	DONE	NA	GSE37751_CAMP_processed	KEGG:C00037|SHMT2	0.1671904953888215	0.2002	0.4804625	0.3290653846153846	-0.0822700472958199	-0.0822700472958199	1.680666914287067	2128806871.0	500.0	pointwise_stratified_specimen_bootstrap;covariate_scores_fixed;independence_unverified
BRCA	CAMP_BRCA1	04_ROBUSTNESS	20260919T151200Z_all117_robustness_v2	all117_robustness_v2	partial_rank_composition_proxy_sensitivity	KEGG:C00037	glycine	SHMT2	author_mapped_tumor_specimen_NOT_verified_independent_patient	61.0	NA	partial_rank_correlation	0.0962831268873325	-0.1433616670681664	0.3354236774813011	0.484	0.8233396039603961	ER_MonoEndoFib	171.0	DONE	NA	GSE37751_CAMP_processed	KEGG:C00037|SHMT2	0.1671904953888215	0.2002	0.4804625	0.3290653846153846	-0.070907368501489	-0.070907368501489	2.508176151229478	1377570993.0	500.0	pointwise_stratified_specimen_bootstrap;covariate_scores_fixed;independence_unverified
BRCA	CAMP_BRCA1	04_ROBUSTNESS	20260919T151200Z_all117_robustness_v2	all117_robustness_v2	partial_rank_composition_proxy_sensitivity	KEGG:C00047	lysine	AASS	author_mapped_tumor_specimen_NOT_verified_independent_patient	61.0	NA	partial_rank_correlation	0.2489010902861999	-0.0137711846559467	0.4637656110225387	0.0581	0.4334478260869565	ER_PC12	171.0	DONE	NA	GSE37751_CAMP_processed	KEGG:C00047|AASS	0.2256744623390937	0.0835	0.3379978723404255	0.0693	0.0232266279471061	0.0232266279471061	1.680666914287067	1623393536.0	500.0	pointwise_stratified_specimen_bootstrap;covariate_scores_fixed;independence_unverified
BRCA	CAMP_BRCA1	04_ROBUSTNESS	20260919T151200Z_all117_robustness_v2	all117_robustness_v2	partial_rank_composition_proxy_sensitivity	KEGG:C00047	lysine	AASS	author_mapped_tumor_specimen_NOT_verified_independent_patient	61.0	NA	partial_rank_correlation	0.2585227690394581	-0.0024269820058185	0.5040061021253937	0.0519	0.452295	ER_MonoEndoFib	171.0	DONE	NA	GSE37751_CAMP_processed	KEGG:C00047|AASS	0.2256744623390937	0.0835	0.3379978723404255	0.0693	0.0328483067003643	0.0328483067003643	2.508176151229478	1724462917.0	500.0	pointwise_stratified_specimen_bootstrap;covariate_scores_fixed;independence_unverified
BRCA	CAMP_BRCA1	04_ROBUSTNESS	20260919T151200Z_all117_robustness_v2	all117_robustness_v2	partial_rank_composition_proxy_sensitivity	KEGG:C00049	aspartate	ASNS	author_mapped_tumor_specimen_NOT_verified_independent_patient	61.0	NA	partial_rank_correlation	-0.0338017771198525	-0.3076458320362707	0.2571548847298747	0.7981	0.8748403846153847	ER_PC12	171.0	DONE	NA	GSE37751_CAMP_processed	KEGG:C00049|ASNS	0.0917335266277562	0.486	0.7008126050420168	0.6893023255813954	-0.1255353037476087	-0.0579317495079036	1.680666914287067	921888489.0	500.0	pointwise_stratified_specimen_bootstrap;covariate_scores_fixed;independence_unverified
BRCA	CAMP_BRCA1	04_ROBUSTNESS	20260919T151200Z_all117_robustness_v2	all117_robustness_v2	partial_rank_composition_proxy_sensitivity	KEGG:C00049	aspartate	ASNS	author_mapped_tumor_specimen_NOT_verified_independent_patient	61.0	NA	partial_rank_correlation	0.0429418419575746	-0.2292942667307809	0.2930014315513073	0.7542	0.9382935483870968	ER_MonoEndoFib	171.0	DONE	NA	GSE37751_CAMP_processed	KEGG:C00049|ASNS	0.0917335266277562	0.486	0.7008126050420168	0.6893023255813954	-0.0487916846701814	-0.0487916846701814	2.508176151229478	2700316885.0	500.0	pointwise_stratified_specimen_bootstrap;covariate_scores_fixed;independence_unverified
BRCA	CAMP_BRCA1	04_ROBUSTNESS	20260919T151200Z_all117_robustness_v2	all117_robustness_v2	partial_rank_composition_proxy_sensitivity	KEGG:C00049	aspartate	ASS1	author_mapped_tumor_specimen_NOT_verified_independent_patient	61.0	NA	partial_rank_correlation	-0.1560049998059763	-0.3590591264060221	0.1096857907373853	0.2485	0.6689727272727273	ER_PC12	171.0	DONE	NA	GSE37751_CAMP_processed	KEGG:C00049|ASS1	-0.1876734742933613	0.1422	0.4201293103448276	0.3768035294117647	0.031668474487385	-0.031668474487385	1.680666914287067	151451988.0	500.0	pointwise_stratified_specimen_bootstrap;covariate_scores_fixed;independence_unverified
BRCA	CAMP_BRCA1	04_ROBUSTNESS	20260919T151200Z_all117_robustness_v2	all117_robustness_v2	partial_rank_composition_proxy_sensitivity	KEGG:C00049	aspartate	ASS1	author_mapped_tumor_specimen_NOT_verified_independent_patient	61.0	NA	partial_rank_correlation	-0.1501365584119081	-0.3583500299172714	0.0853391799894654	0.2588	0.73758	ER_MonoEndoFib	171.0	DONE	NA	GSE37751_CAMP_processed	KEGG:C00049|ASS1	-0.1876734742933613	0.1422	0.4201293103448276	0.3768035294117647	0.0375369158814532	-0.0375369158814532	2.508176151229478	700584048.0	500.0	pointwise_stratified_specimen_bootstrap;covariate_scores_fixed;independence_unverified
BRCA	CAMP_BRCA1	04_ROBUSTNESS	20260919T151200Z_all117_robustness_v2	all117_robustness_v2	partial_rank_composition_proxy_sensitivity	KEGG:C00049	aspartate	GOT1	author_mapped_tumor_specimen_NOT_verified_independent_patient	61.0	NA	partial_rank_correlation	0.03987584778952	-0.2876594574737334	0.3095087237311022	0.7639	0.8700882352941176	ER_PC12	171.0	DONE	NA	GSE37751_CAMP_processed	KEGG:C00049|GOT1	0.1826195374881001	0.1628	0.43498125	0.3675444444444444	-0.14274368969858	-0.14274368969858	1.680666914287067	659998850.0	500.0	pointwise_stratified_specimen_bootstrap;covariate_scores_fixed;independence_unverified
BRCA	CAMP_BRCA1	04_ROBUSTNESS	20260919T151200Z_all117_robustness_v2	all117_robustness_v2	partial_rank_composition_proxy_sensitivity	KEGG:C00049	aspartate	GOT1	author_mapped_tumor_specimen_NOT_verified_independent_patient	61.0	NA	partial_rank_correlation	0.0653761727177412	-0.186144693139852	0.3532262482285822	0.6194	0.9210208695652172	ER_MonoEndoFib	171.0	DONE	NA	GSE37751_CAMP_processed	KEGG:C00049|GOT1	0.1826195374881001	0.1628	0.43498125	0.3675444444444444	-0.1172433647703588	-0.1172433647703588	2.508176151229478	63782449.0	500.0	pointwise_stratified_specimen_bootstrap;covariate_scores_fixed;independence_unverified
BRCA	CAMP_BRCA1	04_ROBUSTNESS	20260919T151200Z_all117_robustness_v2	all117_robustness_v2	partial_rank_composition_proxy_sensitivity	KEGG:C00049	aspartate	GOT2	author_mapped_tumor_specimen_NOT_verified_independent_patient	61.0	NA	partial_rank_correlation	0.2440495030437574	-0.0015456858734391	0.5108364836248979	0.0655	0.4666875	ER_PC12	171.0	DONE	NA	GSE37751_CAMP_processed	KEGG:C00049|GOT2	0.3359330402304327	0.0083	0.109176923076923	0.0800590909090909	-0.0918835371866752	-0.0918835371866752	1.680666914287067	2617583788.0	500.0	pointwise_stratified_specimen_bootstrap;covariate_scores_fixed;independence_unverified
BRCA	CAMP_BRCA1	04_ROBUSTNESS	20260919T151200Z_all117_robustness_v2	all117_robustness_v2	partial_rank_composition_proxy_sensitivity	KEGG:C00049	aspartate	GOT2	author_mapped_tumor_specimen_NOT_verified_independent_patient	61.0	NA	partial_rank_correlation	0.2815228727933334	-0.0030347039872233	0.5112878142820444	0.0366	0.4470428571428572	ER_MonoEndoFib	171.0	DONE	NA	GSE37751_CAMP_processed	KEGG:C00049|GOT2	0.3359330402304327	0.0083	0.109176923076923	0.0800590909090909	-0.0544101674370993	-0.0544101674370993	2.508176151229478	3723267817.0	500.0	pointwise_stratified_specimen_bootstrap;covariate_scores_fixed;independence_unverified
BRCA	CAMP_BRCA1	04_ROBUSTNESS	20260919T151200Z_all117_robustness_v2	all117_robustness_v2	partial_rank_composition_proxy_sensitivity	KEGG:C00051	glutathione, reduced (GSH)	GSR	author_mapped_tumor_specimen_NOT_verified_independent_patient	43.0	NA	partial_rank_correlation	-0.0428186677934074	-0.4046013462347055	0.3158243346137541	0.7939	0.8748403846153847	ER_PC12	171.0	DONE	NA	GSE37751_CAMP_processed	KEGG:C00051|GSR	-0.0246166745276904	0.8743	0.9286043478260868	0.8839384615384615	-0.0182019932657169	0.0182019932657169	1.882137832692444	3856860986.0	500.0	pointwise_stratified_specimen_bootstrap;covariate_scores_fixed;independence_unverified
BRCA	CAMP_BRCA1	04_ROBUSTNESS	20260919T151200Z_all117_robustness_v2	all117_robustness_v2	partial_rank_composition_proxy_sensitivity	KEGG:C00051	glutathione, reduced (GSH)	GSR	author_mapped_tumor_specimen_NOT_verified_independent_patient	43.0	NA	partial_rank_correlation	-0.0419021904488097	-0.3810364005121456	0.3116391260193841	0.8003	0.9382935483870968	ER_MonoEndoFib	171.0	DONE	NA	GSE37751_CAMP_processed	KEGG:C00051|GSR	-0.0246166745276904	0.8743	0.9286043478260868	0.8839384615384615	-0.0172855159211192	0.0172855159211192	2.4597730282148342	949338693.0	500.0	pointwise_stratified_specimen_bootstrap;covariate_scores_fixed;independence_unverified
BRCA	CAMP_BRCA1	04_ROBUSTNESS	20260919T151200Z_all117_robustness_v2	all117_robustness_v2	partial_rank_composition_proxy_sensitivity	KEGG:C00051	glutathione, reduced (GSH)	GSS	author_mapped_tumor_specimen_NOT_verified_independent_patient	43.0	NA	partial_rank_correlation	-0.2025005478877481	-0.48999001570932	0.1328383160739984	0.2176	0.6415448275862069	ER_PC12	171.0	DONE	NA	GSE37751_CAMP_processed	KEGG:C00051|GSS	-0.1227462827065006	0.4399	0.6776837837837838	0.4087087912087912	-0.0797542651812474	0.0797542651812474	1.882137832692444	2262666573.0	500.0	pointwise_stratified_specimen_bootstrap;covariate_scores_fixed;independence_unverified
BRCA	CAMP_BRCA1	04_ROBUSTNESS	20260919T151200Z_all117_robustness_v2	all117_robustness_v2	partial_rank_composition_proxy_sensitivity	KEGG:C00051	glutathione, reduced (GSH)	GSS	author_mapped_tumor_specimen_NOT_verified_independent_patient	43.0	NA	partial_rank_correlation	-0.2257638102441481	-0.4781295905647541	0.0937925137729852	0.1785	0.636975	ER_MonoEndoFib	171.0	DONE	NA	GSE37751_CAMP_processed	KEGG:C00051|GSS	-0.1227462827065006	0.4399	0.6776837837837838	0.4087087912087912	-0.1030175275376474	0.1030175275376474	2.4597730282148342	2257424619.0	500.0	pointwise_stratified_specimen_bootstrap;covariate_scores_fixed;independence_unverified
BRCA	CAMP_BRCA1	04_ROBUSTNESS	20260919T151200Z_all117_robustness_v2	all117_robustness_v2	partial_rank_composition_proxy_sensitivity	KEGG:C00055	cytidine 5'-monophosphate (5'-CMP)	CEPT1	author_mapped_tumor_specimen_NOT_verified_independent_patient	42.0	NA	partial_rank_correlation	0.0426531686449393	-0.2349690202213041	0.3576049041354327	0.791	0.8748403846153847	ER_PC12	171.0	DONE	NA	GSE37751_CAMP_processed	KEGG:C00055|CEPT1	0.1013430614992452	0.5304	0.731196	0.20270625	-0.058689892854306	-0.058689892854306	1.7379044937296384	2843097613.0	500.0	pointwise_stratified_specimen_bootstrap;covariate_scores_fixed;independence_unverified
BRCA	CAMP_BRCA1	04_ROBUSTNESS	20260919T151200Z_all117_robustness_v2	all117_robustness_v2	partial_rank_composition_proxy_sensitivity	KEGG:C00055	cytidine 5'-monophosphate (5'-CMP)	CEPT1	author_mapped_tumor_specimen_NOT_verified_independent_patient	42.0	NA	partial_rank_correlation	0.0605417640040199	-0.2446061605249961	0.3750628642929012	0.7231	0.9297	ER_MonoEndoFib	171.0	DONE	NA	GSE37751_CAMP_processed	KEGG:C00055|CEPT1	0.1013430614992452	0.5304	0.731196	0.20270625	-0.0408012974952254	-0.0408012974952254	2.676718170738132	1473917287.0	500.0	pointwise_stratified_specimen_bootstrap;covariate_scores_fixed;independence_unverified
BRCA	CAMP_BRCA1	04_ROBUSTNESS	20260919T151200Z_all117_robustness_v2	all117_robustness_v2	partial_rank_composition_proxy_sensitivity	KEGG:C00055	cytidine 5'-monophosphate (5'-CMP)	CHPT1	author_mapped_tumor_specimen_NOT_verified_independent_patient	42.0	NA	partial_rank_correlation	-0.0893854888501382	-0.3756274107238649	0.2260523197244631	0.5913	0.8163335820895523	ER_PC12	171.0	DONE	NA	GSE37751_CAMP_processed	KEGG:C00055|CHPT1	-0.055440966010584	0.7288	0.8594813793103449	0.6208403225806451	-0.0339445228395542	0.0339445228395542	1.7379044937296384	638268617.0	500.0	pointwise_stratified_specimen_bootstrap;covariate_scores_fixed;independence_unverified
BRCA	CAMP_BRCA1	04_ROBUSTNESS	20260919T151200Z_all117_robustness_v2	all117_robustness_v2	partial_rank_composition_proxy_sensitivity	KEGG:C00055	cytidine 5'-monophosphate (5'-CMP)	CHPT1	author_mapped_tumor_specimen_NOT_verified_independent_patient	42.0	NA	partial_rank_correlation	-0.0835526826319964	-0.3945990742574883	0.2139445954073643	0.6126	0.9210208695652172	ER_MonoEndoFib	171.0	DONE	NA	GSE37751_CAMP_processed	KEGG:C00055|CHPT1	-0.055440966010584	0.7288	0.8594813793103449	0.6208403225806451	-0.0281117166214124	0.0281117166214124	2.676718170738132	2116293545.0	500.0	pointwise_stratified_specimen_bootstrap;covariate_scores_fixed;independence_unverified
BRCA	CAMP_BRCA1	04_ROBUSTNESS	20260919T151200Z_all117_robustness_v2	all117_robustness_v2	partial_rank_composition_proxy_sensitivity	KEGG:C00055	cytidine 5'-monophosphate (5'-CMP)	CMPK1	author_mapped_tumor_specimen_NOT_verified_independent_patient	42.0	NA	partial_rank_correlation	-0.1419970204655161	-0.4358176450893004	0.2432556220257423	0.4018	0.72558	ER_PC12	171.0	DONE	NA	GSE37751_CAMP_processed	KEGG:C00055|CMPK1	-0.1883408525111597	0.2496	0.5021364705882353	0.7550211678832117	0.0463438320456436	-0.0463438320456436	1.7379044937296384	1300614547.0	500.0	pointwise_stratified_specimen_bootstrap;covariate_scores_fixed;independence_unverified
BRCA	CAMP_BRCA1	04_ROBUSTNESS	20260919T151200Z_all117_robustness_v2	all117_robustness_v2	partial_rank_composition_proxy_sensitivity	KEGG:C00055	cytidine 5'-monophosphate (5'-CMP)	CMPK1	author_mapped_tumor_specimen_NOT_verified_independent_patient	42.0	NA	partial_rank_correlation	-0.1426533273470943	-0.4544532084101335	0.1881654639087359	0.4209	0.7739129032258064	ER_MonoEndoFib	171.0	DONE	NA	GSE37751_CAMP_processed	KEGG:C00055|CMPK1	-0.1883408525111597	0.2496	0.5021364705882353	0.7550211678832117	0.0456875251640653	-0.0456875251640653	2.676718170738132	2732159621.0	500.0	pointwise_stratified_specimen_bootstrap;covariate_scores_fixed;independence_unverified
BRCA	CAMP_BRCA1	04_ROBUSTNESS	20260919T151200Z_all117_robustness_v2	all117_robustness_v2	partial_rank_composition_proxy_sensitivity	KEGG:C00055	cytidine 5'-monophosphate (5'-CMP)	CMPK2	author_mapped_tumor_specimen_NOT_verified_independent_patient	42.0	NA	partial_rank_correlation	0.0008054175659411	-0.3411796714932352	0.2901559667178709	0.9963	0.9963	ER_PC12	171.0	DONE	NA	GSE37751_CAMP_processed	KEGG:C00055|CMPK2	0.0400750806667686	0.8104	0.8795677215189873	0.899314024390244	-0.0392696631008275	-0.0392696631008275	1.7379044937296384	1924892254.0	500.0	pointwise_stratified_specimen_bootstrap;covariate_scores_fixed;independence_unverified
BRCA	CAMP_BRCA1	04_ROBUSTNESS	20260919T151200Z_all117_robustness_v2	all117_robustness_v2	partial_rank_composition_proxy_sensitivity	KEGG:C00055	cytidine 5'-monophosphate (5'-CMP)	CMPK2	author_mapped_tumor_specimen_NOT_verified_independent_patient	42.0	NA	partial_rank_correlation	0.0080572016516741	-0.3125052176721217	0.3635394943845259	0.9622	0.9704752941176472	ER_MonoEndoFib	171.0	DONE	NA	GSE37751_CAMP_processed	KEGG:C00055|CMPK2	0.0400750806667686	0.8104	0.8795677215189873	0.899314024390244	-0.0320178790150944	-0.0320178790150944	2.676718170738132	2505629289.0	500.0	pointwise_stratified_specimen_bootstrap;covariate_scores_fixed;independence_unverified
BRCA	CAMP_BRCA1	04_ROBUSTNESS	20260919T151200Z_all117_robustness_v2	all117_robustness_v2	partial_rank_composition_proxy_sensitivity	KEGG:C00062	arginine	ARG1	author_mapped_tumor_specimen_NOT_verified_independent_patient	61.0	NA	partial_rank_correlation	-0.129635131759931	-0.3893996766931443	0.1417532276801205	0.3333	0.6796758620689655	ER_PC12	171.0	DONE	NA	GSE37751_CAMP_processed	KEGG:C00062|ARG1	-0.1310992836131721	0.3134	0.55824375	0.5552470588235294	0.0014641518532411	-0.0014641518532411	1.680666914287067	343438299.0	500.0	pointwise_stratified_specimen_bootstrap;covariate_scores_fixed;independence_unverified
BRCA	CAMP_BRCA1	04_ROBUSTNESS	20260919T151200Z_all117_robustness_v2	all117_robustness_v2	partial_rank_composition_proxy_sensitivity	KEGG:C00062	arginine	ARG1	author_mapped_tumor_specimen_NOT_verified_independent_patient	61.0	NA	partial_rank_correlation	-0.1126685452988616	-0.4172815486966626	0.1646480355523935	0.4058	0.7625472527472527	ER_MonoEndoFib	171.0	DONE	NA	GSE37751_CAMP_processed	KEGG:C00062|ARG1	-0.1310992836131721	0.3134	0.55824375	0.5552470588235294	0.0184307383143105	-0.0184307383143105	2.508176151229478	594801199.0	500.0	pointwise_stratified_specimen_bootstrap;covariate_scores_fixed;independence_unverified
BRCA	CAMP_BRCA1	04_ROBUSTNESS	20260919T151200Z_all117_robustness_v2	all117_robustness_v2	partial_rank_composition_proxy_sensitivity	KEGG:C00062	arginine	ARG2	author_mapped_tumor_specimen_NOT_verified_independent_patient	61.0	NA	partial_rank_correlation	-0.1432018387930038	-0.3842561607252139	0.12408544606841	0.2786	0.6765338028169015	ER_PC12	171.0	DONE	NA	GSE37751_CAMP_processed	KEGG:C00062|ARG2	-0.220943611205517	0.0903	0.3379978723404255	0.1853162790697674	0.0777417724125131	-0.0777417724125131	1.680666914287067	300461290.0	500.0	pointwise_stratified_specimen_bootstrap;covariate_scores_fixed;independence_unverified
BRCA	CAMP_BRCA1	04_ROBUSTNESS	20260919T151200Z_all117_robustness_v2	all117_robustness_v2	partial_rank_composition_proxy_sensitivity	KEGG:C00062	arginine	ARG2	author_mapped_tumor_specimen_NOT_verified_independent_patient	61.0	NA	partial_rank_correlation	-0.1344878986785745	-0.3809169958138289	0.1371599715176744	0.3101	0.7429447058823531	ER_MonoEndoFib	171.0	DONE	NA	GSE37751_CAMP_processed	KEGG:C00062|ARG2	-0.220943611205517	0.0903	0.3379978723404255	0.1853162790697674	0.0864557125269424	-0.0864557125269424	2.508176151229478	2129771138.0	500.0	pointwise_stratified_specimen_bootstrap;covariate_scores_fixed;independence_unverified
BRCA	CAMP_BRCA1	04_ROBUSTNESS	20260919T151200Z_all117_robustness_v2	all117_robustness_v2	partial_rank_composition_proxy_sensitivity	KEGG:C00064	glutamine	ASNS	author_mapped_tumor_specimen_NOT_verified_independent_patient	61.0	NA	partial_rank_correlation	-0.2272883829107433	-0.469214300590576	0.0070187112649772	0.0912	0.5198400000000001	ER_PC12	171.0	DONE	NA	GSE37751_CAMP_processed	KEGG:C00064|ASNS	-0.3948321624319598	0.0019	0.0534375	0.01995	0.1675437795212164	-0.1675437795212164	1.680666914287067	487316190.0	500.0	pointwise_stratified_specimen_bootstrap;covariate_scores_fixed;independence_unverified
BRCA	CAMP_BRCA1	04_ROBUSTNESS	20260919T151200Z_all117_robustness_v2	all117_robustness_v2	partial_rank_composition_proxy_sensitivity	KEGG:C00064	glutamine	ASNS	author_mapped_tumor_specimen_NOT_verified_independent_patient	61.0	NA	partial_rank_correlation	-0.3228805368862193	-0.5345296521155617	-0.0788639225833432	0.0108	0.2931428571428571	ER_MonoEndoFib	171.0	DONE	NA	GSE37751_CAMP_processed	KEGG:C00064|ASNS	-0.3948321624319598	0.0019	0.0534375	0.01995	0.0719516255457404	-0.0719516255457404	2.508176151229478	2752911068.0	500.0	pointwise_stratified_specimen_bootstrap;covariate_scores_fixed;independence_unverified
BRCA	CAMP_BRCA1	04_ROBUSTNESS	20260919T151200Z_all117_robustness_v2	all117_robustness_v2	partial_rank_composition_proxy_sensitivity	KEGG:C00064	glutamine	GLS	author_mapped_tumor_specimen_NOT_verified_independent_patient	61.0	NA	partial_rank_correlation	-0.260330009664753	-0.4848988083981029	-0.0202819919597516	0.0445	0.4317750000000001	ER_PC12	171.0	DONE	NA	GSE37751_CAMP_processed	KEGG:C00064|GLS	-0.1845530081486582	0.1617	0.43498125	0.2592260869565218	-0.0757770015160947	0.0757770015160947	1.680666914287067	4010476671.0	500.0	pointwise_stratified_specimen_bootstrap;covariate_scores_fixed;independence_unverified
BRCA	CAMP_BRCA1	04_ROBUSTNESS	20260919T151200Z_all117_robustness_v2	all117_robustness_v2	partial_rank_composition_proxy_sensitivity	KEGG:C00064	glutamine	GLS	author_mapped_tumor_specimen_NOT_verified_independent_patient	61.0	NA	partial_rank_correlation	-0.2782498099293078	-0.4994420218873575	-0.0358912302187283	0.0296	0.43035	ER_MonoEndoFib	171.0	DONE	NA	GSE37751_CAMP_processed	KEGG:C00064|GLS	-0.1845530081486582	0.1617	0.43498125	0.2592260869565218	-0.0936968017806496	0.0936968017806496	2.508176151229478	3742706667.0	500.0	pointwise_stratified_specimen_bootstrap;covariate_scores_fixed;independence_unverified
BRCA	CAMP_BRCA1	04_ROBUSTNESS	20260919T151200Z_all117_robustness_v2	all117_robustness_v2	partial_rank_composition_proxy_sensitivity	KEGG:C00064	glutamine	GLS2	author_mapped_tumor_specimen_NOT_verified_independent_patient	61.0	NA	partial_rank_correlation	0.1670213103714615	-0.0649976087894683	0.3973004156133405	0.2006	0.6415448275862069	ER_PC12	171.0	DONE	NA	GSE37751_CAMP_processed	KEGG:C00064|GLS2	0.1273648034371768	0.331	0.5835154639175257	0.212735593220339	0.0396565069342846	0.0396565069342846	1.680666914287067	801081611.0	500.0	pointwise_stratified_specimen_bootstrap;covariate_scores_fixed;independence_unverified
BRCA	CAMP_BRCA1	04_ROBUSTNESS	20260919T151200Z_all117_robustness_v2	all117_robustness_v2	partial_rank_composition_proxy_sensitivity	KEGG:C00064	glutamine	GLS2	author_mapped_tumor_specimen_NOT_verified_independent_patient	61.0	NA	partial_rank_correlation	0.1235677770879736	-0.1675099123428146	0.380324745263018	0.3462	0.7429447058823531	ER_MonoEndoFib	171.0	DONE	NA	GSE37751_CAMP_processed	KEGG:C00064|GLS2	0.1273648034371768	0.331	0.5835154639175257	0.212735593220339	-0.0037970263492032	-0.0037970263492032	2.508176151229478	231407413.0	500.0	pointwise_stratified_specimen_bootstrap;covariate_scores_fixed;independence_unverified
BRCA	CAMP_BRCA1	04_ROBUSTNESS	20260919T151200Z_all117_robustness_v2	all117_robustness_v2	partial_rank_composition_proxy_sensitivity	KEGG:C00064	glutamine	GLUL	author_mapped_tumor_specimen_NOT_verified_independent_patient	61.0	NA	partial_rank_correlation	-0.09094710645629	-0.3557783916513273	0.1971153825252927	0.5002	0.796797247706422	ER_PC12	171.0	DONE	NA	GSE37751_CAMP_processed	KEGG:C00064|GLUL	-0.0731824557185625	0.5751	0.7394142857142856	0.8626775510204082	-0.0177646507377275	0.0177646507377275	1.680666914287067	3981875705.0	500.0	pointwise_stratified_specimen_bootstrap;covariate_scores_fixed;independence_unverified
BRCA	CAMP_BRCA1	04_ROBUSTNESS	20260919T151200Z_all117_robustness_v2	all117_robustness_v2	partial_rank_composition_proxy_sensitivity	KEGG:C00064	glutamine	GLUL	author_mapped_tumor_specimen_NOT_verified_independent_patient	61.0	NA	partial_rank_correlation	-0.0514228073902586	-0.3123320578711033	0.2119611721582067	0.7143	0.9297	ER_MonoEndoFib	171.0	DONE	NA	GSE37751_CAMP_processed	KEGG:C00064|GLUL	-0.0731824557185625	0.5751	0.7394142857142856	0.8626775510204082	0.0217596483283038	-0.0217596483283038	2.508176151229478	1544150251.0	500.0	pointwise_stratified_specimen_bootstrap;covariate_scores_fixed;independence_unverified
BRCA	CAMP_BRCA1	04_ROBUSTNESS	20260919T151200Z_all117_robustness_v2	all117_robustness_v2	partial_rank_composition_proxy_sensitivity	KEGG:C00065	serine	SHMT1	author_mapped_tumor_specimen_NOT_verified_independent_patient	61.0	NA	partial_rank_correlation	-0.1927315274817942	-0.4416214618863161	0.0801702493006609	0.1472	0.5941255813953489	ER_PC12	171.0	DONE	NA	GSE37751_CAMP_processed	KEGG:C00065|SHMT1	-0.1539941933155276	0.2408	0.4961060240963855	0.40451	-0.0387373341662667	0.0387373341662667	1.680666914287067	3990053212.0	500.0	pointwise_stratified_specimen_bootstrap;covariate_scores_fixed;independence_unverified
BRCA	CAMP_BRCA1	04_ROBUSTNESS	20260919T151200Z_all117_robustness_v2	all117_robustness_v2	partial_rank_composition_proxy_sensitivity	KEGG:C00065	serine	SHMT1	author_mapped_tumor_specimen_NOT_verified_independent_patient	61.0	NA	partial_rank_correlation	-0.161512119799659	-0.3946768616727064	0.1301970797297664	0.2188	0.6812517857142857	ER_MonoEndoFib	171.0	DONE	NA	GSE37751_CAMP_processed	KEGG:C00065|SHMT1	-0.1539941933155276	0.2408	0.4961060240963855	0.40451	-0.0075179264841315	0.0075179264841315	2.508176151229478	66360163.0	500.0	pointwise_stratified_specimen_bootstrap;covariate_scores_fixed;independence_unverified
BRCA	CAMP_BRCA1	04_ROBUSTNESS	20260919T151200Z_all117_robustness_v2	all117_robustness_v2	partial_rank_composition_proxy_sensitivity	KEGG:C00065	serine	SHMT2	author_mapped_tumor_specimen_NOT_verified_independent_patient	61.0	NA	partial_rank_correlation	0.0143170617990405	-0.255469140096879	0.2952072162211062	0.9137	0.9526993902439024	ER_PC12	171.0	DONE	NA	GSE37751_CAMP_processed	KEGG:C00065|SHMT2	0.0385451023526968	0.7613	0.8704235294117647	0.5742516393442623	-0.0242280405536562	-0.0242280405536562	1.680666914287067	2976141037.0	500.0	pointwise_stratified_specimen_bootstrap;covariate_scores_fixed;independence_unverified
BRCA	CAMP_BRCA1	04_ROBUSTNESS	20260919T151200Z_all117_robustness_v2	all117_robustness_v2	partial_rank_composition_proxy_sensitivity	KEGG:C00065	serine	SHMT2	author_mapped_tumor_specimen_NOT_verified_independent_patient	61.0	NA	partial_rank_correlation	0.0640221706107508	-0.2027153491095887	0.315188659652526	0.6172	0.9210208695652172	ER_MonoEndoFib	171.0	DONE	NA	GSE37751_CAMP_processed	KEGG:C00065|SHMT2	0.0385451023526968	0.7613	0.8704235294117647	0.5742516393442623	0.025477068258054	0.025477068258054	2.508176151229478	4115329294.0	500.0	pointwise_stratified_specimen_bootstrap;covariate_scores_fixed;independence_unverified
BRCA	CAMP_BRCA1	04_ROBUSTNESS	20260919T151200Z_all117_robustness_v2	all117_robustness_v2	partial_rank_composition_proxy_sensitivity	KEGG:C00073	methionine	MAT1A	author_mapped_tumor_specimen_NOT_verified_independent_patient	61.0	NA	partial_rank_correlation	-0.0557216224308374	-0.3557367422989733	0.2250778742067389	0.6702	0.8455138686131387	ER_PC12	171.0	DONE	NA	GSE37751_CAMP_processed	KEGG:C00073|MAT1A	-0.085243018813091	0.5103	0.7211677685950413	0.7798821428571429	0.0295213963822535	-0.0295213963822535	1.680666914287067	558409175.0	500.0	pointwise_stratified_specimen_bootstrap;covariate_scores_fixed;independence_unverified
BRCA	CAMP_BRCA1	04_ROBUSTNESS	20260919T151200Z_all117_robustness_v2	all117_robustness_v2	partial_rank_composition_proxy_sensitivity	KEGG:C00073	methionine	MAT1A	author_mapped_tumor_specimen_NOT_verified_independent_patient	61.0	NA	partial_rank_correlation	0.0117940690930217	-0.2705054072712899	0.3249142560746622	0.9262	0.9540975903614458	ER_MonoEndoFib	171.0	DONE	NA	GSE37751_CAMP_processed	KEGG:C00073|MAT1A	-0.085243018813091	0.5103	0.7211677685950413	0.7798821428571429	0.0970370879061127	-0.0734489497200693	2.508176151229478	3610750490.0	500.0	pointwise_stratified_specimen_bootstrap;covariate_scores_fixed;independence_unverified
BRCA	CAMP_BRCA1	04_ROBUSTNESS	20260919T151200Z_all117_robustness_v2	all117_robustness_v2	partial_rank_composition_proxy_sensitivity	KEGG:C00073	methionine	MAT2A	author_mapped_tumor_specimen_NOT_verified_independent_patient	61.0	NA	partial_rank_correlation	-0.1665501324705373	-0.401031656823147	0.1021705317600707	0.2141	0.6415448275862069	ER_PC12	171.0	DONE	NA	GSE37751_CAMP_processed	KEGG:C00073|MAT2A	-0.1755486077414084	0.174	0.4508181818181818	0.4857795918367346	0.008998475270871	-0.008998475270871	1.680666914287067	4014885922.0	500.0	pointwise_stratified_specimen_bootstrap;covariate_scores_fixed;independence_unverified
BRCA	CAMP_BRCA1	04_ROBUSTNESS	20260919T151200Z_all117_robustness_v2	all117_robustness_v2	partial_rank_composition_proxy_sensitivity	KEGG:C00073	methionine	MAT2A	author_mapped_tumor_specimen_NOT_verified_independent_patient	61.0	NA	partial_rank_correlation	-0.1828031217752557	-0.4410845479180261	0.1230303117478898	0.1699	0.636975	ER_MonoEndoFib	171.0	DONE	NA	GSE37751_CAMP_processed	KEGG:C00073|MAT2A	-0.1755486077414084	0.174	0.4508181818181818	0.4857795918367346	-0.0072545140338473	0.0072545140338473	2.508176151229478	1268195456.0	500.0	pointwise_stratified_specimen_bootstrap;covariate_scores_fixed;independence_unverified
BRCA	CAMP_BRCA1	04_ROBUSTNESS	20260919T151200Z_all117_robustness_v2	all117_robustness_v2	partial_rank_composition_proxy_sensitivity	KEGG:C00077	ornithine	ARG1	author_mapped_tumor_specimen_NOT_verified_independent_patient	61.0	NA	partial_rank_correlation	-0.2716931938478715	-0.5270129812589864	-0.0125873160326928	0.0418	0.4317750000000001	ER_PC12	171.0	DONE	NA	GSE37751_CAMP_processed	KEGG:C00077|ARG1	-0.2681057211758422	0.0414	0.2528357142857143	0.15705	-0.0035874726720293	0.0035874726720293	1.680666914287067	3244747231.0	500.0	pointwise_stratified_specimen_bootstrap;covariate_scores_fixed;independence_unverified
BRCA	CAMP_BRCA1	04_ROBUSTNESS	20260919T151200Z_all117_robustness_v2	all117_robustness_v2	partial_rank_composition_proxy_sensitivity	KEGG:C00077	ornithine	ARG1	author_mapped_tumor_specimen_NOT_verified_independent_patient	61.0	NA	partial_rank_correlation	-0.2838491133579551	-0.5257391636755264	-0.0139037086915747	0.0353	0.4470428571428572	ER_MonoEndoFib	171.0	DONE	NA	GSE37751_CAMP_processed	KEGG:C00077|ARG1	-0.2681057211758422	0.0414	0.2528357142857143	0.15705	-0.0157433921821128	0.0157433921821128	2.508176151229478	4128345906.0	500.0	pointwise_stratified_specimen_bootstrap;covariate_scores_fixed;independence_unverified
BRCA	CAMP_BRCA1	04_ROBUSTNESS	20260919T151200Z_all117_robustness_v2	all117_robustness_v2	partial_rank_composition_proxy_sensitivity	KEGG:C00077	ornithine	ARG2	author_mapped_tumor_specimen_NOT_verified_independent_patient	61.0	NA	partial_rank_correlation	0.1398585656421495	-0.111747348904148	0.4076656184720821	0.291	0.6796758620689655	ER_PC12	171.0	DONE	NA	GSE37751_CAMP_processed	KEGG:C00077|ARG2	0.1943168071183287	0.1292	0.4091333333333334	0.2667124999999999	-0.0544582414761791	-0.0544582414761791	1.680666914287067	1541930565.0	500.0	pointwise_stratified_specimen_bootstrap;covariate_scores_fixed;independence_unverified
BRCA	CAMP_BRCA1	04_ROBUSTNESS	20260919T151200Z_all117_robustness_v2	all117_robustness_v2	partial_rank_composition_proxy_sensitivity	KEGG:C00077	ornithine	ARG2	author_mapped_tumor_specimen_NOT_verified_independent_patient	61.0	NA	partial_rank_correlation	0.1747565567284588	-0.0659481479858177	0.4195473113773152	0.1903	0.6624540000000001	ER_MonoEndoFib	171.0	DONE	NA	GSE37751_CAMP_processed	KEGG:C00077|ARG2	0.1943168071183287	0.1292	0.4091333333333334	0.2667124999999999	-0.0195602503898698	-0.0195602503898698	2.508176151229478	1281506317.0	500.0	pointwise_stratified_specimen_bootstrap;covariate_scores_fixed;independence_unverified
BRCA	CAMP_BRCA1	04_ROBUSTNESS	20260919T151200Z_all117_robustness_v2	all117_robustness_v2	partial_rank_composition_proxy_sensitivity	KEGG:C00077	ornithine	OAT	author_mapped_tumor_specimen_NOT_verified_independent_patient	61.0	NA	partial_rank_correlation	-0.0662037399272701	-0.2845333960396987	0.2048761637456556	0.6244	0.8163335820895523	ER_PC12	171.0	DONE	NA	GSE37751_CAMP_processed	KEGG:C00077|OAT	-0.0384201291188462	0.7708	0.8704235294117647	0.8638331125827815	-0.027783610808424	0.027783610808424	1.680666914287067	3342610802.0	500.0	pointwise_stratified_specimen_bootstrap;covariate_scores_fixed;independence_unverified
BRCA	CAMP_BRCA1	04_ROBUSTNESS	20260919T151200Z_all117_robustness_v2	all117_robustness_v2	partial_rank_composition_proxy_sensitivity	KEGG:C00077	ornithine	OAT	author_mapped_tumor_specimen_NOT_verified_independent_patient	61.0	NA	partial_rank_correlation	-0.0608117961878484	-0.2976923137865119	0.1783203817488606	0.656	0.9297	ER_MonoEndoFib	171.0	DONE	NA	GSE37751_CAMP_processed	KEGG:C00077|OAT	-0.0384201291188462	0.7708	0.8704235294117647	0.8638331125827815	-0.0223916670690022	0.0223916670690022	2.508176151229478	408645087.0	500.0	pointwise_stratified_specimen_bootstrap;covariate_scores_fixed;independence_unverified
BRCA	CAMP_BRCA1	04_ROBUSTNESS	20260919T151200Z_all117_robustness_v2	all117_robustness_v2	partial_rank_composition_proxy_sensitivity	KEGG:C00077	ornithine	ODC1	author_mapped_tumor_specimen_NOT_verified_independent_patient	61.0	NA	partial_rank_correlation	0.3018307545272461	0.0345141110235544	0.5301593956646483	0.0221	0.314925	ER_PC12	171.0	DONE	NA	GSE37751_CAMP_processed	KEGG:C00077|ODC1	0.1917539392901137	0.142	0.4201293103448276	0.2554791044776119	0.1100768152371323	0.1100768152371323	1.680666914287067	2573711485.0	500.0	pointwise_stratified_specimen_bootstrap;covariate_scores_fixed;independence_unverified
BRCA	CAMP_BRCA1	04_ROBUSTNESS	20260919T151200Z_all117_robustness_v2	all117_robustness_v2	partial_rank_composition_proxy_sensitivity	KEGG:C00077	ornithine	ODC1	author_mapped_tumor_specimen_NOT_verified_independent_patient	61.0	NA	partial_rank_correlation	0.2624526911674327	-0.0315575335731827	0.5279044885665578	0.0515	0.452295	ER_MonoEndoFib	171.0	DONE	NA	GSE37751_CAMP_processed	KEGG:C00077|ODC1	0.1917539392901137	0.142	0.4201293103448276	0.2554791044776119	0.0706987518773189	0.0706987518773189	2.508176151229478	3302484368.0	500.0	pointwise_stratified_specimen_bootstrap;covariate_scores_fixed;independence_unverified
BRCA	CAMP_BRCA1	04_ROBUSTNESS	20260919T151200Z_all117_robustness_v2	all117_robustness_v2	partial_rank_composition_proxy_sensitivity	KEGG:C00077	ornithine	OTC	author_mapped_tumor_specimen_NOT_verified_independent_patient	61.0	NA	partial_rank_correlation	0.1355935096229169	-0.0987150483178687	0.3976006756831617	0.308	0.6796758620689655	ER_PC12	171.0	DONE	NA	GSE37751_CAMP_processed	KEGG:C00077|OTC	0.1185724379111803	0.3671	0.609457281553398	0.54705	0.0170210717117366	0.0170210717117366	1.680666914287067	3982744274.0	500.0	pointwise_stratified_specimen_bootstrap;covariate_scores_fixed;independence_unverified
BRCA	CAMP_BRCA1	04_ROBUSTNESS	20260919T151200Z_all117_robustness_v2	all117_robustness_v2	partial_rank_composition_proxy_sensitivity	KEGG:C00077	ornithine	OTC	author_mapped_tumor_specimen_NOT_verified_independent_patient	61.0	NA	partial_rank_correlation	0.0813925455872181	-0.1787507170509508	0.3329905806231955	0.5513	0.8728916666666667	ER_MonoEndoFib	171.0	DONE	NA	GSE37751_CAMP_processed	KEGG:C00077|OTC	0.1185724379111803	0.3671	0.609457281553398	0.54705	-0.0371798923239621	-0.0371798923239621	2.508176151229478	1512235754.0	500.0	pointwise_stratified_specimen_bootstrap;covariate_scores_fixed;independence_unverified
BRCA	CAMP_BRCA1	04_ROBUSTNESS	20260919T151200Z_all117_robustness_v2	all117_robustness_v2	partial_rank_composition_proxy_sensitivity	KEGG:C00079	phenylalanine	PAH	author_mapped_tumor_specimen_NOT_verified_independent_patient	61.0	NA	partial_rank_correlation	-0.0234530949449639	-0.2779676412709834	0.2157972063463362	0.8585	0.917521875	ER_PC12	171.0	DONE	NA	GSE37751_CAMP_processed	KEGG:C00079|PAH	-0.0717549049045778	0.5829	0.74385	0.899314024390244	0.0483018099596139	-0.0483018099596139	1.680666914287067	446874721.0	500.0	pointwise_stratified_specimen_bootstrap;covariate_scores_fixed;independence_unverified
BRCA	CAMP_BRCA1	04_ROBUSTNESS	20260919T151200Z_all117_robustness_v2	all117_robustness_v2	partial_rank_composition_proxy_sensitivity	KEGG:C00079	phenylalanine	PAH	author_mapped_tumor_specimen_NOT_verified_independent_patient	61.0	NA	partial_rank_correlation	-0.0556019525388961	-0.2776253565132555	0.1946242437662315	0.6644	0.9297	ER_MonoEndoFib	171.0	DONE	NA	GSE37751_CAMP_processed	KEGG:C00079|PAH	-0.0717549049045778	0.5829	0.74385	0.899314024390244	0.0161529523656817	-0.0161529523656817	2.508176151229478	1166598301.0	500.0	pointwise_stratified_specimen_bootstrap;covariate_scores_fixed;independence_unverified
BRCA	CAMP_BRCA1	04_ROBUSTNESS	20260919T151200Z_all117_robustness_v2	all117_robustness_v2	partial_rank_composition_proxy_sensitivity	KEGG:C00082	tyrosine	PAH	author_mapped_tumor_specimen_NOT_verified_independent_patient	61.0	NA	partial_rank_correlation	-0.0109371822248027	-0.2503856105835575	0.2159907651823312	0.9347	0.9628536144578314	ER_PC12	171.0	DONE	NA	GSE37751_CAMP_processed	KEGG:C00082|PAH	-0.0653932910867521	0.6266	0.7764391304347827	0.9015327272727274	0.0544561088619494	-0.0544561088619494	1.680666914287067	2084468299.0	500.0	pointwise_stratified_specimen_bootstrap;covariate_scores_fixed;independence_unverified
BRCA	CAMP_BRCA1	04_ROBUSTNESS	20260919T151200Z_all117_robustness_v2	all117_robustness_v2	partial_rank_composition_proxy_sensitivity	KEGG:C00082	tyrosine	PAH	author_mapped_tumor_specimen_NOT_verified_independent_patient	61.0	NA	partial_rank_correlation	-0.0365171241503489	-0.2536220280071929	0.2376921076048357	0.7868	0.9382935483870968	ER_MonoEndoFib	171.0	DONE	NA	GSE37751_CAMP_processed	KEGG:C00082|PAH	-0.0653932910867521	0.6266	0.7764391304347827	0.9015327272727274	0.0288761669364032	-0.0288761669364032	2.508176151229478	2303127026.0	500.0	pointwise_stratified_specimen_bootstrap;covariate_scores_fixed;independence_unverified
BRCA	CAMP_BRCA1	04_ROBUSTNESS	20260919T151200Z_all117_robustness_v2	all117_robustness_v2	partial_rank_composition_proxy_sensitivity	KEGG:C00082	tyrosine	TAT	author_mapped_tumor_specimen_NOT_verified_independent_patient	61.0	NA	partial_rank_correlation	-0.1686920895084264	-0.4048113341660446	0.0964331981764683	0.2042	0.6415448275862069	ER_PC12	171.0	DONE	NA	GSE37751_CAMP_processed	KEGG:C00082|TAT	-0.0896738363017926	0.4926	0.701955	0.8569	-0.0790182532066337	0.0790182532066337	1.680666914287067	2450830768.0	500.0	pointwise_stratified_specimen_bootstrap;covariate_scores_fixed;independence_unverified
BRCA	CAMP_BRCA1	04_ROBUSTNESS	20260919T151200Z_all117_robustness_v2	all117_robustness_v2	partial_rank_composition_proxy_sensitivity	KEGG:C00082	tyrosine	TAT	author_mapped_tumor_specimen_NOT_verified_independent_patient	61.0	NA	partial_rank_correlation	-0.2154071310057937	-0.463714159819265	0.0795761658996244	0.0996	0.53971875	ER_MonoEndoFib	171.0	DONE	NA	GSE37751_CAMP_processed	KEGG:C00082|TAT	-0.0896738363017926	0.4926	0.701955	0.8569	-0.125733294704001	0.125733294704001	2.508176151229478	3404810050.0	500.0	pointwise_stratified_specimen_bootstrap;covariate_scores_fixed;independence_unverified
BRCA	CAMP_BRCA1	04_ROBUSTNESS	20260919T151200Z_all117_robustness_v2	all117_robustness_v2	partial_rank_composition_proxy_sensitivity	KEGG:C00095	fructose	KHK	author_mapped_tumor_specimen_NOT_verified_independent_patient	45.0	NA	partial_rank_correlation	0.0956709235754609	-0.2017002274264313	0.3835312162229587	0.5386	0.8163335820895523	ER_PC12	171.0	DONE	NA	GSE37751_CAMP_processed	KEGG:C00095|KHK	0.185195927370956	0.2375	0.4952743902439024	0.3892193181818182	-0.0895250037954949	-0.0895250037954949	1.5250097497757908	4010969937.0	500.0	pointwise_stratified_specimen_bootstrap;covariate_scores_fixed;independence_unverified
BRCA	CAMP_BRCA1	04_ROBUSTNESS	20260919T151200Z_all117_robustness_v2	all117_robustness_v2	partial_rank_composition_proxy_sensitivity	KEGG:C00095	fructose	KHK	author_mapped_tumor_specimen_NOT_verified_independent_patient	45.0	NA	partial_rank_correlation	0.1067406298513204	-0.2357075797352521	0.4229188916925931	0.5007	0.8312592233009709	ER_MonoEndoFib	171.0	DONE	NA	GSE37751_CAMP_processed	KEGG:C00095|KHK	0.185195927370956	0.2375	0.4952743902439024	0.3892193181818182	-0.0784552975196355	-0.0784552975196355	2.4122725566270886	794380738.0	500.0	pointwise_stratified_specimen_bootstrap;covariate_scores_fixed;independence_unverified
BRCA	CAMP_BRCA1	04_ROBUSTNESS	20260919T151200Z_all117_robustness_v2	all117_robustness_v2	partial_rank_composition_proxy_sensitivity	KEGG:C00095	fructose	SORD	author_mapped_tumor_specimen_NOT_verified_independent_patient	45.0	NA	partial_rank_correlation	0.0783280164212846	-0.2125569539903589	0.3968865883300867	0.625	0.8163335820895523	ER_PC12	171.0	DONE	NA	GSE37751_CAMP_processed	KEGG:C00095|SORD	0.2596232957189232	0.0875	0.3379978723404255	0.0427499999999999	-0.1812952792976385	-0.1812952792976385	1.5250097497757908	2045417250.0	500.0	pointwise_stratified_specimen_bootstrap;covariate_scores_fixed;independence_unverified
BRCA	CAMP_BRCA1	04_ROBUSTNESS	20260919T151200Z_all117_robustness_v2	all117_robustness_v2	partial_rank_composition_proxy_sensitivity	KEGG:C00095	fructose	SORD	author_mapped_tumor_specimen_NOT_verified_independent_patient	45.0	NA	partial_rank_correlation	0.2370787618829852	-0.1145331778087173	0.4930831844285249	0.1479	0.6021642857142857	ER_MonoEndoFib	171.0	DONE	NA	GSE37751_CAMP_processed	KEGG:C00095|SORD	0.2596232957189232	0.0875	0.3379978723404255	0.0427499999999999	-0.0225445338359379	-0.0225445338359379	2.4122725566270886	781701478.0	500.0	pointwise_stratified_specimen_bootstrap;covariate_scores_fixed;independence_unverified
BRCA	CAMP_BRCA1	04_ROBUSTNESS	20260919T151200Z_all117_robustness_v2	all117_robustness_v2	partial_rank_composition_proxy_sensitivity	KEGG:C00097	cysteine	CDO1	author_mapped_tumor_specimen_NOT_verified_independent_patient	60.0	NA	partial_rank_correlation	-0.131706138107605	-0.3715389273961277	0.1381904548216632	0.3254	0.6796758620689655	ER_PC12	171.0	DONE	NA	GSE37751_CAMP_processed	KEGG:C00097|CDO1	-0.2791075192709327	0.0371	0.2349666666666666	0.1056535714285714	0.1474013811633278	-0.1474013811633278	1.6577037967799784	3882729896.0	500.0	pointwise_stratified_specimen_bootstrap;covariate_scores_fixed;independence_unverified
BRCA	CAMP_BRCA1	04_ROBUSTNESS	20260919T151200Z_all117_robustness_v2	all117_robustness_v2	partial_rank_composition_proxy_sensitivity	KEGG:C00097	cysteine	CDO1	author_mapped_tumor_specimen_NOT_verified_independent_patient	60.0	NA	partial_rank_correlation	-0.204203336658093	-0.4344237044763903	0.050669503336137	0.1272	0.5859878048780489	ER_MonoEndoFib	171.0	DONE	NA	GSE37751_CAMP_processed	KEGG:C00097|CDO1	-0.2791075192709327	0.0371	0.2349666666666666	0.1056535714285714	0.0749041826128397	-0.0749041826128397	2.4838510168466565	2255081329.0	500.0	pointwise_stratified_specimen_bootstrap;covariate_scores_fixed;independence_unverified
BRCA	CAMP_BRCA1	04_ROBUSTNESS	20260919T151200Z_all117_robustness_v2	all117_robustness_v2	partial_rank_composition_proxy_sensitivity	KEGG:C00097	cysteine	GCLC	author_mapped_tumor_specimen_NOT_verified_independent_patient	60.0	NA	partial_rank_correlation	0.1162794661598647	-0.141027256925494	0.3472103655044929	0.3874	0.712316129032258	ER_PC12	171.0	DONE	NA	GSE37751_CAMP_processed	KEGG:C00097|GCLC	0.147195258084722	0.2624	0.5098909090909092	0.4405548387096774	-0.0309157919248571	-0.0309157919248571	1.6577037967799784	214234996.0	500.0	pointwise_stratified_specimen_bootstrap;covariate_scores_fixed;independence_unverified
BRCA	CAMP_BRCA1	04_ROBUSTNESS	20260919T151200Z_all117_robustness_v2	all117_robustness_v2	partial_rank_composition_proxy_sensitivity	KEGG:C00097	cysteine	GCLC	author_mapped_tumor_specimen_NOT_verified_independent_patient	60.0	NA	partial_rank_correlation	0.1044862071348501	-0.2353702604590917	0.3685518711607324	0.4373	0.778940625	ER_MonoEndoFib	171.0	DONE	NA	GSE37751_CAMP_processed	KEGG:C00097|GCLC	0.147195258084722	0.2624	0.5098909090909092	0.4405548387096774	-0.0427090509498717	-0.0427090509498717	2.4838510168466565	3994818072.0	500.0	pointwise_stratified_specimen_bootstrap;covariate_scores_fixed;independence_unverified
BRCA	CAMP_BRCA1	04_ROBUSTNESS	20260919T151200Z_all117_robustness_v2	all117_robustness_v2	partial_rank_composition_proxy_sensitivity	KEGG:C00099	beta-alanine	UPB1	author_mapped_tumor_specimen_NOT_verified_independent_patient	48.0	NA	partial_rank_correlation	-0.277811831127738	-0.4990740246699213	0.0114081380832708	0.0701	0.479484	ER_PC12	171.0	DONE	NA	GSE37751_CAMP_processed	KEGG:C00099|UPB1	-0.2697437407129414	0.0804	0.3379978723404255	0.218655737704918	-0.0080680904147967	0.0080680904147967	1.915299116042125	3298139643.0	500.0	pointwise_stratified_specimen_bootstrap;covariate_scores_fixed;independence_unverified
BRCA	CAMP_BRCA1	04_ROBUSTNESS	20260919T151200Z_all117_robustness_v2	all117_robustness_v2	partial_rank_composition_proxy_sensitivity	KEGG:C00099	beta-alanine	UPB1	author_mapped_tumor_specimen_NOT_verified_independent_patient	48.0	NA	partial_rank_correlation	-0.2396843856126554	-0.48989221065322	0.0478178527447118	0.1343	0.5859878048780489	ER_MonoEndoFib	171.0	DONE	NA	GSE37751_CAMP_processed	KEGG:C00099|UPB1	-0.2697437407129414	0.0804	0.3379978723404255	0.218655737704918	0.0300593551002858	-0.0300593551002858	2.615124796891404	2845610970.0	500.0	pointwise_stratified_specimen_bootstrap;covariate_scores_fixed;independence_unverified
BRCA	CAMP_BRCA1	04_ROBUSTNESS	20260919T151200Z_all117_robustness_v2	all117_robustness_v2	partial_rank_composition_proxy_sensitivity	KEGG:C00106	uracil	DPYD	author_mapped_tumor_specimen_NOT_verified_independent_patient	61.0	NA	partial_rank_correlation	-0.1081791566154502	-0.3790140307277422	0.1926647366855632	0.417	0.7276224489795918	ER_PC12	171.0	DONE	NA	GSE37751_CAMP_processed	KEGG:C00106|DPYD	-0.2933064870423505	0.023	0.19665	0.1611675	0.1851273304269004	-0.1851273304269004	1.680666914287067	3451343676.0	500.0	pointwise_stratified_specimen_bootstrap;covariate_scores_fixed;independence_unverified
BRCA	CAMP_BRCA1	04_ROBUSTNESS	20260919T151200Z_all117_robustness_v2	all117_robustness_v2	partial_rank_composition_proxy_sensitivity	KEGG:C00106	uracil	DPYD	author_mapped_tumor_specimen_NOT_verified_independent_patient	61.0	NA	partial_rank_correlation	-0.3312009544261965	-0.5466829268596094	-0.0370243938545377	0.012	0.2931428571428571	ER_MonoEndoFib	171.0	DONE	NA	GSE37751_CAMP_processed	KEGG:C00106|DPYD	-0.2933064870423505	0.023	0.19665	0.1611675	-0.0378944673838458	0.0378944673838458	2.508176151229478	1509831530.0	500.0	pointwise_stratified_specimen_bootstrap;covariate_scores_fixed;independence_unverified
BRCA	CAMP_BRCA1	04_ROBUSTNESS	20260919T151200Z_all117_robustness_v2	all117_robustness_v2	partial_rank_composition_proxy_sensitivity	KEGG:C00106	uracil	UPP1	author_mapped_tumor_specimen_NOT_verified_independent_patient	61.0	NA	partial_rank_correlation	0.2146612563429565	-0.0239140686702341	0.4099632450956001	0.1119	0.5876181818181818	ER_PC12	171.0	DONE	NA	GSE37751_CAMP_processed	KEGG:C00106|UPP1	-0.0011153041401877	0.9937	0.9937	0.5494112068965517	0.2157765604831442	0.2135459522027687	1.680666914287067	1849078677.0	500.0	pointwise_stratified_specimen_bootstrap;covariate_scores_fixed;independence_unverified
BRCA	CAMP_BRCA1	04_ROBUSTNESS	20260919T151200Z_all117_robustness_v2	all117_robustness_v2	partial_rank_composition_proxy_sensitivity	KEGG:C00106	uracil	UPP1	author_mapped_tumor_specimen_NOT_verified_independent_patient	61.0	NA	partial_rank_correlation	0.0161375721573495	-0.1875506746533498	0.262034715321689	0.903	0.9501381818181818	ER_MonoEndoFib	171.0	DONE	NA	GSE37751_CAMP_processed	KEGG:C00106|UPP1	-0.0011153041401877	0.9937	0.9937	0.5494112068965517	0.0172528762975372	0.0150222680171617	2.508176151229478	1949721742.0	500.0	pointwise_stratified_specimen_bootstrap;covariate_scores_fixed;independence_unverified
BRCA	CAMP_BRCA1	04_ROBUSTNESS	20260919T151200Z_all117_robustness_v2	all117_robustness_v2	partial_rank_composition_proxy_sensitivity	KEGG:C00106	uracil	UPP2	author_mapped_tumor_specimen_NOT_verified_independent_patient	61.0	NA	partial_rank_correlation	-0.3703295179408949	-0.6010854738048803	-0.1232002023307918	0.0048	0.1368	ER_PC12	171.0	DONE	NA	GSE37751_CAMP_processed	KEGG:C00106|UPP2	-0.2565960999252752	0.0511	0.29127	0.0800590909090909	-0.1137334180156197	0.1137334180156197	1.680666914287067	4248119469.0	500.0	pointwise_stratified_specimen_bootstrap;covariate_scores_fixed;independence_unverified
BRCA	CAMP_BRCA1	04_ROBUSTNESS	20260919T151200Z_all117_robustness_v2	all117_robustness_v2	partial_rank_composition_proxy_sensitivity	KEGG:C00106	uracil	UPP2	author_mapped_tumor_specimen_NOT_verified_independent_patient	61.0	NA	partial_rank_correlation	-0.2546487005285407	-0.5235254246085894	0.0392622023505771	0.0579	0.4567125000000001	ER_MonoEndoFib	171.0	DONE	NA	GSE37751_CAMP_processed	KEGG:C00106|UPP2	-0.2565960999252752	0.0511	0.29127	0.0800590909090909	0.0019473993967344	-0.0019473993967344	2.508176151229478	2745508074.0	500.0	pointwise_stratified_specimen_bootstrap;covariate_scores_fixed;independence_unverified
BRCA	CAMP_BRCA1	04_ROBUSTNESS	20260919T151200Z_all117_robustness_v2	all117_robustness_v2	partial_rank_composition_proxy_sensitivity	KEGG:C00114	choline	CHKA	author_mapped_tumor_specimen_NOT_verified_independent_patient	61.0	NA	partial_rank_correlation	0.2011501081919094	-0.1116699475341027	0.4771523306993748	0.1322	0.5941255813953489	ER_PC12	171.0	DONE	NA	GSE37751_CAMP_processed	KEGG:C00114|CHKA	0.0732789867352418	0.575	0.7394142857142856	0.8350300699300699	0.1278711214566675	0.1278711214566675	1.680666914287067	487127143.0	500.0	pointwise_stratified_specimen_bootstrap;covariate_scores_fixed;independence_unverified
BRCA	CAMP_BRCA1	04_ROBUSTNESS	20260919T151200Z_all117_robustness_v2	all117_robustness_v2	partial_rank_composition_proxy_sensitivity	KEGG:C00114	choline	CHKA	author_mapped_tumor_specimen_NOT_verified_independent_patient	61.0	NA	partial_rank_correlation	0.1029614479250483	-0.2242156891861929	0.4378289814282595	0.4504	0.7817636363636363	ER_MonoEndoFib	171.0	DONE	NA	GSE37751_CAMP_processed	KEGG:C00114|CHKA	0.0732789867352418	0.575	0.7394142857142856	0.8350300699300699	0.0296824611898065	0.0296824611898065	2.508176151229478	651674230.0	500.0	pointwise_stratified_specimen_bootstrap;covariate_scores_fixed;independence_unverified
BRCA	CAMP_BRCA1	04_ROBUSTNESS	20260919T151200Z_all117_robustness_v2	all117_robustness_v2	partial_rank_composition_proxy_sensitivity	KEGG:C00114	choline	CHKB	author_mapped_tumor_specimen_NOT_verified_independent_patient	NA	NA	partial_rank_correlation	NA	NA	NA	NA	NA	ER_PC12	171.0	NOT_EVALUABLE	prior_unevaluable_or_missing_feature	GSE37751_CAMP_processed	KEGG:C00114|CHKB	NA	NA	NA	NA	NA	NA	NA	NA	NA	NA
BRCA	CAMP_BRCA1	04_ROBUSTNESS	20260919T151200Z_all117_robustness_v2	all117_robustness_v2	partial_rank_composition_proxy_sensitivity	KEGG:C00114	choline	CHKB	author_mapped_tumor_specimen_NOT_verified_independent_patient	NA	NA	partial_rank_correlation	NA	NA	NA	NA	NA	ER_MonoEndoFib	171.0	NOT_EVALUABLE	prior_unevaluable_or_missing_feature	GSE37751_CAMP_processed	KEGG:C00114|CHKB	NA	NA	NA	NA	NA	NA	NA	NA	NA	NA
BRCA	CAMP_BRCA1	04_ROBUSTNESS	20260919T151200Z_all117_robustness_v2	all117_robustness_v2	partial_rank_composition_proxy_sensitivity	KEGG:C00114	choline	GDPD5	author_mapped_tumor_specimen_NOT_verified_independent_patient	61.0	NA	partial_rank_correlation	0.0444513091497673	-0.2331416391492503	0.2872824961753207	0.7371	0.8633157534246576	ER_PC12	171.0	DONE	NA	GSE37751_CAMP_processed	KEGG:C00114|GDPD5	0.1489931747363703	0.2569	0.5098909090909092	0.4955679611650485	-0.104541865586603	-0.104541865586603	1.680666914287067	3980186193.0	500.0	pointwise_stratified_specimen_bootstrap;covariate_scores_fixed;independence_unverified
BRCA	CAMP_BRCA1	04_ROBUSTNESS	20260919T151200Z_all117_robustness_v2	all117_robustness_v2	partial_rank_composition_proxy_sensitivity	KEGG:C00114	choline	GDPD5	author_mapped_tumor_specimen_NOT_verified_independent_patient	61.0	NA	partial_rank_correlation	0.0876074151024519	-0.2527156071831553	0.3760866528290532	0.5189	0.8531913461538463	ER_MonoEndoFib	171.0	DONE	NA	GSE37751_CAMP_processed	KEGG:C00114|GDPD5	0.1489931747363703	0.2569	0.5098909090909092	0.4955679611650485	-0.0613857596339184	-0.0613857596339184	2.508176151229478	2479026866.0	500.0	pointwise_stratified_specimen_bootstrap;covariate_scores_fixed;independence_unverified
BRCA	CAMP_BRCA1	04_ROBUSTNESS	20260919T151200Z_all117_robustness_v2	all117_robustness_v2	partial_rank_composition_proxy_sensitivity	KEGG:C00114	choline	GPCPD1	author_mapped_tumor_specimen_NOT_verified_independent_patient	61.0	NA	partial_rank_correlation	0.0082410960308996	-0.2343505874765933	0.2465853473328714	0.9476	0.970297005988024	ER_PC12	171.0	DONE	NA	GSE37751_CAMP_processed	KEGG:C00114|GPCPD1	0.0371142082964596	0.7734	0.8704235294117647	0.899314024390244	-0.02887311226556	-0.02887311226556	1.680666914287067	2737107640.0	500.0	pointwise_stratified_specimen_bootstrap;covariate_scores_fixed;independence_unverified
BRCA	CAMP_BRCA1	04_ROBUSTNESS	20260919T151200Z_all117_robustness_v2	all117_robustness_v2	partial_rank_composition_proxy_sensitivity	KEGG:C00114	choline	GPCPD1	author_mapped_tumor_specimen_NOT_verified_independent_patient	61.0	NA	partial_rank_correlation	0.0254396982492103	-0.2578330426915526	0.2629725711002766	0.8505	0.9382935483870968	ER_MonoEndoFib	171.0	DONE	NA	GSE37751_CAMP_processed	KEGG:C00114|GPCPD1	0.0371142082964596	0.7734	0.8704235294117647	0.899314024390244	-0.0116745100472493	-0.0116745100472493	2.508176151229478	2298634923.0	500.0	pointwise_stratified_specimen_bootstrap;covariate_scores_fixed;independence_unverified
BRCA	CAMP_BRCA1	04_ROBUSTNESS	20260919T151200Z_all117_robustness_v2	all117_robustness_v2	partial_rank_composition_proxy_sensitivity	KEGG:C00121	ribose	RBKS	author_mapped_tumor_specimen_NOT_verified_independent_patient	58.0	NA	partial_rank_correlation	-0.372352035356126	-0.5708632539684034	-0.1083557011172839	0.0046	0.1368	ER_PC12	171.0	DONE	NA	GSE37751_CAMP_processed	KEGG:C00121|RBKS	-0.1283546897738989	0.3407	0.5944867346938776	0.4895090909090909	-0.2439973455822271	0.2439973455822271	1.658685546739859	2517723490.0	500.0	pointwise_stratified_specimen_bootstrap;covariate_scores_fixed;independence_unverified
BRCA	CAMP_BRCA1	04_ROBUSTNESS	20260919T151200Z_all117_robustness_v2	all117_robustness_v2	partial_rank_composition_proxy_sensitivity	KEGG:C00121	ribose	RBKS	author_mapped_tumor_specimen_NOT_verified_independent_patient	58.0	NA	partial_rank_correlation	-0.3467245908176516	-0.5608825459016797	-0.0792532120166762	0.0102	0.2931428571428571	ER_MonoEndoFib	171.0	DONE	NA	GSE37751_CAMP_processed	KEGG:C00121|RBKS	-0.1283546897738989	0.3407	0.5944867346938776	0.4895090909090909	-0.2183699010437527	0.2183699010437527	2.4938666064193384	2937398874.0	500.0	pointwise_stratified_specimen_bootstrap;covariate_scores_fixed;independence_unverified
BRCA	CAMP_BRCA1	04_ROBUSTNESS	20260919T151200Z_all117_robustness_v2	all117_robustness_v2	partial_rank_composition_proxy_sensitivity	KEGG:C00134	putrescine	ODC1	author_mapped_tumor_specimen_NOT_verified_independent_patient	48.0	NA	partial_rank_correlation	0.1342337029626262	-0.1712788802073353	0.4432787735528175	0.3836	0.712316129032258	ER_PC12	171.0	DONE	NA	GSE37751_CAMP_processed	KEGG:C00134|ODC1	0.0977871306331258	0.5212	0.7245951219512194	0.54705	0.0364465723295003	0.0364465723295003	1.7225528813363002	769489403.0	500.0	pointwise_stratified_specimen_bootstrap;covariate_scores_fixed;independence_unverified
BRCA	CAMP_BRCA1	04_ROBUSTNESS	20260919T151200Z_all117_robustness_v2	all117_robustness_v2	partial_rank_composition_proxy_sensitivity	KEGG:C00134	putrescine	ODC1	author_mapped_tumor_specimen_NOT_verified_independent_patient	48.0	NA	partial_rank_correlation	0.208814543054584	-0.139931126845694	0.4837588835667986	0.1788	0.636975	ER_MonoEndoFib	171.0	DONE	NA	GSE37751_CAMP_processed	KEGG:C00134|ODC1	0.0977871306331258	0.5212	0.7245951219512194	0.54705	0.1110274124214582	0.1110274124214582	2.463044094755729	295487581.0	500.0	pointwise_stratified_specimen_bootstrap;covariate_scores_fixed;independence_unverified
BRCA	CAMP_BRCA1	04_ROBUSTNESS	20260919T151200Z_all117_robustness_v2	all117_robustness_v2	partial_rank_composition_proxy_sensitivity	KEGG:C00135	histidine	HAL	author_mapped_tumor_specimen_NOT_verified_independent_patient	61.0	NA	partial_rank_correlation	-0.0934287566935826	-0.311936579929158	0.1669398465936172	0.489	0.7933754716981133	ER_PC12	171.0	DONE	NA	GSE37751_CAMP_processed	KEGG:C00135|HAL	-0.0899948679581362	0.4877	0.7008126050420168	0.7550211678832117	-0.0034338887354464	0.0034338887354464	1.680666914287067	3660657097.0	500.0	pointwise_stratified_specimen_bootstrap;covariate_scores_fixed;independence_unverified
BRCA	CAMP_BRCA1	04_ROBUSTNESS	20260919T151200Z_all117_robustness_v2	all117_robustness_v2	partial_rank_composition_proxy_sensitivity	KEGG:C00135	histidine	HAL	author_mapped_tumor_specimen_NOT_verified_independent_patient	61.0	NA	partial_rank_correlation	-0.0272374241966948	-0.3037527428797811	0.2254168784656432	0.8377	0.9382935483870968	ER_MonoEndoFib	171.0	DONE	NA	GSE37751_CAMP_processed	KEGG:C00135|HAL	-0.0899948679581362	0.4877	0.7008126050420168	0.7550211678832117	0.0627574437614414	-0.0627574437614414	2.508176151229478	2344627182.0	500.0	pointwise_stratified_specimen_bootstrap;covariate_scores_fixed;independence_unverified
BRCA	CAMP_BRCA1	04_ROBUSTNESS	20260919T151200Z_all117_robustness_v2	all117_robustness_v2	partial_rank_composition_proxy_sensitivity	KEGG:C00140	N-acetylglucosamine	NAGK	author_mapped_tumor_specimen_NOT_verified_independent_patient	43.0	NA	partial_rank_correlation	-0.0700435421538064	-0.3990661496653155	0.2988593344031404	0.6774	0.8455138686131387	ER_PC12	171.0	DONE	NA	GSE37751_CAMP_processed	KEGG:C00140|NAGK	-0.1130947272690485	0.4809	0.7008126050420168	0.2960148648648648	0.043051185115242	-0.043051185115242	1.856364077266092	4019945533.0	500.0	pointwise_stratified_specimen_bootstrap;covariate_scores_fixed;independence_unverified
BRCA	CAMP_BRCA1	04_ROBUSTNESS	20260919T151200Z_all117_robustness_v2	all117_robustness_v2	partial_rank_composition_proxy_sensitivity	KEGG:C00140	N-acetylglucosamine	NAGK	author_mapped_tumor_specimen_NOT_verified_independent_patient	43.0	NA	partial_rank_correlation	-0.0580038815248641	-0.3740091894095088	0.2750001573939031	0.733	0.9353955223880598	ER_MonoEndoFib	171.0	DONE	NA	GSE37751_CAMP_processed	KEGG:C00140|NAGK	-0.1130947272690485	0.4809	0.7008126050420168	0.2960148648648648	0.0550908457441843	-0.0550908457441843	3.1199225649576765	1810189970.0	500.0	pointwise_stratified_specimen_bootstrap;covariate_scores_fixed;independence_unverified
BRCA	CAMP_BRCA1	04_ROBUSTNESS	20260919T151200Z_all117_robustness_v2	all117_robustness_v2	partial_rank_composition_proxy_sensitivity	KEGG:C00148	proline	PEPD	author_mapped_tumor_specimen_NOT_verified_independent_patient	61.0	NA	partial_rank_correlation	0.0380479730918863	-0.2248960270163744	0.2863672608955026	0.7695	0.8700882352941176	ER_PC12	171.0	DONE	NA	GSE37751_CAMP_processed	KEGG:C00148|PEPD	-0.0133297702335786	0.9235	0.945619760479042	0.8839384615384615	0.051377743325465	0.0247182028583076	1.680666914287067	2437978905.0	500.0	pointwise_stratified_specimen_bootstrap;covariate_scores_fixed;independence_unverified
BRCA	CAMP_BRCA1	04_ROBUSTNESS	20260919T151200Z_all117_robustness_v2	all117_robustness_v2	partial_rank_composition_proxy_sensitivity	KEGG:C00148	proline	PEPD	author_mapped_tumor_specimen_NOT_verified_independent_patient	61.0	NA	partial_rank_correlation	-0.0211339212007247	-0.2812160555670353	0.2346688377300734	0.8795	0.9501381818181818	ER_MonoEndoFib	171.0	DONE	NA	GSE37751_CAMP_processed	KEGG:C00148|PEPD	-0.0133297702335786	0.9235	0.945619760479042	0.8839384615384615	-0.007804150967146	0.007804150967146	2.508176151229478	1981682272.0	500.0	pointwise_stratified_specimen_bootstrap;covariate_scores_fixed;independence_unverified
BRCA	CAMP_BRCA1	04_ROBUSTNESS	20260919T151200Z_all117_robustness_v2	all117_robustness_v2	partial_rank_composition_proxy_sensitivity	KEGG:C00148	proline	PRODH	author_mapped_tumor_specimen_NOT_verified_independent_patient	61.0	NA	partial_rank_correlation	-0.0279073226310958	-0.3023227813246218	0.2261063571766888	0.8379	0.9011377358490564	ER_PC12	171.0	DONE	NA	GSE37751_CAMP_processed	KEGG:C00148|PRODH	-0.0402924777627401	0.765	0.8704235294117647	0.8987240506329114	0.0123851551316443	-0.0123851551316443	1.680666914287067	543258433.0	500.0	pointwise_stratified_specimen_bootstrap;covariate_scores_fixed;independence_unverified
BRCA	CAMP_BRCA1	04_ROBUSTNESS	20260919T151200Z_all117_robustness_v2	all117_robustness_v2	partial_rank_composition_proxy_sensitivity	KEGG:C00148	proline	PRODH	author_mapped_tumor_specimen_NOT_verified_independent_patient	61.0	NA	partial_rank_correlation	-0.0184858354995608	-0.2681687232471761	0.2330968385615046	0.8932	0.9501381818181818	ER_MonoEndoFib	171.0	DONE	NA	GSE37751_CAMP_processed	KEGG:C00148|PRODH	-0.0402924777627401	0.765	0.8704235294117647	0.8987240506329114	0.0218066422631793	-0.0218066422631793	2.508176151229478	1341634.0	500.0	pointwise_stratified_specimen_bootstrap;covariate_scores_fixed;independence_unverified
BRCA	CAMP_BRCA1	04_ROBUSTNESS	20260919T151200Z_all117_robustness_v2	all117_robustness_v2	partial_rank_composition_proxy_sensitivity	KEGG:C00148	proline	PYCR1	author_mapped_tumor_specimen_NOT_verified_independent_patient	61.0	NA	partial_rank_correlation	0.2638051076295854	-0.0273041829110624	0.5267682237505704	0.0473	0.4317750000000001	ER_PC12	171.0	DONE	NA	GSE37751_CAMP_processed	KEGG:C00148|PYCR1	0.2933570167640607	0.0222	0.19665	0.0966807692307692	-0.0295519091344751	-0.0295519091344751	1.680666914287067	1931163878.0	500.0	pointwise_stratified_specimen_bootstrap;covariate_scores_fixed;independence_unverified
BRCA	CAMP_BRCA1	04_ROBUSTNESS	20260919T151200Z_all117_robustness_v2	all117_robustness_v2	partial_rank_composition_proxy_sensitivity	KEGG:C00148	proline	PYCR1	author_mapped_tumor_specimen_NOT_verified_independent_patient	61.0	NA	partial_rank_correlation	0.2622782207355422	0.0184057753633969	0.5247888434516933	0.0529	0.452295	ER_MonoEndoFib	171.0	DONE	NA	GSE37751_CAMP_processed	KEGG:C00148|PYCR1	0.2933570167640607	0.0222	0.19665	0.0966807692307692	-0.0310787960285183	-0.0310787960285183	2.508176151229478	2468218818.0	500.0	pointwise_stratified_specimen_bootstrap;covariate_scores_fixed;independence_unverified
BRCA	CAMP_BRCA1	04_ROBUSTNESS	20260919T151200Z_all117_robustness_v2	all117_robustness_v2	partial_rank_composition_proxy_sensitivity	KEGG:C00148	proline	PYCR2	author_mapped_tumor_specimen_NOT_verified_independent_patient	61.0	NA	partial_rank_correlation	-0.1158343176181873	-0.3866010729655935	0.1684619991874066	0.3852	0.712316129032258	ER_PC12	171.0	DONE	NA	GSE37751_CAMP_processed	KEGG:C00148|PYCR2	-0.068545897416641	0.5961	0.75506	0.8288042553191489	-0.0472884202015463	0.0472884202015463	1.680666914287067	1808476786.0	500.0	pointwise_stratified_specimen_bootstrap;covariate_scores_fixed;independence_unverified
BRCA	CAMP_BRCA1	04_ROBUSTNESS	20260919T151200Z_all117_robustness_v2	all117_robustness_v2	partial_rank_composition_proxy_sensitivity	KEGG:C00148	proline	PYCR2	author_mapped_tumor_specimen_NOT_verified_independent_patient	61.0	NA	partial_rank_correlation	-0.131817912420201	-0.3566837682041531	0.1689874240248037	0.3255	0.7429447058823531	ER_MonoEndoFib	171.0	DONE	NA	GSE37751_CAMP_processed	KEGG:C00148|PYCR2	-0.068545897416641	0.5961	0.75506	0.8288042553191489	-0.06327201500356	0.06327201500356	2.508176151229478	1609532124.0	500.0	pointwise_stratified_specimen_bootstrap;covariate_scores_fixed;independence_unverified
BRCA	CAMP_BRCA1	04_ROBUSTNESS	20260919T151200Z_all117_robustness_v2	all117_robustness_v2	partial_rank_composition_proxy_sensitivity	KEGG:C00148	proline	PYCR3	author_mapped_tumor_specimen_NOT_verified_independent_patient	61.0	NA	partial_rank_correlation	0.1418775454342653	-0.1065557237610277	0.3721935485962043	0.2809	0.6765338028169015	ER_PC12	171.0	DONE	NA	GSE37751_CAMP_processed	KEGG:C00148|PYCR3	0.2034111972910961	0.1181	0.3959823529411765	0.263725352112676	-0.0615336518568307	-0.0615336518568307	1.680666914287067	51457208.0	500.0	pointwise_stratified_specimen_bootstrap;covariate_scores_fixed;independence_unverified
BRCA	CAMP_BRCA1	04_ROBUSTNESS	20260919T151200Z_all117_robustness_v2	all117_robustness_v2	partial_rank_composition_proxy_sensitivity	KEGG:C00148	proline	PYCR3	author_mapped_tumor_specimen_NOT_verified_independent_patient	61.0	NA	partial_rank_correlation	0.1574986538846108	-0.1140631664963608	0.3944323252408034	0.2408	0.7224	ER_MonoEndoFib	171.0	DONE	NA	GSE37751_CAMP_processed	KEGG:C00148|PYCR3	0.2034111972910961	0.1181	0.3959823529411765	0.263725352112676	-0.0459125434064851	-0.0459125434064851	2.508176151229478	3505152082.0	500.0	pointwise_stratified_specimen_bootstrap;covariate_scores_fixed;independence_unverified
BRCA	CAMP_BRCA1	04_ROBUSTNESS	20260919T151200Z_all117_robustness_v2	all117_robustness_v2	partial_rank_composition_proxy_sensitivity	KEGG:C00149	malate	FH	author_mapped_tumor_specimen_NOT_verified_independent_patient	61.0	NA	partial_rank_correlation	0.1082348937830678	-0.1664266993158253	0.3748105309956211	0.424	0.7323636363636363	ER_PC12	171.0	DONE	NA	GSE37751_CAMP_processed	KEGG:C00149|FH	0.2312561047150138	0.0905	0.3379978723404255	0.1056535714285714	-0.1230212109319459	-0.1230212109319459	1.680666914287067	2905734716.0	500.0	pointwise_stratified_specimen_bootstrap;covariate_scores_fixed;independence_unverified
BRCA	CAMP_BRCA1	04_ROBUSTNESS	20260919T151200Z_all117_robustness_v2	all117_robustness_v2	partial_rank_composition_proxy_sensitivity	KEGG:C00149	malate	FH	author_mapped_tumor_specimen_NOT_verified_independent_patient	61.0	NA	partial_rank_correlation	0.1091612568885331	-0.1675022712019267	0.3770544615405086	0.43	0.7750799999999999	ER_MonoEndoFib	171.0	DONE	NA	GSE37751_CAMP_processed	KEGG:C00149|FH	0.2312561047150138	0.0905	0.3379978723404255	0.1056535714285714	-0.1220948478264807	-0.1220948478264807	2.508176151229478	2651392824.0	500.0	pointwise_stratified_specimen_bootstrap;covariate_scores_fixed;independence_unverified
BRCA	CAMP_BRCA1	04_ROBUSTNESS	20260919T151200Z_all117_robustness_v2	all117_robustness_v2	partial_rank_composition_proxy_sensitivity	KEGG:C00149	malate	MDH1	author_mapped_tumor_specimen_NOT_verified_independent_patient	61.0	NA	partial_rank_correlation	0.13427155060308	-0.181270410398716	0.38023076600736	0.2991	0.6796758620689655	ER_PC12	171.0	DONE	NA	GSE37751_CAMP_processed	KEGG:C00149|MDH1	0.1168887660345078	0.3618	0.6065470588235294	0.2100857142857142	0.0173827845685722	0.0173827845685722	1.680666914287067	894134326.0	500.0	pointwise_stratified_specimen_bootstrap;covariate_scores_fixed;independence_unverified
BRCA	CAMP_BRCA1	04_ROBUSTNESS	20260919T151200Z_all117_robustness_v2	all117_robustness_v2	partial_rank_composition_proxy_sensitivity	KEGG:C00149	malate	MDH1	author_mapped_tumor_specimen_NOT_verified_independent_patient	61.0	NA	partial_rank_correlation	0.1009590864426018	-0.1926485807300788	0.3719634031853974	0.4482	0.7817636363636363	ER_MonoEndoFib	171.0	DONE	NA	GSE37751_CAMP_processed	KEGG:C00149|MDH1	0.1168887660345078	0.3618	0.6065470588235294	0.2100857142857142	-0.015929679591906	-0.015929679591906	2.508176151229478	3097102443.0	500.0	pointwise_stratified_specimen_bootstrap;covariate_scores_fixed;independence_unverified
BRCA	CAMP_BRCA1	04_ROBUSTNESS	20260919T151200Z_all117_robustness_v2	all117_robustness_v2	partial_rank_composition_proxy_sensitivity	KEGG:C00149	malate	MDH2	author_mapped_tumor_specimen_NOT_verified_independent_patient	61.0	NA	partial_rank_correlation	0.0449900719995007	-0.2280214126203406	0.3134950994327048	0.7347	0.8633157534246576	ER_PC12	171.0	DONE	NA	GSE37751_CAMP_processed	KEGG:C00149|MDH2	0.1884641169872589	0.1534	0.43498125	0.1622414634146341	-0.143474044987758	-0.143474044987758	1.680666914287067	3344044291.0	500.0	pointwise_stratified_specimen_bootstrap;covariate_scores_fixed;independence_unverified
BRCA	CAMP_BRCA1	04_ROBUSTNESS	20260919T151200Z_all117_robustness_v2	all117_robustness_v2	partial_rank_composition_proxy_sensitivity	KEGG:C00149	malate	MDH2	author_mapped_tumor_specimen_NOT_verified_independent_patient	61.0	NA	partial_rank_correlation	0.0559690224351996	-0.2266949598706001	0.316168586301385	0.6862	0.9297	ER_MonoEndoFib	171.0	DONE	NA	GSE37751_CAMP_processed	KEGG:C00149|MDH2	0.1884641169872589	0.1534	0.43498125	0.1622414634146341	-0.1324950945520592	-0.1324950945520592	2.508176151229478	1445040236.0	500.0	pointwise_stratified_specimen_bootstrap;covariate_scores_fixed;independence_unverified
BRCA	CAMP_BRCA1	04_ROBUSTNESS	20260919T151200Z_all117_robustness_v2	all117_robustness_v2	partial_rank_composition_proxy_sensitivity	KEGG:C00152	asparagine	ASNS	author_mapped_tumor_specimen_NOT_verified_independent_patient	61.0	NA	partial_rank_correlation	0.0200642125996291	-0.2330962851969064	0.2585355687640916	0.8811	0.9243441717791412	ER_PC12	171.0	DONE	NA	GSE37751_CAMP_processed	KEGG:C00152|ASNS	-0.1019740066417065	0.424	0.6651743119266055	0.4764351063829787	0.1220382192413356	-0.0819097940420774	1.680666914287067	451795638.0	500.0	pointwise_stratified_specimen_bootstrap;covariate_scores_fixed;independence_unverified
BRCA	CAMP_BRCA1	04_ROBUSTNESS	20260919T151200Z_all117_robustness_v2	all117_robustness_v2	partial_rank_composition_proxy_sensitivity	KEGG:C00152	asparagine	ASNS	author_mapped_tumor_specimen_NOT_verified_independent_patient	61.0	NA	partial_rank_correlation	-0.0139011722796836	-0.3098537631113758	0.267532375132599	0.9168	0.9501381818181818	ER_MonoEndoFib	171.0	DONE	NA	GSE37751_CAMP_processed	KEGG:C00152|ASNS	-0.1019740066417065	0.424	0.6651743119266055	0.4764351063829787	0.0880728343620229	-0.0880728343620229	2.508176151229478	1207551869.0	500.0	pointwise_stratified_specimen_bootstrap;covariate_scores_fixed;independence_unverified
BRCA	CAMP_BRCA1	04_ROBUSTNESS	20260919T151200Z_all117_robustness_v2	all117_robustness_v2	partial_rank_composition_proxy_sensitivity	KEGG:C00153	nicotinamide	NAMPT	author_mapped_tumor_specimen_NOT_verified_independent_patient	58.0	NA	partial_rank_correlation	0.0425324927212303	-0.2357518664912536	0.2856602706039354	0.7631	0.8700882352941176	ER_PC12	171.0	DONE	NA	GSE37751_CAMP_processed	KEGG:C00153|NAMPT	-0.051975359060647	0.7028	0.83469375	0.7798821428571429	0.0945078517818774	-0.0094428663394167	1.640173273554093	967093510.0	500.0	pointwise_stratified_specimen_bootstrap;covariate_scores_fixed;independence_unverified
BRCA	CAMP_BRCA1	04_ROBUSTNESS	20260919T151200Z_all117_robustness_v2	all117_robustness_v2	partial_rank_composition_proxy_sensitivity	KEGG:C00153	nicotinamide	NAMPT	author_mapped_tumor_specimen_NOT_verified_independent_patient	58.0	NA	partial_rank_correlation	0.0153701960920515	-0.2679670806029393	0.286924498141729	0.9148	0.9501381818181818	ER_MonoEndoFib	171.0	DONE	NA	GSE37751_CAMP_processed	KEGG:C00153|NAMPT	-0.051975359060647	0.7028	0.83469375	0.7798821428571429	0.0673455551526986	-0.0366051629685955	2.3968305214111973	70595555.0	500.0	pointwise_stratified_specimen_bootstrap;covariate_scores_fixed;independence_unverified
BRCA	CAMP_BRCA1	04_ROBUSTNESS	20260919T151200Z_all117_robustness_v2	all117_robustness_v2	partial_rank_composition_proxy_sensitivity	KEGG:C00153	nicotinamide	NNMT	author_mapped_tumor_specimen_NOT_verified_independent_patient	58.0	NA	partial_rank_correlation	-0.1739289964666542	-0.42214799904833	0.0876411962194945	0.2089	0.6415448275862069	ER_PC12	171.0	DONE	NA	GSE37751_CAMP_processed	KEGG:C00153|NNMT	-0.3533495638828474	0.0068	0.109176923076923	0.0693	0.179420567416193	-0.179420567416193	1.640173273554093	357062472.0	500.0	pointwise_stratified_specimen_bootstrap;covariate_scores_fixed;independence_unverified
BRCA	CAMP_BRCA1	04_ROBUSTNESS	20260919T151200Z_all117_robustness_v2	all117_robustness_v2	partial_rank_composition_proxy_sensitivity	KEGG:C00153	nicotinamide	NNMT	author_mapped_tumor_specimen_NOT_verified_independent_patient	58.0	NA	partial_rank_correlation	-0.203318179384136	-0.4223358467115062	0.0318907198848087	0.1405	0.5859878048780489	ER_MonoEndoFib	171.0	DONE	NA	GSE37751_CAMP_processed	KEGG:C00153|NNMT	-0.3533495638828474	0.0068	0.109176923076923	0.0693	0.1500313844987112	-0.1500313844987112	2.3968305214111973	1025398724.0	500.0	pointwise_stratified_specimen_bootstrap;covariate_scores_fixed;independence_unverified
BRCA	CAMP_BRCA1	04_ROBUSTNESS	20260919T151200Z_all117_robustness_v2	all117_robustness_v2	partial_rank_composition_proxy_sensitivity	KEGG:C00158	citrate	ACLY	author_mapped_tumor_specimen_NOT_verified_independent_patient	55.0	NA	partial_rank_correlation	-0.2057254443511706	-0.4681474210328126	0.1236595569304287	0.1481	0.5941255813953489	ER_PC12	171.0	DONE	NA	GSE37751_CAMP_processed	KEGG:C00158|ACLY	-0.3033289315712026	0.0292	0.217095652173913	0.0693	0.0976034872200319	-0.0976034872200319	1.7717125263670443	1466518227.0	500.0	pointwise_stratified_specimen_bootstrap;covariate_scores_fixed;independence_unverified
BRCA	CAMP_BRCA1	04_ROBUSTNESS	20260919T151200Z_all117_robustness_v2	all117_robustness_v2	partial_rank_composition_proxy_sensitivity	KEGG:C00158	citrate	ACLY	author_mapped_tumor_specimen_NOT_verified_independent_patient	55.0	NA	partial_rank_correlation	-0.1853114279180716	-0.4643723444800179	0.1497168913693181	0.1937	0.6624540000000001	ER_MonoEndoFib	171.0	DONE	NA	GSE37751_CAMP_processed	KEGG:C00158|ACLY	-0.3033289315712026	0.0292	0.217095652173913	0.0693	0.1180175036531309	-0.1180175036531309	2.4507834279794585	2522652913.0	500.0	pointwise_stratified_specimen_bootstrap;covariate_scores_fixed;independence_unverified
BRCA	CAMP_BRCA1	04_ROBUSTNESS	20260919T151200Z_all117_robustness_v2	all117_robustness_v2	partial_rank_composition_proxy_sensitivity	KEGG:C00158	citrate	CS	author_mapped_tumor_specimen_NOT_verified_independent_patient	55.0	NA	partial_rank_correlation	-0.0702996927969609	-0.3390760521241643	0.2360292271495697	0.6136	0.8163335820895523	ER_PC12	171.0	DONE	NA	GSE37751_CAMP_processed	KEGG:C00158|CS	-0.0836125242614703	0.5649	0.7394142857142856	0.318288	0.0133128314645093	-0.0133128314645093	1.7717125263670443	1457454113.0	500.0	pointwise_stratified_specimen_bootstrap;covariate_scores_fixed;independence_unverified
BRCA	CAMP_BRCA1	04_ROBUSTNESS	20260919T151200Z_all117_robustness_v2	all117_robustness_v2	partial_rank_composition_proxy_sensitivity	KEGG:C00158	citrate	CS	author_mapped_tumor_specimen_NOT_verified_independent_patient	55.0	NA	partial_rank_correlation	-0.0902857992777243	-0.3658513052807094	0.2266334673560241	0.5318	0.8564383177570094	ER_MonoEndoFib	171.0	DONE	NA	GSE37751_CAMP_processed	KEGG:C00158|CS	-0.0836125242614703	0.5649	0.7394142857142856	0.318288	-0.006673275016254	0.006673275016254	2.4507834279794585	188983763.0	500.0	pointwise_stratified_specimen_bootstrap;covariate_scores_fixed;independence_unverified
BRCA	CAMP_BRCA1	04_ROBUSTNESS	20260919T151200Z_all117_robustness_v2	all117_robustness_v2	partial_rank_composition_proxy_sensitivity	KEGG:C00186	lactate	LDHA	author_mapped_tumor_specimen_NOT_verified_independent_patient	61.0	NA	partial_rank_correlation	0.0669274081288559	-0.1700876593102373	0.3000307755273707	0.6176	0.8163335820895523	ER_PC12	171.0	DONE	NA	GSE37751_CAMP_processed	KEGG:C00186|LDHA	0.0970734743511308	0.455	0.6912637168141592	0.5252603773584905	-0.0301460662222748	-0.0301460662222748	1.680666914287067	1569662798.0	500.0	pointwise_stratified_specimen_bootstrap;covariate_scores_fixed;independence_unverified
BRCA	CAMP_BRCA1	04_ROBUSTNESS	20260919T151200Z_all117_robustness_v2	all117_robustness_v2	partial_rank_composition_proxy_sensitivity	KEGG:C00186	lactate	LDHA	author_mapped_tumor_specimen_NOT_verified_independent_patient	61.0	NA	partial_rank_correlation	0.0377275401583025	-0.2168955351824207	0.3023648175266825	0.7843	0.9382935483870968	ER_MonoEndoFib	171.0	DONE	NA	GSE37751_CAMP_processed	KEGG:C00186|LDHA	0.0970734743511308	0.455	0.6912637168141592	0.5252603773584905	-0.0593459341928282	-0.0593459341928282	2.508176151229478	2457164216.0	500.0	pointwise_stratified_specimen_bootstrap;covariate_scores_fixed;independence_unverified
BRCA	CAMP_BRCA1	04_ROBUSTNESS	20260919T151200Z_all117_robustness_v2	all117_robustness_v2	partial_rank_composition_proxy_sensitivity	KEGG:C00186	lactate	LDHB	author_mapped_tumor_specimen_NOT_verified_independent_patient	61.0	NA	partial_rank_correlation	-0.1917808309078105	-0.4501593157413159	0.0625031879670743	0.148	0.5941255813953489	ER_PC12	171.0	DONE	NA	GSE37751_CAMP_processed	KEGG:C00186|LDHB	-0.1875700949420569	0.1546	0.43498125	0.54705	-0.0042107359657536	0.0042107359657536	1.680666914287067	67613872.0	500.0	pointwise_stratified_specimen_bootstrap;covariate_scores_fixed;independence_unverified
BRCA	CAMP_BRCA1	04_ROBUSTNESS	20260919T151200Z_all117_robustness_v2	all117_robustness_v2	partial_rank_composition_proxy_sensitivity	KEGG:C00186	lactate	LDHB	author_mapped_tumor_specimen_NOT_verified_independent_patient	61.0	NA	partial_rank_correlation	-0.1542344846177921	-0.4121416726226863	0.1243811365118067	0.2478	0.7305827586206897	ER_MonoEndoFib	171.0	DONE	NA	GSE37751_CAMP_processed	KEGG:C00186|LDHB	-0.1875700949420569	0.1546	0.43498125	0.54705	0.0333356103242647	-0.0333356103242647	2.508176151229478	1355139518.0	500.0	pointwise_stratified_specimen_bootstrap;covariate_scores_fixed;independence_unverified
BRCA	CAMP_BRCA1	04_ROBUSTNESS	20260919T151200Z_all117_robustness_v2	all117_robustness_v2	partial_rank_composition_proxy_sensitivity	KEGG:C00187	cholesterol	SOAT1	author_mapped_tumor_specimen_NOT_verified_independent_patient	61.0	NA	partial_rank_correlation	0.1602452030259044	-0.1030722047924312	0.369855181058963	0.2458	0.6689727272727273	ER_PC12	171.0	DONE	NA	GSE37751_CAMP_processed	KEGG:C00187|SOAT1	0.117617780705295	0.3759	0.61218	0.48556875	0.0426274223206094	0.0426274223206094	1.680666914287067	3572836769.0	500.0	pointwise_stratified_specimen_bootstrap;covariate_scores_fixed;independence_unverified
BRCA	CAMP_BRCA1	04_ROBUSTNESS	20260919T151200Z_all117_robustness_v2	all117_robustness_v2	partial_rank_composition_proxy_sensitivity	KEGG:C00187	cholesterol	SOAT1	author_mapped_tumor_specimen_NOT_verified_independent_patient	61.0	NA	partial_rank_correlation	0.049291714259409	-0.2084423572431271	0.3179195658224756	0.7077	0.9297	ER_MonoEndoFib	171.0	DONE	NA	GSE37751_CAMP_processed	KEGG:C00187|SOAT1	0.117617780705295	0.3759	0.61218	0.48556875	-0.0683260664458859	-0.0683260664458859	2.508176151229478	3686038065.0	500.0	pointwise_stratified_specimen_bootstrap;covariate_scores_fixed;independence_unverified
BRCA	CAMP_BRCA1	04_ROBUSTNESS	20260919T151200Z_all117_robustness_v2	all117_robustness_v2	partial_rank_composition_proxy_sensitivity	KEGG:C00187	cholesterol	SOAT2	author_mapped_tumor_specimen_NOT_verified_independent_patient	61.0	NA	partial_rank_correlation	-0.3142195499464957	-0.521672793119185	-0.0705817442941121	0.0153	0.26676	ER_PC12	171.0	DONE	NA	GSE37751_CAMP_processed	KEGG:C00187|SOAT2	-0.3025137607792271	0.0155	0.1767	0.09234	-0.0117057891672685	0.0117057891672685	1.680666914287067	1460003397.0	500.0	pointwise_stratified_specimen_bootstrap;covariate_scores_fixed;independence_unverified
BRCA	CAMP_BRCA1	04_ROBUSTNESS	20260919T151200Z_all117_robustness_v2	all117_robustness_v2	partial_rank_composition_proxy_sensitivity	KEGG:C00187	cholesterol	SOAT2	author_mapped_tumor_specimen_NOT_verified_independent_patient	61.0	NA	partial_rank_correlation	-0.2567074451423243	-0.484368198213757	-0.0071624755605064	0.0505	0.452295	ER_MonoEndoFib	171.0	DONE	NA	GSE37751_CAMP_processed	KEGG:C00187|SOAT2	-0.3025137607792271	0.0155	0.1767	0.09234	0.0458063156369028	-0.0458063156369028	2.508176151229478	1035140760.0	500.0	pointwise_stratified_specimen_bootstrap;covariate_scores_fixed;independence_unverified
BRCA	CAMP_BRCA1	04_ROBUSTNESS	20260919T151200Z_all117_robustness_v2	all117_robustness_v2	partial_rank_composition_proxy_sensitivity	KEGG:C00189	ethanolamine	CHKA	author_mapped_tumor_specimen_NOT_verified_independent_patient	61.0	NA	partial_rank_correlation	0.1223252273822646	-0.1566009838492313	0.4137101450735883	0.3564	0.6847685393258427	ER_PC12	171.0	DONE	NA	GSE37751_CAMP_processed	KEGG:C00189|CHKA	0.2263985001709722	0.0806	0.3379978723404255	0.21717	-0.1040732727887076	-0.1040732727887076	1.680666914287067	2663939739.0	500.0	pointwise_stratified_specimen_bootstrap;covariate_scores_fixed;independence_unverified
BRCA	CAMP_BRCA1	04_ROBUSTNESS	20260919T151200Z_all117_robustness_v2	all117_robustness_v2	partial_rank_composition_proxy_sensitivity	KEGG:C00189	ethanolamine	CHKA	author_mapped_tumor_specimen_NOT_verified_independent_patient	61.0	NA	partial_rank_correlation	0.1725039747803474	-0.0850652810694529	0.4036713119147851	0.2017	0.6632826923076923	ER_MonoEndoFib	171.0	DONE	NA	GSE37751_CAMP_processed	KEGG:C00189|CHKA	0.2263985001709722	0.0806	0.3379978723404255	0.21717	-0.0538945253906247	-0.0538945253906247	2.508176151229478	3484423117.0	500.0	pointwise_stratified_specimen_bootstrap;covariate_scores_fixed;independence_unverified
BRCA	CAMP_BRCA1	04_ROBUSTNESS	20260919T151200Z_all117_robustness_v2	all117_robustness_v2	partial_rank_composition_proxy_sensitivity	KEGG:C00189	ethanolamine	CHKB	author_mapped_tumor_specimen_NOT_verified_independent_patient	NA	NA	partial_rank_correlation	NA	NA	NA	NA	NA	ER_PC12	171.0	NOT_EVALUABLE	prior_unevaluable_or_missing_feature	GSE37751_CAMP_processed	KEGG:C00189|CHKB	NA	NA	NA	NA	NA	NA	NA	NA	NA	NA
BRCA	CAMP_BRCA1	04_ROBUSTNESS	20260919T151200Z_all117_robustness_v2	all117_robustness_v2	partial_rank_composition_proxy_sensitivity	KEGG:C00189	ethanolamine	CHKB	author_mapped_tumor_specimen_NOT_verified_independent_patient	NA	NA	partial_rank_correlation	NA	NA	NA	NA	NA	ER_MonoEndoFib	171.0	NOT_EVALUABLE	prior_unevaluable_or_missing_feature	GSE37751_CAMP_processed	KEGG:C00189|CHKB	NA	NA	NA	NA	NA	NA	NA	NA	NA	NA
BRCA	CAMP_BRCA1	04_ROBUSTNESS	20260919T151200Z_all117_robustness_v2	all117_robustness_v2	partial_rank_composition_proxy_sensitivity	KEGG:C00189	ethanolamine	ETNK1	author_mapped_tumor_specimen_NOT_verified_independent_patient	61.0	NA	partial_rank_correlation	0.317416709867071	0.0770832166403329	0.5291811264335314	0.0156	0.26676	ER_PC12	171.0	DONE	NA	GSE37751_CAMP_processed	KEGG:C00189|ETNK1	0.3853669504047172	0.0021	0.0534375	0.0418	-0.0679502405376462	-0.0679502405376462	1.680666914287067	2949772398.0	500.0	pointwise_stratified_specimen_bootstrap;covariate_scores_fixed;independence_unverified
BRCA	CAMP_BRCA1	04_ROBUSTNESS	20260919T151200Z_all117_robustness_v2	all117_robustness_v2	partial_rank_composition_proxy_sensitivity	KEGG:C00189	ethanolamine	ETNK1	author_mapped_tumor_specimen_NOT_verified_independent_patient	61.0	NA	partial_rank_correlation	0.3491308817217314	0.08229284587212	0.5823660032157835	0.0089	0.2931428571428571	ER_MonoEndoFib	171.0	DONE	NA	GSE37751_CAMP_processed	KEGG:C00189|ETNK1	0.3853669504047172	0.0021	0.0534375	0.0418	-0.0362360686829858	-0.0362360686829858	2.508176151229478	627957130.0	500.0	pointwise_stratified_specimen_bootstrap;covariate_scores_fixed;independence_unverified
BRCA	CAMP_BRCA1	04_ROBUSTNESS	20260919T151200Z_all117_robustness_v2	all117_robustness_v2	partial_rank_composition_proxy_sensitivity	KEGG:C00189	ethanolamine	ETNK2	author_mapped_tumor_specimen_NOT_verified_independent_patient	61.0	NA	partial_rank_correlation	0.0717550275624677	-0.202509983230721	0.3248736829355825	0.5876	0.8163335820895523	ER_PC12	171.0	DONE	NA	GSE37751_CAMP_processed	KEGG:C00189|ETNK2	0.1824237047725828	0.1615	0.43498125	0.3830793103448275	-0.110668677210115	-0.110668677210115	1.680666914287067	1985132154.0	500.0	pointwise_stratified_specimen_bootstrap;covariate_scores_fixed;independence_unverified
BRCA	CAMP_BRCA1	04_ROBUSTNESS	20260919T151200Z_all117_robustness_v2	all117_robustness_v2	partial_rank_composition_proxy_sensitivity	KEGG:C00189	ethanolamine	ETNK2	author_mapped_tumor_specimen_NOT_verified_independent_patient	61.0	NA	partial_rank_correlation	0.1499562063213389	-0.1001918491203923	0.4078252638546489	0.2664	0.7429447058823531	ER_MonoEndoFib	171.0	DONE	NA	GSE37751_CAMP_processed	KEGG:C00189|ETNK2	0.1824237047725828	0.1615	0.43498125	0.3830793103448275	-0.0324674984512437	-0.0324674984512437	2.508176151229478	3783230910.0	500.0	pointwise_stratified_specimen_bootstrap;covariate_scores_fixed;independence_unverified
BRCA	CAMP_BRCA1	04_ROBUSTNESS	20260919T151200Z_all117_robustness_v2	all117_robustness_v2	partial_rank_composition_proxy_sensitivity	KEGG:C00208	maltose	MGAM	author_mapped_tumor_specimen_NOT_verified_independent_patient	51.0	NA	partial_rank_correlation	0.1359855114176367	-0.1774804007485204	0.3663014514052876	0.3528	0.6847685393258427	ER_PC12	171.0	DONE	NA	GSE37751_CAMP_processed	KEGG:C00208|MGAM	0.133378838398501	0.3505	0.5986693069306931	0.9937	0.0026066730191356	0.0026066730191356	1.818614789540547	3347913791.0	500.0	pointwise_stratified_specimen_bootstrap;covariate_scores_fixed;independence_unverified
BRCA	CAMP_BRCA1	04_ROBUSTNESS	20260919T151200Z_all117_robustness_v2	all117_robustness_v2	partial_rank_composition_proxy_sensitivity	KEGG:C00208	maltose	MGAM	author_mapped_tumor_specimen_NOT_verified_independent_patient	51.0	NA	partial_rank_correlation	0.15255477590019	-0.106491243063427	0.4014599352389689	0.3087	0.7429447058823531	ER_MonoEndoFib	171.0	DONE	NA	GSE37751_CAMP_processed	KEGG:C00208|MGAM	0.133378838398501	0.3505	0.5986693069306931	0.9937	0.019175937501689	0.019175937501689	2.201585894320997	1645042705.0	500.0	pointwise_stratified_specimen_bootstrap;covariate_scores_fixed;independence_unverified
BRCA	CAMP_BRCA1	04_ROBUSTNESS	20260919T151200Z_all117_robustness_v2	all117_robustness_v2	partial_rank_composition_proxy_sensitivity	KEGG:C00212	adenosine	ADA	author_mapped_tumor_specimen_NOT_verified_independent_patient	60.0	NA	partial_rank_correlation	-0.1762811618454298	-0.4043834341217881	0.1129744627999894	0.1819	0.6415448275862069	ER_PC12	171.0	DONE	NA	GSE37751_CAMP_processed	KEGG:C00212|ADA	-0.0599646868721786	0.6341	0.7800798561151079	0.8626775510204082	-0.1163164749732512	0.1163164749732512	1.6518949757538044	231684681.0	500.0	pointwise_stratified_specimen_bootstrap;covariate_scores_fixed;independence_unverified
BRCA	CAMP_BRCA1	04_ROBUSTNESS	20260919T151200Z_all117_robustness_v2	all117_robustness_v2	partial_rank_composition_proxy_sensitivity	KEGG:C00212	adenosine	ADA	author_mapped_tumor_specimen_NOT_verified_independent_patient	60.0	NA	partial_rank_correlation	-0.1085638826279311	-0.3480793637673346	0.1828918969729475	0.4306	0.7750799999999999	ER_MonoEndoFib	171.0	DONE	NA	GSE37751_CAMP_processed	KEGG:C00212|ADA	-0.0599646868721786	0.6341	0.7800798561151079	0.8626775510204082	-0.0485991957557524	0.0485991957557524	2.479114025135184	2551540457.0	500.0	pointwise_stratified_specimen_bootstrap;covariate_scores_fixed;independence_unverified
BRCA	CAMP_BRCA1	04_ROBUSTNESS	20260919T151200Z_all117_robustness_v2	all117_robustness_v2	partial_rank_composition_proxy_sensitivity	KEGG:C00212	adenosine	ADA2	author_mapped_tumor_specimen_NOT_verified_independent_patient	60.0	NA	partial_rank_correlation	-0.1400847539470406	-0.3999600874267598	0.1044508810363619	0.2927	0.6796758620689655	ER_PC12	171.0	DONE	NA	GSE37751_CAMP_processed	KEGG:C00212|ADA2	-0.0086809775799047	0.951	0.9622544378698225	0.9540585798816568	-0.1314037763671358	0.1314037763671358	1.6518949757538044	2177217617.0	500.0	pointwise_stratified_specimen_bootstrap;covariate_scores_fixed;independence_unverified
BRCA	CAMP_BRCA1	04_ROBUSTNESS	20260919T151200Z_all117_robustness_v2	all117_robustness_v2	partial_rank_composition_proxy_sensitivity	KEGG:C00212	adenosine	ADA2	author_mapped_tumor_specimen_NOT_verified_independent_patient	60.0	NA	partial_rank_correlation	-0.0324097537109881	-0.2678083383553533	0.2248578092779353	0.8138	0.9382935483870968	ER_MonoEndoFib	171.0	DONE	NA	GSE37751_CAMP_processed	KEGG:C00212|ADA2	-0.0086809775799047	0.951	0.9622544378698225	0.9540585798816568	-0.0237287761310833	0.0237287761310833	2.479114025135184	4268304282.0	500.0	pointwise_stratified_specimen_bootstrap;covariate_scores_fixed;independence_unverified
BRCA	CAMP_BRCA1	04_ROBUSTNESS	20260919T151200Z_all117_robustness_v2	all117_robustness_v2	partial_rank_composition_proxy_sensitivity	KEGG:C00212	adenosine	AHCY	author_mapped_tumor_specimen_NOT_verified_independent_patient	60.0	NA	partial_rank_correlation	-0.0942693999778339	-0.3310924369540383	0.1429325379028058	0.4805	0.7900528846153846	ER_PC12	171.0	DONE	NA	GSE37751_CAMP_processed	KEGG:C00212|AHCY	-0.1384624003665939	0.2842	0.5210999999999999	0.6893023255813954	0.0441930003887599	-0.0441930003887599	1.6518949757538044	3984616502.0	500.0	pointwise_stratified_specimen_bootstrap;covariate_scores_fixed;independence_unverified
BRCA	CAMP_BRCA1	04_ROBUSTNESS	20260919T151200Z_all117_robustness_v2	all117_robustness_v2	partial_rank_composition_proxy_sensitivity	KEGG:C00212	adenosine	AHCY	author_mapped_tumor_specimen_NOT_verified_independent_patient	60.0	NA	partial_rank_correlation	-0.1277633254118811	-0.3569138456206189	0.098537704007963	0.3388	0.7429447058823531	ER_MonoEndoFib	171.0	DONE	NA	GSE37751_CAMP_processed	KEGG:C00212|AHCY	-0.1384624003665939	0.2842	0.5210999999999999	0.6893023255813954	0.0106990749547128	-0.0106990749547128	2.479114025135184	2251694740.0	500.0	pointwise_stratified_specimen_bootstrap;covariate_scores_fixed;independence_unverified
BRCA	CAMP_BRCA1	04_ROBUSTNESS	20260919T151200Z_all117_robustness_v2	all117_robustness_v2	partial_rank_composition_proxy_sensitivity	KEGG:C00242	guanine	GDA	author_mapped_tumor_specimen_NOT_verified_independent_patient	60.0	NA	partial_rank_correlation	-0.0758927785487884	-0.3608383441529538	0.1848473915023784	0.5734	0.8163335820895523	ER_PC12	171.0	DONE	NA	GSE37751_CAMP_processed	KEGG:C00242|GDA	-0.1604416228693925	0.2304	0.4952743902439024	0.50388	0.0845488443206041	-0.0845488443206041	1.6577037967799784	2243463005.0	500.0	pointwise_stratified_specimen_bootstrap;covariate_scores_fixed;independence_unverified
BRCA	CAMP_BRCA1	04_ROBUSTNESS	20260919T151200Z_all117_robustness_v2	all117_robustness_v2	partial_rank_composition_proxy_sensitivity	KEGG:C00242	guanine	GDA	author_mapped_tumor_specimen_NOT_verified_independent_patient	60.0	NA	partial_rank_correlation	-0.0282078072697319	-0.3003939252653789	0.216133369818971	0.8352	0.9382935483870968	ER_MonoEndoFib	171.0	DONE	NA	GSE37751_CAMP_processed	KEGG:C00242|GDA	-0.1604416228693925	0.2304	0.4952743902439024	0.50388	0.1322338155996607	-0.1322338155996607	2.4838510168466565	2216374180.0	500.0	pointwise_stratified_specimen_bootstrap;covariate_scores_fixed;independence_unverified
BRCA	CAMP_BRCA1	04_ROBUSTNESS	20260919T151200Z_all117_robustness_v2	all117_robustness_v2	partial_rank_composition_proxy_sensitivity	KEGG:C00242	guanine	HPRT1	author_mapped_tumor_specimen_NOT_verified_independent_patient	60.0	NA	partial_rank_correlation	0.165708478111214	-0.1076251778408182	0.4081168681776074	0.2125	0.6415448275862069	ER_PC12	171.0	DONE	NA	GSE37751_CAMP_processed	KEGG:C00242|HPRT1	0.3474741612049995	0.008	0.109176923076923	0.0693	-0.1817656830937855	-0.1817656830937855	1.6577037967799784	3436106088.0	500.0	pointwise_stratified_specimen_bootstrap;covariate_scores_fixed;independence_unverified
BRCA	CAMP_BRCA1	04_ROBUSTNESS	20260919T151200Z_all117_robustness_v2	all117_robustness_v2	partial_rank_composition_proxy_sensitivity	KEGG:C00242	guanine	HPRT1	author_mapped_tumor_specimen_NOT_verified_independent_patient	60.0	NA	partial_rank_correlation	0.1338038614860739	-0.1012708180454571	0.3572782085484439	0.3267	0.7429447058823531	ER_MonoEndoFib	171.0	DONE	NA	GSE37751_CAMP_processed	KEGG:C00242|HPRT1	0.3474741612049995	0.008	0.109176923076923	0.0693	-0.2136702997189255	-0.2136702997189255	2.4838510168466565	3118833604.0	500.0	pointwise_stratified_specimen_bootstrap;covariate_scores_fixed;independence_unverified
BRCA	CAMP_BRCA1	04_ROBUSTNESS	20260919T151200Z_all117_robustness_v2	all117_robustness_v2	partial_rank_composition_proxy_sensitivity	KEGG:C00242	guanine	PNP	author_mapped_tumor_specimen_NOT_verified_independent_patient	60.0	NA	partial_rank_correlation	0.3975177521136612	0.1220450787423209	0.6113141818683182	0.0028	0.1368	ER_PC12	171.0	DONE	NA	GSE37751_CAMP_processed	KEGG:C00242|PNP	0.4638239434100776	0.0004	0.0285	0.0171	-0.0663061912964161	-0.0663061912964161	1.6577037967799784	746535696.0	500.0	pointwise_stratified_specimen_bootstrap;covariate_scores_fixed;independence_unverified
BRCA	CAMP_BRCA1	04_ROBUSTNESS	20260919T151200Z_all117_robustness_v2	all117_robustness_v2	partial_rank_composition_proxy_sensitivity	KEGG:C00242	guanine	PNP	author_mapped_tumor_specimen_NOT_verified_independent_patient	60.0	NA	partial_rank_correlation	0.3066719394929129	0.0654400142477084	0.5218531424067894	0.0187	0.3553	ER_MonoEndoFib	171.0	DONE	NA	GSE37751_CAMP_processed	KEGG:C00242|PNP	0.4638239434100776	0.0004	0.0285	0.0171	-0.1571520039171645	-0.1571520039171645	2.4838510168466565	2921602003.0	500.0	pointwise_stratified_specimen_bootstrap;covariate_scores_fixed;independence_unverified
BRCA	CAMP_BRCA1	04_ROBUSTNESS	20260919T151200Z_all117_robustness_v2	all117_robustness_v2	partial_rank_composition_proxy_sensitivity	KEGG:C00245	taurine	SLC6A6	author_mapped_tumor_specimen_NOT_verified_independent_patient	61.0	NA	partial_rank_correlation	0.1518083459695607	-0.1279742682571724	0.410137517719463	0.2543	0.6689727272727273	ER_PC12	171.0	DONE	NA	GSE37751_CAMP_processed	KEGG:C00245|SLC6A6	0.167240827448844	0.2061	0.4827821917808219	0.3813697674418605	-0.0154324814792832	-0.0154324814792832	1.680666914287067	482244580.0	500.0	pointwise_stratified_specimen_bootstrap;covariate_scores_fixed;independence_unverified
BRCA	CAMP_BRCA1	04_ROBUSTNESS	20260919T151200Z_all117_robustness_v2	all117_robustness_v2	partial_rank_composition_proxy_sensitivity	KEGG:C00245	taurine	SLC6A6	author_mapped_tumor_specimen_NOT_verified_independent_patient	61.0	NA	partial_rank_correlation	0.0556025465616193	-0.2589152892301951	0.327574333109603	0.6794	0.9297	ER_MonoEndoFib	171.0	DONE	NA	GSE37751_CAMP_processed	KEGG:C00245|SLC6A6	0.167240827448844	0.2061	0.4827821917808219	0.3813697674418605	-0.1116382808872245	-0.1116382808872245	2.508176151229478	1753559023.0	500.0	pointwise_stratified_specimen_bootstrap;covariate_scores_fixed;independence_unverified
BRCA	CAMP_BRCA1	04_ROBUSTNESS	20260919T151200Z_all117_robustness_v2	all117_robustness_v2	partial_rank_composition_proxy_sensitivity	KEGG:C00255	riboflavin (Vitamin B2)	RFK	author_mapped_tumor_specimen_NOT_verified_independent_patient	40.0	NA	partial_rank_correlation	0.15894855479053	-0.1515550804336868	0.4730496342522382	0.3458	0.6796758620689655	ER_PC12	171.0	DONE	NA	GSE37751_CAMP_processed	KEGG:C00255|RFK	0.2483976536299208	0.1291	0.4091333333333334	0.3290653846153846	-0.0894490988393907	-0.0894490988393907	2.0066468637369272	2906264922.0	500.0	pointwise_stratified_specimen_bootstrap;covariate_scores_fixed;independence_unverified
BRCA	CAMP_BRCA1	04_ROBUSTNESS	20260919T151200Z_all117_robustness_v2	all117_robustness_v2	partial_rank_composition_proxy_sensitivity	KEGG:C00255	riboflavin (Vitamin B2)	RFK	author_mapped_tumor_specimen_NOT_verified_independent_patient	40.0	NA	partial_rank_correlation	0.184693299914795	-0.1016239885501287	0.4841037835546206	0.2768	0.7429447058823531	ER_MonoEndoFib	171.0	DONE	NA	GSE37751_CAMP_processed	KEGG:C00255|RFK	0.2483976536299208	0.1291	0.4091333333333334	0.3290653846153846	-0.0637043537151258	-0.0637043537151258	3.32869689416774	1767380627.0	500.0	pointwise_stratified_specimen_bootstrap;covariate_scores_fixed;independence_unverified
BRCA	CAMP_BRCA1	04_ROBUSTNESS	20260919T151200Z_all117_robustness_v2	all117_robustness_v2	partial_rank_composition_proxy_sensitivity	KEGG:C00257	gluconate	IDNK	author_mapped_tumor_specimen_NOT_verified_independent_patient	54.0	NA	partial_rank_correlation	0.1043529804992364	-0.1507461647675627	0.3411280418304809	0.4636	0.7772117647058824	ER_PC12	171.0	DONE	NA	GSE37751_CAMP_processed	KEGG:C00257|IDNK	0.1004448643535446	0.4718	0.7008126050420168	0.6172682926829269	0.0039081161456917	0.0039081161456917	1.6137296670864272	2817108289.0	500.0	pointwise_stratified_specimen_bootstrap;covariate_scores_fixed;independence_unverified
BRCA	CAMP_BRCA1	04_ROBUSTNESS	20260919T151200Z_all117_robustness_v2	all117_robustness_v2	partial_rank_composition_proxy_sensitivity	KEGG:C00257	gluconate	IDNK	author_mapped_tumor_specimen_NOT_verified_independent_patient	54.0	NA	partial_rank_correlation	0.0712606915653552	-0.2396082298419224	0.3483711567408257	0.6167	0.9210208695652172	ER_MonoEndoFib	171.0	DONE	NA	GSE37751_CAMP_processed	KEGG:C00257|IDNK	0.1004448643535446	0.4718	0.7008126050420168	0.6172682926829269	-0.0291841727881893	-0.0291841727881893	2.6612516627284104	3114949813.0	500.0	pointwise_stratified_specimen_bootstrap;covariate_scores_fixed;independence_unverified
BRCA	CAMP_BRCA1	04_ROBUSTNESS	20260919T151200Z_all117_robustness_v2	all117_robustness_v2	partial_rank_composition_proxy_sensitivity	KEGG:C00262	hypoxanthine	HPRT1	author_mapped_tumor_specimen_NOT_verified_independent_patient	61.0	NA	partial_rank_correlation	-0.0044929856327119	-0.3232389953319129	0.2810846913198508	0.9753	0.9927160714285714	ER_PC12	171.0	DONE	NA	GSE37751_CAMP_processed	KEGG:C00262|HPRT1	0.1551684850898895	0.2368	0.4952743902439024	0.392723595505618	-0.1596614707226014	-0.1506754994571775	1.680666914287067	1151852065.0	500.0	pointwise_stratified_specimen_bootstrap;covariate_scores_fixed;independence_unverified
BRCA	CAMP_BRCA1	04_ROBUSTNESS	20260919T151200Z_all117_robustness_v2	all117_robustness_v2	partial_rank_composition_proxy_sensitivity	KEGG:C00262	hypoxanthine	HPRT1	author_mapped_tumor_specimen_NOT_verified_independent_patient	61.0	NA	partial_rank_correlation	-0.0328994690712206	-0.3137724034433496	0.3106119839295175	0.8074	0.9382935483870968	ER_MonoEndoFib	171.0	DONE	NA	GSE37751_CAMP_processed	KEGG:C00262|HPRT1	0.1551684850898895	0.2368	0.4952743902439024	0.392723595505618	-0.1880679541611101	-0.1222690160186688	2.508176151229478	1269652892.0	500.0	pointwise_stratified_specimen_bootstrap;covariate_scores_fixed;independence_unverified
BRCA	CAMP_BRCA1	04_ROBUSTNESS	20260919T151200Z_all117_robustness_v2	all117_robustness_v2	partial_rank_composition_proxy_sensitivity	KEGG:C00262	hypoxanthine	PNP	author_mapped_tumor_specimen_NOT_verified_independent_patient	61.0	NA	partial_rank_correlation	0.206518479349493	-0.0927424896471096	0.4543952422072083	0.1202	0.5941255813953489	ER_PC12	171.0	DONE	NA	GSE37751_CAMP_processed	KEGG:C00262|PNP	0.2452922034724583	0.0584	0.3026181818181818	0.15705	-0.0387737241229652	-0.0387737241229652	1.680666914287067	1558962541.0	500.0	pointwise_stratified_specimen_bootstrap;covariate_scores_fixed;independence_unverified
BRCA	CAMP_BRCA1	04_ROBUSTNESS	20260919T151200Z_all117_robustness_v2	all117_robustness_v2	partial_rank_composition_proxy_sensitivity	KEGG:C00262	hypoxanthine	PNP	author_mapped_tumor_specimen_NOT_verified_independent_patient	61.0	NA	partial_rank_correlation	0.1653330055090631	-0.1141819355750918	0.4267647058153688	0.2228	0.6812517857142857	ER_MonoEndoFib	171.0	DONE	NA	GSE37751_CAMP_processed	KEGG:C00262|PNP	0.2452922034724583	0.0584	0.3026181818181818	0.15705	-0.0799591979633952	-0.0799591979633952	2.508176151229478	3880766155.0	500.0	pointwise_stratified_specimen_bootstrap;covariate_scores_fixed;independence_unverified
BRCA	CAMP_BRCA1	04_ROBUSTNESS	20260919T151200Z_all117_robustness_v2	all117_robustness_v2	partial_rank_composition_proxy_sensitivity	KEGG:C00270	N-acetylneuraminate	CMAS	author_mapped_tumor_specimen_NOT_verified_independent_patient	61.0	NA	partial_rank_correlation	-0.1137642239578283	-0.3637970154618298	0.1696777107479478	0.4031	0.72558	ER_PC12	171.0	DONE	NA	GSE37751_CAMP_processed	KEGG:C00270|CMAS	0.0176084588993639	0.8978	0.9406030120481929	0.5552470588235294	-0.1313726828571922	0.0961557650584644	1.680666914287067	1087876742.0	500.0	pointwise_stratified_specimen_bootstrap;covariate_scores_fixed;independence_unverified
BRCA	CAMP_BRCA1	04_ROBUSTNESS	20260919T151200Z_all117_robustness_v2	all117_robustness_v2	partial_rank_composition_proxy_sensitivity	KEGG:C00270	N-acetylneuraminate	CMAS	author_mapped_tumor_specimen_NOT_verified_independent_patient	61.0	NA	partial_rank_correlation	-0.0543312126199121	-0.2864856039547339	0.2007210969911462	0.6973	0.9297	ER_MonoEndoFib	171.0	DONE	NA	GSE37751_CAMP_processed	KEGG:C00270|CMAS	0.0176084588993639	0.8978	0.9406030120481929	0.5552470588235294	-0.071939671519276	0.0367227537205481	2.508176151229478	2016625060.0	500.0	pointwise_stratified_specimen_bootstrap;covariate_scores_fixed;independence_unverified
BRCA	CAMP_BRCA1	04_ROBUSTNESS	20260919T151200Z_all117_robustness_v2	all117_robustness_v2	partial_rank_composition_proxy_sensitivity	KEGG:C00270	N-acetylneuraminate	NPL	author_mapped_tumor_specimen_NOT_verified_independent_patient	61.0	NA	partial_rank_correlation	-0.0748973143500925	-0.3779969722712244	0.2455823494701686	0.5815	0.8163335820895523	ER_PC12	171.0	DONE	NA	GSE37751_CAMP_processed	KEGG:C00270|NPL	-0.1473478110729628	0.2616	0.5098909090909092	0.9540585798816568	0.0724504967228702	-0.0724504967228702	1.680666914287067	1101233804.0	500.0	pointwise_stratified_specimen_bootstrap;covariate_scores_fixed;independence_unverified
BRCA	CAMP_BRCA1	04_ROBUSTNESS	20260919T151200Z_all117_robustness_v2	all117_robustness_v2	partial_rank_composition_proxy_sensitivity	KEGG:C00270	N-acetylneuraminate	NPL	author_mapped_tumor_specimen_NOT_verified_independent_patient	61.0	NA	partial_rank_correlation	0.1433961563899737	-0.1047565391015215	0.3756238649397647	0.3075	0.7429447058823531	ER_MonoEndoFib	171.0	DONE	NA	GSE37751_CAMP_processed	KEGG:C00270|NPL	-0.1473478110729628	0.2616	0.5098909090909092	0.9540585798816568	0.2907439674629365	-0.0039516546829891	2.508176151229478	3024720538.0	500.0	pointwise_stratified_specimen_bootstrap;covariate_scores_fixed;independence_unverified
BRCA	CAMP_BRCA1	04_ROBUSTNESS	20260919T151200Z_all117_robustness_v2	all117_robustness_v2	partial_rank_composition_proxy_sensitivity	KEGG:C00275	mannose 6-phosphate	MPI	author_mapped_tumor_specimen_NOT_verified_independent_patient	51.0	NA	partial_rank_correlation	-0.2518173012866113	-0.5004120066039467	0.0465469868027165	0.0811	0.4952892857142857	ER_PC12	171.0	DONE	NA	GSE37751_CAMP_processed	KEGG:C00275|MPI	-0.2787250280009147	0.0529	0.2918032258064516	0.5264583333333334	0.0269077267143035	-0.0269077267143035	1.9299332541946697	2136167312.0	500.0	pointwise_stratified_specimen_bootstrap;covariate_scores_fixed;independence_unverified
BRCA	CAMP_BRCA1	04_ROBUSTNESS	20260919T151200Z_all117_robustness_v2	all117_robustness_v2	partial_rank_composition_proxy_sensitivity	KEGG:C00275	mannose 6-phosphate	MPI	author_mapped_tumor_specimen_NOT_verified_independent_patient	51.0	NA	partial_rank_correlation	-0.2641751923077754	-0.5152694051125378	0.0405393602068099	0.0734	0.4827461538461539	ER_MonoEndoFib	171.0	DONE	NA	GSE37751_CAMP_processed	KEGG:C00275|MPI	-0.2787250280009147	0.0529	0.2918032258064516	0.5264583333333334	0.0145498356931393	-0.0145498356931393	2.42840274446573	1366953021.0	500.0	pointwise_stratified_specimen_bootstrap;covariate_scores_fixed;independence_unverified
BRCA	CAMP_BRCA1	04_ROBUSTNESS	20260919T151200Z_all117_robustness_v2	all117_robustness_v2	partial_rank_composition_proxy_sensitivity	KEGG:C00275	mannose 6-phosphate	PMM1	author_mapped_tumor_specimen_NOT_verified_independent_patient	51.0	NA	partial_rank_correlation	0.2869954333175489	-0.0950187695615249	0.58545446789214	0.0505	0.4317750000000001	ER_PC12	171.0	DONE	NA	GSE37751_CAMP_processed	KEGG:C00275|PMM1	0.2999147776751282	0.0342	0.2249307692307692	0.1367999999999999	-0.0129193443575792	-0.0129193443575792	1.9299332541946697	3559569429.0	500.0	pointwise_stratified_specimen_bootstrap;covariate_scores_fixed;independence_unverified
BRCA	CAMP_BRCA1	04_ROBUSTNESS	20260919T151200Z_all117_robustness_v2	all117_robustness_v2	partial_rank_composition_proxy_sensitivity	KEGG:C00275	mannose 6-phosphate	PMM1	author_mapped_tumor_specimen_NOT_verified_independent_patient	51.0	NA	partial_rank_correlation	0.2192048176673834	-0.1329888667082766	0.4995840778571395	0.1357	0.5859878048780489	ER_MonoEndoFib	171.0	DONE	NA	GSE37751_CAMP_processed	KEGG:C00275|PMM1	0.2999147776751282	0.0342	0.2249307692307692	0.1367999999999999	-0.0807099600077448	-0.0807099600077448	2.42840274446573	863500527.0	500.0	pointwise_stratified_specimen_bootstrap;covariate_scores_fixed;independence_unverified
BRCA	CAMP_BRCA1	04_ROBUSTNESS	20260919T151200Z_all117_robustness_v2	all117_robustness_v2	partial_rank_composition_proxy_sensitivity	KEGG:C00275	mannose 6-phosphate	PMM2	author_mapped_tumor_specimen_NOT_verified_independent_patient	51.0	NA	partial_rank_correlation	0.3064098723440674	-0.0114981401131545	0.5572694497614515	0.031	0.4077692307692308	ER_PC12	171.0	DONE	NA	GSE37751_CAMP_processed	KEGG:C00275|PMM2	0.2696828886037689	0.0565	0.301921875	0.0884739130434782	0.0367269837402985	0.0367269837402985	1.9299332541946697	193632439.0	500.0	pointwise_stratified_specimen_bootstrap;covariate_scores_fixed;independence_unverified
BRCA	CAMP_BRCA1	04_ROBUSTNESS	20260919T151200Z_all117_robustness_v2	all117_robustness_v2	partial_rank_composition_proxy_sensitivity	KEGG:C00275	mannose 6-phosphate	PMM2	author_mapped_tumor_specimen_NOT_verified_independent_patient	51.0	NA	partial_rank_correlation	0.2499544850843636	-0.0609193801730607	0.5345160369770453	0.0898	0.5383551724137932	ER_MonoEndoFib	171.0	DONE	NA	GSE37751_CAMP_processed	KEGG:C00275|PMM2	0.2696828886037689	0.0565	0.301921875	0.0884739130434782	-0.0197284035194052	-0.0197284035194052	2.42840274446573	1228865137.0	500.0	pointwise_stratified_specimen_bootstrap;covariate_scores_fixed;independence_unverified
BRCA	CAMP_BRCA1	04_ROBUSTNESS	20260919T151200Z_all117_robustness_v2	all117_robustness_v2	partial_rank_composition_proxy_sensitivity	KEGG:C00294	inosine	ADA	author_mapped_tumor_specimen_NOT_verified_independent_patient	61.0	NA	partial_rank_correlation	-0.1776078655910976	-0.4338419597550413	0.1114861793636219	0.175	0.6415448275862069	ER_PC12	171.0	DONE	NA	GSE37751_CAMP_processed	KEGG:C00294|ADA	-0.1998454746595608	0.1228	0.4038230769230769	0.2478184615384615	0.0222376090684632	-0.0222376090684632	1.680666914287067	2992058753.0	500.0	pointwise_stratified_specimen_bootstrap;covariate_scores_fixed;independence_unverified
BRCA	CAMP_BRCA1	04_ROBUSTNESS	20260919T151200Z_all117_robustness_v2	all117_robustness_v2	partial_rank_composition_proxy_sensitivity	KEGG:C00294	inosine	ADA	author_mapped_tumor_specimen_NOT_verified_independent_patient	61.0	NA	partial_rank_correlation	-0.0586549389789741	-0.2971259442930258	0.2293553386469514	0.6682	0.9297	ER_MonoEndoFib	171.0	DONE	NA	GSE37751_CAMP_processed	KEGG:C00294|ADA	-0.1998454746595608	0.1228	0.4038230769230769	0.2478184615384615	0.1411905356805867	-0.1411905356805867	2.508176151229478	1510233885.0	500.0	pointwise_stratified_specimen_bootstrap;covariate_scores_fixed;independence_unverified
BRCA	CAMP_BRCA1	04_ROBUSTNESS	20260919T151200Z_all117_robustness_v2	all117_robustness_v2	partial_rank_composition_proxy_sensitivity	KEGG:C00294	inosine	ADA2	author_mapped_tumor_specimen_NOT_verified_independent_patient	61.0	NA	partial_rank_correlation	-0.1974644023896899	-0.4417598878738856	0.0935268683841023	0.1365	0.5941255813953489	ER_PC12	171.0	DONE	NA	GSE37751_CAMP_processed	KEGG:C00294|ADA2	-0.2191514296343834	0.0929	0.3379978723404255	0.2100857142857142	0.0216870272446935	-0.0216870272446935	1.680666914287067	1129192692.0	500.0	pointwise_stratified_specimen_bootstrap;covariate_scores_fixed;independence_unverified
BRCA	CAMP_BRCA1	04_ROBUSTNESS	20260919T151200Z_all117_robustness_v2	all117_robustness_v2	partial_rank_composition_proxy_sensitivity	KEGG:C00294	inosine	ADA2	author_mapped_tumor_specimen_NOT_verified_independent_patient	61.0	NA	partial_rank_correlation	-0.0811413161480685	-0.3371466505498135	0.2126019736138265	0.5359	0.8564383177570094	ER_MonoEndoFib	171.0	DONE	NA	GSE37751_CAMP_processed	KEGG:C00294|ADA2	-0.2191514296343834	0.0929	0.3379978723404255	0.2100857142857142	0.1380101134863149	-0.1380101134863149	2.508176151229478	331390771.0	500.0	pointwise_stratified_specimen_bootstrap;covariate_scores_fixed;independence_unverified
BRCA	CAMP_BRCA1	04_ROBUSTNESS	20260919T151200Z_all117_robustness_v2	all117_robustness_v2	partial_rank_composition_proxy_sensitivity	KEGG:C00294	inosine	PNP	author_mapped_tumor_specimen_NOT_verified_independent_patient	61.0	NA	partial_rank_correlation	-0.0854955638454407	-0.374573043933535	0.2188584377292526	0.5201	0.8085190909090909	ER_PC12	171.0	DONE	NA	GSE37751_CAMP_processed	KEGG:C00294|PNP	-0.0946362849783293	0.4647	0.6970500000000001	0.54705	0.0091407211328886	-0.0091407211328886	1.680666914287067	411012850.0	500.0	pointwise_stratified_specimen_bootstrap;covariate_scores_fixed;independence_unverified
BRCA	CAMP_BRCA1	04_ROBUSTNESS	20260919T151200Z_all117_robustness_v2	all117_robustness_v2	partial_rank_composition_proxy_sensitivity	KEGG:C00294	inosine	PNP	author_mapped_tumor_specimen_NOT_verified_independent_patient	61.0	NA	partial_rank_correlation	-0.0075185999219222	-0.2836685160852323	0.226764556527989	0.957	0.9704752941176472	ER_MonoEndoFib	171.0	DONE	NA	GSE37751_CAMP_processed	KEGG:C00294|PNP	-0.0946362849783293	0.4647	0.6970500000000001	0.54705	0.087117685056407	-0.087117685056407	2.508176151229478	3487373282.0	500.0	pointwise_stratified_specimen_bootstrap;covariate_scores_fixed;independence_unverified
BRCA	CAMP_BRCA1	04_ROBUSTNESS	20260919T151200Z_all117_robustness_v2	all117_robustness_v2	partial_rank_composition_proxy_sensitivity	KEGG:C00300	creatine	CKB	author_mapped_tumor_specimen_NOT_verified_independent_patient	61.0	NA	partial_rank_correlation	0.2213056979883053	-0.0409903467942094	0.4433947184145719	0.0912	0.5198400000000001	ER_PC12	171.0	DONE	NA	GSE37751_CAMP_processed	KEGG:C00300|CKB	0.2226308292312297	0.0853	0.3379978723404255	0.20270625	-0.0013251312429243	-0.0013251312429243	1.680666914287067	52955259.0	500.0	pointwise_stratified_specimen_bootstrap;covariate_scores_fixed;independence_unverified
BRCA	CAMP_BRCA1	04_ROBUSTNESS	20260919T151200Z_all117_robustness_v2	all117_robustness_v2	partial_rank_composition_proxy_sensitivity	KEGG:C00300	creatine	CKB	author_mapped_tumor_specimen_NOT_verified_independent_patient	61.0	NA	partial_rank_correlation	0.242026215589571	-0.0058714186060229	0.4537355049859534	0.0641	0.4567125000000001	ER_MonoEndoFib	171.0	DONE	NA	GSE37751_CAMP_processed	KEGG:C00300|CKB	0.2226308292312297	0.0853	0.3379978723404255	0.20270625	0.0193953863583413	0.0193953863583413	2.508176151229478	1500117364.0	500.0	pointwise_stratified_specimen_bootstrap;covariate_scores_fixed;independence_unverified
BRCA	CAMP_BRCA1	04_ROBUSTNESS	20260919T151200Z_all117_robustness_v2	all117_robustness_v2	partial_rank_composition_proxy_sensitivity	KEGG:C00300	creatine	CKM	author_mapped_tumor_specimen_NOT_verified_independent_patient	61.0	NA	partial_rank_correlation	0.0544481395353648	-0.2290896291067499	0.3059582043302752	0.6881	0.8456617021276596	ER_PC12	171.0	DONE	NA	GSE37751_CAMP_processed	KEGG:C00300|CKM	0.0313361032449869	0.8127	0.8795677215189873	0.8839384615384615	0.0231120362903778	0.0231120362903778	1.680666914287067	2517437497.0	500.0	pointwise_stratified_specimen_bootstrap;covariate_scores_fixed;independence_unverified
BRCA	CAMP_BRCA1	04_ROBUSTNESS	20260919T151200Z_all117_robustness_v2	all117_robustness_v2	partial_rank_composition_proxy_sensitivity	KEGG:C00300	creatine	CKM	author_mapped_tumor_specimen_NOT_verified_independent_patient	61.0	NA	partial_rank_correlation	0.0258603690552194	-0.2653098867855843	0.2716952785251512	0.8461	0.9382935483870968	ER_MonoEndoFib	171.0	DONE	NA	GSE37751_CAMP_processed	KEGG:C00300|CKM	0.0313361032449869	0.8127	0.8795677215189873	0.8839384615384615	-0.0054757341897675	-0.0054757341897675	2.508176151229478	2659736851.0	500.0	pointwise_stratified_specimen_bootstrap;covariate_scores_fixed;independence_unverified
BRCA	CAMP_BRCA1	04_ROBUSTNESS	20260919T151200Z_all117_robustness_v2	all117_robustness_v2	partial_rank_composition_proxy_sensitivity	KEGG:C00300	creatine	GAMT	author_mapped_tumor_specimen_NOT_verified_independent_patient	61.0	NA	partial_rank_correlation	0.1274376899247327	-0.151320732075081	0.3949483166844253	0.3301	0.6796758620689655	ER_PC12	171.0	DONE	NA	GSE37751_CAMP_processed	KEGG:C00300|GAMT	0.1946903688680492	0.1324	0.4116436363636364	0.55632	-0.0672526789433163	-0.0672526789433163	1.680666914287067	997486091.0	500.0	pointwise_stratified_specimen_bootstrap;covariate_scores_fixed;independence_unverified
BRCA	CAMP_BRCA1	04_ROBUSTNESS	20260919T151200Z_all117_robustness_v2	all117_robustness_v2	partial_rank_composition_proxy_sensitivity	KEGG:C00300	creatine	GAMT	author_mapped_tumor_specimen_NOT_verified_independent_patient	61.0	NA	partial_rank_correlation	0.0259557176292125	-0.2541765908480483	0.3320466545128659	0.8473	0.9382935483870968	ER_MonoEndoFib	171.0	DONE	NA	GSE37751_CAMP_processed	KEGG:C00300|GAMT	0.1946903688680492	0.1324	0.4116436363636364	0.55632	-0.1687346512388365	-0.1687346512388365	2.508176151229478	1424444430.0	500.0	pointwise_stratified_specimen_bootstrap;covariate_scores_fixed;independence_unverified
BRCA	CAMP_BRCA1	04_ROBUSTNESS	20260919T151200Z_all117_robustness_v2	all117_robustness_v2	partial_rank_composition_proxy_sensitivity	KEGG:C00300	creatine	SLC6A8	author_mapped_tumor_specimen_NOT_verified_independent_patient	61.0	NA	partial_rank_correlation	0.1523817361136326	-0.1148739352930952	0.4237247183438839	0.2533	0.6689727272727273	ER_PC12	171.0	DONE	NA	GSE37751_CAMP_processed	KEGG:C00300|SLC6A8	0.152567410189079	0.2353	0.4952743902439024	0.334305	-0.0001856740754463	-0.0001856740754463	1.680666914287067	1994103735.0	500.0	pointwise_stratified_specimen_bootstrap;covariate_scores_fixed;independence_unverified
BRCA	CAMP_BRCA1	04_ROBUSTNESS	20260919T151200Z_all117_robustness_v2	all117_robustness_v2	partial_rank_composition_proxy_sensitivity	KEGG:C00300	creatine	SLC6A8	author_mapped_tumor_specimen_NOT_verified_independent_patient	61.0	NA	partial_rank_correlation	0.1795201140746688	-0.1214341450867943	0.4235534789799467	0.1726	0.636975	ER_MonoEndoFib	171.0	DONE	NA	GSE37751_CAMP_processed	KEGG:C00300|SLC6A8	0.152567410189079	0.2353	0.4952743902439024	0.334305	0.0269527038855898	0.0269527038855898	2.508176151229478	2910820722.0	500.0	pointwise_stratified_specimen_bootstrap;covariate_scores_fixed;independence_unverified
BRCA	CAMP_BRCA1	04_ROBUSTNESS	20260919T151200Z_all117_robustness_v2	all117_robustness_v2	partial_rank_composition_proxy_sensitivity	KEGG:C00307	cytidine 5'-diphosphocholine	CEPT1	author_mapped_tumor_specimen_NOT_verified_independent_patient	49.0	NA	partial_rank_correlation	0.0427171601852933	-0.2429833328858289	0.3493445900852113	0.7785	0.8700882352941176	ER_PC12	171.0	DONE	NA	GSE37751_CAMP_processed	KEGG:C00307|CEPT1	0.130372246708208	0.3728	0.61218	0.1624499999999999	-0.0876550865229147	-0.0876550865229147	1.8974882280723064	903693566.0	500.0	pointwise_stratified_specimen_bootstrap;covariate_scores_fixed;independence_unverified
BRCA	CAMP_BRCA1	04_ROBUSTNESS	20260919T151200Z_all117_robustness_v2	all117_robustness_v2	partial_rank_composition_proxy_sensitivity	KEGG:C00307	cytidine 5'-diphosphocholine	CEPT1	author_mapped_tumor_specimen_NOT_verified_independent_patient	49.0	NA	partial_rank_correlation	0.03387915100963	-0.2922912532503	0.3577622897131062	0.8188	0.9382935483870968	ER_MonoEndoFib	171.0	DONE	NA	GSE37751_CAMP_processed	KEGG:C00307|CEPT1	0.130372246708208	0.3728	0.61218	0.1624499999999999	-0.096493095698578	-0.096493095698578	2.6743097457530216	3201303365.0	500.0	pointwise_stratified_specimen_bootstrap;covariate_scores_fixed;independence_unverified
BRCA	CAMP_BRCA1	04_ROBUSTNESS	20260919T151200Z_all117_robustness_v2	all117_robustness_v2	partial_rank_composition_proxy_sensitivity	KEGG:C00307	cytidine 5'-diphosphocholine	CHPT1	author_mapped_tumor_specimen_NOT_verified_independent_patient	49.0	NA	partial_rank_correlation	-0.2102876731737945	-0.4998313694050696	0.1171143178183137	0.1594	0.6194863636363637	ER_PC12	171.0	DONE	NA	GSE37751_CAMP_processed	KEGG:C00307|CHPT1	-0.2138100889323124	0.1425	0.4201293103448276	0.2100857142857142	0.0035224157585178	-0.0035224157585178	1.8974882280723064	475301769.0	500.0	pointwise_stratified_specimen_bootstrap;covariate_scores_fixed;independence_unverified
BRCA	CAMP_BRCA1	04_ROBUSTNESS	20260919T151200Z_all117_robustness_v2	all117_robustness_v2	partial_rank_composition_proxy_sensitivity	KEGG:C00307	cytidine 5'-diphosphocholine	CHPT1	author_mapped_tumor_specimen_NOT_verified_independent_patient	49.0	NA	partial_rank_correlation	-0.1274604215867861	-0.4050096686685416	0.1719956855764147	0.4015	0.7625472527472527	ER_MonoEndoFib	171.0	DONE	NA	GSE37751_CAMP_processed	KEGG:C00307|CHPT1	-0.2138100889323124	0.1425	0.4201293103448276	0.2100857142857142	0.0863496673455263	-0.0863496673455263	2.6743097457530216	2576766667.0	500.0	pointwise_stratified_specimen_bootstrap;covariate_scores_fixed;independence_unverified
BRCA	CAMP_BRCA1	04_ROBUSTNESS	20260919T151200Z_all117_robustness_v2	all117_robustness_v2	partial_rank_composition_proxy_sensitivity	KEGG:C00307	cytidine 5'-diphosphocholine	PCYT1A	author_mapped_tumor_specimen_NOT_verified_independent_patient	49.0	NA	partial_rank_correlation	0.2215663881958636	-0.0872534308731831	0.535859006700911	0.138	0.5941255813953489	ER_PC12	171.0	DONE	NA	GSE37751_CAMP_processed	KEGG:C00307|PCYT1A	0.2023558820235644	0.1698	0.4467046153846154	0.2100857142857142	0.0192105061722992	0.0192105061722992	1.8974882280723064	1547332631.0	500.0	pointwise_stratified_specimen_bootstrap;covariate_scores_fixed;independence_unverified
BRCA	CAMP_BRCA1	04_ROBUSTNESS	20260919T151200Z_all117_robustness_v2	all117_robustness_v2	partial_rank_composition_proxy_sensitivity	KEGG:C00307	cytidine 5'-diphosphocholine	PCYT1A	author_mapped_tumor_specimen_NOT_verified_independent_patient	49.0	NA	partial_rank_correlation	0.1407976411833611	-0.2110584044560481	0.4648867140452883	0.3448	0.7429447058823531	ER_MonoEndoFib	171.0	DONE	NA	GSE37751_CAMP_processed	KEGG:C00307|PCYT1A	0.2023558820235644	0.1698	0.4467046153846154	0.2100857142857142	-0.0615582408402032	-0.0615582408402032	2.6743097457530216	3419076861.0	500.0	pointwise_stratified_specimen_bootstrap;covariate_scores_fixed;independence_unverified
BRCA	CAMP_BRCA1	04_ROBUSTNESS	20260919T151200Z_all117_robustness_v2	all117_robustness_v2	partial_rank_composition_proxy_sensitivity	KEGG:C00307	cytidine 5'-diphosphocholine	PCYT1B	author_mapped_tumor_specimen_NOT_verified_independent_patient	49.0	NA	partial_rank_correlation	-0.0708389553325646	-0.3251298019494502	0.1897616243380695	0.6397	0.8163335820895523	ER_PC12	171.0	DONE	NA	GSE37751_CAMP_processed	KEGG:C00307|PCYT1B	-0.1029064385608973	0.4841	0.7008126050420168	0.32535	0.0320674832283326	-0.0320674832283326	1.8974882280723064	888802483.0	500.0	pointwise_stratified_specimen_bootstrap;covariate_scores_fixed;independence_unverified
BRCA	CAMP_BRCA1	04_ROBUSTNESS	20260919T151200Z_all117_robustness_v2	all117_robustness_v2	partial_rank_composition_proxy_sensitivity	KEGG:C00307	cytidine 5'-diphosphocholine	PCYT1B	author_mapped_tumor_specimen_NOT_verified_independent_patient	49.0	NA	partial_rank_correlation	-0.0428896355547898	-0.3566607514959646	0.2498712507617055	0.7697	0.9382935483870968	ER_MonoEndoFib	171.0	DONE	NA	GSE37751_CAMP_processed	KEGG:C00307|PCYT1B	-0.1029064385608973	0.4841	0.7008126050420168	0.32535	0.0600168030061075	-0.0600168030061075	2.6743097457530216	2296111634.0	500.0	pointwise_stratified_specimen_bootstrap;covariate_scores_fixed;independence_unverified
BRCA	CAMP_BRCA1	04_ROBUSTNESS	20260919T151200Z_all117_robustness_v2	all117_robustness_v2	partial_rank_composition_proxy_sensitivity	KEGG:C00319	sphingosine	SPHK1	author_mapped_tumor_specimen_NOT_verified_independent_patient	45.0	NA	partial_rank_correlation	0.1977650408742668	-0.11660450812988	0.492659474326492	0.2027	0.6415448275862069	ER_PC12	171.0	DONE	NA	GSE37751_CAMP_processed	KEGG:C00319|SPHK1	0.1205038662532934	0.4362	0.6776837837837838	0.2100857142857142	0.0772611746209733	0.0772611746209733	1.8845131828739683	776930346.0	500.0	pointwise_stratified_specimen_bootstrap;covariate_scores_fixed;independence_unverified
BRCA	CAMP_BRCA1	04_ROBUSTNESS	20260919T151200Z_all117_robustness_v2	all117_robustness_v2	partial_rank_composition_proxy_sensitivity	KEGG:C00319	sphingosine	SPHK1	author_mapped_tumor_specimen_NOT_verified_independent_patient	45.0	NA	partial_rank_correlation	0.3719257641770203	0.0609979424257051	0.576145397643863	0.0148	0.31635	ER_MonoEndoFib	171.0	DONE	NA	GSE37751_CAMP_processed	KEGG:C00319|SPHK1	0.1205038662532934	0.4362	0.6776837837837838	0.2100857142857142	0.2514218979237268	0.2514218979237268	2.6389727734457487	4258207691.0	500.0	pointwise_stratified_specimen_bootstrap;covariate_scores_fixed;independence_unverified
BRCA	CAMP_BRCA1	04_ROBUSTNESS	20260919T151200Z_all117_robustness_v2	all117_robustness_v2	partial_rank_composition_proxy_sensitivity	KEGG:C00319	sphingosine	SPHK2	author_mapped_tumor_specimen_NOT_verified_independent_patient	45.0	NA	partial_rank_correlation	-0.1443021073857222	-0.4216286325392533	0.1628881331577575	0.3621	0.68799	ER_PC12	171.0	DONE	NA	GSE37751_CAMP_processed	KEGG:C00319|SPHK2	-0.0398815035228513	0.7868	0.8736545454545456	0.13145625	-0.1044206038628708	0.1044206038628708	1.8845131828739683	1857375199.0	500.0	pointwise_stratified_specimen_bootstrap;covariate_scores_fixed;independence_unverified
BRCA	CAMP_BRCA1	04_ROBUSTNESS	20260919T151200Z_all117_robustness_v2	all117_robustness_v2	partial_rank_composition_proxy_sensitivity	KEGG:C00319	sphingosine	SPHK2	author_mapped_tumor_specimen_NOT_verified_independent_patient	45.0	NA	partial_rank_correlation	-0.0580627315367736	-0.3549054947079655	0.2540217007495886	0.7185	0.9297	ER_MonoEndoFib	171.0	DONE	NA	GSE37751_CAMP_processed	KEGG:C00319|SPHK2	-0.0398815035228513	0.7868	0.8736545454545456	0.13145625	-0.0181812280139223	0.0181812280139223	2.6389727734457487	299483313.0	500.0	pointwise_stratified_specimen_bootstrap;covariate_scores_fixed;independence_unverified
BRCA	CAMP_BRCA1	04_ROBUSTNESS	20260919T151200Z_all117_robustness_v2	all117_robustness_v2	partial_rank_composition_proxy_sensitivity	KEGG:C00327	citrulline	ASS1	author_mapped_tumor_specimen_NOT_verified_independent_patient	61.0	NA	partial_rank_correlation	-0.064374787922562	-0.3072947396054703	0.1805953438352427	0.6347	0.8163335820895523	ER_PC12	171.0	DONE	NA	GSE37751_CAMP_processed	KEGG:C00327|ASS1	-0.052856188478543	0.6829	0.8281978723404254	0.5494112068965517	-0.0115185994440189	0.0115185994440189	1.680666914287067	2102661220.0	500.0	pointwise_stratified_specimen_bootstrap;covariate_scores_fixed;independence_unverified
BRCA	CAMP_BRCA1	04_ROBUSTNESS	20260919T151200Z_all117_robustness_v2	all117_robustness_v2	partial_rank_composition_proxy_sensitivity	KEGG:C00327	citrulline	ASS1	author_mapped_tumor_specimen_NOT_verified_independent_patient	61.0	NA	partial_rank_correlation	-0.069690826666702	-0.3043425573338061	0.1694890575354672	0.6074	0.9210208695652172	ER_MonoEndoFib	171.0	DONE	NA	GSE37751_CAMP_processed	KEGG:C00327|ASS1	-0.052856188478543	0.6829	0.8281978723404254	0.5494112068965517	-0.0168346381881589	0.0168346381881589	2.508176151229478	445120756.0	500.0	pointwise_stratified_specimen_bootstrap;covariate_scores_fixed;independence_unverified
BRCA	CAMP_BRCA1	04_ROBUSTNESS	20260919T151200Z_all117_robustness_v2	all117_robustness_v2	partial_rank_composition_proxy_sensitivity	KEGG:C00327	citrulline	OTC	author_mapped_tumor_specimen_NOT_verified_independent_patient	61.0	NA	partial_rank_correlation	0.0736077648283299	-0.1650497547852932	0.2746386001925521	0.5811	0.8163335820895523	ER_PC12	171.0	DONE	NA	GSE37751_CAMP_processed	KEGG:C00327|OTC	0.1103704995070105	0.4047	0.6407750000000001	0.5742516393442623	-0.0367627346786805	-0.0367627346786805	1.680666914287067	766245217.0	500.0	pointwise_stratified_specimen_bootstrap;covariate_scores_fixed;independence_unverified
BRCA	CAMP_BRCA1	04_ROBUSTNESS	20260919T151200Z_all117_robustness_v2	all117_robustness_v2	partial_rank_composition_proxy_sensitivity	KEGG:C00327	citrulline	OTC	author_mapped_tumor_specimen_NOT_verified_independent_patient	61.0	NA	partial_rank_correlation	0.053172619611099	-0.2159684960111325	0.3193042797778793	0.6893	0.9297	ER_MonoEndoFib	171.0	DONE	NA	GSE37751_CAMP_processed	KEGG:C00327|OTC	0.1103704995070105	0.4047	0.6407750000000001	0.5742516393442623	-0.0571978798959114	-0.0571978798959114	2.508176151229478	99795557.0	500.0	pointwise_stratified_specimen_bootstrap;covariate_scores_fixed;independence_unverified
BRCA	CAMP_BRCA1	04_ROBUSTNESS	20260919T151200Z_all117_robustness_v2	all117_robustness_v2	partial_rank_composition_proxy_sensitivity	KEGG:C00328	kynurenine	AFMID	author_mapped_tumor_specimen_NOT_verified_independent_patient	61.0	NA	partial_rank_correlation	-0.0277299929140592	-0.2945202062173175	0.2351869793652103	0.8319	0.9003474683544304	ER_PC12	171.0	DONE	NA	GSE37751_CAMP_processed	KEGG:C00328|AFMID	-0.1642214474185487	0.2178	0.4952743902439024	0.20270625	0.1364914545044895	-0.1364914545044895	1.680666914287067	971199197.0	500.0	pointwise_stratified_specimen_bootstrap;covariate_scores_fixed;independence_unverified
BRCA	CAMP_BRCA1	04_ROBUSTNESS	20260919T151200Z_all117_robustness_v2	all117_robustness_v2	partial_rank_composition_proxy_sensitivity	KEGG:C00328	kynurenine	AFMID	author_mapped_tumor_specimen_NOT_verified_independent_patient	61.0	NA	partial_rank_correlation	0.0326916674033936	-0.2118915126168449	0.2832067116678948	0.8128	0.9382935483870968	ER_MonoEndoFib	171.0	DONE	NA	GSE37751_CAMP_processed	KEGG:C00328|AFMID	-0.1642214474185487	0.2178	0.4952743902439024	0.20270625	0.1969131148219425	-0.1315297800151551	2.508176151229478	1738861908.0	500.0	pointwise_stratified_specimen_bootstrap;covariate_scores_fixed;independence_unverified
BRCA	CAMP_BRCA1	04_ROBUSTNESS	20260919T151200Z_all117_robustness_v2	all117_robustness_v2	partial_rank_composition_proxy_sensitivity	KEGG:C00328	kynurenine	KMO	author_mapped_tumor_specimen_NOT_verified_independent_patient	61.0	NA	partial_rank_correlation	0.0572433939988822	-0.2001633491895031	0.3231320313714414	0.674	0.8455138686131387	ER_PC12	171.0	DONE	NA	GSE37751_CAMP_processed	KEGG:C00328|KMO	0.2132220959615954	0.0954	0.3398625	0.1406	-0.1559787019627131	-0.1559787019627131	1.680666914287067	4111425570.0	500.0	pointwise_stratified_specimen_bootstrap;covariate_scores_fixed;independence_unverified
BRCA	CAMP_BRCA1	04_ROBUSTNESS	20260919T151200Z_all117_robustness_v2	all117_robustness_v2	partial_rank_composition_proxy_sensitivity	KEGG:C00328	kynurenine	KMO	author_mapped_tumor_specimen_NOT_verified_independent_patient	61.0	NA	partial_rank_correlation	-0.0646236343215629	-0.3098591788299844	0.2138234546324494	0.6312	0.9288076923076922	ER_MonoEndoFib	171.0	DONE	NA	GSE37751_CAMP_processed	KEGG:C00328|KMO	0.2132220959615954	0.0954	0.3398625	0.1406	-0.2778457302831583	-0.1485984616400325	2.508176151229478	1102123730.0	500.0	pointwise_stratified_specimen_bootstrap;covariate_scores_fixed;independence_unverified
BRCA	CAMP_BRCA1	04_ROBUSTNESS	20260919T151200Z_all117_robustness_v2	all117_robustness_v2	partial_rank_composition_proxy_sensitivity	KEGG:C00328	kynurenine	KYNU	author_mapped_tumor_specimen_NOT_verified_independent_patient	61.0	NA	partial_rank_correlation	0.2705055127796052	0.0481890031271328	0.4923891203914008	0.0402	0.4317750000000001	ER_PC12	171.0	DONE	NA	GSE37751_CAMP_processed	KEGG:C00328|KYNU	0.3465345438492198	0.0075	0.109176923076923	0.01995	-0.0760290310696143	-0.0760290310696143	1.680666914287067	3282282331.0	500.0	pointwise_stratified_specimen_bootstrap;covariate_scores_fixed;independence_unverified
BRCA	CAMP_BRCA1	04_ROBUSTNESS	20260919T151200Z_all117_robustness_v2	all117_robustness_v2	partial_rank_composition_proxy_sensitivity	KEGG:C00328	kynurenine	KYNU	author_mapped_tumor_specimen_NOT_verified_independent_patient	61.0	NA	partial_rank_correlation	0.2233711681886491	-0.058402212598249	0.4743749516762157	0.095	0.53971875	ER_MonoEndoFib	171.0	DONE	NA	GSE37751_CAMP_processed	KEGG:C00328|KYNU	0.3465345438492198	0.0075	0.109176923076923	0.01995	-0.1231633756605704	-0.1231633756605704	2.508176151229478	2574263118.0	500.0	pointwise_stratified_specimen_bootstrap;covariate_scores_fixed;independence_unverified
BRCA	CAMP_BRCA1	04_ROBUSTNESS	20260919T151200Z_all117_robustness_v2	all117_robustness_v2	partial_rank_composition_proxy_sensitivity	KEGG:C00345	6-phosphogluconate	IDNK	author_mapped_tumor_specimen_NOT_verified_independent_patient	42.0	NA	partial_rank_correlation	0.1637225691430389	-0.1602430924130409	0.4686581013071588	0.3087	0.6796758620689655	ER_PC12	171.0	DONE	NA	GSE37751_CAMP_processed	KEGG:C00345|IDNK	0.0946984694410073	0.5579	0.7394142857142856	0.8638331125827815	0.0690240997020316	0.0690240997020316	2.021308094863504	1529665122.0	500.0	pointwise_stratified_specimen_bootstrap;covariate_scores_fixed;independence_unverified
BRCA	CAMP_BRCA1	04_ROBUSTNESS	20260919T151200Z_all117_robustness_v2	all117_robustness_v2	partial_rank_composition_proxy_sensitivity	KEGG:C00345	6-phosphogluconate	IDNK	author_mapped_tumor_specimen_NOT_verified_independent_patient	42.0	NA	partial_rank_correlation	0.1808001315901485	-0.1396990872505313	0.4592275174768686	0.256	0.73758	ER_MonoEndoFib	171.0	DONE	NA	GSE37751_CAMP_processed	KEGG:C00345|IDNK	0.0946984694410073	0.5579	0.7394142857142856	0.8638331125827815	0.0861016621491411	0.0861016621491411	2.523025291220193	2650305884.0	500.0	pointwise_stratified_specimen_bootstrap;covariate_scores_fixed;independence_unverified
BRCA	CAMP_BRCA1	04_ROBUSTNESS	20260919T151200Z_all117_robustness_v2	all117_robustness_v2	partial_rank_composition_proxy_sensitivity	KEGG:C00345	6-phosphogluconate	PGD	author_mapped_tumor_specimen_NOT_verified_independent_patient	42.0	NA	partial_rank_correlation	0.1812904633320583	-0.131792777808359	0.4522265871647206	0.2662	0.6765338028169015	ER_PC12	171.0	DONE	NA	GSE37751_CAMP_processed	KEGG:C00345|PGD	0.2039552461519874	0.2023	0.4804625	0.9141844311377246	-0.022664782819929	-0.022664782819929	2.021308094863504	3836780779.0	500.0	pointwise_stratified_specimen_bootstrap;covariate_scores_fixed;independence_unverified
BRCA	CAMP_BRCA1	04_ROBUSTNESS	20260919T151200Z_all117_robustness_v2	all117_robustness_v2	partial_rank_composition_proxy_sensitivity	KEGG:C00345	6-phosphogluconate	PGD	author_mapped_tumor_specimen_NOT_verified_independent_patient	42.0	NA	partial_rank_correlation	0.1493233822954535	-0.1961376131133549	0.4210042281025938	0.3693	0.7429447058823531	ER_MonoEndoFib	171.0	DONE	NA	GSE37751_CAMP_processed	KEGG:C00345|PGD	0.2039552461519874	0.2023	0.4804625	0.9141844311377246	-0.0546318638565339	-0.0546318638565339	2.523025291220193	3102660431.0	500.0	pointwise_stratified_specimen_bootstrap;covariate_scores_fixed;independence_unverified
BRCA	CAMP_BRCA1	04_ROBUSTNESS	20260919T151200Z_all117_robustness_v2	all117_robustness_v2	partial_rank_composition_proxy_sensitivity	KEGG:C00346	phosphoethanolamine	CHKA	author_mapped_tumor_specimen_NOT_verified_independent_patient	61.0	NA	partial_rank_correlation	-0.2562137835873547	-0.4280905223050354	-0.0030898826584285	0.0555	0.4334478260869565	ER_PC12	171.0	DONE	NA	GSE37751_CAMP_processed	KEGG:C00346|CHKA	0.050083087320187	0.7001	0.83469375	0.6893023255813954	-0.3062968709075417	0.2061306962671677	1.680666914287067	2814608523.0	500.0	pointwise_stratified_specimen_bootstrap;covariate_scores_fixed;independence_unverified
BRCA	CAMP_BRCA1	04_ROBUSTNESS	20260919T151200Z_all117_robustness_v2	all117_robustness_v2	partial_rank_composition_proxy_sensitivity	KEGG:C00346	phosphoethanolamine	CHKA	author_mapped_tumor_specimen_NOT_verified_independent_patient	61.0	NA	partial_rank_correlation	-0.1212991892165444	-0.3350171852195227	0.1308100416433179	0.3647	0.7429447058823531	ER_MonoEndoFib	171.0	DONE	NA	GSE37751_CAMP_processed	KEGG:C00346|CHKA	0.050083087320187	0.7001	0.83469375	0.6893023255813954	-0.1713822765367314	0.0712161018963574	2.508176151229478	3882695309.0	500.0	pointwise_stratified_specimen_bootstrap;covariate_scores_fixed;independence_unverified
BRCA	CAMP_BRCA1	04_ROBUSTNESS	20260919T151200Z_all117_robustness_v2	all117_robustness_v2	partial_rank_composition_proxy_sensitivity	KEGG:C00346	phosphoethanolamine	CHKB	author_mapped_tumor_specimen_NOT_verified_independent_patient	NA	NA	partial_rank_correlation	NA	NA	NA	NA	NA	ER_PC12	171.0	NOT_EVALUABLE	prior_unevaluable_or_missing_feature	GSE37751_CAMP_processed	KEGG:C00346|CHKB	NA	NA	NA	NA	NA	NA	NA	NA	NA	NA
BRCA	CAMP_BRCA1	04_ROBUSTNESS	20260919T151200Z_all117_robustness_v2	all117_robustness_v2	partial_rank_composition_proxy_sensitivity	KEGG:C00346	phosphoethanolamine	CHKB	author_mapped_tumor_specimen_NOT_verified_independent_patient	NA	NA	partial_rank_correlation	NA	NA	NA	NA	NA	ER_MonoEndoFib	171.0	NOT_EVALUABLE	prior_unevaluable_or_missing_feature	GSE37751_CAMP_processed	KEGG:C00346|CHKB	NA	NA	NA	NA	NA	NA	NA	NA	NA	NA
BRCA	CAMP_BRCA1	04_ROBUSTNESS	20260919T151200Z_all117_robustness_v2	all117_robustness_v2	partial_rank_composition_proxy_sensitivity	KEGG:C00346	phosphoethanolamine	ETNK1	author_mapped_tumor_specimen_NOT_verified_independent_patient	61.0	NA	partial_rank_correlation	-0.0644278465218408	-0.3672099915196827	0.2195046526373454	0.6328	0.8163335820895523	ER_PC12	171.0	DONE	NA	GSE37751_CAMP_processed	KEGG:C00346|ETNK1	0.1782824624871529	0.1809	0.4617	0.3768035294117647	-0.2427103090089937	-0.113854615965312	1.680666914287067	2216023918.0	500.0	pointwise_stratified_specimen_bootstrap;covariate_scores_fixed;independence_unverified
BRCA	CAMP_BRCA1	04_ROBUSTNESS	20260919T151200Z_all117_robustness_v2	all117_robustness_v2	partial_rank_composition_proxy_sensitivity	KEGG:C00346	phosphoethanolamine	ETNK1	author_mapped_tumor_specimen_NOT_verified_independent_patient	61.0	NA	partial_rank_correlation	0.0205142853757915	-0.2710116978724828	0.2901744618219073	0.8753	0.9501381818181818	ER_MonoEndoFib	171.0	DONE	NA	GSE37751_CAMP_processed	KEGG:C00346|ETNK1	0.1782824624871529	0.1809	0.4617	0.3768035294117647	-0.1577681771113614	-0.1577681771113614	2.508176151229478	3032874485.0	500.0	pointwise_stratified_specimen_bootstrap;covariate_scores_fixed;independence_unverified
BRCA	CAMP_BRCA1	04_ROBUSTNESS	20260919T151200Z_all117_robustness_v2	all117_robustness_v2	partial_rank_composition_proxy_sensitivity	KEGG:C00346	phosphoethanolamine	ETNK2	author_mapped_tumor_specimen_NOT_verified_independent_patient	61.0	NA	partial_rank_correlation	0.1645761257324797	-0.1760206660847187	0.4318741851266366	0.2216	0.642264406779661	ER_PC12	171.0	DONE	NA	GSE37751_CAMP_processed	KEGG:C00346|ETNK2	0.2624504139385992	0.0436	0.2570896551724138	0.2478184615384615	-0.0978742882061194	-0.0978742882061194	1.680666914287067	3260314608.0	500.0	pointwise_stratified_specimen_bootstrap;covariate_scores_fixed;independence_unverified
BRCA	CAMP_BRCA1	04_ROBUSTNESS	20260919T151200Z_all117_robustness_v2	all117_robustness_v2	partial_rank_composition_proxy_sensitivity	KEGG:C00346	phosphoethanolamine	ETNK2	author_mapped_tumor_specimen_NOT_verified_independent_patient	61.0	NA	partial_rank_correlation	0.1948352585632103	-0.0763237384198059	0.4452330929561658	0.1384	0.5859878048780489	ER_MonoEndoFib	171.0	DONE	NA	GSE37751_CAMP_processed	KEGG:C00346|ETNK2	0.2624504139385992	0.0436	0.2570896551724138	0.2478184615384615	-0.0676151553753889	-0.0676151553753889	2.508176151229478	1851641980.0	500.0	pointwise_stratified_specimen_bootstrap;covariate_scores_fixed;independence_unverified
BRCA	CAMP_BRCA1	04_ROBUSTNESS	20260919T151200Z_all117_robustness_v2	all117_robustness_v2	partial_rank_composition_proxy_sensitivity	KEGG:C00346	phosphoethanolamine	PCYT2	author_mapped_tumor_specimen_NOT_verified_independent_patient	61.0	NA	partial_rank_correlation	0.1519656498515993	-0.1232465195272301	0.3934449437961208	0.2582	0.6689727272727273	ER_PC12	171.0	DONE	NA	GSE37751_CAMP_processed	KEGG:C00346|PCYT2	0.3768436747516131	0.0038	0.0722	0.0342	-0.2248780249000137	-0.2248780249000137	1.680666914287067	3925519548.0	500.0	pointwise_stratified_specimen_bootstrap;covariate_scores_fixed;independence_unverified
BRCA	CAMP_BRCA1	04_ROBUSTNESS	20260919T151200Z_all117_robustness_v2	all117_robustness_v2	partial_rank_composition_proxy_sensitivity	KEGG:C00346	phosphoethanolamine	PCYT2	author_mapped_tumor_specimen_NOT_verified_independent_patient	61.0	NA	partial_rank_correlation	0.2001110307438498	-0.0586264534067077	0.4225183341575316	0.1356	0.5859878048780489	ER_MonoEndoFib	171.0	DONE	NA	GSE37751_CAMP_processed	KEGG:C00346|PCYT2	0.3768436747516131	0.0038	0.0722	0.0342	-0.1767326440077631	-0.1767326440077631	2.508176151229478	2229871230.0	500.0	pointwise_stratified_specimen_bootstrap;covariate_scores_fixed;independence_unverified
BRCA	CAMP_BRCA1	04_ROBUSTNESS	20260919T151200Z_all117_robustness_v2	all117_robustness_v2	partial_rank_composition_proxy_sensitivity	KEGG:C00357	N-acetylglucosamine 6-phosphate	AMDHD2	author_mapped_tumor_specimen_NOT_verified_independent_patient	60.0	NA	partial_rank_correlation	-0.0678438540644889	-0.3332417391688091	0.2049518384432002	0.6176	0.8163335820895523	ER_PC12	171.0	DONE	NA	GSE37751_CAMP_processed	KEGG:C00357|AMDHD2	-0.1147696458627984	0.3882	0.6258280373831776	0.731514503816794	0.0469257917983097	-0.0469257917983097	1.6577037967799784	1937231285.0	500.0	pointwise_stratified_specimen_bootstrap;covariate_scores_fixed;independence_unverified
BRCA	CAMP_BRCA1	04_ROBUSTNESS	20260919T151200Z_all117_robustness_v2	all117_robustness_v2	partial_rank_composition_proxy_sensitivity	KEGG:C00357	N-acetylglucosamine 6-phosphate	AMDHD2	author_mapped_tumor_specimen_NOT_verified_independent_patient	60.0	NA	partial_rank_correlation	-0.120973406789736	-0.357348402884684	0.1552754916569242	0.3828	0.7524	ER_MonoEndoFib	171.0	DONE	NA	GSE37751_CAMP_processed	KEGG:C00357|AMDHD2	-0.1147696458627984	0.3882	0.6258280373831776	0.731514503816794	-0.0062037609269374	0.0062037609269374	2.4838510168466565	1442832478.0	500.0	pointwise_stratified_specimen_bootstrap;covariate_scores_fixed;independence_unverified
BRCA	CAMP_BRCA1	04_ROBUSTNESS	20260919T151200Z_all117_robustness_v2	all117_robustness_v2	partial_rank_composition_proxy_sensitivity	KEGG:C00357	N-acetylglucosamine 6-phosphate	GNPNAT1	author_mapped_tumor_specimen_NOT_verified_independent_patient	60.0	NA	partial_rank_correlation	0.0211429705313835	-0.2185809960797947	0.3043256558631115	0.8778	0.9243441717791412	ER_PC12	171.0	DONE	NA	GSE37751_CAMP_processed	KEGG:C00357|GNPNAT1	0.1475685341720346	0.2706	0.5199168539325842	0.4955679611650485	-0.1264255636406511	-0.1264255636406511	1.6577037967799784	886470030.0	500.0	pointwise_stratified_specimen_bootstrap;covariate_scores_fixed;independence_unverified
BRCA	CAMP_BRCA1	04_ROBUSTNESS	20260919T151200Z_all117_robustness_v2	all117_robustness_v2	partial_rank_composition_proxy_sensitivity	KEGG:C00357	N-acetylglucosamine 6-phosphate	GNPNAT1	author_mapped_tumor_specimen_NOT_verified_independent_patient	60.0	NA	partial_rank_correlation	0.0418019760248784	-0.227660623236304	0.3238760961566567	0.7556	0.9382935483870968	ER_MonoEndoFib	171.0	DONE	NA	GSE37751_CAMP_processed	KEGG:C00357|GNPNAT1	0.1475685341720346	0.2706	0.5199168539325842	0.4955679611650485	-0.1057665581471562	-0.1057665581471562	2.4838510168466565	1907671818.0	500.0	pointwise_stratified_specimen_bootstrap;covariate_scores_fixed;independence_unverified
BRCA	CAMP_BRCA1	04_ROBUSTNESS	20260919T151200Z_all117_robustness_v2	all117_robustness_v2	partial_rank_composition_proxy_sensitivity	KEGG:C00357	N-acetylglucosamine 6-phosphate	NAGK	author_mapped_tumor_specimen_NOT_verified_independent_patient	60.0	NA	partial_rank_correlation	0.184404954948102	-0.0677364758630153	0.4706428124818151	0.1765	0.6415448275862069	ER_PC12	171.0	DONE	NA	GSE37751_CAMP_processed	KEGG:C00357|NAGK	0.2126511925160172	0.1041	0.3632877551020408	0.1126241379310344	-0.0282462375679151	-0.0282462375679151	1.6577037967799784	1793876642.0	500.0	pointwise_stratified_specimen_bootstrap;covariate_scores_fixed;independence_unverified
BRCA	CAMP_BRCA1	04_ROBUSTNESS	20260919T151200Z_all117_robustness_v2	all117_robustness_v2	partial_rank_composition_proxy_sensitivity	KEGG:C00357	N-acetylglucosamine 6-phosphate	NAGK	author_mapped_tumor_specimen_NOT_verified_independent_patient	60.0	NA	partial_rank_correlation	0.1386794760978101	-0.132266953716268	0.3732607096704813	0.307	0.7429447058823531	ER_MonoEndoFib	171.0	DONE	NA	GSE37751_CAMP_processed	KEGG:C00357|NAGK	0.2126511925160172	0.1041	0.3632877551020408	0.1126241379310344	-0.0739717164182071	-0.0739717164182071	2.4838510168466565	4140600330.0	500.0	pointwise_stratified_specimen_bootstrap;covariate_scores_fixed;independence_unverified
BRCA	CAMP_BRCA1	04_ROBUSTNESS	20260919T151200Z_all117_robustness_v2	all117_robustness_v2	partial_rank_composition_proxy_sensitivity	KEGG:C00357	N-acetylglucosamine 6-phosphate	PGM3	author_mapped_tumor_specimen_NOT_verified_independent_patient	60.0	NA	partial_rank_correlation	0.2653432268857214	-0.0348509792359868	0.523778076799339	0.0483	0.4317750000000001	ER_PC12	171.0	DONE	NA	GSE37751_CAMP_processed	KEGG:C00357|PGM3	0.312842553734939	0.017	0.1810588235294117	0.0693	-0.0474993268492175	-0.0474993268492175	1.6577037967799784	2657297293.0	500.0	pointwise_stratified_specimen_bootstrap;covariate_scores_fixed;independence_unverified
BRCA	CAMP_BRCA1	04_ROBUSTNESS	20260919T151200Z_all117_robustness_v2	all117_robustness_v2	partial_rank_composition_proxy_sensitivity	KEGG:C00357	N-acetylglucosamine 6-phosphate	PGM3	author_mapped_tumor_specimen_NOT_verified_independent_patient	60.0	NA	partial_rank_correlation	0.2560176642758261	-0.0473953588841981	0.5625138483541567	0.0604	0.4567125000000001	ER_MonoEndoFib	171.0	DONE	NA	GSE37751_CAMP_processed	KEGG:C00357|PGM3	0.312842553734939	0.017	0.1810588235294117	0.0693	-0.0568248894591129	-0.0568248894591129	2.4838510168466565	611178334.0	500.0	pointwise_stratified_specimen_bootstrap;covariate_scores_fixed;independence_unverified
BRCA	CAMP_BRCA1	04_ROBUSTNESS	20260919T151200Z_all117_robustness_v2	all117_robustness_v2	partial_rank_composition_proxy_sensitivity	KEGG:C00385	xanthine	GDA	author_mapped_tumor_specimen_NOT_verified_independent_patient	61.0	NA	partial_rank_correlation	0.1904795858927968	-0.1014341138041086	0.4443347019117255	0.1478	0.5941255813953489	ER_PC12	171.0	DONE	NA	GSE37751_CAMP_processed	KEGG:C00385|GDA	0.2249404612444853	0.0842	0.3379978723404255	0.2478184615384615	-0.0344608753516885	-0.0344608753516885	1.680666914287067	2703288398.0	500.0	pointwise_stratified_specimen_bootstrap;covariate_scores_fixed;independence_unverified
BRCA	CAMP_BRCA1	04_ROBUSTNESS	20260919T151200Z_all117_robustness_v2	all117_robustness_v2	partial_rank_composition_proxy_sensitivity	KEGG:C00385	xanthine	GDA	author_mapped_tumor_specimen_NOT_verified_independent_patient	61.0	NA	partial_rank_correlation	0.1868548978239033	-0.1023867067863993	0.4760014365614786	0.1611	0.636975	ER_MonoEndoFib	171.0	DONE	NA	GSE37751_CAMP_processed	KEGG:C00385|GDA	0.2249404612444853	0.0842	0.3379978723404255	0.2478184615384615	-0.038085563420582	-0.038085563420582	2.508176151229478	850677207.0	500.0	pointwise_stratified_specimen_bootstrap;covariate_scores_fixed;independence_unverified
BRCA	CAMP_BRCA1	04_ROBUSTNESS	20260919T151200Z_all117_robustness_v2	all117_robustness_v2	partial_rank_composition_proxy_sensitivity	KEGG:C00407	isoleucine	BCAT1	author_mapped_tumor_specimen_NOT_verified_independent_patient	61.0	NA	partial_rank_correlation	-0.0939275559463592	-0.3718469218549945	0.1968337568093136	0.4784	0.7900528846153846	ER_PC12	171.0	DONE	NA	GSE37751_CAMP_processed	KEGG:C00407|BCAT1	-0.0100260572055028	0.9408	0.9576	0.4405548387096774	-0.0839014987408564	0.0839014987408564	1.680666914287067	1864237318.0	500.0	pointwise_stratified_specimen_bootstrap;covariate_scores_fixed;independence_unverified
BRCA	CAMP_BRCA1	04_ROBUSTNESS	20260919T151200Z_all117_robustness_v2	all117_robustness_v2	partial_rank_composition_proxy_sensitivity	KEGG:C00407	isoleucine	BCAT1	author_mapped_tumor_specimen_NOT_verified_independent_patient	61.0	NA	partial_rank_correlation	-0.0913060304761483	-0.3430189275285521	0.1759879895770183	0.4936	0.8275058823529412	ER_MonoEndoFib	171.0	DONE	NA	GSE37751_CAMP_processed	KEGG:C00407|BCAT1	-0.0100260572055028	0.9408	0.9576	0.4405548387096774	-0.0812799732706455	0.0812799732706455	2.508176151229478	2921502944.0	500.0	pointwise_stratified_specimen_bootstrap;covariate_scores_fixed;independence_unverified
BRCA	CAMP_BRCA1	04_ROBUSTNESS	20260919T151200Z_all117_robustness_v2	all117_robustness_v2	partial_rank_composition_proxy_sensitivity	KEGG:C00407	isoleucine	BCAT2	author_mapped_tumor_specimen_NOT_verified_independent_patient	61.0	NA	partial_rank_correlation	-0.1931314194473293	-0.4088367168451378	0.0270664425000235	0.1494	0.5941255813953489	ER_PC12	171.0	DONE	NA	GSE37751_CAMP_processed	KEGG:C00407|BCAT2	-0.3355241589643783	0.0094	0.1148142857142857	0.2100857142857142	0.142392739517049	-0.142392739517049	1.680666914287067	2978610407.0	500.0	pointwise_stratified_specimen_bootstrap;covariate_scores_fixed;independence_unverified
BRCA	CAMP_BRCA1	04_ROBUSTNESS	20260919T151200Z_all117_robustness_v2	all117_robustness_v2	partial_rank_composition_proxy_sensitivity	KEGG:C00407	isoleucine	BCAT2	author_mapped_tumor_specimen_NOT_verified_independent_patient	61.0	NA	partial_rank_correlation	-0.2252728357336543	-0.4460769796819018	0.0047862246313914	0.0913	0.5383551724137932	ER_MonoEndoFib	171.0	DONE	NA	GSE37751_CAMP_processed	KEGG:C00407|BCAT2	-0.3355241589643783	0.0094	0.1148142857142857	0.2100857142857142	0.1102513232307239	-0.1102513232307239	2.508176151229478	784907961.0	500.0	pointwise_stratified_specimen_bootstrap;covariate_scores_fixed;independence_unverified
BRCA	CAMP_BRCA1	04_ROBUSTNESS	20260919T151200Z_all117_robustness_v2	all117_robustness_v2	partial_rank_composition_proxy_sensitivity	KEGG:C00429	5,6-dihydrouracil	DPYD	author_mapped_tumor_specimen_NOT_verified_independent_patient	50.0	NA	partial_rank_correlation	0.1477152469881673	-0.1657917860469895	0.4371802515894343	0.325	0.6796758620689655	ER_PC12	171.0	DONE	NA	GSE37751_CAMP_processed	KEGG:C00429|DPYD	0.0157054339907053	0.9104	0.9406030120481929	0.9134078313253012	0.1320098129974619	0.1320098129974619	1.891777997901812	289296015.0	500.0	pointwise_stratified_specimen_bootstrap;covariate_scores_fixed;independence_unverified
BRCA	CAMP_BRCA1	04_ROBUSTNESS	20260919T151200Z_all117_robustness_v2	all117_robustness_v2	partial_rank_composition_proxy_sensitivity	KEGG:C00429	5,6-dihydrouracil	DPYD	author_mapped_tumor_specimen_NOT_verified_independent_patient	50.0	NA	partial_rank_correlation	0.1411906790314289	-0.2030013055416324	0.4582265432958587	0.344	0.7429447058823531	ER_MonoEndoFib	171.0	DONE	NA	GSE37751_CAMP_processed	KEGG:C00429|DPYD	0.0157054339907053	0.9104	0.9406030120481929	0.9134078313253012	0.1254852450407235	0.1254852450407235	2.7187643590888	128896061.0	500.0	pointwise_stratified_specimen_bootstrap;covariate_scores_fixed;independence_unverified
BRCA	CAMP_BRCA1	04_ROBUSTNESS	20260919T151200Z_all117_robustness_v2	all117_robustness_v2	partial_rank_composition_proxy_sensitivity	KEGG:C00429	5,6-dihydrouracil	DPYS	author_mapped_tumor_specimen_NOT_verified_independent_patient	50.0	NA	partial_rank_correlation	-0.089760251239667	-0.4387082485185233	0.2401707259566051	0.5459	0.8163335820895523	ER_PC12	171.0	DONE	NA	GSE37751_CAMP_processed	KEGG:C00429|DPYS	-0.1737478385506302	0.2477	0.5021364705882353	0.1406	0.083987587310963	-0.083987587310963	1.891777997901812	592232362.0	500.0	pointwise_stratified_specimen_bootstrap;covariate_scores_fixed;independence_unverified
BRCA	CAMP_BRCA1	04_ROBUSTNESS	20260919T151200Z_all117_robustness_v2	all117_robustness_v2	partial_rank_composition_proxy_sensitivity	KEGG:C00429	5,6-dihydrouracil	DPYS	author_mapped_tumor_specimen_NOT_verified_independent_patient	50.0	NA	partial_rank_correlation	0.0309212186724523	-0.3492373694955616	0.3698816134622192	0.8382	0.9382935483870968	ER_MonoEndoFib	171.0	DONE	NA	GSE37751_CAMP_processed	KEGG:C00429|DPYS	-0.1737478385506302	0.2477	0.5021364705882353	0.1406	0.2046690572230824	-0.1428266198781776	2.7187643590888	3762048469.0	500.0	pointwise_stratified_specimen_bootstrap;covariate_scores_fixed;independence_unverified
BRCA	CAMP_BRCA1	04_ROBUSTNESS	20260919T151200Z_all117_robustness_v2	all117_robustness_v2	partial_rank_composition_proxy_sensitivity	KEGG:C00491	cystine	CTNS	author_mapped_tumor_specimen_NOT_verified_independent_patient	56.0	NA	partial_rank_correlation	0.0415432799247581	-0.2615616708085041	0.3187822817003457	0.7745	0.8700882352941176	ER_PC12	171.0	DONE	NA	GSE37751_CAMP_processed	KEGG:C00491|CTNS	0.0665208929313513	0.6207	0.7747423357664234	0.7333568181818183	-0.024977613006593	-0.024977613006593	1.6267748992026958	3740049276.0	500.0	pointwise_stratified_specimen_bootstrap;covariate_scores_fixed;independence_unverified
BRCA	CAMP_BRCA1	04_ROBUSTNESS	20260919T151200Z_all117_robustness_v2	all117_robustness_v2	partial_rank_composition_proxy_sensitivity	KEGG:C00491	cystine	CTNS	author_mapped_tumor_specimen_NOT_verified_independent_patient	56.0	NA	partial_rank_correlation	0.0170482245958444	-0.2529342414366239	0.3406397504185761	0.9057	0.9501381818181818	ER_MonoEndoFib	171.0	DONE	NA	GSE37751_CAMP_processed	KEGG:C00491|CTNS	0.0665208929313513	0.6207	0.7747423357664234	0.7333568181818183	-0.0494726683355068	-0.0494726683355068	2.7521854653548505	3456857781.0	500.0	pointwise_stratified_specimen_bootstrap;covariate_scores_fixed;independence_unverified
BRCA	CAMP_BRCA1	04_ROBUSTNESS	20260919T151200Z_all117_robustness_v2	all117_robustness_v2	partial_rank_composition_proxy_sensitivity	KEGG:C00491	cystine	SLC7A11	author_mapped_tumor_specimen_NOT_verified_independent_patient	56.0	NA	partial_rank_correlation	0.1143273276100625	-0.185492174723185	0.3722759210187352	0.4107	0.7275432989690721	ER_PC12	171.0	DONE	NA	GSE37751_CAMP_processed	KEGG:C00491|SLC7A11	0.151017246928855	0.2872	0.5210999999999999	0.1956999999999999	-0.0366899193187925	-0.0366899193187925	1.6267748992026958	3770282873.0	500.0	pointwise_stratified_specimen_bootstrap;covariate_scores_fixed;independence_unverified
BRCA	CAMP_BRCA1	04_ROBUSTNESS	20260919T151200Z_all117_robustness_v2	all117_robustness_v2	partial_rank_composition_proxy_sensitivity	KEGG:C00491	cystine	SLC7A11	author_mapped_tumor_specimen_NOT_verified_independent_patient	56.0	NA	partial_rank_correlation	0.1446052214813613	-0.1733444024455463	0.4476604913769058	0.3118	0.7429447058823531	ER_MonoEndoFib	171.0	DONE	NA	GSE37751_CAMP_processed	KEGG:C00491|SLC7A11	0.151017246928855	0.2872	0.5210999999999999	0.1956999999999999	-0.0064120254474937	-0.0064120254474937	2.7521854653548505	1121574387.0	500.0	pointwise_stratified_specimen_bootstrap;covariate_scores_fixed;independence_unverified
BRCA	CAMP_BRCA1	04_ROBUSTNESS	20260919T151200Z_all117_robustness_v2	all117_robustness_v2	partial_rank_composition_proxy_sensitivity	KEGG:C00668	glucose 6-phosphate	GPI	author_mapped_tumor_specimen_NOT_verified_independent_patient	60.0	NA	partial_rank_correlation	0.4491522767428949	0.2151413936911405	0.6566293721945479	0.0004	0.0342	ER_PC12	171.0	DONE	NA	GSE37751_CAMP_processed	KEGG:C00668|GPI	0.4581904380034955	0.0005	0.0285	0.0171	-0.0090381612606005	-0.0090381612606005	1.6577037967799784	1120428485.0	500.0	pointwise_stratified_specimen_bootstrap;covariate_scores_fixed;independence_unverified
BRCA	CAMP_BRCA1	04_ROBUSTNESS	20260919T151200Z_all117_robustness_v2	all117_robustness_v2	partial_rank_composition_proxy_sensitivity	KEGG:C00668	glucose 6-phosphate	GPI	author_mapped_tumor_specimen_NOT_verified_independent_patient	60.0	NA	partial_rank_correlation	0.4548728165334381	0.2027251732064032	0.6404989248557207	0.0006	0.0513	ER_MonoEndoFib	171.0	DONE	NA	GSE37751_CAMP_processed	KEGG:C00668|GPI	0.4581904380034955	0.0005	0.0285	0.0171	-0.0033176214700573	-0.0033176214700573	2.4838510168466565	135236874.0	500.0	pointwise_stratified_specimen_bootstrap;covariate_scores_fixed;independence_unverified
BRCA	CAMP_BRCA1	04_ROBUSTNESS	20260919T151200Z_all117_robustness_v2	all117_robustness_v2	partial_rank_composition_proxy_sensitivity	KEGG:C00670	glycerophosphorylcholine (GPC)	GDPD5	author_mapped_tumor_specimen_NOT_verified_independent_patient	61.0	NA	partial_rank_correlation	0.1745670786652286	-0.1129329980772435	0.4240924748287856	0.1951	0.6415448275862069	ER_PC12	171.0	DONE	NA	GSE37751_CAMP_processed	KEGG:C00670|GDPD5	0.0501956839017079	0.7029	0.83469375	0.8638331125827815	0.1243713947635206	0.1243713947635206	1.680666914287067	2378293579.0	500.0	pointwise_stratified_specimen_bootstrap;covariate_scores_fixed;independence_unverified
BRCA	CAMP_BRCA1	04_ROBUSTNESS	20260919T151200Z_all117_robustness_v2	all117_robustness_v2	partial_rank_composition_proxy_sensitivity	KEGG:C00670	glycerophosphorylcholine (GPC)	GDPD5	author_mapped_tumor_specimen_NOT_verified_independent_patient	61.0	NA	partial_rank_correlation	0.1145612391634934	-0.1829768902447809	0.3669662667711644	0.3914	0.7605613636363637	ER_MonoEndoFib	171.0	DONE	NA	GSE37751_CAMP_processed	KEGG:C00670|GDPD5	0.0501956839017079	0.7029	0.83469375	0.8638331125827815	0.0643655552617854	0.0643655552617854	2.508176151229478	3312710166.0	500.0	pointwise_stratified_specimen_bootstrap;covariate_scores_fixed;independence_unverified
BRCA	CAMP_BRCA1	04_ROBUSTNESS	20260919T151200Z_all117_robustness_v2	all117_robustness_v2	partial_rank_composition_proxy_sensitivity	KEGG:C00670	glycerophosphorylcholine (GPC)	GPCPD1	author_mapped_tumor_specimen_NOT_verified_independent_patient	61.0	NA	partial_rank_correlation	-0.4596628214545334	-0.6417283413378999	-0.2058168379033464	0.0004	0.0342	ER_PC12	171.0	DONE	NA	GSE37751_CAMP_processed	KEGG:C00670|GPCPD1	-0.5152108107796246	0.0001	0.0171	0.0171	0.0555479893250911	-0.0555479893250911	1.680666914287067	3878024202.0	500.0	pointwise_stratified_specimen_bootstrap;covariate_scores_fixed;independence_unverified
BRCA	CAMP_BRCA1	04_ROBUSTNESS	20260919T151200Z_all117_robustness_v2	all117_robustness_v2	partial_rank_composition_proxy_sensitivity	KEGG:C00670	glycerophosphorylcholine (GPC)	GPCPD1	author_mapped_tumor_specimen_NOT_verified_independent_patient	61.0	NA	partial_rank_correlation	-0.5249905197102464	-0.6986736999127124	-0.3118868608089296	0.0001	0.0171	ER_MonoEndoFib	171.0	DONE	NA	GSE37751_CAMP_processed	KEGG:C00670|GPCPD1	-0.5152108107796246	0.0001	0.0171	0.0171	-0.0097797089306217	0.0097797089306217	2.508176151229478	226967150.0	500.0	pointwise_stratified_specimen_bootstrap;covariate_scores_fixed;independence_unverified
BRCA	CAMP_BRCA1	04_ROBUSTNESS	20260919T151200Z_all117_robustness_v2	all117_robustness_v2	partial_rank_composition_proxy_sensitivity	KEGG:C00751	squalene	FDFT1	author_mapped_tumor_specimen_NOT_verified_independent_patient	38.0	NA	partial_rank_correlation	0.0166527231693787	-0.346443108019433	0.3579561369027138	0.9215	0.9550090909090908	ER_PC12	171.0	DONE	NA	GSE37751_CAMP_processed	KEGG:C00751|FDFT1	0.0424401399290287	0.8066	0.8795677215189873	0.7798821428571429	-0.0257874167596499	-0.0257874167596499	1.4746276300863097	4100281803.0	500.0	pointwise_stratified_specimen_bootstrap;covariate_scores_fixed;independence_unverified
BRCA	CAMP_BRCA1	04_ROBUSTNESS	20260919T151200Z_all117_robustness_v2	all117_robustness_v2	partial_rank_composition_proxy_sensitivity	KEGG:C00751	squalene	FDFT1	author_mapped_tumor_specimen_NOT_verified_independent_patient	38.0	NA	partial_rank_correlation	-0.0208657199474435	-0.4038485648178695	0.3587089765547084	0.9095	0.9501381818181818	ER_MonoEndoFib	171.0	DONE	NA	GSE37751_CAMP_processed	KEGG:C00751|FDFT1	0.0424401399290287	0.8066	0.8795677215189873	0.7798821428571429	-0.0633058598764723	-0.0215744199815851	2.5093998864944465	2198411870.0	500.0	pointwise_stratified_specimen_bootstrap;covariate_scores_fixed;independence_unverified
BRCA	CAMP_BRCA1	04_ROBUSTNESS	20260919T151200Z_all117_robustness_v2	all117_robustness_v2	partial_rank_composition_proxy_sensitivity	KEGG:C00751	squalene	SQLE	author_mapped_tumor_specimen_NOT_verified_independent_patient	38.0	NA	partial_rank_correlation	-0.0407591706099662	-0.3111501684586678	0.3019667641751432	0.8124	0.8848433121019108	ER_PC12	171.0	DONE	NA	GSE37751_CAMP_processed	KEGG:C00751|SQLE	0.0326657765640674	0.8486	0.90694125	0.8638331125827815	-0.0734249471740337	0.0080933940458987	1.4746276300863097	1122096677.0	500.0	pointwise_stratified_specimen_bootstrap;covariate_scores_fixed;independence_unverified
BRCA	CAMP_BRCA1	04_ROBUSTNESS	20260919T151200Z_all117_robustness_v2	all117_robustness_v2	partial_rank_composition_proxy_sensitivity	KEGG:C00751	squalene	SQLE	author_mapped_tumor_specimen_NOT_verified_independent_patient	38.0	NA	partial_rank_correlation	-0.0801036199543949	-0.3492982059289329	0.2967206029473261	0.6426	0.9297	ER_MonoEndoFib	171.0	DONE	NA	GSE37751_CAMP_processed	KEGG:C00751|SQLE	0.0326657765640674	0.8486	0.90694125	0.8638331125827815	-0.1127693965184623	0.0474378433903274	2.5093998864944465	1458558593.0	500.0	pointwise_stratified_specimen_bootstrap;covariate_scores_fixed;independence_unverified
BRCA	CAMP_BRCA1	04_ROBUSTNESS	20260919T151200Z_all117_robustness_v2	all117_robustness_v2	partial_rank_composition_proxy_sensitivity	KEGG:C00794	sorbitol	SORD	author_mapped_tumor_specimen_NOT_verified_independent_patient	34.0	NA	partial_rank_correlation	-0.1201448649210615	-0.4415219589276103	0.2956567755232175	0.5079	0.796797247706422	ER_PC12	171.0	DONE	NA	GSE37751_CAMP_processed	KEGG:C00794|SORD	-0.0202810597237685	0.9131	0.9406030120481929	0.0693	-0.099863805197293	0.099863805197293	1.9978168650489607	3820807928.0	500.0	pointwise_stratified_specimen_bootstrap;covariate_scores_fixed;independence_unverified
BRCA	CAMP_BRCA1	04_ROBUSTNESS	20260919T151200Z_all117_robustness_v2	all117_robustness_v2	partial_rank_composition_proxy_sensitivity	KEGG:C00794	sorbitol	SORD	author_mapped_tumor_specimen_NOT_verified_independent_patient	34.0	NA	partial_rank_correlation	-0.0689936367271233	-0.47782397375697	0.3071298844451465	0.7056	0.9297	ER_MonoEndoFib	171.0	DONE	NA	GSE37751_CAMP_processed	KEGG:C00794|SORD	-0.0202810597237685	0.9131	0.9406030120481929	0.0693	-0.0487125770033548	0.0487125770033548	2.809325054713794	1401465977.0	500.0	pointwise_stratified_specimen_bootstrap;covariate_scores_fixed;independence_unverified
BRCA	CAMP_BRCA1	04_ROBUSTNESS	20260919T151200Z_all117_robustness_v2	all117_robustness_v2	partial_rank_composition_proxy_sensitivity	KEGG:C00864	pantothenate	PANK1	author_mapped_tumor_specimen_NOT_verified_independent_patient	61.0	NA	partial_rank_correlation	0.2143375940803116	-0.0547862701487049	0.4601796513194479	0.1059	0.5841580645161291	ER_PC12	171.0	DONE	NA	GSE37751_CAMP_processed	KEGG:C00864|PANK1	0.3037178814047891	0.018	0.1810588235294117	0.1956999999999999	-0.0893802873244774	-0.0893802873244774	1.680666914287067	3304288227.0	500.0	pointwise_stratified_specimen_bootstrap;covariate_scores_fixed;independence_unverified
BRCA	CAMP_BRCA1	04_ROBUSTNESS	20260919T151200Z_all117_robustness_v2	all117_robustness_v2	partial_rank_composition_proxy_sensitivity	KEGG:C00864	pantothenate	PANK1	author_mapped_tumor_specimen_NOT_verified_independent_patient	61.0	NA	partial_rank_correlation	0.2669412847838419	0.0300509728786713	0.5186180764519132	0.0451	0.452295	ER_MonoEndoFib	171.0	DONE	NA	GSE37751_CAMP_processed	KEGG:C00864|PANK1	0.3037178814047891	0.018	0.1810588235294117	0.1956999999999999	-0.0367765966209471	-0.0367765966209471	2.508176151229478	4249371273.0	500.0	pointwise_stratified_specimen_bootstrap;covariate_scores_fixed;independence_unverified
BRCA	CAMP_BRCA1	04_ROBUSTNESS	20260919T151200Z_all117_robustness_v2	all117_robustness_v2	partial_rank_composition_proxy_sensitivity	KEGG:C00864	pantothenate	PANK2	author_mapped_tumor_specimen_NOT_verified_independent_patient	61.0	NA	partial_rank_correlation	-0.1312074116861148	-0.3810711468468741	0.1209926929592611	0.3283	0.6796758620689655	ER_PC12	171.0	DONE	NA	GSE37751_CAMP_processed	KEGG:C00864|PANK2	-0.0378208107041727	0.7733	0.8704235294117647	0.8350300699300699	-0.0933866009819421	0.0933866009819421	1.680666914287067	2113378928.0	500.0	pointwise_stratified_specimen_bootstrap;covariate_scores_fixed;independence_unverified
BRCA	CAMP_BRCA1	04_ROBUSTNESS	20260919T151200Z_all117_robustness_v2	all117_robustness_v2	partial_rank_composition_proxy_sensitivity	KEGG:C00864	pantothenate	PANK2	author_mapped_tumor_specimen_NOT_verified_independent_patient	61.0	NA	partial_rank_correlation	-0.1295210538433807	-0.3720026798278934	0.1271194870266201	0.3356	0.7429447058823531	ER_MonoEndoFib	171.0	DONE	NA	GSE37751_CAMP_processed	KEGG:C00864|PANK2	-0.0378208107041727	0.7733	0.8704235294117647	0.8350300699300699	-0.0917002431392079	0.0917002431392079	2.508176151229478	3334832720.0	500.0	pointwise_stratified_specimen_bootstrap;covariate_scores_fixed;independence_unverified
BRCA	CAMP_BRCA1	04_ROBUSTNESS	20260919T151200Z_all117_robustness_v2	all117_robustness_v2	partial_rank_composition_proxy_sensitivity	KEGG:C00864	pantothenate	PANK3	author_mapped_tumor_specimen_NOT_verified_independent_patient	61.0	NA	partial_rank_correlation	-0.126321313667486	-0.4014241050843946	0.13833417559618	0.3433	0.6796758620689655	ER_PC12	171.0	DONE	NA	GSE37751_CAMP_processed	KEGG:C00864|PANK3	0.0062066302390199	0.9599	0.9655464705882352	0.899314024390244	-0.1325279439065059	0.1201146834284661	1.680666914287067	687187474.0	500.0	pointwise_stratified_specimen_bootstrap;covariate_scores_fixed;independence_unverified
BRCA	CAMP_BRCA1	04_ROBUSTNESS	20260919T151200Z_all117_robustness_v2	all117_robustness_v2	partial_rank_composition_proxy_sensitivity	KEGG:C00864	pantothenate	PANK3	author_mapped_tumor_specimen_NOT_verified_independent_patient	61.0	NA	partial_rank_correlation	-0.2006466631011634	-0.4358826028605977	0.0818828158925944	0.1285	0.5859878048780489	ER_MonoEndoFib	171.0	DONE	NA	GSE37751_CAMP_processed	KEGG:C00864|PANK3	0.0062066302390199	0.9599	0.9655464705882352	0.899314024390244	-0.2068532933401833	0.1944400328621435	2.508176151229478	3357415683.0	500.0	pointwise_stratified_specimen_bootstrap;covariate_scores_fixed;independence_unverified
BRCA	CAMP_BRCA1	04_ROBUSTNESS	20260919T151200Z_all117_robustness_v2	all117_robustness_v2	partial_rank_composition_proxy_sensitivity	KEGG:C01157	trans-4-hydroxyproline	PRODH2	author_mapped_tumor_specimen_NOT_verified_independent_patient	52.0	NA	partial_rank_correlation	0.088144560997407	-0.1827006332013424	0.3460629156169919	0.5584	0.8163335820895523	ER_PC12	171.0	DONE	NA	GSE37751_CAMP_processed	KEGG:C01157|PRODH2	0.0881487609709689	0.5345	0.731196	0.8839384615384615	-4.1999735618525325e-06	-4.1999735618525325e-06	1.740865485065104	2234172070.0	500.0	pointwise_stratified_specimen_bootstrap;covariate_scores_fixed;independence_unverified
BRCA	CAMP_BRCA1	04_ROBUSTNESS	20260919T151200Z_all117_robustness_v2	all117_robustness_v2	partial_rank_composition_proxy_sensitivity	KEGG:C01157	trans-4-hydroxyproline	PRODH2	author_mapped_tumor_specimen_NOT_verified_independent_patient	52.0	NA	partial_rank_correlation	0.0575618415745492	-0.2521150344046614	0.3691953799168078	0.6976	0.9297	ER_MonoEndoFib	171.0	DONE	NA	GSE37751_CAMP_processed	KEGG:C01157|PRODH2	0.0881487609709689	0.5345	0.731196	0.8839384615384615	-0.0305869193964196	-0.0305869193964196	2.364138659890435	3651254203.0	500.0	pointwise_stratified_specimen_bootstrap;covariate_scores_fixed;independence_unverified
BRCA	CAMP_BRCA1	04_ROBUSTNESS	20260919T151200Z_all117_robustness_v2	all117_robustness_v2	partial_rank_composition_proxy_sensitivity	KEGG:C01179	4-hydroxyphenylpyruvate	HPD	author_mapped_tumor_specimen_NOT_verified_independent_patient	38.0	NA	partial_rank_correlation	0.0268312859565582	-0.30622918367386	0.3245264123483461	0.8802	0.9243441717791412	ER_PC12	171.0	DONE	NA	GSE37751_CAMP_processed	KEGG:C01179|HPD	0.0513072116746575	0.761	0.8704235294117647	0.54705	-0.0244759257180992	-0.0244759257180992	2.022941608233477	804223915.0	500.0	pointwise_stratified_specimen_bootstrap;covariate_scores_fixed;independence_unverified
BRCA	CAMP_BRCA1	04_ROBUSTNESS	20260919T151200Z_all117_robustness_v2	all117_robustness_v2	partial_rank_composition_proxy_sensitivity	KEGG:C01179	4-hydroxyphenylpyruvate	HPD	author_mapped_tumor_specimen_NOT_verified_independent_patient	38.0	NA	partial_rank_correlation	0.0730702265375806	-0.2769310923369263	0.3712861483894829	0.6799	0.9297	ER_MonoEndoFib	171.0	DONE	NA	GSE37751_CAMP_processed	KEGG:C01179|HPD	0.0513072116746575	0.761	0.8704235294117647	0.54705	0.021763014862923	0.021763014862923	3.027404250347204	2129634129.0	500.0	pointwise_stratified_specimen_bootstrap;covariate_scores_fixed;independence_unverified
BRCA	CAMP_BRCA1	04_ROBUSTNESS	20260919T151200Z_all117_robustness_v2	all117_robustness_v2	partial_rank_composition_proxy_sensitivity	KEGG:C01179	4-hydroxyphenylpyruvate	TAT	author_mapped_tumor_specimen_NOT_verified_independent_patient	38.0	NA	partial_rank_correlation	0.0909846624001039	-0.213449274387954	0.4055283882124877	0.6094	0.8163335820895523	ER_PC12	171.0	DONE	NA	GSE37751_CAMP_processed	KEGG:C01179|TAT	0.047841337361517	0.7788	0.8704235294117647	0.6893023255813954	0.0431433250385869	0.0431433250385869	2.022941608233477	1848642497.0	500.0	pointwise_stratified_specimen_bootstrap;covariate_scores_fixed;independence_unverified
BRCA	CAMP_BRCA1	04_ROBUSTNESS	20260919T151200Z_all117_robustness_v2	all117_robustness_v2	partial_rank_composition_proxy_sensitivity	KEGG:C01179	4-hydroxyphenylpyruvate	TAT	author_mapped_tumor_specimen_NOT_verified_independent_patient	38.0	NA	partial_rank_correlation	0.008601097881668	-0.3616113118303732	0.3598520159500352	0.9648	0.9704752941176472	ER_MonoEndoFib	171.0	DONE	NA	GSE37751_CAMP_processed	KEGG:C01179|TAT	0.047841337361517	0.7788	0.8704235294117647	0.6893023255813954	-0.0392402394798489	-0.0392402394798489	3.027404250347204	307995761.0	500.0	pointwise_stratified_specimen_bootstrap;covariate_scores_fixed;independence_unverified
BRCA	CAMP_BRCA1	04_ROBUSTNESS	20260919T151200Z_all117_robustness_v2	all117_robustness_v2	partial_rank_composition_proxy_sensitivity	KEGG:C01181	deoxycarnitine	BBOX1	author_mapped_tumor_specimen_NOT_verified_independent_patient	60.0	NA	partial_rank_correlation	-0.1747230659173173	-0.4342525618148298	0.0697841589480264	0.1944	0.6415448275862069	ER_PC12	171.0	DONE	NA	GSE37751_CAMP_processed	KEGG:C01181|BBOX1	-0.2858750803731048	0.0311	0.2215875	0.1611675	0.1111520144557874	-0.1111520144557874	1.6577037967799784	2793690844.0	500.0	pointwise_stratified_specimen_bootstrap;covariate_scores_fixed;independence_unverified
BRCA	CAMP_BRCA1	04_ROBUSTNESS	20260919T151200Z_all117_robustness_v2	all117_robustness_v2	partial_rank_composition_proxy_sensitivity	KEGG:C01181	deoxycarnitine	BBOX1	author_mapped_tumor_specimen_NOT_verified_independent_patient	60.0	NA	partial_rank_correlation	-0.1727508030442189	-0.4331961507707577	0.0696992321594867	0.2003	0.6632826923076923	ER_MonoEndoFib	171.0	DONE	NA	GSE37751_CAMP_processed	KEGG:C01181|BBOX1	-0.2858750803731048	0.0311	0.2215875	0.1611675	0.1131242773288858	-0.1131242773288858	2.4838510168466565	2096604162.0	500.0	pointwise_stratified_specimen_bootstrap;covariate_scores_fixed;independence_unverified
BRCA	CAMP_BRCA1	04_ROBUSTNESS	20260919T151200Z_all117_robustness_v2	all117_robustness_v2	partial_rank_composition_proxy_sensitivity	KEGG:C01835	maltotriose	MGAM	author_mapped_tumor_specimen_NOT_verified_independent_patient	42.0	NA	partial_rank_correlation	-0.2925345795761801	-0.5770651244141395	0.0461601497571905	0.0732	0.4814307692307693	ER_PC12	171.0	DONE	NA	GSE37751_CAMP_processed	KEGG:C01835|MGAM	-0.2859422889914318	0.0749	0.3379978723404255	0.7550211678832117	-0.0065922905847481	0.0065922905847481	1.7649277349714274	804229436.0	500.0	pointwise_stratified_specimen_bootstrap;covariate_scores_fixed;independence_unverified
BRCA	CAMP_BRCA1	04_ROBUSTNESS	20260919T151200Z_all117_robustness_v2	all117_robustness_v2	partial_rank_composition_proxy_sensitivity	KEGG:C01835	maltotriose	MGAM	author_mapped_tumor_specimen_NOT_verified_independent_patient	42.0	NA	partial_rank_correlation	-0.2996207305987843	-0.5806274679942153	0.0179170240062389	0.0708	0.4827461538461539	ER_MonoEndoFib	171.0	DONE	NA	GSE37751_CAMP_processed	KEGG:C01835|MGAM	-0.2859422889914318	0.0749	0.3379978723404255	0.7550211678832117	-0.0136784416073524	0.0136784416073524	2.009373019363011	2970846751.0	500.0	pointwise_stratified_specimen_bootstrap;covariate_scores_fixed;independence_unverified
BRCA	CAMP_BRCA1	04_ROBUSTNESS	20260919T151200Z_all117_robustness_v2	all117_robustness_v2	partial_rank_composition_proxy_sensitivity	KEGG:C02838	octanoylcarnitine (C8)	CRAT	author_mapped_tumor_specimen_NOT_verified_independent_patient	34.0	NA	partial_rank_correlation	0.0027391480511051	-0.3486479392719184	0.3902555843990349	0.9891	0.9949182352941176	ER_PC12	171.0	DONE	NA	GSE37751_CAMP_processed	KEGG:C02838|CRAT	0.1052093987589758	0.554	0.7394142857142856	0.8626775510204082	-0.1024702507078707	-0.1024702507078707	1.5645648276714983	516151725.0	500.0	pointwise_stratified_specimen_bootstrap;covariate_scores_fixed;independence_unverified
BRCA	CAMP_BRCA1	04_ROBUSTNESS	20260919T151200Z_all117_robustness_v2	all117_robustness_v2	partial_rank_composition_proxy_sensitivity	KEGG:C02838	octanoylcarnitine (C8)	CRAT	author_mapped_tumor_specimen_NOT_verified_independent_patient	34.0	NA	partial_rank_correlation	0.0276341979753239	-0.3115488103104112	0.4486996391791567	0.8862	0.9501381818181818	ER_MonoEndoFib	171.0	DONE	NA	GSE37751_CAMP_processed	KEGG:C02838|CRAT	0.1052093987589758	0.554	0.7394142857142856	0.8626775510204082	-0.0775752007836519	-0.0775752007836519	2.5762092257306883	4292778362.0	500.0	pointwise_stratified_specimen_bootstrap;covariate_scores_fixed;independence_unverified
BRCA	CAMP_BRCA1	04_ROBUSTNESS	20260919T151200Z_all117_robustness_v2	all117_robustness_v2	partial_rank_composition_proxy_sensitivity	KEGG:C02838	octanoylcarnitine (C8)	CROT	author_mapped_tumor_specimen_NOT_verified_independent_patient	34.0	NA	partial_rank_correlation	-0.2129028094394287	-0.530027185908585	0.1297460482577538	0.2497	0.6689727272727273	ER_PC12	171.0	DONE	NA	GSE37751_CAMP_processed	KEGG:C02838|CROT	-0.2137284251539171	0.2284	0.4952743902439024	0.2489863636363636	0.0008256157144883	-0.0008256157144883	1.5645648276714983	3282147716.0	500.0	pointwise_stratified_specimen_bootstrap;covariate_scores_fixed;independence_unverified
BRCA	CAMP_BRCA1	04_ROBUSTNESS	20260919T151200Z_all117_robustness_v2	all117_robustness_v2	partial_rank_composition_proxy_sensitivity	KEGG:C02838	octanoylcarnitine (C8)	CROT	author_mapped_tumor_specimen_NOT_verified_independent_patient	34.0	NA	partial_rank_correlation	-0.3785213461538077	-0.6681034721059183	-0.0839153851109151	0.0395	0.4503	ER_MonoEndoFib	171.0	DONE	NA	GSE37751_CAMP_processed	KEGG:C02838|CROT	-0.2137284251539171	0.2284	0.4952743902439024	0.2489863636363636	-0.1647929209998906	0.1647929209998906	2.5762092257306883	4123085564.0	500.0	pointwise_stratified_specimen_bootstrap;covariate_scores_fixed;independence_unverified
BRCA	CAMP_BRCA1	04_ROBUSTNESS	20260919T151200Z_all117_robustness_v2	all117_robustness_v2	partial_rank_composition_proxy_sensitivity	KEGG:C02862	butyrylcarnitine	CRAT	author_mapped_tumor_specimen_NOT_verified_independent_patient	61.0	NA	partial_rank_correlation	0.2440003622467668	-0.0170174920371097	0.4906139168212883	0.0583	0.4334478260869565	ER_PC12	171.0	DONE	NA	GSE37751_CAMP_processed	KEGG:C02862|CRAT	0.2230952115256796	0.0789	0.3379978723404255	0.2100857142857142	0.020905150721087	0.020905150721087	1.680666914287067	4164034408.0	500.0	pointwise_stratified_specimen_bootstrap;covariate_scores_fixed;independence_unverified
BRCA	CAMP_BRCA1	04_ROBUSTNESS	20260919T151200Z_all117_robustness_v2	all117_robustness_v2	partial_rank_composition_proxy_sensitivity	KEGG:C02862	butyrylcarnitine	CRAT	author_mapped_tumor_specimen_NOT_verified_independent_patient	61.0	NA	partial_rank_correlation	0.2755185844621611	-0.0194651474192433	0.502410051097809	0.0299	0.43035	ER_MonoEndoFib	171.0	DONE	NA	GSE37751_CAMP_processed	KEGG:C02862|CRAT	0.2230952115256796	0.0789	0.3379978723404255	0.2100857142857142	0.0524233729364814	0.0524233729364814	2.508176151229478	1517217949.0	500.0	pointwise_stratified_specimen_bootstrap;covariate_scores_fixed;independence_unverified
BRCA	CAMP_BRCA1	04_ROBUSTNESS	20260919T151200Z_all117_robustness_v2	all117_robustness_v2	partial_rank_composition_proxy_sensitivity	KEGG:C02918	1-methylnicotinamide	AOX1	author_mapped_tumor_specimen_NOT_verified_independent_patient	61.0	NA	partial_rank_correlation	-0.1932473412962712	-0.4416284438338734	0.0753851704097729	0.1491	0.5941255813953489	ER_PC12	171.0	DONE	NA	GSE37751_CAMP_processed	KEGG:C02918|AOX1	0.075865283147741	0.5566	0.7394142857142856	0.7547142857142857	-0.2691126244440123	0.1173820581485301	1.680666914287067	3407487215.0	500.0	pointwise_stratified_specimen_bootstrap;covariate_scores_fixed;independence_unverified
BRCA	CAMP_BRCA1	04_ROBUSTNESS	20260919T151200Z_all117_robustness_v2	all117_robustness_v2	partial_rank_composition_proxy_sensitivity	KEGG:C02918	1-methylnicotinamide	AOX1	author_mapped_tumor_specimen_NOT_verified_independent_patient	61.0	NA	partial_rank_correlation	-0.036808009936785	-0.3200196630176492	0.2341535102126567	0.7905	0.9382935483870968	ER_MonoEndoFib	171.0	DONE	NA	GSE37751_CAMP_processed	KEGG:C02918|AOX1	0.075865283147741	0.5566	0.7394142857142856	0.7547142857142857	-0.1126732930845261	-0.039057273210956	2.508176151229478	1549516218.0	500.0	pointwise_stratified_specimen_bootstrap;covariate_scores_fixed;independence_unverified
BRCA	CAMP_BRCA1	04_ROBUSTNESS	20260919T151200Z_all117_robustness_v2	all117_robustness_v2	partial_rank_composition_proxy_sensitivity	KEGG:C02918	1-methylnicotinamide	NNMT	author_mapped_tumor_specimen_NOT_verified_independent_patient	61.0	NA	partial_rank_correlation	0.2977188642126262	0.0273321191772735	0.5068870639872084	0.022	0.314925	ER_PC12	171.0	DONE	NA	GSE37751_CAMP_processed	KEGG:C02918|NNMT	0.3844277473038987	0.0025	0.0534375	0.0418	-0.0867088830912725	-0.0867088830912725	1.680666914287067	3848909897.0	500.0	pointwise_stratified_specimen_bootstrap;covariate_scores_fixed;independence_unverified
BRCA	CAMP_BRCA1	04_ROBUSTNESS	20260919T151200Z_all117_robustness_v2	all117_robustness_v2	partial_rank_composition_proxy_sensitivity	KEGG:C02918	1-methylnicotinamide	NNMT	author_mapped_tumor_specimen_NOT_verified_independent_patient	61.0	NA	partial_rank_correlation	0.2336794266276177	-0.0729423441520104	0.4525855620270444	0.0856	0.5383551724137932	ER_MonoEndoFib	171.0	DONE	NA	GSE37751_CAMP_processed	KEGG:C02918|NNMT	0.3844277473038987	0.0025	0.0534375	0.0418	-0.150748320676281	-0.150748320676281	2.508176151229478	1390204971.0	500.0	pointwise_stratified_specimen_bootstrap;covariate_scores_fixed;independence_unverified
BRCA	CAMP_BRCA1	04_ROBUSTNESS	20260919T151200Z_all117_robustness_v2	all117_robustness_v2	partial_rank_composition_proxy_sensitivity	KEGG:C02990	palmitoylcarnitine	CPT1A	author_mapped_tumor_specimen_NOT_verified_independent_patient	58.0	NA	partial_rank_correlation	0.0669729172903303	-0.2139482632162327	0.3273809305882553	0.6208	0.8163335820895523	ER_PC12	171.0	DONE	NA	GSE37751_CAMP_processed	KEGG:C02990|CPT1A	0.0259314746953353	0.8457	0.90694125	0.8830125000000001	0.041041442594995	0.041041442594995	1.7365303054715526	376906939.0	500.0	pointwise_stratified_specimen_bootstrap;covariate_scores_fixed;independence_unverified
BRCA	CAMP_BRCA1	04_ROBUSTNESS	20260919T151200Z_all117_robustness_v2	all117_robustness_v2	partial_rank_composition_proxy_sensitivity	KEGG:C02990	palmitoylcarnitine	CPT1A	author_mapped_tumor_specimen_NOT_verified_independent_patient	58.0	NA	partial_rank_correlation	0.0767288005055493	-0.2065147940673856	0.3597920214409733	0.589	0.9210208695652172	ER_MonoEndoFib	171.0	DONE	NA	GSE37751_CAMP_processed	KEGG:C02990|CPT1A	0.0259314746953353	0.8457	0.90694125	0.8830125000000001	0.050797325810214	0.050797325810214	2.497294049690199	3369689027.0	500.0	pointwise_stratified_specimen_bootstrap;covariate_scores_fixed;independence_unverified
BRCA	CAMP_BRCA1	04_ROBUSTNESS	20260919T151200Z_all117_robustness_v2	all117_robustness_v2	partial_rank_composition_proxy_sensitivity	KEGG:C02990	palmitoylcarnitine	CPT1B	author_mapped_tumor_specimen_NOT_verified_independent_patient	58.0	NA	partial_rank_correlation	-0.051026059934742	-0.3504991379482659	0.2522635925441523	0.7131	0.852727972027972	ER_PC12	171.0	DONE	NA	GSE37751_CAMP_processed	KEGG:C02990|CPT1B	-0.0349166231382856	0.7976	0.8795677215189873	0.7550211678832117	-0.0161094367964564	0.0161094367964564	1.7365303054715526	4055391659.0	500.0	pointwise_stratified_specimen_bootstrap;covariate_scores_fixed;independence_unverified
BRCA	CAMP_BRCA1	04_ROBUSTNESS	20260919T151200Z_all117_robustness_v2	all117_robustness_v2	partial_rank_composition_proxy_sensitivity	KEGG:C02990	palmitoylcarnitine	CPT1B	author_mapped_tumor_specimen_NOT_verified_independent_patient	58.0	NA	partial_rank_correlation	-0.0667082920680546	-0.3362239023382195	0.2003059514966264	0.6355	0.9288076923076922	ER_MonoEndoFib	171.0	DONE	NA	GSE37751_CAMP_processed	KEGG:C02990|CPT1B	-0.0349166231382856	0.7976	0.8795677215189873	0.7550211678832117	-0.031791668929769	0.031791668929769	2.497294049690199	2983163400.0	500.0	pointwise_stratified_specimen_bootstrap;covariate_scores_fixed;independence_unverified
BRCA	CAMP_BRCA1	04_ROBUSTNESS	20260919T151200Z_all117_robustness_v2	all117_robustness_v2	partial_rank_composition_proxy_sensitivity	KEGG:C02990	palmitoylcarnitine	CPT2	author_mapped_tumor_specimen_NOT_verified_independent_patient	58.0	NA	partial_rank_correlation	0.1033989083901847	-0.1653253255238532	0.3523207193696152	0.4534	0.7676376237623762	ER_PC12	171.0	DONE	NA	GSE37751_CAMP_processed	KEGG:C02990|CPT2	0.1557812842454022	0.2374	0.4952743902439024	0.7206992307692309	-0.0523823758552175	-0.0523823758552175	1.7365303054715526	4096553238.0	500.0	pointwise_stratified_specimen_bootstrap;covariate_scores_fixed;independence_unverified
BRCA	CAMP_BRCA1	04_ROBUSTNESS	20260919T151200Z_all117_robustness_v2	all117_robustness_v2	partial_rank_composition_proxy_sensitivity	KEGG:C02990	palmitoylcarnitine	CPT2	author_mapped_tumor_specimen_NOT_verified_independent_patient	58.0	NA	partial_rank_correlation	0.1361476348078349	-0.1219315771476469	0.3894583153322929	0.3254	0.7429447058823531	ER_MonoEndoFib	171.0	DONE	NA	GSE37751_CAMP_processed	KEGG:C02990|CPT2	0.1557812842454022	0.2374	0.4952743902439024	0.7206992307692309	-0.0196336494375672	-0.0196336494375672	2.497294049690199	3147967248.0	500.0	pointwise_stratified_specimen_bootstrap;covariate_scores_fixed;independence_unverified
BRCA	CAMP_BRCA1	04_ROBUSTNESS	20260919T151200Z_all117_robustness_v2	all117_robustness_v2	partial_rank_composition_proxy_sensitivity	KEGG:C04006	inositol 1-phosphate (I1P)	IMPA1	author_mapped_tumor_specimen_NOT_verified_independent_patient	56.0	NA	partial_rank_correlation	0.0559778670170525	-0.2085177160837851	0.3275366237154617	0.6947	0.8456617021276596	ER_PC12	171.0	DONE	NA	GSE37751_CAMP_processed	KEGG:C04006|IMPA1	0.1699127682534114	0.2303	0.4952743902439024	0.4955679611650485	-0.1139349012363588	-0.1139349012363588	1.7645952146162789	3150550771.0	500.0	pointwise_stratified_specimen_bootstrap;covariate_scores_fixed;independence_unverified
BRCA	CAMP_BRCA1	04_ROBUSTNESS	20260919T151200Z_all117_robustness_v2	all117_robustness_v2	partial_rank_composition_proxy_sensitivity	KEGG:C04006	inositol 1-phosphate (I1P)	IMPA1	author_mapped_tumor_specimen_NOT_verified_independent_patient	56.0	NA	partial_rank_correlation	0.0320437473171508	-0.2633500228436533	0.2903251261323318	0.8269	0.9382935483870968	ER_MonoEndoFib	171.0	DONE	NA	GSE37751_CAMP_processed	KEGG:C04006|IMPA1	0.1699127682534114	0.2303	0.4952743902439024	0.4955679611650485	-0.1378690209362605	-0.1378690209362605	2.459048814732752	2171682942.0	500.0	pointwise_stratified_specimen_bootstrap;covariate_scores_fixed;independence_unverified
BRCA	CAMP_BRCA1	04_ROBUSTNESS	20260919T151200Z_all117_robustness_v2	all117_robustness_v2	partial_rank_composition_proxy_sensitivity	KEGG:C04006	inositol 1-phosphate (I1P)	IMPA2	author_mapped_tumor_specimen_NOT_verified_independent_patient	56.0	NA	partial_rank_correlation	0.0929299801502836	-0.2064540058195671	0.3883020851137702	0.5067	0.796797247706422	ER_PC12	171.0	DONE	NA	GSE37751_CAMP_processed	KEGG:C04006|IMPA2	0.1064818872010103	0.4568	0.6912637168141592	0.4967221153846153	-0.0135519070507266	-0.0135519070507266	1.7645952146162789	1083449070.0	500.0	pointwise_stratified_specimen_bootstrap;covariate_scores_fixed;independence_unverified
BRCA	CAMP_BRCA1	04_ROBUSTNESS	20260919T151200Z_all117_robustness_v2	all117_robustness_v2	partial_rank_composition_proxy_sensitivity	KEGG:C04006	inositol 1-phosphate (I1P)	IMPA2	author_mapped_tumor_specimen_NOT_verified_independent_patient	56.0	NA	partial_rank_correlation	0.0694628594347828	-0.2105723732599528	0.3290503774054191	0.617	0.9210208695652172	ER_MonoEndoFib	171.0	DONE	NA	GSE37751_CAMP_processed	KEGG:C04006|IMPA2	0.1064818872010103	0.4568	0.6912637168141592	0.4967221153846153	-0.0370190277662275	-0.0370190277662275	2.459048814732752	4202161421.0	500.0	pointwise_stratified_specimen_bootstrap;covariate_scores_fixed;independence_unverified
BRCA	CAMP_BRCA1	04_ROBUSTNESS	20260919T151200Z_all117_robustness_v2	all117_robustness_v2	partial_rank_composition_proxy_sensitivity	KEGG:C05282	gamma-glutamylglutamate	FOLH1	author_mapped_tumor_specimen_NOT_verified_independent_patient	53.0	NA	partial_rank_correlation	-0.0525118775400718	-0.3560603715081976	0.2245291248517337	0.7216	0.8569000000000001	ER_PC12	171.0	DONE	NA	GSE37751_CAMP_processed	KEGG:C05282|FOLH1	-0.090903871850709	0.5161	0.7233860655737705	0.6803064000000001	0.0383919943106372	-0.0383919943106372	1.7540777850213711	3345662218.0	500.0	pointwise_stratified_specimen_bootstrap;covariate_scores_fixed;independence_unverified
BRCA	CAMP_BRCA1	04_ROBUSTNESS	20260919T151200Z_all117_robustness_v2	all117_robustness_v2	partial_rank_composition_proxy_sensitivity	KEGG:C05282	gamma-glutamylglutamate	FOLH1	author_mapped_tumor_specimen_NOT_verified_independent_patient	53.0	NA	partial_rank_correlation	-0.0432935615009156	-0.3605170624132002	0.258137574299884	0.7703	0.9382935483870968	ER_MonoEndoFib	171.0	DONE	NA	GSE37751_CAMP_processed	KEGG:C05282|FOLH1	-0.090903871850709	0.5161	0.7233860655737705	0.6803064000000001	0.0476103103497934	-0.0476103103497934	2.3970596450379515	514889545.0	500.0	pointwise_stratified_specimen_bootstrap;covariate_scores_fixed;independence_unverified
BRCA	CAMP_BRCA1	04_ROBUSTNESS	20260919T151200Z_all117_robustness_v2	all117_robustness_v2	partial_rank_composition_proxy_sensitivity	KEGG:C05345	fructose-6-phosphate	GPI	author_mapped_tumor_specimen_NOT_verified_independent_patient	53.0	NA	partial_rank_correlation	0.4091750375230291	0.1057234603308472	0.6209370199037979	0.0035	0.1368	ER_PC12	171.0	DONE	NA	GSE37751_CAMP_processed	KEGG:C05345|GPI	0.4286681920976091	0.001	0.04275	0.0171	-0.0194931545745801	-0.0194931545745801	1.9578842409548305	1262060043.0	500.0	pointwise_stratified_specimen_bootstrap;covariate_scores_fixed;independence_unverified
BRCA	CAMP_BRCA1	04_ROBUSTNESS	20260919T151200Z_all117_robustness_v2	all117_robustness_v2	partial_rank_composition_proxy_sensitivity	KEGG:C05345	fructose-6-phosphate	GPI	author_mapped_tumor_specimen_NOT_verified_independent_patient	53.0	NA	partial_rank_correlation	0.3838560375289466	0.0817653066659911	0.6098280953370699	0.0072	0.2931428571428571	ER_MonoEndoFib	171.0	DONE	NA	GSE37751_CAMP_processed	KEGG:C05345|GPI	0.4286681920976091	0.001	0.04275	0.0171	-0.0448121545686626	-0.0448121545686626	2.5208401334070056	3100212521.0	500.0	pointwise_stratified_specimen_bootstrap;covariate_scores_fixed;independence_unverified
BRCA	CAMP_BRCA1	04_ROBUSTNESS	20260919T151200Z_all117_robustness_v2	all117_robustness_v2	partial_rank_composition_proxy_sensitivity	KEGG:C05345	fructose-6-phosphate	MPI	author_mapped_tumor_specimen_NOT_verified_independent_patient	53.0	NA	partial_rank_correlation	-0.1448222428903634	-0.4253162145186419	0.1290848247939365	0.3188	0.6796758620689655	ER_PC12	171.0	DONE	NA	GSE37751_CAMP_processed	KEGG:C05345|MPI	-0.1550544452904724	0.2737	0.52003	0.3743231707317073	0.0102322024001089	-0.0102322024001089	1.9578842409548305	718974068.0	500.0	pointwise_stratified_specimen_bootstrap;covariate_scores_fixed;independence_unverified
BRCA	CAMP_BRCA1	04_ROBUSTNESS	20260919T151200Z_all117_robustness_v2	all117_robustness_v2	partial_rank_composition_proxy_sensitivity	KEGG:C05345	fructose-6-phosphate	MPI	author_mapped_tumor_specimen_NOT_verified_independent_patient	53.0	NA	partial_rank_correlation	-0.1421259539976798	-0.4276637198936817	0.1776921684219455	0.3368	0.7429447058823531	ER_MonoEndoFib	171.0	DONE	NA	GSE37751_CAMP_processed	KEGG:C05345|MPI	-0.1550544452904724	0.2737	0.52003	0.3743231707317073	0.0129284912927924	-0.0129284912927924	2.5208401334070056	1491833391.0	500.0	pointwise_stratified_specimen_bootstrap;covariate_scores_fixed;independence_unverified
BRCA	CAMP_BRCA1	04_ROBUSTNESS	20260919T151200Z_all117_robustness_v2	all117_robustness_v2	partial_rank_composition_proxy_sensitivity	KEGG:C05345	fructose-6-phosphate	PFKL	author_mapped_tumor_specimen_NOT_verified_independent_patient	53.0	NA	partial_rank_correlation	0.2522433034601464	-0.0578280854992449	0.5055893266770977	0.0797	0.4952892857142857	ER_PC12	171.0	DONE	NA	GSE37751_CAMP_processed	KEGG:C05345|PFKL	0.3042122893094054	0.0265	0.2059772727272727	0.052725	-0.051968985849259	-0.051968985849259	1.9578842409548305	3934320126.0	500.0	pointwise_stratified_specimen_bootstrap;covariate_scores_fixed;independence_unverified
BRCA	CAMP_BRCA1	04_ROBUSTNESS	20260919T151200Z_all117_robustness_v2	all117_robustness_v2	partial_rank_composition_proxy_sensitivity	KEGG:C05345	fructose-6-phosphate	PFKL	author_mapped_tumor_specimen_NOT_verified_independent_patient	53.0	NA	partial_rank_correlation	0.2337589697504971	-0.0407844368224136	0.4858189095999536	0.115	0.5859878048780489	ER_MonoEndoFib	171.0	DONE	NA	GSE37751_CAMP_processed	KEGG:C05345|PFKL	0.3042122893094054	0.0265	0.2059772727272727	0.052725	-0.0704533195589082	-0.0704533195589082	2.5208401334070056	2817386272.0	500.0	pointwise_stratified_specimen_bootstrap;covariate_scores_fixed;independence_unverified
BRCA	CAMP_BRCA1	04_ROBUSTNESS	20260919T151200Z_all117_robustness_v2	all117_robustness_v2	partial_rank_composition_proxy_sensitivity	KEGG:C05345	fructose-6-phosphate	PFKM	author_mapped_tumor_specimen_NOT_verified_independent_patient	53.0	NA	partial_rank_correlation	0.1850803173897342	-0.0891560971355428	0.4665090597317515	0.1951	0.6415448275862069	ER_PC12	171.0	DONE	NA	GSE37751_CAMP_processed	KEGG:C05345|PFKM	0.2250568018249733	0.1169	0.3959823529411765	0.2100857142857142	-0.0399764844352391	-0.0399764844352391	1.9578842409548305	4190107145.0	500.0	pointwise_stratified_specimen_bootstrap;covariate_scores_fixed;independence_unverified
BRCA	CAMP_BRCA1	04_ROBUSTNESS	20260919T151200Z_all117_robustness_v2	all117_robustness_v2	partial_rank_composition_proxy_sensitivity	KEGG:C05345	fructose-6-phosphate	PFKM	author_mapped_tumor_specimen_NOT_verified_independent_patient	53.0	NA	partial_rank_correlation	0.2260564347353478	-0.0726931574174643	0.4923846781792702	0.1247	0.5859878048780489	ER_MonoEndoFib	171.0	DONE	NA	GSE37751_CAMP_processed	KEGG:C05345|PFKM	0.2250568018249733	0.1169	0.3959823529411765	0.2100857142857142	0.0009996329103744	0.0009996329103744	2.5208401334070056	3135940126.0	500.0	pointwise_stratified_specimen_bootstrap;covariate_scores_fixed;independence_unverified
BRCA	CAMP_BRCA1	04_ROBUSTNESS	20260919T151200Z_all117_robustness_v2	all117_robustness_v2	partial_rank_composition_proxy_sensitivity	KEGG:C05345	fructose-6-phosphate	PFKP	author_mapped_tumor_specimen_NOT_verified_independent_patient	53.0	NA	partial_rank_correlation	0.1695400013332511	-0.15188035528942	0.431639750817361	0.2446	0.6689727272727273	ER_PC12	171.0	DONE	NA	GSE37751_CAMP_processed	KEGG:C05345|PFKP	0.1529474082824951	0.2867	0.5210999999999999	0.2635842857142857	0.016592593050756	0.016592593050756	1.9578842409548305	1448229897.0	500.0	pointwise_stratified_specimen_bootstrap;covariate_scores_fixed;independence_unverified
BRCA	CAMP_BRCA1	04_ROBUSTNESS	20260919T151200Z_all117_robustness_v2	all117_robustness_v2	partial_rank_composition_proxy_sensitivity	KEGG:C05345	fructose-6-phosphate	PFKP	author_mapped_tumor_specimen_NOT_verified_independent_patient	53.0	NA	partial_rank_correlation	0.1109417564517605	-0.1991682828317084	0.3724774527591313	0.4526	0.7817636363636363	ER_MonoEndoFib	171.0	DONE	NA	GSE37751_CAMP_processed	KEGG:C05345|PFKP	0.1529474082824951	0.2867	0.5210999999999999	0.2635842857142857	-0.0420056518307345	-0.0420056518307345	2.5208401334070056	3797269008.0	500.0	pointwise_stratified_specimen_bootstrap;covariate_scores_fixed;independence_unverified
BRCA	CAMP_BRCA1	04_ROBUSTNESS	20260919T151200Z_all117_robustness_v2	all117_robustness_v2	partial_rank_composition_proxy_sensitivity	KEGG:C12270	N-acetyl-aspartyl-glutamate (NAAG)	FOLH1	author_mapped_tumor_specimen_NOT_verified_independent_patient	46.0	NA	partial_rank_correlation	-0.0503264366910834	-0.4076936991752271	0.2454122721917088	0.7477	0.8697734693877551	ER_PC12	171.0	DONE	NA	GSE37751_CAMP_processed	KEGG:C12270|FOLH1	-0.0231176247599792	0.8812	0.9301555555555556	0.899314024390244	-0.0272088119311041	0.0272088119311041	1.9110717056294213	1341016191.0	500.0	pointwise_stratified_specimen_bootstrap;covariate_scores_fixed;independence_unverified
BRCA	CAMP_BRCA1	04_ROBUSTNESS	20260919T151200Z_all117_robustness_v2	all117_robustness_v2	partial_rank_composition_proxy_sensitivity	KEGG:C12270	N-acetyl-aspartyl-glutamate (NAAG)	FOLH1	author_mapped_tumor_specimen_NOT_verified_independent_patient	46.0	NA	partial_rank_correlation	-0.0219396347574486	-0.3680704094795633	0.273745396451416	0.8897	0.9501381818181818	ER_MonoEndoFib	171.0	DONE	NA	GSE37751_CAMP_processed	KEGG:C12270|FOLH1	-0.0231176247599792	0.8812	0.9301555555555556	0.899314024390244	0.0011779900025306	-0.0011779900025306	2.5878989964701096	792696673.0	500.0	pointwise_stratified_specimen_bootstrap;covariate_scores_fixed;independence_unverified
