cancer	cohort	stage_id	run_id	analysis_version	analysis_type	metabolite_key	metabolite_name	gene	unit	n	n_reference	effect_type	effect	ci_lower	ci_upper	p_value	q_value	test_family	family_n_evaluable	status	reason	source_id	record_source_path	record_source_commit	record_operation
BRCA	CAMP_BRCA1_Terunuma	04_ROBUSTNESS	20260921T112611Z_metabolite318_paired_v1	metabolite318_paired_v1	paired_processed	HMDB:HMDB11517	1-arachidonoyl-GPE (20:4n6)	NA	author_paired_case	45	45	mean_paired_difference_author_scale	-0.3142755081916821	-0.7337687007009729	0.10292570181688573	0.13909176643914098	0.2028953290259029	paired_processed	318.0	DONE	NA	CAMP_processed_original_author_pair_table	results/BRCA/04_ROBUSTNESS/20260921T112611Z_metabolite318_paired_v1/paired_metabolite318.tsv	5f78d08a696d5fac3d95c697b0eb05358cfa1868	EXACT_COLUMN_COPY_NO_RECALCULATION
BRCA	CAMP_BRCA1_Terunuma	04_ROBUSTNESS	20260921T112611Z_metabolite318_paired_v1	metabolite318_paired_v1	paired_author_available	HMDB:HMDB11517	1-arachidonoyl-GPE (20:4n6)	NA	author_paired_case	35	35	mean_paired_difference_author_scale	-0.6900544444887714	-1.0592698677833097	-0.33171818177264856	0.0017091571107728282	0.007813289649247214	paired_author_available	288.0	DONE	NA	CAMP_processed_original_author_pair_table	results/BRCA/04_ROBUSTNESS/20260921T112611Z_metabolite318_paired_v1/paired_metabolite318.tsv	5f78d08a696d5fac3d95c697b0eb05358cfa1868	EXACT_COLUMN_COPY_NO_RECALCULATION
BRCA	CAMP_BRCA1_Terunuma	04_ROBUSTNESS	20260921T112611Z_metabolite318_paired_v1	metabolite318_paired_v1	paired_processed	HMDB:HMDB61690	1-arachidonoyl-GPI (20:4)	NA	author_paired_case	45	45	mean_paired_difference_author_scale	0.18559191407593778	-0.24963662360990235	0.6330521984858225	0.5068205199927875	0.5947192817627543	paired_processed	318.0	DONE	NA	CAMP_processed_original_author_pair_table	results/BRCA/04_ROBUSTNESS/20260921T112611Z_metabolite318_paired_v1/paired_metabolite318.tsv	5f78d08a696d5fac3d95c697b0eb05358cfa1868	EXACT_COLUMN_COPY_NO_RECALCULATION
BRCA	CAMP_BRCA1_Terunuma	04_ROBUSTNESS	20260921T112611Z_metabolite318_paired_v1	metabolite318_paired_v1	paired_author_available	HMDB:HMDB61690	1-arachidonoyl-GPI (20:4)	NA	author_paired_case	19	19	mean_paired_difference_author_scale	-0.25076147648906866	-0.6624452396234739	0.16940003510929555	0.3443060749874979	0.42558004118626347	paired_author_available	288.0	DONE	NA	CAMP_processed_original_author_pair_table	results/BRCA/04_ROBUSTNESS/20260921T112611Z_metabolite318_paired_v1/paired_metabolite318.tsv	5f78d08a696d5fac3d95c697b0eb05358cfa1868	EXACT_COLUMN_COPY_NO_RECALCULATION
BRCA	CAMP_BRCA1_Terunuma	04_ROBUSTNESS	20260921T112611Z_metabolite318_paired_v1	metabolite318_paired_v1	paired_processed	KEGG:C04100	1-linoleoyl-GPC (18:2)	NA	author_paired_case	45	45	mean_paired_difference_author_scale	0.45091814194440666	-0.030047686889311916	0.9400175234553989	0.07969466811371011	0.12381896164669401	paired_processed	318.0	DONE	NA	CAMP_processed_original_author_pair_table	results/BRCA/04_ROBUSTNESS/20260921T112611Z_metabolite318_paired_v1/paired_metabolite318.tsv	5f78d08a696d5fac3d95c697b0eb05358cfa1868	EXACT_COLUMN_COPY_NO_RECALCULATION
BRCA	CAMP_BRCA1_Terunuma	04_ROBUSTNESS	20260921T112611Z_metabolite318_paired_v1	metabolite318_paired_v1	paired_author_available	KEGG:C04100	1-linoleoyl-GPC (18:2)	NA	author_paired_case	7	7	mean_paired_difference_author_scale	NA	NA	NA	NA	NA	paired_author_available	288.0	NOT_EVALUABLE	fewer_than8_complete_author_available_pairs	CAMP_processed_original_author_pair_table	results/BRCA/04_ROBUSTNESS/20260921T112611Z_metabolite318_paired_v1/paired_metabolite318.tsv	5f78d08a696d5fac3d95c697b0eb05358cfa1868	EXACT_COLUMN_COPY_NO_RECALCULATION
BRCA	CAMP_BRCA1_Terunuma	04_ROBUSTNESS	20260921T112611Z_metabolite318_paired_v1	metabolite318_paired_v1	paired_processed	KEGG:C05828	1-methylimidazoleacetate	NA	author_paired_case	45	45	mean_paired_difference_author_scale	-0.20626164715893555	-0.4972990344516198	0.08867364829491041	0.14056240536030587	0.20341700091381873	paired_processed	318.0	DONE	NA	CAMP_processed_original_author_pair_table	results/BRCA/04_ROBUSTNESS/20260921T112611Z_metabolite318_paired_v1/paired_metabolite318.tsv	5f78d08a696d5fac3d95c697b0eb05358cfa1868	EXACT_COLUMN_COPY_NO_RECALCULATION
BRCA	CAMP_BRCA1_Terunuma	04_ROBUSTNESS	20260921T112611Z_metabolite318_paired_v1	metabolite318_paired_v1	paired_author_available	KEGG:C05828	1-methylimidazoleacetate	NA	author_paired_case	1	1	mean_paired_difference_author_scale	NA	NA	NA	NA	NA	paired_author_available	288.0	NOT_EVALUABLE	fewer_than8_complete_author_available_pairs	CAMP_processed_original_author_pair_table	results/BRCA/04_ROBUSTNESS/20260921T112611Z_metabolite318_paired_v1/paired_metabolite318.tsv	5f78d08a696d5fac3d95c697b0eb05358cfa1868	EXACT_COLUMN_COPY_NO_RECALCULATION
BRCA	CAMP_BRCA1_Terunuma	04_ROBUSTNESS	20260921T112611Z_metabolite318_paired_v1	metabolite318_paired_v1	paired_processed	KEGG:C02918	1-methylnicotinamide	NA	author_paired_case	45	45	mean_paired_difference_author_scale	0.6179670231014983	0.319343309865049	0.9182721028638724	0.000769077651996999	0.002307232955990997	paired_processed	318.0	DONE	NA	CAMP_processed_original_author_pair_table	results/BRCA/04_ROBUSTNESS/20260921T112611Z_metabolite318_paired_v1/paired_metabolite318.tsv	5f78d08a696d5fac3d95c697b0eb05358cfa1868	EXACT_COLUMN_COPY_NO_RECALCULATION
BRCA	CAMP_BRCA1_Terunuma	04_ROBUSTNESS	20260921T112611Z_metabolite318_paired_v1	metabolite318_paired_v1	paired_author_available	KEGG:C02918	1-methylnicotinamide	NA	author_paired_case	39	39	mean_paired_difference_author_scale	0.4314339715837159	0.134363123215115	0.725141521171682	0.013775796266122185	0.037078778734983074	paired_author_available	288.0	DONE	NA	CAMP_processed_original_author_pair_table	results/BRCA/04_ROBUSTNESS/20260921T112611Z_metabolite318_paired_v1/paired_metabolite318.tsv	5f78d08a696d5fac3d95c697b0eb05358cfa1868	EXACT_COLUMN_COPY_NO_RECALCULATION
BRCA	CAMP_BRCA1_Terunuma	04_ROBUSTNESS	20260921T112611Z_metabolite318_paired_v1	metabolite318_paired_v1	paired_processed	KEGG:C03916	1-oleoylglycerophosphocholine	NA	author_paired_case	45	45	mean_paired_difference_author_scale	1.856899477278931	1.1762272170345425	2.5290065652535163	3.0305610756286337e-05	0.00014601794273483418	paired_processed	318.0	DONE	NA	CAMP_processed_original_author_pair_table	results/BRCA/04_ROBUSTNESS/20260921T112611Z_metabolite318_paired_v1/paired_metabolite318.tsv	5f78d08a696d5fac3d95c697b0eb05358cfa1868	EXACT_COLUMN_COPY_NO_RECALCULATION
BRCA	CAMP_BRCA1_Terunuma	04_ROBUSTNESS	20260921T112611Z_metabolite318_paired_v1	metabolite318_paired_v1	paired_author_available	KEGG:C03916	1-oleoylglycerophosphocholine	NA	author_paired_case	13	13	mean_paired_difference_author_scale	0.5700798162082615	-0.26941504054636733	1.317310322795405	0.10797320879792925	0.17085870403188805	paired_author_available	288.0	DONE	NA	CAMP_processed_original_author_pair_table	results/BRCA/04_ROBUSTNESS/20260921T112611Z_metabolite318_paired_v1/paired_metabolite318.tsv	5f78d08a696d5fac3d95c697b0eb05358cfa1868	EXACT_COLUMN_COPY_NO_RECALCULATION
BRCA	CAMP_BRCA1_Terunuma	04_ROBUSTNESS	20260921T112611Z_metabolite318_paired_v1	metabolite318_paired_v1	paired_processed	KEGG:C01885	1-palmitoylglycerol (1-monopalmitin)	NA	author_paired_case	45	45	mean_paired_difference_author_scale	1.863634073360729	1.1840498504013808	2.561758748561273	2.8532805068604572e-05	0.00013959126172025004	paired_processed	318.0	DONE	NA	CAMP_processed_original_author_pair_table	results/BRCA/04_ROBUSTNESS/20260921T112611Z_metabolite318_paired_v1/paired_metabolite318.tsv	5f78d08a696d5fac3d95c697b0eb05358cfa1868	EXACT_COLUMN_COPY_NO_RECALCULATION
BRCA	CAMP_BRCA1_Terunuma	04_ROBUSTNESS	20260921T112611Z_metabolite318_paired_v1	metabolite318_paired_v1	paired_author_available	KEGG:C01885	1-palmitoylglycerol (1-monopalmitin)	NA	author_paired_case	8	8	mean_paired_difference_author_scale	2.8303582299056123	1.9401060562933625	3.658649650986954	0.014266186701446923	0.03735147063651558	paired_author_available	288.0	DONE	NA	CAMP_processed_original_author_pair_table	results/BRCA/04_ROBUSTNESS/20260921T112611Z_metabolite318_paired_v1/paired_metabolite318.tsv	5f78d08a696d5fac3d95c697b0eb05358cfa1868	EXACT_COLUMN_COPY_NO_RECALCULATION
BRCA	CAMP_BRCA1_Terunuma	04_ROBUSTNESS	20260921T112611Z_metabolite318_paired_v1	metabolite318_paired_v1	paired_processed	KEGG:C04102	1-palmitoyl-GPC (16:0)	NA	author_paired_case	45	45	mean_paired_difference_author_scale	2.4738664344382295	1.6303618218090057	3.2795501920256305	1.0174435201622437e-05	6.603000804318235e-05	paired_processed	318.0	DONE	NA	CAMP_processed_original_author_pair_table	results/BRCA/04_ROBUSTNESS/20260921T112611Z_metabolite318_paired_v1/paired_metabolite318.tsv	5f78d08a696d5fac3d95c697b0eb05358cfa1868	EXACT_COLUMN_COPY_NO_RECALCULATION
BRCA	CAMP_BRCA1_Terunuma	04_ROBUSTNESS	20260921T112611Z_metabolite318_paired_v1	metabolite318_paired_v1	paired_author_available	KEGG:C04102	1-palmitoyl-GPC (16:0)	NA	author_paired_case	28	28	mean_paired_difference_author_scale	1.4780706374950392	0.6573241773684918	2.2946708964314357	0.005662198552398066	0.020132261519637568	paired_author_available	288.0	DONE	NA	CAMP_processed_original_author_pair_table	results/BRCA/04_ROBUSTNESS/20260921T112611Z_metabolite318_paired_v1/paired_metabolite318.tsv	5f78d08a696d5fac3d95c697b0eb05358cfa1868	EXACT_COLUMN_COPY_NO_RECALCULATION
BRCA	CAMP_BRCA1_Terunuma	04_ROBUSTNESS	20260921T112611Z_metabolite318_paired_v1	metabolite318_paired_v1	paired_processed	KEGG:D01947	1-stearoylglycerol (18:0)	NA	author_paired_case	45	45	mean_paired_difference_author_scale	0.9680182163765575	0.4793887478328396	1.425921520940326	0.0008080406830019278	0.002401466702753393	paired_processed	318.0	DONE	NA	CAMP_processed_original_author_pair_table	results/BRCA/04_ROBUSTNESS/20260921T112611Z_metabolite318_paired_v1/paired_metabolite318.tsv	5f78d08a696d5fac3d95c697b0eb05358cfa1868	EXACT_COLUMN_COPY_NO_RECALCULATION
BRCA	CAMP_BRCA1_Terunuma	04_ROBUSTNESS	20260921T112611Z_metabolite318_paired_v1	metabolite318_paired_v1	paired_author_available	KEGG:D01947	1-stearoylglycerol (18:0)	NA	author_paired_case	11	11	mean_paired_difference_author_scale	0.2886367059095729	-0.25284227331857073	0.8661254013490887	0.5048798738340916	0.5956226403070378	paired_author_available	288.0	DONE	NA	CAMP_processed_original_author_pair_table	results/BRCA/04_ROBUSTNESS/20260921T112611Z_metabolite318_paired_v1/paired_metabolite318.tsv	5f78d08a696d5fac3d95c697b0eb05358cfa1868	EXACT_COLUMN_COPY_NO_RECALCULATION
BRCA	CAMP_BRCA1_Terunuma	04_ROBUSTNESS	20260921T112611Z_metabolite318_paired_v1	metabolite318_paired_v1	paired_processed	HMDB:HMDB10384	1-stearoyl-GPC (18:0)	NA	author_paired_case	45	45	mean_paired_difference_author_scale	2.3256986171127396	1.5498858672046605	3.071817029139543	4.197649250964616e-06	3.4226986200173026e-05	paired_processed	318.0	DONE	NA	CAMP_processed_original_author_pair_table	results/BRCA/04_ROBUSTNESS/20260921T112611Z_metabolite318_paired_v1/paired_metabolite318.tsv	5f78d08a696d5fac3d95c697b0eb05358cfa1868	EXACT_COLUMN_COPY_NO_RECALCULATION
BRCA	CAMP_BRCA1_Terunuma	04_ROBUSTNESS	20260921T112611Z_metabolite318_paired_v1	metabolite318_paired_v1	paired_author_available	HMDB:HMDB10384	1-stearoyl-GPC (18:0)	NA	author_paired_case	16	16	mean_paired_difference_author_scale	0.9724909604500244	0.2730504545874261	1.6787913591648302	0.03187984753996245	0.06801034141858657	paired_author_available	288.0	DONE	NA	CAMP_processed_original_author_pair_table	results/BRCA/04_ROBUSTNESS/20260921T112611Z_metabolite318_paired_v1/paired_metabolite318.tsv	5f78d08a696d5fac3d95c697b0eb05358cfa1868	EXACT_COLUMN_COPY_NO_RECALCULATION
BRCA	CAMP_BRCA1_Terunuma	04_ROBUSTNESS	20260921T112611Z_metabolite318_paired_v1	metabolite318_paired_v1	paired_processed	HMDB:HMDB11130	1-stearoylglycerophosphoethanolamine	NA	author_paired_case	45	45	mean_paired_difference_author_scale	1.3291719851754862	0.8240366559730924	1.8119239995183638	3.2697181701009255e-05	0.00015518960867046182	paired_processed	318.0	DONE	NA	CAMP_processed_original_author_pair_table	results/BRCA/04_ROBUSTNESS/20260921T112611Z_metabolite318_paired_v1/paired_metabolite318.tsv	5f78d08a696d5fac3d95c697b0eb05358cfa1868	EXACT_COLUMN_COPY_NO_RECALCULATION
BRCA	CAMP_BRCA1_Terunuma	04_ROBUSTNESS	20260921T112611Z_metabolite318_paired_v1	metabolite318_paired_v1	paired_author_available	HMDB:HMDB11130	1-stearoylglycerophosphoethanolamine	NA	author_paired_case	26	26	mean_paired_difference_author_scale	0.7063468643820768	0.16188436263423145	1.2136377697321228	0.025415904541563932	0.05763606699189301	paired_author_available	288.0	DONE	NA	CAMP_processed_original_author_pair_table	results/BRCA/04_ROBUSTNESS/20260921T112611Z_metabolite318_paired_v1/paired_metabolite318.tsv	5f78d08a696d5fac3d95c697b0eb05358cfa1868	EXACT_COLUMN_COPY_NO_RECALCULATION
BRCA	CAMP_BRCA1_Terunuma	04_ROBUSTNESS	20260921T112611Z_metabolite318_paired_v1	metabolite318_paired_v1	paired_processed	HMDB:HMDB61696	1-stearoyl-GPI (18:0)	NA	author_paired_case	45	45	mean_paired_difference_author_scale	0.5636581823399822	0.04146776557367807	1.0954658223235558	0.04699672970257494	0.07907386267417371	paired_processed	318.0	DONE	NA	CAMP_processed_original_author_pair_table	results/BRCA/04_ROBUSTNESS/20260921T112611Z_metabolite318_paired_v1/paired_metabolite318.tsv	5f78d08a696d5fac3d95c697b0eb05358cfa1868	EXACT_COLUMN_COPY_NO_RECALCULATION
BRCA	CAMP_BRCA1_Terunuma	04_ROBUSTNESS	20260921T112611Z_metabolite318_paired_v1	metabolite318_paired_v1	paired_author_available	HMDB:HMDB61696	1-stearoyl-GPI (18:0)	NA	author_paired_case	25	25	mean_paired_difference_author_scale	0.24392790939596815	-0.2813406613899069	0.7820829848960885	0.3602782576952347	0.44153250304777697	paired_author_available	288.0	DONE	NA	CAMP_processed_original_author_pair_table	results/BRCA/04_ROBUSTNESS/20260921T112611Z_metabolite318_paired_v1/paired_metabolite318.tsv	5f78d08a696d5fac3d95c697b0eb05358cfa1868	EXACT_COLUMN_COPY_NO_RECALCULATION
BRCA	CAMP_BRCA1_Terunuma	04_ROBUSTNESS	20260921T112611Z_metabolite318_paired_v1	metabolite318_paired_v1	paired_processed	KEGG:C00184	1,3-dihydroxyacetone	NA	author_paired_case	45	45	mean_paired_difference_author_scale	0.06540947999167782	-0.49868210061335533	0.5998485131781445	0.8370382312359388	0.8932152937349951	paired_processed	318.0	DONE	NA	CAMP_processed_original_author_pair_table	results/BRCA/04_ROBUSTNESS/20260921T112611Z_metabolite318_paired_v1/paired_metabolite318.tsv	5f78d08a696d5fac3d95c697b0eb05358cfa1868	EXACT_COLUMN_COPY_NO_RECALCULATION
BRCA	CAMP_BRCA1_Terunuma	04_ROBUSTNESS	20260921T112611Z_metabolite318_paired_v1	metabolite318_paired_v1	paired_author_available	KEGG:C00184	1,3-dihydroxyacetone	NA	author_paired_case	10	10	mean_paired_difference_author_scale	-0.82319364335047	-1.8151086358679878	0.058676613856964335	0.15357639654998376	0.2233838495272491	paired_author_available	288.0	DONE	NA	CAMP_processed_original_author_pair_table	results/BRCA/04_ROBUSTNESS/20260921T112611Z_metabolite318_paired_v1/paired_metabolite318.tsv	5f78d08a696d5fac3d95c697b0eb05358cfa1868	EXACT_COLUMN_COPY_NO_RECALCULATION
BRCA	CAMP_BRCA1_Terunuma	04_ROBUSTNESS	20260921T112611Z_metabolite318_paired_v1	metabolite318_paired_v1	paired_processed	KEGG:C07326	1,5-anhydroglucitol (1,5-AG)	NA	author_paired_case	45	45	mean_paired_difference_author_scale	0.4903224809632597	0.08706846342470634	0.8843955741105706	0.016067540092071737	0.030966531813810986	paired_processed	318.0	DONE	NA	CAMP_processed_original_author_pair_table	results/BRCA/04_ROBUSTNESS/20260921T112611Z_metabolite318_paired_v1/paired_metabolite318.tsv	5f78d08a696d5fac3d95c697b0eb05358cfa1868	EXACT_COLUMN_COPY_NO_RECALCULATION
BRCA	CAMP_BRCA1_Terunuma	04_ROBUSTNESS	20260921T112611Z_metabolite318_paired_v1	metabolite318_paired_v1	paired_author_available	KEGG:C07326	1,5-anhydroglucitol (1,5-AG)	NA	author_paired_case	14	14	mean_paired_difference_author_scale	-0.5133930467281286	-0.861340741463833	-0.16495142092443682	0.0328100197002589	0.06831066041967906	paired_author_available	288.0	DONE	NA	CAMP_processed_original_author_pair_table	results/BRCA/04_ROBUSTNESS/20260921T112611Z_metabolite318_paired_v1/paired_metabolite318.tsv	5f78d08a696d5fac3d95c697b0eb05358cfa1868	EXACT_COLUMN_COPY_NO_RECALCULATION
BRCA	CAMP_BRCA1_Terunuma	04_ROBUSTNESS	20260921T112611Z_metabolite318_paired_v1	metabolite318_paired_v1	paired_processed	HMDB:HMDB60038	10-heptadecenoate (17:1n7)	NA	author_paired_case	45	45	mean_paired_difference_author_scale	-0.18814745362095317	-0.3872828890476385	-0.01572183725947937	0.11148702431828582	0.16723053647742875	paired_processed	318.0	DONE	NA	CAMP_processed_original_author_pair_table	results/BRCA/04_ROBUSTNESS/20260921T112611Z_metabolite318_paired_v1/paired_metabolite318.tsv	5f78d08a696d5fac3d95c697b0eb05358cfa1868	EXACT_COLUMN_COPY_NO_RECALCULATION
BRCA	CAMP_BRCA1_Terunuma	04_ROBUSTNESS	20260921T112611Z_metabolite318_paired_v1	metabolite318_paired_v1	paired_author_available	HMDB:HMDB60038	10-heptadecenoate (17:1n7)	NA	author_paired_case	45	45	mean_paired_difference_author_scale	-0.18814745362095317	-0.3802863354503749	-0.010630035783661517	0.11148702431828582	0.17450142936775173	paired_author_available	288.0	DONE	NA	CAMP_processed_original_author_pair_table	results/BRCA/04_ROBUSTNESS/20260921T112611Z_metabolite318_paired_v1/paired_metabolite318.tsv	5f78d08a696d5fac3d95c697b0eb05358cfa1868	EXACT_COLUMN_COPY_NO_RECALCULATION
BRCA	CAMP_BRCA1_Terunuma	04_ROBUSTNESS	20260921T112611Z_metabolite318_paired_v1	metabolite318_paired_v1	paired_processed	HMDB:HMDB13622	10-nonadecenoate (19:1n9)	NA	author_paired_case	45	45	mean_paired_difference_author_scale	0.5115292821425111	0.21417706026512584	0.8066697504599393	0.001982849535939446	0.005168411085481507	paired_processed	318.0	DONE	NA	CAMP_processed_original_author_pair_table	results/BRCA/04_ROBUSTNESS/20260921T112611Z_metabolite318_paired_v1/paired_metabolite318.tsv	5f78d08a696d5fac3d95c697b0eb05358cfa1868	EXACT_COLUMN_COPY_NO_RECALCULATION
BRCA	CAMP_BRCA1_Terunuma	04_ROBUSTNESS	20260921T112611Z_metabolite318_paired_v1	metabolite318_paired_v1	paired_author_available	HMDB:HMDB13622	10-nonadecenoate (19:1n9)	NA	author_paired_case	45	45	mean_paired_difference_author_scale	0.5115292821425111	0.2064245070779083	0.8134786837314418	0.001982849535939446	0.008785548713085546	paired_author_available	288.0	DONE	NA	CAMP_processed_original_author_pair_table	results/BRCA/04_ROBUSTNESS/20260921T112611Z_metabolite318_paired_v1/paired_metabolite318.tsv	5f78d08a696d5fac3d95c697b0eb05358cfa1868	EXACT_COLUMN_COPY_NO_RECALCULATION
BRCA	CAMP_BRCA1_Terunuma	04_ROBUSTNESS	20260921T112611Z_metabolite318_paired_v1	metabolite318_paired_v1	paired_processed	KEGG:C00956	2-aminoadipate	NA	author_paired_case	45	45	mean_paired_difference_author_scale	-0.024662552570973478	-0.4277420002237871	0.36932864267845583	0.49824538152495923	0.5868223382405076	paired_processed	318.0	DONE	NA	CAMP_processed_original_author_pair_table	results/BRCA/04_ROBUSTNESS/20260921T112611Z_metabolite318_paired_v1/paired_metabolite318.tsv	5f78d08a696d5fac3d95c697b0eb05358cfa1868	EXACT_COLUMN_COPY_NO_RECALCULATION
BRCA	CAMP_BRCA1_Terunuma	04_ROBUSTNESS	20260921T112611Z_metabolite318_paired_v1	metabolite318_paired_v1	paired_author_available	KEGG:C00956	2-aminoadipate	NA	author_paired_case	40	40	mean_paired_difference_author_scale	-0.3713018301409176	-0.6741376010941447	-0.08230149503669679	0.03425948063244107	0.0704766458724502	paired_author_available	288.0	DONE	NA	CAMP_processed_original_author_pair_table	results/BRCA/04_ROBUSTNESS/20260921T112611Z_metabolite318_paired_v1/paired_metabolite318.tsv	5f78d08a696d5fac3d95c697b0eb05358cfa1868	EXACT_COLUMN_COPY_NO_RECALCULATION
BRCA	CAMP_BRCA1_Terunuma	04_ROBUSTNESS	20260921T112611Z_metabolite318_paired_v1	metabolite318_paired_v1	paired_processed	KEGG:C02261	2-aminobutyrate	NA	author_paired_case	45	45	mean_paired_difference_author_scale	-0.226292276131158	-0.4065404248913837	-0.038616043106716055	0.029369019986245422	0.05217513047835779	paired_processed	318.0	DONE	NA	CAMP_processed_original_author_pair_table	results/BRCA/04_ROBUSTNESS/20260921T112611Z_metabolite318_paired_v1/paired_metabolite318.tsv	5f78d08a696d5fac3d95c697b0eb05358cfa1868	EXACT_COLUMN_COPY_NO_RECALCULATION
BRCA	CAMP_BRCA1_Terunuma	04_ROBUSTNESS	20260921T112611Z_metabolite318_paired_v1	metabolite318_paired_v1	paired_author_available	KEGG:C02261	2-aminobutyrate	NA	author_paired_case	42	42	mean_paired_difference_author_scale	-0.2432871291922455	-0.4171636174846775	-0.07871331259803074	0.018118258436992694	0.04577244236713944	paired_author_available	288.0	DONE	NA	CAMP_processed_original_author_pair_table	results/BRCA/04_ROBUSTNESS/20260921T112611Z_metabolite318_paired_v1/paired_metabolite318.tsv	5f78d08a696d5fac3d95c697b0eb05358cfa1868	EXACT_COLUMN_COPY_NO_RECALCULATION
BRCA	CAMP_BRCA1_Terunuma	04_ROBUSTNESS	20260921T112611Z_metabolite318_paired_v1	metabolite318_paired_v1	paired_processed	NAME:2-arachidonoylglycerophosphocholine	2-arachidonoylglycerophosphocholine	NA	author_paired_case	45	45	mean_paired_difference_author_scale	1.7709584735479824	1.1025775558828328	2.42149685839157	6.772154455110179e-05	0.0002814779382831279	paired_processed	318.0	DONE	NA	CAMP_processed_original_author_pair_table	results/BRCA/04_ROBUSTNESS/20260921T112611Z_metabolite318_paired_v1/paired_metabolite318.tsv	5f78d08a696d5fac3d95c697b0eb05358cfa1868	EXACT_COLUMN_COPY_NO_RECALCULATION
BRCA	CAMP_BRCA1_Terunuma	04_ROBUSTNESS	20260921T112611Z_metabolite318_paired_v1	metabolite318_paired_v1	paired_author_available	NAME:2-arachidonoylglycerophosphocholine	2-arachidonoylglycerophosphocholine	NA	author_paired_case	16	16	mean_paired_difference_author_scale	1.5198233750689065	0.4413208285521925	2.5325307825193315	0.02797600545679358	0.062458058694236825	paired_author_available	288.0	DONE	NA	CAMP_processed_original_author_pair_table	results/BRCA/04_ROBUSTNESS/20260921T112611Z_metabolite318_paired_v1/paired_metabolite318.tsv	5f78d08a696d5fac3d95c697b0eb05358cfa1868	EXACT_COLUMN_COPY_NO_RECALCULATION
BRCA	CAMP_BRCA1_Terunuma	04_ROBUSTNESS	20260921T112611Z_metabolite318_paired_v1	metabolite318_paired_v1	paired_processed	NAME:2-arachidonoylglycerophosphoethanolamine	2-arachidonoylglycerophosphoethanolamine	NA	author_paired_case	45	45	mean_paired_difference_author_scale	0.5740944628445448	0.16135608975539245	1.0018683968184159	0.015231659271959774	0.029534558832214685	paired_processed	318.0	DONE	NA	CAMP_processed_original_author_pair_table	results/BRCA/04_ROBUSTNESS/20260921T112611Z_metabolite318_paired_v1/paired_metabolite318.tsv	5f78d08a696d5fac3d95c697b0eb05358cfa1868	EXACT_COLUMN_COPY_NO_RECALCULATION
BRCA	CAMP_BRCA1_Terunuma	04_ROBUSTNESS	20260921T112611Z_metabolite318_paired_v1	metabolite318_paired_v1	paired_author_available	NAME:2-arachidonoylglycerophosphoethanolamine	2-arachidonoylglycerophosphoethanolamine	NA	author_paired_case	44	44	mean_paired_difference_author_scale	0.5173565355143593	0.10906464546629446	0.9209469161249765	0.024671227322001735	0.057300915070455635	paired_author_available	288.0	DONE	NA	CAMP_processed_original_author_pair_table	results/BRCA/04_ROBUSTNESS/20260921T112611Z_metabolite318_paired_v1/paired_metabolite318.tsv	5f78d08a696d5fac3d95c697b0eb05358cfa1868	EXACT_COLUMN_COPY_NO_RECALCULATION
BRCA	CAMP_BRCA1_Terunuma	04_ROBUSTNESS	20260921T112611Z_metabolite318_paired_v1	metabolite318_paired_v1	paired_processed	NAME:2-docosahexaenoylglycerophosphoethanolamine	2-docosahexaenoylglycerophosphoethanolamine	NA	author_paired_case	45	45	mean_paired_difference_author_scale	1.1532627070480508	0.5983646975971458	1.6822187505809683	0.0005670092317833729	0.0017852369871991347	paired_processed	318.0	DONE	NA	CAMP_processed_original_author_pair_table	results/BRCA/04_ROBUSTNESS/20260921T112611Z_metabolite318_paired_v1/paired_metabolite318.tsv	5f78d08a696d5fac3d95c697b0eb05358cfa1868	EXACT_COLUMN_COPY_NO_RECALCULATION
BRCA	CAMP_BRCA1_Terunuma	04_ROBUSTNESS	20260921T112611Z_metabolite318_paired_v1	metabolite318_paired_v1	paired_author_available	NAME:2-docosahexaenoylglycerophosphoethanolamine	2-docosahexaenoylglycerophosphoethanolamine	NA	author_paired_case	21	21	mean_paired_difference_author_scale	0.9528826520893192	0.29654875393757135	1.6157173946193315	0.014972832904828096	0.038848431320635056	paired_author_available	288.0	DONE	NA	CAMP_processed_original_author_pair_table	results/BRCA/04_ROBUSTNESS/20260921T112611Z_metabolite318_paired_v1/paired_metabolite318.tsv	5f78d08a696d5fac3d95c697b0eb05358cfa1868	EXACT_COLUMN_COPY_NO_RECALCULATION
BRCA	CAMP_BRCA1_Terunuma	04_ROBUSTNESS	20260921T112611Z_metabolite318_paired_v1	metabolite318_paired_v1	paired_processed	KEGG:C05984	2-hydroxybutyrate (AHB)	NA	author_paired_case	45	45	mean_paired_difference_author_scale	0.3455152457000001	0.02326924165898716	0.6688213281821889	0.03353467692148164	0.058593556379292096	paired_processed	318.0	DONE	NA	CAMP_processed_original_author_pair_table	results/BRCA/04_ROBUSTNESS/20260921T112611Z_metabolite318_paired_v1/paired_metabolite318.tsv	5f78d08a696d5fac3d95c697b0eb05358cfa1868	EXACT_COLUMN_COPY_NO_RECALCULATION
BRCA	CAMP_BRCA1_Terunuma	04_ROBUSTNESS	20260921T112611Z_metabolite318_paired_v1	metabolite318_paired_v1	paired_author_available	KEGG:C05984	2-hydroxybutyrate (AHB)	NA	author_paired_case	27	27	mean_paired_difference_author_scale	0.22166029595650732	-0.13471000300247296	0.594762592337945	0.20719629817229768	0.28147421638500814	paired_author_available	288.0	DONE	NA	CAMP_processed_original_author_pair_table	results/BRCA/04_ROBUSTNESS/20260921T112611Z_metabolite318_paired_v1/paired_metabolite318.tsv	5f78d08a696d5fac3d95c697b0eb05358cfa1868	EXACT_COLUMN_COPY_NO_RECALCULATION
BRCA	CAMP_BRCA1_Terunuma	04_ROBUSTNESS	20260921T112611Z_metabolite318_paired_v1	metabolite318_paired_v1	paired_processed	KEGG:C02630	2-hydroxyglutarate	NA	author_paired_case	45	45	mean_paired_difference_author_scale	1.5595540425191312	1.0776051822482862	2.0940816898953987	1.109933589815898e-06	1.470662006506065e-05	paired_processed	318.0	DONE	NA	CAMP_processed_original_author_pair_table	results/BRCA/04_ROBUSTNESS/20260921T112611Z_metabolite318_paired_v1/paired_metabolite318.tsv	5f78d08a696d5fac3d95c697b0eb05358cfa1868	EXACT_COLUMN_COPY_NO_RECALCULATION
BRCA	CAMP_BRCA1_Terunuma	04_ROBUSTNESS	20260921T112611Z_metabolite318_paired_v1	metabolite318_paired_v1	paired_author_available	KEGG:C02630	2-hydroxyglutarate	NA	author_paired_case	9	9	mean_paired_difference_author_scale	1.294625805393933	0.576403146621716	2.074942303606803	0.01285124018749651	0.035933564796106744	paired_author_available	288.0	DONE	NA	CAMP_processed_original_author_pair_table	results/BRCA/04_ROBUSTNESS/20260921T112611Z_metabolite318_paired_v1/paired_metabolite318.tsv	5f78d08a696d5fac3d95c697b0eb05358cfa1868	EXACT_COLUMN_COPY_NO_RECALCULATION
BRCA	CAMP_BRCA1_Terunuma	04_ROBUSTNESS	20260921T112611Z_metabolite318_paired_v1	metabolite318_paired_v1	paired_processed	HMDB:HMDB31057	2-hydroxypalmitate	NA	author_paired_case	45	45	mean_paired_difference_author_scale	0.5126424501481	0.2016706151491327	0.8233826410860681	0.004654484738390501	0.010350532495162093	paired_processed	318.0	DONE	NA	CAMP_processed_original_author_pair_table	results/BRCA/04_ROBUSTNESS/20260921T112611Z_metabolite318_paired_v1/paired_metabolite318.tsv	5f78d08a696d5fac3d95c697b0eb05358cfa1868	EXACT_COLUMN_COPY_NO_RECALCULATION
BRCA	CAMP_BRCA1_Terunuma	04_ROBUSTNESS	20260921T112611Z_metabolite318_paired_v1	metabolite318_paired_v1	paired_author_available	HMDB:HMDB31057	2-hydroxypalmitate	NA	author_paired_case	31	31	mean_paired_difference_author_scale	0.20336788861218372	-0.13910975047491037	0.5604072446268277	0.36216927776049845	0.4419692881145066	paired_author_available	288.0	DONE	NA	CAMP_processed_original_author_pair_table	results/BRCA/04_ROBUSTNESS/20260921T112611Z_metabolite318_paired_v1/paired_metabolite318.tsv	5f78d08a696d5fac3d95c697b0eb05358cfa1868	EXACT_COLUMN_COPY_NO_RECALCULATION
BRCA	CAMP_BRCA1_Terunuma	04_ROBUSTNESS	20260921T112611Z_metabolite318_paired_v1	metabolite318_paired_v1	paired_processed	KEGG:C03045	2-hydroxystearate	NA	author_paired_case	45	45	mean_paired_difference_author_scale	0.056162768916688754	-0.3388221301566678	0.46130509264288516	0.8199815124362423	0.8809260843065035	paired_processed	318.0	DONE	NA	CAMP_processed_original_author_pair_table	results/BRCA/04_ROBUSTNESS/20260921T112611Z_metabolite318_paired_v1/paired_metabolite318.tsv	5f78d08a696d5fac3d95c697b0eb05358cfa1868	EXACT_COLUMN_COPY_NO_RECALCULATION
BRCA	CAMP_BRCA1_Terunuma	04_ROBUSTNESS	20260921T112611Z_metabolite318_paired_v1	metabolite318_paired_v1	paired_author_available	KEGG:C03045	2-hydroxystearate	NA	author_paired_case	26	26	mean_paired_difference_author_scale	-0.6358973297859959	-1.001050699683528	-0.2582034580405272	0.0025081265520963897	0.010468702130489279	paired_author_available	288.0	DONE	NA	CAMP_processed_original_author_pair_table	results/BRCA/04_ROBUSTNESS/20260921T112611Z_metabolite318_paired_v1/paired_metabolite318.tsv	5f78d08a696d5fac3d95c697b0eb05358cfa1868	EXACT_COLUMN_COPY_NO_RECALCULATION
BRCA	CAMP_BRCA1_Terunuma	04_ROBUSTNESS	20260921T112611Z_metabolite318_paired_v1	metabolite318_paired_v1	paired_processed	NAME:2-linoleoylglycerophosphocholine	2-linoleoylglycerophosphocholine	NA	author_paired_case	45	45	mean_paired_difference_author_scale	0.6417375358938202	-0.02881639037748846	1.3128751555364624	0.05901880588540102	0.09526893538861687	paired_processed	318.0	DONE	NA	CAMP_processed_original_author_pair_table	results/BRCA/04_ROBUSTNESS/20260921T112611Z_metabolite318_paired_v1/paired_metabolite318.tsv	5f78d08a696d5fac3d95c697b0eb05358cfa1868	EXACT_COLUMN_COPY_NO_RECALCULATION
BRCA	CAMP_BRCA1_Terunuma	04_ROBUSTNESS	20260921T112611Z_metabolite318_paired_v1	metabolite318_paired_v1	paired_author_available	NAME:2-linoleoylglycerophosphocholine	2-linoleoylglycerophosphocholine	NA	author_paired_case	22	22	mean_paired_difference_author_scale	0.01925633946056832	-0.7370622971993341	0.6757523839960294	0.5161360816297075	0.6042568760542917	paired_author_available	288.0	DONE	NA	CAMP_processed_original_author_pair_table	results/BRCA/04_ROBUSTNESS/20260921T112611Z_metabolite318_paired_v1/paired_metabolite318.tsv	5f78d08a696d5fac3d95c697b0eb05358cfa1868	EXACT_COLUMN_COPY_NO_RECALCULATION
BRCA	CAMP_BRCA1_Terunuma	04_ROBUSTNESS	20260921T112611Z_metabolite318_paired_v1	metabolite318_paired_v1	paired_processed	NAME:2-linoleoylglycerophosphoethanolamine	2-linoleoylglycerophosphoethanolamine	NA	author_paired_case	45	45	mean_paired_difference_author_scale	0.6949723996816023	0.05420264522586012	1.3169720708192312	0.05544343967407357	0.09135240319355127	paired_processed	318.0	DONE	NA	CAMP_processed_original_author_pair_table	results/BRCA/04_ROBUSTNESS/20260921T112611Z_metabolite318_paired_v1/paired_metabolite318.tsv	5f78d08a696d5fac3d95c697b0eb05358cfa1868	EXACT_COLUMN_COPY_NO_RECALCULATION
BRCA	CAMP_BRCA1_Terunuma	04_ROBUSTNESS	20260921T112611Z_metabolite318_paired_v1	metabolite318_paired_v1	paired_author_available	NAME:2-linoleoylglycerophosphoethanolamine	2-linoleoylglycerophosphoethanolamine	NA	author_paired_case	22	22	mean_paired_difference_author_scale	-0.480349636374291	-1.0795139160750558	0.07043743073081979	0.12703836718877778	0.19358227381147092	paired_author_available	288.0	DONE	NA	CAMP_processed_original_author_pair_table	results/BRCA/04_ROBUSTNESS/20260921T112611Z_metabolite318_paired_v1/paired_metabolite318.tsv	5f78d08a696d5fac3d95c697b0eb05358cfa1868	EXACT_COLUMN_COPY_NO_RECALCULATION
BRCA	CAMP_BRCA1_Terunuma	04_ROBUSTNESS	20260921T112611Z_metabolite318_paired_v1	metabolite318_paired_v1	paired_processed	HMDB:HMDB00378	2-methylbutyroylcarnitine	NA	author_paired_case	45	45	mean_paired_difference_author_scale	-0.061971552297949054	-0.4628337699717021	0.362175541350482	0.4377089512853283	0.5292450437594464	paired_processed	318.0	DONE	NA	CAMP_processed_original_author_pair_table	results/BRCA/04_ROBUSTNESS/20260921T112611Z_metabolite318_paired_v1/paired_metabolite318.tsv	5f78d08a696d5fac3d95c697b0eb05358cfa1868	EXACT_COLUMN_COPY_NO_RECALCULATION
BRCA	CAMP_BRCA1_Terunuma	04_ROBUSTNESS	20260921T112611Z_metabolite318_paired_v1	metabolite318_paired_v1	paired_author_available	HMDB:HMDB00378	2-methylbutyroylcarnitine	NA	author_paired_case	36	36	mean_paired_difference_author_scale	-0.2914784039188334	-0.6467014022076115	0.06841095641734804	0.050469091282219616	0.09755099523006207	paired_author_available	288.0	DONE	NA	CAMP_processed_original_author_pair_table	results/BRCA/04_ROBUSTNESS/20260921T112611Z_metabolite318_paired_v1/paired_metabolite318.tsv	5f78d08a696d5fac3d95c697b0eb05358cfa1868	EXACT_COLUMN_COPY_NO_RECALCULATION
BRCA	CAMP_BRCA1_Terunuma	04_ROBUSTNESS	20260921T112611Z_metabolite318_paired_v1	metabolite318_paired_v1	paired_processed	NAME:2-oleoylglycerophosphocholine	2-oleoylglycerophosphocholine	NA	author_paired_case	45	45	mean_paired_difference_author_scale	1.5863897815001644	0.7969663304900433	2.3508520285431507	0.0007274200826816515	0.0022242267912765882	paired_processed	318.0	DONE	NA	CAMP_processed_original_author_pair_table	results/BRCA/04_ROBUSTNESS/20260921T112611Z_metabolite318_paired_v1/paired_metabolite318.tsv	5f78d08a696d5fac3d95c697b0eb05358cfa1868	EXACT_COLUMN_COPY_NO_RECALCULATION
BRCA	CAMP_BRCA1_Terunuma	04_ROBUSTNESS	20260921T112611Z_metabolite318_paired_v1	metabolite318_paired_v1	paired_author_available	NAME:2-oleoylglycerophosphocholine	2-oleoylglycerophosphocholine	NA	author_paired_case	14	14	mean_paired_difference_author_scale	1.0655675892744287	0.13185179081606763	2.0090079843976416	0.03830052853435463	0.07767994519643756	paired_author_available	288.0	DONE	NA	CAMP_processed_original_author_pair_table	results/BRCA/04_ROBUSTNESS/20260921T112611Z_metabolite318_paired_v1/paired_metabolite318.tsv	5f78d08a696d5fac3d95c697b0eb05358cfa1868	EXACT_COLUMN_COPY_NO_RECALCULATION
BRCA	CAMP_BRCA1_Terunuma	04_ROBUSTNESS	20260921T112611Z_metabolite318_paired_v1	metabolite318_paired_v1	paired_processed	NAME:2-oleoylglycerophosphoethanolamine	2-oleoylglycerophosphoethanolamine	NA	author_paired_case	45	45	mean_paired_difference_author_scale	1.4391526222702045	0.6332344526644343	2.241497344425924	0.001627552482889085	0.004461738703092492	paired_processed	318.0	DONE	NA	CAMP_processed_original_author_pair_table	results/BRCA/04_ROBUSTNESS/20260921T112611Z_metabolite318_paired_v1/paired_metabolite318.tsv	5f78d08a696d5fac3d95c697b0eb05358cfa1868	EXACT_COLUMN_COPY_NO_RECALCULATION
BRCA	CAMP_BRCA1_Terunuma	04_ROBUSTNESS	20260921T112611Z_metabolite318_paired_v1	metabolite318_paired_v1	paired_author_available	NAME:2-oleoylglycerophosphoethanolamine	2-oleoylglycerophosphoethanolamine	NA	author_paired_case	21	21	mean_paired_difference_author_scale	1.2302394702678665	0.5344797729992926	1.8811401152986782	0.006706106617938011	0.022457659371699388	paired_author_available	288.0	DONE	NA	CAMP_processed_original_author_pair_table	results/BRCA/04_ROBUSTNESS/20260921T112611Z_metabolite318_paired_v1/paired_metabolite318.tsv	5f78d08a696d5fac3d95c697b0eb05358cfa1868	EXACT_COLUMN_COPY_NO_RECALCULATION
BRCA	CAMP_BRCA1_Terunuma	04_ROBUSTNESS	20260921T112611Z_metabolite318_paired_v1	metabolite318_paired_v1	paired_processed	HMDB:HMDB10383	2-palmitoleoyl-GPC (16:1)	NA	author_paired_case	45	45	mean_paired_difference_author_scale	1.4014749381156464	0.633453477694736	2.2075998051193606	0.0021632065483121322	0.005503197458906064	paired_processed	318.0	DONE	NA	CAMP_processed_original_author_pair_table	results/BRCA/04_ROBUSTNESS/20260921T112611Z_metabolite318_paired_v1/paired_metabolite318.tsv	5f78d08a696d5fac3d95c697b0eb05358cfa1868	EXACT_COLUMN_COPY_NO_RECALCULATION
BRCA	CAMP_BRCA1_Terunuma	04_ROBUSTNESS	20260921T112611Z_metabolite318_paired_v1	metabolite318_paired_v1	paired_author_available	HMDB:HMDB10383	2-palmitoleoyl-GPC (16:1)	NA	author_paired_case	4	4	mean_paired_difference_author_scale	NA	NA	NA	NA	NA	paired_author_available	288.0	NOT_EVALUABLE	fewer_than8_complete_author_available_pairs	CAMP_processed_original_author_pair_table	results/BRCA/04_ROBUSTNESS/20260921T112611Z_metabolite318_paired_v1/paired_metabolite318.tsv	5f78d08a696d5fac3d95c697b0eb05358cfa1868	EXACT_COLUMN_COPY_NO_RECALCULATION
BRCA	CAMP_BRCA1_Terunuma	04_ROBUSTNESS	20260921T112611Z_metabolite318_paired_v1	metabolite318_paired_v1	paired_processed	HMDB:HMDB61702	2-palmitoyl-GPC (16:0)	NA	author_paired_case	45	45	mean_paired_difference_author_scale	1.8961428567712533	1.1922215142448251	2.604732803758068	6.815660769748695e-05	0.0002814779382831279	paired_processed	318.0	DONE	NA	CAMP_processed_original_author_pair_table	results/BRCA/04_ROBUSTNESS/20260921T112611Z_metabolite318_paired_v1/paired_metabolite318.tsv	5f78d08a696d5fac3d95c697b0eb05358cfa1868	EXACT_COLUMN_COPY_NO_RECALCULATION
BRCA	CAMP_BRCA1_Terunuma	04_ROBUSTNESS	20260921T112611Z_metabolite318_paired_v1	metabolite318_paired_v1	paired_author_available	HMDB:HMDB61702	2-palmitoyl-GPC (16:0)	NA	author_paired_case	6	6	mean_paired_difference_author_scale	NA	NA	NA	NA	NA	paired_author_available	288.0	NOT_EVALUABLE	fewer_than8_complete_author_available_pairs	CAMP_processed_original_author_pair_table	results/BRCA/04_ROBUSTNESS/20260921T112611Z_metabolite318_paired_v1/paired_metabolite318.tsv	5f78d08a696d5fac3d95c697b0eb05358cfa1868	EXACT_COLUMN_COPY_NO_RECALCULATION
BRCA	CAMP_BRCA1_Terunuma	04_ROBUSTNESS	20260921T112611Z_metabolite318_paired_v1	metabolite318_paired_v1	paired_processed	KEGG:C03672	3-(4-hydroxyphenyl)lactate	NA	author_paired_case	45	45	mean_paired_difference_author_scale	1.2430367344251556	0.7701621944120702	1.7099757590679308	1.4328152314566019e-05	8.284277156421808e-05	paired_processed	318.0	DONE	NA	CAMP_processed_original_author_pair_table	results/BRCA/04_ROBUSTNESS/20260921T112611Z_metabolite318_paired_v1/paired_metabolite318.tsv	5f78d08a696d5fac3d95c697b0eb05358cfa1868	EXACT_COLUMN_COPY_NO_RECALCULATION
BRCA	CAMP_BRCA1_Terunuma	04_ROBUSTNESS	20260921T112611Z_metabolite318_paired_v1	metabolite318_paired_v1	paired_author_available	KEGG:C03672	3-(4-hydroxyphenyl)lactate	NA	author_paired_case	15	15	mean_paired_difference_author_scale	0.49674499788552695	-0.35713562347387595	1.3131215618155785	0.24429364133177656	0.32422381891037627	paired_author_available	288.0	DONE	NA	CAMP_processed_original_author_pair_table	results/BRCA/04_ROBUSTNESS/20260921T112611Z_metabolite318_paired_v1/paired_metabolite318.tsv	5f78d08a696d5fac3d95c697b0eb05358cfa1868	EXACT_COLUMN_COPY_NO_RECALCULATION
BRCA	CAMP_BRCA1_Terunuma	04_ROBUSTNESS	20260921T112611Z_metabolite318_paired_v1	metabolite318_paired_v1	paired_processed	KEGG:C02636	3-dehydrocarnitine	NA	author_paired_case	45	45	mean_paired_difference_author_scale	0.023232496702666732	-0.44024988712049534	0.47013275839000535	0.9101292469760933	0.9427397411674191	paired_processed	318.0	DONE	NA	CAMP_processed_original_author_pair_table	results/BRCA/04_ROBUSTNESS/20260921T112611Z_metabolite318_paired_v1/paired_metabolite318.tsv	5f78d08a696d5fac3d95c697b0eb05358cfa1868	EXACT_COLUMN_COPY_NO_RECALCULATION
BRCA	CAMP_BRCA1_Terunuma	04_ROBUSTNESS	20260921T112611Z_metabolite318_paired_v1	metabolite318_paired_v1	paired_author_available	KEGG:C02636	3-dehydrocarnitine	NA	author_paired_case	43	43	mean_paired_difference_author_scale	-0.1175543809789348	-0.5423097766152796	0.3011348931216964	0.7216824823126775	0.787945050235846	paired_author_available	288.0	DONE	NA	CAMP_processed_original_author_pair_table	results/BRCA/04_ROBUSTNESS/20260921T112611Z_metabolite318_paired_v1/paired_metabolite318.tsv	5f78d08a696d5fac3d95c697b0eb05358cfa1868	EXACT_COLUMN_COPY_NO_RECALCULATION
BRCA	CAMP_BRCA1_Terunuma	04_ROBUSTNESS	20260921T112611Z_metabolite318_paired_v1	metabolite318_paired_v1	paired_processed	KEGG:C01089	3-hydroxybutyrate (BHBA)	NA	author_paired_case	45	45	mean_paired_difference_author_scale	-0.3074429679222489	-0.6264262692923774	0.003067067262285972	0.07637038868835612	0.1196344019847155	paired_processed	318.0	DONE	NA	CAMP_processed_original_author_pair_table	results/BRCA/04_ROBUSTNESS/20260921T112611Z_metabolite318_paired_v1/paired_metabolite318.tsv	5f78d08a696d5fac3d95c697b0eb05358cfa1868	EXACT_COLUMN_COPY_NO_RECALCULATION
BRCA	CAMP_BRCA1_Terunuma	04_ROBUSTNESS	20260921T112611Z_metabolite318_paired_v1	metabolite318_paired_v1	paired_author_available	KEGG:C01089	3-hydroxybutyrate (BHBA)	NA	author_paired_case	45	45	mean_paired_difference_author_scale	-0.3074429679222489	-0.6220211992951518	0.003932543928738318	0.07637038868835612	0.12691009103508902	paired_author_available	288.0	DONE	NA	CAMP_processed_original_author_pair_table	results/BRCA/04_ROBUSTNESS/20260921T112611Z_metabolite318_paired_v1/paired_metabolite318.tsv	5f78d08a696d5fac3d95c697b0eb05358cfa1868	EXACT_COLUMN_COPY_NO_RECALCULATION
BRCA	CAMP_BRCA1_Terunuma	04_ROBUSTNESS	20260921T112611Z_metabolite318_paired_v1	metabolite318_paired_v1	paired_processed	KEGG:C00141	3-methyl-2-oxobutyrate	NA	author_paired_case	45	45	mean_paired_difference_author_scale	0.24527861990787544	-0.06769603072443824	0.5661856496396871	0.1831588529316811	0.25771909394811765	paired_processed	318.0	DONE	NA	CAMP_processed_original_author_pair_table	results/BRCA/04_ROBUSTNESS/20260921T112611Z_metabolite318_paired_v1/paired_metabolite318.tsv	5f78d08a696d5fac3d95c697b0eb05358cfa1868	EXACT_COLUMN_COPY_NO_RECALCULATION
BRCA	CAMP_BRCA1_Terunuma	04_ROBUSTNESS	20260921T112611Z_metabolite318_paired_v1	metabolite318_paired_v1	paired_author_available	KEGG:C00141	3-methyl-2-oxobutyrate	NA	author_paired_case	4	4	mean_paired_difference_author_scale	NA	NA	NA	NA	NA	paired_author_available	288.0	NOT_EVALUABLE	fewer_than8_complete_author_available_pairs	CAMP_processed_original_author_pair_table	results/BRCA/04_ROBUSTNESS/20260921T112611Z_metabolite318_paired_v1/paired_metabolite318.tsv	5f78d08a696d5fac3d95c697b0eb05358cfa1868	EXACT_COLUMN_COPY_NO_RECALCULATION
BRCA	CAMP_BRCA1_Terunuma	04_ROBUSTNESS	20260921T112611Z_metabolite318_paired_v1	metabolite318_paired_v1	paired_processed	KEGG:C00671	3-methyl-2-oxovalerate	NA	author_paired_case	45	45	mean_paired_difference_author_scale	-0.29086203818798434	-0.790094366011447	0.18081569011123141	0.3365256416972664	0.42466330976083616	paired_processed	318.0	DONE	NA	CAMP_processed_original_author_pair_table	results/BRCA/04_ROBUSTNESS/20260921T112611Z_metabolite318_paired_v1/paired_metabolite318.tsv	5f78d08a696d5fac3d95c697b0eb05358cfa1868	EXACT_COLUMN_COPY_NO_RECALCULATION
BRCA	CAMP_BRCA1_Terunuma	04_ROBUSTNESS	20260921T112611Z_metabolite318_paired_v1	metabolite318_paired_v1	paired_author_available	KEGG:C00671	3-methyl-2-oxovalerate	NA	author_paired_case	29	29	mean_paired_difference_author_scale	-0.334862986863086	-0.7452545507718239	0.03734685374710924	0.14740616055936476	0.21659680735253597	paired_author_available	288.0	DONE	NA	CAMP_processed_original_author_pair_table	results/BRCA/04_ROBUSTNESS/20260921T112611Z_metabolite318_paired_v1/paired_metabolite318.tsv	5f78d08a696d5fac3d95c697b0eb05358cfa1868	EXACT_COLUMN_COPY_NO_RECALCULATION
BRCA	CAMP_BRCA1_Terunuma	04_ROBUSTNESS	20260921T112611Z_metabolite318_paired_v1	metabolite318_paired_v1	paired_processed	KEGG:C00597	3-phosphoglycerate	NA	author_paired_case	45	45	mean_paired_difference_author_scale	0.14251028781747818	-0.3124773142739026	0.6157062229071487	0.6448182586862743	0.7245660998665555	paired_processed	318.0	DONE	NA	CAMP_processed_original_author_pair_table	results/BRCA/04_ROBUSTNESS/20260921T112611Z_metabolite318_paired_v1/paired_metabolite318.tsv	5f78d08a696d5fac3d95c697b0eb05358cfa1868	EXACT_COLUMN_COPY_NO_RECALCULATION
BRCA	CAMP_BRCA1_Terunuma	04_ROBUSTNESS	20260921T112611Z_metabolite318_paired_v1	metabolite318_paired_v1	paired_author_available	KEGG:C00597	3-phosphoglycerate	NA	author_paired_case	42	42	mean_paired_difference_author_scale	0.04227028178069562	-0.419088140183958	0.5234050718579747	1.0	1.0	paired_author_available	288.0	DONE	NA	CAMP_processed_original_author_pair_table	results/BRCA/04_ROBUSTNESS/20260921T112611Z_metabolite318_paired_v1/paired_metabolite318.tsv	5f78d08a696d5fac3d95c697b0eb05358cfa1868	EXACT_COLUMN_COPY_NO_RECALCULATION
BRCA	CAMP_BRCA1_Terunuma	04_ROBUSTNESS	20260921T112611Z_metabolite318_paired_v1	metabolite318_paired_v1	paired_processed	KEGG:C04295	4-androsten-3beta,17beta-diol disulfate (1)	NA	author_paired_case	45	45	mean_paired_difference_author_scale	-0.11161498124022438	-0.4762268708480994	0.26425389634760194	0.5882844808893127	0.6753590791436875	paired_processed	318.0	DONE	NA	CAMP_processed_original_author_pair_table	results/BRCA/04_ROBUSTNESS/20260921T112611Z_metabolite318_paired_v1/paired_metabolite318.tsv	5f78d08a696d5fac3d95c697b0eb05358cfa1868	EXACT_COLUMN_COPY_NO_RECALCULATION
BRCA	CAMP_BRCA1_Terunuma	04_ROBUSTNESS	20260921T112611Z_metabolite318_paired_v1	metabolite318_paired_v1	paired_author_available	KEGG:C04295	4-androsten-3beta,17beta-diol disulfate (1)	NA	author_paired_case	11	11	mean_paired_difference_author_scale	-1.4341671624382728	-1.9671974635192322	-0.7983502778062537	0.0066922837882403075	0.022457659371699388	paired_author_available	288.0	DONE	NA	CAMP_processed_original_author_pair_table	results/BRCA/04_ROBUSTNESS/20260921T112611Z_metabolite318_paired_v1/paired_metabolite318.tsv	5f78d08a696d5fac3d95c697b0eb05358cfa1868	EXACT_COLUMN_COPY_NO_RECALCULATION
BRCA	CAMP_BRCA1_Terunuma	04_ROBUSTNESS	20260921T112611Z_metabolite318_paired_v1	metabolite318_paired_v1	paired_processed	KEGG:C01179	4-hydroxyphenylpyruvate	NA	author_paired_case	45	45	mean_paired_difference_author_scale	0.8592897215909687	0.40454799224784405	1.3257581869949493	0.0016623567287291205	0.004518200339622738	paired_processed	318.0	DONE	NA	CAMP_processed_original_author_pair_table	results/BRCA/04_ROBUSTNESS/20260921T112611Z_metabolite318_paired_v1/paired_metabolite318.tsv	5f78d08a696d5fac3d95c697b0eb05358cfa1868	EXACT_COLUMN_COPY_NO_RECALCULATION
BRCA	CAMP_BRCA1_Terunuma	04_ROBUSTNESS	20260921T112611Z_metabolite318_paired_v1	metabolite318_paired_v1	paired_author_available	KEGG:C01179	4-hydroxyphenylpyruvate	NA	author_paired_case	6	6	mean_paired_difference_author_scale	NA	NA	NA	NA	NA	paired_author_available	288.0	NOT_EVALUABLE	fewer_than8_complete_author_available_pairs	CAMP_processed_original_author_pair_table	results/BRCA/04_ROBUSTNESS/20260921T112611Z_metabolite318_paired_v1/paired_metabolite318.tsv	5f78d08a696d5fac3d95c697b0eb05358cfa1868	EXACT_COLUMN_COPY_NO_RECALCULATION
BRCA	CAMP_BRCA1_Terunuma	04_ROBUSTNESS	20260921T112611Z_metabolite318_paired_v1	metabolite318_paired_v1	paired_processed	KEGG:C00233	4-methyl-2-oxopentanoate	NA	author_paired_case	45	45	mean_paired_difference_author_scale	-0.04441331096790005	-0.5605612605407114	0.4721425462787989	0.9662895719499608	0.9785989932486864	paired_processed	318.0	DONE	NA	CAMP_processed_original_author_pair_table	results/BRCA/04_ROBUSTNESS/20260921T112611Z_metabolite318_paired_v1/paired_metabolite318.tsv	5f78d08a696d5fac3d95c697b0eb05358cfa1868	EXACT_COLUMN_COPY_NO_RECALCULATION
BRCA	CAMP_BRCA1_Terunuma	04_ROBUSTNESS	20260921T112611Z_metabolite318_paired_v1	metabolite318_paired_v1	paired_author_available	KEGG:C00233	4-methyl-2-oxopentanoate	NA	author_paired_case	33	33	mean_paired_difference_author_scale	-0.42643728293942423	-0.8576904581231861	-0.02709131678778528	0.14287672716806066	0.214315090752091	paired_author_available	288.0	DONE	NA	CAMP_processed_original_author_pair_table	results/BRCA/04_ROBUSTNESS/20260921T112611Z_metabolite318_paired_v1/paired_metabolite318.tsv	5f78d08a696d5fac3d95c697b0eb05358cfa1868	EXACT_COLUMN_COPY_NO_RECALCULATION
BRCA	CAMP_BRCA1_Terunuma	04_ROBUSTNESS	20260921T112611Z_metabolite318_paired_v1	metabolite318_paired_v1	paired_processed	KEGG:C01879	5-oxoproline	NA	author_paired_case	45	45	mean_paired_difference_author_scale	-0.010028631716944621	-0.266961414838089	0.23757381239070707	0.892255603707806	0.9333463222996128	paired_processed	318.0	DONE	NA	CAMP_processed_original_author_pair_table	results/BRCA/04_ROBUSTNESS/20260921T112611Z_metabolite318_paired_v1/paired_metabolite318.tsv	5f78d08a696d5fac3d95c697b0eb05358cfa1868	EXACT_COLUMN_COPY_NO_RECALCULATION
BRCA	CAMP_BRCA1_Terunuma	04_ROBUSTNESS	20260921T112611Z_metabolite318_paired_v1	metabolite318_paired_v1	paired_author_available	KEGG:C01879	5-oxoproline	NA	author_paired_case	45	45	mean_paired_difference_author_scale	-0.010028631716944621	-0.2674964367147288	0.23296856954446113	0.892255603707806	0.9310493256081454	paired_author_available	288.0	DONE	NA	CAMP_processed_original_author_pair_table	results/BRCA/04_ROBUSTNESS/20260921T112611Z_metabolite318_paired_v1/paired_metabolite318.tsv	5f78d08a696d5fac3d95c697b0eb05358cfa1868	EXACT_COLUMN_COPY_NO_RECALCULATION
BRCA	CAMP_BRCA1_Terunuma	04_ROBUSTNESS	20260921T112611Z_metabolite318_paired_v1	metabolite318_paired_v1	paired_processed	KEGG:C00429	5,6-dihydrouracil	NA	author_paired_case	45	45	mean_paired_difference_author_scale	1.3038314215760225	0.9057631671659679	1.7079476172264512	5.367673714082117e-06	3.94739564581896e-05	paired_processed	318.0	DONE	NA	CAMP_processed_original_author_pair_table	results/BRCA/04_ROBUSTNESS/20260921T112611Z_metabolite318_paired_v1/paired_metabolite318.tsv	5f78d08a696d5fac3d95c697b0eb05358cfa1868	EXACT_COLUMN_COPY_NO_RECALCULATION
BRCA	CAMP_BRCA1_Terunuma	04_ROBUSTNESS	20260921T112611Z_metabolite318_paired_v1	metabolite318_paired_v1	paired_author_available	KEGG:C00429	5,6-dihydrouracil	NA	author_paired_case	15	15	mean_paired_difference_author_scale	0.6730771823095003	0.3118417507815981	0.9933788653071117	0.009759772043710601	0.03022381019987799	paired_author_available	288.0	DONE	NA	CAMP_processed_original_author_pair_table	results/BRCA/04_ROBUSTNESS/20260921T112611Z_metabolite318_paired_v1/paired_metabolite318.tsv	5f78d08a696d5fac3d95c697b0eb05358cfa1868	EXACT_COLUMN_COPY_NO_RECALCULATION
BRCA	CAMP_BRCA1_Terunuma	04_ROBUSTNESS	20260921T112611Z_metabolite318_paired_v1	metabolite318_paired_v1	paired_processed	KEGG:C00345	6-phosphogluconate	NA	author_paired_case	45	45	mean_paired_difference_author_scale	0.4525476299879602	0.25019968676204407	0.6617443767067501	0.00023845363029404977	0.0008425361603723092	paired_processed	318.0	DONE	NA	CAMP_processed_original_author_pair_table	results/BRCA/04_ROBUSTNESS/20260921T112611Z_metabolite318_paired_v1/paired_metabolite318.tsv	5f78d08a696d5fac3d95c697b0eb05358cfa1868	EXACT_COLUMN_COPY_NO_RECALCULATION
BRCA	CAMP_BRCA1_Terunuma	04_ROBUSTNESS	20260921T112611Z_metabolite318_paired_v1	metabolite318_paired_v1	paired_author_available	KEGG:C00345	6-phosphogluconate	NA	author_paired_case	7	7	mean_paired_difference_author_scale	NA	NA	NA	NA	NA	paired_author_available	288.0	NOT_EVALUABLE	fewer_than8_complete_author_available_pairs	CAMP_processed_original_author_pair_table	results/BRCA/04_ROBUSTNESS/20260921T112611Z_metabolite318_paired_v1/paired_metabolite318.tsv	5f78d08a696d5fac3d95c697b0eb05358cfa1868	EXACT_COLUMN_COPY_NO_RECALCULATION
BRCA	CAMP_BRCA1_Terunuma	04_ROBUSTNESS	20260921T112611Z_metabolite318_paired_v1	metabolite318_paired_v1	paired_processed	KEGG:C17337	7-alpha-hydroxy-3-oxo-4-cholestenoate (7-Hoca)	NA	author_paired_case	45	45	mean_paired_difference_author_scale	0.8531803141505558	0.49692983027446336	1.2109807341131296	0.00021675724018039365	0.0007850125425685942	paired_processed	318.0	DONE	NA	CAMP_processed_original_author_pair_table	results/BRCA/04_ROBUSTNESS/20260921T112611Z_metabolite318_paired_v1/paired_metabolite318.tsv	5f78d08a696d5fac3d95c697b0eb05358cfa1868	EXACT_COLUMN_COPY_NO_RECALCULATION
BRCA	CAMP_BRCA1_Terunuma	04_ROBUSTNESS	20260921T112611Z_metabolite318_paired_v1	metabolite318_paired_v1	paired_author_available	KEGG:C17337	7-alpha-hydroxy-3-oxo-4-cholestenoate (7-Hoca)	NA	author_paired_case	9	9	mean_paired_difference_author_scale	-0.022364161010622316	-0.6386034595320185	0.6043423930117253	1.0	1.0	paired_author_available	288.0	DONE	NA	CAMP_processed_original_author_pair_table	results/BRCA/04_ROBUSTNESS/20260921T112611Z_metabolite318_paired_v1/paired_metabolite318.tsv	5f78d08a696d5fac3d95c697b0eb05358cfa1868	EXACT_COLUMN_COPY_NO_RECALCULATION
BRCA	CAMP_BRCA1_Terunuma	04_ROBUSTNESS	20260921T112611Z_metabolite318_paired_v1	metabolite318_paired_v1	paired_processed	KEGG:C03594	7-beta-hydroxycholesterol	NA	author_paired_case	45	45	mean_paired_difference_author_scale	0.01674895407110672	-0.4579719955970858	0.4917975509849209	1.0	1.0	paired_processed	318.0	DONE	NA	CAMP_processed_original_author_pair_table	results/BRCA/04_ROBUSTNESS/20260921T112611Z_metabolite318_paired_v1/paired_metabolite318.tsv	5f78d08a696d5fac3d95c697b0eb05358cfa1868	EXACT_COLUMN_COPY_NO_RECALCULATION
BRCA	CAMP_BRCA1_Terunuma	04_ROBUSTNESS	20260921T112611Z_metabolite318_paired_v1	metabolite318_paired_v1	paired_author_available	KEGG:C03594	7-beta-hydroxycholesterol	NA	author_paired_case	4	4	mean_paired_difference_author_scale	NA	NA	NA	NA	NA	paired_author_available	288.0	NOT_EVALUABLE	fewer_than8_complete_author_available_pairs	CAMP_processed_original_author_pair_table	results/BRCA/04_ROBUSTNESS/20260921T112611Z_metabolite318_paired_v1/paired_metabolite318.tsv	5f78d08a696d5fac3d95c697b0eb05358cfa1868	EXACT_COLUMN_COPY_NO_RECALCULATION
BRCA	CAMP_BRCA1_Terunuma	04_ROBUSTNESS	20260921T112611Z_metabolite318_paired_v1	metabolite318_paired_v1	paired_processed	KEGG:C02571	acetylcarnitine	NA	author_paired_case	45	45	mean_paired_difference_author_scale	-0.20913599843551303	-0.4279202943985215	0.01660252359800179	0.05220264121681541	0.08691329794213246	paired_processed	318.0	DONE	NA	CAMP_processed_original_author_pair_table	results/BRCA/04_ROBUSTNESS/20260921T112611Z_metabolite318_paired_v1/paired_metabolite318.tsv	5f78d08a696d5fac3d95c697b0eb05358cfa1868	EXACT_COLUMN_COPY_NO_RECALCULATION
BRCA	CAMP_BRCA1_Terunuma	04_ROBUSTNESS	20260921T112611Z_metabolite318_paired_v1	metabolite318_paired_v1	paired_author_available	KEGG:C02571	acetylcarnitine	NA	author_paired_case	45	45	mean_paired_difference_author_scale	-0.20913599843551303	-0.4203616935409132	0.011504448693545428	0.05220264121681541	0.09956530245326382	paired_author_available	288.0	DONE	NA	CAMP_processed_original_author_pair_table	results/BRCA/04_ROBUSTNESS/20260921T112611Z_metabolite318_paired_v1/paired_metabolite318.tsv	5f78d08a696d5fac3d95c697b0eb05358cfa1868	EXACT_COLUMN_COPY_NO_RECALCULATION
BRCA	CAMP_BRCA1_Terunuma	04_ROBUSTNESS	20260921T112611Z_metabolite318_paired_v1	metabolite318_paired_v1	paired_processed	KEGG:C00212	adenosine	NA	author_paired_case	45	45	mean_paired_difference_author_scale	0.7253734621807935	0.2412107925488344	1.1781227156378036	0.0057801265487537595	0.012336109010091917	paired_processed	318.0	DONE	NA	CAMP_processed_original_author_pair_table	results/BRCA/04_ROBUSTNESS/20260921T112611Z_metabolite318_paired_v1/paired_metabolite318.tsv	5f78d08a696d5fac3d95c697b0eb05358cfa1868	EXACT_COLUMN_COPY_NO_RECALCULATION
BRCA	CAMP_BRCA1_Terunuma	04_ROBUSTNESS	20260921T112611Z_metabolite318_paired_v1	metabolite318_paired_v1	paired_author_available	KEGG:C00212	adenosine	NA	author_paired_case	25	25	mean_paired_difference_author_scale	-0.3060215825373158	-0.8072327002113291	0.182097500239276	0.33272043464084833	0.41303226369208756	paired_author_available	288.0	DONE	NA	CAMP_processed_original_author_pair_table	results/BRCA/04_ROBUSTNESS/20260921T112611Z_metabolite318_paired_v1/paired_metabolite318.tsv	5f78d08a696d5fac3d95c697b0eb05358cfa1868	EXACT_COLUMN_COPY_NO_RECALCULATION
BRCA	CAMP_BRCA1_Terunuma	04_ROBUSTNESS	20260921T112611Z_metabolite318_paired_v1	metabolite318_paired_v1	paired_processed	KEGG:C16527	adrenate (22:4n6)	NA	author_paired_case	45	45	mean_paired_difference_author_scale	1.2745712440338335	0.8440199028949145	1.7154066935106875	4.5890937562359305e-06	3.55934588898299e-05	paired_processed	318.0	DONE	NA	CAMP_processed_original_author_pair_table	results/BRCA/04_ROBUSTNESS/20260921T112611Z_metabolite318_paired_v1/paired_metabolite318.tsv	5f78d08a696d5fac3d95c697b0eb05358cfa1868	EXACT_COLUMN_COPY_NO_RECALCULATION
BRCA	CAMP_BRCA1_Terunuma	04_ROBUSTNESS	20260921T112611Z_metabolite318_paired_v1	metabolite318_paired_v1	paired_author_available	KEGG:C16527	adrenate (22:4n6)	NA	author_paired_case	43	43	mean_paired_difference_author_scale	1.1607758929131373	0.7376114385700976	1.5914916558410424	1.2706734656046497e-05	0.00014065099586442058	paired_author_available	288.0	DONE	NA	CAMP_processed_original_author_pair_table	results/BRCA/04_ROBUSTNESS/20260921T112611Z_metabolite318_paired_v1/paired_metabolite318.tsv	5f78d08a696d5fac3d95c697b0eb05358cfa1868	EXACT_COLUMN_COPY_NO_RECALCULATION
BRCA	CAMP_BRCA1_Terunuma	04_ROBUSTNESS	20260921T112611Z_metabolite318_paired_v1	metabolite318_paired_v1	paired_processed	KEGG:C00041	alanine	NA	author_paired_case	45	45	mean_paired_difference_author_scale	-0.09252513080427108	-0.3057234990023126	0.12201371254329083	0.7095286473946876	0.783521492798241	paired_processed	318.0	DONE	NA	CAMP_processed_original_author_pair_table	results/BRCA/04_ROBUSTNESS/20260921T112611Z_metabolite318_paired_v1/paired_metabolite318.tsv	5f78d08a696d5fac3d95c697b0eb05358cfa1868	EXACT_COLUMN_COPY_NO_RECALCULATION
BRCA	CAMP_BRCA1_Terunuma	04_ROBUSTNESS	20260921T112611Z_metabolite318_paired_v1	metabolite318_paired_v1	paired_author_available	KEGG:C00041	alanine	NA	author_paired_case	45	45	mean_paired_difference_author_scale	-0.09252513080427108	-0.30723292951428716	0.11890295344506094	0.7095286473946876	0.7822761145036843	paired_author_available	288.0	DONE	NA	CAMP_processed_original_author_pair_table	results/BRCA/04_ROBUSTNESS/20260921T112611Z_metabolite318_paired_v1/paired_metabolite318.tsv	5f78d08a696d5fac3d95c697b0eb05358cfa1868	EXACT_COLUMN_COPY_NO_RECALCULATION
BRCA	CAMP_BRCA1_Terunuma	04_ROBUSTNESS	20260921T112611Z_metabolite318_paired_v1	metabolite318_paired_v1	paired_processed	KEGG:C05519	allo-threonine	NA	author_paired_case	45	45	mean_paired_difference_author_scale	0.24916822167109337	-0.30328666289411427	0.7687046414792248	0.46241840310379023	0.5549020837245483	paired_processed	318.0	DONE	NA	CAMP_processed_original_author_pair_table	results/BRCA/04_ROBUSTNESS/20260921T112611Z_metabolite318_paired_v1/paired_metabolite318.tsv	5f78d08a696d5fac3d95c697b0eb05358cfa1868	EXACT_COLUMN_COPY_NO_RECALCULATION
BRCA	CAMP_BRCA1_Terunuma	04_ROBUSTNESS	20260921T112611Z_metabolite318_paired_v1	metabolite318_paired_v1	paired_author_available	KEGG:C05519	allo-threonine	NA	author_paired_case	14	14	mean_paired_difference_author_scale	-0.9072163521702216	-1.6227834755316275	-0.15121976813073026	0.0328100197002589	0.06831066041967906	paired_author_available	288.0	DONE	NA	CAMP_processed_original_author_pair_table	results/BRCA/04_ROBUSTNESS/20260921T112611Z_metabolite318_paired_v1/paired_metabolite318.tsv	5f78d08a696d5fac3d95c697b0eb05358cfa1868	EXACT_COLUMN_COPY_NO_RECALCULATION
BRCA	CAMP_BRCA1_Terunuma	04_ROBUSTNESS	20260921T112611Z_metabolite318_paired_v1	metabolite318_paired_v1	paired_processed	KEGG:C00026	alpha-ketoglutarate	NA	author_paired_case	45	45	mean_paired_difference_author_scale	0.06627662254640213	-0.2482154273210593	0.39496626700670195	0.6149450974993074	0.6984019321599276	paired_processed	318.0	DONE	NA	CAMP_processed_original_author_pair_table	results/BRCA/04_ROBUSTNESS/20260921T112611Z_metabolite318_paired_v1/paired_metabolite318.tsv	5f78d08a696d5fac3d95c697b0eb05358cfa1868	EXACT_COLUMN_COPY_NO_RECALCULATION
BRCA	CAMP_BRCA1_Terunuma	04_ROBUSTNESS	20260921T112611Z_metabolite318_paired_v1	metabolite318_paired_v1	paired_author_available	KEGG:C00026	alpha-ketoglutarate	NA	author_paired_case	3	3	mean_paired_difference_author_scale	NA	NA	NA	NA	NA	paired_author_available	288.0	NOT_EVALUABLE	fewer_than8_complete_author_available_pairs	CAMP_processed_original_author_pair_table	results/BRCA/04_ROBUSTNESS/20260921T112611Z_metabolite318_paired_v1/paired_metabolite318.tsv	5f78d08a696d5fac3d95c697b0eb05358cfa1868	EXACT_COLUMN_COPY_NO_RECALCULATION
BRCA	CAMP_BRCA1_Terunuma	04_ROBUSTNESS	20260921T112611Z_metabolite318_paired_v1	metabolite318_paired_v1	paired_processed	KEGG:C02477	alpha-tocopherol	NA	author_paired_case	45	45	mean_paired_difference_author_scale	-0.5893014573824356	-0.9498754383551675	-0.2285572946390912	0.003211601064349651	0.007678865702730744	paired_processed	318.0	DONE	NA	CAMP_processed_original_author_pair_table	results/BRCA/04_ROBUSTNESS/20260921T112611Z_metabolite318_paired_v1/paired_metabolite318.tsv	5f78d08a696d5fac3d95c697b0eb05358cfa1868	EXACT_COLUMN_COPY_NO_RECALCULATION
BRCA	CAMP_BRCA1_Terunuma	04_ROBUSTNESS	20260921T112611Z_metabolite318_paired_v1	metabolite318_paired_v1	paired_author_available	KEGG:C02477	alpha-tocopherol	NA	author_paired_case	40	40	mean_paired_difference_author_scale	-0.7288402987697775	-1.0875206895727074	-0.35655235968964205	0.00035880563035230493	0.002213016632272019	paired_author_available	288.0	DONE	NA	CAMP_processed_original_author_pair_table	results/BRCA/04_ROBUSTNESS/20260921T112611Z_metabolite318_paired_v1/paired_metabolite318.tsv	5f78d08a696d5fac3d95c697b0eb05358cfa1868	EXACT_COLUMN_COPY_NO_RECALCULATION
BRCA	CAMP_BRCA1_Terunuma	04_ROBUSTNESS	20260921T112611Z_metabolite318_paired_v1	metabolite318_paired_v1	paired_processed	KEGG:C00523	androsterone sulfate	NA	author_paired_case	45	45	mean_paired_difference_author_scale	-0.2209315918733867	-0.709623862608992	0.29426073286807836	0.19843152794691044	0.2731654800308118	paired_processed	318.0	DONE	NA	CAMP_processed_original_author_pair_table	results/BRCA/04_ROBUSTNESS/20260921T112611Z_metabolite318_paired_v1/paired_metabolite318.tsv	5f78d08a696d5fac3d95c697b0eb05358cfa1868	EXACT_COLUMN_COPY_NO_RECALCULATION
BRCA	CAMP_BRCA1_Terunuma	04_ROBUSTNESS	20260921T112611Z_metabolite318_paired_v1	metabolite318_paired_v1	paired_author_available	KEGG:C00523	androsterone sulfate	NA	author_paired_case	10	10	mean_paired_difference_author_scale	-1.4450978564017603	-2.4827427351156044	-0.2784897593946517	0.06654572134371614	0.1168492658573701	paired_author_available	288.0	DONE	NA	CAMP_processed_original_author_pair_table	results/BRCA/04_ROBUSTNESS/20260921T112611Z_metabolite318_paired_v1/paired_metabolite318.tsv	5f78d08a696d5fac3d95c697b0eb05358cfa1868	EXACT_COLUMN_COPY_NO_RECALCULATION
BRCA	CAMP_BRCA1_Terunuma	04_ROBUSTNESS	20260921T112611Z_metabolite318_paired_v1	metabolite318_paired_v1	paired_processed	KEGG:C00219	arachidonate (20:4n6)	NA	author_paired_case	45	45	mean_paired_difference_author_scale	0.9592933778486841	0.6593866071501809	1.2735835848720494	1.7621838697930112e-06	2.0013373949792057e-05	paired_processed	318.0	DONE	NA	CAMP_processed_original_author_pair_table	results/BRCA/04_ROBUSTNESS/20260921T112611Z_metabolite318_paired_v1/paired_metabolite318.tsv	5f78d08a696d5fac3d95c697b0eb05358cfa1868	EXACT_COLUMN_COPY_NO_RECALCULATION
BRCA	CAMP_BRCA1_Terunuma	04_ROBUSTNESS	20260921T112611Z_metabolite318_paired_v1	metabolite318_paired_v1	paired_author_available	KEGG:C00219	arachidonate (20:4n6)	NA	author_paired_case	28	28	mean_paired_difference_author_scale	0.7227120401583033	0.3556438112272019	1.120614628774643	0.002193084728988908	0.009288358852188316	paired_author_available	288.0	DONE	NA	CAMP_processed_original_author_pair_table	results/BRCA/04_ROBUSTNESS/20260921T112611Z_metabolite318_paired_v1/paired_metabolite318.tsv	5f78d08a696d5fac3d95c697b0eb05358cfa1868	EXACT_COLUMN_COPY_NO_RECALCULATION
BRCA	CAMP_BRCA1_Terunuma	04_ROBUSTNESS	20260921T112611Z_metabolite318_paired_v1	metabolite318_paired_v1	paired_processed	KEGG:C00062	arginine	NA	author_paired_case	45	45	mean_paired_difference_author_scale	-0.4783187985423576	-0.754725239449559	-0.18953497636244987	0.004448634876398953	0.009962435849963853	paired_processed	318.0	DONE	NA	CAMP_processed_original_author_pair_table	results/BRCA/04_ROBUSTNESS/20260921T112611Z_metabolite318_paired_v1/paired_metabolite318.tsv	5f78d08a696d5fac3d95c697b0eb05358cfa1868	EXACT_COLUMN_COPY_NO_RECALCULATION
BRCA	CAMP_BRCA1_Terunuma	04_ROBUSTNESS	20260921T112611Z_metabolite318_paired_v1	metabolite318_paired_v1	paired_author_available	KEGG:C00062	arginine	NA	author_paired_case	45	45	mean_paired_difference_author_scale	-0.4783187985423576	-0.7628815856941488	-0.19237226278111136	0.004448634876398953	0.016944366043318962	paired_author_available	288.0	DONE	NA	CAMP_processed_original_author_pair_table	results/BRCA/04_ROBUSTNESS/20260921T112611Z_metabolite318_paired_v1/paired_metabolite318.tsv	5f78d08a696d5fac3d95c697b0eb05358cfa1868	EXACT_COLUMN_COPY_NO_RECALCULATION
BRCA	CAMP_BRCA1_Terunuma	04_ROBUSTNESS	20260921T112611Z_metabolite318_paired_v1	metabolite318_paired_v1	paired_processed	KEGG:C00152	asparagine	NA	author_paired_case	45	45	mean_paired_difference_author_scale	-0.3519825097756776	-0.759284375841844	0.005545467083835406	0.1684871117668083	0.24134640334164434	paired_processed	318.0	DONE	NA	CAMP_processed_original_author_pair_table	results/BRCA/04_ROBUSTNESS/20260921T112611Z_metabolite318_paired_v1/paired_metabolite318.tsv	5f78d08a696d5fac3d95c697b0eb05358cfa1868	EXACT_COLUMN_COPY_NO_RECALCULATION
BRCA	CAMP_BRCA1_Terunuma	04_ROBUSTNESS	20260921T112611Z_metabolite318_paired_v1	metabolite318_paired_v1	paired_author_available	KEGG:C00152	asparagine	NA	author_paired_case	45	45	mean_paired_difference_author_scale	-0.3519825097756776	-0.7360679299104234	0.018938076941722042	0.1684871117668083	0.2402192484596079	paired_author_available	288.0	DONE	NA	CAMP_processed_original_author_pair_table	results/BRCA/04_ROBUSTNESS/20260921T112611Z_metabolite318_paired_v1/paired_metabolite318.tsv	5f78d08a696d5fac3d95c697b0eb05358cfa1868	EXACT_COLUMN_COPY_NO_RECALCULATION
BRCA	CAMP_BRCA1_Terunuma	04_ROBUSTNESS	20260921T112611Z_metabolite318_paired_v1	metabolite318_paired_v1	paired_processed	KEGG:C00049	aspartate	NA	author_paired_case	45	45	mean_paired_difference_author_scale	1.3143566505465842	1.0064534744350175	1.609199729126838	6.835213750344965e-08	3.1736397629373487e-06	paired_processed	318.0	DONE	NA	CAMP_processed_original_author_pair_table	results/BRCA/04_ROBUSTNESS/20260921T112611Z_metabolite318_paired_v1/paired_metabolite318.tsv	5f78d08a696d5fac3d95c697b0eb05358cfa1868	EXACT_COLUMN_COPY_NO_RECALCULATION
BRCA	CAMP_BRCA1_Terunuma	04_ROBUSTNESS	20260921T112611Z_metabolite318_paired_v1	metabolite318_paired_v1	paired_author_available	KEGG:C00049	aspartate	NA	author_paired_case	45	45	mean_paired_difference_author_scale	1.3143566505465842	1.0181699752940492	1.6337116216662624	6.835213750344965e-08	4.311359677952625e-06	paired_author_available	288.0	DONE	NA	CAMP_processed_original_author_pair_table	results/BRCA/04_ROBUSTNESS/20260921T112611Z_metabolite318_paired_v1/paired_metabolite318.tsv	5f78d08a696d5fac3d95c697b0eb05358cfa1868	EXACT_COLUMN_COPY_NO_RECALCULATION
BRCA	CAMP_BRCA1_Terunuma	04_ROBUSTNESS	20260921T112611Z_metabolite318_paired_v1	metabolite318_paired_v1	paired_processed	KEGG:C00099	beta-alanine	NA	author_paired_case	45	45	mean_paired_difference_author_scale	0.8890794485413317	0.5061920028058571	1.259422599514919	6.385111375951808e-05	0.0002743872185881993	paired_processed	318.0	DONE	NA	CAMP_processed_original_author_pair_table	results/BRCA/04_ROBUSTNESS/20260921T112611Z_metabolite318_paired_v1/paired_metabolite318.tsv	5f78d08a696d5fac3d95c697b0eb05358cfa1868	EXACT_COLUMN_COPY_NO_RECALCULATION
BRCA	CAMP_BRCA1_Terunuma	04_ROBUSTNESS	20260921T112611Z_metabolite318_paired_v1	metabolite318_paired_v1	paired_author_available	KEGG:C00099	beta-alanine	NA	author_paired_case	12	12	mean_paired_difference_author_scale	0.5476181811385414	-0.0888261640705982	1.0768184028953804	0.054613543950689084	0.10347829380130563	paired_author_available	288.0	DONE	NA	CAMP_processed_original_author_pair_table	results/BRCA/04_ROBUSTNESS/20260921T112611Z_metabolite318_paired_v1/paired_metabolite318.tsv	5f78d08a696d5fac3d95c697b0eb05358cfa1868	EXACT_COLUMN_COPY_NO_RECALCULATION
BRCA	CAMP_BRCA1_Terunuma	04_ROBUSTNESS	20260921T112611Z_metabolite318_paired_v1	metabolite318_paired_v1	paired_processed	KEGG:C14152	beta-tocopherol	NA	author_paired_case	45	45	mean_paired_difference_author_scale	-0.22219951252342654	-0.6711015067171906	0.236416768798701	0.28400468851366556	0.3656416637544358	paired_processed	318.0	DONE	NA	CAMP_processed_original_author_pair_table	results/BRCA/04_ROBUSTNESS/20260921T112611Z_metabolite318_paired_v1/paired_metabolite318.tsv	5f78d08a696d5fac3d95c697b0eb05358cfa1868	EXACT_COLUMN_COPY_NO_RECALCULATION
BRCA	CAMP_BRCA1_Terunuma	04_ROBUSTNESS	20260921T112611Z_metabolite318_paired_v1	metabolite318_paired_v1	paired_author_available	KEGG:C14152	beta-tocopherol	NA	author_paired_case	2	2	mean_paired_difference_author_scale	NA	NA	NA	NA	NA	paired_author_available	288.0	NOT_EVALUABLE	fewer_than8_complete_author_available_pairs	CAMP_processed_original_author_pair_table	results/BRCA/04_ROBUSTNESS/20260921T112611Z_metabolite318_paired_v1/paired_metabolite318.tsv	5f78d08a696d5fac3d95c697b0eb05358cfa1868	EXACT_COLUMN_COPY_NO_RECALCULATION
BRCA	CAMP_BRCA1_Terunuma	04_ROBUSTNESS	20260921T112611Z_metabolite318_paired_v1	metabolite318_paired_v1	paired_processed	KEGG:C00719	betaine	NA	author_paired_case	45	45	mean_paired_difference_author_scale	0.06932046019632183	-0.16090323576209914	0.30833541853450225	0.6597817473836763	0.736177528659681	paired_processed	318.0	DONE	NA	CAMP_processed_original_author_pair_table	results/BRCA/04_ROBUSTNESS/20260921T112611Z_metabolite318_paired_v1/paired_metabolite318.tsv	5f78d08a696d5fac3d95c697b0eb05358cfa1868	EXACT_COLUMN_COPY_NO_RECALCULATION
BRCA	CAMP_BRCA1_Terunuma	04_ROBUSTNESS	20260921T112611Z_metabolite318_paired_v1	metabolite318_paired_v1	paired_author_available	KEGG:C00719	betaine	NA	author_paired_case	45	45	mean_paired_difference_author_scale	0.06932046019632183	-0.162018581540185	0.3068082801881808	0.6597817473836763	0.7428893617692265	paired_author_available	288.0	DONE	NA	CAMP_processed_original_author_pair_table	results/BRCA/04_ROBUSTNESS/20260921T112611Z_metabolite318_paired_v1/paired_metabolite318.tsv	5f78d08a696d5fac3d95c697b0eb05358cfa1868	EXACT_COLUMN_COPY_NO_RECALCULATION
BRCA	CAMP_BRCA1_Terunuma	04_ROBUSTNESS	20260921T112611Z_metabolite318_paired_v1	metabolite318_paired_v1	paired_processed	KEGG:C02862	butyrylcarnitine	NA	author_paired_case	45	45	mean_paired_difference_author_scale	0.876099004181582	0.46399124885734705	1.2903436977147014	0.00031732621194323135	0.0010835787678907518	paired_processed	318.0	DONE	NA	CAMP_processed_original_author_pair_table	results/BRCA/04_ROBUSTNESS/20260921T112611Z_metabolite318_paired_v1/paired_metabolite318.tsv	5f78d08a696d5fac3d95c697b0eb05358cfa1868	EXACT_COLUMN_COPY_NO_RECALCULATION
BRCA	CAMP_BRCA1_Terunuma	04_ROBUSTNESS	20260921T112611Z_metabolite318_paired_v1	metabolite318_paired_v1	paired_author_available	KEGG:C02862	butyrylcarnitine	NA	author_paired_case	40	40	mean_paired_difference_author_scale	0.5879240944297048	0.22996893440882035	0.96264364362266	0.004471429928098059	0.016944366043318962	paired_author_available	288.0	DONE	NA	CAMP_processed_original_author_pair_table	results/BRCA/04_ROBUSTNESS/20260921T112611Z_metabolite318_paired_v1/paired_metabolite318.tsv	5f78d08a696d5fac3d95c697b0eb05358cfa1868	EXACT_COLUMN_COPY_NO_RECALCULATION
BRCA	CAMP_BRCA1_Terunuma	04_ROBUSTNESS	20260921T112611Z_metabolite318_paired_v1	metabolite318_paired_v1	paired_processed	NAME:C-glycosyltryptophan	C-glycosyltryptophan	NA	author_paired_case	45	45	mean_paired_difference_author_scale	1.3676559677423066	1.1303981589319854	1.5994426451164319	1.4587060735460399e-08	3.1736397629373487e-06	paired_processed	318.0	DONE	NA	CAMP_processed_original_author_pair_table	results/BRCA/04_ROBUSTNESS/20260921T112611Z_metabolite318_paired_v1/paired_metabolite318.tsv	5f78d08a696d5fac3d95c697b0eb05358cfa1868	EXACT_COLUMN_COPY_NO_RECALCULATION
BRCA	CAMP_BRCA1_Terunuma	04_ROBUSTNESS	20260921T112611Z_metabolite318_paired_v1	metabolite318_paired_v1	paired_author_available	NAME:C-glycosyltryptophan	C-glycosyltryptophan	NA	author_paired_case	33	33	mean_paired_difference_author_scale	1.209112973160161	0.9167097653202188	1.472180805586151	2.0057654126956133e-06	2.888302194281683e-05	paired_author_available	288.0	DONE	NA	CAMP_processed_original_author_pair_table	results/BRCA/04_ROBUSTNESS/20260921T112611Z_metabolite318_paired_v1/paired_metabolite318.tsv	5f78d08a696d5fac3d95c697b0eb05358cfa1868	EXACT_COLUMN_COPY_NO_RECALCULATION
BRCA	CAMP_BRCA1_Terunuma	04_ROBUSTNESS	20260921T112611Z_metabolite318_paired_v1	metabolite318_paired_v1	paired_processed	KEGG:C00318	carnitine	NA	author_paired_case	45	45	mean_paired_difference_author_scale	0.008939568560802118	-0.28734816700357796	0.3022047859711631	0.9280484915801647	0.957347816107801	paired_processed	318.0	DONE	NA	CAMP_processed_original_author_pair_table	results/BRCA/04_ROBUSTNESS/20260921T112611Z_metabolite318_paired_v1/paired_metabolite318.tsv	5f78d08a696d5fac3d95c697b0eb05358cfa1868	EXACT_COLUMN_COPY_NO_RECALCULATION
BRCA	CAMP_BRCA1_Terunuma	04_ROBUSTNESS	20260921T112611Z_metabolite318_paired_v1	metabolite318_paired_v1	paired_author_available	KEGG:C00318	carnitine	NA	author_paired_case	45	45	mean_paired_difference_author_scale	0.008939568560802118	-0.28978910690347803	0.30934374424767963	0.9280484915801647	0.9545641627681694	paired_author_available	288.0	DONE	NA	CAMP_processed_original_author_pair_table	results/BRCA/04_ROBUSTNESS/20260921T112611Z_metabolite318_paired_v1/paired_metabolite318.tsv	5f78d08a696d5fac3d95c697b0eb05358cfa1868	EXACT_COLUMN_COPY_NO_RECALCULATION
BRCA	CAMP_BRCA1_Terunuma	04_ROBUSTNESS	20260921T112611Z_metabolite318_paired_v1	metabolite318_paired_v1	paired_processed	KEGG:C00187	cholesterol	NA	author_paired_case	45	45	mean_paired_difference_author_scale	-0.2943310791405445	-0.5435474935224307	-0.05003554301946609	0.010065767310799537	0.019881453446175482	paired_processed	318.0	DONE	NA	CAMP_processed_original_author_pair_table	results/BRCA/04_ROBUSTNESS/20260921T112611Z_metabolite318_paired_v1/paired_metabolite318.tsv	5f78d08a696d5fac3d95c697b0eb05358cfa1868	EXACT_COLUMN_COPY_NO_RECALCULATION
BRCA	CAMP_BRCA1_Terunuma	04_ROBUSTNESS	20260921T112611Z_metabolite318_paired_v1	metabolite318_paired_v1	paired_author_available	KEGG:C00187	cholesterol	NA	author_paired_case	45	45	mean_paired_difference_author_scale	-0.2943310791405445	-0.5369006201833751	-0.038045863825836246	0.010065767310799537	0.03051516826852912	paired_author_available	288.0	DONE	NA	CAMP_processed_original_author_pair_table	results/BRCA/04_ROBUSTNESS/20260921T112611Z_metabolite318_paired_v1/paired_metabolite318.tsv	5f78d08a696d5fac3d95c697b0eb05358cfa1868	EXACT_COLUMN_COPY_NO_RECALCULATION
BRCA	CAMP_BRCA1_Terunuma	04_ROBUSTNESS	20260921T112611Z_metabolite318_paired_v1	metabolite318_paired_v1	paired_processed	KEGG:C00114	choline	NA	author_paired_case	45	45	mean_paired_difference_author_scale	-0.556493694851978	-0.7126285542466133	-0.4018035537983737	4.522526653276709e-07	7.190817378709968e-06	paired_processed	318.0	DONE	NA	CAMP_processed_original_author_pair_table	results/BRCA/04_ROBUSTNESS/20260921T112611Z_metabolite318_paired_v1/paired_metabolite318.tsv	5f78d08a696d5fac3d95c697b0eb05358cfa1868	EXACT_COLUMN_COPY_NO_RECALCULATION
BRCA	CAMP_BRCA1_Terunuma	04_ROBUSTNESS	20260921T112611Z_metabolite318_paired_v1	metabolite318_paired_v1	paired_author_available	KEGG:C00114	choline	NA	author_paired_case	45	45	mean_paired_difference_author_scale	-0.556493694851978	-0.7099093484934826	-0.40483607879301514	4.522526653276709e-07	8.140547975898076e-06	paired_author_available	288.0	DONE	NA	CAMP_processed_original_author_pair_table	results/BRCA/04_ROBUSTNESS/20260921T112611Z_metabolite318_paired_v1/paired_metabolite318.tsv	5f78d08a696d5fac3d95c697b0eb05358cfa1868	EXACT_COLUMN_COPY_NO_RECALCULATION
BRCA	CAMP_BRCA1_Terunuma	04_ROBUSTNESS	20260921T112611Z_metabolite318_paired_v1	metabolite318_paired_v1	paired_processed	KEGG:C00588	phosphocholine	NA	author_paired_case	45	45	mean_paired_difference_author_scale	0.1950660355173887	-0.2084707641440662	0.5601891059503895	0.1904137900307472	0.265577128200779	paired_processed	318.0	DONE	NA	CAMP_processed_original_author_pair_table	results/BRCA/04_ROBUSTNESS/20260921T112611Z_metabolite318_paired_v1/paired_metabolite318.tsv	5f78d08a696d5fac3d95c697b0eb05358cfa1868	EXACT_COLUMN_COPY_NO_RECALCULATION
BRCA	CAMP_BRCA1_Terunuma	04_ROBUSTNESS	20260921T112611Z_metabolite318_paired_v1	metabolite318_paired_v1	paired_author_available	KEGG:C00588	phosphocholine	NA	author_paired_case	45	45	mean_paired_difference_author_scale	0.1950660355173887	-0.20093220086665992	0.562709703773459	0.1904137900307472	0.2611389120421676	paired_author_available	288.0	DONE	NA	CAMP_processed_original_author_pair_table	results/BRCA/04_ROBUSTNESS/20260921T112611Z_metabolite318_paired_v1/paired_metabolite318.tsv	5f78d08a696d5fac3d95c697b0eb05358cfa1868	EXACT_COLUMN_COPY_NO_RECALCULATION
BRCA	CAMP_BRCA1_Terunuma	04_ROBUSTNESS	20260921T112611Z_metabolite318_paired_v1	metabolite318_paired_v1	paired_processed	KEGG:C08367	cis-vaccenate (18:1n7)	NA	author_paired_case	45	45	mean_paired_difference_author_scale	0.34981528347089574	-0.09940599736939633	0.7843972037879953	0.09043020116994975	0.13892175831905323	paired_processed	318.0	DONE	NA	CAMP_processed_original_author_pair_table	results/BRCA/04_ROBUSTNESS/20260921T112611Z_metabolite318_paired_v1/paired_metabolite318.tsv	5f78d08a696d5fac3d95c697b0eb05358cfa1868	EXACT_COLUMN_COPY_NO_RECALCULATION
BRCA	CAMP_BRCA1_Terunuma	04_ROBUSTNESS	20260921T112611Z_metabolite318_paired_v1	metabolite318_paired_v1	paired_author_available	KEGG:C08367	cis-vaccenate (18:1n7)	NA	author_paired_case	37	37	mean_paired_difference_author_scale	0.559364837774503	0.19539800161559925	0.9115078166732977	0.006038121418340097	0.02120706059124327	paired_author_available	288.0	DONE	NA	CAMP_processed_original_author_pair_table	results/BRCA/04_ROBUSTNESS/20260921T112611Z_metabolite318_paired_v1/paired_metabolite318.tsv	5f78d08a696d5fac3d95c697b0eb05358cfa1868	EXACT_COLUMN_COPY_NO_RECALCULATION
BRCA	CAMP_BRCA1_Terunuma	04_ROBUSTNESS	20260921T112611Z_metabolite318_paired_v1	metabolite318_paired_v1	paired_processed	KEGG:C00158	citrate	NA	author_paired_case	45	45	mean_paired_difference_author_scale	0.7057357396096156	-0.20921243626307282	1.6144189652190524	0.17688909527423713	0.2511193406125331	paired_processed	318.0	DONE	NA	CAMP_processed_original_author_pair_table	results/BRCA/04_ROBUSTNESS/20260921T112611Z_metabolite318_paired_v1/paired_metabolite318.tsv	5f78d08a696d5fac3d95c697b0eb05358cfa1868	EXACT_COLUMN_COPY_NO_RECALCULATION
BRCA	CAMP_BRCA1_Terunuma	04_ROBUSTNESS	20260921T112611Z_metabolite318_paired_v1	metabolite318_paired_v1	paired_author_available	KEGG:C00158	citrate	NA	author_paired_case	26	26	mean_paired_difference_author_scale	-0.560941637721119	-1.3165383009909708	0.2024790922875298	0.17022201823736016	0.24031343751156728	paired_author_available	288.0	DONE	NA	CAMP_processed_original_author_pair_table	results/BRCA/04_ROBUSTNESS/20260921T112611Z_metabolite318_paired_v1/paired_metabolite318.tsv	5f78d08a696d5fac3d95c697b0eb05358cfa1868	EXACT_COLUMN_COPY_NO_RECALCULATION
BRCA	CAMP_BRCA1_Terunuma	04_ROBUSTNESS	20260921T112611Z_metabolite318_paired_v1	metabolite318_paired_v1	paired_processed	KEGG:C00327	citrulline	NA	author_paired_case	45	45	mean_paired_difference_author_scale	-0.8225009890157466	-1.0856814117238704	-0.5385712259509774	9.656733313429757e-06	6.397585820147214e-05	paired_processed	318.0	DONE	NA	CAMP_processed_original_author_pair_table	results/BRCA/04_ROBUSTNESS/20260921T112611Z_metabolite318_paired_v1/paired_metabolite318.tsv	5f78d08a696d5fac3d95c697b0eb05358cfa1868	EXACT_COLUMN_COPY_NO_RECALCULATION
BRCA	CAMP_BRCA1_Terunuma	04_ROBUSTNESS	20260921T112611Z_metabolite318_paired_v1	metabolite318_paired_v1	paired_author_available	KEGG:C00327	citrulline	NA	author_paired_case	45	45	mean_paired_difference_author_scale	-0.8225009890157466	-1.1005803825646012	-0.5309393666137902	9.656733313429757e-06	0.00011588079976115709	paired_author_available	288.0	DONE	NA	CAMP_processed_original_author_pair_table	results/BRCA/04_ROBUSTNESS/20260921T112611Z_metabolite318_paired_v1/paired_metabolite318.tsv	5f78d08a696d5fac3d95c697b0eb05358cfa1868	EXACT_COLUMN_COPY_NO_RECALCULATION
BRCA	CAMP_BRCA1_Terunuma	04_ROBUSTNESS	20260921T112611Z_metabolite318_paired_v1	metabolite318_paired_v1	paired_processed	KEGG:C00300	creatine	NA	author_paired_case	45	45	mean_paired_difference_author_scale	-0.8695034748064999	-1.1039997025301567	-0.629513825681394	3.1664445661610204e-07	5.923113953171791e-06	paired_processed	318.0	DONE	NA	CAMP_processed_original_author_pair_table	results/BRCA/04_ROBUSTNESS/20260921T112611Z_metabolite318_paired_v1/paired_metabolite318.tsv	5f78d08a696d5fac3d95c697b0eb05358cfa1868	EXACT_COLUMN_COPY_NO_RECALCULATION
BRCA	CAMP_BRCA1_Terunuma	04_ROBUSTNESS	20260921T112611Z_metabolite318_paired_v1	metabolite318_paired_v1	paired_author_available	KEGG:C00300	creatine	NA	author_paired_case	45	45	mean_paired_difference_author_scale	-0.8695034748064999	-1.102192808937697	-0.6341335604064117	3.1664445661610204e-07	7.599466958786449e-06	paired_author_available	288.0	DONE	NA	CAMP_processed_original_author_pair_table	results/BRCA/04_ROBUSTNESS/20260921T112611Z_metabolite318_paired_v1/paired_metabolite318.tsv	5f78d08a696d5fac3d95c697b0eb05358cfa1868	EXACT_COLUMN_COPY_NO_RECALCULATION
BRCA	CAMP_BRCA1_Terunuma	04_ROBUSTNESS	20260921T112611Z_metabolite318_paired_v1	metabolite318_paired_v1	paired_processed	KEGG:C00791	creatinine	NA	author_paired_case	45	45	mean_paired_difference_author_scale	-1.1613052914990936	-1.4587414185056398	-0.8711727624469445	1.1975999105423957e-07	3.1736397629373487e-06	paired_processed	318.0	DONE	NA	CAMP_processed_original_author_pair_table	results/BRCA/04_ROBUSTNESS/20260921T112611Z_metabolite318_paired_v1/paired_metabolite318.tsv	5f78d08a696d5fac3d95c697b0eb05358cfa1868	EXACT_COLUMN_COPY_NO_RECALCULATION
BRCA	CAMP_BRCA1_Terunuma	04_ROBUSTNESS	20260921T112611Z_metabolite318_paired_v1	metabolite318_paired_v1	paired_author_available	KEGG:C00791	creatinine	NA	author_paired_case	45	45	mean_paired_difference_author_scale	-1.1613052914990936	-1.4432634024317825	-0.872515957005597	1.1975999105423957e-07	4.311359677952625e-06	paired_author_available	288.0	DONE	NA	CAMP_processed_original_author_pair_table	results/BRCA/04_ROBUSTNESS/20260921T112611Z_metabolite318_paired_v1/paired_metabolite318.tsv	5f78d08a696d5fac3d95c697b0eb05358cfa1868	EXACT_COLUMN_COPY_NO_RECALCULATION
BRCA	CAMP_BRCA1_Terunuma	04_ROBUSTNESS	20260921T112611Z_metabolite318_paired_v1	metabolite318_paired_v1	paired_processed	KEGG:C00097	cysteine	NA	author_paired_case	45	45	mean_paired_difference_author_scale	1.3452744642152958	0.9054752433043217	1.7945155259980015	7.040991702217874e-06	4.8674681767506174e-05	paired_processed	318.0	DONE	NA	CAMP_processed_original_author_pair_table	results/BRCA/04_ROBUSTNESS/20260921T112611Z_metabolite318_paired_v1/paired_metabolite318.tsv	5f78d08a696d5fac3d95c697b0eb05358cfa1868	EXACT_COLUMN_COPY_NO_RECALCULATION
BRCA	CAMP_BRCA1_Terunuma	04_ROBUSTNESS	20260921T112611Z_metabolite318_paired_v1	metabolite318_paired_v1	paired_author_available	KEGG:C00097	cysteine	NA	author_paired_case	41	41	mean_paired_difference_author_scale	1.2429092989961243	0.7939682900921535	1.6807180856741795	1.5040675285767083e-05	0.0001472255306438958	paired_author_available	288.0	DONE	NA	CAMP_processed_original_author_pair_table	results/BRCA/04_ROBUSTNESS/20260921T112611Z_metabolite318_paired_v1/paired_metabolite318.tsv	5f78d08a696d5fac3d95c697b0eb05358cfa1868	EXACT_COLUMN_COPY_NO_RECALCULATION
BRCA	CAMP_BRCA1_Terunuma	04_ROBUSTNESS	20260921T112611Z_metabolite318_paired_v1	metabolite318_paired_v1	paired_processed	KEGG:R00900	cysteine-glutathione disulfide	NA	author_paired_case	45	45	mean_paired_difference_author_scale	0.07247844765971784	-0.8633195262694321	0.9843676431643007	0.6194342833608477	0.7009968046574717	paired_processed	318.0	DONE	NA	CAMP_processed_original_author_pair_table	results/BRCA/04_ROBUSTNESS/20260921T112611Z_metabolite318_paired_v1/paired_metabolite318.tsv	5f78d08a696d5fac3d95c697b0eb05358cfa1868	EXACT_COLUMN_COPY_NO_RECALCULATION
BRCA	CAMP_BRCA1_Terunuma	04_ROBUSTNESS	20260921T112611Z_metabolite318_paired_v1	metabolite318_paired_v1	paired_author_available	KEGG:R00900	cysteine-glutathione disulfide	NA	author_paired_case	37	37	mean_paired_difference_author_scale	0.41140653629230545	-0.4687487355758302	1.2703396737260015	0.10647698920238514	0.16946082880806582	paired_author_available	288.0	DONE	NA	CAMP_processed_original_author_pair_table	results/BRCA/04_ROBUSTNESS/20260921T112611Z_metabolite318_paired_v1/paired_metabolite318.tsv	5f78d08a696d5fac3d95c697b0eb05358cfa1868	EXACT_COLUMN_COPY_NO_RECALCULATION
BRCA	CAMP_BRCA1_Terunuma	04_ROBUSTNESS	20260921T112611Z_metabolite318_paired_v1	metabolite318_paired_v1	paired_processed	KEGG:C00491	cystine	NA	author_paired_case	45	45	mean_paired_difference_author_scale	1.2997652381755558	0.7437140599917975	1.8795918259512554	0.0001610231682810496	0.0006024160883926327	paired_processed	318.0	DONE	NA	CAMP_processed_original_author_pair_table	results/BRCA/04_ROBUSTNESS/20260921T112611Z_metabolite318_paired_v1/paired_metabolite318.tsv	5f78d08a696d5fac3d95c697b0eb05358cfa1868	EXACT_COLUMN_COPY_NO_RECALCULATION
BRCA	CAMP_BRCA1_Terunuma	04_ROBUSTNESS	20260921T112611Z_metabolite318_paired_v1	metabolite318_paired_v1	paired_author_available	KEGG:C00491	cystine	NA	author_paired_case	32	32	mean_paired_difference_author_scale	0.9767932271763408	0.3974580795353462	1.5686963836413748	0.005182086446555024	0.019094007205822473	paired_author_available	288.0	DONE	NA	CAMP_processed_original_author_pair_table	results/BRCA/04_ROBUSTNESS/20260921T112611Z_metabolite318_paired_v1/paired_metabolite318.tsv	5f78d08a696d5fac3d95c697b0eb05358cfa1868	EXACT_COLUMN_COPY_NO_RECALCULATION
BRCA	CAMP_BRCA1_Terunuma	04_ROBUSTNESS	20260921T112611Z_metabolite318_paired_v1	metabolite318_paired_v1	paired_processed	KEGG:C00475	cytidine	NA	author_paired_case	45	45	mean_paired_difference_author_scale	0.041962053090024334	-0.5480209394486667	0.6338739107795358	0.8564554999917646	0.9078428299912705	paired_processed	318.0	DONE	NA	CAMP_processed_original_author_pair_table	results/BRCA/04_ROBUSTNESS/20260921T112611Z_metabolite318_paired_v1/paired_metabolite318.tsv	5f78d08a696d5fac3d95c697b0eb05358cfa1868	EXACT_COLUMN_COPY_NO_RECALCULATION
BRCA	CAMP_BRCA1_Terunuma	04_ROBUSTNESS	20260921T112611Z_metabolite318_paired_v1	metabolite318_paired_v1	paired_author_available	KEGG:C00475	cytidine	NA	author_paired_case	31	31	mean_paired_difference_author_scale	-0.6420111084554484	-1.2974429744587548	0.003140446713157981	0.07295951418006437	0.12287918177695052	paired_author_available	288.0	DONE	NA	CAMP_processed_original_author_pair_table	results/BRCA/04_ROBUSTNESS/20260921T112611Z_metabolite318_paired_v1/paired_metabolite318.tsv	5f78d08a696d5fac3d95c697b0eb05358cfa1868	EXACT_COLUMN_COPY_NO_RECALCULATION
BRCA	CAMP_BRCA1_Terunuma	04_ROBUSTNESS	20260921T112611Z_metabolite318_paired_v1	metabolite318_paired_v1	paired_processed	KEGG:C00307	cytidine 5'-diphosphocholine	NA	author_paired_case	45	45	mean_paired_difference_author_scale	2.987032690973217	2.0809672419658	3.8467838099937843	3.2361846898586414e-06	2.958033698934936e-05	paired_processed	318.0	DONE	NA	CAMP_processed_original_author_pair_table	results/BRCA/04_ROBUSTNESS/20260921T112611Z_metabolite318_paired_v1/paired_metabolite318.tsv	5f78d08a696d5fac3d95c697b0eb05358cfa1868	EXACT_COLUMN_COPY_NO_RECALCULATION
BRCA	CAMP_BRCA1_Terunuma	04_ROBUSTNESS	20260921T112611Z_metabolite318_paired_v1	metabolite318_paired_v1	paired_author_available	KEGG:C00307	cytidine 5'-diphosphocholine	NA	author_paired_case	10	10	mean_paired_difference_author_scale	1.56758384053481	0.32561118612077916	2.860226940313568	0.06654572134371614	0.1168492658573701	paired_author_available	288.0	DONE	NA	CAMP_processed_original_author_pair_table	results/BRCA/04_ROBUSTNESS/20260921T112611Z_metabolite318_paired_v1/paired_metabolite318.tsv	5f78d08a696d5fac3d95c697b0eb05358cfa1868	EXACT_COLUMN_COPY_NO_RECALCULATION
BRCA	CAMP_BRCA1_Terunuma	04_ROBUSTNESS	20260921T112611Z_metabolite318_paired_v1	metabolite318_paired_v1	paired_processed	KEGG:C00055	cytidine 5'-monophosphate (5'-CMP)	NA	author_paired_case	45	45	mean_paired_difference_author_scale	0.752146177177278	0.35004969835000105	1.1553242720261008	0.0011489478223762164	0.0033519762157397876	paired_processed	318.0	DONE	NA	CAMP_processed_original_author_pair_table	results/BRCA/04_ROBUSTNESS/20260921T112611Z_metabolite318_paired_v1/paired_metabolite318.tsv	5f78d08a696d5fac3d95c697b0eb05358cfa1868	EXACT_COLUMN_COPY_NO_RECALCULATION
BRCA	CAMP_BRCA1_Terunuma	04_ROBUSTNESS	20260921T112611Z_metabolite318_paired_v1	metabolite318_paired_v1	paired_author_available	KEGG:C00055	cytidine 5'-monophosphate (5'-CMP)	NA	author_paired_case	5	5	mean_paired_difference_author_scale	NA	NA	NA	NA	NA	paired_author_available	288.0	NOT_EVALUABLE	fewer_than8_complete_author_available_pairs	CAMP_processed_original_author_pair_table	results/BRCA/04_ROBUSTNESS/20260921T112611Z_metabolite318_paired_v1/paired_metabolite318.tsv	5f78d08a696d5fac3d95c697b0eb05358cfa1868	EXACT_COLUMN_COPY_NO_RECALCULATION
BRCA	CAMP_BRCA1_Terunuma	04_ROBUSTNESS	20260921T112611Z_metabolite318_paired_v1	metabolite318_paired_v1	paired_processed	KEGG:C04555	dehydroisoandrosterone sulfate (DHEA-S)	NA	author_paired_case	45	45	mean_paired_difference_author_scale	-0.3985996966507602	-1.0951787672431104	0.29747615159815305	0.25604462119526783	0.33785140888006293	paired_processed	318.0	DONE	NA	CAMP_processed_original_author_pair_table	results/BRCA/04_ROBUSTNESS/20260921T112611Z_metabolite318_paired_v1/paired_metabolite318.tsv	5f78d08a696d5fac3d95c697b0eb05358cfa1868	EXACT_COLUMN_COPY_NO_RECALCULATION
BRCA	CAMP_BRCA1_Terunuma	04_ROBUSTNESS	20260921T112611Z_metabolite318_paired_v1	metabolite318_paired_v1	paired_author_available	KEGG:C04555	dehydroisoandrosterone sulfate (DHEA-S)	NA	author_paired_case	23	23	mean_paired_difference_author_scale	-1.0584663743697265	-1.8827874350204816	-0.16702986319319316	0.019978898649974472	0.04876205772197159	paired_author_available	288.0	DONE	NA	CAMP_processed_original_author_pair_table	results/BRCA/04_ROBUSTNESS/20260921T112611Z_metabolite318_paired_v1/paired_metabolite318.tsv	5f78d08a696d5fac3d95c697b0eb05358cfa1868	EXACT_COLUMN_COPY_NO_RECALCULATION
BRCA	CAMP_BRCA1_Terunuma	04_ROBUSTNESS	20260921T112611Z_metabolite318_paired_v1	metabolite318_paired_v1	paired_processed	KEGG:C01181	deoxycarnitine	NA	author_paired_case	45	45	mean_paired_difference_author_scale	0.679794362181567	0.2774649044504446	1.1041961617608993	0.0049449162872665636	0.010770434105142241	paired_processed	318.0	DONE	NA	CAMP_processed_original_author_pair_table	results/BRCA/04_ROBUSTNESS/20260921T112611Z_metabolite318_paired_v1/paired_metabolite318.tsv	5f78d08a696d5fac3d95c697b0eb05358cfa1868	EXACT_COLUMN_COPY_NO_RECALCULATION
BRCA	CAMP_BRCA1_Terunuma	04_ROBUSTNESS	20260921T112611Z_metabolite318_paired_v1	metabolite318_paired_v1	paired_author_available	KEGG:C01181	deoxycarnitine	NA	author_paired_case	41	41	mean_paired_difference_author_scale	0.5783333137265051	0.15939344369156488	1.0067547777375525	0.010686185497811102	0.03172805591102677	paired_author_available	288.0	DONE	NA	CAMP_processed_original_author_pair_table	results/BRCA/04_ROBUSTNESS/20260921T112611Z_metabolite318_paired_v1/paired_metabolite318.tsv	5f78d08a696d5fac3d95c697b0eb05358cfa1868	EXACT_COLUMN_COPY_NO_RECALCULATION
BRCA	CAMP_BRCA1_Terunuma	04_ROBUSTNESS	20260921T112611Z_metabolite318_paired_v1	metabolite318_paired_v1	paired_processed	KEGG:C16525	dihomo-linoleate (20:2n6)	NA	author_paired_case	45	45	mean_paired_difference_author_scale	1.2981088145283601	0.9047959645969902	1.689292211936742	6.816406293507164e-07	1.0321986673025135e-05	paired_processed	318.0	DONE	NA	CAMP_processed_original_author_pair_table	results/BRCA/04_ROBUSTNESS/20260921T112611Z_metabolite318_paired_v1/paired_metabolite318.tsv	5f78d08a696d5fac3d95c697b0eb05358cfa1868	EXACT_COLUMN_COPY_NO_RECALCULATION
BRCA	CAMP_BRCA1_Terunuma	04_ROBUSTNESS	20260921T112611Z_metabolite318_paired_v1	metabolite318_paired_v1	paired_author_available	KEGG:C16525	dihomo-linoleate (20:2n6)	NA	author_paired_case	45	45	mean_paired_difference_author_scale	1.2981088145283601	0.9097692909535718	1.6854093382698143	6.816406293507164e-07	1.1547794191353313e-05	paired_author_available	288.0	DONE	NA	CAMP_processed_original_author_pair_table	results/BRCA/04_ROBUSTNESS/20260921T112611Z_metabolite318_paired_v1/paired_metabolite318.tsv	5f78d08a696d5fac3d95c697b0eb05358cfa1868	EXACT_COLUMN_COPY_NO_RECALCULATION
BRCA	CAMP_BRCA1_Terunuma	04_ROBUSTNESS	20260921T112611Z_metabolite318_paired_v1	metabolite318_paired_v1	paired_processed	KEGG:C03242	dihomo-linolenate (20:3n3 or n6)	NA	author_paired_case	45	45	mean_paired_difference_author_scale	1.491170120850204	1.0973698152213631	1.8960365783812438	1.354707083131249e-07	3.2997063288941555e-06	paired_processed	318.0	DONE	NA	CAMP_processed_original_author_pair_table	results/BRCA/04_ROBUSTNESS/20260921T112611Z_metabolite318_paired_v1/paired_metabolite318.tsv	5f78d08a696d5fac3d95c697b0eb05358cfa1868	EXACT_COLUMN_COPY_NO_RECALCULATION
BRCA	CAMP_BRCA1_Terunuma	04_ROBUSTNESS	20260921T112611Z_metabolite318_paired_v1	metabolite318_paired_v1	paired_author_available	KEGG:C03242	dihomo-linolenate (20:3n3 or n6)	NA	author_paired_case	45	45	mean_paired_difference_author_scale	1.491170120850204	1.1105521335173358	1.9014047691579627	1.354707083131249e-07	4.335062666019997e-06	paired_author_available	288.0	DONE	NA	CAMP_processed_original_author_pair_table	results/BRCA/04_ROBUSTNESS/20260921T112611Z_metabolite318_paired_v1/paired_metabolite318.tsv	5f78d08a696d5fac3d95c697b0eb05358cfa1868	EXACT_COLUMN_COPY_NO_RECALCULATION
BRCA	CAMP_BRCA1_Terunuma	04_ROBUSTNESS	20260921T112611Z_metabolite318_paired_v1	metabolite318_paired_v1	paired_processed	KEGG:C03626	dimethylarginine (SDMA + ADMA)	NA	author_paired_case	45	45	mean_paired_difference_author_scale	1.1286623237842577	0.8545250762067917	1.389063173527293	1.5316669539903075e-07	3.2997063288941555e-06	paired_processed	318.0	DONE	NA	CAMP_processed_original_author_pair_table	results/BRCA/04_ROBUSTNESS/20260921T112611Z_metabolite318_paired_v1/paired_metabolite318.tsv	5f78d08a696d5fac3d95c697b0eb05358cfa1868	EXACT_COLUMN_COPY_NO_RECALCULATION
BRCA	CAMP_BRCA1_Terunuma	04_ROBUSTNESS	20260921T112611Z_metabolite318_paired_v1	metabolite318_paired_v1	paired_author_available	KEGG:C03626	dimethylarginine (SDMA + ADMA)	NA	author_paired_case	43	43	mean_paired_difference_author_scale	1.0561613015956834	0.7714193203520469	1.3192647362382517	3.823983015443701e-07	7.938023429987984e-06	paired_author_available	288.0	DONE	NA	CAMP_processed_original_author_pair_table	results/BRCA/04_ROBUSTNESS/20260921T112611Z_metabolite318_paired_v1/paired_metabolite318.tsv	5f78d08a696d5fac3d95c697b0eb05358cfa1868	EXACT_COLUMN_COPY_NO_RECALCULATION
BRCA	CAMP_BRCA1_Terunuma	04_ROBUSTNESS	20260921T112611Z_metabolite318_paired_v1	metabolite318_paired_v1	paired_processed	KEGG:C16533	docosadienoate (22:2n6)	NA	author_paired_case	45	45	mean_paired_difference_author_scale	1.399748598256564	1.001796455520621	1.7898628818259577	3.5677076665929006e-07	6.302950210980791e-06	paired_processed	318.0	DONE	NA	CAMP_processed_original_author_pair_table	results/BRCA/04_ROBUSTNESS/20260921T112611Z_metabolite318_paired_v1/paired_metabolite318.tsv	5f78d08a696d5fac3d95c697b0eb05358cfa1868	EXACT_COLUMN_COPY_NO_RECALCULATION
BRCA	CAMP_BRCA1_Terunuma	04_ROBUSTNESS	20260921T112611Z_metabolite318_paired_v1	metabolite318_paired_v1	paired_author_available	KEGG:C16533	docosadienoate (22:2n6)	NA	author_paired_case	31	31	mean_paired_difference_author_scale	1.2267798312412128	0.7546856241623251	1.7009347559008827	7.857549579478042e-05	0.000565743569722419	paired_author_available	288.0	DONE	NA	CAMP_processed_original_author_pair_table	results/BRCA/04_ROBUSTNESS/20260921T112611Z_metabolite318_paired_v1/paired_metabolite318.tsv	5f78d08a696d5fac3d95c697b0eb05358cfa1868	EXACT_COLUMN_COPY_NO_RECALCULATION
BRCA	CAMP_BRCA1_Terunuma	04_ROBUSTNESS	20260921T112611Z_metabolite318_paired_v1	metabolite318_paired_v1	paired_processed	KEGG:C06429	docosahexaenoate (DHA; 22:6n3)	NA	author_paired_case	45	45	mean_paired_difference_author_scale	0.6582119691255115	0.4115335529102328	0.911768304527287	9.656733313429757e-06	6.397585820147214e-05	paired_processed	318.0	DONE	NA	CAMP_processed_original_author_pair_table	results/BRCA/04_ROBUSTNESS/20260921T112611Z_metabolite318_paired_v1/paired_metabolite318.tsv	5f78d08a696d5fac3d95c697b0eb05358cfa1868	EXACT_COLUMN_COPY_NO_RECALCULATION
BRCA	CAMP_BRCA1_Terunuma	04_ROBUSTNESS	20260921T112611Z_metabolite318_paired_v1	metabolite318_paired_v1	paired_author_available	KEGG:C06429	docosahexaenoate (DHA; 22:6n3)	NA	author_paired_case	44	44	mean_paired_difference_author_scale	0.6493994343381732	0.39883489653688675	0.9115657552876102	1.5335992775405813e-05	0.0001472255306438958	paired_author_available	288.0	DONE	NA	CAMP_processed_original_author_pair_table	results/BRCA/04_ROBUSTNESS/20260921T112611Z_metabolite318_paired_v1/paired_metabolite318.tsv	5f78d08a696d5fac3d95c697b0eb05358cfa1868	EXACT_COLUMN_COPY_NO_RECALCULATION
BRCA	CAMP_BRCA1_Terunuma	04_ROBUSTNESS	20260921T112611Z_metabolite318_paired_v1	metabolite318_paired_v1	paired_processed	KEGG:C16534	docosatrienoate (22:3n3)	NA	author_paired_case	45	45	mean_paired_difference_author_scale	1.447362472253262	0.785402419774939	2.0662872161310593	0.0003703418795496358	0.001201721609150859	paired_processed	318.0	DONE	NA	CAMP_processed_original_author_pair_table	results/BRCA/04_ROBUSTNESS/20260921T112611Z_metabolite318_paired_v1/paired_metabolite318.tsv	5f78d08a696d5fac3d95c697b0eb05358cfa1868	EXACT_COLUMN_COPY_NO_RECALCULATION
BRCA	CAMP_BRCA1_Terunuma	04_ROBUSTNESS	20260921T112611Z_metabolite318_paired_v1	metabolite318_paired_v1	paired_author_available	KEGG:C16534	docosatrienoate (22:3n3)	NA	author_paired_case	11	11	mean_paired_difference_author_scale	1.4399763825222	0.4957763919342004	2.3976065643689046	0.03667129456483238	0.07490306974944487	paired_author_available	288.0	DONE	NA	CAMP_processed_original_author_pair_table	results/BRCA/04_ROBUSTNESS/20260921T112611Z_metabolite318_paired_v1/paired_metabolite318.tsv	5f78d08a696d5fac3d95c697b0eb05358cfa1868	EXACT_COLUMN_COPY_NO_RECALCULATION
BRCA	CAMP_BRCA1_Terunuma	04_ROBUSTNESS	20260921T112611Z_metabolite318_paired_v1	metabolite318_paired_v1	paired_processed	KEGG:C06428	eicosapentaenoate (EPA; 20:5n3)	NA	author_paired_case	45	45	mean_paired_difference_author_scale	0.448938299779107	0.1813929221211751	0.7229222579351193	0.004293522812221973	0.009752430387761338	paired_processed	318.0	DONE	NA	CAMP_processed_original_author_pair_table	results/BRCA/04_ROBUSTNESS/20260921T112611Z_metabolite318_paired_v1/paired_metabolite318.tsv	5f78d08a696d5fac3d95c697b0eb05358cfa1868	EXACT_COLUMN_COPY_NO_RECALCULATION
BRCA	CAMP_BRCA1_Terunuma	04_ROBUSTNESS	20260921T112611Z_metabolite318_paired_v1	metabolite318_paired_v1	paired_author_available	KEGG:C06428	eicosapentaenoate (EPA; 20:5n3)	NA	author_paired_case	45	45	mean_paired_difference_author_scale	0.448938299779107	0.17855317650463626	0.7347963270342995	0.004293522812221973	0.01670992662053957	paired_author_available	288.0	DONE	NA	CAMP_processed_original_author_pair_table	results/BRCA/04_ROBUSTNESS/20260921T112611Z_metabolite318_paired_v1/paired_metabolite318.tsv	5f78d08a696d5fac3d95c697b0eb05358cfa1868	EXACT_COLUMN_COPY_NO_RECALCULATION
BRCA	CAMP_BRCA1_Terunuma	04_ROBUSTNESS	20260921T112611Z_metabolite318_paired_v1	metabolite318_paired_v1	paired_processed	KEGG:C16526	eicosenoate (20:1)	NA	author_paired_case	45	45	mean_paired_difference_author_scale	0.914250127915069	0.5454618728338335	1.2943433035256204	4.178503784999405e-05	0.00018982345766140152	paired_processed	318.0	DONE	NA	CAMP_processed_original_author_pair_table	results/BRCA/04_ROBUSTNESS/20260921T112611Z_metabolite318_paired_v1/paired_metabolite318.tsv	5f78d08a696d5fac3d95c697b0eb05358cfa1868	EXACT_COLUMN_COPY_NO_RECALCULATION
BRCA	CAMP_BRCA1_Terunuma	04_ROBUSTNESS	20260921T112611Z_metabolite318_paired_v1	metabolite318_paired_v1	paired_author_available	KEGG:C16526	eicosenoate (20:1)	NA	author_paired_case	45	45	mean_paired_difference_author_scale	0.914250127915069	0.5437950170760334	1.2933502263331402	4.178503784999405e-05	0.000353943850023479	paired_author_available	288.0	DONE	NA	CAMP_processed_original_author_pair_table	results/BRCA/04_ROBUSTNESS/20260921T112611Z_metabolite318_paired_v1/paired_metabolite318.tsv	5f78d08a696d5fac3d95c697b0eb05358cfa1868	EXACT_COLUMN_COPY_NO_RECALCULATION
BRCA	CAMP_BRCA1_Terunuma	04_ROBUSTNESS	20260921T112611Z_metabolite318_paired_v1	metabolite318_paired_v1	paired_processed	HMDB:HMDB00613	erythronate	NA	author_paired_case	45	45	mean_paired_difference_author_scale	1.582351435767131	1.0357890988285408	2.1228658617108045	1.8925292427020413e-05	0.00010376281020331882	paired_processed	318.0	DONE	NA	CAMP_processed_original_author_pair_table	results/BRCA/04_ROBUSTNESS/20260921T112611Z_metabolite318_paired_v1/paired_metabolite318.tsv	5f78d08a696d5fac3d95c697b0eb05358cfa1868	EXACT_COLUMN_COPY_NO_RECALCULATION
BRCA	CAMP_BRCA1_Terunuma	04_ROBUSTNESS	20260921T112611Z_metabolite318_paired_v1	metabolite318_paired_v1	paired_author_available	HMDB:HMDB00613	erythronate	NA	author_paired_case	11	11	mean_paired_difference_author_scale	0.8774810224736821	-0.029745136531471764	1.779016612009644	0.23002424506027375	0.30812550035980857	paired_author_available	288.0	DONE	NA	CAMP_processed_original_author_pair_table	results/BRCA/04_ROBUSTNESS/20260921T112611Z_metabolite318_paired_v1/paired_metabolite318.tsv	5f78d08a696d5fac3d95c697b0eb05358cfa1868	EXACT_COLUMN_COPY_NO_RECALCULATION
BRCA	CAMP_BRCA1_Terunuma	04_ROBUSTNESS	20260921T112611Z_metabolite318_paired_v1	metabolite318_paired_v1	paired_processed	KEGG:C00189	ethanolamine	NA	author_paired_case	45	45	mean_paired_difference_author_scale	1.3048617280472286	0.8854686843285118	1.7402628713878634	2.9676469143085604e-06	2.8597324810609762e-05	paired_processed	318.0	DONE	NA	CAMP_processed_original_author_pair_table	results/BRCA/04_ROBUSTNESS/20260921T112611Z_metabolite318_paired_v1/paired_metabolite318.tsv	5f78d08a696d5fac3d95c697b0eb05358cfa1868	EXACT_COLUMN_COPY_NO_RECALCULATION
BRCA	CAMP_BRCA1_Terunuma	04_ROBUSTNESS	20260921T112611Z_metabolite318_paired_v1	metabolite318_paired_v1	paired_author_available	KEGG:C00189	ethanolamine	NA	author_paired_case	44	44	mean_paired_difference_author_scale	1.2321096663476794	0.8366747595153253	1.6660826698092188	4.903364928843627e-06	6.139865650030282e-05	paired_author_available	288.0	DONE	NA	CAMP_processed_original_author_pair_table	results/BRCA/04_ROBUSTNESS/20260921T112611Z_metabolite318_paired_v1/paired_metabolite318.tsv	5f78d08a696d5fac3d95c697b0eb05358cfa1868	EXACT_COLUMN_COPY_NO_RECALCULATION
BRCA	CAMP_BRCA1_Terunuma	04_ROBUSTNESS	20260921T112611Z_metabolite318_paired_v1	metabolite318_paired_v1	paired_processed	KEGG:C00095	fructose	NA	author_paired_case	45	45	mean_paired_difference_author_scale	0.7775838671169044	0.35797947164513466	1.2161746184915023	0.0017332941908063933	0.004671080954885026	paired_processed	318.0	DONE	NA	CAMP_processed_original_author_pair_table	results/BRCA/04_ROBUSTNESS/20260921T112611Z_metabolite318_paired_v1/paired_metabolite318.tsv	5f78d08a696d5fac3d95c697b0eb05358cfa1868	EXACT_COLUMN_COPY_NO_RECALCULATION
BRCA	CAMP_BRCA1_Terunuma	04_ROBUSTNESS	20260921T112611Z_metabolite318_paired_v1	metabolite318_paired_v1	paired_author_available	KEGG:C00095	fructose	NA	author_paired_case	14	14	mean_paired_difference_author_scale	0.13345875304812843	-0.40190888469387015	0.607299184723615	0.6603460993504235	0.7428893617692265	paired_author_available	288.0	DONE	NA	CAMP_processed_original_author_pair_table	results/BRCA/04_ROBUSTNESS/20260921T112611Z_metabolite318_paired_v1/paired_metabolite318.tsv	5f78d08a696d5fac3d95c697b0eb05358cfa1868	EXACT_COLUMN_COPY_NO_RECALCULATION
BRCA	CAMP_BRCA1_Terunuma	04_ROBUSTNESS	20260921T112611Z_metabolite318_paired_v1	metabolite318_paired_v1	paired_processed	KEGG:C05345	fructose-6-phosphate	NA	author_paired_case	45	45	mean_paired_difference_author_scale	2.020838518061489	1.399535093912956	2.632424108221864	5.1837540758074915e-06	3.924842371682815e-05	paired_processed	318.0	DONE	NA	CAMP_processed_original_author_pair_table	results/BRCA/04_ROBUSTNESS/20260921T112611Z_metabolite318_paired_v1/paired_metabolite318.tsv	5f78d08a696d5fac3d95c697b0eb05358cfa1868	EXACT_COLUMN_COPY_NO_RECALCULATION
BRCA	CAMP_BRCA1_Terunuma	04_ROBUSTNESS	20260921T112611Z_metabolite318_paired_v1	metabolite318_paired_v1	paired_author_available	KEGG:C05345	fructose-6-phosphate	NA	author_paired_case	19	19	mean_paired_difference_author_scale	1.9607556211256736	1.29412816416195	2.592908200625294	0.0003688361053786698	0.002213016632272019	paired_author_available	288.0	DONE	NA	CAMP_processed_original_author_pair_table	results/BRCA/04_ROBUSTNESS/20260921T112611Z_metabolite318_paired_v1/paired_metabolite318.tsv	5f78d08a696d5fac3d95c697b0eb05358cfa1868	EXACT_COLUMN_COPY_NO_RECALCULATION
BRCA	CAMP_BRCA1_Terunuma	04_ROBUSTNESS	20260921T112611Z_metabolite318_paired_v1	metabolite318_paired_v1	paired_processed	KEGG:C00122	fumarate	NA	author_paired_case	45	45	mean_paired_difference_author_scale	0.20371393872065546	-0.13067516647274946	0.525331156416193	0.18093163951713065	0.25571671718421135	paired_processed	318.0	DONE	NA	CAMP_processed_original_author_pair_table	results/BRCA/04_ROBUSTNESS/20260921T112611Z_metabolite318_paired_v1/paired_metabolite318.tsv	5f78d08a696d5fac3d95c697b0eb05358cfa1868	EXACT_COLUMN_COPY_NO_RECALCULATION
BRCA	CAMP_BRCA1_Terunuma	04_ROBUSTNESS	20260921T112611Z_metabolite318_paired_v1	metabolite318_paired_v1	paired_author_available	KEGG:C00122	fumarate	NA	author_paired_case	31	31	mean_paired_difference_author_scale	0.02876117938600976	-0.2830426212565942	0.3365643335842232	0.8677079024141874	0.9087268214374035	paired_author_available	288.0	DONE	NA	CAMP_processed_original_author_pair_table	results/BRCA/04_ROBUSTNESS/20260921T112611Z_metabolite318_paired_v1/paired_metabolite318.tsv	5f78d08a696d5fac3d95c697b0eb05358cfa1868	EXACT_COLUMN_COPY_NO_RECALCULATION
BRCA	CAMP_BRCA1_Terunuma	04_ROBUSTNESS	20260921T112611Z_metabolite318_paired_v1	metabolite318_paired_v1	paired_processed	KEGG:C01662	galactose	NA	author_paired_case	45	45	mean_paired_difference_author_scale	-0.1947076599610556	-0.8910947774013118	0.5463872410684252	0.3356524748896864	0.42466330976083616	paired_processed	318.0	DONE	NA	CAMP_processed_original_author_pair_table	results/BRCA/04_ROBUSTNESS/20260921T112611Z_metabolite318_paired_v1/paired_metabolite318.tsv	5f78d08a696d5fac3d95c697b0eb05358cfa1868	EXACT_COLUMN_COPY_NO_RECALCULATION
BRCA	CAMP_BRCA1_Terunuma	04_ROBUSTNESS	20260921T112611Z_metabolite318_paired_v1	metabolite318_paired_v1	paired_author_available	KEGG:C01662	galactose	NA	author_paired_case	43	43	mean_paired_difference_author_scale	-0.30064943873225813	-1.0014634336830885	0.45834807013028694	0.21138811759445175	0.285820553367146	paired_author_available	288.0	DONE	NA	CAMP_processed_original_author_pair_table	results/BRCA/04_ROBUSTNESS/20260921T112611Z_metabolite318_paired_v1/paired_metabolite318.tsv	5f78d08a696d5fac3d95c697b0eb05358cfa1868	EXACT_COLUMN_COPY_NO_RECALCULATION
BRCA	CAMP_BRCA1_Terunuma	04_ROBUSTNESS	20260921T112611Z_metabolite318_paired_v1	metabolite318_paired_v1	paired_processed	KEGG:C03738	gamma-glutamylalanine	NA	author_paired_case	45	45	mean_paired_difference_author_scale	0.30732888837503314	-0.197900363768815	0.7684793776333165	0.25281401489259503	0.3349785697326884	paired_processed	318.0	DONE	NA	CAMP_processed_original_author_pair_table	results/BRCA/04_ROBUSTNESS/20260921T112611Z_metabolite318_paired_v1/paired_metabolite318.tsv	5f78d08a696d5fac3d95c697b0eb05358cfa1868	EXACT_COLUMN_COPY_NO_RECALCULATION
BRCA	CAMP_BRCA1_Terunuma	04_ROBUSTNESS	20260921T112611Z_metabolite318_paired_v1	metabolite318_paired_v1	paired_author_available	KEGG:C03738	gamma-glutamylalanine	NA	author_paired_case	9	9	mean_paired_difference_author_scale	-0.6852131763045111	-1.514257335570174	0.10125730946819421	0.2863205967930593	0.3697772729883457	paired_author_available	288.0	DONE	NA	CAMP_processed_original_author_pair_table	results/BRCA/04_ROBUSTNESS/20260921T112611Z_metabolite318_paired_v1/paired_metabolite318.tsv	5f78d08a696d5fac3d95c697b0eb05358cfa1868	EXACT_COLUMN_COPY_NO_RECALCULATION
BRCA	CAMP_BRCA1_Terunuma	04_ROBUSTNESS	20260921T112611Z_metabolite318_paired_v1	metabolite318_paired_v1	paired_processed	KEGG:C05282	gamma-glutamylglutamate	NA	author_paired_case	45	45	mean_paired_difference_author_scale	0.9119132721732781	0.3450658268020715	1.4498191777844915	0.0018493748514110493	0.00486034051858441	paired_processed	318.0	DONE	NA	CAMP_processed_original_author_pair_table	results/BRCA/04_ROBUSTNESS/20260921T112611Z_metabolite318_paired_v1/paired_metabolite318.tsv	5f78d08a696d5fac3d95c697b0eb05358cfa1868	EXACT_COLUMN_COPY_NO_RECALCULATION
BRCA	CAMP_BRCA1_Terunuma	04_ROBUSTNESS	20260921T112611Z_metabolite318_paired_v1	metabolite318_paired_v1	paired_author_available	KEGG:C05282	gamma-glutamylglutamate	NA	author_paired_case	19	19	mean_paired_difference_author_scale	0.08100523303764202	-0.5242751884045331	0.6264559661425045	0.5066928710945287	0.5956226403070378	paired_author_available	288.0	DONE	NA	CAMP_processed_original_author_pair_table	results/BRCA/04_ROBUSTNESS/20260921T112611Z_metabolite318_paired_v1/paired_metabolite318.tsv	5f78d08a696d5fac3d95c697b0eb05358cfa1868	EXACT_COLUMN_COPY_NO_RECALCULATION
BRCA	CAMP_BRCA1_Terunuma	04_ROBUSTNESS	20260921T112611Z_metabolite318_paired_v1	metabolite318_paired_v1	paired_processed	KEGG:C05283	gamma-glutamylglutamine	NA	author_paired_case	45	45	mean_paired_difference_author_scale	-1.1848588214174538	-1.9069406965283515	-0.46542800726342903	0.0024858064194615407	0.006127801871230775	paired_processed	318.0	DONE	NA	CAMP_processed_original_author_pair_table	results/BRCA/04_ROBUSTNESS/20260921T112611Z_metabolite318_paired_v1/paired_metabolite318.tsv	5f78d08a696d5fac3d95c697b0eb05358cfa1868	EXACT_COLUMN_COPY_NO_RECALCULATION
BRCA	CAMP_BRCA1_Terunuma	04_ROBUSTNESS	20260921T112611Z_metabolite318_paired_v1	metabolite318_paired_v1	paired_author_available	KEGG:C05283	gamma-glutamylglutamine	NA	author_paired_case	33	33	mean_paired_difference_author_scale	-1.062712466865667	-1.5765858520634366	-0.5545686201084846	0.0011461823721190376	0.005791237248601453	paired_author_available	288.0	DONE	NA	CAMP_processed_original_author_pair_table	results/BRCA/04_ROBUSTNESS/20260921T112611Z_metabolite318_paired_v1/paired_metabolite318.tsv	5f78d08a696d5fac3d95c697b0eb05358cfa1868	EXACT_COLUMN_COPY_NO_RECALCULATION
BRCA	CAMP_BRCA1_Terunuma	04_ROBUSTNESS	20260921T112611Z_metabolite318_paired_v1	metabolite318_paired_v1	paired_processed	HMDB:HMDB11171	gamma-glutamylleucine	NA	author_paired_case	45	45	mean_paired_difference_author_scale	0.37555972881416866	0.14868348117745817	0.6054951906643709	0.005184331545372354	0.011215084567540196	paired_processed	318.0	DONE	NA	CAMP_processed_original_author_pair_table	results/BRCA/04_ROBUSTNESS/20260921T112611Z_metabolite318_paired_v1/paired_metabolite318.tsv	5f78d08a696d5fac3d95c697b0eb05358cfa1868	EXACT_COLUMN_COPY_NO_RECALCULATION
BRCA	CAMP_BRCA1_Terunuma	04_ROBUSTNESS	20260921T112611Z_metabolite318_paired_v1	metabolite318_paired_v1	paired_author_available	HMDB:HMDB11171	gamma-glutamylleucine	NA	author_paired_case	19	19	mean_paired_difference_author_scale	-0.2504202563690104	-0.4884477568651878	-0.010734588887697582	0.0670976664245173	0.1168492658573701	paired_author_available	288.0	DONE	NA	CAMP_processed_original_author_pair_table	results/BRCA/04_ROBUSTNESS/20260921T112611Z_metabolite318_paired_v1/paired_metabolite318.tsv	5f78d08a696d5fac3d95c697b0eb05358cfa1868	EXACT_COLUMN_COPY_NO_RECALCULATION
BRCA	CAMP_BRCA1_Terunuma	04_ROBUSTNESS	20260921T112611Z_metabolite318_paired_v1	metabolite318_paired_v1	paired_processed	HMDB:HMDB29155	gamma-glutamylmethionine	NA	author_paired_case	45	45	mean_paired_difference_author_scale	-0.23391231887113545	-0.5675555994156417	0.0874929571182948	0.19041160612966856	0.265577128200779	paired_processed	318.0	DONE	NA	CAMP_processed_original_author_pair_table	results/BRCA/04_ROBUSTNESS/20260921T112611Z_metabolite318_paired_v1/paired_metabolite318.tsv	5f78d08a696d5fac3d95c697b0eb05358cfa1868	EXACT_COLUMN_COPY_NO_RECALCULATION
BRCA	CAMP_BRCA1_Terunuma	04_ROBUSTNESS	20260921T112611Z_metabolite318_paired_v1	metabolite318_paired_v1	paired_author_available	HMDB:HMDB29155	gamma-glutamylmethionine	NA	author_paired_case	9	9	mean_paired_difference_author_scale	-1.0673617344289665	-1.4793052111359049	-0.5932270519277854	0.01285124018749651	0.035933564796106744	paired_author_available	288.0	DONE	NA	CAMP_processed_original_author_pair_table	results/BRCA/04_ROBUSTNESS/20260921T112611Z_metabolite318_paired_v1/paired_metabolite318.tsv	5f78d08a696d5fac3d95c697b0eb05358cfa1868	EXACT_COLUMN_COPY_NO_RECALCULATION
BRCA	CAMP_BRCA1_Terunuma	04_ROBUSTNESS	20260921T112611Z_metabolite318_paired_v1	metabolite318_paired_v1	paired_processed	HMDB:HMDB11741	gamma-glutamyltyrosine	NA	author_paired_case	45	45	mean_paired_difference_author_scale	0.5696619361636333	0.1958284971610642	0.923625789725652	0.004261048733643582	0.00974829854171697	paired_processed	318.0	DONE	NA	CAMP_processed_original_author_pair_table	results/BRCA/04_ROBUSTNESS/20260921T112611Z_metabolite318_paired_v1/paired_metabolite318.tsv	5f78d08a696d5fac3d95c697b0eb05358cfa1868	EXACT_COLUMN_COPY_NO_RECALCULATION
BRCA	CAMP_BRCA1_Terunuma	04_ROBUSTNESS	20260921T112611Z_metabolite318_paired_v1	metabolite318_paired_v1	paired_author_available	HMDB:HMDB11741	gamma-glutamyltyrosine	NA	author_paired_case	15	15	mean_paired_difference_author_scale	-0.6294300146107267	-1.0454135602647834	-0.20905406333244034	0.018421182485821173	0.04613304831231737	paired_author_available	288.0	DONE	NA	CAMP_processed_original_author_pair_table	results/BRCA/04_ROBUSTNESS/20260921T112611Z_metabolite318_paired_v1/paired_metabolite318.tsv	5f78d08a696d5fac3d95c697b0eb05358cfa1868	EXACT_COLUMN_COPY_NO_RECALCULATION
BRCA	CAMP_BRCA1_Terunuma	04_ROBUSTNESS	20260921T112611Z_metabolite318_paired_v1	metabolite318_paired_v1	paired_processed	KEGG:C02483	gamma-tocopherol	NA	author_paired_case	45	45	mean_paired_difference_author_scale	-1.2891917185801112	-1.7496737981102495	-0.7821178963155004	2.1945345424595622e-05	0.0001141467869922638	paired_processed	318.0	DONE	NA	CAMP_processed_original_author_pair_table	results/BRCA/04_ROBUSTNESS/20260921T112611Z_metabolite318_paired_v1/paired_metabolite318.tsv	5f78d08a696d5fac3d95c697b0eb05358cfa1868	EXACT_COLUMN_COPY_NO_RECALCULATION
BRCA	CAMP_BRCA1_Terunuma	04_ROBUSTNESS	20260921T112611Z_metabolite318_paired_v1	metabolite318_paired_v1	paired_author_available	KEGG:C02483	gamma-tocopherol	NA	author_paired_case	33	33	mean_paired_difference_author_scale	-1.2101092186255336	-1.6584477537608011	-0.7715769586026704	4.992085386469436e-05	0.00038857313278464804	paired_author_available	288.0	DONE	NA	CAMP_processed_original_author_pair_table	results/BRCA/04_ROBUSTNESS/20260921T112611Z_metabolite318_paired_v1/paired_metabolite318.tsv	5f78d08a696d5fac3d95c697b0eb05358cfa1868	EXACT_COLUMN_COPY_NO_RECALCULATION
BRCA	CAMP_BRCA1_Terunuma	04_ROBUSTNESS	20260921T112611Z_metabolite318_paired_v1	metabolite318_paired_v1	paired_processed	KEGG:C00257	gluconate	NA	author_paired_case	45	45	mean_paired_difference_author_scale	1.3012122972418783	0.47872871056050414	2.0405433316122337	0.0017725221619049073	0.004697183729048004	paired_processed	318.0	DONE	NA	CAMP_processed_original_author_pair_table	results/BRCA/04_ROBUSTNESS/20260921T112611Z_metabolite318_paired_v1/paired_metabolite318.tsv	5f78d08a696d5fac3d95c697b0eb05358cfa1868	EXACT_COLUMN_COPY_NO_RECALCULATION
BRCA	CAMP_BRCA1_Terunuma	04_ROBUSTNESS	20260921T112611Z_metabolite318_paired_v1	metabolite318_paired_v1	paired_author_available	KEGG:C00257	gluconate	NA	author_paired_case	21	21	mean_paired_difference_author_scale	0.5565031594485003	-0.12473689243789175	1.2975243117395903	0.4654448024022797	0.5585337628827356	paired_author_available	288.0	DONE	NA	CAMP_processed_original_author_pair_table	results/BRCA/04_ROBUSTNESS/20260921T112611Z_metabolite318_paired_v1/paired_metabolite318.tsv	5f78d08a696d5fac3d95c697b0eb05358cfa1868	EXACT_COLUMN_COPY_NO_RECALCULATION
BRCA	CAMP_BRCA1_Terunuma	04_ROBUSTNESS	20260921T112611Z_metabolite318_paired_v1	metabolite318_paired_v1	paired_processed	KEGG:C00031	glucose	NA	author_paired_case	45	45	mean_paired_difference_author_scale	-0.04333164364706003	-0.6568800119447123	0.5403211310434913	0.8833386878779823	0.9301380885602595	paired_processed	318.0	DONE	NA	CAMP_processed_original_author_pair_table	results/BRCA/04_ROBUSTNESS/20260921T112611Z_metabolite318_paired_v1/paired_metabolite318.tsv	5f78d08a696d5fac3d95c697b0eb05358cfa1868	EXACT_COLUMN_COPY_NO_RECALCULATION
BRCA	CAMP_BRCA1_Terunuma	04_ROBUSTNESS	20260921T112611Z_metabolite318_paired_v1	metabolite318_paired_v1	paired_author_available	KEGG:C00031	glucose	NA	author_paired_case	43	43	mean_paired_difference_author_scale	0.04919227381374882	-0.5318923228025464	0.6440804857213929	0.9566664435379141	0.973568677522683	paired_author_available	288.0	DONE	NA	CAMP_processed_original_author_pair_table	results/BRCA/04_ROBUSTNESS/20260921T112611Z_metabolite318_paired_v1/paired_metabolite318.tsv	5f78d08a696d5fac3d95c697b0eb05358cfa1868	EXACT_COLUMN_COPY_NO_RECALCULATION
BRCA	CAMP_BRCA1_Terunuma	04_ROBUSTNESS	20260921T112611Z_metabolite318_paired_v1	metabolite318_paired_v1	paired_processed	KEGG:C00668	glucose 6-phosphate	NA	author_paired_case	45	45	mean_paired_difference_author_scale	2.1743242650294716	1.3768410326732716	2.949092557495116	2.086690998741565e-05	0.00011059462293330294	paired_processed	318.0	DONE	NA	CAMP_processed_original_author_pair_table	results/BRCA/04_ROBUSTNESS/20260921T112611Z_metabolite318_paired_v1/paired_metabolite318.tsv	5f78d08a696d5fac3d95c697b0eb05358cfa1868	EXACT_COLUMN_COPY_NO_RECALCULATION
BRCA	CAMP_BRCA1_Terunuma	04_ROBUSTNESS	20260921T112611Z_metabolite318_paired_v1	metabolite318_paired_v1	paired_author_available	KEGG:C00668	glucose 6-phosphate	NA	author_paired_case	40	40	mean_paired_difference_author_scale	1.8531532399975503	1.2152214799354226	2.4322445963124477	2.9992561146586463e-05	0.0002617532609156637	paired_author_available	288.0	DONE	NA	CAMP_processed_original_author_pair_table	results/BRCA/04_ROBUSTNESS/20260921T112611Z_metabolite318_paired_v1/paired_metabolite318.tsv	5f78d08a696d5fac3d95c697b0eb05358cfa1868	EXACT_COLUMN_COPY_NO_RECALCULATION
BRCA	CAMP_BRCA1_Terunuma	04_ROBUSTNESS	20260921T112611Z_metabolite318_paired_v1	metabolite318_paired_v1	paired_processed	KEGG:C00191	glucuronate	NA	author_paired_case	45	45	mean_paired_difference_author_scale	0.24467193194291117	-0.04189739136754988	0.5310908336717416	0.13825717995504577	0.20260729597098875	paired_processed	318.0	DONE	NA	CAMP_processed_original_author_pair_table	results/BRCA/04_ROBUSTNESS/20260921T112611Z_metabolite318_paired_v1/paired_metabolite318.tsv	5f78d08a696d5fac3d95c697b0eb05358cfa1868	EXACT_COLUMN_COPY_NO_RECALCULATION
BRCA	CAMP_BRCA1_Terunuma	04_ROBUSTNESS	20260921T112611Z_metabolite318_paired_v1	metabolite318_paired_v1	paired_author_available	KEGG:C00191	glucuronate	NA	author_paired_case	14	14	mean_paired_difference_author_scale	-0.3841989606692499	-0.7786280331942687	0.06329901553156812	0.11655195774607748	0.18062564694904346	paired_author_available	288.0	DONE	NA	CAMP_processed_original_author_pair_table	results/BRCA/04_ROBUSTNESS/20260921T112611Z_metabolite318_paired_v1/paired_metabolite318.tsv	5f78d08a696d5fac3d95c697b0eb05358cfa1868	EXACT_COLUMN_COPY_NO_RECALCULATION
BRCA	CAMP_BRCA1_Terunuma	04_ROBUSTNESS	20260921T112611Z_metabolite318_paired_v1	metabolite318_paired_v1	paired_processed	KEGG:C00025	glutamate	NA	author_paired_case	45	45	mean_paired_difference_author_scale	1.6338794772671286	1.2811849168751819	1.9789217250341842	6.835213750344965e-08	3.1736397629373487e-06	paired_processed	318.0	DONE	NA	CAMP_processed_original_author_pair_table	results/BRCA/04_ROBUSTNESS/20260921T112611Z_metabolite318_paired_v1/paired_metabolite318.tsv	5f78d08a696d5fac3d95c697b0eb05358cfa1868	EXACT_COLUMN_COPY_NO_RECALCULATION
BRCA	CAMP_BRCA1_Terunuma	04_ROBUSTNESS	20260921T112611Z_metabolite318_paired_v1	metabolite318_paired_v1	paired_author_available	KEGG:C00025	glutamate	NA	author_paired_case	45	45	mean_paired_difference_author_scale	1.6338794772671286	1.2696524142631351	1.9703714517356907	6.835213750344965e-08	4.311359677952625e-06	paired_author_available	288.0	DONE	NA	CAMP_processed_original_author_pair_table	results/BRCA/04_ROBUSTNESS/20260921T112611Z_metabolite318_paired_v1/paired_metabolite318.tsv	5f78d08a696d5fac3d95c697b0eb05358cfa1868	EXACT_COLUMN_COPY_NO_RECALCULATION
BRCA	CAMP_BRCA1_Terunuma	04_ROBUSTNESS	20260921T112611Z_metabolite318_paired_v1	metabolite318_paired_v1	paired_processed	KEGG:C00064	glutamine	NA	author_paired_case	45	45	mean_paired_difference_author_scale	-1.472771118046759	-1.8377886612962242	-1.1128996557011823	6.026105581971643e-08	3.1736397629373487e-06	paired_processed	318.0	DONE	NA	CAMP_processed_original_author_pair_table	results/BRCA/04_ROBUSTNESS/20260921T112611Z_metabolite318_paired_v1/paired_metabolite318.tsv	5f78d08a696d5fac3d95c697b0eb05358cfa1868	EXACT_COLUMN_COPY_NO_RECALCULATION
BRCA	CAMP_BRCA1_Terunuma	04_ROBUSTNESS	20260921T112611Z_metabolite318_paired_v1	metabolite318_paired_v1	paired_author_available	KEGG:C00064	glutamine	NA	author_paired_case	45	45	mean_paired_difference_author_scale	-1.472771118046759	-1.8618228133987818	-1.1186164790238686	6.026105581971643e-08	4.311359677952625e-06	paired_author_available	288.0	DONE	NA	CAMP_processed_original_author_pair_table	results/BRCA/04_ROBUSTNESS/20260921T112611Z_metabolite318_paired_v1/paired_metabolite318.tsv	5f78d08a696d5fac3d95c697b0eb05358cfa1868	EXACT_COLUMN_COPY_NO_RECALCULATION
BRCA	CAMP_BRCA1_Terunuma	04_ROBUSTNESS	20260921T112611Z_metabolite318_paired_v1	metabolite318_paired_v1	paired_processed	KEGG:C00127	glutathione, oxidized (GSSG)	NA	author_paired_case	45	45	mean_paired_difference_author_scale	-0.5805596266023977	-1.647609642435832	0.4979199719587767	0.32609147484750145	0.4147883560060218	paired_processed	318.0	DONE	NA	CAMP_processed_original_author_pair_table	results/BRCA/04_ROBUSTNESS/20260921T112611Z_metabolite318_paired_v1/paired_metabolite318.tsv	5f78d08a696d5fac3d95c697b0eb05358cfa1868	EXACT_COLUMN_COPY_NO_RECALCULATION
BRCA	CAMP_BRCA1_Terunuma	04_ROBUSTNESS	20260921T112611Z_metabolite318_paired_v1	metabolite318_paired_v1	paired_author_available	KEGG:C00127	glutathione, oxidized (GSSG)	NA	author_paired_case	30	30	mean_paired_difference_author_scale	0.10698392689210359	-0.8507624404392443	1.0545561377366715	0.8370382312359388	0.884533220489632	paired_author_available	288.0	DONE	NA	CAMP_processed_original_author_pair_table	results/BRCA/04_ROBUSTNESS/20260921T112611Z_metabolite318_paired_v1/paired_metabolite318.tsv	5f78d08a696d5fac3d95c697b0eb05358cfa1868	EXACT_COLUMN_COPY_NO_RECALCULATION
BRCA	CAMP_BRCA1_Terunuma	04_ROBUSTNESS	20260921T112611Z_metabolite318_paired_v1	metabolite318_paired_v1	paired_processed	KEGG:C00051	glutathione, reduced (GSH)	NA	author_paired_case	45	45	mean_paired_difference_author_scale	1.183238262314171	0.386135091254271	1.9766208980883466	0.0022453068571976803	0.0056221069337705695	paired_processed	318.0	DONE	NA	CAMP_processed_original_author_pair_table	results/BRCA/04_ROBUSTNESS/20260921T112611Z_metabolite318_paired_v1/paired_metabolite318.tsv	5f78d08a696d5fac3d95c697b0eb05358cfa1868	EXACT_COLUMN_COPY_NO_RECALCULATION
BRCA	CAMP_BRCA1_Terunuma	04_ROBUSTNESS	20260921T112611Z_metabolite318_paired_v1	metabolite318_paired_v1	paired_author_available	KEGG:C00051	glutathione, reduced (GSH)	NA	author_paired_case	11	11	mean_paired_difference_author_scale	0.9287499287533094	-0.6823684749733624	2.6000987096530026	0.266402424640499	0.3487449922566533	paired_author_available	288.0	DONE	NA	CAMP_processed_original_author_pair_table	results/BRCA/04_ROBUSTNESS/20260921T112611Z_metabolite318_paired_v1/paired_metabolite318.tsv	5f78d08a696d5fac3d95c697b0eb05358cfa1868	EXACT_COLUMN_COPY_NO_RECALCULATION
BRCA	CAMP_BRCA1_Terunuma	04_ROBUSTNESS	20260921T112611Z_metabolite318_paired_v1	metabolite318_paired_v1	paired_processed	KEGG:C00258	glycerate	NA	author_paired_case	45	45	mean_paired_difference_author_scale	0.04830283923100439	-0.3729007628646714	0.4905301702739321	0.9024737275966324	0.9378648541690493	paired_processed	318.0	DONE	NA	CAMP_processed_original_author_pair_table	results/BRCA/04_ROBUSTNESS/20260921T112611Z_metabolite318_paired_v1/paired_metabolite318.tsv	5f78d08a696d5fac3d95c697b0eb05358cfa1868	EXACT_COLUMN_COPY_NO_RECALCULATION
BRCA	CAMP_BRCA1_Terunuma	04_ROBUSTNESS	20260921T112611Z_metabolite318_paired_v1	metabolite318_paired_v1	paired_author_available	KEGG:C00258	glycerate	NA	author_paired_case	32	32	mean_paired_difference_author_scale	-0.22946049784144995	-0.5883207883921041	0.13092831939739868	0.2822901020140619	0.3678712641631214	paired_author_available	288.0	DONE	NA	CAMP_processed_original_author_pair_table	results/BRCA/04_ROBUSTNESS/20260921T112611Z_metabolite318_paired_v1/paired_metabolite318.tsv	5f78d08a696d5fac3d95c697b0eb05358cfa1868	EXACT_COLUMN_COPY_NO_RECALCULATION
BRCA	CAMP_BRCA1_Terunuma	04_ROBUSTNESS	20260921T112611Z_metabolite318_paired_v1	metabolite318_paired_v1	paired_processed	KEGG:C00116	glycerol	NA	author_paired_case	45	45	mean_paired_difference_author_scale	0.2006356746988759	-0.08510250083072818	0.49023105301091907	0.2637944381635673	0.3452124746338041	paired_processed	318.0	DONE	NA	CAMP_processed_original_author_pair_table	results/BRCA/04_ROBUSTNESS/20260921T112611Z_metabolite318_paired_v1/paired_metabolite318.tsv	5f78d08a696d5fac3d95c697b0eb05358cfa1868	EXACT_COLUMN_COPY_NO_RECALCULATION
BRCA	CAMP_BRCA1_Terunuma	04_ROBUSTNESS	20260921T112611Z_metabolite318_paired_v1	metabolite318_paired_v1	paired_author_available	KEGG:C00116	glycerol	NA	author_paired_case	45	45	mean_paired_difference_author_scale	0.2006356746988759	-0.08209790141453764	0.48971471766507685	0.2637944381635673	0.34751646229667077	paired_author_available	288.0	DONE	NA	CAMP_processed_original_author_pair_table	results/BRCA/04_ROBUSTNESS/20260921T112611Z_metabolite318_paired_v1/paired_metabolite318.tsv	5f78d08a696d5fac3d95c697b0eb05358cfa1868	EXACT_COLUMN_COPY_NO_RECALCULATION
BRCA	CAMP_BRCA1_Terunuma	04_ROBUSTNESS	20260921T112611Z_metabolite318_paired_v1	metabolite318_paired_v1	paired_processed	KEGG:C02979	glycerol 2-phosphate	NA	author_paired_case	45	45	mean_paired_difference_author_scale	0.8439946428007334	0.44464626741333707	1.2550682344227768	0.0003599523864236576	0.0011800500915744652	paired_processed	318.0	DONE	NA	CAMP_processed_original_author_pair_table	results/BRCA/04_ROBUSTNESS/20260921T112611Z_metabolite318_paired_v1/paired_metabolite318.tsv	5f78d08a696d5fac3d95c697b0eb05358cfa1868	EXACT_COLUMN_COPY_NO_RECALCULATION
BRCA	CAMP_BRCA1_Terunuma	04_ROBUSTNESS	20260921T112611Z_metabolite318_paired_v1	metabolite318_paired_v1	paired_author_available	KEGG:C02979	glycerol 2-phosphate	NA	author_paired_case	9	9	mean_paired_difference_author_scale	0.6610200930687665	0.2999680097271889	1.0188849843277774	0.02439024143305404	0.05710885798958995	paired_author_available	288.0	DONE	NA	CAMP_processed_original_author_pair_table	results/BRCA/04_ROBUSTNESS/20260921T112611Z_metabolite318_paired_v1/paired_metabolite318.tsv	5f78d08a696d5fac3d95c697b0eb05358cfa1868	EXACT_COLUMN_COPY_NO_RECALCULATION
BRCA	CAMP_BRCA1_Terunuma	04_ROBUSTNESS	20260921T112611Z_metabolite318_paired_v1	metabolite318_paired_v1	paired_processed	KEGG:C00093	glycerol 3-phosphate (G3P)	NA	author_paired_case	45	45	mean_paired_difference_author_scale	0.2395615518895398	-0.18919560164373225	0.6700639580417493	0.23594117583080865	0.31393010005940225	paired_processed	318.0	DONE	NA	CAMP_processed_original_author_pair_table	results/BRCA/04_ROBUSTNESS/20260921T112611Z_metabolite318_paired_v1/paired_metabolite318.tsv	5f78d08a696d5fac3d95c697b0eb05358cfa1868	EXACT_COLUMN_COPY_NO_RECALCULATION
BRCA	CAMP_BRCA1_Terunuma	04_ROBUSTNESS	20260921T112611Z_metabolite318_paired_v1	metabolite318_paired_v1	paired_author_available	KEGG:C00093	glycerol 3-phosphate (G3P)	NA	author_paired_case	44	44	mean_paired_difference_author_scale	0.21075480850558614	-0.22071277944311504	0.6683174698846677	0.30718723792323654	0.3874332323723722	paired_author_available	288.0	DONE	NA	CAMP_processed_original_author_pair_table	results/BRCA/04_ROBUSTNESS/20260921T112611Z_metabolite318_paired_v1/paired_metabolite318.tsv	5f78d08a696d5fac3d95c697b0eb05358cfa1868	EXACT_COLUMN_COPY_NO_RECALCULATION
BRCA	CAMP_BRCA1_Terunuma	04_ROBUSTNESS	20260921T112611Z_metabolite318_paired_v1	metabolite318_paired_v1	paired_processed	KEGG:C00670	glycerophosphorylcholine (GPC)	NA	author_paired_case	45	45	mean_paired_difference_author_scale	-0.7109714169790355	-1.1083687369081643	-0.3149964409971549	0.0021390540146380118	0.005485638521410385	paired_processed	318.0	DONE	NA	CAMP_processed_original_author_pair_table	results/BRCA/04_ROBUSTNESS/20260921T112611Z_metabolite318_paired_v1/paired_metabolite318.tsv	5f78d08a696d5fac3d95c697b0eb05358cfa1868	EXACT_COLUMN_COPY_NO_RECALCULATION
BRCA	CAMP_BRCA1_Terunuma	04_ROBUSTNESS	20260921T112611Z_metabolite318_paired_v1	metabolite318_paired_v1	paired_author_available	KEGG:C00670	glycerophosphorylcholine (GPC)	NA	author_paired_case	45	45	mean_paired_difference_author_scale	-0.7109714169790355	-1.1036044767815787	-0.3050034772619761	0.0021390540146380118	0.009288358852188316	paired_author_available	288.0	DONE	NA	CAMP_processed_original_author_pair_table	results/BRCA/04_ROBUSTNESS/20260921T112611Z_metabolite318_paired_v1/paired_metabolite318.tsv	5f78d08a696d5fac3d95c697b0eb05358cfa1868	EXACT_COLUMN_COPY_NO_RECALCULATION
BRCA	CAMP_BRCA1_Terunuma	04_ROBUSTNESS	20260921T112611Z_metabolite318_paired_v1	metabolite318_paired_v1	paired_processed	KEGG:C00037	glycine	NA	author_paired_case	45	45	mean_paired_difference_author_scale	0.5864379172938337	0.36249182432892246	0.8050637087128323	2.307670099137806e-05	0.00011466235805090973	paired_processed	318.0	DONE	NA	CAMP_processed_original_author_pair_table	results/BRCA/04_ROBUSTNESS/20260921T112611Z_metabolite318_paired_v1/paired_metabolite318.tsv	5f78d08a696d5fac3d95c697b0eb05358cfa1868	EXACT_COLUMN_COPY_NO_RECALCULATION
BRCA	CAMP_BRCA1_Terunuma	04_ROBUSTNESS	20260921T112611Z_metabolite318_paired_v1	metabolite318_paired_v1	paired_author_available	KEGG:C00037	glycine	NA	author_paired_case	45	45	mean_paired_difference_author_scale	0.5864379172938337	0.35675955604469395	0.8086823874136312	2.307670099137806e-05	0.00020769030892240256	paired_author_available	288.0	DONE	NA	CAMP_processed_original_author_pair_table	results/BRCA/04_ROBUSTNESS/20260921T112611Z_metabolite318_paired_v1/paired_metabolite318.tsv	5f78d08a696d5fac3d95c697b0eb05358cfa1868	EXACT_COLUMN_COPY_NO_RECALCULATION
BRCA	CAMP_BRCA1_Terunuma	04_ROBUSTNESS	20260921T112611Z_metabolite318_paired_v1	metabolite318_paired_v1	paired_processed	KEGG:C05466	glycochenodeoxycholate	NA	author_paired_case	45	45	mean_paired_difference_author_scale	-0.03141675101173335	-0.31717662927188556	0.25543655719548547	0.8498166073898079	0.9038183316052137	paired_processed	318.0	DONE	NA	CAMP_processed_original_author_pair_table	results/BRCA/04_ROBUSTNESS/20260921T112611Z_metabolite318_paired_v1/paired_metabolite318.tsv	5f78d08a696d5fac3d95c697b0eb05358cfa1868	EXACT_COLUMN_COPY_NO_RECALCULATION
BRCA	CAMP_BRCA1_Terunuma	04_ROBUSTNESS	20260921T112611Z_metabolite318_paired_v1	metabolite318_paired_v1	paired_author_available	KEGG:C05466	glycochenodeoxycholate	NA	author_paired_case	4	4	mean_paired_difference_author_scale	NA	NA	NA	NA	NA	paired_author_available	288.0	NOT_EVALUABLE	fewer_than8_complete_author_available_pairs	CAMP_processed_original_author_pair_table	results/BRCA/04_ROBUSTNESS/20260921T112611Z_metabolite318_paired_v1/paired_metabolite318.tsv	5f78d08a696d5fac3d95c697b0eb05358cfa1868	EXACT_COLUMN_COPY_NO_RECALCULATION
BRCA	CAMP_BRCA1_Terunuma	04_ROBUSTNESS	20260921T112611Z_metabolite318_paired_v1	metabolite318_paired_v1	paired_processed	KEGG:C02155	glycylleucine	NA	author_paired_case	45	45	mean_paired_difference_author_scale	0.33317453056942237	-0.018880197766185942	0.6761157284681404	0.07982039980368638	0.12381896164669401	paired_processed	318.0	DONE	NA	CAMP_processed_original_author_pair_table	results/BRCA/04_ROBUSTNESS/20260921T112611Z_metabolite318_paired_v1/paired_metabolite318.tsv	5f78d08a696d5fac3d95c697b0eb05358cfa1868	EXACT_COLUMN_COPY_NO_RECALCULATION
BRCA	CAMP_BRCA1_Terunuma	04_ROBUSTNESS	20260921T112611Z_metabolite318_paired_v1	metabolite318_paired_v1	paired_author_available	KEGG:C02155	glycylleucine	NA	author_paired_case	12	12	mean_paired_difference_author_scale	-0.41321976962310886	-0.7692899599460887	-0.01664098147098862	0.07755616674366551	0.12691009103508902	paired_author_available	288.0	DONE	NA	CAMP_processed_original_author_pair_table	results/BRCA/04_ROBUSTNESS/20260921T112611Z_metabolite318_paired_v1/paired_metabolite318.tsv	5f78d08a696d5fac3d95c697b0eb05358cfa1868	EXACT_COLUMN_COPY_NO_RECALCULATION
BRCA	CAMP_BRCA1_Terunuma	04_ROBUSTNESS	20260921T112611Z_metabolite318_paired_v1	metabolite318_paired_v1	paired_processed	HMDB:HMDB00721	glycylproline	NA	author_paired_case	45	45	mean_paired_difference_author_scale	0.8975291807094175	0.5971786690699166	1.2177325486231287	5.4618052961017055e-06	3.94739564581896e-05	paired_processed	318.0	DONE	NA	CAMP_processed_original_author_pair_table	results/BRCA/04_ROBUSTNESS/20260921T112611Z_metabolite318_paired_v1/paired_metabolite318.tsv	5f78d08a696d5fac3d95c697b0eb05358cfa1868	EXACT_COLUMN_COPY_NO_RECALCULATION
BRCA	CAMP_BRCA1_Terunuma	04_ROBUSTNESS	20260921T112611Z_metabolite318_paired_v1	metabolite318_paired_v1	paired_author_available	HMDB:HMDB00721	glycylproline	NA	author_paired_case	15	15	mean_paired_difference_author_scale	0.35301901497956034	-0.17239566838332737	0.9551082154501428	0.4777337208915726	0.568542609986665	paired_author_available	288.0	DONE	NA	CAMP_processed_original_author_pair_table	results/BRCA/04_ROBUSTNESS/20260921T112611Z_metabolite318_paired_v1/paired_metabolite318.tsv	5f78d08a696d5fac3d95c697b0eb05358cfa1868	EXACT_COLUMN_COPY_NO_RECALCULATION
BRCA	CAMP_BRCA1_Terunuma	04_ROBUSTNESS	20260921T112611Z_metabolite318_paired_v1	metabolite318_paired_v1	paired_processed	HMDB:HMDB28854	glycylvaline	NA	author_paired_case	45	45	mean_paired_difference_author_scale	0.21379984061579743	-0.12213136057323583	0.542359332599166	0.279625921636786	0.36146765479877213	paired_processed	318.0	DONE	NA	CAMP_processed_original_author_pair_table	results/BRCA/04_ROBUSTNESS/20260921T112611Z_metabolite318_paired_v1/paired_metabolite318.tsv	5f78d08a696d5fac3d95c697b0eb05358cfa1868	EXACT_COLUMN_COPY_NO_RECALCULATION
BRCA	CAMP_BRCA1_Terunuma	04_ROBUSTNESS	20260921T112611Z_metabolite318_paired_v1	metabolite318_paired_v1	paired_author_available	HMDB:HMDB28854	glycylvaline	NA	author_paired_case	9	9	mean_paired_difference_author_scale	-0.8549107063433559	-1.4490938422538229	-0.18378535262407966	0.04401098401295143	0.08681618764198638	paired_author_available	288.0	DONE	NA	CAMP_processed_original_author_pair_table	results/BRCA/04_ROBUSTNESS/20260921T112611Z_metabolite318_paired_v1/paired_metabolite318.tsv	5f78d08a696d5fac3d95c697b0eb05358cfa1868	EXACT_COLUMN_COPY_NO_RECALCULATION
BRCA	CAMP_BRCA1_Terunuma	04_ROBUSTNESS	20260921T112611Z_metabolite318_paired_v1	metabolite318_paired_v1	paired_processed	KEGG:C00242	guanine	NA	author_paired_case	45	45	mean_paired_difference_author_scale	1.4276585848915064	1.0774151696261687	1.7982002787796845	1.0581892738765685e-07	3.1736397629373487e-06	paired_processed	318.0	DONE	NA	CAMP_processed_original_author_pair_table	results/BRCA/04_ROBUSTNESS/20260921T112611Z_metabolite318_paired_v1/paired_metabolite318.tsv	5f78d08a696d5fac3d95c697b0eb05358cfa1868	EXACT_COLUMN_COPY_NO_RECALCULATION
BRCA	CAMP_BRCA1_Terunuma	04_ROBUSTNESS	20260921T112611Z_metabolite318_paired_v1	metabolite318_paired_v1	paired_author_available	KEGG:C00242	guanine	NA	author_paired_case	40	40	mean_paired_difference_author_scale	1.2612606279714071	0.996011687844793	1.509002530543782	1.530710707677167e-07	4.40844683811024e-06	paired_author_available	288.0	DONE	NA	CAMP_processed_original_author_pair_table	results/BRCA/04_ROBUSTNESS/20260921T112611Z_metabolite318_paired_v1/paired_metabolite318.tsv	5f78d08a696d5fac3d95c697b0eb05358cfa1868	EXACT_COLUMN_COPY_NO_RECALCULATION
BRCA	CAMP_BRCA1_Terunuma	04_ROBUSTNESS	20260921T112611Z_metabolite318_paired_v1	metabolite318_paired_v1	paired_processed	KEGG:C00387	guanosine	NA	author_paired_case	45	45	mean_paired_difference_author_scale	0.15081137780945322	-0.0795872424873179	0.3791513487728351	0.17200370740042004	0.24527882938714607	paired_processed	318.0	DONE	NA	CAMP_processed_original_author_pair_table	results/BRCA/04_ROBUSTNESS/20260921T112611Z_metabolite318_paired_v1/paired_metabolite318.tsv	5f78d08a696d5fac3d95c697b0eb05358cfa1868	EXACT_COLUMN_COPY_NO_RECALCULATION
BRCA	CAMP_BRCA1_Terunuma	04_ROBUSTNESS	20260921T112611Z_metabolite318_paired_v1	metabolite318_paired_v1	paired_author_available	KEGG:C00387	guanosine	NA	author_paired_case	45	45	mean_paired_difference_author_scale	0.15081137780945322	-0.07825196962340035	0.36828916589048777	0.17200370740042004	0.24164423283571204	paired_author_available	288.0	DONE	NA	CAMP_processed_original_author_pair_table	results/BRCA/04_ROBUSTNESS/20260921T112611Z_metabolite318_paired_v1/paired_metabolite318.tsv	5f78d08a696d5fac3d95c697b0eb05358cfa1868	EXACT_COLUMN_COPY_NO_RECALCULATION
BRCA	CAMP_BRCA1_Terunuma	04_ROBUSTNESS	20260921T112611Z_metabolite318_paired_v1	metabolite318_paired_v1	paired_processed	KEGG:C00032	heme	NA	author_paired_case	45	45	mean_paired_difference_author_scale	-0.23105665846246412	-0.9239574479199162	0.42508585812474037	0.5634838766259438	0.651592264607455	paired_processed	318.0	DONE	NA	CAMP_processed_original_author_pair_table	results/BRCA/04_ROBUSTNESS/20260921T112611Z_metabolite318_paired_v1/paired_metabolite318.tsv	5f78d08a696d5fac3d95c697b0eb05358cfa1868	EXACT_COLUMN_COPY_NO_RECALCULATION
BRCA	CAMP_BRCA1_Terunuma	04_ROBUSTNESS	20260921T112611Z_metabolite318_paired_v1	metabolite318_paired_v1	paired_author_available	KEGG:C00032	heme	NA	author_paired_case	40	40	mean_paired_difference_author_scale	0.09243679321273031	-0.6006223783640517	0.7468631538412787	0.7116539652776572	0.7822761145036843	paired_author_available	288.0	DONE	NA	CAMP_processed_original_author_pair_table	results/BRCA/04_ROBUSTNESS/20260921T112611Z_metabolite318_paired_v1/paired_metabolite318.tsv	5f78d08a696d5fac3d95c697b0eb05358cfa1868	EXACT_COLUMN_COPY_NO_RECALCULATION
BRCA	CAMP_BRCA1_Terunuma	04_ROBUSTNESS	20260921T112611Z_metabolite318_paired_v1	metabolite318_paired_v1	paired_processed	KEGG:C01586	hippurate	NA	author_paired_case	45	45	mean_paired_difference_author_scale	-0.20376267132925127	-0.5838129519968926	0.17805919218085953	0.29830478851498177	0.38192999086133705	paired_processed	318.0	DONE	NA	CAMP_processed_original_author_pair_table	results/BRCA/04_ROBUSTNESS/20260921T112611Z_metabolite318_paired_v1/paired_metabolite318.tsv	5f78d08a696d5fac3d95c697b0eb05358cfa1868	EXACT_COLUMN_COPY_NO_RECALCULATION
BRCA	CAMP_BRCA1_Terunuma	04_ROBUSTNESS	20260921T112611Z_metabolite318_paired_v1	metabolite318_paired_v1	paired_author_available	KEGG:C01586	hippurate	NA	author_paired_case	22	22	mean_paired_difference_author_scale	-0.6156286241378456	-0.957867997043073	-0.2546978535807223	0.005237592254374915	0.019094007205822473	paired_author_available	288.0	DONE	NA	CAMP_processed_original_author_pair_table	results/BRCA/04_ROBUSTNESS/20260921T112611Z_metabolite318_paired_v1/paired_metabolite318.tsv	5f78d08a696d5fac3d95c697b0eb05358cfa1868	EXACT_COLUMN_COPY_NO_RECALCULATION
BRCA	CAMP_BRCA1_Terunuma	04_ROBUSTNESS	20260921T112611Z_metabolite318_paired_v1	metabolite318_paired_v1	paired_processed	KEGG:C00388	histamine	NA	author_paired_case	45	45	mean_paired_difference_author_scale	-0.5695307588954337	-1.2062789696320702	0.030680848374534244	0.10602478378507958	0.16127358440037454	paired_processed	318.0	DONE	NA	CAMP_processed_original_author_pair_table	results/BRCA/04_ROBUSTNESS/20260921T112611Z_metabolite318_paired_v1/paired_metabolite318.tsv	5f78d08a696d5fac3d95c697b0eb05358cfa1868	EXACT_COLUMN_COPY_NO_RECALCULATION
BRCA	CAMP_BRCA1_Terunuma	04_ROBUSTNESS	20260921T112611Z_metabolite318_paired_v1	metabolite318_paired_v1	paired_author_available	KEGG:C00388	histamine	NA	author_paired_case	40	40	mean_paired_difference_author_scale	-0.2041294770274404	-0.7775511012638193	0.3487291371429517	0.4556722472933422	0.5490945908806801	paired_author_available	288.0	DONE	NA	CAMP_processed_original_author_pair_table	results/BRCA/04_ROBUSTNESS/20260921T112611Z_metabolite318_paired_v1/paired_metabolite318.tsv	5f78d08a696d5fac3d95c697b0eb05358cfa1868	EXACT_COLUMN_COPY_NO_RECALCULATION
BRCA	CAMP_BRCA1_Terunuma	04_ROBUSTNESS	20260921T112611Z_metabolite318_paired_v1	metabolite318_paired_v1	paired_processed	KEGG:C00135	histidine	NA	author_paired_case	45	45	mean_paired_difference_author_scale	-0.823310335496907	-1.1569777891402844	-0.5018376436136325	9.852117208013238e-05	0.0003867868237220012	paired_processed	318.0	DONE	NA	CAMP_processed_original_author_pair_table	results/BRCA/04_ROBUSTNESS/20260921T112611Z_metabolite318_paired_v1/paired_metabolite318.tsv	5f78d08a696d5fac3d95c697b0eb05358cfa1868	EXACT_COLUMN_COPY_NO_RECALCULATION
BRCA	CAMP_BRCA1_Terunuma	04_ROBUSTNESS	20260921T112611Z_metabolite318_paired_v1	metabolite318_paired_v1	paired_author_available	KEGG:C00135	histidine	NA	author_paired_case	45	45	mean_paired_difference_author_scale	-0.823310335496907	-1.140092961196079	-0.5002309224890485	9.852117208013238e-05	0.0006920511599775153	paired_author_available	288.0	DONE	NA	CAMP_processed_original_author_pair_table	results/BRCA/04_ROBUSTNESS/20260921T112611Z_metabolite318_paired_v1/paired_metabolite318.tsv	5f78d08a696d5fac3d95c697b0eb05358cfa1868	EXACT_COLUMN_COPY_NO_RECALCULATION
BRCA	CAMP_BRCA1_Terunuma	04_ROBUSTNESS	20260921T112611Z_metabolite318_paired_v1	metabolite318_paired_v1	paired_processed	NAME:beta-hydroxyisovaleroylcarnitine	beta-hydroxyisovaleroylcarnitine	NA	author_paired_case	45	45	mean_paired_difference_author_scale	0.2379456705772976	-0.056304464631098346	0.5305890832877109	0.10527635271441123	0.1609513469383787	paired_processed	318.0	DONE	NA	CAMP_processed_original_author_pair_table	results/BRCA/04_ROBUSTNESS/20260921T112611Z_metabolite318_paired_v1/paired_metabolite318.tsv	5f78d08a696d5fac3d95c697b0eb05358cfa1868	EXACT_COLUMN_COPY_NO_RECALCULATION
BRCA	CAMP_BRCA1_Terunuma	04_ROBUSTNESS	20260921T112611Z_metabolite318_paired_v1	metabolite318_paired_v1	paired_author_available	NAME:beta-hydroxyisovaleroylcarnitine	beta-hydroxyisovaleroylcarnitine	NA	author_paired_case	25	25	mean_paired_difference_author_scale	-0.12682427838584387	-0.5124419649221721	0.27108644402285426	0.6865041817875919	0.7662398417177653	paired_author_available	288.0	DONE	NA	CAMP_processed_original_author_pair_table	results/BRCA/04_ROBUSTNESS/20260921T112611Z_metabolite318_paired_v1/paired_metabolite318.tsv	5f78d08a696d5fac3d95c697b0eb05358cfa1868	EXACT_COLUMN_COPY_NO_RECALCULATION
BRCA	CAMP_BRCA1_Terunuma	04_ROBUSTNESS	20260921T112611Z_metabolite318_paired_v1	metabolite318_paired_v1	paired_processed	KEGG:C00262	hypoxanthine	NA	author_paired_case	45	45	mean_paired_difference_author_scale	0.41375973188864223	0.26433132032122175	0.5625078882998593	1.1891369039881607e-05	7.134821423928965e-05	paired_processed	318.0	DONE	NA	CAMP_processed_original_author_pair_table	results/BRCA/04_ROBUSTNESS/20260921T112611Z_metabolite318_paired_v1/paired_metabolite318.tsv	5f78d08a696d5fac3d95c697b0eb05358cfa1868	EXACT_COLUMN_COPY_NO_RECALCULATION
BRCA	CAMP_BRCA1_Terunuma	04_ROBUSTNESS	20260921T112611Z_metabolite318_paired_v1	metabolite318_paired_v1	paired_author_available	KEGG:C00262	hypoxanthine	NA	author_paired_case	45	45	mean_paired_difference_author_scale	0.41375973188864223	0.26561407808588744	0.5642145180306137	1.1891369039881607e-05	0.00013698857133943613	paired_author_available	288.0	DONE	NA	CAMP_processed_original_author_pair_table	results/BRCA/04_ROBUSTNESS/20260921T112611Z_metabolite318_paired_v1/paired_metabolite318.tsv	5f78d08a696d5fac3d95c697b0eb05358cfa1868	EXACT_COLUMN_COPY_NO_RECALCULATION
BRCA	CAMP_BRCA1_Terunuma	04_ROBUSTNESS	20260921T112611Z_metabolite318_paired_v1	metabolite318_paired_v1	paired_processed	KEGG:C00294	inosine	NA	author_paired_case	45	45	mean_paired_difference_author_scale	-0.3641681754942046	-0.6301695506587517	-0.09448274421510554	0.010065767310799537	0.019881453446175482	paired_processed	318.0	DONE	NA	CAMP_processed_original_author_pair_table	results/BRCA/04_ROBUSTNESS/20260921T112611Z_metabolite318_paired_v1/paired_metabolite318.tsv	5f78d08a696d5fac3d95c697b0eb05358cfa1868	EXACT_COLUMN_COPY_NO_RECALCULATION
BRCA	CAMP_BRCA1_Terunuma	04_ROBUSTNESS	20260921T112611Z_metabolite318_paired_v1	metabolite318_paired_v1	paired_author_available	KEGG:C00294	inosine	NA	author_paired_case	45	45	mean_paired_difference_author_scale	-0.3641681754942046	-0.6323450924932777	-0.09234361304229423	0.010065767310799537	0.03051516826852912	paired_author_available	288.0	DONE	NA	CAMP_processed_original_author_pair_table	results/BRCA/04_ROBUSTNESS/20260921T112611Z_metabolite318_paired_v1/paired_metabolite318.tsv	5f78d08a696d5fac3d95c697b0eb05358cfa1868	EXACT_COLUMN_COPY_NO_RECALCULATION
BRCA	CAMP_BRCA1_Terunuma	04_ROBUSTNESS	20260921T112611Z_metabolite318_paired_v1	metabolite318_paired_v1	paired_processed	KEGG:C04006	inositol 1-phosphate (I1P)	NA	author_paired_case	45	45	mean_paired_difference_author_scale	1.7654098166433	1.1546521650607022	2.3891980370423394	5.7912731740671666e-06	4.092499709674131e-05	paired_processed	318.0	DONE	NA	CAMP_processed_original_author_pair_table	results/BRCA/04_ROBUSTNESS/20260921T112611Z_metabolite318_paired_v1/paired_metabolite318.tsv	5f78d08a696d5fac3d95c697b0eb05358cfa1868	EXACT_COLUMN_COPY_NO_RECALCULATION
BRCA	CAMP_BRCA1_Terunuma	04_ROBUSTNESS	20260921T112611Z_metabolite318_paired_v1	metabolite318_paired_v1	paired_author_available	KEGG:C04006	inositol 1-phosphate (I1P)	NA	author_paired_case	22	22	mean_paired_difference_author_scale	1.3904684787509227	0.9614868104899854	1.8277347360974747	5.6796266112902056e-05	0.000419418580526046	paired_author_available	288.0	DONE	NA	CAMP_processed_original_author_pair_table	results/BRCA/04_ROBUSTNESS/20260921T112611Z_metabolite318_paired_v1/paired_metabolite318.tsv	5f78d08a696d5fac3d95c697b0eb05358cfa1868	EXACT_COLUMN_COPY_NO_RECALCULATION
BRCA	CAMP_BRCA1_Terunuma	04_ROBUSTNESS	20260921T112611Z_metabolite318_paired_v1	metabolite318_paired_v1	paired_processed	HMDB:HMDB00736	isobutyrylcarnitine	NA	author_paired_case	45	45	mean_paired_difference_author_scale	-0.5813034948723179	-1.0839960056637885	-0.10444766008777978	0.027973906721008322	0.05025820529537089	paired_processed	318.0	DONE	NA	CAMP_processed_original_author_pair_table	results/BRCA/04_ROBUSTNESS/20260921T112611Z_metabolite318_paired_v1/paired_metabolite318.tsv	5f78d08a696d5fac3d95c697b0eb05358cfa1868	EXACT_COLUMN_COPY_NO_RECALCULATION
BRCA	CAMP_BRCA1_Terunuma	04_ROBUSTNESS	20260921T112611Z_metabolite318_paired_v1	metabolite318_paired_v1	paired_author_available	HMDB:HMDB00736	isobutyrylcarnitine	NA	author_paired_case	27	27	mean_paired_difference_author_scale	-0.4583538942446225	-0.8572958686441665	-0.04800590763218313	0.02968543372654572	0.06428123994921178	paired_author_available	288.0	DONE	NA	CAMP_processed_original_author_pair_table	results/BRCA/04_ROBUSTNESS/20260921T112611Z_metabolite318_paired_v1/paired_metabolite318.tsv	5f78d08a696d5fac3d95c697b0eb05358cfa1868	EXACT_COLUMN_COPY_NO_RECALCULATION
BRCA	CAMP_BRCA1_Terunuma	04_ROBUSTNESS	20260921T112611Z_metabolite318_paired_v1	metabolite318_paired_v1	paired_processed	KEGG:C00407	isoleucine	NA	author_paired_case	45	45	mean_paired_difference_author_scale	-0.3302736182978377	-0.6200697014115616	-0.04279963754025911	0.05644342215440482	0.09204619612872171	paired_processed	318.0	DONE	NA	CAMP_processed_original_author_pair_table	results/BRCA/04_ROBUSTNESS/20260921T112611Z_metabolite318_paired_v1/paired_metabolite318.tsv	5f78d08a696d5fac3d95c697b0eb05358cfa1868	EXACT_COLUMN_COPY_NO_RECALCULATION
BRCA	CAMP_BRCA1_Terunuma	04_ROBUSTNESS	20260921T112611Z_metabolite318_paired_v1	metabolite318_paired_v1	paired_author_available	KEGG:C00407	isoleucine	NA	author_paired_case	45	45	mean_paired_difference_author_scale	-0.3302736182978377	-0.6282979905825884	-0.04006631838816111	0.05644342215440482	0.10555652974330253	paired_author_available	288.0	DONE	NA	CAMP_processed_original_author_pair_table	results/BRCA/04_ROBUSTNESS/20260921T112611Z_metabolite318_paired_v1/paired_metabolite318.tsv	5f78d08a696d5fac3d95c697b0eb05358cfa1868	EXACT_COLUMN_COPY_NO_RECALCULATION
BRCA	CAMP_BRCA1_Terunuma	04_ROBUSTNESS	20260921T112611Z_metabolite318_paired_v1	metabolite318_paired_v1	paired_processed	KEGG:C20826	isovalerylcarnitine	NA	author_paired_case	45	45	mean_paired_difference_author_scale	-0.22791115128099576	-0.7803649990748348	0.32266656623111273	0.22043997082155609	0.2995722680395506	paired_processed	318.0	DONE	NA	CAMP_processed_original_author_pair_table	results/BRCA/04_ROBUSTNESS/20260921T112611Z_metabolite318_paired_v1/paired_metabolite318.tsv	5f78d08a696d5fac3d95c697b0eb05358cfa1868	EXACT_COLUMN_COPY_NO_RECALCULATION
BRCA	CAMP_BRCA1_Terunuma	04_ROBUSTNESS	20260921T112611Z_metabolite318_paired_v1	metabolite318_paired_v1	paired_author_available	KEGG:C20826	isovalerylcarnitine	NA	author_paired_case	27	27	mean_paired_difference_author_scale	-0.38426258173092986	-0.8759875970060037	0.14939163202762684	0.02968543372654572	0.06428123994921178	paired_author_available	288.0	DONE	NA	CAMP_processed_original_author_pair_table	results/BRCA/04_ROBUSTNESS/20260921T112611Z_metabolite318_paired_v1/paired_metabolite318.tsv	5f78d08a696d5fac3d95c697b0eb05358cfa1868	EXACT_COLUMN_COPY_NO_RECALCULATION
BRCA	CAMP_BRCA1_Terunuma	04_ROBUSTNESS	20260921T112611Z_metabolite318_paired_v1	metabolite318_paired_v1	paired_processed	KEGG:C00328	kynurenine	NA	author_paired_case	45	45	mean_paired_difference_author_scale	0.7623434365264733	0.39003436456605967	1.1700873853652498	0.0022213163590990067	0.005606179382487969	paired_processed	318.0	DONE	NA	CAMP_processed_original_author_pair_table	results/BRCA/04_ROBUSTNESS/20260921T112611Z_metabolite318_paired_v1/paired_metabolite318.tsv	5f78d08a696d5fac3d95c697b0eb05358cfa1868	EXACT_COLUMN_COPY_NO_RECALCULATION
BRCA	CAMP_BRCA1_Terunuma	04_ROBUSTNESS	20260921T112611Z_metabolite318_paired_v1	metabolite318_paired_v1	paired_author_available	KEGG:C00328	kynurenine	NA	author_paired_case	41	41	mean_paired_difference_author_scale	0.7322456664627317	0.29951603941498045	1.1894504819131262	0.013321881749604006	0.036210744591591806	paired_author_available	288.0	DONE	NA	CAMP_processed_original_author_pair_table	results/BRCA/04_ROBUSTNESS/20260921T112611Z_metabolite318_paired_v1/paired_metabolite318.tsv	5f78d08a696d5fac3d95c697b0eb05358cfa1868	EXACT_COLUMN_COPY_NO_RECALCULATION
BRCA	CAMP_BRCA1_Terunuma	04_ROBUSTNESS	20260921T112611Z_metabolite318_paired_v1	metabolite318_paired_v1	paired_processed	KEGG:C00186	lactate	NA	author_paired_case	45	45	mean_paired_difference_author_scale	0.9545376385183557	0.6974007581427826	1.2148974514486266	4.262982101768526e-07	7.13488583348627e-06	paired_processed	318.0	DONE	NA	CAMP_processed_original_author_pair_table	results/BRCA/04_ROBUSTNESS/20260921T112611Z_metabolite318_paired_v1/paired_metabolite318.tsv	5f78d08a696d5fac3d95c697b0eb05358cfa1868	EXACT_COLUMN_COPY_NO_RECALCULATION
BRCA	CAMP_BRCA1_Terunuma	04_ROBUSTNESS	20260921T112611Z_metabolite318_paired_v1	metabolite318_paired_v1	paired_author_available	KEGG:C00186	lactate	NA	author_paired_case	45	45	mean_paired_difference_author_scale	0.9545376385183557	0.6854854327783796	1.2183492918125027	4.262982101768526e-07	8.140547975898076e-06	paired_author_available	288.0	DONE	NA	CAMP_processed_original_author_pair_table	results/BRCA/04_ROBUSTNESS/20260921T112611Z_metabolite318_paired_v1/paired_metabolite318.tsv	5f78d08a696d5fac3d95c697b0eb05358cfa1868	EXACT_COLUMN_COPY_NO_RECALCULATION
BRCA	CAMP_BRCA1_Terunuma	04_ROBUSTNESS	20260921T112611Z_metabolite318_paired_v1	metabolite318_paired_v1	paired_processed	KEGG:C02679	laurate (12:0)	NA	author_paired_case	45	45	mean_paired_difference_author_scale	-0.8847318833918467	-1.0879416672634241	-0.6657612564931544	1.7308866394856606e-07	3.4401371959777503e-06	paired_processed	318.0	DONE	NA	CAMP_processed_original_author_pair_table	results/BRCA/04_ROBUSTNESS/20260921T112611Z_metabolite318_paired_v1/paired_metabolite318.tsv	5f78d08a696d5fac3d95c697b0eb05358cfa1868	EXACT_COLUMN_COPY_NO_RECALCULATION
BRCA	CAMP_BRCA1_Terunuma	04_ROBUSTNESS	20260921T112611Z_metabolite318_paired_v1	metabolite318_paired_v1	paired_author_available	KEGG:C02679	laurate (12:0)	NA	author_paired_case	45	45	mean_paired_difference_author_scale	-0.8847318833918467	-1.0885844740172395	-0.6788146502000304	1.7308866394856606e-07	4.531775928835184e-06	paired_author_available	288.0	DONE	NA	CAMP_processed_original_author_pair_table	results/BRCA/04_ROBUSTNESS/20260921T112611Z_metabolite318_paired_v1/paired_metabolite318.tsv	5f78d08a696d5fac3d95c697b0eb05358cfa1868	EXACT_COLUMN_COPY_NO_RECALCULATION
BRCA	CAMP_BRCA1_Terunuma	04_ROBUSTNESS	20260921T112611Z_metabolite318_paired_v1	metabolite318_paired_v1	paired_processed	HMDB:HMDB02250	laurylcarnitine	NA	author_paired_case	45	45	mean_paired_difference_author_scale	-0.11891276907330225	-0.4816637643863926	0.2294070053943058	0.6813644932706178	0.7576010799302673	paired_processed	318.0	DONE	NA	CAMP_processed_original_author_pair_table	results/BRCA/04_ROBUSTNESS/20260921T112611Z_metabolite318_paired_v1/paired_metabolite318.tsv	5f78d08a696d5fac3d95c697b0eb05358cfa1868	EXACT_COLUMN_COPY_NO_RECALCULATION
BRCA	CAMP_BRCA1_Terunuma	04_ROBUSTNESS	20260921T112611Z_metabolite318_paired_v1	metabolite318_paired_v1	paired_author_available	HMDB:HMDB02250	laurylcarnitine	NA	author_paired_case	8	8	mean_paired_difference_author_scale	-0.8316635498934375	-1.7745313023418625	0.039119719098034876	0.2936215439289058	0.37583557622899944	paired_author_available	288.0	DONE	NA	CAMP_processed_original_author_pair_table	results/BRCA/04_ROBUSTNESS/20260921T112611Z_metabolite318_paired_v1/paired_metabolite318.tsv	5f78d08a696d5fac3d95c697b0eb05358cfa1868	EXACT_COLUMN_COPY_NO_RECALCULATION
BRCA	CAMP_BRCA1_Terunuma	04_ROBUSTNESS	20260921T112611Z_metabolite318_paired_v1	metabolite318_paired_v1	paired_processed	KEGG:C00123	leucine	NA	author_paired_case	45	45	mean_paired_difference_author_scale	0.005053899969422007	-0.19564176899849386	0.18975288123085884	0.6516277353218143	0.7296395064518906	paired_processed	318.0	DONE	NA	CAMP_processed_original_author_pair_table	results/BRCA/04_ROBUSTNESS/20260921T112611Z_metabolite318_paired_v1/paired_metabolite318.tsv	5f78d08a696d5fac3d95c697b0eb05358cfa1868	EXACT_COLUMN_COPY_NO_RECALCULATION
BRCA	CAMP_BRCA1_Terunuma	04_ROBUSTNESS	20260921T112611Z_metabolite318_paired_v1	metabolite318_paired_v1	paired_author_available	KEGG:C00123	leucine	NA	author_paired_case	45	45	mean_paired_difference_author_scale	0.005053899969422007	-0.19800706771660812	0.19402669503318065	0.6516277353218143	0.7388534951680414	paired_author_available	288.0	DONE	NA	CAMP_processed_original_author_pair_table	results/BRCA/04_ROBUSTNESS/20260921T112611Z_metabolite318_paired_v1/paired_metabolite318.tsv	5f78d08a696d5fac3d95c697b0eb05358cfa1868	EXACT_COLUMN_COPY_NO_RECALCULATION
BRCA	CAMP_BRCA1_Terunuma	04_ROBUSTNESS	20260921T112611Z_metabolite318_paired_v1	metabolite318_paired_v1	paired_processed	KEGG:C01595	linoleate (18:2n6)	NA	author_paired_case	45	45	mean_paired_difference_author_scale	-0.04872631669628002	-0.2893426914125997	0.1729823388892822	0.8038820777498036	0.8695051045048896	paired_processed	318.0	DONE	NA	CAMP_processed_original_author_pair_table	results/BRCA/04_ROBUSTNESS/20260921T112611Z_metabolite318_paired_v1/paired_metabolite318.tsv	5f78d08a696d5fac3d95c697b0eb05358cfa1868	EXACT_COLUMN_COPY_NO_RECALCULATION
BRCA	CAMP_BRCA1_Terunuma	04_ROBUSTNESS	20260921T112611Z_metabolite318_paired_v1	metabolite318_paired_v1	paired_author_available	KEGG:C01595	linoleate (18:2n6)	NA	author_paired_case	45	45	mean_paired_difference_author_scale	-0.04872631669628002	-0.30327874223308154	0.17258891857293998	0.8038820777498036	0.8638732775818785	paired_author_available	288.0	DONE	NA	CAMP_processed_original_author_pair_table	results/BRCA/04_ROBUSTNESS/20260921T112611Z_metabolite318_paired_v1/paired_metabolite318.tsv	5f78d08a696d5fac3d95c697b0eb05358cfa1868	EXACT_COLUMN_COPY_NO_RECALCULATION
BRCA	CAMP_BRCA1_Terunuma	04_ROBUSTNESS	20260921T112611Z_metabolite318_paired_v1	metabolite318_paired_v1	paired_processed	KEGG:C06427	linolenate [alpha or gamma; (18:3n3 or 6)]	NA	author_paired_case	45	45	mean_paired_difference_author_scale	0.14334453350812865	-0.20054946522882114	0.45923097518852524	0.10650142366062469	0.16127358440037454	paired_processed	318.0	DONE	NA	CAMP_processed_original_author_pair_table	results/BRCA/04_ROBUSTNESS/20260921T112611Z_metabolite318_paired_v1/paired_metabolite318.tsv	5f78d08a696d5fac3d95c697b0eb05358cfa1868	EXACT_COLUMN_COPY_NO_RECALCULATION
BRCA	CAMP_BRCA1_Terunuma	04_ROBUSTNESS	20260921T112611Z_metabolite318_paired_v1	metabolite318_paired_v1	paired_author_available	KEGG:C06427	linolenate [alpha or gamma; (18:3n3 or 6)]	NA	author_paired_case	45	45	mean_paired_difference_author_scale	0.14334453350812865	-0.1924258527199886	0.46861052152088517	0.10650142366062469	0.16946082880806582	paired_author_available	288.0	DONE	NA	CAMP_processed_original_author_pair_table	results/BRCA/04_ROBUSTNESS/20260921T112611Z_metabolite318_paired_v1/paired_metabolite318.tsv	5f78d08a696d5fac3d95c697b0eb05358cfa1868	EXACT_COLUMN_COPY_NO_RECALCULATION
BRCA	CAMP_BRCA1_Terunuma	04_ROBUSTNESS	20260921T112611Z_metabolite318_paired_v1	metabolite318_paired_v1	paired_processed	KEGG:C00047	lysine	NA	author_paired_case	45	45	mean_paired_difference_author_scale	-0.38332023226362205	-0.5637193038062157	-0.21821237396321308	0.00014243286906029083	0.0005392101471568153	paired_processed	318.0	DONE	NA	CAMP_processed_original_author_pair_table	results/BRCA/04_ROBUSTNESS/20260921T112611Z_metabolite318_paired_v1/paired_metabolite318.tsv	5f78d08a696d5fac3d95c697b0eb05358cfa1868	EXACT_COLUMN_COPY_NO_RECALCULATION
BRCA	CAMP_BRCA1_Terunuma	04_ROBUSTNESS	20260921T112611Z_metabolite318_paired_v1	metabolite318_paired_v1	paired_author_available	KEGG:C00047	lysine	NA	author_paired_case	45	45	mean_paired_difference_author_scale	-0.38332023226362205	-0.5661838908531887	-0.21697683268288379	0.00014243286906029083	0.0009766825306991372	paired_author_available	288.0	DONE	NA	CAMP_processed_original_author_pair_table	results/BRCA/04_ROBUSTNESS/20260921T112611Z_metabolite318_paired_v1/paired_metabolite318.tsv	5f78d08a696d5fac3d95c697b0eb05358cfa1868	EXACT_COLUMN_COPY_NO_RECALCULATION
BRCA	CAMP_BRCA1_Terunuma	04_ROBUSTNESS	20260921T112611Z_metabolite318_paired_v1	metabolite318_paired_v1	paired_processed	KEGG:C00149	malate	NA	author_paired_case	45	45	mean_paired_difference_author_scale	1.1511267734589887	0.7809738839883091	1.5306517698853574	2.5150104269598844e-06	2.5799139218491717e-05	paired_processed	318.0	DONE	NA	CAMP_processed_original_author_pair_table	results/BRCA/04_ROBUSTNESS/20260921T112611Z_metabolite318_paired_v1/paired_metabolite318.tsv	5f78d08a696d5fac3d95c697b0eb05358cfa1868	EXACT_COLUMN_COPY_NO_RECALCULATION
BRCA	CAMP_BRCA1_Terunuma	04_ROBUSTNESS	20260921T112611Z_metabolite318_paired_v1	metabolite318_paired_v1	paired_author_available	KEGG:C00149	malate	NA	author_paired_case	41	41	mean_paired_difference_author_scale	0.9587898219742923	0.5983732228560034	1.312065086651888	1.900606019512789e-05	0.00017657243019989782	paired_author_available	288.0	DONE	NA	CAMP_processed_original_author_pair_table	results/BRCA/04_ROBUSTNESS/20260921T112611Z_metabolite318_paired_v1/paired_metabolite318.tsv	5f78d08a696d5fac3d95c697b0eb05358cfa1868	EXACT_COLUMN_COPY_NO_RECALCULATION
BRCA	CAMP_BRCA1_Terunuma	04_ROBUSTNESS	20260921T112611Z_metabolite318_paired_v1	metabolite318_paired_v1	paired_processed	KEGG:C00383	malonate	NA	author_paired_case	45	45	mean_paired_difference_author_scale	-0.2343849198714777	-0.7130318201300094	0.2378135058320771	0.39905961289822245	0.4880806034678259	paired_processed	318.0	DONE	NA	CAMP_processed_original_author_pair_table	results/BRCA/04_ROBUSTNESS/20260921T112611Z_metabolite318_paired_v1/paired_metabolite318.tsv	5f78d08a696d5fac3d95c697b0eb05358cfa1868	EXACT_COLUMN_COPY_NO_RECALCULATION
BRCA	CAMP_BRCA1_Terunuma	04_ROBUSTNESS	20260921T112611Z_metabolite318_paired_v1	metabolite318_paired_v1	paired_author_available	KEGG:C00383	malonate	NA	author_paired_case	12	12	mean_paired_difference_author_scale	-0.9542865172933332	-1.5486895183788598	-0.34530249690137294	0.025369859822053694	0.05763606699189301	paired_author_available	288.0	DONE	NA	CAMP_processed_original_author_pair_table	results/BRCA/04_ROBUSTNESS/20260921T112611Z_metabolite318_paired_v1/paired_metabolite318.tsv	5f78d08a696d5fac3d95c697b0eb05358cfa1868	EXACT_COLUMN_COPY_NO_RECALCULATION
BRCA	CAMP_BRCA1_Terunuma	04_ROBUSTNESS	20260921T112611Z_metabolite318_paired_v1	metabolite318_paired_v1	paired_processed	KEGG:C00208	maltose	NA	author_paired_case	45	45	mean_paired_difference_author_scale	1.0323778752710555	0.520133452293683	1.5412571637373138	0.0003237106382063567	0.0010835787678907518	paired_processed	318.0	DONE	NA	CAMP_processed_original_author_pair_table	results/BRCA/04_ROBUSTNESS/20260921T112611Z_metabolite318_paired_v1/paired_metabolite318.tsv	5f78d08a696d5fac3d95c697b0eb05358cfa1868	EXACT_COLUMN_COPY_NO_RECALCULATION
BRCA	CAMP_BRCA1_Terunuma	04_ROBUSTNESS	20260921T112611Z_metabolite318_paired_v1	metabolite318_paired_v1	paired_author_available	KEGG:C00208	maltose	NA	author_paired_case	31	31	mean_paired_difference_author_scale	0.8996938917736936	0.4147388226915888	1.4353028113651278	0.0016594752123612424	0.007708530018710287	paired_author_available	288.0	DONE	NA	CAMP_processed_original_author_pair_table	results/BRCA/04_ROBUSTNESS/20260921T112611Z_metabolite318_paired_v1/paired_metabolite318.tsv	5f78d08a696d5fac3d95c697b0eb05358cfa1868	EXACT_COLUMN_COPY_NO_RECALCULATION
BRCA	CAMP_BRCA1_Terunuma	04_ROBUSTNESS	20260921T112611Z_metabolite318_paired_v1	metabolite318_paired_v1	paired_processed	KEGG:C01835	maltotriose	NA	author_paired_case	45	45	mean_paired_difference_author_scale	1.3698089863720868	0.7165953193969918	2.0226165108666954	0.00033033791711405965	0.0010942443504403227	paired_processed	318.0	DONE	NA	CAMP_processed_original_author_pair_table	results/BRCA/04_ROBUSTNESS/20260921T112611Z_metabolite318_paired_v1/paired_metabolite318.tsv	5f78d08a696d5fac3d95c697b0eb05358cfa1868	EXACT_COLUMN_COPY_NO_RECALCULATION
BRCA	CAMP_BRCA1_Terunuma	04_ROBUSTNESS	20260921T112611Z_metabolite318_paired_v1	metabolite318_paired_v1	paired_author_available	KEGG:C01835	maltotriose	NA	author_paired_case	10	10	mean_paired_difference_author_scale	0.6491969135247897	-0.5586718199892107	1.9880905042685784	0.5408179042426178	0.628046598475298	paired_author_available	288.0	DONE	NA	CAMP_processed_original_author_pair_table	results/BRCA/04_ROBUSTNESS/20260921T112611Z_metabolite318_paired_v1/paired_metabolite318.tsv	5f78d08a696d5fac3d95c697b0eb05358cfa1868	EXACT_COLUMN_COPY_NO_RECALCULATION
BRCA	CAMP_BRCA1_Terunuma	04_ROBUSTNESS	20260921T112611Z_metabolite318_paired_v1	metabolite318_paired_v1	paired_processed	KEGG:C00392	mannitol	NA	author_paired_case	45	45	mean_paired_difference_author_scale	0.4992497516746219	0.1645580833537498	0.8501954842507983	0.0065757661142712386	0.013757194896962196	paired_processed	318.0	DONE	NA	CAMP_processed_original_author_pair_table	results/BRCA/04_ROBUSTNESS/20260921T112611Z_metabolite318_paired_v1/paired_metabolite318.tsv	5f78d08a696d5fac3d95c697b0eb05358cfa1868	EXACT_COLUMN_COPY_NO_RECALCULATION
BRCA	CAMP_BRCA1_Terunuma	04_ROBUSTNESS	20260921T112611Z_metabolite318_paired_v1	metabolite318_paired_v1	paired_author_available	KEGG:C00392	mannitol	NA	author_paired_case	10	10	mean_paired_difference_author_scale	-0.08554033685241044	-0.6950286454336077	0.4274474955407934	0.8384637819224636	0.884533220489632	paired_author_available	288.0	DONE	NA	CAMP_processed_original_author_pair_table	results/BRCA/04_ROBUSTNESS/20260921T112611Z_metabolite318_paired_v1/paired_metabolite318.tsv	5f78d08a696d5fac3d95c697b0eb05358cfa1868	EXACT_COLUMN_COPY_NO_RECALCULATION
BRCA	CAMP_BRCA1_Terunuma	04_ROBUSTNESS	20260921T112611Z_metabolite318_paired_v1	metabolite318_paired_v1	paired_processed	KEGG:C00159	mannose	NA	author_paired_case	45	45	mean_paired_difference_author_scale	0.1585324435866887	-0.11181922994596381	0.42815212681674675	0.2785399898915807	0.36146765479877213	paired_processed	318.0	DONE	NA	CAMP_processed_original_author_pair_table	results/BRCA/04_ROBUSTNESS/20260921T112611Z_metabolite318_paired_v1/paired_metabolite318.tsv	5f78d08a696d5fac3d95c697b0eb05358cfa1868	EXACT_COLUMN_COPY_NO_RECALCULATION
BRCA	CAMP_BRCA1_Terunuma	04_ROBUSTNESS	20260921T112611Z_metabolite318_paired_v1	metabolite318_paired_v1	paired_author_available	KEGG:C00159	mannose	NA	author_paired_case	44	44	mean_paired_difference_author_scale	0.1994852613730725	-0.05485050101561412	0.4657934229296685	0.1739636830276723	0.24321136267946417	paired_author_available	288.0	DONE	NA	CAMP_processed_original_author_pair_table	results/BRCA/04_ROBUSTNESS/20260921T112611Z_metabolite318_paired_v1/paired_metabolite318.tsv	5f78d08a696d5fac3d95c697b0eb05358cfa1868	EXACT_COLUMN_COPY_NO_RECALCULATION
BRCA	CAMP_BRCA1_Terunuma	04_ROBUSTNESS	20260921T112611Z_metabolite318_paired_v1	metabolite318_paired_v1	paired_processed	KEGG:C00275	mannose 6-phosphate	NA	author_paired_case	45	45	mean_paired_difference_author_scale	1.7606091619711401	1.1635684741040617	2.344417518700548	1.187200117025198e-05	7.134821423928965e-05	paired_processed	318.0	DONE	NA	CAMP_processed_original_author_pair_table	results/BRCA/04_ROBUSTNESS/20260921T112611Z_metabolite318_paired_v1/paired_metabolite318.tsv	5f78d08a696d5fac3d95c697b0eb05358cfa1868	EXACT_COLUMN_COPY_NO_RECALCULATION
BRCA	CAMP_BRCA1_Terunuma	04_ROBUSTNESS	20260921T112611Z_metabolite318_paired_v1	metabolite318_paired_v1	paired_author_available	KEGG:C00275	mannose 6-phosphate	NA	author_paired_case	16	16	mean_paired_difference_author_scale	1.4782736677137378	0.6513519325261968	2.2954734084303006	0.00902006196943346	0.028547009309855348	paired_author_available	288.0	DONE	NA	CAMP_processed_original_author_pair_table	results/BRCA/04_ROBUSTNESS/20260921T112611Z_metabolite318_paired_v1/paired_metabolite318.tsv	5f78d08a696d5fac3d95c697b0eb05358cfa1868	EXACT_COLUMN_COPY_NO_RECALCULATION
BRCA	CAMP_BRCA1_Terunuma	04_ROBUSTNESS	20260921T112611Z_metabolite318_paired_v1	metabolite318_paired_v1	paired_processed	HMDB:HMDB02259	margarate (17:0)	NA	author_paired_case	45	45	mean_paired_difference_author_scale	-0.05045028903501318	-0.24890788795544713	0.1610913961089948	0.5879545821276562	0.6753590791436875	paired_processed	318.0	DONE	NA	CAMP_processed_original_author_pair_table	results/BRCA/04_ROBUSTNESS/20260921T112611Z_metabolite318_paired_v1/paired_metabolite318.tsv	5f78d08a696d5fac3d95c697b0eb05358cfa1868	EXACT_COLUMN_COPY_NO_RECALCULATION
BRCA	CAMP_BRCA1_Terunuma	04_ROBUSTNESS	20260921T112611Z_metabolite318_paired_v1	metabolite318_paired_v1	paired_author_available	HMDB:HMDB02259	margarate (17:0)	NA	author_paired_case	42	42	mean_paired_difference_author_scale	0.0037328950962667307	-0.18203146247980018	0.19786683084968487	0.8025306834126431	0.8638732775818785	paired_author_available	288.0	DONE	NA	CAMP_processed_original_author_pair_table	results/BRCA/04_ROBUSTNESS/20260921T112611Z_metabolite318_paired_v1/paired_metabolite318.tsv	5f78d08a696d5fac3d95c697b0eb05358cfa1868	EXACT_COLUMN_COPY_NO_RECALCULATION
BRCA	CAMP_BRCA1_Terunuma	04_ROBUSTNESS	20260921T112611Z_metabolite318_paired_v1	metabolite318_paired_v1	paired_processed	KEGG:C00073	methionine	NA	author_paired_case	45	45	mean_paired_difference_author_scale	-0.23383400315586672	-0.46622927376489265	0.003384450526795308	0.11148702431828582	0.16723053647742875	paired_processed	318.0	DONE	NA	CAMP_processed_original_author_pair_table	results/BRCA/04_ROBUSTNESS/20260921T112611Z_metabolite318_paired_v1/paired_metabolite318.tsv	5f78d08a696d5fac3d95c697b0eb05358cfa1868	EXACT_COLUMN_COPY_NO_RECALCULATION
BRCA	CAMP_BRCA1_Terunuma	04_ROBUSTNESS	20260921T112611Z_metabolite318_paired_v1	metabolite318_paired_v1	paired_author_available	KEGG:C00073	methionine	NA	author_paired_case	45	45	mean_paired_difference_author_scale	-0.23383400315586672	-0.462940903431275	-0.0033683638918132336	0.11148702431828582	0.17450142936775173	paired_author_available	288.0	DONE	NA	CAMP_processed_original_author_pair_table	results/BRCA/04_ROBUSTNESS/20260921T112611Z_metabolite318_paired_v1/paired_metabolite318.tsv	5f78d08a696d5fac3d95c697b0eb05358cfa1868	EXACT_COLUMN_COPY_NO_RECALCULATION
BRCA	CAMP_BRCA1_Terunuma	04_ROBUSTNESS	20260921T112611Z_metabolite318_paired_v1	metabolite318_paired_v1	paired_processed	KEGG:C02989	methionine sulfoxide	NA	author_paired_case	45	45	mean_paired_difference_author_scale	-1.767994241419385	-2.2264436328751627	-1.3288522179895637	8.249395177050032e-08	3.1736397629373487e-06	paired_processed	318.0	DONE	NA	CAMP_processed_original_author_pair_table	results/BRCA/04_ROBUSTNESS/20260921T112611Z_metabolite318_paired_v1/paired_metabolite318.tsv	5f78d08a696d5fac3d95c697b0eb05358cfa1868	EXACT_COLUMN_COPY_NO_RECALCULATION
BRCA	CAMP_BRCA1_Terunuma	04_ROBUSTNESS	20260921T112611Z_metabolite318_paired_v1	metabolite318_paired_v1	paired_author_available	KEGG:C02989	methionine sulfoxide	NA	author_paired_case	45	45	mean_paired_difference_author_scale	-1.767994241419385	-2.2146178600578104	-1.3077725430123297	8.249395177050032e-08	4.311359677952625e-06	paired_author_available	288.0	DONE	NA	CAMP_processed_original_author_pair_table	results/BRCA/04_ROBUSTNESS/20260921T112611Z_metabolite318_paired_v1/paired_metabolite318.tsv	5f78d08a696d5fac3d95c697b0eb05358cfa1868	EXACT_COLUMN_COPY_NO_RECALCULATION
BRCA	CAMP_BRCA1_Terunuma	04_ROBUSTNESS	20260921T112611Z_metabolite318_paired_v1	metabolite318_paired_v1	paired_processed	HMDB:HMDB61711	methylphosphate	NA	author_paired_case	45	45	mean_paired_difference_author_scale	-0.24814142939542663	-0.6897629672252793	0.22135461038081172	0.36652370042804183	0.46068986852220273	paired_processed	318.0	DONE	NA	CAMP_processed_original_author_pair_table	results/BRCA/04_ROBUSTNESS/20260921T112611Z_metabolite318_paired_v1/paired_metabolite318.tsv	5f78d08a696d5fac3d95c697b0eb05358cfa1868	EXACT_COLUMN_COPY_NO_RECALCULATION
BRCA	CAMP_BRCA1_Terunuma	04_ROBUSTNESS	20260921T112611Z_metabolite318_paired_v1	metabolite318_paired_v1	paired_author_available	HMDB:HMDB61711	methylphosphate	NA	author_paired_case	34	34	mean_paired_difference_author_scale	-0.26313395776490306	-0.5863624388433427	0.04476550552582374	0.16094085758851384	0.2312322469493247	paired_author_available	288.0	DONE	NA	CAMP_processed_original_author_pair_table	results/BRCA/04_ROBUSTNESS/20260921T112611Z_metabolite318_paired_v1/paired_metabolite318.tsv	5f78d08a696d5fac3d95c697b0eb05358cfa1868	EXACT_COLUMN_COPY_NO_RECALCULATION
BRCA	CAMP_BRCA1_Terunuma	04_ROBUSTNESS	20260921T112611Z_metabolite318_paired_v1	metabolite318_paired_v1	paired_processed	KEGG:C00137	myo-inositol	NA	author_paired_case	45	45	mean_paired_difference_author_scale	-0.10184926868360501	-0.3592607375694072	0.14577310191260212	0.6435151728325262	0.7245660998665555	paired_processed	318.0	DONE	NA	CAMP_processed_original_author_pair_table	results/BRCA/04_ROBUSTNESS/20260921T112611Z_metabolite318_paired_v1/paired_metabolite318.tsv	5f78d08a696d5fac3d95c697b0eb05358cfa1868	EXACT_COLUMN_COPY_NO_RECALCULATION
BRCA	CAMP_BRCA1_Terunuma	04_ROBUSTNESS	20260921T112611Z_metabolite318_paired_v1	metabolite318_paired_v1	paired_author_available	KEGG:C00137	myo-inositol	NA	author_paired_case	45	45	mean_paired_difference_author_scale	-0.10184926868360501	-0.3671558387492735	0.14768467710698485	0.6435151728325262	0.7325390109714133	paired_author_available	288.0	DONE	NA	CAMP_processed_original_author_pair_table	results/BRCA/04_ROBUSTNESS/20260921T112611Z_metabolite318_paired_v1/paired_metabolite318.tsv	5f78d08a696d5fac3d95c697b0eb05358cfa1868	EXACT_COLUMN_COPY_NO_RECALCULATION
BRCA	CAMP_BRCA1_Terunuma	04_ROBUSTNESS	20260921T112611Z_metabolite318_paired_v1	metabolite318_paired_v1	paired_processed	KEGG:C06424	myristate (14:0)	NA	author_paired_case	45	45	mean_paired_difference_author_scale	-0.33296897708724654	-0.523549867044166	-0.14033837927798867	0.0028832965318230093	0.006999147306257381	paired_processed	318.0	DONE	NA	CAMP_processed_original_author_pair_table	results/BRCA/04_ROBUSTNESS/20260921T112611Z_metabolite318_paired_v1/paired_metabolite318.tsv	5f78d08a696d5fac3d95c697b0eb05358cfa1868	EXACT_COLUMN_COPY_NO_RECALCULATION
BRCA	CAMP_BRCA1_Terunuma	04_ROBUSTNESS	20260921T112611Z_metabolite318_paired_v1	metabolite318_paired_v1	paired_author_available	KEGG:C06424	myristate (14:0)	NA	author_paired_case	45	45	mean_paired_difference_author_scale	-0.33296897708724654	-0.5311155278584191	-0.1410145257723253	0.0028832965318230093	0.011862705730928952	paired_author_available	288.0	DONE	NA	CAMP_processed_original_author_pair_table	results/BRCA/04_ROBUSTNESS/20260921T112611Z_metabolite318_paired_v1/paired_metabolite318.tsv	5f78d08a696d5fac3d95c697b0eb05358cfa1868	EXACT_COLUMN_COPY_NO_RECALCULATION
BRCA	CAMP_BRCA1_Terunuma	04_ROBUSTNESS	20260921T112611Z_metabolite318_paired_v1	metabolite318_paired_v1	paired_processed	KEGG:C08322	myristoleate (14:1n5)	NA	author_paired_case	45	45	mean_paired_difference_author_scale	-0.014821080611982	-0.21247427050794326	0.1849581156941035	0.9549930779992813	0.9764880990474967	paired_processed	318.0	DONE	NA	CAMP_processed_original_author_pair_table	results/BRCA/04_ROBUSTNESS/20260921T112611Z_metabolite318_paired_v1/paired_metabolite318.tsv	5f78d08a696d5fac3d95c697b0eb05358cfa1868	EXACT_COLUMN_COPY_NO_RECALCULATION
BRCA	CAMP_BRCA1_Terunuma	04_ROBUSTNESS	20260921T112611Z_metabolite318_paired_v1	metabolite318_paired_v1	paired_author_available	KEGG:C08322	myristoleate (14:1n5)	NA	author_paired_case	45	45	mean_paired_difference_author_scale	-0.014821080611982	-0.21273929433681196	0.1877079055186909	0.9549930779992813	0.973568677522683	paired_author_available	288.0	DONE	NA	CAMP_processed_original_author_pair_table	results/BRCA/04_ROBUSTNESS/20260921T112611Z_metabolite318_paired_v1/paired_metabolite318.tsv	5f78d08a696d5fac3d95c697b0eb05358cfa1868	EXACT_COLUMN_COPY_NO_RECALCULATION
BRCA	CAMP_BRCA1_Terunuma	04_ROBUSTNESS	20260921T112611Z_metabolite318_paired_v1	metabolite318_paired_v1	paired_processed	KEGG:C12270	N-acetyl-aspartyl-glutamate (NAAG)	NA	author_paired_case	45	45	mean_paired_difference_author_scale	1.0090127856969222	0.5322180814143065	1.4979019850544024	0.0003114058018819648	0.0010763809238963566	paired_processed	318.0	DONE	NA	CAMP_processed_original_author_pair_table	results/BRCA/04_ROBUSTNESS/20260921T112611Z_metabolite318_paired_v1/paired_metabolite318.tsv	5f78d08a696d5fac3d95c697b0eb05358cfa1868	EXACT_COLUMN_COPY_NO_RECALCULATION
BRCA	CAMP_BRCA1_Terunuma	04_ROBUSTNESS	20260921T112611Z_metabolite318_paired_v1	metabolite318_paired_v1	paired_author_available	KEGG:C12270	N-acetyl-aspartyl-glutamate (NAAG)	NA	author_paired_case	11	11	mean_paired_difference_author_scale	0.5981704426625636	-0.19899036343880122	1.4233324936850664	0.35052890898233335	0.4314201956705641	paired_author_available	288.0	DONE	NA	CAMP_processed_original_author_pair_table	results/BRCA/04_ROBUSTNESS/20260921T112611Z_metabolite318_paired_v1/paired_metabolite318.tsv	5f78d08a696d5fac3d95c697b0eb05358cfa1868	EXACT_COLUMN_COPY_NO_RECALCULATION
BRCA	CAMP_BRCA1_Terunuma	04_ROBUSTNESS	20260921T112611Z_metabolite318_paired_v1	metabolite318_paired_v1	paired_processed	KEGG:C00140	N-acetylglucosamine	NA	author_paired_case	45	45	mean_paired_difference_author_scale	1.2576111766520022	0.7810870378105523	1.7511324193960711	6.815660769748695e-05	0.0002814779382831279	paired_processed	318.0	DONE	NA	CAMP_processed_original_author_pair_table	results/BRCA/04_ROBUSTNESS/20260921T112611Z_metabolite318_paired_v1/paired_metabolite318.tsv	5f78d08a696d5fac3d95c697b0eb05358cfa1868	EXACT_COLUMN_COPY_NO_RECALCULATION
BRCA	CAMP_BRCA1_Terunuma	04_ROBUSTNESS	20260921T112611Z_metabolite318_paired_v1	metabolite318_paired_v1	paired_author_available	KEGG:C00140	N-acetylglucosamine	NA	author_paired_case	10	10	mean_paired_difference_author_scale	0.03546854409279003	-0.6267828740788499	0.6848821495878715	1.0	1.0	paired_author_available	288.0	DONE	NA	CAMP_processed_original_author_pair_table	results/BRCA/04_ROBUSTNESS/20260921T112611Z_metabolite318_paired_v1/paired_metabolite318.tsv	5f78d08a696d5fac3d95c697b0eb05358cfa1868	EXACT_COLUMN_COPY_NO_RECALCULATION
BRCA	CAMP_BRCA1_Terunuma	04_ROBUSTNESS	20260921T112611Z_metabolite318_paired_v1	metabolite318_paired_v1	paired_processed	KEGG:C00357	N-acetylglucosamine 6-phosphate	NA	author_paired_case	45	45	mean_paired_difference_author_scale	0.7989002913495312	0.4775309905420508	1.1297180779244396	8.973941154058922e-05	0.00035671416087384213	paired_processed	318.0	DONE	NA	CAMP_processed_original_author_pair_table	results/BRCA/04_ROBUSTNESS/20260921T112611Z_metabolite318_paired_v1/paired_metabolite318.tsv	5f78d08a696d5fac3d95c697b0eb05358cfa1868	EXACT_COLUMN_COPY_NO_RECALCULATION
BRCA	CAMP_BRCA1_Terunuma	04_ROBUSTNESS	20260921T112611Z_metabolite318_paired_v1	metabolite318_paired_v1	paired_author_available	KEGG:C00357	N-acetylglucosamine 6-phosphate	NA	author_paired_case	25	25	mean_paired_difference_author_scale	0.3096162268333722	-0.040825207596941804	0.6312504914635467	0.10643750408982253	0.16946082880806582	paired_author_available	288.0	DONE	NA	CAMP_processed_original_author_pair_table	results/BRCA/04_ROBUSTNESS/20260921T112611Z_metabolite318_paired_v1/paired_metabolite318.tsv	5f78d08a696d5fac3d95c697b0eb05358cfa1868	EXACT_COLUMN_COPY_NO_RECALCULATION
BRCA	CAMP_BRCA1_Terunuma	04_ROBUSTNESS	20260921T112611Z_metabolite318_paired_v1	metabolite318_paired_v1	paired_processed	NAME:N-acetylisoleucine	N-acetylisoleucine	NA	author_paired_case	45	45	mean_paired_difference_author_scale	-0.07143655176798663	-0.40196124405809613	0.23326400636920205	0.8248339353300578	0.8831555267170316	paired_processed	318.0	DONE	NA	CAMP_processed_original_author_pair_table	results/BRCA/04_ROBUSTNESS/20260921T112611Z_metabolite318_paired_v1/paired_metabolite318.tsv	5f78d08a696d5fac3d95c697b0eb05358cfa1868	EXACT_COLUMN_COPY_NO_RECALCULATION
BRCA	CAMP_BRCA1_Terunuma	04_ROBUSTNESS	20260921T112611Z_metabolite318_paired_v1	metabolite318_paired_v1	paired_author_available	NAME:N-acetylisoleucine	N-acetylisoleucine	NA	author_paired_case	9	9	mean_paired_difference_author_scale	-0.8209361566117112	-1.5771898399921669	-0.20954139212888895	0.04401098401295143	0.08681618764198638	paired_author_available	288.0	DONE	NA	CAMP_processed_original_author_pair_table	results/BRCA/04_ROBUSTNESS/20260921T112611Z_metabolite318_paired_v1/paired_metabolite318.tsv	5f78d08a696d5fac3d95c697b0eb05358cfa1868	EXACT_COLUMN_COPY_NO_RECALCULATION
BRCA	CAMP_BRCA1_Terunuma	04_ROBUSTNESS	20260921T112611Z_metabolite318_paired_v1	metabolite318_paired_v1	paired_processed	KEGG:C02712	N-acetylmethionine	NA	author_paired_case	45	45	mean_paired_difference_author_scale	1.4858560252241848	1.1794066366423637	1.8019617422598668	2.5108505048802426e-08	3.1736397629373487e-06	paired_processed	318.0	DONE	NA	CAMP_processed_original_author_pair_table	results/BRCA/04_ROBUSTNESS/20260921T112611Z_metabolite318_paired_v1/paired_metabolite318.tsv	5f78d08a696d5fac3d95c697b0eb05358cfa1868	EXACT_COLUMN_COPY_NO_RECALCULATION
BRCA	CAMP_BRCA1_Terunuma	04_ROBUSTNESS	20260921T112611Z_metabolite318_paired_v1	metabolite318_paired_v1	paired_author_available	KEGG:C02712	N-acetylmethionine	NA	author_paired_case	22	22	mean_paired_difference_author_scale	0.8259297878613591	0.4952268057169546	1.1710438220773896	0.0003553202025859773	0.002213016632272019	paired_author_available	288.0	DONE	NA	CAMP_processed_original_author_pair_table	results/BRCA/04_ROBUSTNESS/20260921T112611Z_metabolite318_paired_v1/paired_metabolite318.tsv	5f78d08a696d5fac3d95c697b0eb05358cfa1868	EXACT_COLUMN_COPY_NO_RECALCULATION
BRCA	CAMP_BRCA1_Terunuma	04_ROBUSTNESS	20260921T112611Z_metabolite318_paired_v1	metabolite318_paired_v1	paired_processed	KEGG:C00270	N-acetylneuraminate	NA	author_paired_case	45	45	mean_paired_difference_author_scale	0.5496085238856775	0.20238352966594172	0.8973296506611651	0.0058842524149999575	0.01247461511979991	paired_processed	318.0	DONE	NA	CAMP_processed_original_author_pair_table	results/BRCA/04_ROBUSTNESS/20260921T112611Z_metabolite318_paired_v1/paired_metabolite318.tsv	5f78d08a696d5fac3d95c697b0eb05358cfa1868	EXACT_COLUMN_COPY_NO_RECALCULATION
BRCA	CAMP_BRCA1_Terunuma	04_ROBUSTNESS	20260921T112611Z_metabolite318_paired_v1	metabolite318_paired_v1	paired_author_available	KEGG:C00270	N-acetylneuraminate	NA	author_paired_case	42	42	mean_paired_difference_author_scale	0.4323502439071974	0.10131757740135847	0.7751467283183447	0.022865960068590728	0.053978659834050244	paired_author_available	288.0	DONE	NA	CAMP_processed_original_author_pair_table	results/BRCA/04_ROBUSTNESS/20260921T112611Z_metabolite318_paired_v1/paired_metabolite318.tsv	5f78d08a696d5fac3d95c697b0eb05358cfa1868	EXACT_COLUMN_COPY_NO_RECALCULATION
BRCA	CAMP_BRCA1_Terunuma	04_ROBUSTNESS	20260921T112611Z_metabolite318_paired_v1	metabolite318_paired_v1	paired_processed	KEGG:C00437	N-acetylornithine	NA	author_paired_case	45	45	mean_paired_difference_author_scale	0.3403356707478288	-0.12192976001195137	0.7989309587618266	0.15057097382485374	0.21665868631811536	paired_processed	318.0	DONE	NA	CAMP_processed_original_author_pair_table	results/BRCA/04_ROBUSTNESS/20260921T112611Z_metabolite318_paired_v1/paired_metabolite318.tsv	5f78d08a696d5fac3d95c697b0eb05358cfa1868	EXACT_COLUMN_COPY_NO_RECALCULATION
BRCA	CAMP_BRCA1_Terunuma	04_ROBUSTNESS	20260921T112611Z_metabolite318_paired_v1	metabolite318_paired_v1	paired_author_available	KEGG:C00437	N-acetylornithine	NA	author_paired_case	12	12	mean_paired_difference_author_scale	-0.41326669988036696	-0.9320453071628124	0.03463086427546992	0.14670764206619935	0.21659680735253597	paired_author_available	288.0	DONE	NA	CAMP_processed_original_author_pair_table	results/BRCA/04_ROBUSTNESS/20260921T112611Z_metabolite318_paired_v1/paired_metabolite318.tsv	5f78d08a696d5fac3d95c697b0eb05358cfa1868	EXACT_COLUMN_COPY_NO_RECALCULATION
BRCA	CAMP_BRCA1_Terunuma	04_ROBUSTNESS	20260921T112611Z_metabolite318_paired_v1	metabolite318_paired_v1	paired_processed	HMDB:HMDB02931	N-acetylserine	NA	author_paired_case	45	45	mean_paired_difference_author_scale	0.7739866707937848	0.5337180323010754	0.9955204283414023	2.1489364998346707e-06	2.356420023956639e-05	paired_processed	318.0	DONE	NA	CAMP_processed_original_author_pair_table	results/BRCA/04_ROBUSTNESS/20260921T112611Z_metabolite318_paired_v1/paired_metabolite318.tsv	5f78d08a696d5fac3d95c697b0eb05358cfa1868	EXACT_COLUMN_COPY_NO_RECALCULATION
BRCA	CAMP_BRCA1_Terunuma	04_ROBUSTNESS	20260921T112611Z_metabolite318_paired_v1	metabolite318_paired_v1	paired_author_available	HMDB:HMDB02931	N-acetylserine	NA	author_paired_case	14	14	mean_paired_difference_author_scale	0.42912901216384264	0.18023347028893033	0.7010577312343887	0.012036948107094771	0.03501657631154843	paired_author_available	288.0	DONE	NA	CAMP_processed_original_author_pair_table	results/BRCA/04_ROBUSTNESS/20260921T112611Z_metabolite318_paired_v1/paired_metabolite318.tsv	5f78d08a696d5fac3d95c697b0eb05358cfa1868	EXACT_COLUMN_COPY_NO_RECALCULATION
BRCA	CAMP_BRCA1_Terunuma	04_ROBUSTNESS	20260921T112611Z_metabolite318_paired_v1	metabolite318_paired_v1	paired_processed	KEGG:C01118	N-acetylthreonine	NA	author_paired_case	45	45	mean_paired_difference_author_scale	0.29570194614664225	0.039886960503672284	0.538380502570523	0.014026831030065754	0.027365228635343006	paired_processed	318.0	DONE	NA	CAMP_processed_original_author_pair_table	results/BRCA/04_ROBUSTNESS/20260921T112611Z_metabolite318_paired_v1/paired_metabolite318.tsv	5f78d08a696d5fac3d95c697b0eb05358cfa1868	EXACT_COLUMN_COPY_NO_RECALCULATION
BRCA	CAMP_BRCA1_Terunuma	04_ROBUSTNESS	20260921T112611Z_metabolite318_paired_v1	metabolite318_paired_v1	paired_author_available	KEGG:C01118	N-acetylthreonine	NA	author_paired_case	35	35	mean_paired_difference_author_scale	0.058691521420182774	-0.22995838920773362	0.3129298042171193	0.30597867930807277	0.3874332323723722	paired_author_available	288.0	DONE	NA	CAMP_processed_original_author_pair_table	results/BRCA/04_ROBUSTNESS/20260921T112611Z_metabolite318_paired_v1/paired_metabolite318.tsv	5f78d08a696d5fac3d95c697b0eb05358cfa1868	EXACT_COLUMN_COPY_NO_RECALCULATION
BRCA	CAMP_BRCA1_Terunuma	04_ROBUSTNESS	20260921T112611Z_metabolite318_paired_v1	metabolite318_paired_v1	paired_processed	KEGG:C16561	N-ethylglycinexylidide	NA	author_paired_case	45	45	mean_paired_difference_author_scale	0.10579624985938242	-0.36759031955848587	0.5824716899461485	0.5090309131344883	0.5951170234439974	paired_processed	318.0	DONE	NA	CAMP_processed_original_author_pair_table	results/BRCA/04_ROBUSTNESS/20260921T112611Z_metabolite318_paired_v1/paired_metabolite318.tsv	5f78d08a696d5fac3d95c697b0eb05358cfa1868	EXACT_COLUMN_COPY_NO_RECALCULATION
BRCA	CAMP_BRCA1_Terunuma	04_ROBUSTNESS	20260921T112611Z_metabolite318_paired_v1	metabolite318_paired_v1	paired_author_available	KEGG:C16561	N-ethylglycinexylidide	NA	author_paired_case	14	14	mean_paired_difference_author_scale	-0.47918500338787823	-1.3431078022224536	0.2903400620954466	0.4898538455608976	0.5805675206647676	paired_author_available	288.0	DONE	NA	CAMP_processed_original_author_pair_table	results/BRCA/04_ROBUSTNESS/20260921T112611Z_metabolite318_paired_v1/paired_metabolite318.tsv	5f78d08a696d5fac3d95c697b0eb05358cfa1868	EXACT_COLUMN_COPY_NO_RECALCULATION
BRCA	CAMP_BRCA1_Terunuma	04_ROBUSTNESS	20260921T112611Z_metabolite318_paired_v1	metabolite318_paired_v1	paired_processed	KEGG:C02494	1-methyladenosine	NA	author_paired_case	45	45	mean_paired_difference_author_scale	0.9862918426506465	0.7458033291695998	1.2236998991047232	1.5564652494783753e-07	3.2997063288941555e-06	paired_processed	318.0	DONE	NA	CAMP_processed_original_author_pair_table	results/BRCA/04_ROBUSTNESS/20260921T112611Z_metabolite318_paired_v1/paired_metabolite318.tsv	5f78d08a696d5fac3d95c697b0eb05358cfa1868	EXACT_COLUMN_COPY_NO_RECALCULATION
BRCA	CAMP_BRCA1_Terunuma	04_ROBUSTNESS	20260921T112611Z_metabolite318_paired_v1	metabolite318_paired_v1	paired_author_available	KEGG:C02494	1-methyladenosine	NA	author_paired_case	19	19	mean_paired_difference_author_scale	0.7230942931577685	0.44135322099839075	1.04051327375896	0.00042961319347915595	0.0024745719944399384	paired_author_available	288.0	DONE	NA	CAMP_processed_original_author_pair_table	results/BRCA/04_ROBUSTNESS/20260921T112611Z_metabolite318_paired_v1/paired_metabolite318.tsv	5f78d08a696d5fac3d95c697b0eb05358cfa1868	EXACT_COLUMN_COPY_NO_RECALCULATION
BRCA	CAMP_BRCA1_Terunuma	04_ROBUSTNESS	20260921T112611Z_metabolite318_paired_v1	metabolite318_paired_v1	paired_processed	HMDB:HMDB04824	N2,N2-dimethylguanosine	NA	author_paired_case	45	45	mean_paired_difference_author_scale	-1.1486962556556333	-1.6496104803191656	-0.6441932554234691	0.0002172361753020009	0.0007850125425685942	paired_processed	318.0	DONE	NA	CAMP_processed_original_author_pair_table	results/BRCA/04_ROBUSTNESS/20260921T112611Z_metabolite318_paired_v1/paired_metabolite318.tsv	5f78d08a696d5fac3d95c697b0eb05358cfa1868	EXACT_COLUMN_COPY_NO_RECALCULATION
BRCA	CAMP_BRCA1_Terunuma	04_ROBUSTNESS	20260921T112611Z_metabolite318_paired_v1	metabolite318_paired_v1	paired_author_available	HMDB:HMDB04824	N2,N2-dimethylguanosine	NA	author_paired_case	18	18	mean_paired_difference_author_scale	-0.9702721992023275	-1.5114183656126414	-0.47018636327682867	0.005316192116247479	0.019138291618490923	paired_author_available	288.0	DONE	NA	CAMP_processed_original_author_pair_table	results/BRCA/04_ROBUSTNESS/20260921T112611Z_metabolite318_paired_v1/paired_metabolite318.tsv	5f78d08a696d5fac3d95c697b0eb05358cfa1868	EXACT_COLUMN_COPY_NO_RECALCULATION
BRCA	CAMP_BRCA1_Terunuma	04_ROBUSTNESS	20260921T112611Z_metabolite318_paired_v1	metabolite318_paired_v1	paired_processed	KEGG:C02727	N6-acetyllysine	NA	author_paired_case	45	45	mean_paired_difference_author_scale	0.7860949660077333	0.510526510508952	1.0621255728599979	1.1891369039881607e-05	7.134821423928965e-05	paired_processed	318.0	DONE	NA	CAMP_processed_original_author_pair_table	results/BRCA/04_ROBUSTNESS/20260921T112611Z_metabolite318_paired_v1/paired_metabolite318.tsv	5f78d08a696d5fac3d95c697b0eb05358cfa1868	EXACT_COLUMN_COPY_NO_RECALCULATION
BRCA	CAMP_BRCA1_Terunuma	04_ROBUSTNESS	20260921T112611Z_metabolite318_paired_v1	metabolite318_paired_v1	paired_author_available	KEGG:C02727	N6-acetyllysine	NA	author_paired_case	25	25	mean_paired_difference_author_scale	0.29306241024127994	0.0288871402190206	0.5674298942387243	0.06729929952386755	0.1168492658573701	paired_author_available	288.0	DONE	NA	CAMP_processed_original_author_pair_table	results/BRCA/04_ROBUSTNESS/20260921T112611Z_metabolite318_paired_v1/paired_metabolite318.tsv	5f78d08a696d5fac3d95c697b0eb05358cfa1868	EXACT_COLUMN_COPY_NO_RECALCULATION
BRCA	CAMP_BRCA1_Terunuma	04_ROBUSTNESS	20260921T112611Z_metabolite318_paired_v1	metabolite318_paired_v1	paired_processed	KEGG:C00153	nicotinamide	NA	author_paired_case	45	45	mean_paired_difference_author_scale	0.4169560309513402	0.13726134062405898	0.7097219688243094	0.006981511825401087	0.014416368574529517	paired_processed	318.0	DONE	NA	CAMP_processed_original_author_pair_table	results/BRCA/04_ROBUSTNESS/20260921T112611Z_metabolite318_paired_v1/paired_metabolite318.tsv	5f78d08a696d5fac3d95c697b0eb05358cfa1868	EXACT_COLUMN_COPY_NO_RECALCULATION
BRCA	CAMP_BRCA1_Terunuma	04_ROBUSTNESS	20260921T112611Z_metabolite318_paired_v1	metabolite318_paired_v1	paired_author_available	KEGG:C00153	nicotinamide	NA	author_paired_case	40	40	mean_paired_difference_author_scale	0.38366634935252514	0.1372689973152148	0.6244190242384682	0.004663637953930342	0.017443217282232967	paired_author_available	288.0	DONE	NA	CAMP_processed_original_author_pair_table	results/BRCA/04_ROBUSTNESS/20260921T112611Z_metabolite318_paired_v1/paired_metabolite318.tsv	5f78d08a696d5fac3d95c697b0eb05358cfa1868	EXACT_COLUMN_COPY_NO_RECALCULATION
BRCA	CAMP_BRCA1_Terunuma	04_ROBUSTNESS	20260921T112611Z_metabolite318_paired_v1	metabolite318_paired_v1	paired_processed	KEGG:C02838	octanoylcarnitine (C8)	NA	author_paired_case	45	45	mean_paired_difference_author_scale	0.14851325474103783	-0.3008176013731746	0.5911012970362343	0.5401160736535193	0.6291461956843192	paired_processed	318.0	DONE	NA	CAMP_processed_original_author_pair_table	results/BRCA/04_ROBUSTNESS/20260921T112611Z_metabolite318_paired_v1/paired_metabolite318.tsv	5f78d08a696d5fac3d95c697b0eb05358cfa1868	EXACT_COLUMN_COPY_NO_RECALCULATION
BRCA	CAMP_BRCA1_Terunuma	04_ROBUSTNESS	20260921T112611Z_metabolite318_paired_v1	metabolite318_paired_v1	paired_author_available	KEGG:C02838	octanoylcarnitine (C8)	NA	author_paired_case	6	6	mean_paired_difference_author_scale	NA	NA	NA	NA	NA	paired_author_available	288.0	NOT_EVALUABLE	fewer_than8_complete_author_available_pairs	CAMP_processed_original_author_pair_table	results/BRCA/04_ROBUSTNESS/20260921T112611Z_metabolite318_paired_v1/paired_metabolite318.tsv	5f78d08a696d5fac3d95c697b0eb05358cfa1868	EXACT_COLUMN_COPY_NO_RECALCULATION
BRCA	CAMP_BRCA1_Terunuma	04_ROBUSTNESS	20260921T112611Z_metabolite318_paired_v1	metabolite318_paired_v1	paired_processed	KEGG:C00712	oleate (18:1n9)	NA	author_paired_case	45	45	mean_paired_difference_author_scale	0.561838005571073	0.18379080935668948	0.9310162842818401	0.0035890616488436157	0.008448704230642971	paired_processed	318.0	DONE	NA	CAMP_processed_original_author_pair_table	results/BRCA/04_ROBUSTNESS/20260921T112611Z_metabolite318_paired_v1/paired_metabolite318.tsv	5f78d08a696d5fac3d95c697b0eb05358cfa1868	EXACT_COLUMN_COPY_NO_RECALCULATION
BRCA	CAMP_BRCA1_Terunuma	04_ROBUSTNESS	20260921T112611Z_metabolite318_paired_v1	metabolite318_paired_v1	paired_author_available	KEGG:C00712	oleate (18:1n9)	NA	author_paired_case	45	45	mean_paired_difference_author_scale	0.561838005571073	0.17399183705819804	0.9426870774402256	0.0035890616488436157	0.014356246595374463	paired_author_available	288.0	DONE	NA	CAMP_processed_original_author_pair_table	results/BRCA/04_ROBUSTNESS/20260921T112611Z_metabolite318_paired_v1/paired_metabolite318.tsv	5f78d08a696d5fac3d95c697b0eb05358cfa1868	EXACT_COLUMN_COPY_NO_RECALCULATION
BRCA	CAMP_BRCA1_Terunuma	04_ROBUSTNESS	20260921T112611Z_metabolite318_paired_v1	metabolite318_paired_v1	paired_processed	HMDB:HMDB05065	oleoylcarnitine	NA	author_paired_case	45	45	mean_paired_difference_author_scale	1.3271133696452846	0.7756662987411521	1.8873025684578106	0.00013517708086858987	0.0005179073700748384	paired_processed	318.0	DONE	NA	CAMP_processed_original_author_pair_table	results/BRCA/04_ROBUSTNESS/20260921T112611Z_metabolite318_paired_v1/paired_metabolite318.tsv	5f78d08a696d5fac3d95c697b0eb05358cfa1868	EXACT_COLUMN_COPY_NO_RECALCULATION
BRCA	CAMP_BRCA1_Terunuma	04_ROBUSTNESS	20260921T112611Z_metabolite318_paired_v1	metabolite318_paired_v1	paired_author_available	HMDB:HMDB05065	oleoylcarnitine	NA	author_paired_case	9	9	mean_paired_difference_author_scale	-0.09052739893079931	-1.15924946883241	0.9523298685017115	0.9056954420343094	0.9382744147693565	paired_author_available	288.0	DONE	NA	CAMP_processed_original_author_pair_table	results/BRCA/04_ROBUSTNESS/20260921T112611Z_metabolite318_paired_v1/paired_metabolite318.tsv	5f78d08a696d5fac3d95c697b0eb05358cfa1868	EXACT_COLUMN_COPY_NO_RECALCULATION
BRCA	CAMP_BRCA1_Terunuma	04_ROBUSTNESS	20260921T112611Z_metabolite318_paired_v1	metabolite318_paired_v1	paired_processed	HMDB:HMDB05765	ophthalmate	NA	author_paired_case	45	45	mean_paired_difference_author_scale	-0.12166809432265542	-0.7816544851595654	0.5379573017682246	0.7361792216158818	0.8044845102194171	paired_processed	318.0	DONE	NA	CAMP_processed_original_author_pair_table	results/BRCA/04_ROBUSTNESS/20260921T112611Z_metabolite318_paired_v1/paired_metabolite318.tsv	5f78d08a696d5fac3d95c697b0eb05358cfa1868	EXACT_COLUMN_COPY_NO_RECALCULATION
BRCA	CAMP_BRCA1_Terunuma	04_ROBUSTNESS	20260921T112611Z_metabolite318_paired_v1	metabolite318_paired_v1	paired_author_available	HMDB:HMDB05765	ophthalmate	NA	author_paired_case	26	26	mean_paired_difference_author_scale	-0.05817575714286516	-0.5783236939618009	0.4567519527104714	0.7995111849716205	0.8638732775818785	paired_author_available	288.0	DONE	NA	CAMP_processed_original_author_pair_table	results/BRCA/04_ROBUSTNESS/20260921T112611Z_metabolite318_paired_v1/paired_metabolite318.tsv	5f78d08a696d5fac3d95c697b0eb05358cfa1868	EXACT_COLUMN_COPY_NO_RECALCULATION
BRCA	CAMP_BRCA1_Terunuma	04_ROBUSTNESS	20260921T112611Z_metabolite318_paired_v1	metabolite318_paired_v1	paired_processed	KEGG:C00077	ornithine	NA	author_paired_case	45	45	mean_paired_difference_author_scale	-0.2927762521334512	-0.6090297298732391	0.013010566248528381	0.04952614989461459	0.082891135086776	paired_processed	318.0	DONE	NA	CAMP_processed_original_author_pair_table	results/BRCA/04_ROBUSTNESS/20260921T112611Z_metabolite318_paired_v1/paired_metabolite318.tsv	5f78d08a696d5fac3d95c697b0eb05358cfa1868	EXACT_COLUMN_COPY_NO_RECALCULATION
BRCA	CAMP_BRCA1_Terunuma	04_ROBUSTNESS	20260921T112611Z_metabolite318_paired_v1	metabolite318_paired_v1	paired_author_available	KEGG:C00077	ornithine	NA	author_paired_case	45	45	mean_paired_difference_author_scale	-0.2927762521334512	-0.5985626758344812	0.031870863219643	0.04952614989461459	0.0963752106057365	paired_author_available	288.0	DONE	NA	CAMP_processed_original_author_pair_table	results/BRCA/04_ROBUSTNESS/20260921T112611Z_metabolite318_paired_v1/paired_metabolite318.tsv	5f78d08a696d5fac3d95c697b0eb05358cfa1868	EXACT_COLUMN_COPY_NO_RECALCULATION
BRCA	CAMP_BRCA1_Terunuma	04_ROBUSTNESS	20260921T112611Z_metabolite318_paired_v1	metabolite318_paired_v1	paired_processed	KEGG:C01468	p-cresol sulfate	NA	author_paired_case	45	45	mean_paired_difference_author_scale	-0.15478195974126677	-0.5333296699466415	0.23525369005292845	0.3719804988229858	0.46277057159910806	paired_processed	318.0	DONE	NA	CAMP_processed_original_author_pair_table	results/BRCA/04_ROBUSTNESS/20260921T112611Z_metabolite318_paired_v1/paired_metabolite318.tsv	5f78d08a696d5fac3d95c697b0eb05358cfa1868	EXACT_COLUMN_COPY_NO_RECALCULATION
BRCA	CAMP_BRCA1_Terunuma	04_ROBUSTNESS	20260921T112611Z_metabolite318_paired_v1	metabolite318_paired_v1	paired_author_available	KEGG:C01468	p-cresol sulfate	NA	author_paired_case	38	38	mean_paired_difference_author_scale	-0.33653640371921323	-0.713405602983909	0.03439509077340598	0.07684755425959588	0.12691009103508902	paired_author_available	288.0	DONE	NA	CAMP_processed_original_author_pair_table	results/BRCA/04_ROBUSTNESS/20260921T112611Z_metabolite318_paired_v1/paired_metabolite318.tsv	5f78d08a696d5fac3d95c697b0eb05358cfa1868	EXACT_COLUMN_COPY_NO_RECALCULATION
BRCA	CAMP_BRCA1_Terunuma	04_ROBUSTNESS	20260921T112611Z_metabolite318_paired_v1	metabolite318_paired_v1	paired_processed	KEGG:C00249	palmitate (16:0)	NA	author_paired_case	45	45	mean_paired_difference_author_scale	-0.08984397177068651	-0.2570211989366266	0.07070770550729724	0.39097312708181653	0.48003650352130367	paired_processed	318.0	DONE	NA	CAMP_processed_original_author_pair_table	results/BRCA/04_ROBUSTNESS/20260921T112611Z_metabolite318_paired_v1/paired_metabolite318.tsv	5f78d08a696d5fac3d95c697b0eb05358cfa1868	EXACT_COLUMN_COPY_NO_RECALCULATION
BRCA	CAMP_BRCA1_Terunuma	04_ROBUSTNESS	20260921T112611Z_metabolite318_paired_v1	metabolite318_paired_v1	paired_author_available	KEGG:C00249	palmitate (16:0)	NA	author_paired_case	45	45	mean_paired_difference_author_scale	-0.08984397177068651	-0.25755778157987536	0.08277357506207336	0.39097312708181653	0.4731103386536267	paired_author_available	288.0	DONE	NA	CAMP_processed_original_author_pair_table	results/BRCA/04_ROBUSTNESS/20260921T112611Z_metabolite318_paired_v1/paired_metabolite318.tsv	5f78d08a696d5fac3d95c697b0eb05358cfa1868	EXACT_COLUMN_COPY_NO_RECALCULATION
BRCA	CAMP_BRCA1_Terunuma	04_ROBUSTNESS	20260921T112611Z_metabolite318_paired_v1	metabolite318_paired_v1	paired_processed	KEGG:C08362	palmitoleate (16:1n7)	NA	author_paired_case	45	45	mean_paired_difference_author_scale	0.07479447566702449	-0.16390620705445766	0.2848201800676658	0.2271365017905682	0.3047654327822814	paired_processed	318.0	DONE	NA	CAMP_processed_original_author_pair_table	results/BRCA/04_ROBUSTNESS/20260921T112611Z_metabolite318_paired_v1/paired_metabolite318.tsv	5f78d08a696d5fac3d95c697b0eb05358cfa1868	EXACT_COLUMN_COPY_NO_RECALCULATION
BRCA	CAMP_BRCA1_Terunuma	04_ROBUSTNESS	20260921T112611Z_metabolite318_paired_v1	metabolite318_paired_v1	paired_author_available	KEGG:C08362	palmitoleate (16:1n7)	NA	author_paired_case	45	45	mean_paired_difference_author_scale	0.07479447566702449	-0.15026617286222643	0.28243211168159443	0.2271365017905682	0.3056790304471198	paired_author_available	288.0	DONE	NA	CAMP_processed_original_author_pair_table	results/BRCA/04_ROBUSTNESS/20260921T112611Z_metabolite318_paired_v1/paired_metabolite318.tsv	5f78d08a696d5fac3d95c697b0eb05358cfa1868	EXACT_COLUMN_COPY_NO_RECALCULATION
BRCA	CAMP_BRCA1_Terunuma	04_ROBUSTNESS	20260921T112611Z_metabolite318_paired_v1	metabolite318_paired_v1	paired_processed	KEGG:C02990	palmitoylcarnitine	NA	author_paired_case	45	45	mean_paired_difference_author_scale	1.0217677588686642	0.4403023604720841	1.6281676126079365	0.00387240786228244	0.008988508760626393	paired_processed	318.0	DONE	NA	CAMP_processed_original_author_pair_table	results/BRCA/04_ROBUSTNESS/20260921T112611Z_metabolite318_paired_v1/paired_metabolite318.tsv	5f78d08a696d5fac3d95c697b0eb05358cfa1868	EXACT_COLUMN_COPY_NO_RECALCULATION
BRCA	CAMP_BRCA1_Terunuma	04_ROBUSTNESS	20260921T112611Z_metabolite318_paired_v1	metabolite318_paired_v1	paired_author_available	KEGG:C02990	palmitoylcarnitine	NA	author_paired_case	37	37	mean_paired_difference_author_scale	0.481137475503243	-0.043342982191828694	1.0437459794024282	0.11665406365459058	0.18062564694904346	paired_author_available	288.0	DONE	NA	CAMP_processed_original_author_pair_table	results/BRCA/04_ROBUSTNESS/20260921T112611Z_metabolite318_paired_v1/paired_metabolite318.tsv	5f78d08a696d5fac3d95c697b0eb05358cfa1868	EXACT_COLUMN_COPY_NO_RECALCULATION
BRCA	CAMP_BRCA1_Terunuma	04_ROBUSTNESS	20260921T112611Z_metabolite318_paired_v1	metabolite318_paired_v1	paired_processed	KEGG:C00864	pantothenate	NA	author_paired_case	45	45	mean_paired_difference_author_scale	0.4797563394761246	0.26008397571893543	0.6950358501474013	4.833846706543421e-05	0.00021650186657476168	paired_processed	318.0	DONE	NA	CAMP_processed_original_author_pair_table	results/BRCA/04_ROBUSTNESS/20260921T112611Z_metabolite318_paired_v1/paired_metabolite318.tsv	5f78d08a696d5fac3d95c697b0eb05358cfa1868	EXACT_COLUMN_COPY_NO_RECALCULATION
BRCA	CAMP_BRCA1_Terunuma	04_ROBUSTNESS	20260921T112611Z_metabolite318_paired_v1	metabolite318_paired_v1	paired_author_available	KEGG:C00864	pantothenate	NA	author_paired_case	45	45	mean_paired_difference_author_scale	0.4797563394761246	0.26439084351127007	0.6977441188808431	4.833846706543421e-05	0.0003867077365234737	paired_author_available	288.0	DONE	NA	CAMP_processed_original_author_pair_table	results/BRCA/04_ROBUSTNESS/20260921T112611Z_metabolite318_paired_v1/paired_metabolite318.tsv	5f78d08a696d5fac3d95c697b0eb05358cfa1868	EXACT_COLUMN_COPY_NO_RECALCULATION
BRCA	CAMP_BRCA1_Terunuma	04_ROBUSTNESS	20260921T112611Z_metabolite318_paired_v1	metabolite318_paired_v1	paired_processed	KEGG:C12600	phenol red	NA	author_paired_case	45	45	mean_paired_difference_author_scale	-0.5759791237772026	-1.113886673894854	-0.01985876513128469	0.039418717713897995	0.06812582735336718	paired_processed	318.0	DONE	NA	CAMP_processed_original_author_pair_table	results/BRCA/04_ROBUSTNESS/20260921T112611Z_metabolite318_paired_v1/paired_metabolite318.tsv	5f78d08a696d5fac3d95c697b0eb05358cfa1868	EXACT_COLUMN_COPY_NO_RECALCULATION
BRCA	CAMP_BRCA1_Terunuma	04_ROBUSTNESS	20260921T112611Z_metabolite318_paired_v1	metabolite318_paired_v1	paired_author_available	KEGG:C12600	phenol red	NA	author_paired_case	42	42	mean_paired_difference_author_scale	-0.7896438838207648	-1.307267717017633	-0.2808190835258842	0.00803069143573133	0.026282262880575263	paired_author_available	288.0	DONE	NA	CAMP_processed_original_author_pair_table	results/BRCA/04_ROBUSTNESS/20260921T112611Z_metabolite318_paired_v1/paired_metabolite318.tsv	5f78d08a696d5fac3d95c697b0eb05358cfa1868	EXACT_COLUMN_COPY_NO_RECALCULATION
BRCA	CAMP_BRCA1_Terunuma	04_ROBUSTNESS	20260921T112611Z_metabolite318_paired_v1	metabolite318_paired_v1	paired_processed	KEGG:C02180	phenol sulfate	NA	author_paired_case	45	45	mean_paired_difference_author_scale	0.24311205570129338	-0.20736113358599848	0.7287596780266556	0.48770156001586695	0.5786906570337526	paired_processed	318.0	DONE	NA	CAMP_processed_original_author_pair_table	results/BRCA/04_ROBUSTNESS/20260921T112611Z_metabolite318_paired_v1/paired_metabolite318.tsv	5f78d08a696d5fac3d95c697b0eb05358cfa1868	EXACT_COLUMN_COPY_NO_RECALCULATION
BRCA	CAMP_BRCA1_Terunuma	04_ROBUSTNESS	20260921T112611Z_metabolite318_paired_v1	metabolite318_paired_v1	paired_author_available	KEGG:C02180	phenol sulfate	NA	author_paired_case	20	20	mean_paired_difference_author_scale	-0.754754539392645	-1.0939908435973182	-0.4092449944164416	0.0018252941314766584	0.008213823591644964	paired_author_available	288.0	DONE	NA	CAMP_processed_original_author_pair_table	results/BRCA/04_ROBUSTNESS/20260921T112611Z_metabolite318_paired_v1/paired_metabolite318.tsv	5f78d08a696d5fac3d95c697b0eb05358cfa1868	EXACT_COLUMN_COPY_NO_RECALCULATION
BRCA	CAMP_BRCA1_Terunuma	04_ROBUSTNESS	20260921T112611Z_metabolite318_paired_v1	metabolite318_paired_v1	paired_processed	KEGG:C05597	phenylacetylglutamine	NA	author_paired_case	45	45	mean_paired_difference_author_scale	0.13455645060685317	-0.1678570748482425	0.4267696117089208	0.426969335164909	0.5182299564215307	paired_processed	318.0	DONE	NA	CAMP_processed_original_author_pair_table	results/BRCA/04_ROBUSTNESS/20260921T112611Z_metabolite318_paired_v1/paired_metabolite318.tsv	5f78d08a696d5fac3d95c697b0eb05358cfa1868	EXACT_COLUMN_COPY_NO_RECALCULATION
BRCA	CAMP_BRCA1_Terunuma	04_ROBUSTNESS	20260921T112611Z_metabolite318_paired_v1	metabolite318_paired_v1	paired_author_available	KEGG:C05597	phenylacetylglutamine	NA	author_paired_case	19	19	mean_paired_difference_author_scale	-0.4973182530073683	-0.8430854293878229	-0.17105858103782412	0.020671811536488945	0.049612347687573465	paired_author_available	288.0	DONE	NA	CAMP_processed_original_author_pair_table	results/BRCA/04_ROBUSTNESS/20260921T112611Z_metabolite318_paired_v1/paired_metabolite318.tsv	5f78d08a696d5fac3d95c697b0eb05358cfa1868	EXACT_COLUMN_COPY_NO_RECALCULATION
BRCA	CAMP_BRCA1_Terunuma	04_ROBUSTNESS	20260921T112611Z_metabolite318_paired_v1	metabolite318_paired_v1	paired_processed	KEGG:C05598	phenylacetylglycine	NA	author_paired_case	45	45	mean_paired_difference_author_scale	0.05124240355874233	-0.3012707450255018	0.4223394062578914	0.7275376661790433	0.7977826822239164	paired_processed	318.0	DONE	NA	CAMP_processed_original_author_pair_table	results/BRCA/04_ROBUSTNESS/20260921T112611Z_metabolite318_paired_v1/paired_metabolite318.tsv	5f78d08a696d5fac3d95c697b0eb05358cfa1868	EXACT_COLUMN_COPY_NO_RECALCULATION
BRCA	CAMP_BRCA1_Terunuma	04_ROBUSTNESS	20260921T112611Z_metabolite318_paired_v1	metabolite318_paired_v1	paired_author_available	KEGG:C05598	phenylacetylglycine	NA	author_paired_case	8	8	mean_paired_difference_author_scale	-1.4989963919895	-2.145816691528554	-0.818413036698698	0.02086258233276551	0.049656394312698075	paired_author_available	288.0	DONE	NA	CAMP_processed_original_author_pair_table	results/BRCA/04_ROBUSTNESS/20260921T112611Z_metabolite318_paired_v1/paired_metabolite318.tsv	5f78d08a696d5fac3d95c697b0eb05358cfa1868	EXACT_COLUMN_COPY_NO_RECALCULATION
BRCA	CAMP_BRCA1_Terunuma	04_ROBUSTNESS	20260921T112611Z_metabolite318_paired_v1	metabolite318_paired_v1	paired_processed	KEGG:C00079	phenylalanine	NA	author_paired_case	45	45	mean_paired_difference_author_scale	-0.26868067929560663	-0.5238366171076818	-0.013265611825812967	0.07269820792261779	0.11501507522085799	paired_processed	318.0	DONE	NA	CAMP_processed_original_author_pair_table	results/BRCA/04_ROBUSTNESS/20260921T112611Z_metabolite318_paired_v1/paired_metabolite318.tsv	5f78d08a696d5fac3d95c697b0eb05358cfa1868	EXACT_COLUMN_COPY_NO_RECALCULATION
BRCA	CAMP_BRCA1_Terunuma	04_ROBUSTNESS	20260921T112611Z_metabolite318_paired_v1	metabolite318_paired_v1	paired_author_available	KEGG:C00079	phenylalanine	NA	author_paired_case	45	45	mean_paired_difference_author_scale	-0.26868067929560663	-0.5328004119640212	-0.011050267684024924	0.07269820792261779	0.12287918177695052	paired_author_available	288.0	DONE	NA	CAMP_processed_original_author_pair_table	results/BRCA/04_ROBUSTNESS/20260921T112611Z_metabolite318_paired_v1/paired_metabolite318.tsv	5f78d08a696d5fac3d95c697b0eb05358cfa1868	EXACT_COLUMN_COPY_NO_RECALCULATION
BRCA	CAMP_BRCA1_Terunuma	04_ROBUSTNESS	20260921T112611Z_metabolite318_paired_v1	metabolite318_paired_v1	paired_processed	KEGG:C00009	phosphate	NA	author_paired_case	45	45	mean_paired_difference_author_scale	0.5449938745703288	0.36820525226282785	0.7316540090515011	3.6939908682764347e-06	3.116308414954907e-05	paired_processed	318.0	DONE	NA	CAMP_processed_original_author_pair_table	results/BRCA/04_ROBUSTNESS/20260921T112611Z_metabolite318_paired_v1/paired_metabolite318.tsv	5f78d08a696d5fac3d95c697b0eb05358cfa1868	EXACT_COLUMN_COPY_NO_RECALCULATION
BRCA	CAMP_BRCA1_Terunuma	04_ROBUSTNESS	20260921T112611Z_metabolite318_paired_v1	metabolite318_paired_v1	paired_author_available	KEGG:C00009	phosphate	NA	author_paired_case	45	45	mean_paired_difference_author_scale	0.5449938745703288	0.368542226272733	0.7302955248146831	3.6939908682764347e-06	4.835769863925514e-05	paired_author_available	288.0	DONE	NA	CAMP_processed_original_author_pair_table	results/BRCA/04_ROBUSTNESS/20260921T112611Z_metabolite318_paired_v1/paired_metabolite318.tsv	5f78d08a696d5fac3d95c697b0eb05358cfa1868	EXACT_COLUMN_COPY_NO_RECALCULATION
BRCA	CAMP_BRCA1_Terunuma	04_ROBUSTNESS	20260921T112611Z_metabolite318_paired_v1	metabolite318_paired_v1	paired_processed	KEGG:C00346	phosphoethanolamine	NA	author_paired_case	45	45	mean_paired_difference_author_scale	2.2859584036560596	1.753036987436184	2.8271064704290523	1.1975999105423957e-07	3.1736397629373487e-06	paired_processed	318.0	DONE	NA	CAMP_processed_original_author_pair_table	results/BRCA/04_ROBUSTNESS/20260921T112611Z_metabolite318_paired_v1/paired_metabolite318.tsv	5f78d08a696d5fac3d95c697b0eb05358cfa1868	EXACT_COLUMN_COPY_NO_RECALCULATION
BRCA	CAMP_BRCA1_Terunuma	04_ROBUSTNESS	20260921T112611Z_metabolite318_paired_v1	metabolite318_paired_v1	paired_author_available	KEGG:C00346	phosphoethanolamine	NA	author_paired_case	45	45	mean_paired_difference_author_scale	2.2859584036560596	1.7317191677722097	2.7921635888968455	1.1975999105423957e-07	4.311359677952625e-06	paired_author_available	288.0	DONE	NA	CAMP_processed_original_author_pair_table	results/BRCA/04_ROBUSTNESS/20260921T112611Z_metabolite318_paired_v1/paired_metabolite318.tsv	5f78d08a696d5fac3d95c697b0eb05358cfa1868	EXACT_COLUMN_COPY_NO_RECALCULATION
BRCA	CAMP_BRCA1_Terunuma	04_ROBUSTNESS	20260921T112611Z_metabolite318_paired_v1	metabolite318_paired_v1	paired_processed	KEGG:C00148	proline	NA	author_paired_case	45	45	mean_paired_difference_author_scale	0.6196633568543043	0.47189444798768054	0.7680855836414469	1.1975999105423957e-07	3.1736397629373487e-06	paired_processed	318.0	DONE	NA	CAMP_processed_original_author_pair_table	results/BRCA/04_ROBUSTNESS/20260921T112611Z_metabolite318_paired_v1/paired_metabolite318.tsv	5f78d08a696d5fac3d95c697b0eb05358cfa1868	EXACT_COLUMN_COPY_NO_RECALCULATION
BRCA	CAMP_BRCA1_Terunuma	04_ROBUSTNESS	20260921T112611Z_metabolite318_paired_v1	metabolite318_paired_v1	paired_author_available	KEGG:C00148	proline	NA	author_paired_case	45	45	mean_paired_difference_author_scale	0.6196633568543043	0.4645144039056968	0.7695003324434974	1.1975999105423957e-07	4.311359677952625e-06	paired_author_available	288.0	DONE	NA	CAMP_processed_original_author_pair_table	results/BRCA/04_ROBUSTNESS/20260921T112611Z_metabolite318_paired_v1/paired_metabolite318.tsv	5f78d08a696d5fac3d95c697b0eb05358cfa1868	EXACT_COLUMN_COPY_NO_RECALCULATION
BRCA	CAMP_BRCA1_Terunuma	04_ROBUSTNESS	20260921T112611Z_metabolite318_paired_v1	metabolite318_paired_v1	paired_processed	KEGG:C03017	propionylcarnitine	NA	author_paired_case	45	45	mean_paired_difference_author_scale	-0.5686332083197534	-0.9466603958989821	-0.19184819032816525	0.0012956016865297124	0.003678583359968291	paired_processed	318.0	DONE	NA	CAMP_processed_original_author_pair_table	results/BRCA/04_ROBUSTNESS/20260921T112611Z_metabolite318_paired_v1/paired_metabolite318.tsv	5f78d08a696d5fac3d95c697b0eb05358cfa1868	EXACT_COLUMN_COPY_NO_RECALCULATION
BRCA	CAMP_BRCA1_Terunuma	04_ROBUSTNESS	20260921T112611Z_metabolite318_paired_v1	metabolite318_paired_v1	paired_author_available	KEGG:C03017	propionylcarnitine	NA	author_paired_case	45	45	mean_paired_difference_author_scale	-0.5686332083197534	-0.9308106201941405	-0.18631985408104404	0.0012956016865297124	0.006324292978314529	paired_author_available	288.0	DONE	NA	CAMP_processed_original_author_pair_table	results/BRCA/04_ROBUSTNESS/20260921T112611Z_metabolite318_paired_v1/paired_metabolite318.tsv	5f78d08a696d5fac3d95c697b0eb05358cfa1868	EXACT_COLUMN_COPY_NO_RECALCULATION
BRCA	CAMP_BRCA1_Terunuma	04_ROBUSTNESS	20260921T112611Z_metabolite318_paired_v1	metabolite318_paired_v1	paired_processed	KEGG:C02067	pseudouridine	NA	author_paired_case	45	45	mean_paired_difference_author_scale	0.33511928938589763	0.05793808931409592	0.6019856471566346	0.033187290868170315	0.05830695301700641	paired_processed	318.0	DONE	NA	CAMP_processed_original_author_pair_table	results/BRCA/04_ROBUSTNESS/20260921T112611Z_metabolite318_paired_v1/paired_metabolite318.tsv	5f78d08a696d5fac3d95c697b0eb05358cfa1868	EXACT_COLUMN_COPY_NO_RECALCULATION
BRCA	CAMP_BRCA1_Terunuma	04_ROBUSTNESS	20260921T112611Z_metabolite318_paired_v1	metabolite318_paired_v1	paired_author_available	KEGG:C02067	pseudouridine	NA	author_paired_case	36	36	mean_paired_difference_author_scale	0.12297827875192485	-0.09174044457803901	0.3482495554919377	0.3184629275833314	0.39877097019130187	paired_author_available	288.0	DONE	NA	CAMP_processed_original_author_pair_table	results/BRCA/04_ROBUSTNESS/20260921T112611Z_metabolite318_paired_v1/paired_metabolite318.tsv	5f78d08a696d5fac3d95c697b0eb05358cfa1868	EXACT_COLUMN_COPY_NO_RECALCULATION
BRCA	CAMP_BRCA1_Terunuma	04_ROBUSTNESS	20260921T112611Z_metabolite318_paired_v1	metabolite318_paired_v1	paired_processed	KEGG:C00134	putrescine	NA	author_paired_case	45	45	mean_paired_difference_author_scale	1.6307580546353022	1.1465627391455107	2.094925201290791	3.255697467381219e-06	2.958033698934936e-05	paired_processed	318.0	DONE	NA	CAMP_processed_original_author_pair_table	results/BRCA/04_ROBUSTNESS/20260921T112611Z_metabolite318_paired_v1/paired_metabolite318.tsv	5f78d08a696d5fac3d95c697b0eb05358cfa1868	EXACT_COLUMN_COPY_NO_RECALCULATION
BRCA	CAMP_BRCA1_Terunuma	04_ROBUSTNESS	20260921T112611Z_metabolite318_paired_v1	metabolite318_paired_v1	paired_author_available	KEGG:C00134	putrescine	NA	author_paired_case	13	13	mean_paired_difference_author_scale	1.646479777695777	0.7329175140727182	2.536745855490117	0.009716194884080515	0.03022381019987799	paired_author_available	288.0	DONE	NA	CAMP_processed_original_author_pair_table	results/BRCA/04_ROBUSTNESS/20260921T112611Z_metabolite318_paired_v1/paired_metabolite318.tsv	5f78d08a696d5fac3d95c697b0eb05358cfa1868	EXACT_COLUMN_COPY_NO_RECALCULATION
BRCA	CAMP_BRCA1_Terunuma	04_ROBUSTNESS	20260921T112611Z_metabolite318_paired_v1	metabolite318_paired_v1	paired_processed	NAME:pyroglutamine	pyroglutamine	NA	author_paired_case	45	45	mean_paired_difference_author_scale	-0.3376713033375533	-0.5330882124254961	-0.12905108920967467	0.002059593626816934	0.005324803035185244	paired_processed	318.0	DONE	NA	CAMP_processed_original_author_pair_table	results/BRCA/04_ROBUSTNESS/20260921T112611Z_metabolite318_paired_v1/paired_metabolite318.tsv	5f78d08a696d5fac3d95c697b0eb05358cfa1868	EXACT_COLUMN_COPY_NO_RECALCULATION
BRCA	CAMP_BRCA1_Terunuma	04_ROBUSTNESS	20260921T112611Z_metabolite318_paired_v1	metabolite318_paired_v1	paired_author_available	NAME:pyroglutamine	pyroglutamine	NA	author_paired_case	42	42	mean_paired_difference_author_scale	-0.3946262903931262	-0.5991321398969313	-0.2050659100533887	0.00036588110863208995	0.002213016632272019	paired_author_available	288.0	DONE	NA	CAMP_processed_original_author_pair_table	results/BRCA/04_ROBUSTNESS/20260921T112611Z_metabolite318_paired_v1/paired_metabolite318.tsv	5f78d08a696d5fac3d95c697b0eb05358cfa1868	EXACT_COLUMN_COPY_NO_RECALCULATION
BRCA	CAMP_BRCA1_Terunuma	04_ROBUSTNESS	20260921T112611Z_metabolite318_paired_v1	metabolite318_paired_v1	paired_processed	KEGG:C00013	pyrophosphate (PPi)	NA	author_paired_case	45	45	mean_paired_difference_author_scale	1.0419815939416908	0.27238727528627793	1.7840877791526468	0.01249598715412287	0.024529159969204153	paired_processed	318.0	DONE	NA	CAMP_processed_original_author_pair_table	results/BRCA/04_ROBUSTNESS/20260921T112611Z_metabolite318_paired_v1/paired_metabolite318.tsv	5f78d08a696d5fac3d95c697b0eb05358cfa1868	EXACT_COLUMN_COPY_NO_RECALCULATION
BRCA	CAMP_BRCA1_Terunuma	04_ROBUSTNESS	20260921T112611Z_metabolite318_paired_v1	metabolite318_paired_v1	paired_author_available	KEGG:C00013	pyrophosphate (PPi)	NA	author_paired_case	8	8	mean_paired_difference_author_scale	-1.5680352205701376	-2.50656160674543	-0.632570121137607	0.058707408431205	0.10908215243991638	paired_author_available	288.0	DONE	NA	CAMP_processed_original_author_pair_table	results/BRCA/04_ROBUSTNESS/20260921T112611Z_metabolite318_paired_v1/paired_metabolite318.tsv	5f78d08a696d5fac3d95c697b0eb05358cfa1868	EXACT_COLUMN_COPY_NO_RECALCULATION
BRCA	CAMP_BRCA1_Terunuma	04_ROBUSTNESS	20260921T112611Z_metabolite318_paired_v1	metabolite318_paired_v1	paired_processed	KEGG:C00022	pyruvate	NA	author_paired_case	45	45	mean_paired_difference_author_scale	-0.48081968419363547	-1.3689326719036197	0.3756795773757683	0.3679798872705954	0.4606992289450761	paired_processed	318.0	DONE	NA	CAMP_processed_original_author_pair_table	results/BRCA/04_ROBUSTNESS/20260921T112611Z_metabolite318_paired_v1/paired_metabolite318.tsv	5f78d08a696d5fac3d95c697b0eb05358cfa1868	EXACT_COLUMN_COPY_NO_RECALCULATION
BRCA	CAMP_BRCA1_Terunuma	04_ROBUSTNESS	20260921T112611Z_metabolite318_paired_v1	metabolite318_paired_v1	paired_author_available	KEGG:C00022	pyruvate	NA	author_paired_case	28	28	mean_paired_difference_author_scale	-0.6767321594389214	-1.5702295965762116	0.1588335376568725	0.16138083901671618	0.2312322469493247	paired_author_available	288.0	DONE	NA	CAMP_processed_original_author_pair_table	results/BRCA/04_ROBUSTNESS/20260921T112611Z_metabolite318_paired_v1/paired_metabolite318.tsv	5f78d08a696d5fac3d95c697b0eb05358cfa1868	EXACT_COLUMN_COPY_NO_RECALCULATION
BRCA	CAMP_BRCA1_Terunuma	04_ROBUSTNESS	20260921T112611Z_metabolite318_paired_v1	metabolite318_paired_v1	paired_processed	KEGG:C00474	ribitol	NA	author_paired_case	45	45	mean_paired_difference_author_scale	0.3834151030845265	-0.04691192463831035	0.8047922740245483	0.11726200057852432	0.175067212131318	paired_processed	318.0	DONE	NA	CAMP_processed_original_author_pair_table	results/BRCA/04_ROBUSTNESS/20260921T112611Z_metabolite318_paired_v1/paired_metabolite318.tsv	5f78d08a696d5fac3d95c697b0eb05358cfa1868	EXACT_COLUMN_COPY_NO_RECALCULATION
BRCA	CAMP_BRCA1_Terunuma	04_ROBUSTNESS	20260921T112611Z_metabolite318_paired_v1	metabolite318_paired_v1	paired_author_available	KEGG:C00474	ribitol	NA	author_paired_case	3	3	mean_paired_difference_author_scale	NA	NA	NA	NA	NA	paired_author_available	288.0	NOT_EVALUABLE	fewer_than8_complete_author_available_pairs	CAMP_processed_original_author_pair_table	results/BRCA/04_ROBUSTNESS/20260921T112611Z_metabolite318_paired_v1/paired_metabolite318.tsv	5f78d08a696d5fac3d95c697b0eb05358cfa1868	EXACT_COLUMN_COPY_NO_RECALCULATION
BRCA	CAMP_BRCA1_Terunuma	04_ROBUSTNESS	20260921T112611Z_metabolite318_paired_v1	metabolite318_paired_v1	paired_processed	KEGG:C00255	riboflavin (Vitamin B2)	NA	author_paired_case	45	45	mean_paired_difference_author_scale	0.624031591345511	0.31598794044352807	0.9315126528323643	0.0007629052229073443	0.002307232955990997	paired_processed	318.0	DONE	NA	CAMP_processed_original_author_pair_table	results/BRCA/04_ROBUSTNESS/20260921T112611Z_metabolite318_paired_v1/paired_metabolite318.tsv	5f78d08a696d5fac3d95c697b0eb05358cfa1868	EXACT_COLUMN_COPY_NO_RECALCULATION
BRCA	CAMP_BRCA1_Terunuma	04_ROBUSTNESS	20260921T112611Z_metabolite318_paired_v1	metabolite318_paired_v1	paired_author_available	KEGG:C00255	riboflavin (Vitamin B2)	NA	author_paired_case	11	11	mean_paired_difference_author_scale	0.09418528550053668	-0.49162262487586955	0.7038155288518513	0.9645413845555681	0.978126474478886	paired_author_available	288.0	DONE	NA	CAMP_processed_original_author_pair_table	results/BRCA/04_ROBUSTNESS/20260921T112611Z_metabolite318_paired_v1/paired_metabolite318.tsv	5f78d08a696d5fac3d95c697b0eb05358cfa1868	EXACT_COLUMN_COPY_NO_RECALCULATION
BRCA	CAMP_BRCA1_Terunuma	04_ROBUSTNESS	20260921T112611Z_metabolite318_paired_v1	metabolite318_paired_v1	paired_processed	KEGG:C00121	ribose	NA	author_paired_case	45	45	mean_paired_difference_author_scale	1.0493904354564065	0.5643627992330876	1.530434718053789	6.929403336523139e-05	0.0002825064437197895	paired_processed	318.0	DONE	NA	CAMP_processed_original_author_pair_table	results/BRCA/04_ROBUSTNESS/20260921T112611Z_metabolite318_paired_v1/paired_metabolite318.tsv	5f78d08a696d5fac3d95c697b0eb05358cfa1868	EXACT_COLUMN_COPY_NO_RECALCULATION
BRCA	CAMP_BRCA1_Terunuma	04_ROBUSTNESS	20260921T112611Z_metabolite318_paired_v1	metabolite318_paired_v1	paired_author_available	KEGG:C00121	ribose	NA	author_paired_case	30	30	mean_paired_difference_author_scale	0.38740195025086677	0.022392184309033076	0.730715827789527	0.007050438453850468	0.02333938246791879	paired_author_available	288.0	DONE	NA	CAMP_processed_original_author_pair_table	results/BRCA/04_ROBUSTNESS/20260921T112611Z_metabolite318_paired_v1/paired_metabolite318.tsv	5f78d08a696d5fac3d95c697b0eb05358cfa1868	EXACT_COLUMN_COPY_NO_RECALCULATION
BRCA	CAMP_BRCA1_Terunuma	04_ROBUSTNESS	20260921T112611Z_metabolite318_paired_v1	metabolite318_paired_v1	paired_processed	KEGG:C00021	S-adenosylhomocysteine (SAH)	NA	author_paired_case	45	45	mean_paired_difference_author_scale	0.668112925820262	0.19248389942949476	1.1505815389398653	0.0186956882529775	0.03517886902039553	paired_processed	318.0	DONE	NA	CAMP_processed_original_author_pair_table	results/BRCA/04_ROBUSTNESS/20260921T112611Z_metabolite318_paired_v1/paired_metabolite318.tsv	5f78d08a696d5fac3d95c697b0eb05358cfa1868	EXACT_COLUMN_COPY_NO_RECALCULATION
BRCA	CAMP_BRCA1_Terunuma	04_ROBUSTNESS	20260921T112611Z_metabolite318_paired_v1	metabolite318_paired_v1	paired_author_available	KEGG:C00021	S-adenosylhomocysteine (SAH)	NA	author_paired_case	34	34	mean_paired_difference_author_scale	0.4419465217610028	0.05638961140986445	0.8355294156247475	0.06735061851501192	0.1168492658573701	paired_author_available	288.0	DONE	NA	CAMP_processed_original_author_pair_table	results/BRCA/04_ROBUSTNESS/20260921T112611Z_metabolite318_paired_v1/paired_metabolite318.tsv	5f78d08a696d5fac3d95c697b0eb05358cfa1868	EXACT_COLUMN_COPY_NO_RECALCULATION
BRCA	CAMP_BRCA1_Terunuma	04_ROBUSTNESS	20260921T112611Z_metabolite318_paired_v1	metabolite318_paired_v1	paired_processed	KEGG:C06153	scyllo-inositol	NA	author_paired_case	45	45	mean_paired_difference_author_scale	-0.021521142667911282	-0.3294034671970849	0.2699938963306759	1.0	1.0	paired_processed	318.0	DONE	NA	CAMP_processed_original_author_pair_table	results/BRCA/04_ROBUSTNESS/20260921T112611Z_metabolite318_paired_v1/paired_metabolite318.tsv	5f78d08a696d5fac3d95c697b0eb05358cfa1868	EXACT_COLUMN_COPY_NO_RECALCULATION
BRCA	CAMP_BRCA1_Terunuma	04_ROBUSTNESS	20260921T112611Z_metabolite318_paired_v1	metabolite318_paired_v1	paired_author_available	KEGG:C06153	scyllo-inositol	NA	author_paired_case	44	44	mean_paired_difference_author_scale	-0.06721326342855702	-0.3664928182114954	0.20280449347196294	0.8109203034774982	0.868197202236132	paired_author_available	288.0	DONE	NA	CAMP_processed_original_author_pair_table	results/BRCA/04_ROBUSTNESS/20260921T112611Z_metabolite318_paired_v1/paired_metabolite318.tsv	5f78d08a696d5fac3d95c697b0eb05358cfa1868	EXACT_COLUMN_COPY_NO_RECALCULATION
BRCA	CAMP_BRCA1_Terunuma	04_ROBUSTNESS	20260921T112611Z_metabolite318_paired_v1	metabolite318_paired_v1	paired_processed	KEGG:C00065	serine	NA	author_paired_case	45	45	mean_paired_difference_author_scale	0.3195974596105203	0.0782178478086464	0.5485796284696429	0.006522272217576095	0.013735646127080782	paired_processed	318.0	DONE	NA	CAMP_processed_original_author_pair_table	results/BRCA/04_ROBUSTNESS/20260921T112611Z_metabolite318_paired_v1/paired_metabolite318.tsv	5f78d08a696d5fac3d95c697b0eb05358cfa1868	EXACT_COLUMN_COPY_NO_RECALCULATION
BRCA	CAMP_BRCA1_Terunuma	04_ROBUSTNESS	20260921T112611Z_metabolite318_paired_v1	metabolite318_paired_v1	paired_author_available	KEGG:C00065	serine	NA	author_paired_case	45	45	mean_paired_difference_author_scale	0.3195974596105203	0.09045251793700558	0.5422491973515298	0.006522272217576095	0.022457659371699388	paired_author_available	288.0	DONE	NA	CAMP_processed_original_author_pair_table	results/BRCA/04_ROBUSTNESS/20260921T112611Z_metabolite318_paired_v1/paired_metabolite318.tsv	5f78d08a696d5fac3d95c697b0eb05358cfa1868	EXACT_COLUMN_COPY_NO_RECALCULATION
BRCA	CAMP_BRCA1_Terunuma	04_ROBUSTNESS	20260921T112611Z_metabolite318_paired_v1	metabolite318_paired_v1	paired_processed	KEGG:C00794	sorbitol	NA	author_paired_case	45	45	mean_paired_difference_author_scale	1.0086032832569511	0.3503332627566956	1.6930787115926313	0.008395519295690046	0.017113943179675864	paired_processed	318.0	DONE	NA	CAMP_processed_original_author_pair_table	results/BRCA/04_ROBUSTNESS/20260921T112611Z_metabolite318_paired_v1/paired_metabolite318.tsv	5f78d08a696d5fac3d95c697b0eb05358cfa1868	EXACT_COLUMN_COPY_NO_RECALCULATION
BRCA	CAMP_BRCA1_Terunuma	04_ROBUSTNESS	20260921T112611Z_metabolite318_paired_v1	metabolite318_paired_v1	paired_author_available	KEGG:C00794	sorbitol	NA	author_paired_case	8	8	mean_paired_difference_author_scale	-0.38955940366643804	-1.4032284393346532	0.5440369878224519	0.6240645324651697	0.7132166085316225	paired_author_available	288.0	DONE	NA	CAMP_processed_original_author_pair_table	results/BRCA/04_ROBUSTNESS/20260921T112611Z_metabolite318_paired_v1/paired_metabolite318.tsv	5f78d08a696d5fac3d95c697b0eb05358cfa1868	EXACT_COLUMN_COPY_NO_RECALCULATION
BRCA	CAMP_BRCA1_Terunuma	04_ROBUSTNESS	20260921T112611Z_metabolite318_paired_v1	metabolite318_paired_v1	paired_processed	KEGG:C00315	spermidine	NA	author_paired_case	45	45	mean_paired_difference_author_scale	-0.22341920144577337	-0.5725942097110959	0.14752677650318824	0.19817066876226208	0.2731654800308118	paired_processed	318.0	DONE	NA	CAMP_processed_original_author_pair_table	results/BRCA/04_ROBUSTNESS/20260921T112611Z_metabolite318_paired_v1/paired_metabolite318.tsv	5f78d08a696d5fac3d95c697b0eb05358cfa1868	EXACT_COLUMN_COPY_NO_RECALCULATION
BRCA	CAMP_BRCA1_Terunuma	04_ROBUSTNESS	20260921T112611Z_metabolite318_paired_v1	metabolite318_paired_v1	paired_author_available	KEGG:C00315	spermidine	NA	author_paired_case	42	42	mean_paired_difference_author_scale	-0.34540315830940244	-0.7001564548833087	0.012690176146821032	0.0511080354485254	0.09812742806116877	paired_author_available	288.0	DONE	NA	CAMP_processed_original_author_pair_table	results/BRCA/04_ROBUSTNESS/20260921T112611Z_metabolite318_paired_v1/paired_metabolite318.tsv	5f78d08a696d5fac3d95c697b0eb05358cfa1868	EXACT_COLUMN_COPY_NO_RECALCULATION
BRCA	CAMP_BRCA1_Terunuma	04_ROBUSTNESS	20260921T112611Z_metabolite318_paired_v1	metabolite318_paired_v1	paired_processed	KEGG:C00750	spermine	NA	author_paired_case	45	45	mean_paired_difference_author_scale	-0.23085406283441315	-0.6438746529048124	0.1769199892461118	0.21967734078304701	0.2995722680395506	paired_processed	318.0	DONE	NA	CAMP_processed_original_author_pair_table	results/BRCA/04_ROBUSTNESS/20260921T112611Z_metabolite318_paired_v1/paired_metabolite318.tsv	5f78d08a696d5fac3d95c697b0eb05358cfa1868	EXACT_COLUMN_COPY_NO_RECALCULATION
BRCA	CAMP_BRCA1_Terunuma	04_ROBUSTNESS	20260921T112611Z_metabolite318_paired_v1	metabolite318_paired_v1	paired_author_available	KEGG:C00750	spermine	NA	author_paired_case	4	4	mean_paired_difference_author_scale	NA	NA	NA	NA	NA	paired_author_available	288.0	NOT_EVALUABLE	fewer_than8_complete_author_available_pairs	CAMP_processed_original_author_pair_table	results/BRCA/04_ROBUSTNESS/20260921T112611Z_metabolite318_paired_v1/paired_metabolite318.tsv	5f78d08a696d5fac3d95c697b0eb05358cfa1868	EXACT_COLUMN_COPY_NO_RECALCULATION
BRCA	CAMP_BRCA1_Terunuma	04_ROBUSTNESS	20260921T112611Z_metabolite318_paired_v1	metabolite318_paired_v1	paired_processed	KEGG:C00319	sphingosine	NA	author_paired_case	45	45	mean_paired_difference_author_scale	2.074870697745158	1.449772332294429	2.6918521829454223	1.1004730378203108e-06	1.470662006506065e-05	paired_processed	318.0	DONE	NA	CAMP_processed_original_author_pair_table	results/BRCA/04_ROBUSTNESS/20260921T112611Z_metabolite318_paired_v1/paired_metabolite318.tsv	5f78d08a696d5fac3d95c697b0eb05358cfa1868	EXACT_COLUMN_COPY_NO_RECALCULATION
BRCA	CAMP_BRCA1_Terunuma	04_ROBUSTNESS	20260921T112611Z_metabolite318_paired_v1	metabolite318_paired_v1	paired_author_available	KEGG:C00319	sphingosine	NA	author_paired_case	7	7	mean_paired_difference_author_scale	NA	NA	NA	NA	NA	paired_author_available	288.0	NOT_EVALUABLE	fewer_than8_complete_author_available_pairs	CAMP_processed_original_author_pair_table	results/BRCA/04_ROBUSTNESS/20260921T112611Z_metabolite318_paired_v1/paired_metabolite318.tsv	5f78d08a696d5fac3d95c697b0eb05358cfa1868	EXACT_COLUMN_COPY_NO_RECALCULATION
BRCA	CAMP_BRCA1_Terunuma	04_ROBUSTNESS	20260921T112611Z_metabolite318_paired_v1	metabolite318_paired_v1	paired_processed	KEGG:C00751	squalene	NA	author_paired_case	45	45	mean_paired_difference_author_scale	-1.152288519644362	-1.745210358870752	-0.6056498764142726	0.0006376999754867914	0.001988123452988232	paired_processed	318.0	DONE	NA	CAMP_processed_original_author_pair_table	results/BRCA/04_ROBUSTNESS/20260921T112611Z_metabolite318_paired_v1/paired_metabolite318.tsv	5f78d08a696d5fac3d95c697b0eb05358cfa1868	EXACT_COLUMN_COPY_NO_RECALCULATION
BRCA	CAMP_BRCA1_Terunuma	04_ROBUSTNESS	20260921T112611Z_metabolite318_paired_v1	metabolite318_paired_v1	paired_author_available	KEGG:C00751	squalene	NA	author_paired_case	21	21	mean_paired_difference_author_scale	-0.6934885806517523	-1.2547648018120556	-0.14692233898805201	0.043805863482537934	0.08681618764198638	paired_author_available	288.0	DONE	NA	CAMP_processed_original_author_pair_table	results/BRCA/04_ROBUSTNESS/20260921T112611Z_metabolite318_paired_v1/paired_metabolite318.tsv	5f78d08a696d5fac3d95c697b0eb05358cfa1868	EXACT_COLUMN_COPY_NO_RECALCULATION
BRCA	CAMP_BRCA1_Terunuma	04_ROBUSTNESS	20260921T112611Z_metabolite318_paired_v1	metabolite318_paired_v1	paired_processed	KEGG:C10172	stachydrine	NA	author_paired_case	45	45	mean_paired_difference_author_scale	0.47380069030418426	0.14218012535790323	0.8403939051756043	0.0035573708444532203	0.008442118869672567	paired_processed	318.0	DONE	NA	CAMP_processed_original_author_pair_table	results/BRCA/04_ROBUSTNESS/20260921T112611Z_metabolite318_paired_v1/paired_metabolite318.tsv	5f78d08a696d5fac3d95c697b0eb05358cfa1868	EXACT_COLUMN_COPY_NO_RECALCULATION
BRCA	CAMP_BRCA1_Terunuma	04_ROBUSTNESS	20260921T112611Z_metabolite318_paired_v1	metabolite318_paired_v1	paired_author_available	KEGG:C10172	stachydrine	NA	author_paired_case	29	29	mean_paired_difference_author_scale	0.20199198620594463	-0.022818838255860088	0.4204778064134234	0.06294280472542635	0.11400960855926282	paired_author_available	288.0	DONE	NA	CAMP_processed_original_author_pair_table	results/BRCA/04_ROBUSTNESS/20260921T112611Z_metabolite318_paired_v1/paired_metabolite318.tsv	5f78d08a696d5fac3d95c697b0eb05358cfa1868	EXACT_COLUMN_COPY_NO_RECALCULATION
BRCA	CAMP_BRCA1_Terunuma	04_ROBUSTNESS	20260921T112611Z_metabolite318_paired_v1	metabolite318_paired_v1	paired_processed	KEGG:C01530	stearate (18:0)	NA	author_paired_case	45	45	mean_paired_difference_author_scale	-0.14459085133285351	-0.3022046506479369	0.017849651948725544	0.026941791393394095	0.04867891854033706	paired_processed	318.0	DONE	NA	CAMP_processed_original_author_pair_table	results/BRCA/04_ROBUSTNESS/20260921T112611Z_metabolite318_paired_v1/paired_metabolite318.tsv	5f78d08a696d5fac3d95c697b0eb05358cfa1868	EXACT_COLUMN_COPY_NO_RECALCULATION
BRCA	CAMP_BRCA1_Terunuma	04_ROBUSTNESS	20260921T112611Z_metabolite318_paired_v1	metabolite318_paired_v1	paired_author_available	KEGG:C01530	stearate (18:0)	NA	author_paired_case	45	45	mean_paired_difference_author_scale	-0.14459085133285351	-0.29866570831607975	0.014884890353502106	0.026941791393394095	0.06061903063513672	paired_author_available	288.0	DONE	NA	CAMP_processed_original_author_pair_table	results/BRCA/04_ROBUSTNESS/20260921T112611Z_metabolite318_paired_v1/paired_metabolite318.tsv	5f78d08a696d5fac3d95c697b0eb05358cfa1868	EXACT_COLUMN_COPY_NO_RECALCULATION
BRCA	CAMP_BRCA1_Terunuma	04_ROBUSTNESS	20260921T112611Z_metabolite318_paired_v1	metabolite318_paired_v1	paired_processed	KEGG:C16300	stearidonate (18:4n3)	NA	author_paired_case	45	45	mean_paired_difference_author_scale	0.35994109132484453	-0.12594953491248265	0.8520491866874568	0.22034634947453735	0.2995722680395506	paired_processed	318.0	DONE	NA	CAMP_processed_original_author_pair_table	results/BRCA/04_ROBUSTNESS/20260921T112611Z_metabolite318_paired_v1/paired_metabolite318.tsv	5f78d08a696d5fac3d95c697b0eb05358cfa1868	EXACT_COLUMN_COPY_NO_RECALCULATION
BRCA	CAMP_BRCA1_Terunuma	04_ROBUSTNESS	20260921T112611Z_metabolite318_paired_v1	metabolite318_paired_v1	paired_author_available	KEGG:C16300	stearidonate (18:4n3)	NA	author_paired_case	28	28	mean_paired_difference_author_scale	3.725456021078496e-05	-0.5043625969558779	0.4931118329899283	0.9546021048056208	0.973568677522683	paired_author_available	288.0	DONE	NA	CAMP_processed_original_author_pair_table	results/BRCA/04_ROBUSTNESS/20260921T112611Z_metabolite318_paired_v1/paired_metabolite318.tsv	5f78d08a696d5fac3d95c697b0eb05358cfa1868	EXACT_COLUMN_COPY_NO_RECALCULATION
BRCA	CAMP_BRCA1_Terunuma	04_ROBUSTNESS	20260921T112611Z_metabolite318_paired_v1	metabolite318_paired_v1	paired_processed	KEGG:C00550	stearoyl sphingomyelin (d18:1/18:0)	NA	author_paired_case	45	45	mean_paired_difference_author_scale	0.25163852729595326	-0.3052362423236576	0.8176972358005297	0.49479246990724013	0.5849219532732429	paired_processed	318.0	DONE	NA	CAMP_processed_original_author_pair_table	results/BRCA/04_ROBUSTNESS/20260921T112611Z_metabolite318_paired_v1/paired_metabolite318.tsv	5f78d08a696d5fac3d95c697b0eb05358cfa1868	EXACT_COLUMN_COPY_NO_RECALCULATION
BRCA	CAMP_BRCA1_Terunuma	04_ROBUSTNESS	20260921T112611Z_metabolite318_paired_v1	metabolite318_paired_v1	paired_author_available	KEGG:C00550	stearoyl sphingomyelin (d18:1/18:0)	NA	author_paired_case	31	31	mean_paired_difference_author_scale	-0.622921770085774	-1.058944085108278	-0.17070109233881534	0.013176499315144145	0.036210744591591806	paired_author_available	288.0	DONE	NA	CAMP_processed_original_author_pair_table	results/BRCA/04_ROBUSTNESS/20260921T112611Z_metabolite318_paired_v1/paired_metabolite318.tsv	5f78d08a696d5fac3d95c697b0eb05358cfa1868	EXACT_COLUMN_COPY_NO_RECALCULATION
BRCA	CAMP_BRCA1_Terunuma	04_ROBUSTNESS	20260921T112611Z_metabolite318_paired_v1	metabolite318_paired_v1	paired_processed	HMDB:HMDB00848	stearoylcarnitine	NA	author_paired_case	45	45	mean_paired_difference_author_scale	1.727542920498054	1.125863337051896	2.3843509736736928	1.5028967141936175e-05	8.534306341313757e-05	paired_processed	318.0	DONE	NA	CAMP_processed_original_author_pair_table	results/BRCA/04_ROBUSTNESS/20260921T112611Z_metabolite318_paired_v1/paired_metabolite318.tsv	5f78d08a696d5fac3d95c697b0eb05358cfa1868	EXACT_COLUMN_COPY_NO_RECALCULATION
BRCA	CAMP_BRCA1_Terunuma	04_ROBUSTNESS	20260921T112611Z_metabolite318_paired_v1	metabolite318_paired_v1	paired_author_available	HMDB:HMDB00848	stearoylcarnitine	NA	author_paired_case	8	8	mean_paired_difference_author_scale	0.8604600942898757	0.1092760967055805	1.5281310232721097	0.08005791998443475	0.1302637342119616	paired_author_available	288.0	DONE	NA	CAMP_processed_original_author_pair_table	results/BRCA/04_ROBUSTNESS/20260921T112611Z_metabolite318_paired_v1/paired_metabolite318.tsv	5f78d08a696d5fac3d95c697b0eb05358cfa1868	EXACT_COLUMN_COPY_NO_RECALCULATION
BRCA	CAMP_BRCA1_Terunuma	04_ROBUSTNESS	20260921T112611Z_metabolite318_paired_v1	metabolite318_paired_v1	paired_processed	KEGG:C00042	succinate	NA	author_paired_case	45	45	mean_paired_difference_author_scale	-0.36337384536773354	-0.690441902526295	-0.025159160882641706	0.01620575251930765	0.03104475482614357	paired_processed	318.0	DONE	NA	CAMP_processed_original_author_pair_table	results/BRCA/04_ROBUSTNESS/20260921T112611Z_metabolite318_paired_v1/paired_metabolite318.tsv	5f78d08a696d5fac3d95c697b0eb05358cfa1868	EXACT_COLUMN_COPY_NO_RECALCULATION
BRCA	CAMP_BRCA1_Terunuma	04_ROBUSTNESS	20260921T112611Z_metabolite318_paired_v1	metabolite318_paired_v1	paired_author_available	KEGG:C00042	succinate	NA	author_paired_case	42	42	mean_paired_difference_author_scale	-0.5333466712478335	-0.8253733360021639	-0.2550829813332679	0.0009214569994062634	0.004801044429458497	paired_author_available	288.0	DONE	NA	CAMP_processed_original_author_pair_table	results/BRCA/04_ROBUSTNESS/20260921T112611Z_metabolite318_paired_v1/paired_metabolite318.tsv	5f78d08a696d5fac3d95c697b0eb05358cfa1868	EXACT_COLUMN_COPY_NO_RECALCULATION
BRCA	CAMP_BRCA1_Terunuma	04_ROBUSTNESS	20260921T112611Z_metabolite318_paired_v1	metabolite318_paired_v1	paired_processed	NAME:succinylcarnitine	succinylcarnitine	NA	author_paired_case	45	45	mean_paired_difference_author_scale	0.9864532856185174	0.25358136500494377	1.696859493334314	0.025114077505365404	0.04589814164773678	paired_processed	318.0	DONE	NA	CAMP_processed_original_author_pair_table	results/BRCA/04_ROBUSTNESS/20260921T112611Z_metabolite318_paired_v1/paired_metabolite318.tsv	5f78d08a696d5fac3d95c697b0eb05358cfa1868	EXACT_COLUMN_COPY_NO_RECALCULATION
BRCA	CAMP_BRCA1_Terunuma	04_ROBUSTNESS	20260921T112611Z_metabolite318_paired_v1	metabolite318_paired_v1	paired_author_available	NAME:succinylcarnitine	succinylcarnitine	NA	author_paired_case	10	10	mean_paired_difference_author_scale	-1.97567412732204	-2.939672890313499	-1.0311918284481612	0.010826921277131306	0.03181789110014098	paired_author_available	288.0	DONE	NA	CAMP_processed_original_author_pair_table	results/BRCA/04_ROBUSTNESS/20260921T112611Z_metabolite318_paired_v1/paired_metabolite318.tsv	5f78d08a696d5fac3d95c697b0eb05358cfa1868	EXACT_COLUMN_COPY_NO_RECALCULATION
BRCA	CAMP_BRCA1_Terunuma	04_ROBUSTNESS	20260921T112611Z_metabolite318_paired_v1	metabolite318_paired_v1	paired_processed	KEGG:C00245	taurine	NA	author_paired_case	45	45	mean_paired_difference_author_scale	0.7943417540051824	0.4427663523819466	1.1713812112874642	0.00016321990508071416	0.0006035340676240361	paired_processed	318.0	DONE	NA	CAMP_processed_original_author_pair_table	results/BRCA/04_ROBUSTNESS/20260921T112611Z_metabolite318_paired_v1/paired_metabolite318.tsv	5f78d08a696d5fac3d95c697b0eb05358cfa1868	EXACT_COLUMN_COPY_NO_RECALCULATION
BRCA	CAMP_BRCA1_Terunuma	04_ROBUSTNESS	20260921T112611Z_metabolite318_paired_v1	metabolite318_paired_v1	paired_author_available	KEGG:C00245	taurine	NA	author_paired_case	38	38	mean_paired_difference_author_scale	0.4227233358305555	0.13328904520475665	0.7136849372913187	0.00668936150523586	0.022457659371699388	paired_author_available	288.0	DONE	NA	CAMP_processed_original_author_pair_table	results/BRCA/04_ROBUSTNESS/20260921T112611Z_metabolite318_paired_v1/paired_metabolite318.tsv	5f78d08a696d5fac3d95c697b0eb05358cfa1868	EXACT_COLUMN_COPY_NO_RECALCULATION
BRCA	CAMP_BRCA1_Terunuma	04_ROBUSTNESS	20260921T112611Z_metabolite318_paired_v1	metabolite318_paired_v1	paired_processed	KEGG:C01620	threonate	NA	author_paired_case	45	45	mean_paired_difference_author_scale	0.6380580555257067	0.08807743653528614	1.1525685434785695	0.04322762136888528	0.07351007270216856	paired_processed	318.0	DONE	NA	CAMP_processed_original_author_pair_table	results/BRCA/04_ROBUSTNESS/20260921T112611Z_metabolite318_paired_v1/paired_metabolite318.tsv	5f78d08a696d5fac3d95c697b0eb05358cfa1868	EXACT_COLUMN_COPY_NO_RECALCULATION
BRCA	CAMP_BRCA1_Terunuma	04_ROBUSTNESS	20260921T112611Z_metabolite318_paired_v1	metabolite318_paired_v1	paired_author_available	KEGG:C01620	threonate	NA	author_paired_case	17	17	mean_paired_difference_author_scale	-0.15288386233872964	-1.030675978793602	0.6955621990452697	0.7049070479306541	0.7808201146308783	paired_author_available	288.0	DONE	NA	CAMP_processed_original_author_pair_table	results/BRCA/04_ROBUSTNESS/20260921T112611Z_metabolite318_paired_v1/paired_metabolite318.tsv	5f78d08a696d5fac3d95c697b0eb05358cfa1868	EXACT_COLUMN_COPY_NO_RECALCULATION
BRCA	CAMP_BRCA1_Terunuma	04_ROBUSTNESS	20260921T112611Z_metabolite318_paired_v1	metabolite318_paired_v1	paired_processed	KEGG:C00188	threonine	NA	author_paired_case	45	45	mean_paired_difference_author_scale	0.07560779715829989	-0.2106235471849772	0.3653924451055145	0.5496796453489283	0.6379493694195592	paired_processed	318.0	DONE	NA	CAMP_processed_original_author_pair_table	results/BRCA/04_ROBUSTNESS/20260921T112611Z_metabolite318_paired_v1/paired_metabolite318.tsv	5f78d08a696d5fac3d95c697b0eb05358cfa1868	EXACT_COLUMN_COPY_NO_RECALCULATION
BRCA	CAMP_BRCA1_Terunuma	04_ROBUSTNESS	20260921T112611Z_metabolite318_paired_v1	metabolite318_paired_v1	paired_author_available	KEGG:C00188	threonine	NA	author_paired_case	45	45	mean_paired_difference_author_scale	0.07560779715829989	-0.19228539286265312	0.35472318151193566	0.5496796453489283	0.6346768961439128	paired_author_available	288.0	DONE	NA	CAMP_processed_original_author_pair_table	results/BRCA/04_ROBUSTNESS/20260921T112611Z_metabolite318_paired_v1/paired_metabolite318.tsv	5f78d08a696d5fac3d95c697b0eb05358cfa1868	EXACT_COLUMN_COPY_NO_RECALCULATION
BRCA	CAMP_BRCA1_Terunuma	04_ROBUSTNESS	20260921T112611Z_metabolite318_paired_v1	metabolite318_paired_v1	paired_processed	KEGG:C01157	trans-4-hydroxyproline	NA	author_paired_case	45	45	mean_paired_difference_author_scale	1.3714900513243597	0.9432461086846889	1.7991450850759223	1.0760936931680232e-05	6.843955888548627e-05	paired_processed	318.0	DONE	NA	CAMP_processed_original_author_pair_table	results/BRCA/04_ROBUSTNESS/20260921T112611Z_metabolite318_paired_v1/paired_metabolite318.tsv	5f78d08a696d5fac3d95c697b0eb05358cfa1868	EXACT_COLUMN_COPY_NO_RECALCULATION
BRCA	CAMP_BRCA1_Terunuma	04_ROBUSTNESS	20260921T112611Z_metabolite318_paired_v1	metabolite318_paired_v1	paired_author_available	KEGG:C01157	trans-4-hydroxyproline	NA	author_paired_case	18	18	mean_paired_difference_author_scale	1.0733634315804832	0.6262467408141048	1.5492735667120328	0.0009335364168391523	0.004801044429458497	paired_author_available	288.0	DONE	NA	CAMP_processed_original_author_pair_table	results/BRCA/04_ROBUSTNESS/20260921T112611Z_metabolite318_paired_v1/paired_metabolite318.tsv	5f78d08a696d5fac3d95c697b0eb05358cfa1868	EXACT_COLUMN_COPY_NO_RECALCULATION
BRCA	CAMP_BRCA1_Terunuma	04_ROBUSTNESS	20260921T112611Z_metabolite318_paired_v1	metabolite318_paired_v1	paired_processed	KEGG:C00078	tryptophan	NA	author_paired_case	45	45	mean_paired_difference_author_scale	0.07424533995772001	-0.13709483153885602	0.2774273412678599	0.3725448626709801	0.46277057159910806	paired_processed	318.0	DONE	NA	CAMP_processed_original_author_pair_table	results/BRCA/04_ROBUSTNESS/20260921T112611Z_metabolite318_paired_v1/paired_metabolite318.tsv	5f78d08a696d5fac3d95c697b0eb05358cfa1868	EXACT_COLUMN_COPY_NO_RECALCULATION
BRCA	CAMP_BRCA1_Terunuma	04_ROBUSTNESS	20260921T112611Z_metabolite318_paired_v1	metabolite318_paired_v1	paired_author_available	KEGG:C00078	tryptophan	NA	author_paired_case	45	45	mean_paired_difference_author_scale	0.07424533995772001	-0.13893560965964002	0.28480977140770636	0.3725448626709801	0.45271274451157073	paired_author_available	288.0	DONE	NA	CAMP_processed_original_author_pair_table	results/BRCA/04_ROBUSTNESS/20260921T112611Z_metabolite318_paired_v1/paired_metabolite318.tsv	5f78d08a696d5fac3d95c697b0eb05358cfa1868	EXACT_COLUMN_COPY_NO_RECALCULATION
BRCA	CAMP_BRCA1_Terunuma	04_ROBUSTNESS	20260921T112611Z_metabolite318_paired_v1	metabolite318_paired_v1	paired_processed	KEGG:C09213	tryptophan betaine	NA	author_paired_case	45	45	mean_paired_difference_author_scale	0.6598821769217112	0.37087497958388743	0.9402966493980938	7.992696051291915e-05	0.0003217313094064341	paired_processed	318.0	DONE	NA	CAMP_processed_original_author_pair_table	results/BRCA/04_ROBUSTNESS/20260921T112611Z_metabolite318_paired_v1/paired_metabolite318.tsv	5f78d08a696d5fac3d95c697b0eb05358cfa1868	EXACT_COLUMN_COPY_NO_RECALCULATION
BRCA	CAMP_BRCA1_Terunuma	04_ROBUSTNESS	20260921T112611Z_metabolite318_paired_v1	metabolite318_paired_v1	paired_author_available	KEGG:C09213	tryptophan betaine	NA	author_paired_case	29	29	mean_paired_difference_author_scale	0.6652932452834174	0.3383570164948117	0.9889364916466847	0.00046012099009299046	0.002598330296995711	paired_author_available	288.0	DONE	NA	CAMP_processed_original_author_pair_table	results/BRCA/04_ROBUSTNESS/20260921T112611Z_metabolite318_paired_v1/paired_metabolite318.tsv	5f78d08a696d5fac3d95c697b0eb05358cfa1868	EXACT_COLUMN_COPY_NO_RECALCULATION
BRCA	CAMP_BRCA1_Terunuma	04_ROBUSTNESS	20260921T112611Z_metabolite318_paired_v1	metabolite318_paired_v1	paired_processed	KEGG:C00082	tyrosine	NA	author_paired_case	45	45	mean_paired_difference_author_scale	-0.32355777064129493	-0.6075769652722495	-0.056109334708940084	0.0625402463560604	0.099938685131795	paired_processed	318.0	DONE	NA	CAMP_processed_original_author_pair_table	results/BRCA/04_ROBUSTNESS/20260921T112611Z_metabolite318_paired_v1/paired_metabolite318.tsv	5f78d08a696d5fac3d95c697b0eb05358cfa1868	EXACT_COLUMN_COPY_NO_RECALCULATION
BRCA	CAMP_BRCA1_Terunuma	04_ROBUSTNESS	20260921T112611Z_metabolite318_paired_v1	metabolite318_paired_v1	paired_author_available	KEGG:C00082	tyrosine	NA	author_paired_case	45	45	mean_paired_difference_author_scale	-0.32355777064129493	-0.5889391617046661	-0.059368807691106376	0.0625402463560604	0.11400960855926282	paired_author_available	288.0	DONE	NA	CAMP_processed_original_author_pair_table	results/BRCA/04_ROBUSTNESS/20260921T112611Z_metabolite318_paired_v1/paired_metabolite318.tsv	5f78d08a696d5fac3d95c697b0eb05358cfa1868	EXACT_COLUMN_COPY_NO_RECALCULATION
BRCA	CAMP_BRCA1_Terunuma	04_ROBUSTNESS	20260921T112611Z_metabolite318_paired_v1	metabolite318_paired_v1	paired_processed	KEGG:C00106	uracil	NA	author_paired_case	45	45	mean_paired_difference_author_scale	2.1726794967236334	1.6739308467685865	2.697787420701598	8.780878956556333e-08	3.1736397629373487e-06	paired_processed	318.0	DONE	NA	CAMP_processed_original_author_pair_table	results/BRCA/04_ROBUSTNESS/20260921T112611Z_metabolite318_paired_v1/paired_metabolite318.tsv	5f78d08a696d5fac3d95c697b0eb05358cfa1868	EXACT_COLUMN_COPY_NO_RECALCULATION
BRCA	CAMP_BRCA1_Terunuma	04_ROBUSTNESS	20260921T112611Z_metabolite318_paired_v1	metabolite318_paired_v1	paired_author_available	KEGG:C00106	uracil	NA	author_paired_case	40	40	mean_paired_difference_author_scale	1.9362510202691623	1.4242465334599548	2.438973778930877	8.382897164258988e-07	1.3412635462814381e-05	paired_author_available	288.0	DONE	NA	CAMP_processed_original_author_pair_table	results/BRCA/04_ROBUSTNESS/20260921T112611Z_metabolite318_paired_v1/paired_metabolite318.tsv	5f78d08a696d5fac3d95c697b0eb05358cfa1868	EXACT_COLUMN_COPY_NO_RECALCULATION
BRCA	CAMP_BRCA1_Terunuma	04_ROBUSTNESS	20260921T112611Z_metabolite318_paired_v1	metabolite318_paired_v1	paired_processed	KEGG:C00366	urate	NA	author_paired_case	45	45	mean_paired_difference_author_scale	0.011331786876804155	-0.3569822802151284	0.3928736064816806	0.930253066595316	0.957347816107801	paired_processed	318.0	DONE	NA	CAMP_processed_original_author_pair_table	results/BRCA/04_ROBUSTNESS/20260921T112611Z_metabolite318_paired_v1/paired_metabolite318.tsv	5f78d08a696d5fac3d95c697b0eb05358cfa1868	EXACT_COLUMN_COPY_NO_RECALCULATION
BRCA	CAMP_BRCA1_Terunuma	04_ROBUSTNESS	20260921T112611Z_metabolite318_paired_v1	metabolite318_paired_v1	paired_author_available	KEGG:C00366	urate	NA	author_paired_case	37	37	mean_paired_difference_author_scale	-0.1784701102924246	-0.524668893957952	0.19534009340995354	0.2642573098714267	0.34751646229667077	paired_author_available	288.0	DONE	NA	CAMP_processed_original_author_pair_table	results/BRCA/04_ROBUSTNESS/20260921T112611Z_metabolite318_paired_v1/paired_metabolite318.tsv	5f78d08a696d5fac3d95c697b0eb05358cfa1868	EXACT_COLUMN_COPY_NO_RECALCULATION
BRCA	CAMP_BRCA1_Terunuma	04_ROBUSTNESS	20260921T112611Z_metabolite318_paired_v1	metabolite318_paired_v1	paired_processed	KEGG:C00086	urea	NA	author_paired_case	45	45	mean_paired_difference_author_scale	0.13453676484795538	-0.1414329093971261	0.4192414379629649	0.2990583890706696	0.38192999086133705	paired_processed	318.0	DONE	NA	CAMP_processed_original_author_pair_table	results/BRCA/04_ROBUSTNESS/20260921T112611Z_metabolite318_paired_v1/paired_metabolite318.tsv	5f78d08a696d5fac3d95c697b0eb05358cfa1868	EXACT_COLUMN_COPY_NO_RECALCULATION
BRCA	CAMP_BRCA1_Terunuma	04_ROBUSTNESS	20260921T112611Z_metabolite318_paired_v1	metabolite318_paired_v1	paired_author_available	KEGG:C00086	urea	NA	author_paired_case	45	45	mean_paired_difference_author_scale	0.13453676484795538	-0.15605807700372681	0.4227165738577977	0.2990583890706696	0.3811009559838622	paired_author_available	288.0	DONE	NA	CAMP_processed_original_author_pair_table	results/BRCA/04_ROBUSTNESS/20260921T112611Z_metabolite318_paired_v1/paired_metabolite318.tsv	5f78d08a696d5fac3d95c697b0eb05358cfa1868	EXACT_COLUMN_COPY_NO_RECALCULATION
BRCA	CAMP_BRCA1_Terunuma	04_ROBUSTNESS	20260921T112611Z_metabolite318_paired_v1	metabolite318_paired_v1	paired_processed	KEGG:C00299	uridine	NA	author_paired_case	45	45	mean_paired_difference_author_scale	-0.02940711076738446	-0.1626216018675484	0.1056843849385526	0.4770125069333837	0.5681272554487491	paired_processed	318.0	DONE	NA	CAMP_processed_original_author_pair_table	results/BRCA/04_ROBUSTNESS/20260921T112611Z_metabolite318_paired_v1/paired_metabolite318.tsv	5f78d08a696d5fac3d95c697b0eb05358cfa1868	EXACT_COLUMN_COPY_NO_RECALCULATION
BRCA	CAMP_BRCA1_Terunuma	04_ROBUSTNESS	20260921T112611Z_metabolite318_paired_v1	metabolite318_paired_v1	paired_author_available	KEGG:C00299	uridine	NA	author_paired_case	45	45	mean_paired_difference_author_scale	-0.02940711076738446	-0.15905532632908204	0.10108668182482598	0.4770125069333837	0.568542609986665	paired_author_available	288.0	DONE	NA	CAMP_processed_original_author_pair_table	results/BRCA/04_ROBUSTNESS/20260921T112611Z_metabolite318_paired_v1/paired_metabolite318.tsv	5f78d08a696d5fac3d95c697b0eb05358cfa1868	EXACT_COLUMN_COPY_NO_RECALCULATION
BRCA	CAMP_BRCA1_Terunuma	04_ROBUSTNESS	20260921T112611Z_metabolite318_paired_v1	metabolite318_paired_v1	paired_processed	HMDB:HMDB13128	valerylcarnitine	NA	author_paired_case	45	45	mean_paired_difference_author_scale	-0.062179062801428805	-0.5491849323535467	0.41422306677102555	0.795075751282456	0.8639182351582329	paired_processed	318.0	DONE	NA	CAMP_processed_original_author_pair_table	results/BRCA/04_ROBUSTNESS/20260921T112611Z_metabolite318_paired_v1/paired_metabolite318.tsv	5f78d08a696d5fac3d95c697b0eb05358cfa1868	EXACT_COLUMN_COPY_NO_RECALCULATION
BRCA	CAMP_BRCA1_Terunuma	04_ROBUSTNESS	20260921T112611Z_metabolite318_paired_v1	metabolite318_paired_v1	paired_author_available	HMDB:HMDB13128	valerylcarnitine	NA	author_paired_case	9	9	mean_paired_difference_author_scale	-1.2520023697339775	-2.1441838913796976	-0.4458845732942386	0.0329693812442201	0.06831066041967906	paired_author_available	288.0	DONE	NA	CAMP_processed_original_author_pair_table	results/BRCA/04_ROBUSTNESS/20260921T112611Z_metabolite318_paired_v1/paired_metabolite318.tsv	5f78d08a696d5fac3d95c697b0eb05358cfa1868	EXACT_COLUMN_COPY_NO_RECALCULATION
BRCA	CAMP_BRCA1_Terunuma	04_ROBUSTNESS	20260921T112611Z_metabolite318_paired_v1	metabolite318_paired_v1	paired_processed	KEGG:C00183	valine	NA	author_paired_case	45	45	mean_paired_difference_author_scale	-0.06103084096927363	-0.30056682823472347	0.15921276761806785	0.9011861629448708	0.9378648541690493	paired_processed	318.0	DONE	NA	CAMP_processed_original_author_pair_table	results/BRCA/04_ROBUSTNESS/20260921T112611Z_metabolite318_paired_v1/paired_metabolite318.tsv	5f78d08a696d5fac3d95c697b0eb05358cfa1868	EXACT_COLUMN_COPY_NO_RECALCULATION
BRCA	CAMP_BRCA1_Terunuma	04_ROBUSTNESS	20260921T112611Z_metabolite318_paired_v1	metabolite318_paired_v1	paired_author_available	KEGG:C00183	valine	NA	author_paired_case	45	45	mean_paired_difference_author_scale	-0.06103084096927363	-0.29215368223770133	0.1590247628559697	0.9011861629448708	0.9369733390906959	paired_author_available	288.0	DONE	NA	CAMP_processed_original_author_pair_table	results/BRCA/04_ROBUSTNESS/20260921T112611Z_metabolite318_paired_v1/paired_metabolite318.tsv	5f78d08a696d5fac3d95c697b0eb05358cfa1868	EXACT_COLUMN_COPY_NO_RECALCULATION
BRCA	CAMP_BRCA1_Terunuma	04_ROBUSTNESS	20260921T112611Z_metabolite318_paired_v1	metabolite318_paired_v1	paired_processed	KEGG:C00385	xanthine	NA	author_paired_case	45	45	mean_paired_difference_author_scale	-0.8455939500458085	-1.182741440460845	-0.5217356706773085	1.318603086228943e-05	7.76510706334822e-05	paired_processed	318.0	DONE	NA	CAMP_processed_original_author_pair_table	results/BRCA/04_ROBUSTNESS/20260921T112611Z_metabolite318_paired_v1/paired_metabolite318.tsv	5f78d08a696d5fac3d95c697b0eb05358cfa1868	EXACT_COLUMN_COPY_NO_RECALCULATION
BRCA	CAMP_BRCA1_Terunuma	04_ROBUSTNESS	20260921T112611Z_metabolite318_paired_v1	metabolite318_paired_v1	paired_author_available	KEGG:C00385	xanthine	NA	author_paired_case	45	45	mean_paired_difference_author_scale	-0.8455939500458085	-1.1821904479310275	-0.5150606877422356	1.318603086228943e-05	0.00014065099586442058	paired_author_available	288.0	DONE	NA	CAMP_processed_original_author_pair_table	results/BRCA/04_ROBUSTNESS/20260921T112611Z_metabolite318_paired_v1/paired_metabolite318.tsv	5f78d08a696d5fac3d95c697b0eb05358cfa1868	EXACT_COLUMN_COPY_NO_RECALCULATION
BRCA	CAMP_BRCA1_Terunuma	04_ROBUSTNESS	20260921T112611Z_metabolite318_paired_v1	metabolite318_paired_v1	paired_processed	KEGG:C01762	xanthosine	NA	author_paired_case	45	45	mean_paired_difference_author_scale	0.6499692682929532	0.23723355277187	1.0460262629596804	0.004924490056229405	0.010770434105142241	paired_processed	318.0	DONE	NA	CAMP_processed_original_author_pair_table	results/BRCA/04_ROBUSTNESS/20260921T112611Z_metabolite318_paired_v1/paired_metabolite318.tsv	5f78d08a696d5fac3d95c697b0eb05358cfa1868	EXACT_COLUMN_COPY_NO_RECALCULATION
BRCA	CAMP_BRCA1_Terunuma	04_ROBUSTNESS	20260921T112611Z_metabolite318_paired_v1	metabolite318_paired_v1	paired_author_available	KEGG:C01762	xanthosine	NA	author_paired_case	20	20	mean_paired_difference_author_scale	0.027639606519979674	-0.519142728450217	0.6060843399757728	0.9256400695886233	0.9545641627681694	paired_author_available	288.0	DONE	NA	CAMP_processed_original_author_pair_table	results/BRCA/04_ROBUSTNESS/20260921T112611Z_metabolite318_paired_v1/paired_metabolite318.tsv	5f78d08a696d5fac3d95c697b0eb05358cfa1868	EXACT_COLUMN_COPY_NO_RECALCULATION
BRCA	CAMP_BRCA1_Terunuma	04_ROBUSTNESS	20260921T112611Z_metabolite318_paired_v1	metabolite318_paired_v1	paired_processed	NAME:X - 03056	X - 03056	NA	author_paired_case	45	45	mean_paired_difference_author_scale	0.20455546908185554	-0.14323231404040807	0.531917891516071	0.2579462367503843	0.33895414581248845	paired_processed	318.0	DONE	NA	CAMP_processed_original_author_pair_table	results/BRCA/04_ROBUSTNESS/20260921T112611Z_metabolite318_paired_v1/paired_metabolite318.tsv	5f78d08a696d5fac3d95c697b0eb05358cfa1868	EXACT_COLUMN_COPY_NO_RECALCULATION
BRCA	CAMP_BRCA1_Terunuma	04_ROBUSTNESS	20260921T112611Z_metabolite318_paired_v1	metabolite318_paired_v1	paired_author_available	NAME:X - 03056	X - 03056	NA	author_paired_case	6	6	mean_paired_difference_author_scale	NA	NA	NA	NA	NA	paired_author_available	288.0	NOT_EVALUABLE	fewer_than8_complete_author_available_pairs	CAMP_processed_original_author_pair_table	results/BRCA/04_ROBUSTNESS/20260921T112611Z_metabolite318_paired_v1/paired_metabolite318.tsv	5f78d08a696d5fac3d95c697b0eb05358cfa1868	EXACT_COLUMN_COPY_NO_RECALCULATION
BRCA	CAMP_BRCA1_Terunuma	04_ROBUSTNESS	20260921T112611Z_metabolite318_paired_v1	metabolite318_paired_v1	paired_processed	NAME:palmitoyl sphinomyelin (prev. X - 10419)	palmitoyl sphinomyelin (prev. X - 10419)	NA	author_paired_case	45	45	mean_paired_difference_author_scale	0.26740070449290226	0.029711338107974248	0.5219971822797017	0.06917182945460375	0.10998320883281996	paired_processed	318.0	DONE	NA	CAMP_processed_original_author_pair_table	results/BRCA/04_ROBUSTNESS/20260921T112611Z_metabolite318_paired_v1/paired_metabolite318.tsv	5f78d08a696d5fac3d95c697b0eb05358cfa1868	EXACT_COLUMN_COPY_NO_RECALCULATION
BRCA	CAMP_BRCA1_Terunuma	04_ROBUSTNESS	20260921T112611Z_metabolite318_paired_v1	metabolite318_paired_v1	paired_author_available	NAME:palmitoyl sphinomyelin (prev. X - 10419)	palmitoyl sphinomyelin (prev. X - 10419)	NA	author_paired_case	45	45	mean_paired_difference_author_scale	0.26740070449290226	0.0301336619714241	0.5055902468259639	0.06917182945460375	0.11858027906503499	paired_author_available	288.0	DONE	NA	CAMP_processed_original_author_pair_table	results/BRCA/04_ROBUSTNESS/20260921T112611Z_metabolite318_paired_v1/paired_metabolite318.tsv	5f78d08a696d5fac3d95c697b0eb05358cfa1868	EXACT_COLUMN_COPY_NO_RECALCULATION
BRCA	CAMP_BRCA1_Terunuma	04_ROBUSTNESS	20260921T112611Z_metabolite318_paired_v1	metabolite318_paired_v1	paired_processed	NAME:X - 10445	X - 10445	NA	author_paired_case	45	45	mean_paired_difference_author_scale	1.1860985232683245	0.7410177099427802	1.5832634118742952	1.796760942941486e-05	0.00010024034734305134	paired_processed	318.0	DONE	NA	CAMP_processed_original_author_pair_table	results/BRCA/04_ROBUSTNESS/20260921T112611Z_metabolite318_paired_v1/paired_metabolite318.tsv	5f78d08a696d5fac3d95c697b0eb05358cfa1868	EXACT_COLUMN_COPY_NO_RECALCULATION
BRCA	CAMP_BRCA1_Terunuma	04_ROBUSTNESS	20260921T112611Z_metabolite318_paired_v1	metabolite318_paired_v1	paired_author_available	NAME:X - 10445	X - 10445	NA	author_paired_case	14	14	mean_paired_difference_author_scale	0.32732919460645704	-0.14565111301276468	0.7885548909159905	0.18740119200172056	0.2582370492655288	paired_author_available	288.0	DONE	NA	CAMP_processed_original_author_pair_table	results/BRCA/04_ROBUSTNESS/20260921T112611Z_metabolite318_paired_v1/paired_metabolite318.tsv	5f78d08a696d5fac3d95c697b0eb05358cfa1868	EXACT_COLUMN_COPY_NO_RECALCULATION
BRCA	CAMP_BRCA1_Terunuma	04_ROBUSTNESS	20260921T112611Z_metabolite318_paired_v1	metabolite318_paired_v1	paired_processed	NAME:X - 10500	X - 10500	NA	author_paired_case	45	45	mean_paired_difference_author_scale	0.3677589633251865	0.15136964701447483	0.5848372982166374	0.003022531882545504	0.007281554080677805	paired_processed	318.0	DONE	NA	CAMP_processed_original_author_pair_table	results/BRCA/04_ROBUSTNESS/20260921T112611Z_metabolite318_paired_v1/paired_metabolite318.tsv	5f78d08a696d5fac3d95c697b0eb05358cfa1868	EXACT_COLUMN_COPY_NO_RECALCULATION
BRCA	CAMP_BRCA1_Terunuma	04_ROBUSTNESS	20260921T112611Z_metabolite318_paired_v1	metabolite318_paired_v1	paired_author_available	NAME:X - 10500	X - 10500	NA	author_paired_case	21	21	mean_paired_difference_author_scale	-0.11197828049902395	-0.34975555207787395	0.15480609348108412	0.14433919337084933	0.2153869828539099	paired_author_available	288.0	DONE	NA	CAMP_processed_original_author_pair_table	results/BRCA/04_ROBUSTNESS/20260921T112611Z_metabolite318_paired_v1/paired_metabolite318.tsv	5f78d08a696d5fac3d95c697b0eb05358cfa1868	EXACT_COLUMN_COPY_NO_RECALCULATION
BRCA	CAMP_BRCA1_Terunuma	04_ROBUSTNESS	20260921T112611Z_metabolite318_paired_v1	metabolite318_paired_v1	paired_processed	NAME:X - 10593_200	X - 10593_200	NA	author_paired_case	45	45	mean_paired_difference_author_scale	-0.00043318353012442083	-0.39748800352780683	0.4139137617988258	0.9658154123840342	0.9785989932486864	paired_processed	318.0	DONE	NA	CAMP_processed_original_author_pair_table	results/BRCA/04_ROBUSTNESS/20260921T112611Z_metabolite318_paired_v1/paired_metabolite318.tsv	5f78d08a696d5fac3d95c697b0eb05358cfa1868	EXACT_COLUMN_COPY_NO_RECALCULATION
BRCA	CAMP_BRCA1_Terunuma	04_ROBUSTNESS	20260921T112611Z_metabolite318_paired_v1	metabolite318_paired_v1	paired_author_available	NAME:X - 10593_200	X - 10593_200	NA	author_paired_case	9	9	mean_paired_difference_author_scale	-0.9063169586028332	-1.714366644152622	-0.05672112804374651	0.12353425375256949	0.1899088006127891	paired_author_available	288.0	DONE	NA	CAMP_processed_original_author_pair_table	results/BRCA/04_ROBUSTNESS/20260921T112611Z_metabolite318_paired_v1/paired_metabolite318.tsv	5f78d08a696d5fac3d95c697b0eb05358cfa1868	EXACT_COLUMN_COPY_NO_RECALCULATION
BRCA	CAMP_BRCA1_Terunuma	04_ROBUSTNESS	20260921T112611Z_metabolite318_paired_v1	metabolite318_paired_v1	paired_processed	NAME:X - 11315	X - 11315	NA	author_paired_case	45	45	mean_paired_difference_author_scale	0.4625350457792133	0.09361683919187708	0.830668325416512	0.02602609534690782	0.0472931332589525	paired_processed	318.0	DONE	NA	CAMP_processed_original_author_pair_table	results/BRCA/04_ROBUSTNESS/20260921T112611Z_metabolite318_paired_v1/paired_metabolite318.tsv	5f78d08a696d5fac3d95c697b0eb05358cfa1868	EXACT_COLUMN_COPY_NO_RECALCULATION
BRCA	CAMP_BRCA1_Terunuma	04_ROBUSTNESS	20260921T112611Z_metabolite318_paired_v1	metabolite318_paired_v1	paired_author_available	NAME:X - 11315	X - 11315	NA	author_paired_case	19	19	mean_paired_difference_author_scale	-0.2505373042508367	-0.5838569598900446	0.0771567744111316	0.17762201146169299	0.24593816971619029	paired_author_available	288.0	DONE	NA	CAMP_processed_original_author_pair_table	results/BRCA/04_ROBUSTNESS/20260921T112611Z_metabolite318_paired_v1/paired_metabolite318.tsv	5f78d08a696d5fac3d95c697b0eb05358cfa1868	EXACT_COLUMN_COPY_NO_RECALCULATION
BRCA	CAMP_BRCA1_Terunuma	04_ROBUSTNESS	20260921T112611Z_metabolite318_paired_v1	metabolite318_paired_v1	paired_processed	NAME:X - 11437	X - 11437	NA	author_paired_case	45	45	mean_paired_difference_author_scale	0.09659503993376203	-0.11041464783081624	0.3111982470867262	0.22268863238385228	0.30134036211942566	paired_processed	318.0	DONE	NA	CAMP_processed_original_author_pair_table	results/BRCA/04_ROBUSTNESS/20260921T112611Z_metabolite318_paired_v1/paired_metabolite318.tsv	5f78d08a696d5fac3d95c697b0eb05358cfa1868	EXACT_COLUMN_COPY_NO_RECALCULATION
BRCA	CAMP_BRCA1_Terunuma	04_ROBUSTNESS	20260921T112611Z_metabolite318_paired_v1	metabolite318_paired_v1	paired_author_available	NAME:X - 11437	X - 11437	NA	author_paired_case	7	7	mean_paired_difference_author_scale	NA	NA	NA	NA	NA	paired_author_available	288.0	NOT_EVALUABLE	fewer_than8_complete_author_available_pairs	CAMP_processed_original_author_pair_table	results/BRCA/04_ROBUSTNESS/20260921T112611Z_metabolite318_paired_v1/paired_metabolite318.tsv	5f78d08a696d5fac3d95c697b0eb05358cfa1868	EXACT_COLUMN_COPY_NO_RECALCULATION
BRCA	CAMP_BRCA1_Terunuma	04_ROBUSTNESS	20260921T112611Z_metabolite318_paired_v1	metabolite318_paired_v1	paired_processed	NAME:X - 11550	X - 11550	NA	author_paired_case	45	45	mean_paired_difference_author_scale	-0.27306221268626446	-0.6216914901196027	0.0886027124945107	0.1407287427705664	0.20341700091381873	paired_processed	318.0	DONE	NA	CAMP_processed_original_author_pair_table	results/BRCA/04_ROBUSTNESS/20260921T112611Z_metabolite318_paired_v1/paired_metabolite318.tsv	5f78d08a696d5fac3d95c697b0eb05358cfa1868	EXACT_COLUMN_COPY_NO_RECALCULATION
BRCA	CAMP_BRCA1_Terunuma	04_ROBUSTNESS	20260921T112611Z_metabolite318_paired_v1	metabolite318_paired_v1	paired_author_available	NAME:X - 11550	X - 11550	NA	author_paired_case	10	10	mean_paired_difference_author_scale	-0.9193594647091998	-1.4522574572002918	-0.3825982100873617	0.019058891601730438	0.04718591875459891	paired_author_available	288.0	DONE	NA	CAMP_processed_original_author_pair_table	results/BRCA/04_ROBUSTNESS/20260921T112611Z_metabolite318_paired_v1/paired_metabolite318.tsv	5f78d08a696d5fac3d95c697b0eb05358cfa1868	EXACT_COLUMN_COPY_NO_RECALCULATION
BRCA	CAMP_BRCA1_Terunuma	04_ROBUSTNESS	20260921T112611Z_metabolite318_paired_v1	metabolite318_paired_v1	paired_processed	NAME:13(S)-HODE (prev. X - 11560)	13(S)-HODE (prev. X - 11560)	NA	author_paired_case	45	45	mean_paired_difference_author_scale	-0.3635196862672423	-0.738639170149612	0.04376020404948408	0.041047800055190674	0.07017849686855179	paired_processed	318.0	DONE	NA	CAMP_processed_original_author_pair_table	results/BRCA/04_ROBUSTNESS/20260921T112611Z_metabolite318_paired_v1/paired_metabolite318.tsv	5f78d08a696d5fac3d95c697b0eb05358cfa1868	EXACT_COLUMN_COPY_NO_RECALCULATION
BRCA	CAMP_BRCA1_Terunuma	04_ROBUSTNESS	20260921T112611Z_metabolite318_paired_v1	metabolite318_paired_v1	paired_author_available	NAME:13(S)-HODE (prev. X - 11560)	13(S)-HODE (prev. X - 11560)	NA	author_paired_case	44	44	mean_paired_difference_author_scale	-0.29408446596055	-0.6622740653876966	0.08638651712431354	0.06268831527475832	0.11400960855926282	paired_author_available	288.0	DONE	NA	CAMP_processed_original_author_pair_table	results/BRCA/04_ROBUSTNESS/20260921T112611Z_metabolite318_paired_v1/paired_metabolite318.tsv	5f78d08a696d5fac3d95c697b0eb05358cfa1868	EXACT_COLUMN_COPY_NO_RECALCULATION
BRCA	CAMP_BRCA1_Terunuma	04_ROBUSTNESS	20260921T112611Z_metabolite318_paired_v1	metabolite318_paired_v1	paired_processed	NAME:X - 11596	X - 11596	NA	author_paired_case	45	45	mean_paired_difference_author_scale	-0.14911190527505122	-0.6550670543801438	0.3471674695216014	0.5961174990929474	0.6794457516543272	paired_processed	318.0	DONE	NA	CAMP_processed_original_author_pair_table	results/BRCA/04_ROBUSTNESS/20260921T112611Z_metabolite318_paired_v1/paired_metabolite318.tsv	5f78d08a696d5fac3d95c697b0eb05358cfa1868	EXACT_COLUMN_COPY_NO_RECALCULATION
BRCA	CAMP_BRCA1_Terunuma	04_ROBUSTNESS	20260921T112611Z_metabolite318_paired_v1	metabolite318_paired_v1	paired_author_available	NAME:X - 11596	X - 11596	NA	author_paired_case	16	16	mean_paired_difference_author_scale	-1.4100749171059186	-1.9675386484490773	-0.8809454428667558	0.0012301395553731714	0.006108279171508161	paired_author_available	288.0	DONE	NA	CAMP_processed_original_author_pair_table	results/BRCA/04_ROBUSTNESS/20260921T112611Z_metabolite318_paired_v1/paired_metabolite318.tsv	5f78d08a696d5fac3d95c697b0eb05358cfa1868	EXACT_COLUMN_COPY_NO_RECALCULATION
BRCA	CAMP_BRCA1_Terunuma	04_ROBUSTNESS	20260921T112611Z_metabolite318_paired_v1	metabolite318_paired_v1	paired_processed	NAME:X - 11641	X - 11641	NA	author_paired_case	45	45	mean_paired_difference_author_scale	-0.009763404815437898	-0.3433108680825236	0.32501068804791633	0.9773446461818073	0.9866526904311578	paired_processed	318.0	DONE	NA	CAMP_processed_original_author_pair_table	results/BRCA/04_ROBUSTNESS/20260921T112611Z_metabolite318_paired_v1/paired_metabolite318.tsv	5f78d08a696d5fac3d95c697b0eb05358cfa1868	EXACT_COLUMN_COPY_NO_RECALCULATION
BRCA	CAMP_BRCA1_Terunuma	04_ROBUSTNESS	20260921T112611Z_metabolite318_paired_v1	metabolite318_paired_v1	paired_author_available	NAME:X - 11641	X - 11641	NA	author_paired_case	5	5	mean_paired_difference_author_scale	NA	NA	NA	NA	NA	paired_author_available	288.0	NOT_EVALUABLE	fewer_than8_complete_author_available_pairs	CAMP_processed_original_author_pair_table	results/BRCA/04_ROBUSTNESS/20260921T112611Z_metabolite318_paired_v1/paired_metabolite318.tsv	5f78d08a696d5fac3d95c697b0eb05358cfa1868	EXACT_COLUMN_COPY_NO_RECALCULATION
BRCA	CAMP_BRCA1_Terunuma	04_ROBUSTNESS	20260921T112611Z_metabolite318_paired_v1	metabolite318_paired_v1	paired_processed	NAME:X - 11687	X - 11687	NA	author_paired_case	45	45	mean_paired_difference_author_scale	0.8789821997884668	0.4776075289345695	1.2794199440512948	0.00026538683904973295	0.0009273957672287372	paired_processed	318.0	DONE	NA	CAMP_processed_original_author_pair_table	results/BRCA/04_ROBUSTNESS/20260921T112611Z_metabolite318_paired_v1/paired_metabolite318.tsv	5f78d08a696d5fac3d95c697b0eb05358cfa1868	EXACT_COLUMN_COPY_NO_RECALCULATION
BRCA	CAMP_BRCA1_Terunuma	04_ROBUSTNESS	20260921T112611Z_metabolite318_paired_v1	metabolite318_paired_v1	paired_author_available	NAME:X - 11687	X - 11687	NA	author_paired_case	19	19	mean_paired_difference_author_scale	0.10085130104537876	-0.30200321419289006	0.5201300269844078	0.8248339353300578	0.8798228643520616	paired_author_available	288.0	DONE	NA	CAMP_processed_original_author_pair_table	results/BRCA/04_ROBUSTNESS/20260921T112611Z_metabolite318_paired_v1/paired_metabolite318.tsv	5f78d08a696d5fac3d95c697b0eb05358cfa1868	EXACT_COLUMN_COPY_NO_RECALCULATION
BRCA	CAMP_BRCA1_Terunuma	04_ROBUSTNESS	20260921T112611Z_metabolite318_paired_v1	metabolite318_paired_v1	paired_processed	NAME:X - 11725	X - 11725	NA	author_paired_case	45	45	mean_paired_difference_author_scale	0.6951418862220532	0.30253348406436914	1.0700162505701232	0.0015592349272786623	0.004320098169104045	paired_processed	318.0	DONE	NA	CAMP_processed_original_author_pair_table	results/BRCA/04_ROBUSTNESS/20260921T112611Z_metabolite318_paired_v1/paired_metabolite318.tsv	5f78d08a696d5fac3d95c697b0eb05358cfa1868	EXACT_COLUMN_COPY_NO_RECALCULATION
BRCA	CAMP_BRCA1_Terunuma	04_ROBUSTNESS	20260921T112611Z_metabolite318_paired_v1	metabolite318_paired_v1	paired_author_available	NAME:X - 11725	X - 11725	NA	author_paired_case	14	14	mean_paired_difference_author_scale	-0.39976789233015	-0.9391406539260324	0.11391265116902438	0.28588144454287534	0.3697772729883457	paired_author_available	288.0	DONE	NA	CAMP_processed_original_author_pair_table	results/BRCA/04_ROBUSTNESS/20260921T112611Z_metabolite318_paired_v1/paired_metabolite318.tsv	5f78d08a696d5fac3d95c697b0eb05358cfa1868	EXACT_COLUMN_COPY_NO_RECALCULATION
BRCA	CAMP_BRCA1_Terunuma	04_ROBUSTNESS	20260921T112611Z_metabolite318_paired_v1	metabolite318_paired_v1	paired_processed	NAME:X - 11787	X - 11787	NA	author_paired_case	45	45	mean_paired_difference_author_scale	0.5807149273525625	0.23358757944539954	0.9183488550804483	0.0026212062332376085	0.006411873708996612	paired_processed	318.0	DONE	NA	CAMP_processed_original_author_pair_table	results/BRCA/04_ROBUSTNESS/20260921T112611Z_metabolite318_paired_v1/paired_metabolite318.tsv	5f78d08a696d5fac3d95c697b0eb05358cfa1868	EXACT_COLUMN_COPY_NO_RECALCULATION
BRCA	CAMP_BRCA1_Terunuma	04_ROBUSTNESS	20260921T112611Z_metabolite318_paired_v1	metabolite318_paired_v1	paired_author_available	NAME:X - 11787	X - 11787	NA	author_paired_case	10	10	mean_paired_difference_author_scale	-0.35912476414623973	-0.6135911586202879	-0.11807387508021726	0.032312911243244105	0.06831066041967906	paired_author_available	288.0	DONE	NA	CAMP_processed_original_author_pair_table	results/BRCA/04_ROBUSTNESS/20260921T112611Z_metabolite318_paired_v1/paired_metabolite318.tsv	5f78d08a696d5fac3d95c697b0eb05358cfa1868	EXACT_COLUMN_COPY_NO_RECALCULATION
BRCA	CAMP_BRCA1_Terunuma	04_ROBUSTNESS	20260921T112611Z_metabolite318_paired_v1	metabolite318_paired_v1	paired_processed	NAME:X - 11861	X - 11861	NA	author_paired_case	45	45	mean_paired_difference_author_scale	-0.33849248582683983	-0.6171500479368968	-0.052755299004503244	0.030218851048413473	0.053386636852197134	paired_processed	318.0	DONE	NA	CAMP_processed_original_author_pair_table	results/BRCA/04_ROBUSTNESS/20260921T112611Z_metabolite318_paired_v1/paired_metabolite318.tsv	5f78d08a696d5fac3d95c697b0eb05358cfa1868	EXACT_COLUMN_COPY_NO_RECALCULATION
BRCA	CAMP_BRCA1_Terunuma	04_ROBUSTNESS	20260921T112611Z_metabolite318_paired_v1	metabolite318_paired_v1	paired_author_available	NAME:X - 11861	X - 11861	NA	author_paired_case	31	31	mean_paired_difference_author_scale	-0.7289482281612354	-0.9691528966993317	-0.4669625062543425	4.776890339305744e-05	0.0003867077365234737	paired_author_available	288.0	DONE	NA	CAMP_processed_original_author_pair_table	results/BRCA/04_ROBUSTNESS/20260921T112611Z_metabolite318_paired_v1/paired_metabolite318.tsv	5f78d08a696d5fac3d95c697b0eb05358cfa1868	EXACT_COLUMN_COPY_NO_RECALCULATION
BRCA	CAMP_BRCA1_Terunuma	04_ROBUSTNESS	20260921T112611Z_metabolite318_paired_v1	metabolite318_paired_v1	paired_processed	NAME:X - 11886	X - 11886	NA	author_paired_case	45	45	mean_paired_difference_author_scale	-0.6195833321769203	-0.9384946505903943	-0.3046182551867949	0.0004287630066831615	0.0013634663612524535	paired_processed	318.0	DONE	NA	CAMP_processed_original_author_pair_table	results/BRCA/04_ROBUSTNESS/20260921T112611Z_metabolite318_paired_v1/paired_metabolite318.tsv	5f78d08a696d5fac3d95c697b0eb05358cfa1868	EXACT_COLUMN_COPY_NO_RECALCULATION
BRCA	CAMP_BRCA1_Terunuma	04_ROBUSTNESS	20260921T112611Z_metabolite318_paired_v1	metabolite318_paired_v1	paired_author_available	NAME:X - 11886	X - 11886	NA	author_paired_case	45	45	mean_paired_difference_author_scale	-0.6195833321769203	-0.9433832875550022	-0.3041792186440264	0.0004287630066831615	0.0024745719944399384	paired_author_available	288.0	DONE	NA	CAMP_processed_original_author_pair_table	results/BRCA/04_ROBUSTNESS/20260921T112611Z_metabolite318_paired_v1/paired_metabolite318.tsv	5f78d08a696d5fac3d95c697b0eb05358cfa1868	EXACT_COLUMN_COPY_NO_RECALCULATION
BRCA	CAMP_BRCA1_Terunuma	04_ROBUSTNESS	20260921T112611Z_metabolite318_paired_v1	metabolite318_paired_v1	paired_processed	NAME:X - 12051	X - 12051	NA	author_paired_case	45	45	mean_paired_difference_author_scale	0.4712967484802311	0.07624028359967622	0.8526002560673274	0.029369019986245422	0.05217513047835779	paired_processed	318.0	DONE	NA	CAMP_processed_original_author_pair_table	results/BRCA/04_ROBUSTNESS/20260921T112611Z_metabolite318_paired_v1/paired_metabolite318.tsv	5f78d08a696d5fac3d95c697b0eb05358cfa1868	EXACT_COLUMN_COPY_NO_RECALCULATION
BRCA	CAMP_BRCA1_Terunuma	04_ROBUSTNESS	20260921T112611Z_metabolite318_paired_v1	metabolite318_paired_v1	paired_author_available	NAME:X - 12051	X - 12051	NA	author_paired_case	41	41	mean_paired_difference_author_scale	0.39885449861768296	-0.006637434379771868	0.7704077157052308	0.06387586463516433	0.11497655634329579	paired_author_available	288.0	DONE	NA	CAMP_processed_original_author_pair_table	results/BRCA/04_ROBUSTNESS/20260921T112611Z_metabolite318_paired_v1/paired_metabolite318.tsv	5f78d08a696d5fac3d95c697b0eb05358cfa1868	EXACT_COLUMN_COPY_NO_RECALCULATION
BRCA	CAMP_BRCA1_Terunuma	04_ROBUSTNESS	20260921T112611Z_metabolite318_paired_v1	metabolite318_paired_v1	paired_processed	NAME:X - 12100	X - 12100	NA	author_paired_case	45	45	mean_paired_difference_author_scale	0.575989531381038	0.22980971664100022	0.9571629347697821	0.005611906485316709	0.012058015286018334	paired_processed	318.0	DONE	NA	CAMP_processed_original_author_pair_table	results/BRCA/04_ROBUSTNESS/20260921T112611Z_metabolite318_paired_v1/paired_metabolite318.tsv	5f78d08a696d5fac3d95c697b0eb05358cfa1868	EXACT_COLUMN_COPY_NO_RECALCULATION
BRCA	CAMP_BRCA1_Terunuma	04_ROBUSTNESS	20260921T112611Z_metabolite318_paired_v1	metabolite318_paired_v1	paired_author_available	NAME:X - 12100	X - 12100	NA	author_paired_case	11	11	mean_paired_difference_author_scale	-0.09266827646714533	-0.7729903777756886	0.7015067940917307	0.6890837465447959	0.7662398417177653	paired_author_available	288.0	DONE	NA	CAMP_processed_original_author_pair_table	results/BRCA/04_ROBUSTNESS/20260921T112611Z_metabolite318_paired_v1/paired_metabolite318.tsv	5f78d08a696d5fac3d95c697b0eb05358cfa1868	EXACT_COLUMN_COPY_NO_RECALCULATION
BRCA	CAMP_BRCA1_Terunuma	04_ROBUSTNESS	20260921T112611Z_metabolite318_paired_v1	metabolite318_paired_v1	paired_processed	NAME:X - 12104	X - 12104	NA	author_paired_case	45	45	mean_paired_difference_author_scale	0.07783862357329127	-0.27176043593887744	0.4480597966610584	0.8689746499982164	0.91805295248981	paired_processed	318.0	DONE	NA	CAMP_processed_original_author_pair_table	results/BRCA/04_ROBUSTNESS/20260921T112611Z_metabolite318_paired_v1/paired_metabolite318.tsv	5f78d08a696d5fac3d95c697b0eb05358cfa1868	EXACT_COLUMN_COPY_NO_RECALCULATION
BRCA	CAMP_BRCA1_Terunuma	04_ROBUSTNESS	20260921T112611Z_metabolite318_paired_v1	metabolite318_paired_v1	paired_author_available	NAME:X - 12104	X - 12104	NA	author_paired_case	19	19	mean_paired_difference_author_scale	-0.7451296866047054	-1.0929752831607962	-0.37638467306994555	0.003098427184892087	0.012568268017590437	paired_author_available	288.0	DONE	NA	CAMP_processed_original_author_pair_table	results/BRCA/04_ROBUSTNESS/20260921T112611Z_metabolite318_paired_v1/paired_metabolite318.tsv	5f78d08a696d5fac3d95c697b0eb05358cfa1868	EXACT_COLUMN_COPY_NO_RECALCULATION
BRCA	CAMP_BRCA1_Terunuma	04_ROBUSTNESS	20260921T112611Z_metabolite318_paired_v1	metabolite318_paired_v1	paired_processed	NAME:X - 12423	X - 12423	NA	author_paired_case	45	45	mean_paired_difference_author_scale	-0.0001175020403667225	-0.6555862668209895	0.6296530962602364	1.0	1.0	paired_processed	318.0	DONE	NA	CAMP_processed_original_author_pair_table	results/BRCA/04_ROBUSTNESS/20260921T112611Z_metabolite318_paired_v1/paired_metabolite318.tsv	5f78d08a696d5fac3d95c697b0eb05358cfa1868	EXACT_COLUMN_COPY_NO_RECALCULATION
BRCA	CAMP_BRCA1_Terunuma	04_ROBUSTNESS	20260921T112611Z_metabolite318_paired_v1	metabolite318_paired_v1	paired_author_available	NAME:X - 12423	X - 12423	NA	author_paired_case	3	3	mean_paired_difference_author_scale	NA	NA	NA	NA	NA	paired_author_available	288.0	NOT_EVALUABLE	fewer_than8_complete_author_available_pairs	CAMP_processed_original_author_pair_table	results/BRCA/04_ROBUSTNESS/20260921T112611Z_metabolite318_paired_v1/paired_metabolite318.tsv	5f78d08a696d5fac3d95c697b0eb05358cfa1868	EXACT_COLUMN_COPY_NO_RECALCULATION
BRCA	CAMP_BRCA1_Terunuma	04_ROBUSTNESS	20260921T112611Z_metabolite318_paired_v1	metabolite318_paired_v1	paired_processed	NAME:X - 12442	X - 12442	NA	author_paired_case	45	45	mean_paired_difference_author_scale	0.37051630817346487	0.10952032185426658	0.6319949513858647	0.008664547665041	0.017549848136834637	paired_processed	318.0	DONE	NA	CAMP_processed_original_author_pair_table	results/BRCA/04_ROBUSTNESS/20260921T112611Z_metabolite318_paired_v1/paired_metabolite318.tsv	5f78d08a696d5fac3d95c697b0eb05358cfa1868	EXACT_COLUMN_COPY_NO_RECALCULATION
BRCA	CAMP_BRCA1_Terunuma	04_ROBUSTNESS	20260921T112611Z_metabolite318_paired_v1	metabolite318_paired_v1	paired_author_available	NAME:X - 12442	X - 12442	NA	author_paired_case	16	16	mean_paired_difference_author_scale	-0.21561572874336865	-0.45063472457024845	0.052917857800228646	0.14056240536030587	0.21306301444088468	paired_author_available	288.0	DONE	NA	CAMP_processed_original_author_pair_table	results/BRCA/04_ROBUSTNESS/20260921T112611Z_metabolite318_paired_v1/paired_metabolite318.tsv	5f78d08a696d5fac3d95c697b0eb05358cfa1868	EXACT_COLUMN_COPY_NO_RECALCULATION
BRCA	CAMP_BRCA1_Terunuma	04_ROBUSTNESS	20260921T112611Z_metabolite318_paired_v1	metabolite318_paired_v1	paired_processed	NAME:X - 12462	X - 12462	NA	author_paired_case	45	45	mean_paired_difference_author_scale	0.6536069809277025	0.1992161657175386	1.0905829125038105	0.008902733434741836	0.01791815969777154	paired_processed	318.0	DONE	NA	CAMP_processed_original_author_pair_table	results/BRCA/04_ROBUSTNESS/20260921T112611Z_metabolite318_paired_v1/paired_metabolite318.tsv	5f78d08a696d5fac3d95c697b0eb05358cfa1868	EXACT_COLUMN_COPY_NO_RECALCULATION
BRCA	CAMP_BRCA1_Terunuma	04_ROBUSTNESS	20260921T112611Z_metabolite318_paired_v1	metabolite318_paired_v1	paired_author_available	NAME:X - 12462	X - 12462	NA	author_paired_case	15	15	mean_paired_difference_author_scale	-0.1606207450845067	-0.8418447323341661	0.578561729693839	0.5509348056804798	0.6346768961439128	paired_author_available	288.0	DONE	NA	CAMP_processed_original_author_pair_table	results/BRCA/04_ROBUSTNESS/20260921T112611Z_metabolite318_paired_v1/paired_metabolite318.tsv	5f78d08a696d5fac3d95c697b0eb05358cfa1868	EXACT_COLUMN_COPY_NO_RECALCULATION
BRCA	CAMP_BRCA1_Terunuma	04_ROBUSTNESS	20260921T112611Z_metabolite318_paired_v1	metabolite318_paired_v1	paired_processed	NAME:X - 12465	X - 12465	NA	author_paired_case	45	45	mean_paired_difference_author_scale	0.5482723977902489	0.11406539545650855	0.9659035325862746	0.024689741467580954	0.04538345541439736	paired_processed	318.0	DONE	NA	CAMP_processed_original_author_pair_table	results/BRCA/04_ROBUSTNESS/20260921T112611Z_metabolite318_paired_v1/paired_metabolite318.tsv	5f78d08a696d5fac3d95c697b0eb05358cfa1868	EXACT_COLUMN_COPY_NO_RECALCULATION
BRCA	CAMP_BRCA1_Terunuma	04_ROBUSTNESS	20260921T112611Z_metabolite318_paired_v1	metabolite318_paired_v1	paired_author_available	NAME:X - 12465	X - 12465	NA	author_paired_case	35	35	mean_paired_difference_author_scale	0.2893650993315457	-0.19899650885237347	0.7908192172889174	0.2907605165499394	0.37383494984992205	paired_author_available	288.0	DONE	NA	CAMP_processed_original_author_pair_table	results/BRCA/04_ROBUSTNESS/20260921T112611Z_metabolite318_paired_v1/paired_metabolite318.tsv	5f78d08a696d5fac3d95c697b0eb05358cfa1868	EXACT_COLUMN_COPY_NO_RECALCULATION
BRCA	CAMP_BRCA1_Terunuma	04_ROBUSTNESS	20260921T112611Z_metabolite318_paired_v1	metabolite318_paired_v1	paired_processed	NAME:X - 12627	X - 12627	NA	author_paired_case	45	45	mean_paired_difference_author_scale	1.5843789247673685	1.1184864258265248	2.0530956049283757	1.5882924090744398e-06	1.8949423067357732e-05	paired_processed	318.0	DONE	NA	CAMP_processed_original_author_pair_table	results/BRCA/04_ROBUSTNESS/20260921T112611Z_metabolite318_paired_v1/paired_metabolite318.tsv	5f78d08a696d5fac3d95c697b0eb05358cfa1868	EXACT_COLUMN_COPY_NO_RECALCULATION
BRCA	CAMP_BRCA1_Terunuma	04_ROBUSTNESS	20260921T112611Z_metabolite318_paired_v1	metabolite318_paired_v1	paired_author_available	NAME:X - 12627	X - 12627	NA	author_paired_case	19	19	mean_paired_difference_author_scale	1.0827906193841734	0.6172875702025643	1.539982139427299	0.0015830536659255285	0.007474089439123807	paired_author_available	288.0	DONE	NA	CAMP_processed_original_author_pair_table	results/BRCA/04_ROBUSTNESS/20260921T112611Z_metabolite318_paired_v1/paired_metabolite318.tsv	5f78d08a696d5fac3d95c697b0eb05358cfa1868	EXACT_COLUMN_COPY_NO_RECALCULATION
BRCA	CAMP_BRCA1_Terunuma	04_ROBUSTNESS	20260921T112611Z_metabolite318_paired_v1	metabolite318_paired_v1	paired_processed	NAME:X - 12660	X - 12660	NA	author_paired_case	45	45	mean_paired_difference_author_scale	0.8265847688001311	0.3563685655511454	1.2695124271149418	0.0012956016865297124	0.003678583359968291	paired_processed	318.0	DONE	NA	CAMP_processed_original_author_pair_table	results/BRCA/04_ROBUSTNESS/20260921T112611Z_metabolite318_paired_v1/paired_metabolite318.tsv	5f78d08a696d5fac3d95c697b0eb05358cfa1868	EXACT_COLUMN_COPY_NO_RECALCULATION
BRCA	CAMP_BRCA1_Terunuma	04_ROBUSTNESS	20260921T112611Z_metabolite318_paired_v1	metabolite318_paired_v1	paired_author_available	NAME:X - 12660	X - 12660	NA	author_paired_case	44	44	mean_paired_difference_author_scale	0.7656620902592022	0.30658047970314145	1.2193479253713781	0.0021881864557064833	0.009288358852188316	paired_author_available	288.0	DONE	NA	CAMP_processed_original_author_pair_table	results/BRCA/04_ROBUSTNESS/20260921T112611Z_metabolite318_paired_v1/paired_metabolite318.tsv	5f78d08a696d5fac3d95c697b0eb05358cfa1868	EXACT_COLUMN_COPY_NO_RECALCULATION
BRCA	CAMP_BRCA1_Terunuma	04_ROBUSTNESS	20260921T112611Z_metabolite318_paired_v1	metabolite318_paired_v1	paired_processed	NAME:X - 12663	X - 12663	NA	author_paired_case	45	45	mean_paired_difference_author_scale	0.7128676277871111	0.15874917685190215	1.305889378407215	0.022106788438879286	0.04111086972844218	paired_processed	318.0	DONE	NA	CAMP_processed_original_author_pair_table	results/BRCA/04_ROBUSTNESS/20260921T112611Z_metabolite318_paired_v1/paired_metabolite318.tsv	5f78d08a696d5fac3d95c697b0eb05358cfa1868	EXACT_COLUMN_COPY_NO_RECALCULATION
BRCA	CAMP_BRCA1_Terunuma	04_ROBUSTNESS	20260921T112611Z_metabolite318_paired_v1	metabolite318_paired_v1	paired_author_available	NAME:X - 12663	X - 12663	NA	author_paired_case	7	7	mean_paired_difference_author_scale	NA	NA	NA	NA	NA	paired_author_available	288.0	NOT_EVALUABLE	fewer_than8_complete_author_available_pairs	CAMP_processed_original_author_pair_table	results/BRCA/04_ROBUSTNESS/20260921T112611Z_metabolite318_paired_v1/paired_metabolite318.tsv	5f78d08a696d5fac3d95c697b0eb05358cfa1868	EXACT_COLUMN_COPY_NO_RECALCULATION
BRCA	CAMP_BRCA1_Terunuma	04_ROBUSTNESS	20260921T112611Z_metabolite318_paired_v1	metabolite318_paired_v1	paired_processed	NAME:X - 12748	X - 12748	NA	author_paired_case	45	45	mean_paired_difference_author_scale	1.0358313215051487	0.6370283213821953	1.4611906782163104	5.323658367123347e-05	0.00023512824454794784	paired_processed	318.0	DONE	NA	CAMP_processed_original_author_pair_table	results/BRCA/04_ROBUSTNESS/20260921T112611Z_metabolite318_paired_v1/paired_metabolite318.tsv	5f78d08a696d5fac3d95c697b0eb05358cfa1868	EXACT_COLUMN_COPY_NO_RECALCULATION
BRCA	CAMP_BRCA1_Terunuma	04_ROBUSTNESS	20260921T112611Z_metabolite318_paired_v1	metabolite318_paired_v1	paired_author_available	NAME:X - 12748	X - 12748	NA	author_paired_case	43	43	mean_paired_difference_author_scale	0.9088909393584744	0.517140512642423	1.3127624762693617	0.00015340132283522023	0.0010274321157335681	paired_author_available	288.0	DONE	NA	CAMP_processed_original_author_pair_table	results/BRCA/04_ROBUSTNESS/20260921T112611Z_metabolite318_paired_v1/paired_metabolite318.tsv	5f78d08a696d5fac3d95c697b0eb05358cfa1868	EXACT_COLUMN_COPY_NO_RECALCULATION
BRCA	CAMP_BRCA1_Terunuma	04_ROBUSTNESS	20260921T112611Z_metabolite318_paired_v1	metabolite318_paired_v1	paired_processed	NAME:X - 12776	X - 12776	NA	author_paired_case	45	45	mean_paired_difference_author_scale	-1.0738971576591088	-1.4028047780077735	-0.7573380642187488	1.6089132793039584e-06	1.8949423067357732e-05	paired_processed	318.0	DONE	NA	CAMP_processed_original_author_pair_table	results/BRCA/04_ROBUSTNESS/20260921T112611Z_metabolite318_paired_v1/paired_metabolite318.tsv	5f78d08a696d5fac3d95c697b0eb05358cfa1868	EXACT_COLUMN_COPY_NO_RECALCULATION
BRCA	CAMP_BRCA1_Terunuma	04_ROBUSTNESS	20260921T112611Z_metabolite318_paired_v1	metabolite318_paired_v1	paired_author_available	NAME:X - 12776	X - 12776	NA	author_paired_case	45	45	mean_paired_difference_author_scale	-1.0738971576591088	-1.3944398776775457	-0.749262934123079	1.6089132793039584e-06	2.4387738128396843e-05	paired_author_available	288.0	DONE	NA	CAMP_processed_original_author_pair_table	results/BRCA/04_ROBUSTNESS/20260921T112611Z_metabolite318_paired_v1/paired_metabolite318.tsv	5f78d08a696d5fac3d95c697b0eb05358cfa1868	EXACT_COLUMN_COPY_NO_RECALCULATION
BRCA	CAMP_BRCA1_Terunuma	04_ROBUSTNESS	20260921T112611Z_metabolite318_paired_v1	metabolite318_paired_v1	paired_processed	NAME:X - 12786	X - 12786	NA	author_paired_case	45	45	mean_paired_difference_author_scale	-0.6305386797108177	-1.6123341613027289	0.42022409622453866	0.22957367956991326	0.3067413029547581	paired_processed	318.0	DONE	NA	CAMP_processed_original_author_pair_table	results/BRCA/04_ROBUSTNESS/20260921T112611Z_metabolite318_paired_v1/paired_metabolite318.tsv	5f78d08a696d5fac3d95c697b0eb05358cfa1868	EXACT_COLUMN_COPY_NO_RECALCULATION
BRCA	CAMP_BRCA1_Terunuma	04_ROBUSTNESS	20260921T112611Z_metabolite318_paired_v1	metabolite318_paired_v1	paired_author_available	NAME:X - 12786	X - 12786	NA	author_paired_case	22	22	mean_paired_difference_author_scale	-0.8366008854142089	-1.6826023391540434	0.057563808245274746	0.06905245446403023	0.11858027906503499	paired_author_available	288.0	DONE	NA	CAMP_processed_original_author_pair_table	results/BRCA/04_ROBUSTNESS/20260921T112611Z_metabolite318_paired_v1/paired_metabolite318.tsv	5f78d08a696d5fac3d95c697b0eb05358cfa1868	EXACT_COLUMN_COPY_NO_RECALCULATION
BRCA	CAMP_BRCA1_Terunuma	04_ROBUSTNESS	20260921T112611Z_metabolite318_paired_v1	metabolite318_paired_v1	paired_processed	NAME:X - 12792	X - 12792	NA	author_paired_case	45	45	mean_paired_difference_author_scale	0.6352343097647934	0.08106802073745285	1.1731461144064135	0.024689741467580954	0.04538345541439736	paired_processed	318.0	DONE	NA	CAMP_processed_original_author_pair_table	results/BRCA/04_ROBUSTNESS/20260921T112611Z_metabolite318_paired_v1/paired_metabolite318.tsv	5f78d08a696d5fac3d95c697b0eb05358cfa1868	EXACT_COLUMN_COPY_NO_RECALCULATION
BRCA	CAMP_BRCA1_Terunuma	04_ROBUSTNESS	20260921T112611Z_metabolite318_paired_v1	metabolite318_paired_v1	paired_author_available	NAME:X - 12792	X - 12792	NA	author_paired_case	26	26	mean_paired_difference_author_scale	-0.2492624612587579	-0.9351613098529682	0.4342669365579706	0.6844724957056951	0.7662398417177653	paired_author_available	288.0	DONE	NA	CAMP_processed_original_author_pair_table	results/BRCA/04_ROBUSTNESS/20260921T112611Z_metabolite318_paired_v1/paired_metabolite318.tsv	5f78d08a696d5fac3d95c697b0eb05358cfa1868	EXACT_COLUMN_COPY_NO_RECALCULATION
BRCA	CAMP_BRCA1_Terunuma	04_ROBUSTNESS	20260921T112611Z_metabolite318_paired_v1	metabolite318_paired_v1	paired_processed	NAME:X - 12797	X - 12797	NA	author_paired_case	45	45	mean_paired_difference_author_scale	0.935984646547451	0.6061830791731484	1.2761280405570015	1.9511292646423797e-05	0.00010516256036547064	paired_processed	318.0	DONE	NA	CAMP_processed_original_author_pair_table	results/BRCA/04_ROBUSTNESS/20260921T112611Z_metabolite318_paired_v1/paired_metabolite318.tsv	5f78d08a696d5fac3d95c697b0eb05358cfa1868	EXACT_COLUMN_COPY_NO_RECALCULATION
BRCA	CAMP_BRCA1_Terunuma	04_ROBUSTNESS	20260921T112611Z_metabolite318_paired_v1	metabolite318_paired_v1	paired_author_available	NAME:X - 12797	X - 12797	NA	author_paired_case	8	8	mean_paired_difference_author_scale	-0.003967463462762888	-0.5610318717284328	0.5781423022122623	0.7262861488788049	0.7893223051965881	paired_author_available	288.0	DONE	NA	CAMP_processed_original_author_pair_table	results/BRCA/04_ROBUSTNESS/20260921T112611Z_metabolite318_paired_v1/paired_metabolite318.tsv	5f78d08a696d5fac3d95c697b0eb05358cfa1868	EXACT_COLUMN_COPY_NO_RECALCULATION
BRCA	CAMP_BRCA1_Terunuma	04_ROBUSTNESS	20260921T112611Z_metabolite318_paired_v1	metabolite318_paired_v1	paired_processed	NAME:X - 12799	X - 12799	NA	author_paired_case	45	45	mean_paired_difference_author_scale	-0.23040931300558667	-0.6101855784048745	0.15727837193355068	0.19503203344508535	0.27083050932548974	paired_processed	318.0	DONE	NA	CAMP_processed_original_author_pair_table	results/BRCA/04_ROBUSTNESS/20260921T112611Z_metabolite318_paired_v1/paired_metabolite318.tsv	5f78d08a696d5fac3d95c697b0eb05358cfa1868	EXACT_COLUMN_COPY_NO_RECALCULATION
BRCA	CAMP_BRCA1_Terunuma	04_ROBUSTNESS	20260921T112611Z_metabolite318_paired_v1	metabolite318_paired_v1	paired_author_available	NAME:X - 12799	X - 12799	NA	author_paired_case	28	28	mean_paired_difference_author_scale	-0.8662056488063427	-1.1352108354782933	-0.5792171096262854	5.3013590333764344e-05	0.000401787210950635	paired_author_available	288.0	DONE	NA	CAMP_processed_original_author_pair_table	results/BRCA/04_ROBUSTNESS/20260921T112611Z_metabolite318_paired_v1/paired_metabolite318.tsv	5f78d08a696d5fac3d95c697b0eb05358cfa1868	EXACT_COLUMN_COPY_NO_RECALCULATION
BRCA	CAMP_BRCA1_Terunuma	04_ROBUSTNESS	20260921T112611Z_metabolite318_paired_v1	metabolite318_paired_v1	paired_processed	NAME:X - 12800	X - 12800	NA	author_paired_case	45	45	mean_paired_difference_author_scale	1.8840490372431355	1.3033018791036926	2.4808158964716274	3.4368706735907783e-06	3.0359024283385207e-05	paired_processed	318.0	DONE	NA	CAMP_processed_original_author_pair_table	results/BRCA/04_ROBUSTNESS/20260921T112611Z_metabolite318_paired_v1/paired_metabolite318.tsv	5f78d08a696d5fac3d95c697b0eb05358cfa1868	EXACT_COLUMN_COPY_NO_RECALCULATION
BRCA	CAMP_BRCA1_Terunuma	04_ROBUSTNESS	20260921T112611Z_metabolite318_paired_v1	metabolite318_paired_v1	paired_author_available	NAME:X - 12800	X - 12800	NA	author_paired_case	20	20	mean_paired_difference_author_scale	0.9727943626792703	0.2923650231435421	1.682506921251949	0.01775806098808694	0.04551449550667405	paired_author_available	288.0	DONE	NA	CAMP_processed_original_author_pair_table	results/BRCA/04_ROBUSTNESS/20260921T112611Z_metabolite318_paired_v1/paired_metabolite318.tsv	5f78d08a696d5fac3d95c697b0eb05358cfa1868	EXACT_COLUMN_COPY_NO_RECALCULATION
BRCA	CAMP_BRCA1_Terunuma	04_ROBUSTNESS	20260921T112611Z_metabolite318_paired_v1	metabolite318_paired_v1	paired_processed	NAME:aspartylleucine	aspartylleucine	NA	author_paired_case	45	45	mean_paired_difference_author_scale	1.126048708905018	0.6308950034868879	1.6374802457977946	0.000121488424330989	0.00047113803582017686	paired_processed	318.0	DONE	NA	CAMP_processed_original_author_pair_table	results/BRCA/04_ROBUSTNESS/20260921T112611Z_metabolite318_paired_v1/paired_metabolite318.tsv	5f78d08a696d5fac3d95c697b0eb05358cfa1868	EXACT_COLUMN_COPY_NO_RECALCULATION
BRCA	CAMP_BRCA1_Terunuma	04_ROBUSTNESS	20260921T112611Z_metabolite318_paired_v1	metabolite318_paired_v1	paired_author_available	NAME:aspartylleucine	aspartylleucine	NA	author_paired_case	12	12	mean_paired_difference_author_scale	0.8053339658398753	-0.12370662911038863	1.7883406855011366	0.16981050508552142	0.24031343751156728	paired_author_available	288.0	DONE	NA	CAMP_processed_original_author_pair_table	results/BRCA/04_ROBUSTNESS/20260921T112611Z_metabolite318_paired_v1/paired_metabolite318.tsv	5f78d08a696d5fac3d95c697b0eb05358cfa1868	EXACT_COLUMN_COPY_NO_RECALCULATION
BRCA	CAMP_BRCA1_Terunuma	04_ROBUSTNESS	20260921T112611Z_metabolite318_paired_v1	metabolite318_paired_v1	paired_processed	NAME:X - 12854	X - 12854	NA	author_paired_case	45	45	mean_paired_difference_author_scale	-0.564418897009598	-1.0087003905809024	-0.15449551922581856	0.03994333680908455	0.06865935732588588	paired_processed	318.0	DONE	NA	CAMP_processed_original_author_pair_table	results/BRCA/04_ROBUSTNESS/20260921T112611Z_metabolite318_paired_v1/paired_metabolite318.tsv	5f78d08a696d5fac3d95c697b0eb05358cfa1868	EXACT_COLUMN_COPY_NO_RECALCULATION
BRCA	CAMP_BRCA1_Terunuma	04_ROBUSTNESS	20260921T112611Z_metabolite318_paired_v1	metabolite318_paired_v1	paired_author_available	NAME:X - 12854	X - 12854	NA	author_paired_case	44	44	mean_paired_difference_author_scale	-0.4580763379195275	-0.8670982276853295	-0.09646310437991892	0.06268831527475832	0.11400960855926282	paired_author_available	288.0	DONE	NA	CAMP_processed_original_author_pair_table	results/BRCA/04_ROBUSTNESS/20260921T112611Z_metabolite318_paired_v1/paired_metabolite318.tsv	5f78d08a696d5fac3d95c697b0eb05358cfa1868	EXACT_COLUMN_COPY_NO_RECALCULATION
BRCA	CAMP_BRCA1_Terunuma	04_ROBUSTNESS	20260921T112611Z_metabolite318_paired_v1	metabolite318_paired_v1	paired_processed	NAME:X - 12855	X - 12855	NA	author_paired_case	45	45	mean_paired_difference_author_scale	0.7911877285976245	0.35309310646307557	1.2230454420022456	0.0017680918936196228	0.004697183729048004	paired_processed	318.0	DONE	NA	CAMP_processed_original_author_pair_table	results/BRCA/04_ROBUSTNESS/20260921T112611Z_metabolite318_paired_v1/paired_metabolite318.tsv	5f78d08a696d5fac3d95c697b0eb05358cfa1868	EXACT_COLUMN_COPY_NO_RECALCULATION
BRCA	CAMP_BRCA1_Terunuma	04_ROBUSTNESS	20260921T112611Z_metabolite318_paired_v1	metabolite318_paired_v1	paired_author_available	NAME:X - 12855	X - 12855	NA	author_paired_case	37	37	mean_paired_difference_author_scale	0.5338224612176595	0.0920527913150148	0.9550087165515163	0.017858118028660306	0.04551449550667405	paired_author_available	288.0	DONE	NA	CAMP_processed_original_author_pair_table	results/BRCA/04_ROBUSTNESS/20260921T112611Z_metabolite318_paired_v1/paired_metabolite318.tsv	5f78d08a696d5fac3d95c697b0eb05358cfa1868	EXACT_COLUMN_COPY_NO_RECALCULATION
BRCA	CAMP_BRCA1_Terunuma	04_ROBUSTNESS	20260921T112611Z_metabolite318_paired_v1	metabolite318_paired_v1	paired_processed	NAME:X - 12860	X - 12860	NA	author_paired_case	45	45	mean_paired_difference_author_scale	0.24376641878040922	-0.08661759180362721	0.6005235495542512	0.13338203655706807	0.1972813377913844	paired_processed	318.0	DONE	NA	CAMP_processed_original_author_pair_table	results/BRCA/04_ROBUSTNESS/20260921T112611Z_metabolite318_paired_v1/paired_metabolite318.tsv	5f78d08a696d5fac3d95c697b0eb05358cfa1868	EXACT_COLUMN_COPY_NO_RECALCULATION
BRCA	CAMP_BRCA1_Terunuma	04_ROBUSTNESS	20260921T112611Z_metabolite318_paired_v1	metabolite318_paired_v1	paired_author_available	NAME:X - 12860	X - 12860	NA	author_paired_case	10	10	mean_paired_difference_author_scale	-0.3111012045620001	-0.7856390729273539	0.21544369870685892	0.3080632299071987	0.3874332323723722	paired_author_available	288.0	DONE	NA	CAMP_processed_original_author_pair_table	results/BRCA/04_ROBUSTNESS/20260921T112611Z_metabolite318_paired_v1/paired_metabolite318.tsv	5f78d08a696d5fac3d95c697b0eb05358cfa1868	EXACT_COLUMN_COPY_NO_RECALCULATION
BRCA	CAMP_BRCA1_Terunuma	04_ROBUSTNESS	20260921T112611Z_metabolite318_paired_v1	metabolite318_paired_v1	paired_processed	KEGG:C05551	penicillin G	NA	author_paired_case	45	45	mean_paired_difference_author_scale	-0.5735725110035979	-1.0637720968872388	-0.06595507578900071	0.03695183977334453	0.06421139370450032	paired_processed	318.0	DONE	NA	CAMP_processed_original_author_pair_table	results/BRCA/04_ROBUSTNESS/20260921T112611Z_metabolite318_paired_v1/paired_metabolite318.tsv	5f78d08a696d5fac3d95c697b0eb05358cfa1868	EXACT_COLUMN_COPY_NO_RECALCULATION
BRCA	CAMP_BRCA1_Terunuma	04_ROBUSTNESS	20260921T112611Z_metabolite318_paired_v1	metabolite318_paired_v1	paired_author_available	KEGG:C05551	penicillin G	NA	author_paired_case	36	36	mean_paired_difference_author_scale	-0.7273696754241251	-1.2752046915847495	-0.15112468843310406	0.02840658060124136	0.06293150163967316	paired_author_available	288.0	DONE	NA	CAMP_processed_original_author_pair_table	results/BRCA/04_ROBUSTNESS/20260921T112611Z_metabolite318_paired_v1/paired_metabolite318.tsv	5f78d08a696d5fac3d95c697b0eb05358cfa1868	EXACT_COLUMN_COPY_NO_RECALCULATION
BRCA	CAMP_BRCA1_Terunuma	04_ROBUSTNESS	20260921T112611Z_metabolite318_paired_v1	metabolite318_paired_v1	paired_processed	NAME:X - 13068	X - 13068	NA	author_paired_case	45	45	mean_paired_difference_author_scale	-0.5913864111755777	-1.0334855577628366	-0.15399188903060768	0.018326839542467617	0.03469008913395656	paired_processed	318.0	DONE	NA	CAMP_processed_original_author_pair_table	results/BRCA/04_ROBUSTNESS/20260921T112611Z_metabolite318_paired_v1/paired_metabolite318.tsv	5f78d08a696d5fac3d95c697b0eb05358cfa1868	EXACT_COLUMN_COPY_NO_RECALCULATION
BRCA	CAMP_BRCA1_Terunuma	04_ROBUSTNESS	20260921T112611Z_metabolite318_paired_v1	metabolite318_paired_v1	paired_author_available	NAME:X - 13068	X - 13068	NA	author_paired_case	37	37	mean_paired_difference_author_scale	-0.5781790122085161	-1.1050106521876524	-0.05318365955227902	0.04480548666307107	0.08778217795213925	paired_author_available	288.0	DONE	NA	CAMP_processed_original_author_pair_table	results/BRCA/04_ROBUSTNESS/20260921T112611Z_metabolite318_paired_v1/paired_metabolite318.tsv	5f78d08a696d5fac3d95c697b0eb05358cfa1868	EXACT_COLUMN_COPY_NO_RECALCULATION
BRCA	CAMP_BRCA1_Terunuma	04_ROBUSTNESS	20260921T112611Z_metabolite318_paired_v1	metabolite318_paired_v1	paired_processed	NAME:X - 13082	X - 13082	NA	author_paired_case	45	45	mean_paired_difference_author_scale	-0.4518793027296223	-0.9443945047898766	0.012238903060786574	0.08256055823650606	0.12744785203499479	paired_processed	318.0	DONE	NA	CAMP_processed_original_author_pair_table	results/BRCA/04_ROBUSTNESS/20260921T112611Z_metabolite318_paired_v1/paired_metabolite318.tsv	5f78d08a696d5fac3d95c697b0eb05358cfa1868	EXACT_COLUMN_COPY_NO_RECALCULATION
BRCA	CAMP_BRCA1_Terunuma	04_ROBUSTNESS	20260921T112611Z_metabolite318_paired_v1	metabolite318_paired_v1	paired_author_available	NAME:X - 13082	X - 13082	NA	author_paired_case	29	29	mean_paired_difference_author_scale	-0.7394571531888691	-1.30946262555092	-0.13499320853154792	0.028966413407758334	0.0636818859651481	paired_author_available	288.0	DONE	NA	CAMP_processed_original_author_pair_table	results/BRCA/04_ROBUSTNESS/20260921T112611Z_metabolite318_paired_v1/paired_metabolite318.tsv	5f78d08a696d5fac3d95c697b0eb05358cfa1868	EXACT_COLUMN_COPY_NO_RECALCULATION
BRCA	CAMP_BRCA1_Terunuma	04_ROBUSTNESS	20260921T112611Z_metabolite318_paired_v1	metabolite318_paired_v1	paired_processed	NAME:X - 13086	X - 13086	NA	author_paired_case	45	45	mean_paired_difference_author_scale	-0.47915788152672883	-0.9110769979871293	-0.003304303079960668	0.05745961859668182	0.09322529955992255	paired_processed	318.0	DONE	NA	CAMP_processed_original_author_pair_table	results/BRCA/04_ROBUSTNESS/20260921T112611Z_metabolite318_paired_v1/paired_metabolite318.tsv	5f78d08a696d5fac3d95c697b0eb05358cfa1868	EXACT_COLUMN_COPY_NO_RECALCULATION
BRCA	CAMP_BRCA1_Terunuma	04_ROBUSTNESS	20260921T112611Z_metabolite318_paired_v1	metabolite318_paired_v1	paired_author_available	NAME:X - 13086	X - 13086	NA	author_paired_case	34	34	mean_paired_difference_author_scale	-0.7194535826498175	-1.2650482486987815	-0.19715660525955964	0.019169279494055808	0.04718591875459891	paired_author_available	288.0	DONE	NA	CAMP_processed_original_author_pair_table	results/BRCA/04_ROBUSTNESS/20260921T112611Z_metabolite318_paired_v1/paired_metabolite318.tsv	5f78d08a696d5fac3d95c697b0eb05358cfa1868	EXACT_COLUMN_COPY_NO_RECALCULATION
BRCA	CAMP_BRCA1_Terunuma	04_ROBUSTNESS	20260921T112611Z_metabolite318_paired_v1	metabolite318_paired_v1	paired_processed	NAME:X - 13098	X - 13098	NA	author_paired_case	45	45	mean_paired_difference_author_scale	-0.449314923962893	-0.9132110719429535	0.012510588373364762	0.06138675383580311	0.09859084706962318	paired_processed	318.0	DONE	NA	CAMP_processed_original_author_pair_table	results/BRCA/04_ROBUSTNESS/20260921T112611Z_metabolite318_paired_v1/paired_metabolite318.tsv	5f78d08a696d5fac3d95c697b0eb05358cfa1868	EXACT_COLUMN_COPY_NO_RECALCULATION
BRCA	CAMP_BRCA1_Terunuma	04_ROBUSTNESS	20260921T112611Z_metabolite318_paired_v1	metabolite318_paired_v1	paired_author_available	NAME:X - 13098	X - 13098	NA	author_paired_case	30	30	mean_paired_difference_author_scale	-0.7228686381239995	-1.237111470780576	-0.19159748510228788	0.024964669301650654	0.0575185980710031	paired_author_available	288.0	DONE	NA	CAMP_processed_original_author_pair_table	results/BRCA/04_ROBUSTNESS/20260921T112611Z_metabolite318_paired_v1/paired_metabolite318.tsv	5f78d08a696d5fac3d95c697b0eb05358cfa1868	EXACT_COLUMN_COPY_NO_RECALCULATION
BRCA	CAMP_BRCA1_Terunuma	04_ROBUSTNESS	20260921T112611Z_metabolite318_paired_v1	metabolite318_paired_v1	paired_processed	NAME:X - 13110	X - 13110	NA	author_paired_case	45	45	mean_paired_difference_author_scale	-0.16474046618724442	-0.49475001639873606	0.15892575618787025	0.40167816646977306	0.48940098443443614	paired_processed	318.0	DONE	NA	CAMP_processed_original_author_pair_table	results/BRCA/04_ROBUSTNESS/20260921T112611Z_metabolite318_paired_v1/paired_metabolite318.tsv	5f78d08a696d5fac3d95c697b0eb05358cfa1868	EXACT_COLUMN_COPY_NO_RECALCULATION
BRCA	CAMP_BRCA1_Terunuma	04_ROBUSTNESS	20260921T112611Z_metabolite318_paired_v1	metabolite318_paired_v1	paired_author_available	NAME:X - 13110	X - 13110	NA	author_paired_case	9	9	mean_paired_difference_author_scale	-1.704056488868711	-2.4784192478295854	-0.9039528656764602	0.01285124018749651	0.035933564796106744	paired_author_available	288.0	DONE	NA	CAMP_processed_original_author_pair_table	results/BRCA/04_ROBUSTNESS/20260921T112611Z_metabolite318_paired_v1/paired_metabolite318.tsv	5f78d08a696d5fac3d95c697b0eb05358cfa1868	EXACT_COLUMN_COPY_NO_RECALCULATION
BRCA	CAMP_BRCA1_Terunuma	04_ROBUSTNESS	20260921T112611Z_metabolite318_paired_v1	metabolite318_paired_v1	paired_processed	NAME:1-palmitoylplasmenylethanolamine	1-palmitoylplasmenylethanolamine	NA	author_paired_case	45	45	mean_paired_difference_author_scale	0.6225253352448334	0.25320505175574676	0.9950611233170029	0.0024584024832873573	0.0061075936694170285	paired_processed	318.0	DONE	NA	CAMP_processed_original_author_pair_table	results/BRCA/04_ROBUSTNESS/20260921T112611Z_metabolite318_paired_v1/paired_metabolite318.tsv	5f78d08a696d5fac3d95c697b0eb05358cfa1868	EXACT_COLUMN_COPY_NO_RECALCULATION
BRCA	CAMP_BRCA1_Terunuma	04_ROBUSTNESS	20260921T112611Z_metabolite318_paired_v1	metabolite318_paired_v1	paired_author_available	NAME:1-palmitoylplasmenylethanolamine	1-palmitoylplasmenylethanolamine	NA	author_paired_case	31	31	mean_paired_difference_author_scale	0.36390103910330013	-0.005338759308308281	0.7728621036820139	0.12396824484445956	0.1899088006127891	paired_author_available	288.0	DONE	NA	CAMP_processed_original_author_pair_table	results/BRCA/04_ROBUSTNESS/20260921T112611Z_metabolite318_paired_v1/paired_metabolite318.tsv	5f78d08a696d5fac3d95c697b0eb05358cfa1868	EXACT_COLUMN_COPY_NO_RECALCULATION
BRCA	CAMP_BRCA1_Terunuma	04_ROBUSTNESS	20260921T112611Z_metabolite318_paired_v1	metabolite318_paired_v1	paired_processed	NAME:X - 13145	X - 13145	NA	author_paired_case	45	45	mean_paired_difference_author_scale	-0.39479245307573335	-0.8806360603652736	0.07239114552215359	0.12649459498237414	0.18796860375885505	paired_processed	318.0	DONE	NA	CAMP_processed_original_author_pair_table	results/BRCA/04_ROBUSTNESS/20260921T112611Z_metabolite318_paired_v1/paired_metabolite318.tsv	5f78d08a696d5fac3d95c697b0eb05358cfa1868	EXACT_COLUMN_COPY_NO_RECALCULATION
BRCA	CAMP_BRCA1_Terunuma	04_ROBUSTNESS	20260921T112611Z_metabolite318_paired_v1	metabolite318_paired_v1	paired_author_available	NAME:X - 13145	X - 13145	NA	author_paired_case	33	33	mean_paired_difference_author_scale	-0.7702419050910033	-1.2754934685199915	-0.288628268267667	0.00862500261473992	0.027600008367167743	paired_author_available	288.0	DONE	NA	CAMP_processed_original_author_pair_table	results/BRCA/04_ROBUSTNESS/20260921T112611Z_metabolite318_paired_v1/paired_metabolite318.tsv	5f78d08a696d5fac3d95c697b0eb05358cfa1868	EXACT_COLUMN_COPY_NO_RECALCULATION
BRCA	CAMP_BRCA1_Terunuma	04_ROBUSTNESS	20260921T112611Z_metabolite318_paired_v1	metabolite318_paired_v1	paired_processed	NAME:X - 13150	X - 13150	NA	author_paired_case	45	45	mean_paired_difference_author_scale	-0.7434121714799826	-1.1816192318265344	-0.3098203283215402	0.004714988242246299	0.010412265701627245	paired_processed	318.0	DONE	NA	CAMP_processed_original_author_pair_table	results/BRCA/04_ROBUSTNESS/20260921T112611Z_metabolite318_paired_v1/paired_metabolite318.tsv	5f78d08a696d5fac3d95c697b0eb05358cfa1868	EXACT_COLUMN_COPY_NO_RECALCULATION
BRCA	CAMP_BRCA1_Terunuma	04_ROBUSTNESS	20260921T112611Z_metabolite318_paired_v1	metabolite318_paired_v1	paired_author_available	NAME:X - 13150	X - 13150	NA	author_paired_case	36	36	mean_paired_difference_author_scale	-0.8033063289653697	-1.2912212012005624	-0.299221338141378	0.008500353841525097	0.02750676299280031	paired_author_available	288.0	DONE	NA	CAMP_processed_original_author_pair_table	results/BRCA/04_ROBUSTNESS/20260921T112611Z_metabolite318_paired_v1/paired_metabolite318.tsv	5f78d08a696d5fac3d95c697b0eb05358cfa1868	EXACT_COLUMN_COPY_NO_RECALCULATION
BRCA	CAMP_BRCA1_Terunuma	04_ROBUSTNESS	20260921T112611Z_metabolite318_paired_v1	metabolite318_paired_v1	paired_processed	NAME:X - 13159	X - 13159	NA	author_paired_case	45	45	mean_paired_difference_author_scale	-0.10603074047429553	-0.33605346250838053	0.09883854953937053	0.4561258517135216	0.5494243213821964	paired_processed	318.0	DONE	NA	CAMP_processed_original_author_pair_table	results/BRCA/04_ROBUSTNESS/20260921T112611Z_metabolite318_paired_v1/paired_metabolite318.tsv	5f78d08a696d5fac3d95c697b0eb05358cfa1868	EXACT_COLUMN_COPY_NO_RECALCULATION
BRCA	CAMP_BRCA1_Terunuma	04_ROBUSTNESS	20260921T112611Z_metabolite318_paired_v1	metabolite318_paired_v1	paired_author_available	NAME:X - 13159	X - 13159	NA	author_paired_case	9	9	mean_paired_difference_author_scale	-0.7725551971509663	-1.6525017492664242	0.13410940910073904	0.1551315687271142	0.22451201906235624	paired_author_available	288.0	DONE	NA	CAMP_processed_original_author_pair_table	results/BRCA/04_ROBUSTNESS/20260921T112611Z_metabolite318_paired_v1/paired_metabolite318.tsv	5f78d08a696d5fac3d95c697b0eb05358cfa1868	EXACT_COLUMN_COPY_NO_RECALCULATION
BRCA	CAMP_BRCA1_Terunuma	04_ROBUSTNESS	20260921T112611Z_metabolite318_paired_v1	metabolite318_paired_v1	paired_processed	NAME:X - 13230	X - 13230	NA	author_paired_case	45	45	mean_paired_difference_author_scale	-0.5602706311229465	-0.727233537436824	-0.3851790645585962	2.808717569964431e-06	2.791163085152153e-05	paired_processed	318.0	DONE	NA	CAMP_processed_original_author_pair_table	results/BRCA/04_ROBUSTNESS/20260921T112611Z_metabolite318_paired_v1/paired_metabolite318.tsv	5f78d08a696d5fac3d95c697b0eb05358cfa1868	EXACT_COLUMN_COPY_NO_RECALCULATION
BRCA	CAMP_BRCA1_Terunuma	04_ROBUSTNESS	20260921T112611Z_metabolite318_paired_v1	metabolite318_paired_v1	paired_author_available	NAME:X - 13230	X - 13230	NA	author_paired_case	45	45	mean_paired_difference_author_scale	-0.5602706311229465	-0.7264593971862753	-0.38302648477203893	2.808717569964431e-06	3.851955524522648e-05	paired_author_available	288.0	DONE	NA	CAMP_processed_original_author_pair_table	results/BRCA/04_ROBUSTNESS/20260921T112611Z_metabolite318_paired_v1/paired_metabolite318.tsv	5f78d08a696d5fac3d95c697b0eb05358cfa1868	EXACT_COLUMN_COPY_NO_RECALCULATION
BRCA	CAMP_BRCA1_Terunuma	04_ROBUSTNESS	20260921T112611Z_metabolite318_paired_v1	metabolite318_paired_v1	paired_processed	NAME:X - 13372	X - 13372	NA	author_paired_case	45	45	mean_paired_difference_author_scale	-1.0898207798406867	-1.418908889760667	-0.7413781896478855	4.5890937562359305e-06	3.55934588898299e-05	paired_processed	318.0	DONE	NA	CAMP_processed_original_author_pair_table	results/BRCA/04_ROBUSTNESS/20260921T112611Z_metabolite318_paired_v1/paired_metabolite318.tsv	5f78d08a696d5fac3d95c697b0eb05358cfa1868	EXACT_COLUMN_COPY_NO_RECALCULATION
BRCA	CAMP_BRCA1_Terunuma	04_ROBUSTNESS	20260921T112611Z_metabolite318_paired_v1	metabolite318_paired_v1	paired_author_available	NAME:X - 13372	X - 13372	NA	author_paired_case	38	38	mean_paired_difference_author_scale	-1.2203386791415738	-1.4879163435775695	-0.953106282576698	3.8587613895774924e-07	7.938023429987984e-06	paired_author_available	288.0	DONE	NA	CAMP_processed_original_author_pair_table	results/BRCA/04_ROBUSTNESS/20260921T112611Z_metabolite318_paired_v1/paired_metabolite318.tsv	5f78d08a696d5fac3d95c697b0eb05358cfa1868	EXACT_COLUMN_COPY_NO_RECALCULATION
BRCA	CAMP_BRCA1_Terunuma	04_ROBUSTNESS	20260921T112611Z_metabolite318_paired_v1	metabolite318_paired_v1	paired_processed	NAME:X - 13391	X - 13391	NA	author_paired_case	45	45	mean_paired_difference_author_scale	1.1519497773827867	0.7502723402992225	1.5946895853877394	2.231095699827552e-05	0.0001141467869922638	paired_processed	318.0	DONE	NA	CAMP_processed_original_author_pair_table	results/BRCA/04_ROBUSTNESS/20260921T112611Z_metabolite318_paired_v1/paired_metabolite318.tsv	5f78d08a696d5fac3d95c697b0eb05358cfa1868	EXACT_COLUMN_COPY_NO_RECALCULATION
BRCA	CAMP_BRCA1_Terunuma	04_ROBUSTNESS	20260921T112611Z_metabolite318_paired_v1	metabolite318_paired_v1	paired_author_available	NAME:X - 13391	X - 13391	NA	author_paired_case	9	9	mean_paired_difference_author_scale	0.9951980444311224	0.10607497695036992	2.184998857358177	0.07556056752594133	0.12652002004343665	paired_author_available	288.0	DONE	NA	CAMP_processed_original_author_pair_table	results/BRCA/04_ROBUSTNESS/20260921T112611Z_metabolite318_paired_v1/paired_metabolite318.tsv	5f78d08a696d5fac3d95c697b0eb05358cfa1868	EXACT_COLUMN_COPY_NO_RECALCULATION
BRCA	CAMP_BRCA1_Terunuma	04_ROBUSTNESS	20260921T112611Z_metabolite318_paired_v1	metabolite318_paired_v1	paired_processed	NAME:X - 13396	X - 13396	NA	author_paired_case	45	45	mean_paired_difference_author_scale	0.9963744834177245	0.45385485732025377	1.5607405682389461	0.0015622996523489468	0.004320098169104045	paired_processed	318.0	DONE	NA	CAMP_processed_original_author_pair_table	results/BRCA/04_ROBUSTNESS/20260921T112611Z_metabolite318_paired_v1/paired_metabolite318.tsv	5f78d08a696d5fac3d95c697b0eb05358cfa1868	EXACT_COLUMN_COPY_NO_RECALCULATION
BRCA	CAMP_BRCA1_Terunuma	04_ROBUSTNESS	20260921T112611Z_metabolite318_paired_v1	metabolite318_paired_v1	paired_author_available	NAME:X - 13396	X - 13396	NA	author_paired_case	9	9	mean_paired_difference_author_scale	0.6582853841587222	-0.4594054860030922	1.6388933777323549	0.23613697022165292	0.31484929362887054	paired_author_available	288.0	DONE	NA	CAMP_processed_original_author_pair_table	results/BRCA/04_ROBUSTNESS/20260921T112611Z_metabolite318_paired_v1/paired_metabolite318.tsv	5f78d08a696d5fac3d95c697b0eb05358cfa1868	EXACT_COLUMN_COPY_NO_RECALCULATION
BRCA	CAMP_BRCA1_Terunuma	04_ROBUSTNESS	20260921T112611Z_metabolite318_paired_v1	metabolite318_paired_v1	paired_processed	NAME:X - 13413	X - 13413	NA	author_paired_case	45	45	mean_paired_difference_author_scale	1.3044415402984044	0.6860543593359099	1.9173492119754443	0.0007237934953442335	0.0022242267912765882	paired_processed	318.0	DONE	NA	CAMP_processed_original_author_pair_table	results/BRCA/04_ROBUSTNESS/20260921T112611Z_metabolite318_paired_v1/paired_metabolite318.tsv	5f78d08a696d5fac3d95c697b0eb05358cfa1868	EXACT_COLUMN_COPY_NO_RECALCULATION
BRCA	CAMP_BRCA1_Terunuma	04_ROBUSTNESS	20260921T112611Z_metabolite318_paired_v1	metabolite318_paired_v1	paired_author_available	NAME:X - 13413	X - 13413	NA	author_paired_case	6	6	mean_paired_difference_author_scale	NA	NA	NA	NA	NA	paired_author_available	288.0	NOT_EVALUABLE	fewer_than8_complete_author_available_pairs	CAMP_processed_original_author_pair_table	results/BRCA/04_ROBUSTNESS/20260921T112611Z_metabolite318_paired_v1/paired_metabolite318.tsv	5f78d08a696d5fac3d95c697b0eb05358cfa1868	EXACT_COLUMN_COPY_NO_RECALCULATION
BRCA	CAMP_BRCA1_Terunuma	04_ROBUSTNESS	20260921T112611Z_metabolite318_paired_v1	metabolite318_paired_v1	paired_processed	NAME:X - 13414	X - 13414	NA	author_paired_case	45	45	mean_paired_difference_author_scale	1.5060839090018	0.9286438446666144	2.1091261920910056	3.9634384685597755e-05	0.00018266281637710269	paired_processed	318.0	DONE	NA	CAMP_processed_original_author_pair_table	results/BRCA/04_ROBUSTNESS/20260921T112611Z_metabolite318_paired_v1/paired_metabolite318.tsv	5f78d08a696d5fac3d95c697b0eb05358cfa1868	EXACT_COLUMN_COPY_NO_RECALCULATION
BRCA	CAMP_BRCA1_Terunuma	04_ROBUSTNESS	20260921T112611Z_metabolite318_paired_v1	metabolite318_paired_v1	paired_author_available	NAME:X - 13414	X - 13414	NA	author_paired_case	6	6	mean_paired_difference_author_scale	NA	NA	NA	NA	NA	paired_author_available	288.0	NOT_EVALUABLE	fewer_than8_complete_author_available_pairs	CAMP_processed_original_author_pair_table	results/BRCA/04_ROBUSTNESS/20260921T112611Z_metabolite318_paired_v1/paired_metabolite318.tsv	5f78d08a696d5fac3d95c697b0eb05358cfa1868	EXACT_COLUMN_COPY_NO_RECALCULATION
BRCA	CAMP_BRCA1_Terunuma	04_ROBUSTNESS	20260921T112611Z_metabolite318_paired_v1	metabolite318_paired_v1	paired_processed	NAME:X - 13417	X - 13417	NA	author_paired_case	45	45	mean_paired_difference_author_scale	0.919077238295789	0.3627032163137818	1.476005797852084	0.003613282312476239	0.008448704230642971	paired_processed	318.0	DONE	NA	CAMP_processed_original_author_pair_table	results/BRCA/04_ROBUSTNESS/20260921T112611Z_metabolite318_paired_v1/paired_metabolite318.tsv	5f78d08a696d5fac3d95c697b0eb05358cfa1868	EXACT_COLUMN_COPY_NO_RECALCULATION
BRCA	CAMP_BRCA1_Terunuma	04_ROBUSTNESS	20260921T112611Z_metabolite318_paired_v1	metabolite318_paired_v1	paired_author_available	NAME:X - 13417	X - 13417	NA	author_paired_case	17	17	mean_paired_difference_author_scale	0.46063861426140007	-0.263078553477245	1.129806712711255	0.14224516938413412	0.214315090752091	paired_author_available	288.0	DONE	NA	CAMP_processed_original_author_pair_table	results/BRCA/04_ROBUSTNESS/20260921T112611Z_metabolite318_paired_v1/paired_metabolite318.tsv	5f78d08a696d5fac3d95c697b0eb05358cfa1868	EXACT_COLUMN_COPY_NO_RECALCULATION
BRCA	CAMP_BRCA1_Terunuma	04_ROBUSTNESS	20260921T112611Z_metabolite318_paired_v1	metabolite318_paired_v1	paired_processed	NAME:X - 13418	X - 13418	NA	author_paired_case	45	45	mean_paired_difference_author_scale	1.5436232945807002	0.9492102035712476	2.1032900770213465	6.136656007844973e-05	0.00026732282335543853	paired_processed	318.0	DONE	NA	CAMP_processed_original_author_pair_table	results/BRCA/04_ROBUSTNESS/20260921T112611Z_metabolite318_paired_v1/paired_metabolite318.tsv	5f78d08a696d5fac3d95c697b0eb05358cfa1868	EXACT_COLUMN_COPY_NO_RECALCULATION
BRCA	CAMP_BRCA1_Terunuma	04_ROBUSTNESS	20260921T112611Z_metabolite318_paired_v1	metabolite318_paired_v1	paired_author_available	NAME:X - 13418	X - 13418	NA	author_paired_case	5	5	mean_paired_difference_author_scale	NA	NA	NA	NA	NA	paired_author_available	288.0	NOT_EVALUABLE	fewer_than8_complete_author_available_pairs	CAMP_processed_original_author_pair_table	results/BRCA/04_ROBUSTNESS/20260921T112611Z_metabolite318_paired_v1/paired_metabolite318.tsv	5f78d08a696d5fac3d95c697b0eb05358cfa1868	EXACT_COLUMN_COPY_NO_RECALCULATION
BRCA	CAMP_BRCA1_Terunuma	04_ROBUSTNESS	20260921T112611Z_metabolite318_paired_v1	metabolite318_paired_v1	paired_processed	NAME:X - 13421	X - 13421	NA	author_paired_case	45	45	mean_paired_difference_author_scale	1.7247714537798555	1.2306366490890304	2.199540077834969	3.7238905587511466e-06	3.116308414954907e-05	paired_processed	318.0	DONE	NA	CAMP_processed_original_author_pair_table	results/BRCA/04_ROBUSTNESS/20260921T112611Z_metabolite318_paired_v1/paired_metabolite318.tsv	5f78d08a696d5fac3d95c697b0eb05358cfa1868	EXACT_COLUMN_COPY_NO_RECALCULATION
BRCA	CAMP_BRCA1_Terunuma	04_ROBUSTNESS	20260921T112611Z_metabolite318_paired_v1	metabolite318_paired_v1	paired_author_available	NAME:X - 13421	X - 13421	NA	author_paired_case	16	16	mean_paired_difference_author_scale	1.4752870689372999	0.7083422763375575	2.1503963947027485	0.004106838608215757	0.016202322180358057	paired_author_available	288.0	DONE	NA	CAMP_processed_original_author_pair_table	results/BRCA/04_ROBUSTNESS/20260921T112611Z_metabolite318_paired_v1/paired_metabolite318.tsv	5f78d08a696d5fac3d95c697b0eb05358cfa1868	EXACT_COLUMN_COPY_NO_RECALCULATION
BRCA	CAMP_BRCA1_Terunuma	04_ROBUSTNESS	20260921T112611Z_metabolite318_paired_v1	metabolite318_paired_v1	paired_processed	NAME:X - 13422	X - 13422	NA	author_paired_case	45	45	mean_paired_difference_author_scale	0.8567468589343712	0.27593335092817795	1.4554368177171229	0.01658130119681578	0.03157397473405639	paired_processed	318.0	DONE	NA	CAMP_processed_original_author_pair_table	results/BRCA/04_ROBUSTNESS/20260921T112611Z_metabolite318_paired_v1/paired_metabolite318.tsv	5f78d08a696d5fac3d95c697b0eb05358cfa1868	EXACT_COLUMN_COPY_NO_RECALCULATION
BRCA	CAMP_BRCA1_Terunuma	04_ROBUSTNESS	20260921T112611Z_metabolite318_paired_v1	metabolite318_paired_v1	paired_author_available	NAME:X - 13422	X - 13422	NA	author_paired_case	18	18	mean_paired_difference_author_scale	0.5700774152758	0.04703008470553339	1.148620594327214	0.17699640903747316	0.24593816971619029	paired_author_available	288.0	DONE	NA	CAMP_processed_original_author_pair_table	results/BRCA/04_ROBUSTNESS/20260921T112611Z_metabolite318_paired_v1/paired_metabolite318.tsv	5f78d08a696d5fac3d95c697b0eb05358cfa1868	EXACT_COLUMN_COPY_NO_RECALCULATION
BRCA	CAMP_BRCA1_Terunuma	04_ROBUSTNESS	20260921T112611Z_metabolite318_paired_v1	metabolite318_paired_v1	paired_processed	NAME:X - 13445	X - 13445	NA	author_paired_case	45	45	mean_paired_difference_author_scale	-1.2854656793479777	-2.196442926426794	-0.41217958457418624	0.004249798962163189	0.00974829854171697	paired_processed	318.0	DONE	NA	CAMP_processed_original_author_pair_table	results/BRCA/04_ROBUSTNESS/20260921T112611Z_metabolite318_paired_v1/paired_metabolite318.tsv	5f78d08a696d5fac3d95c697b0eb05358cfa1868	EXACT_COLUMN_COPY_NO_RECALCULATION
BRCA	CAMP_BRCA1_Terunuma	04_ROBUSTNESS	20260921T112611Z_metabolite318_paired_v1	metabolite318_paired_v1	paired_author_available	NAME:X - 13445	X - 13445	NA	author_paired_case	8	8	mean_paired_difference_author_scale	-1.7517774218019997	-2.959506236909939	-0.8811326602193956	0.014266186701446923	0.03735147063651558	paired_author_available	288.0	DONE	NA	CAMP_processed_original_author_pair_table	results/BRCA/04_ROBUSTNESS/20260921T112611Z_metabolite318_paired_v1/paired_metabolite318.tsv	5f78d08a696d5fac3d95c697b0eb05358cfa1868	EXACT_COLUMN_COPY_NO_RECALCULATION
BRCA	CAMP_BRCA1_Terunuma	04_ROBUSTNESS	20260921T112611Z_metabolite318_paired_v1	metabolite318_paired_v1	paired_processed	NAME:X - 13510	X - 13510	NA	author_paired_case	45	45	mean_paired_difference_author_scale	-0.6381155604809823	-1.2676543545883778	-0.019423688568406018	0.0454687132962147	0.07690984483083126	paired_processed	318.0	DONE	NA	CAMP_processed_original_author_pair_table	results/BRCA/04_ROBUSTNESS/20260921T112611Z_metabolite318_paired_v1/paired_metabolite318.tsv	5f78d08a696d5fac3d95c697b0eb05358cfa1868	EXACT_COLUMN_COPY_NO_RECALCULATION
BRCA	CAMP_BRCA1_Terunuma	04_ROBUSTNESS	20260921T112611Z_metabolite318_paired_v1	metabolite318_paired_v1	paired_author_available	NAME:X - 13510	X - 13510	NA	author_paired_case	19	19	mean_paired_difference_author_scale	-1.1374620260408999	-1.8876451167723112	-0.37493094586899234	0.013327565717738651	0.036210744591591806	paired_author_available	288.0	DONE	NA	CAMP_processed_original_author_pair_table	results/BRCA/04_ROBUSTNESS/20260921T112611Z_metabolite318_paired_v1/paired_metabolite318.tsv	5f78d08a696d5fac3d95c697b0eb05358cfa1868	EXACT_COLUMN_COPY_NO_RECALCULATION
BRCA	CAMP_BRCA1_Terunuma	04_ROBUSTNESS	20260921T112611Z_metabolite318_paired_v1	metabolite318_paired_v1	paired_processed	NAME:X - 13543	X - 13543	NA	author_paired_case	45	45	mean_paired_difference_author_scale	-0.5585576949906046	-1.2846121537116242	0.2166907483822316	0.2249262127137155	0.30307854086000646	paired_processed	318.0	DONE	NA	CAMP_processed_original_author_pair_table	results/BRCA/04_ROBUSTNESS/20260921T112611Z_metabolite318_paired_v1/paired_metabolite318.tsv	5f78d08a696d5fac3d95c697b0eb05358cfa1868	EXACT_COLUMN_COPY_NO_RECALCULATION
BRCA	CAMP_BRCA1_Terunuma	04_ROBUSTNESS	20260921T112611Z_metabolite318_paired_v1	metabolite318_paired_v1	paired_author_available	NAME:X - 13543	X - 13543	NA	author_paired_case	26	26	mean_paired_difference_author_scale	-0.18835641363811537	-0.8678960944132007	0.41978689448637835	0.9797375245025678	0.990050551076279	paired_author_available	288.0	DONE	NA	CAMP_processed_original_author_pair_table	results/BRCA/04_ROBUSTNESS/20260921T112611Z_metabolite318_paired_v1/paired_metabolite318.tsv	5f78d08a696d5fac3d95c697b0eb05358cfa1868	EXACT_COLUMN_COPY_NO_RECALCULATION
BRCA	CAMP_BRCA1_Terunuma	04_ROBUSTNESS	20260921T112611Z_metabolite318_paired_v1	metabolite318_paired_v1	paired_processed	NAME:X - 13557	X - 13557	NA	author_paired_case	45	45	mean_paired_difference_author_scale	-0.715461899040958	-1.1565860601368527	-0.2667652481537182	0.004447093105698853	0.009962435849963853	paired_processed	318.0	DONE	NA	CAMP_processed_original_author_pair_table	results/BRCA/04_ROBUSTNESS/20260921T112611Z_metabolite318_paired_v1/paired_metabolite318.tsv	5f78d08a696d5fac3d95c697b0eb05358cfa1868	EXACT_COLUMN_COPY_NO_RECALCULATION
BRCA	CAMP_BRCA1_Terunuma	04_ROBUSTNESS	20260921T112611Z_metabolite318_paired_v1	metabolite318_paired_v1	paired_author_available	NAME:X - 13557	X - 13557	NA	author_paired_case	14	14	mean_paired_difference_author_scale	-1.2173252187036643	-1.9961047123712676	-0.35292770604496965	0.020193670401022157	0.04887207626465867	paired_author_available	288.0	DONE	NA	CAMP_processed_original_author_pair_table	results/BRCA/04_ROBUSTNESS/20260921T112611Z_metabolite318_paired_v1/paired_metabolite318.tsv	5f78d08a696d5fac3d95c697b0eb05358cfa1868	EXACT_COLUMN_COPY_NO_RECALCULATION
BRCA	CAMP_BRCA1_Terunuma	04_ROBUSTNESS	20260921T112611Z_metabolite318_paired_v1	metabolite318_paired_v1	paired_processed	NAME:X - 13560	X - 13560	NA	author_paired_case	45	45	mean_paired_difference_author_scale	-0.08118101702589785	-0.4837186328180305	0.2934404298642841	0.8155669259465316	0.8791534998338882	paired_processed	318.0	DONE	NA	CAMP_processed_original_author_pair_table	results/BRCA/04_ROBUSTNESS/20260921T112611Z_metabolite318_paired_v1/paired_metabolite318.tsv	5f78d08a696d5fac3d95c697b0eb05358cfa1868	EXACT_COLUMN_COPY_NO_RECALCULATION
BRCA	CAMP_BRCA1_Terunuma	04_ROBUSTNESS	20260921T112611Z_metabolite318_paired_v1	metabolite318_paired_v1	paired_author_available	NAME:X - 13560	X - 13560	NA	author_paired_case	18	18	mean_paired_difference_author_scale	-0.5291534912920282	-0.9797925033131348	-0.06955154968398777	0.05533765243556649	0.10416499281988986	paired_author_available	288.0	DONE	NA	CAMP_processed_original_author_pair_table	results/BRCA/04_ROBUSTNESS/20260921T112611Z_metabolite318_paired_v1/paired_metabolite318.tsv	5f78d08a696d5fac3d95c697b0eb05358cfa1868	EXACT_COLUMN_COPY_NO_RECALCULATION
BRCA	CAMP_BRCA1_Terunuma	04_ROBUSTNESS	20260921T112611Z_metabolite318_paired_v1	metabolite318_paired_v1	paired_processed	NAME:X - 13621	X - 13621	NA	author_paired_case	45	45	mean_paired_difference_author_scale	-0.7119972177068093	-1.1475571087952323	-0.25242894137565774	0.0013475091645619216	0.0037921054365547885	paired_processed	318.0	DONE	NA	CAMP_processed_original_author_pair_table	results/BRCA/04_ROBUSTNESS/20260921T112611Z_metabolite318_paired_v1/paired_metabolite318.tsv	5f78d08a696d5fac3d95c697b0eb05358cfa1868	EXACT_COLUMN_COPY_NO_RECALCULATION
BRCA	CAMP_BRCA1_Terunuma	04_ROBUSTNESS	20260921T112611Z_metabolite318_paired_v1	metabolite318_paired_v1	paired_author_available	NAME:X - 13621	X - 13621	NA	author_paired_case	44	44	mean_paired_difference_author_scale	-0.8046231796189208	-1.2092346714593467	-0.3550241531165305	0.0003476744634382317	0.002213016632272019	paired_author_available	288.0	DONE	NA	CAMP_processed_original_author_pair_table	results/BRCA/04_ROBUSTNESS/20260921T112611Z_metabolite318_paired_v1/paired_metabolite318.tsv	5f78d08a696d5fac3d95c697b0eb05358cfa1868	EXACT_COLUMN_COPY_NO_RECALCULATION
BRCA	CAMP_BRCA1_Terunuma	04_ROBUSTNESS	20260921T112611Z_metabolite318_paired_v1	metabolite318_paired_v1	paired_processed	NAME:X - 13671	X - 13671	NA	author_paired_case	45	45	mean_paired_difference_author_scale	-0.03276307963269992	-0.4115790978852113	0.32692657648487333	0.7960001349099441	0.8639182351582329	paired_processed	318.0	DONE	NA	CAMP_processed_original_author_pair_table	results/BRCA/04_ROBUSTNESS/20260921T112611Z_metabolite318_paired_v1/paired_metabolite318.tsv	5f78d08a696d5fac3d95c697b0eb05358cfa1868	EXACT_COLUMN_COPY_NO_RECALCULATION
BRCA	CAMP_BRCA1_Terunuma	04_ROBUSTNESS	20260921T112611Z_metabolite318_paired_v1	metabolite318_paired_v1	paired_author_available	NAME:X - 13671	X - 13671	NA	author_paired_case	4	4	mean_paired_difference_author_scale	NA	NA	NA	NA	NA	paired_author_available	288.0	NOT_EVALUABLE	fewer_than8_complete_author_available_pairs	CAMP_processed_original_author_pair_table	results/BRCA/04_ROBUSTNESS/20260921T112611Z_metabolite318_paired_v1/paired_metabolite318.tsv	5f78d08a696d5fac3d95c697b0eb05358cfa1868	EXACT_COLUMN_COPY_NO_RECALCULATION
BRCA	CAMP_BRCA1_Terunuma	04_ROBUSTNESS	20260921T112611Z_metabolite318_paired_v1	metabolite318_paired_v1	paired_processed	NAME:X - 13743	X - 13743	NA	author_paired_case	45	45	mean_paired_difference_author_scale	0.29031247422148637	-0.19303760355969393	0.7804946113470659	0.2733119478490601	0.3562016369508242	paired_processed	318.0	DONE	NA	CAMP_processed_original_author_pair_table	results/BRCA/04_ROBUSTNESS/20260921T112611Z_metabolite318_paired_v1/paired_metabolite318.tsv	5f78d08a696d5fac3d95c697b0eb05358cfa1868	EXACT_COLUMN_COPY_NO_RECALCULATION
BRCA	CAMP_BRCA1_Terunuma	04_ROBUSTNESS	20260921T112611Z_metabolite318_paired_v1	metabolite318_paired_v1	paired_author_available	NAME:X - 13743	X - 13743	NA	author_paired_case	16	16	mean_paired_difference_author_scale	-0.7043666415496312	-0.9844357515351012	-0.41474959059595856	0.0014722967713291537	0.007067024502379937	paired_author_available	288.0	DONE	NA	CAMP_processed_original_author_pair_table	results/BRCA/04_ROBUSTNESS/20260921T112611Z_metabolite318_paired_v1/paired_metabolite318.tsv	5f78d08a696d5fac3d95c697b0eb05358cfa1868	EXACT_COLUMN_COPY_NO_RECALCULATION
BRCA	CAMP_BRCA1_Terunuma	04_ROBUSTNESS	20260921T112611Z_metabolite318_paired_v1	metabolite318_paired_v1	paired_processed	NAME:X - 13871	X - 13871	NA	author_paired_case	45	45	mean_paired_difference_author_scale	-0.2926519695892067	-0.7213913406728559	0.14804268222393294	0.13676419815407995	0.20134729172683993	paired_processed	318.0	DONE	NA	CAMP_processed_original_author_pair_table	results/BRCA/04_ROBUSTNESS/20260921T112611Z_metabolite318_paired_v1/paired_metabolite318.tsv	5f78d08a696d5fac3d95c697b0eb05358cfa1868	EXACT_COLUMN_COPY_NO_RECALCULATION
BRCA	CAMP_BRCA1_Terunuma	04_ROBUSTNESS	20260921T112611Z_metabolite318_paired_v1	metabolite318_paired_v1	paired_author_available	NAME:X - 13871	X - 13871	NA	author_paired_case	43	43	mean_paired_difference_author_scale	-0.4034046330048652	-0.8133224612733275	-0.004238265949202827	0.0710425480746847	0.12106659080182955	paired_author_available	288.0	DONE	NA	CAMP_processed_original_author_pair_table	results/BRCA/04_ROBUSTNESS/20260921T112611Z_metabolite318_paired_v1/paired_metabolite318.tsv	5f78d08a696d5fac3d95c697b0eb05358cfa1868	EXACT_COLUMN_COPY_NO_RECALCULATION
BRCA	CAMP_BRCA1_Terunuma	04_ROBUSTNESS	20260921T112611Z_metabolite318_paired_v1	metabolite318_paired_v1	paired_processed	NAME:X - 13872	X - 13872	NA	author_paired_case	45	45	mean_paired_difference_author_scale	0.08018136629894673	-0.2258022624107933	0.3785425561389391	0.4770125069333837	0.5681272554487491	paired_processed	318.0	DONE	NA	CAMP_processed_original_author_pair_table	results/BRCA/04_ROBUSTNESS/20260921T112611Z_metabolite318_paired_v1/paired_metabolite318.tsv	5f78d08a696d5fac3d95c697b0eb05358cfa1868	EXACT_COLUMN_COPY_NO_RECALCULATION
BRCA	CAMP_BRCA1_Terunuma	04_ROBUSTNESS	20260921T112611Z_metabolite318_paired_v1	metabolite318_paired_v1	paired_author_available	NAME:X - 13872	X - 13872	NA	author_paired_case	35	35	mean_paired_difference_author_scale	-0.17353973205537118	-0.4686868612744416	0.10631787549400158	0.3297790560074735	0.41115310878853834	paired_author_available	288.0	DONE	NA	CAMP_processed_original_author_pair_table	results/BRCA/04_ROBUSTNESS/20260921T112611Z_metabolite318_paired_v1/paired_metabolite318.tsv	5f78d08a696d5fac3d95c697b0eb05358cfa1868	EXACT_COLUMN_COPY_NO_RECALCULATION
BRCA	CAMP_BRCA1_Terunuma	04_ROBUSTNESS	20260921T112611Z_metabolite318_paired_v1	metabolite318_paired_v1	paired_processed	NAME:X - 13975	X - 13975	NA	author_paired_case	45	45	mean_paired_difference_author_scale	-0.14277971080478433	-0.48619943608378	0.20410809291732943	0.38064971496439215	0.47099847999485095	paired_processed	318.0	DONE	NA	CAMP_processed_original_author_pair_table	results/BRCA/04_ROBUSTNESS/20260921T112611Z_metabolite318_paired_v1/paired_metabolite318.tsv	5f78d08a696d5fac3d95c697b0eb05358cfa1868	EXACT_COLUMN_COPY_NO_RECALCULATION
BRCA	CAMP_BRCA1_Terunuma	04_ROBUSTNESS	20260921T112611Z_metabolite318_paired_v1	metabolite318_paired_v1	paired_author_available	NAME:X - 13975	X - 13975	NA	author_paired_case	18	18	mean_paired_difference_author_scale	-0.8770446087803001	-1.4406089947078138	-0.3422699098549995	0.010185392168591352	0.03055617650577406	paired_author_available	288.0	DONE	NA	CAMP_processed_original_author_pair_table	results/BRCA/04_ROBUSTNESS/20260921T112611Z_metabolite318_paired_v1/paired_metabolite318.tsv	5f78d08a696d5fac3d95c697b0eb05358cfa1868	EXACT_COLUMN_COPY_NO_RECALCULATION
BRCA	CAMP_BRCA1_Terunuma	04_ROBUSTNESS	20260921T112611Z_metabolite318_paired_v1	metabolite318_paired_v1	paired_processed	NAME:histidylleucine	histidylleucine	NA	author_paired_case	45	45	mean_paired_difference_author_scale	-0.856299607286982	-1.4014536007934433	-0.29522734088492286	0.0067115669951348005	0.013949531401652723	paired_processed	318.0	DONE	NA	CAMP_processed_original_author_pair_table	results/BRCA/04_ROBUSTNESS/20260921T112611Z_metabolite318_paired_v1/paired_metabolite318.tsv	5f78d08a696d5fac3d95c697b0eb05358cfa1868	EXACT_COLUMN_COPY_NO_RECALCULATION
BRCA	CAMP_BRCA1_Terunuma	04_ROBUSTNESS	20260921T112611Z_metabolite318_paired_v1	metabolite318_paired_v1	paired_author_available	NAME:histidylleucine	histidylleucine	NA	author_paired_case	29	29	mean_paired_difference_author_scale	-1.2206078887907479	-1.7876981473786038	-0.65697077081083	0.0005407530408496217	0.002994939918551751	paired_author_available	288.0	DONE	NA	CAMP_processed_original_author_pair_table	results/BRCA/04_ROBUSTNESS/20260921T112611Z_metabolite318_paired_v1/paired_metabolite318.tsv	5f78d08a696d5fac3d95c697b0eb05358cfa1868	EXACT_COLUMN_COPY_NO_RECALCULATION
BRCA	CAMP_BRCA1_Terunuma	04_ROBUSTNESS	20260921T112611Z_metabolite318_paired_v1	metabolite318_paired_v1	paired_processed	NAME:X - 14147	X - 14147	NA	author_paired_case	45	45	mean_paired_difference_author_scale	0.9383025106633909	0.5297552674636321	1.344857984299339	0.0003237106382063567	0.0010835787678907518	paired_processed	318.0	DONE	NA	CAMP_processed_original_author_pair_table	results/BRCA/04_ROBUSTNESS/20260921T112611Z_metabolite318_paired_v1/paired_metabolite318.tsv	5f78d08a696d5fac3d95c697b0eb05358cfa1868	EXACT_COLUMN_COPY_NO_RECALCULATION
BRCA	CAMP_BRCA1_Terunuma	04_ROBUSTNESS	20260921T112611Z_metabolite318_paired_v1	metabolite318_paired_v1	paired_author_available	NAME:X - 14147	X - 14147	NA	author_paired_case	16	16	mean_paired_difference_author_scale	-0.27434889666012496	-0.6036153343767948	0.05118824328989935	0.10334981166168139	0.1672176728009227	paired_author_available	288.0	DONE	NA	CAMP_processed_original_author_pair_table	results/BRCA/04_ROBUSTNESS/20260921T112611Z_metabolite318_paired_v1/paired_metabolite318.tsv	5f78d08a696d5fac3d95c697b0eb05358cfa1868	EXACT_COLUMN_COPY_NO_RECALCULATION
BRCA	CAMP_BRCA1_Terunuma	04_ROBUSTNESS	20260921T112611Z_metabolite318_paired_v1	metabolite318_paired_v1	paired_processed	NAME:X - 14234	X - 14234	NA	author_paired_case	45	45	mean_paired_difference_author_scale	-0.32711485857139316	-0.7866044861981651	0.16628356763386923	0.055894446141284825	0.09162079315942565	paired_processed	318.0	DONE	NA	CAMP_processed_original_author_pair_table	results/BRCA/04_ROBUSTNESS/20260921T112611Z_metabolite318_paired_v1/paired_metabolite318.tsv	5f78d08a696d5fac3d95c697b0eb05358cfa1868	EXACT_COLUMN_COPY_NO_RECALCULATION
BRCA	CAMP_BRCA1_Terunuma	04_ROBUSTNESS	20260921T112611Z_metabolite318_paired_v1	metabolite318_paired_v1	paired_author_available	NAME:X - 14234	X - 14234	NA	author_paired_case	8	8	mean_paired_difference_author_scale	-1.0195550659814492	-1.518270030342749	-0.5626496118593125	0.014266186701446923	0.03735147063651558	paired_author_available	288.0	DONE	NA	CAMP_processed_original_author_pair_table	results/BRCA/04_ROBUSTNESS/20260921T112611Z_metabolite318_paired_v1/paired_metabolite318.tsv	5f78d08a696d5fac3d95c697b0eb05358cfa1868	EXACT_COLUMN_COPY_NO_RECALCULATION
BRCA	CAMP_BRCA1_Terunuma	04_ROBUSTNESS	20260921T112611Z_metabolite318_paired_v1	metabolite318_paired_v1	paired_processed	NAME:X - 14272	X - 14272	NA	author_paired_case	45	45	mean_paired_difference_author_scale	0.051657415663633445	-0.23746306858857247	0.3290289632581134	0.7096043708361428	0.783521492798241	paired_processed	318.0	DONE	NA	CAMP_processed_original_author_pair_table	results/BRCA/04_ROBUSTNESS/20260921T112611Z_metabolite318_paired_v1/paired_metabolite318.tsv	5f78d08a696d5fac3d95c697b0eb05358cfa1868	EXACT_COLUMN_COPY_NO_RECALCULATION
BRCA	CAMP_BRCA1_Terunuma	04_ROBUSTNESS	20260921T112611Z_metabolite318_paired_v1	metabolite318_paired_v1	paired_author_available	NAME:X - 14272	X - 14272	NA	author_paired_case	9	9	mean_paired_difference_author_scale	-0.7133420018525999	-1.2964336449760787	-0.25477956154132075	0.01285124018749651	0.035933564796106744	paired_author_available	288.0	DONE	NA	CAMP_processed_original_author_pair_table	results/BRCA/04_ROBUSTNESS/20260921T112611Z_metabolite318_paired_v1/paired_metabolite318.tsv	5f78d08a696d5fac3d95c697b0eb05358cfa1868	EXACT_COLUMN_COPY_NO_RECALCULATION
BRCA	CAMP_BRCA1_Terunuma	04_ROBUSTNESS	20260921T112611Z_metabolite318_paired_v1	metabolite318_paired_v1	paired_processed	NAME:X - 14590	X - 14590	NA	author_paired_case	45	45	mean_paired_difference_author_scale	0.13514311256738898	-0.6781667259420026	0.9231291715274226	0.892255603707806	0.9333463222996128	paired_processed	318.0	DONE	NA	CAMP_processed_original_author_pair_table	results/BRCA/04_ROBUSTNESS/20260921T112611Z_metabolite318_paired_v1/paired_metabolite318.tsv	5f78d08a696d5fac3d95c697b0eb05358cfa1868	EXACT_COLUMN_COPY_NO_RECALCULATION
BRCA	CAMP_BRCA1_Terunuma	04_ROBUSTNESS	20260921T112611Z_metabolite318_paired_v1	metabolite318_paired_v1	paired_author_available	NAME:X - 14590	X - 14590	NA	author_paired_case	33	33	mean_paired_difference_author_scale	-0.6857622698969881	-1.3036048664572482	-0.0519199101296904	0.041656804456914255	0.08389622156357555	paired_author_available	288.0	DONE	NA	CAMP_processed_original_author_pair_table	results/BRCA/04_ROBUSTNESS/20260921T112611Z_metabolite318_paired_v1/paired_metabolite318.tsv	5f78d08a696d5fac3d95c697b0eb05358cfa1868	EXACT_COLUMN_COPY_NO_RECALCULATION
BRCA	CAMP_BRCA1_Terunuma	04_ROBUSTNESS	20260921T112611Z_metabolite318_paired_v1	metabolite318_paired_v1	paired_processed	NAME:X - 14591	X - 14591	NA	author_paired_case	45	45	mean_paired_difference_author_scale	0.8589211526433289	0.24124248898744047	1.541806502394196	0.007936428967477335	0.016282480075211565	paired_processed	318.0	DONE	NA	CAMP_processed_original_author_pair_table	results/BRCA/04_ROBUSTNESS/20260921T112611Z_metabolite318_paired_v1/paired_metabolite318.tsv	5f78d08a696d5fac3d95c697b0eb05358cfa1868	EXACT_COLUMN_COPY_NO_RECALCULATION
BRCA	CAMP_BRCA1_Terunuma	04_ROBUSTNESS	20260921T112611Z_metabolite318_paired_v1	metabolite318_paired_v1	paired_author_available	NAME:X - 14591	X - 14591	NA	author_paired_case	4	4	mean_paired_difference_author_scale	NA	NA	NA	NA	NA	paired_author_available	288.0	NOT_EVALUABLE	fewer_than8_complete_author_available_pairs	CAMP_processed_original_author_pair_table	results/BRCA/04_ROBUSTNESS/20260921T112611Z_metabolite318_paired_v1/paired_metabolite318.tsv	5f78d08a696d5fac3d95c697b0eb05358cfa1868	EXACT_COLUMN_COPY_NO_RECALCULATION
BRCA	CAMP_BRCA1_Terunuma	04_ROBUSTNESS	20260921T112611Z_metabolite318_paired_v1	metabolite318_paired_v1	paired_processed	NAME:X - 14600	X - 14600	NA	author_paired_case	45	45	mean_paired_difference_author_scale	0.20582151196191123	-0.4354829109366661	0.856057045382188	0.5954231019496095	0.6794457516543272	paired_processed	318.0	DONE	NA	CAMP_processed_original_author_pair_table	results/BRCA/04_ROBUSTNESS/20260921T112611Z_metabolite318_paired_v1/paired_metabolite318.tsv	5f78d08a696d5fac3d95c697b0eb05358cfa1868	EXACT_COLUMN_COPY_NO_RECALCULATION
BRCA	CAMP_BRCA1_Terunuma	04_ROBUSTNESS	20260921T112611Z_metabolite318_paired_v1	metabolite318_paired_v1	paired_author_available	NAME:X - 14600	X - 14600	NA	author_paired_case	31	31	mean_paired_difference_author_scale	-0.17194246411907732	-0.8256240760666612	0.45423339032712157	0.5899524148415707	0.6769175118500891	paired_author_available	288.0	DONE	NA	CAMP_processed_original_author_pair_table	results/BRCA/04_ROBUSTNESS/20260921T112611Z_metabolite318_paired_v1/paired_metabolite318.tsv	5f78d08a696d5fac3d95c697b0eb05358cfa1868	EXACT_COLUMN_COPY_NO_RECALCULATION
BRCA	CAMP_BRCA1_Terunuma	04_ROBUSTNESS	20260921T112611Z_metabolite318_paired_v1	metabolite318_paired_v1	paired_processed	NAME:X - 14611	X - 14611	NA	author_paired_case	45	45	mean_paired_difference_author_scale	0.11824933702776197	-0.5887078204762066	0.8235532676418713	0.7131632623341876	0.7847263578625316	paired_processed	318.0	DONE	NA	CAMP_processed_original_author_pair_table	results/BRCA/04_ROBUSTNESS/20260921T112611Z_metabolite318_paired_v1/paired_metabolite318.tsv	5f78d08a696d5fac3d95c697b0eb05358cfa1868	EXACT_COLUMN_COPY_NO_RECALCULATION
BRCA	CAMP_BRCA1_Terunuma	04_ROBUSTNESS	20260921T112611Z_metabolite318_paired_v1	metabolite318_paired_v1	paired_author_available	NAME:X - 14611	X - 14611	NA	author_paired_case	28	28	mean_paired_difference_author_scale	-0.541924477206954	-1.1894665053279054	0.11425565264673024	0.14818130085265924	0.21663053119576578	paired_author_available	288.0	DONE	NA	CAMP_processed_original_author_pair_table	results/BRCA/04_ROBUSTNESS/20260921T112611Z_metabolite318_paired_v1/paired_metabolite318.tsv	5f78d08a696d5fac3d95c697b0eb05358cfa1868	EXACT_COLUMN_COPY_NO_RECALCULATION
BRCA	CAMP_BRCA1_Terunuma	04_ROBUSTNESS	20260921T112611Z_metabolite318_paired_v1	metabolite318_paired_v1	paired_processed	NAME:X - 14613	X - 14613	NA	author_paired_case	45	45	mean_paired_difference_author_scale	0.9583793443554617	0.5162498905785785	1.4131244177494786	0.00041254854966328596	0.0013251559474032823	paired_processed	318.0	DONE	NA	CAMP_processed_original_author_pair_table	results/BRCA/04_ROBUSTNESS/20260921T112611Z_metabolite318_paired_v1/paired_metabolite318.tsv	5f78d08a696d5fac3d95c697b0eb05358cfa1868	EXACT_COLUMN_COPY_NO_RECALCULATION
BRCA	CAMP_BRCA1_Terunuma	04_ROBUSTNESS	20260921T112611Z_metabolite318_paired_v1	metabolite318_paired_v1	paired_author_available	NAME:X - 14613	X - 14613	NA	author_paired_case	25	25	mean_paired_difference_author_scale	0.04867735500273568	-0.3997215369999297	0.4910796308103711	0.8506035603712152	0.8940650561566058	paired_author_available	288.0	DONE	NA	CAMP_processed_original_author_pair_table	results/BRCA/04_ROBUSTNESS/20260921T112611Z_metabolite318_paired_v1/paired_metabolite318.tsv	5f78d08a696d5fac3d95c697b0eb05358cfa1868	EXACT_COLUMN_COPY_NO_RECALCULATION
BRCA	CAMP_BRCA1_Terunuma	04_ROBUSTNESS	20260921T112611Z_metabolite318_paired_v1	metabolite318_paired_v1	paired_processed	NAME:X - 15117	X - 15117	NA	author_paired_case	45	45	mean_paired_difference_author_scale	0.5536643179251997	0.13662401631373128	0.9540764673508835	0.02099749345501808	0.03927766422762206	paired_processed	318.0	DONE	NA	CAMP_processed_original_author_pair_table	results/BRCA/04_ROBUSTNESS/20260921T112611Z_metabolite318_paired_v1/paired_metabolite318.tsv	5f78d08a696d5fac3d95c697b0eb05358cfa1868	EXACT_COLUMN_COPY_NO_RECALCULATION
BRCA	CAMP_BRCA1_Terunuma	04_ROBUSTNESS	20260921T112611Z_metabolite318_paired_v1	metabolite318_paired_v1	paired_author_available	NAME:X - 15117	X - 15117	NA	author_paired_case	5	5	mean_paired_difference_author_scale	NA	NA	NA	NA	NA	paired_author_available	288.0	NOT_EVALUABLE	fewer_than8_complete_author_available_pairs	CAMP_processed_original_author_pair_table	results/BRCA/04_ROBUSTNESS/20260921T112611Z_metabolite318_paired_v1/paired_metabolite318.tsv	5f78d08a696d5fac3d95c697b0eb05358cfa1868	EXACT_COLUMN_COPY_NO_RECALCULATION
BRCA	CAMP_BRCA1_Terunuma	04_ROBUSTNESS	20260921T112611Z_metabolite318_paired_v1	metabolite318_paired_v1	paired_processed	NAME:X - 15161	X - 15161	NA	author_paired_case	45	45	mean_paired_difference_author_scale	1.4887179813061913	0.9338973073439385	2.054572374381915	3.811045955666354e-05	0.00017822244322086774	paired_processed	318.0	DONE	NA	CAMP_processed_original_author_pair_table	results/BRCA/04_ROBUSTNESS/20260921T112611Z_metabolite318_paired_v1/paired_metabolite318.tsv	5f78d08a696d5fac3d95c697b0eb05358cfa1868	EXACT_COLUMN_COPY_NO_RECALCULATION
BRCA	CAMP_BRCA1_Terunuma	04_ROBUSTNESS	20260921T112611Z_metabolite318_paired_v1	metabolite318_paired_v1	paired_author_available	NAME:X - 15161	X - 15161	NA	author_paired_case	9	9	mean_paired_difference_author_scale	0.2530275750902895	-0.4327916710347288	0.9552558089066161	0.7222829627161922	0.787945050235846	paired_author_available	288.0	DONE	NA	CAMP_processed_original_author_pair_table	results/BRCA/04_ROBUSTNESS/20260921T112611Z_metabolite318_paired_v1/paired_metabolite318.tsv	5f78d08a696d5fac3d95c697b0eb05358cfa1868	EXACT_COLUMN_COPY_NO_RECALCULATION
BRCA	CAMP_BRCA1_Terunuma	04_ROBUSTNESS	20260921T112611Z_metabolite318_paired_v1	metabolite318_paired_v1	paired_processed	NAME:X - 15164	X - 15164	NA	author_paired_case	45	45	mean_paired_difference_author_scale	0.6739470981141847	0.26775679771592376	1.0524326597613607	0.0012445642406780436	0.003597922077596526	paired_processed	318.0	DONE	NA	CAMP_processed_original_author_pair_table	results/BRCA/04_ROBUSTNESS/20260921T112611Z_metabolite318_paired_v1/paired_metabolite318.tsv	5f78d08a696d5fac3d95c697b0eb05358cfa1868	EXACT_COLUMN_COPY_NO_RECALCULATION
BRCA	CAMP_BRCA1_Terunuma	04_ROBUSTNESS	20260921T112611Z_metabolite318_paired_v1	metabolite318_paired_v1	paired_author_available	NAME:X - 15164	X - 15164	NA	author_paired_case	13	13	mean_paired_difference_author_scale	-0.11212950085578491	-0.608411232040775	0.33457790730773485	0.833935414088552	0.884533220489632	paired_author_available	288.0	DONE	NA	CAMP_processed_original_author_pair_table	results/BRCA/04_ROBUSTNESS/20260921T112611Z_metabolite318_paired_v1/paired_metabolite318.tsv	5f78d08a696d5fac3d95c697b0eb05358cfa1868	EXACT_COLUMN_COPY_NO_RECALCULATION
BRCA	CAMP_BRCA1_Terunuma	04_ROBUSTNESS	20260921T112611Z_metabolite318_paired_v1	metabolite318_paired_v1	paired_processed	NAME:X - 15165	X - 15165	NA	author_paired_case	45	45	mean_paired_difference_author_scale	-1.825037530016854	-2.1702538999064993	-1.459616410731241	3.397474964935076e-08	3.1736397629373487e-06	paired_processed	318.0	DONE	NA	CAMP_processed_original_author_pair_table	results/BRCA/04_ROBUSTNESS/20260921T112611Z_metabolite318_paired_v1/paired_metabolite318.tsv	5f78d08a696d5fac3d95c697b0eb05358cfa1868	EXACT_COLUMN_COPY_NO_RECALCULATION
BRCA	CAMP_BRCA1_Terunuma	04_ROBUSTNESS	20260921T112611Z_metabolite318_paired_v1	metabolite318_paired_v1	paired_author_available	NAME:X - 15165	X - 15165	NA	author_paired_case	45	45	mean_paired_difference_author_scale	-1.825037530016854	-2.187992991710835	-1.4694122238735994	3.397474964935076e-08	4.311359677952625e-06	paired_author_available	288.0	DONE	NA	CAMP_processed_original_author_pair_table	results/BRCA/04_ROBUSTNESS/20260921T112611Z_metabolite318_paired_v1/paired_metabolite318.tsv	5f78d08a696d5fac3d95c697b0eb05358cfa1868	EXACT_COLUMN_COPY_NO_RECALCULATION
BRCA	CAMP_BRCA1_Terunuma	04_ROBUSTNESS	20260921T112611Z_metabolite318_paired_v1	metabolite318_paired_v1	paired_processed	NAME:X - 15169	X - 15169	NA	author_paired_case	45	45	mean_paired_difference_author_scale	0.0024484756361311828	-0.41623188388839766	0.39505402074867624	0.9636111913484408	0.9785989932486864	paired_processed	318.0	DONE	NA	CAMP_processed_original_author_pair_table	results/BRCA/04_ROBUSTNESS/20260921T112611Z_metabolite318_paired_v1/paired_metabolite318.tsv	5f78d08a696d5fac3d95c697b0eb05358cfa1868	EXACT_COLUMN_COPY_NO_RECALCULATION
BRCA	CAMP_BRCA1_Terunuma	04_ROBUSTNESS	20260921T112611Z_metabolite318_paired_v1	metabolite318_paired_v1	paired_author_available	NAME:X - 15169	X - 15169	NA	author_paired_case	4	4	mean_paired_difference_author_scale	NA	NA	NA	NA	NA	paired_author_available	288.0	NOT_EVALUABLE	fewer_than8_complete_author_available_pairs	CAMP_processed_original_author_pair_table	results/BRCA/04_ROBUSTNESS/20260921T112611Z_metabolite318_paired_v1/paired_metabolite318.tsv	5f78d08a696d5fac3d95c697b0eb05358cfa1868	EXACT_COLUMN_COPY_NO_RECALCULATION
BRCA	CAMP_BRCA1_Terunuma	04_ROBUSTNESS	20260921T112611Z_metabolite318_paired_v1	metabolite318_paired_v1	paired_processed	NAME:X - 3094	X - 3094	NA	author_paired_case	45	45	mean_paired_difference_author_scale	1.1853992022454423	0.8403976228313497	1.5535389453181427	1.283062439075002e-06	1.6320554225034027e-05	paired_processed	318.0	DONE	NA	CAMP_processed_original_author_pair_table	results/BRCA/04_ROBUSTNESS/20260921T112611Z_metabolite318_paired_v1/paired_metabolite318.tsv	5f78d08a696d5fac3d95c697b0eb05358cfa1868	EXACT_COLUMN_COPY_NO_RECALCULATION
BRCA	CAMP_BRCA1_Terunuma	04_ROBUSTNESS	20260921T112611Z_metabolite318_paired_v1	metabolite318_paired_v1	paired_author_available	NAME:X - 3094	X - 3094	NA	author_paired_case	40	40	mean_paired_difference_author_scale	0.9771667742365372	0.6462829106628734	1.3081058510587384	1.372220714025478e-05	0.00014114270201404916	paired_author_available	288.0	DONE	NA	CAMP_processed_original_author_pair_table	results/BRCA/04_ROBUSTNESS/20260921T112611Z_metabolite318_paired_v1/paired_metabolite318.tsv	5f78d08a696d5fac3d95c697b0eb05358cfa1868	EXACT_COLUMN_COPY_NO_RECALCULATION
BRCA	CAMP_BRCA1_Terunuma	04_ROBUSTNESS	20260921T112611Z_metabolite318_paired_v1	metabolite318_paired_v1	paired_processed	NAME:X - 4015	X - 4015	NA	author_paired_case	45	45	mean_paired_difference_author_scale	0.7082930683218401	0.14433249831256628	1.2586732508137257	0.009427849662104972	0.018855699324209944	paired_processed	318.0	DONE	NA	CAMP_processed_original_author_pair_table	results/BRCA/04_ROBUSTNESS/20260921T112611Z_metabolite318_paired_v1/paired_metabolite318.tsv	5f78d08a696d5fac3d95c697b0eb05358cfa1868	EXACT_COLUMN_COPY_NO_RECALCULATION
BRCA	CAMP_BRCA1_Terunuma	04_ROBUSTNESS	20260921T112611Z_metabolite318_paired_v1	metabolite318_paired_v1	paired_author_available	NAME:X - 4015	X - 4015	NA	author_paired_case	37	37	mean_paired_difference_author_scale	0.22892486154272165	-0.3097023554498586	0.754077277821553	0.19972540519351445	0.27261097960062636	paired_author_available	288.0	DONE	NA	CAMP_processed_original_author_pair_table	results/BRCA/04_ROBUSTNESS/20260921T112611Z_metabolite318_paired_v1/paired_metabolite318.tsv	5f78d08a696d5fac3d95c697b0eb05358cfa1868	EXACT_COLUMN_COPY_NO_RECALCULATION
BRCA	CAMP_BRCA1_Terunuma	04_ROBUSTNESS	20260921T112611Z_metabolite318_paired_v1	metabolite318_paired_v1	paired_processed	NAME:X - 4357	X - 4357	NA	author_paired_case	45	45	mean_paired_difference_author_scale	-0.8621193753553464	-1.6210650806293316	-0.11061940267871162	0.05358561161992254	0.08875116924549671	paired_processed	318.0	DONE	NA	CAMP_processed_original_author_pair_table	results/BRCA/04_ROBUSTNESS/20260921T112611Z_metabolite318_paired_v1/paired_metabolite318.tsv	5f78d08a696d5fac3d95c697b0eb05358cfa1868	EXACT_COLUMN_COPY_NO_RECALCULATION
BRCA	CAMP_BRCA1_Terunuma	04_ROBUSTNESS	20260921T112611Z_metabolite318_paired_v1	metabolite318_paired_v1	paired_author_available	NAME:X - 4357	X - 4357	NA	author_paired_case	44	44	mean_paired_difference_author_scale	-0.9838127451239976	-1.721268290050753	-0.26116115034069803	0.03040141727913177	0.06534035952529813	paired_author_available	288.0	DONE	NA	CAMP_processed_original_author_pair_table	results/BRCA/04_ROBUSTNESS/20260921T112611Z_metabolite318_paired_v1/paired_metabolite318.tsv	5f78d08a696d5fac3d95c697b0eb05358cfa1868	EXACT_COLUMN_COPY_NO_RECALCULATION
BRCA	CAMP_BRCA1_Terunuma	04_ROBUSTNESS	20260921T112611Z_metabolite318_paired_v1	metabolite318_paired_v1	paired_processed	NAME:X - 4507	X - 4507	NA	author_paired_case	45	45	mean_paired_difference_author_scale	0.19044569123904007	-0.0019312360323421466	0.3921041170152943	0.07332907287153681	0.11543883749083518	paired_processed	318.0	DONE	NA	CAMP_processed_original_author_pair_table	results/BRCA/04_ROBUSTNESS/20260921T112611Z_metabolite318_paired_v1/paired_metabolite318.tsv	5f78d08a696d5fac3d95c697b0eb05358cfa1868	EXACT_COLUMN_COPY_NO_RECALCULATION
BRCA	CAMP_BRCA1_Terunuma	04_ROBUSTNESS	20260921T112611Z_metabolite318_paired_v1	metabolite318_paired_v1	paired_author_available	NAME:X - 4507	X - 4507	NA	author_paired_case	8	8	mean_paired_difference_author_scale	-0.3061484319660872	-0.8730674206848524	0.20081600524706267	0.5286121252556879	0.6163574577880087	paired_author_available	288.0	DONE	NA	CAMP_processed_original_author_pair_table	results/BRCA/04_ROBUSTNESS/20260921T112611Z_metabolite318_paired_v1/paired_metabolite318.tsv	5f78d08a696d5fac3d95c697b0eb05358cfa1868	EXACT_COLUMN_COPY_NO_RECALCULATION
BRCA	CAMP_BRCA1_Terunuma	04_ROBUSTNESS	20260921T112611Z_metabolite318_paired_v1	metabolite318_paired_v1	paired_processed	NAME:X - 4523	X - 4523	NA	author_paired_case	45	45	mean_paired_difference_author_scale	0.7025497927108424	0.386770059937895	1.0308074623824401	0.00022108763099120736	0.0007899535579236398	paired_processed	318.0	DONE	NA	CAMP_processed_original_author_pair_table	results/BRCA/04_ROBUSTNESS/20260921T112611Z_metabolite318_paired_v1/paired_metabolite318.tsv	5f78d08a696d5fac3d95c697b0eb05358cfa1868	EXACT_COLUMN_COPY_NO_RECALCULATION
BRCA	CAMP_BRCA1_Terunuma	04_ROBUSTNESS	20260921T112611Z_metabolite318_paired_v1	metabolite318_paired_v1	paired_author_available	NAME:X - 4523	X - 4523	NA	author_paired_case	28	28	mean_paired_difference_author_scale	0.6238036999207502	0.3296137082778861	0.9007540740515687	0.0008498902803076057	0.004618271711860197	paired_author_available	288.0	DONE	NA	CAMP_processed_original_author_pair_table	results/BRCA/04_ROBUSTNESS/20260921T112611Z_metabolite318_paired_v1/paired_metabolite318.tsv	5f78d08a696d5fac3d95c697b0eb05358cfa1868	EXACT_COLUMN_COPY_NO_RECALCULATION
BRCA	CAMP_BRCA1_Terunuma	04_ROBUSTNESS	20260921T112611Z_metabolite318_paired_v1	metabolite318_paired_v1	paired_processed	KEGG:C00583	1,2-propanediol	NA	author_paired_case	45	45	mean_paired_difference_author_scale	-0.23415954950224915	-0.7097360750192002	0.22324152765200922	0.3879400601287577	0.4781586787633525	paired_processed	318.0	DONE	NA	CAMP_processed_original_author_pair_table	results/BRCA/04_ROBUSTNESS/20260921T112611Z_metabolite318_paired_v1/paired_metabolite318.tsv	5f78d08a696d5fac3d95c697b0eb05358cfa1868	EXACT_COLUMN_COPY_NO_RECALCULATION
BRCA	CAMP_BRCA1_Terunuma	04_ROBUSTNESS	20260921T112611Z_metabolite318_paired_v1	metabolite318_paired_v1	paired_author_available	KEGG:C00583	1,2-propanediol	NA	author_paired_case	36	36	mean_paired_difference_author_scale	-0.4095539105034558	-0.8209049035247356	-0.0039551136221975215	0.07715462263502264	0.12691009103508902	paired_author_available	288.0	DONE	NA	CAMP_processed_original_author_pair_table	results/BRCA/04_ROBUSTNESS/20260921T112611Z_metabolite318_paired_v1/paired_metabolite318.tsv	5f78d08a696d5fac3d95c697b0eb05358cfa1868	EXACT_COLUMN_COPY_NO_RECALCULATION
BRCA	CAMP_BRCA1_Terunuma	04_ROBUSTNESS	20260921T112611Z_metabolite318_paired_v1	metabolite318_paired_v1	paired_processed	NAME:X - 5229	X - 5229	NA	author_paired_case	45	45	mean_paired_difference_author_scale	1.8009345484123023	1.2872378257578585	2.2866077264881506	2.2703054644505614e-06	2.406523792317595e-05	paired_processed	318.0	DONE	NA	CAMP_processed_original_author_pair_table	results/BRCA/04_ROBUSTNESS/20260921T112611Z_metabolite318_paired_v1/paired_metabolite318.tsv	5f78d08a696d5fac3d95c697b0eb05358cfa1868	EXACT_COLUMN_COPY_NO_RECALCULATION
BRCA	CAMP_BRCA1_Terunuma	04_ROBUSTNESS	20260921T112611Z_metabolite318_paired_v1	metabolite318_paired_v1	paired_author_available	NAME:X - 5229	X - 5229	NA	author_paired_case	4	4	mean_paired_difference_author_scale	NA	NA	NA	NA	NA	paired_author_available	288.0	NOT_EVALUABLE	fewer_than8_complete_author_available_pairs	CAMP_processed_original_author_pair_table	results/BRCA/04_ROBUSTNESS/20260921T112611Z_metabolite318_paired_v1/paired_metabolite318.tsv	5f78d08a696d5fac3d95c697b0eb05358cfa1868	EXACT_COLUMN_COPY_NO_RECALCULATION
BRCA	CAMP_BRCA1_Terunuma	04_ROBUSTNESS	20260921T112611Z_metabolite318_paired_v1	metabolite318_paired_v1	paired_processed	NAME:X - 6227	X - 6227	NA	author_paired_case	45	45	mean_paired_difference_author_scale	1.1522940443315381	0.7522454037681002	1.599741837338337	2.261398610224094e-05	0.0001141467869922638	paired_processed	318.0	DONE	NA	CAMP_processed_original_author_pair_table	results/BRCA/04_ROBUSTNESS/20260921T112611Z_metabolite318_paired_v1/paired_metabolite318.tsv	5f78d08a696d5fac3d95c697b0eb05358cfa1868	EXACT_COLUMN_COPY_NO_RECALCULATION
BRCA	CAMP_BRCA1_Terunuma	04_ROBUSTNESS	20260921T112611Z_metabolite318_paired_v1	metabolite318_paired_v1	paired_author_available	NAME:X - 6227	X - 6227	NA	author_paired_case	25	25	mean_paired_difference_author_scale	0.41367011514806407	0.047663592099643	0.8294017712805916	0.06729929952386755	0.1168492658573701	paired_author_available	288.0	DONE	NA	CAMP_processed_original_author_pair_table	results/BRCA/04_ROBUSTNESS/20260921T112611Z_metabolite318_paired_v1/paired_metabolite318.tsv	5f78d08a696d5fac3d95c697b0eb05358cfa1868	EXACT_COLUMN_COPY_NO_RECALCULATION
BRCA	CAMP_BRCA1_Terunuma	04_ROBUSTNESS	20260921T112611Z_metabolite318_paired_v1	metabolite318_paired_v1	paired_processed	NAME:X - 8889	X - 8889	NA	author_paired_case	45	45	mean_paired_difference_author_scale	0.9368261978499468	0.4571878913626241	1.3986889601150951	0.001103077098014283	0.0032479492330420557	paired_processed	318.0	DONE	NA	CAMP_processed_original_author_pair_table	results/BRCA/04_ROBUSTNESS/20260921T112611Z_metabolite318_paired_v1/paired_metabolite318.tsv	5f78d08a696d5fac3d95c697b0eb05358cfa1868	EXACT_COLUMN_COPY_NO_RECALCULATION
BRCA	CAMP_BRCA1_Terunuma	04_ROBUSTNESS	20260921T112611Z_metabolite318_paired_v1	metabolite318_paired_v1	paired_author_available	NAME:X - 8889	X - 8889	NA	author_paired_case	5	5	mean_paired_difference_author_scale	NA	NA	NA	NA	NA	paired_author_available	288.0	NOT_EVALUABLE	fewer_than8_complete_author_available_pairs	CAMP_processed_original_author_pair_table	results/BRCA/04_ROBUSTNESS/20260921T112611Z_metabolite318_paired_v1/paired_metabolite318.tsv	5f78d08a696d5fac3d95c697b0eb05358cfa1868	EXACT_COLUMN_COPY_NO_RECALCULATION
BRCA	CAMP_BRCA1_Terunuma	04_ROBUSTNESS	20260921T112611Z_metabolite318_paired_v1	metabolite318_paired_v1	paired_processed	NAME:X - 8988	X - 8988	NA	author_paired_case	45	45	mean_paired_difference_author_scale	0.008036090953711177	-0.6017673379428992	0.5914801872777742	0.9454783179657664	0.969877758429399	paired_processed	318.0	DONE	NA	CAMP_processed_original_author_pair_table	results/BRCA/04_ROBUSTNESS/20260921T112611Z_metabolite318_paired_v1/paired_metabolite318.tsv	5f78d08a696d5fac3d95c697b0eb05358cfa1868	EXACT_COLUMN_COPY_NO_RECALCULATION
BRCA	CAMP_BRCA1_Terunuma	04_ROBUSTNESS	20260921T112611Z_metabolite318_paired_v1	metabolite318_paired_v1	paired_author_available	NAME:X - 8988	X - 8988	NA	author_paired_case	12	12	mean_paired_difference_author_scale	-1.0050122658084666	-2.0804552778828707	0.11581491964998138	0.14670764206619935	0.21659680735253597	paired_author_available	288.0	DONE	NA	CAMP_processed_original_author_pair_table	results/BRCA/04_ROBUSTNESS/20260921T112611Z_metabolite318_paired_v1/paired_metabolite318.tsv	5f78d08a696d5fac3d95c697b0eb05358cfa1868	EXACT_COLUMN_COPY_NO_RECALCULATION
BRCA	CAMP_BRCA1_Terunuma	04_ROBUSTNESS	20260921T112611Z_metabolite318_paired_v1	metabolite318_paired_v1	paired_processed	NAME:X - 8994	X - 8994	NA	author_paired_case	45	45	mean_paired_difference_author_scale	3.066010583703236	2.276114394517166	3.7883687276568536	7.270442249238775e-07	1.0509093796626957e-05	paired_processed	318.0	DONE	NA	CAMP_processed_original_author_pair_table	results/BRCA/04_ROBUSTNESS/20260921T112611Z_metabolite318_paired_v1/paired_metabolite318.tsv	5f78d08a696d5fac3d95c697b0eb05358cfa1868	EXACT_COLUMN_COPY_NO_RECALCULATION
BRCA	CAMP_BRCA1_Terunuma	04_ROBUSTNESS	20260921T112611Z_metabolite318_paired_v1	metabolite318_paired_v1	paired_author_available	NAME:X - 8994	X - 8994	NA	author_paired_case	17	17	mean_paired_difference_author_scale	2.802423445402	1.8614073659421204	3.703244107302241	0.0009208094290650068	0.004801044429458497	paired_author_available	288.0	DONE	NA	CAMP_processed_original_author_pair_table	results/BRCA/04_ROBUSTNESS/20260921T112611Z_metabolite318_paired_v1/paired_metabolite318.tsv	5f78d08a696d5fac3d95c697b0eb05358cfa1868	EXACT_COLUMN_COPY_NO_RECALCULATION
BRCA	CAMP_BRCA1_Terunuma	03_PATIENT	20260921T150000Z_mapping262_patient_v1	mapping262_patient_v1	processed_Spearman262	HMDB:HMDB00721	glycylproline	PEPD	author_case_row	60.0	NA	Spearman_rho	-0.1977765501623776	-0.4301656627147528	0.06884445861282	0.1307	0.31741428571428576	processed_Spearman262	255.0	DONE	same_cohort_postselection;RNA_not_flux	CAMP_GSE37751_original_author_case_table	results/BRCA/03_PATIENT/20260921T150000Z_mapping262_patient_v1/CAMP_relations262.tsv	5f78d08a696d5fac3d95c697b0eb05358cfa1868	EXACT_COLUMN_COPY_NO_RECALCULATION
BRCA	CAMP_BRCA1_Terunuma	03_PATIENT	20260921T150000Z_mapping262_patient_v1	mapping262_patient_v1	available_Spearman262	HMDB:HMDB00721	glycylproline	PEPD	author_case_row	56.0	NA	Spearman_rho	-0.1449760765550239	-0.4185199028599453	0.1346036746538011	0.2891	0.5850833333333334	available_Spearman262	255.0	DONE	same_cohort_postselection;RNA_not_flux	CAMP_GSE37751_original_author_case_table	results/BRCA/03_PATIENT/20260921T150000Z_mapping262_patient_v1/CAMP_relations262.tsv	5f78d08a696d5fac3d95c697b0eb05358cfa1868	EXACT_COLUMN_COPY_NO_RECALCULATION
BRCA	CAMP_BRCA1_Terunuma	03_PATIENT	20260921T150000Z_mapping262_patient_v1	mapping262_patient_v1	processed_Spearman262	HMDB:HMDB00736	isobutyrylcarnitine	CRAT	author_case_row	60.0	NA	Spearman_rho	-0.16570765212250113	-0.40080221864739046	0.0930880106957706	0.2058	0.437325	processed_Spearman262	255.0	DONE	same_cohort_postselection;RNA_not_flux	CAMP_GSE37751_original_author_case_table	results/BRCA/03_PATIENT/20260921T150000Z_mapping262_patient_v1/CAMP_relations262.tsv	5f78d08a696d5fac3d95c697b0eb05358cfa1868	EXACT_COLUMN_COPY_NO_RECALCULATION
BRCA	CAMP_BRCA1_Terunuma	03_PATIENT	20260921T150000Z_mapping262_patient_v1	mapping262_patient_v1	available_Spearman262	HMDB:HMDB00736	isobutyrylcarnitine	CRAT	author_case_row	47.0	NA	Spearman_rho	-0.09643848288621648	-0.37169289734273364	0.19041948598553476	0.5113	0.7167868852459016	available_Spearman262	255.0	DONE	same_cohort_postselection;RNA_not_flux	CAMP_GSE37751_original_author_case_table	results/BRCA/03_PATIENT/20260921T150000Z_mapping262_patient_v1/CAMP_relations262.tsv	5f78d08a696d5fac3d95c697b0eb05358cfa1868	EXACT_COLUMN_COPY_NO_RECALCULATION
BRCA	CAMP_BRCA1_Terunuma	03_PATIENT	20260921T150000Z_mapping262_patient_v1	mapping262_patient_v1	processed_Spearman262	HMDB:HMDB00848	stearoylcarnitine	CPT2	author_case_row	60.0	NA	Spearman_rho	0.22615334291467465	-0.039774955739489914	0.469540607530716	0.0811	0.24047093023255814	processed_Spearman262	255.0	DONE	same_cohort_postselection;RNA_not_flux	CAMP_GSE37751_original_author_case_table	results/BRCA/03_PATIENT/20260921T150000Z_mapping262_patient_v1/CAMP_relations262.tsv	5f78d08a696d5fac3d95c697b0eb05358cfa1868	EXACT_COLUMN_COPY_NO_RECALCULATION
BRCA	CAMP_BRCA1_Terunuma	03_PATIENT	20260921T150000Z_mapping262_patient_v1	mapping262_patient_v1	available_Spearman262	HMDB:HMDB00848	stearoylcarnitine	CPT2	author_case_row	45.0	NA	Spearman_rho	0.19143610013175227	-0.11879596379084505	0.46356617305693537	0.2034	0.4934009433962264	available_Spearman262	255.0	DONE	same_cohort_postselection;RNA_not_flux	CAMP_GSE37751_original_author_case_table	results/BRCA/03_PATIENT/20260921T150000Z_mapping262_patient_v1/CAMP_relations262.tsv	5f78d08a696d5fac3d95c697b0eb05358cfa1868	EXACT_COLUMN_COPY_NO_RECALCULATION
BRCA	CAMP_BRCA1_Terunuma	03_PATIENT	20260921T150000Z_mapping262_patient_v1	mapping262_patient_v1	processed_Spearman262	HMDB:HMDB05065	oleoylcarnitine	CPT2	author_case_row	60.0	NA	Spearman_rho	0.0631775231878372	-0.21545806705917528	0.3205182516886982	0.6261	0.7954477611940298	processed_Spearman262	255.0	DONE	same_cohort_postselection;RNA_not_flux	CAMP_GSE37751_original_author_case_table	results/BRCA/03_PATIENT/20260921T150000Z_mapping262_patient_v1/CAMP_relations262.tsv	5f78d08a696d5fac3d95c697b0eb05358cfa1868	EXACT_COLUMN_COPY_NO_RECALCULATION
BRCA	CAMP_BRCA1_Terunuma	03_PATIENT	20260921T150000Z_mapping262_patient_v1	mapping262_patient_v1	available_Spearman262	HMDB:HMDB05065	oleoylcarnitine	CPT2	author_case_row	46.0	NA	Spearman_rho	-0.0242368177613321	-0.32658487293745386	0.27183981346218683	0.8698	0.9436080508474576	available_Spearman262	255.0	DONE	same_cohort_postselection;RNA_not_flux	CAMP_GSE37751_original_author_case_table	results/BRCA/03_PATIENT/20260921T150000Z_mapping262_patient_v1/CAMP_relations262.tsv	5f78d08a696d5fac3d95c697b0eb05358cfa1868	EXACT_COLUMN_COPY_NO_RECALCULATION
BRCA	CAMP_BRCA1_Terunuma	03_PATIENT	20260921T150000Z_mapping262_patient_v1	mapping262_patient_v1	processed_Spearman262	HMDB:HMDB10384	1-stearoyl-GPC (18:0)	ENPP2	author_case_row	60.0	NA	Spearman_rho	-0.39966089367584445	-0.6170943702921613	-0.13952166400619812	0.0016	0.03709090909090909	processed_Spearman262	255.0	DONE	same_cohort_postselection;RNA_not_flux	CAMP_GSE37751_original_author_case_table	results/BRCA/03_PATIENT/20260921T150000Z_mapping262_patient_v1/CAMP_relations262.tsv	5f78d08a696d5fac3d95c697b0eb05358cfa1868	EXACT_COLUMN_COPY_NO_RECALCULATION
BRCA	CAMP_BRCA1_Terunuma	03_PATIENT	20260921T150000Z_mapping262_patient_v1	mapping262_patient_v1	available_Spearman262	HMDB:HMDB10384	1-stearoyl-GPC (18:0)	ENPP2	author_case_row	52.0	NA	Spearman_rho	-0.3226329719115512	-0.5781632437382987	-0.0268408005315848	0.0202	0.150875	available_Spearman262	255.0	DONE	same_cohort_postselection;RNA_not_flux	CAMP_GSE37751_original_author_case_table	results/BRCA/03_PATIENT/20260921T150000Z_mapping262_patient_v1/CAMP_relations262.tsv	5f78d08a696d5fac3d95c697b0eb05358cfa1868	EXACT_COLUMN_COPY_NO_RECALCULATION
BRCA	CAMP_BRCA1_Terunuma	03_PATIENT	20260921T150000Z_mapping262_patient_v1	mapping262_patient_v1	processed_Spearman262	HMDB:HMDB10384	1-stearoyl-GPC (18:0)	LPCAT1	author_case_row	60.0	NA	Spearman_rho	0.3118395363058548	0.038286514309090414	0.5391330034670011	0.0177	0.11132926829268291	processed_Spearman262	255.0	DONE	same_cohort_postselection;RNA_not_flux	CAMP_GSE37751_original_author_case_table	results/BRCA/03_PATIENT/20260921T150000Z_mapping262_patient_v1/CAMP_relations262.tsv	5f78d08a696d5fac3d95c697b0eb05358cfa1868	EXACT_COLUMN_COPY_NO_RECALCULATION
BRCA	CAMP_BRCA1_Terunuma	03_PATIENT	20260921T150000Z_mapping262_patient_v1	mapping262_patient_v1	available_Spearman262	HMDB:HMDB10384	1-stearoyl-GPC (18:0)	LPCAT1	author_case_row	52.0	NA	Spearman_rho	0.29966703662597116	0.005083381575035959	0.5469596185407015	0.0303	0.18821428571428572	available_Spearman262	255.0	DONE	same_cohort_postselection;RNA_not_flux	CAMP_GSE37751_original_author_case_table	results/BRCA/03_PATIENT/20260921T150000Z_mapping262_patient_v1/CAMP_relations262.tsv	5f78d08a696d5fac3d95c697b0eb05358cfa1868	EXACT_COLUMN_COPY_NO_RECALCULATION
BRCA	CAMP_BRCA1_Terunuma	03_PATIENT	20260921T150000Z_mapping262_patient_v1	mapping262_patient_v1	processed_Spearman262	HMDB:HMDB10384	1-stearoyl-GPC (18:0)	LPCAT2	author_case_row	60.0	NA	Spearman_rho	-0.1329699360875991	-0.36254433520393525	0.11716241551695858	0.3092	0.574	processed_Spearman262	255.0	DONE	same_cohort_postselection;RNA_not_flux	CAMP_GSE37751_original_author_case_table	results/BRCA/03_PATIENT/20260921T150000Z_mapping262_patient_v1/CAMP_relations262.tsv	5f78d08a696d5fac3d95c697b0eb05358cfa1868	EXACT_COLUMN_COPY_NO_RECALCULATION
BRCA	CAMP_BRCA1_Terunuma	03_PATIENT	20260921T150000Z_mapping262_patient_v1	mapping262_patient_v1	available_Spearman262	HMDB:HMDB10384	1-stearoyl-GPC (18:0)	LPCAT2	author_case_row	52.0	NA	Spearman_rho	-0.029539827542047297	-0.2862167240235692	0.23689392391641298	0.8343	0.9330986842105263	available_Spearman262	255.0	DONE	same_cohort_postselection;RNA_not_flux	CAMP_GSE37751_original_author_case_table	results/BRCA/03_PATIENT/20260921T150000Z_mapping262_patient_v1/CAMP_relations262.tsv	5f78d08a696d5fac3d95c697b0eb05358cfa1868	EXACT_COLUMN_COPY_NO_RECALCULATION
BRCA	CAMP_BRCA1_Terunuma	03_PATIENT	20260921T150000Z_mapping262_patient_v1	mapping262_patient_v1	processed_Spearman262	HMDB:HMDB10384	1-stearoyl-GPC (18:0)	LPCAT3	author_case_row	60.0	NA	Spearman_rho	0.013714263282674971	-0.2682670733364095	0.28255992680102615	0.9153	0.9665764462809918	processed_Spearman262	255.0	DONE	same_cohort_postselection;RNA_not_flux	CAMP_GSE37751_original_author_case_table	results/BRCA/03_PATIENT/20260921T150000Z_mapping262_patient_v1/CAMP_relations262.tsv	5f78d08a696d5fac3d95c697b0eb05358cfa1868	EXACT_COLUMN_COPY_NO_RECALCULATION
BRCA	CAMP_BRCA1_Terunuma	03_PATIENT	20260921T150000Z_mapping262_patient_v1	mapping262_patient_v1	available_Spearman262	HMDB:HMDB10384	1-stearoyl-GPC (18:0)	LPCAT3	author_case_row	52.0	NA	Spearman_rho	0.10654827968923417	-0.18904097784032625	0.38639205792639475	0.4508	0.6848571428571428	available_Spearman262	255.0	DONE	same_cohort_postselection;RNA_not_flux	CAMP_GSE37751_original_author_case_table	results/BRCA/03_PATIENT/20260921T150000Z_mapping262_patient_v1/CAMP_relations262.tsv	5f78d08a696d5fac3d95c697b0eb05358cfa1868	EXACT_COLUMN_COPY_NO_RECALCULATION
BRCA	CAMP_BRCA1_Terunuma	03_PATIENT	20260921T150000Z_mapping262_patient_v1	mapping262_patient_v1	processed_Spearman262	HMDB:HMDB10384	1-stearoyl-GPC (18:0)	LYPLA2	author_case_row	60.0	NA	Spearman_rho	0.21912221476192853	-0.04562161403333239	0.45093905647373206	0.0954	0.2615806451612903	processed_Spearman262	255.0	DONE	same_cohort_postselection;RNA_not_flux	CAMP_GSE37751_original_author_case_table	results/BRCA/03_PATIENT/20260921T150000Z_mapping262_patient_v1/CAMP_relations262.tsv	5f78d08a696d5fac3d95c697b0eb05358cfa1868	EXACT_COLUMN_COPY_NO_RECALCULATION
BRCA	CAMP_BRCA1_Terunuma	03_PATIENT	20260921T150000Z_mapping262_patient_v1	mapping262_patient_v1	available_Spearman262	HMDB:HMDB10384	1-stearoyl-GPC (18:0)	LYPLA2	author_case_row	52.0	NA	Spearman_rho	0.15495603175958336	-0.12339740526089124	0.4121982983334991	0.275	0.56508	available_Spearman262	255.0	DONE	same_cohort_postselection;RNA_not_flux	CAMP_GSE37751_original_author_case_table	results/BRCA/03_PATIENT/20260921T150000Z_mapping262_patient_v1/CAMP_relations262.tsv	5f78d08a696d5fac3d95c697b0eb05358cfa1868	EXACT_COLUMN_COPY_NO_RECALCULATION
BRCA	CAMP_BRCA1_Terunuma	03_PATIENT	20260921T150000Z_mapping262_patient_v1	mapping262_patient_v1	processed_Spearman262	HMDB:HMDB61702	2-palmitoyl-GPC (16:0)	LPCAT4	author_case_row	NA	NA	Spearman_rho	NA	NA	NA	NA	NA	processed_Spearman262	255.0	NEEDS_REVIEW	historical_LPCAT4_symbol_ambiguous_Q643R3_vs_Q6ZWT7;stable_probe_identity_required	CAMP_GSE37751_original_author_case_table	results/BRCA/03_PATIENT/20260921T150000Z_mapping262_patient_v1/CAMP_relations262.tsv	5f78d08a696d5fac3d95c697b0eb05358cfa1868	EXACT_COLUMN_COPY_NO_RECALCULATION
BRCA	CAMP_BRCA1_Terunuma	03_PATIENT	20260921T150000Z_mapping262_patient_v1	mapping262_patient_v1	available_Spearman262	HMDB:HMDB61702	2-palmitoyl-GPC (16:0)	LPCAT4	author_case_row	NA	NA	Spearman_rho	NA	NA	NA	NA	NA	available_Spearman262	255.0	NEEDS_REVIEW	historical_LPCAT4_symbol_ambiguous_Q643R3_vs_Q6ZWT7;stable_probe_identity_required	CAMP_GSE37751_original_author_case_table	results/BRCA/03_PATIENT/20260921T150000Z_mapping262_patient_v1/CAMP_relations262.tsv	5f78d08a696d5fac3d95c697b0eb05358cfa1868	EXACT_COLUMN_COPY_NO_RECALCULATION
BRCA	CAMP_BRCA1_Terunuma	03_PATIENT	20260921T150000Z_mapping262_patient_v1	mapping262_patient_v1	processed_Spearman262	KEGG:C00009	phosphate	PPA1	author_case_row	60.0	NA	Spearman_rho	0.3631564323423173	0.1003008224031515	0.5596252538225427	0.0043	0.0645	processed_Spearman262	255.0	DONE	same_cohort_postselection;RNA_not_flux	CAMP_GSE37751_original_author_case_table	results/BRCA/03_PATIENT/20260921T150000Z_mapping262_patient_v1/CAMP_relations262.tsv	5f78d08a696d5fac3d95c697b0eb05358cfa1868	EXACT_COLUMN_COPY_NO_RECALCULATION
BRCA	CAMP_BRCA1_Terunuma	03_PATIENT	20260921T150000Z_mapping262_patient_v1	mapping262_patient_v1	available_Spearman262	KEGG:C00009	phosphate	PPA1	author_case_row	60.0	NA	Spearman_rho	0.3631564323423173	0.1108612331154855	0.5619236315655056	0.0049	0.0735	available_Spearman262	255.0	DONE	same_cohort_postselection;RNA_not_flux	CAMP_GSE37751_original_author_case_table	results/BRCA/03_PATIENT/20260921T150000Z_mapping262_patient_v1/CAMP_relations262.tsv	5f78d08a696d5fac3d95c697b0eb05358cfa1868	EXACT_COLUMN_COPY_NO_RECALCULATION
BRCA	CAMP_BRCA1_Terunuma	03_PATIENT	20260921T150000Z_mapping262_patient_v1	mapping262_patient_v1	processed_Spearman262	KEGG:C00009	phosphate	PPA2	author_case_row	60.0	NA	Spearman_rho	0.1492081133648235	-0.082724932971231	0.3820302079167378	0.2586	0.5111860465116279	processed_Spearman262	255.0	DONE	same_cohort_postselection;RNA_not_flux	CAMP_GSE37751_original_author_case_table	results/BRCA/03_PATIENT/20260921T150000Z_mapping262_patient_v1/CAMP_relations262.tsv	5f78d08a696d5fac3d95c697b0eb05358cfa1868	EXACT_COLUMN_COPY_NO_RECALCULATION
BRCA	CAMP_BRCA1_Terunuma	03_PATIENT	20260921T150000Z_mapping262_patient_v1	mapping262_patient_v1	available_Spearman262	KEGG:C00009	phosphate	PPA2	author_case_row	60.0	NA	Spearman_rho	0.1492081133648235	-0.0816677583655399	0.3741096237577231	0.2601	0.5525702479338843	available_Spearman262	255.0	DONE	same_cohort_postselection;RNA_not_flux	CAMP_GSE37751_original_author_case_table	results/BRCA/03_PATIENT/20260921T150000Z_mapping262_patient_v1/CAMP_relations262.tsv	5f78d08a696d5fac3d95c697b0eb05358cfa1868	EXACT_COLUMN_COPY_NO_RECALCULATION
BRCA	CAMP_BRCA1_Terunuma	03_PATIENT	20260921T150000Z_mapping262_patient_v1	mapping262_patient_v1	processed_Spearman262	KEGG:C00013	pyrophosphate (PPi)	PPA1	author_case_row	60.0	NA	Spearman_rho	-0.125240092357816	-0.3761206939932194	0.1406645972298517	0.3417	0.574	processed_Spearman262	255.0	DONE	same_cohort_postselection;RNA_not_flux	CAMP_GSE37751_original_author_case_table	results/BRCA/03_PATIENT/20260921T150000Z_mapping262_patient_v1/CAMP_relations262.tsv	5f78d08a696d5fac3d95c697b0eb05358cfa1868	EXACT_COLUMN_COPY_NO_RECALCULATION
BRCA	CAMP_BRCA1_Terunuma	03_PATIENT	20260921T150000Z_mapping262_patient_v1	mapping262_patient_v1	available_Spearman262	KEGG:C00013	pyrophosphate (PPi)	PPA1	author_case_row	44.0	NA	Spearman_rho	-0.1603946441155743	-0.4411041202801208	0.1397108690321838	0.2958	0.5876860465116279	available_Spearman262	255.0	DONE	same_cohort_postselection;RNA_not_flux	CAMP_GSE37751_original_author_case_table	results/BRCA/03_PATIENT/20260921T150000Z_mapping262_patient_v1/CAMP_relations262.tsv	5f78d08a696d5fac3d95c697b0eb05358cfa1868	EXACT_COLUMN_COPY_NO_RECALCULATION
BRCA	CAMP_BRCA1_Terunuma	03_PATIENT	20260921T150000Z_mapping262_patient_v1	mapping262_patient_v1	processed_Spearman262	KEGG:C00013	pyrophosphate (PPi)	PPA2	author_case_row	60.0	NA	Spearman_rho	0.121417683793933	-0.1203487095762576	0.3591713374999709	0.3606	0.5761748466257669	processed_Spearman262	255.0	DONE	same_cohort_postselection;RNA_not_flux	CAMP_GSE37751_original_author_case_table	results/BRCA/03_PATIENT/20260921T150000Z_mapping262_patient_v1/CAMP_relations262.tsv	5f78d08a696d5fac3d95c697b0eb05358cfa1868	EXACT_COLUMN_COPY_NO_RECALCULATION
BRCA	CAMP_BRCA1_Terunuma	03_PATIENT	20260921T150000Z_mapping262_patient_v1	mapping262_patient_v1	available_Spearman262	KEGG:C00013	pyrophosphate (PPi)	PPA2	author_case_row	44.0	NA	Spearman_rho	0.0587737843551797	-0.2163629790413349	0.3290521709992043	0.7105	0.8586611374407583	available_Spearman262	255.0	DONE	same_cohort_postselection;RNA_not_flux	CAMP_GSE37751_original_author_case_table	results/BRCA/03_PATIENT/20260921T150000Z_mapping262_patient_v1/CAMP_relations262.tsv	5f78d08a696d5fac3d95c697b0eb05358cfa1868	EXACT_COLUMN_COPY_NO_RECALCULATION
BRCA	CAMP_BRCA1_Terunuma	03_PATIENT	20260921T150000Z_mapping262_patient_v1	mapping262_patient_v1	processed_Spearman262	KEGG:C00021	S-adenosylhomocysteine (SAH)	AHCY	author_case_row	60.0	NA	Spearman_rho	0.0078972272421697	-0.2459942187068191	0.2661939148910577	0.9538	0.9891315789473684	processed_Spearman262	255.0	DONE	same_cohort_postselection;RNA_not_flux	CAMP_GSE37751_original_author_case_table	results/BRCA/03_PATIENT/20260921T150000Z_mapping262_patient_v1/CAMP_relations262.tsv	5f78d08a696d5fac3d95c697b0eb05358cfa1868	EXACT_COLUMN_COPY_NO_RECALCULATION
BRCA	CAMP_BRCA1_Terunuma	03_PATIENT	20260921T150000Z_mapping262_patient_v1	mapping262_patient_v1	available_Spearman262	KEGG:C00021	S-adenosylhomocysteine (SAH)	AHCY	author_case_row	54.0	NA	Spearman_rho	0.0614065180102915	-0.2279544500634932	0.3285533951526083	0.6542	0.8378025	available_Spearman262	255.0	DONE	same_cohort_postselection;RNA_not_flux	CAMP_GSE37751_original_author_case_table	results/BRCA/03_PATIENT/20260921T150000Z_mapping262_patient_v1/CAMP_relations262.tsv	5f78d08a696d5fac3d95c697b0eb05358cfa1868	EXACT_COLUMN_COPY_NO_RECALCULATION
BRCA	CAMP_BRCA1_Terunuma	03_PATIENT	20260921T150000Z_mapping262_patient_v1	mapping262_patient_v1	processed_Spearman262	KEGG:C00021	S-adenosylhomocysteine (SAH)	NNMT	author_case_row	60.0	NA	Spearman_rho	-0.1169012088946535	-0.3959986265360279	0.1720776630913249	0.3667	0.5761748466257669	processed_Spearman262	255.0	DONE	same_cohort_postselection;RNA_not_flux	CAMP_GSE37751_original_author_case_table	results/BRCA/03_PATIENT/20260921T150000Z_mapping262_patient_v1/CAMP_relations262.tsv	5f78d08a696d5fac3d95c697b0eb05358cfa1868	EXACT_COLUMN_COPY_NO_RECALCULATION
BRCA	CAMP_BRCA1_Terunuma	03_PATIENT	20260921T150000Z_mapping262_patient_v1	mapping262_patient_v1	available_Spearman262	KEGG:C00021	S-adenosylhomocysteine (SAH)	NNMT	author_case_row	54.0	NA	Spearman_rho	-0.0030874785591766	-0.2833190785216477	0.2792960069186491	0.9814	0.9919901574803149	available_Spearman262	255.0	DONE	same_cohort_postselection;RNA_not_flux	CAMP_GSE37751_original_author_case_table	results/BRCA/03_PATIENT/20260921T150000Z_mapping262_patient_v1/CAMP_relations262.tsv	5f78d08a696d5fac3d95c697b0eb05358cfa1868	EXACT_COLUMN_COPY_NO_RECALCULATION
BRCA	CAMP_BRCA1_Terunuma	03_PATIENT	20260921T150000Z_mapping262_patient_v1	mapping262_patient_v1	processed_Spearman262	KEGG:C00025	glutamate	ASNS	author_case_row	60.0	NA	Spearman_rho	0.2747429841622673	0.011132897496513	0.5037758512120332	0.0345	0.16386111111111112	processed_Spearman262	255.0	DONE	same_cohort_postselection;RNA_not_flux	CAMP_GSE37751_original_author_case_table	results/BRCA/03_PATIENT/20260921T150000Z_mapping262_patient_v1/CAMP_relations262.tsv	5f78d08a696d5fac3d95c697b0eb05358cfa1868	EXACT_COLUMN_COPY_NO_RECALCULATION
BRCA	CAMP_BRCA1_Terunuma	03_PATIENT	20260921T150000Z_mapping262_patient_v1	mapping262_patient_v1	available_Spearman262	KEGG:C00025	glutamate	ASNS	author_case_row	60.0	NA	Spearman_rho	0.2747429841622673	-0.0039840118934214	0.5112298416865678	0.0378	0.1967142857142857	available_Spearman262	255.0	DONE	same_cohort_postselection;RNA_not_flux	CAMP_GSE37751_original_author_case_table	results/BRCA/03_PATIENT/20260921T150000Z_mapping262_patient_v1/CAMP_relations262.tsv	5f78d08a696d5fac3d95c697b0eb05358cfa1868	EXACT_COLUMN_COPY_NO_RECALCULATION
BRCA	CAMP_BRCA1_Terunuma	03_PATIENT	20260921T150000Z_mapping262_patient_v1	mapping262_patient_v1	processed_Spearman262	KEGG:C00025	glutamate	BCAT1	author_case_row	60.0	NA	Spearman_rho	0.2657960544595721	0.0093138292715559	0.4812214153636627	0.0416	0.17222307692307695	processed_Spearman262	255.0	DONE	same_cohort_postselection;RNA_not_flux	CAMP_GSE37751_original_author_case_table	results/BRCA/03_PATIENT/20260921T150000Z_mapping262_patient_v1/CAMP_relations262.tsv	5f78d08a696d5fac3d95c697b0eb05358cfa1868	EXACT_COLUMN_COPY_NO_RECALCULATION
BRCA	CAMP_BRCA1_Terunuma	03_PATIENT	20260921T150000Z_mapping262_patient_v1	mapping262_patient_v1	available_Spearman262	KEGG:C00025	glutamate	BCAT1	author_case_row	60.0	NA	Spearman_rho	0.2657960544595721	0.0223673839466491	0.4857534659930206	0.0361	0.19178125000000001	available_Spearman262	255.0	DONE	same_cohort_postselection;RNA_not_flux	CAMP_GSE37751_original_author_case_table	results/BRCA/03_PATIENT/20260921T150000Z_mapping262_patient_v1/CAMP_relations262.tsv	5f78d08a696d5fac3d95c697b0eb05358cfa1868	EXACT_COLUMN_COPY_NO_RECALCULATION
BRCA	CAMP_BRCA1_Terunuma	03_PATIENT	20260921T150000Z_mapping262_patient_v1	mapping262_patient_v1	processed_Spearman262	KEGG:C00025	glutamate	BCAT2	author_case_row	60.0	NA	Spearman_rho	0.3724367879966658	0.1061477680039393	0.6025308610475502	0.0032	0.054400000000000004	processed_Spearman262	255.0	DONE	same_cohort_postselection;RNA_not_flux	CAMP_GSE37751_original_author_case_table	results/BRCA/03_PATIENT/20260921T150000Z_mapping262_patient_v1/CAMP_relations262.tsv	5f78d08a696d5fac3d95c697b0eb05358cfa1868	EXACT_COLUMN_COPY_NO_RECALCULATION
BRCA	CAMP_BRCA1_Terunuma	03_PATIENT	20260921T150000Z_mapping262_patient_v1	mapping262_patient_v1	available_Spearman262	KEGG:C00025	glutamate	BCAT2	author_case_row	60.0	NA	Spearman_rho	0.3724367879966658	0.0940606356382282	0.6090959714828389	0.004	0.06375	available_Spearman262	255.0	DONE	same_cohort_postselection;RNA_not_flux	CAMP_GSE37751_original_author_case_table	results/BRCA/03_PATIENT/20260921T150000Z_mapping262_patient_v1/CAMP_relations262.tsv	5f78d08a696d5fac3d95c697b0eb05358cfa1868	EXACT_COLUMN_COPY_NO_RECALCULATION
BRCA	CAMP_BRCA1_Terunuma	03_PATIENT	20260921T150000Z_mapping262_patient_v1	mapping262_patient_v1	processed_Spearman262	KEGG:C00025	glutamate	FOLH1	author_case_row	60.0	NA	Spearman_rho	0.1804945818282856	-0.0668334138400838	0.4114776494439678	0.1691	0.37825	processed_Spearman262	255.0	DONE	same_cohort_postselection;RNA_not_flux	CAMP_GSE37751_original_author_case_table	results/BRCA/03_PATIENT/20260921T150000Z_mapping262_patient_v1/CAMP_relations262.tsv	5f78d08a696d5fac3d95c697b0eb05358cfa1868	EXACT_COLUMN_COPY_NO_RECALCULATION
BRCA	CAMP_BRCA1_Terunuma	03_PATIENT	20260921T150000Z_mapping262_patient_v1	mapping262_patient_v1	available_Spearman262	KEGG:C00025	glutamate	FOLH1	author_case_row	60.0	NA	Spearman_rho	0.1804945818282856	-0.0727806480772985	0.416325371797849	0.1655	0.4335	available_Spearman262	255.0	DONE	same_cohort_postselection;RNA_not_flux	CAMP_GSE37751_original_author_case_table	results/BRCA/03_PATIENT/20260921T150000Z_mapping262_patient_v1/CAMP_relations262.tsv	5f78d08a696d5fac3d95c697b0eb05358cfa1868	EXACT_COLUMN_COPY_NO_RECALCULATION
BRCA	CAMP_BRCA1_Terunuma	03_PATIENT	20260921T150000Z_mapping262_patient_v1	mapping262_patient_v1	processed_Spearman262	KEGG:C00025	glutamate	GCLC	author_case_row	60.0	NA	Spearman_rho	0.0991386496248958	-0.1677802774821473	0.3614850992955221	0.4518	0.6565169491525424	processed_Spearman262	255.0	DONE	same_cohort_postselection;RNA_not_flux	CAMP_GSE37751_original_author_case_table	results/BRCA/03_PATIENT/20260921T150000Z_mapping262_patient_v1/CAMP_relations262.tsv	5f78d08a696d5fac3d95c697b0eb05358cfa1868	EXACT_COLUMN_COPY_NO_RECALCULATION
BRCA	CAMP_BRCA1_Terunuma	03_PATIENT	20260921T150000Z_mapping262_patient_v1	mapping262_patient_v1	available_Spearman262	KEGG:C00025	glutamate	GCLC	author_case_row	60.0	NA	Spearman_rho	0.0991386496248958	-0.1579478168623451	0.3521316406940856	0.4487	0.6848571428571428	available_Spearman262	255.0	DONE	same_cohort_postselection;RNA_not_flux	CAMP_GSE37751_original_author_case_table	results/BRCA/03_PATIENT/20260921T150000Z_mapping262_patient_v1/CAMP_relations262.tsv	5f78d08a696d5fac3d95c697b0eb05358cfa1868	EXACT_COLUMN_COPY_NO_RECALCULATION
BRCA	CAMP_BRCA1_Terunuma	03_PATIENT	20260921T150000Z_mapping262_patient_v1	mapping262_patient_v1	processed_Spearman262	KEGG:C00025	glutamate	GLS	author_case_row	60.0	NA	Spearman_rho	0.1793831619894415	-0.0867625378988067	0.4365048901327072	0.1685	0.37825	processed_Spearman262	255.0	DONE	same_cohort_postselection;RNA_not_flux	CAMP_GSE37751_original_author_case_table	results/BRCA/03_PATIENT/20260921T150000Z_mapping262_patient_v1/CAMP_relations262.tsv	5f78d08a696d5fac3d95c697b0eb05358cfa1868	EXACT_COLUMN_COPY_NO_RECALCULATION
BRCA	CAMP_BRCA1_Terunuma	03_PATIENT	20260921T150000Z_mapping262_patient_v1	mapping262_patient_v1	available_Spearman262	KEGG:C00025	glutamate	GLS	author_case_row	60.0	NA	Spearman_rho	0.1793831619894415	-0.0937131240707679	0.4252965986378194	0.1711	0.4407121212121212	available_Spearman262	255.0	DONE	same_cohort_postselection;RNA_not_flux	CAMP_GSE37751_original_author_case_table	results/BRCA/03_PATIENT/20260921T150000Z_mapping262_patient_v1/CAMP_relations262.tsv	5f78d08a696d5fac3d95c697b0eb05358cfa1868	EXACT_COLUMN_COPY_NO_RECALCULATION
BRCA	CAMP_BRCA1_Terunuma	03_PATIENT	20260921T150000Z_mapping262_patient_v1	mapping262_patient_v1	processed_Spearman262	KEGG:C00025	glutamate	GLS2	author_case_row	60.0	NA	Spearman_rho	-0.278966379549875	-0.5135957784641401	-0.0210206819110444	0.0335	0.16386111111111112	processed_Spearman262	255.0	DONE	same_cohort_postselection;RNA_not_flux	CAMP_GSE37751_original_author_case_table	results/BRCA/03_PATIENT/20260921T150000Z_mapping262_patient_v1/CAMP_relations262.tsv	5f78d08a696d5fac3d95c697b0eb05358cfa1868	EXACT_COLUMN_COPY_NO_RECALCULATION
BRCA	CAMP_BRCA1_Terunuma	03_PATIENT	20260921T150000Z_mapping262_patient_v1	mapping262_patient_v1	available_Spearman262	KEGG:C00025	glutamate	GLS2	author_case_row	60.0	NA	Spearman_rho	-0.278966379549875	-0.5097941153678008	-0.0102173301711655	0.0336	0.19039999999999999	available_Spearman262	255.0	DONE	same_cohort_postselection;RNA_not_flux	CAMP_GSE37751_original_author_case_table	results/BRCA/03_PATIENT/20260921T150000Z_mapping262_patient_v1/CAMP_relations262.tsv	5f78d08a696d5fac3d95c697b0eb05358cfa1868	EXACT_COLUMN_COPY_NO_RECALCULATION
BRCA	CAMP_BRCA1_Terunuma	03_PATIENT	20260921T150000Z_mapping262_patient_v1	mapping262_patient_v1	processed_Spearman262	KEGG:C00025	glutamate	GLUL	author_case_row	60.0	NA	Spearman_rho	0.0734092803556543	-0.2079714985526608	0.3475562059614324	0.577	0.76978125	processed_Spearman262	255.0	DONE	same_cohort_postselection;RNA_not_flux	CAMP_GSE37751_original_author_case_table	results/BRCA/03_PATIENT/20260921T150000Z_mapping262_patient_v1/CAMP_relations262.tsv	5f78d08a696d5fac3d95c697b0eb05358cfa1868	EXACT_COLUMN_COPY_NO_RECALCULATION
BRCA	CAMP_BRCA1_Terunuma	03_PATIENT	20260921T150000Z_mapping262_patient_v1	mapping262_patient_v1	available_Spearman262	KEGG:C00025	glutamate	GLUL	author_case_row	60.0	NA	Spearman_rho	0.0734092803556543	-0.2103551803751166	0.3449201411899685	0.5753	0.7680706806282723	available_Spearman262	255.0	DONE	same_cohort_postselection;RNA_not_flux	CAMP_GSE37751_original_author_case_table	results/BRCA/03_PATIENT/20260921T150000Z_mapping262_patient_v1/CAMP_relations262.tsv	5f78d08a696d5fac3d95c697b0eb05358cfa1868	EXACT_COLUMN_COPY_NO_RECALCULATION
BRCA	CAMP_BRCA1_Terunuma	03_PATIENT	20260921T150000Z_mapping262_patient_v1	mapping262_patient_v1	processed_Spearman262	KEGG:C00025	glutamate	GOT1	author_case_row	60.0	NA	Spearman_rho	0.3237565990552931	0.0542221721041497	0.5581843553124335	0.0126	0.09736363636363636	processed_Spearman262	255.0	DONE	same_cohort_postselection;RNA_not_flux	CAMP_GSE37751_original_author_case_table	results/BRCA/03_PATIENT/20260921T150000Z_mapping262_patient_v1/CAMP_relations262.tsv	5f78d08a696d5fac3d95c697b0eb05358cfa1868	EXACT_COLUMN_COPY_NO_RECALCULATION
BRCA	CAMP_BRCA1_Terunuma	03_PATIENT	20260921T150000Z_mapping262_patient_v1	mapping262_patient_v1	available_Spearman262	KEGG:C00025	glutamate	GOT1	author_case_row	60.0	NA	Spearman_rho	0.3237565990552931	0.0446843915281624	0.5621735846358689	0.0125	0.11805555555555557	available_Spearman262	255.0	DONE	same_cohort_postselection;RNA_not_flux	CAMP_GSE37751_original_author_case_table	results/BRCA/03_PATIENT/20260921T150000Z_mapping262_patient_v1/CAMP_relations262.tsv	5f78d08a696d5fac3d95c697b0eb05358cfa1868	EXACT_COLUMN_COPY_NO_RECALCULATION
BRCA	CAMP_BRCA1_Terunuma	03_PATIENT	20260921T150000Z_mapping262_patient_v1	mapping262_patient_v1	processed_Spearman262	KEGG:C00025	glutamate	GOT2	author_case_row	60.0	NA	Spearman_rho	0.1922756321200333	-0.0728764189220368	0.4271987399490424	0.1352	0.3211111111111111	processed_Spearman262	255.0	DONE	same_cohort_postselection;RNA_not_flux	CAMP_GSE37751_original_author_case_table	results/BRCA/03_PATIENT/20260921T150000Z_mapping262_patient_v1/CAMP_relations262.tsv	5f78d08a696d5fac3d95c697b0eb05358cfa1868	EXACT_COLUMN_COPY_NO_RECALCULATION
BRCA	CAMP_BRCA1_Terunuma	03_PATIENT	20260921T150000Z_mapping262_patient_v1	mapping262_patient_v1	available_Spearman262	KEGG:C00025	glutamate	GOT2	author_case_row	60.0	NA	Spearman_rho	0.1922756321200333	-0.0755715269959421	0.4273185034837045	0.1339	0.3671451612903226	available_Spearman262	255.0	DONE	same_cohort_postselection;RNA_not_flux	CAMP_GSE37751_original_author_case_table	results/BRCA/03_PATIENT/20260921T150000Z_mapping262_patient_v1/CAMP_relations262.tsv	5f78d08a696d5fac3d95c697b0eb05358cfa1868	EXACT_COLUMN_COPY_NO_RECALCULATION
BRCA	CAMP_BRCA1_Terunuma	03_PATIENT	20260921T150000Z_mapping262_patient_v1	mapping262_patient_v1	processed_Spearman262	KEGG:C00025	glutamate	OAT	author_case_row	60.0	NA	Spearman_rho	-0.1270908585718255	-0.3801760694938877	0.1344413768238027	0.324	0.574	processed_Spearman262	255.0	DONE	same_cohort_postselection;RNA_not_flux	CAMP_GSE37751_original_author_case_table	results/BRCA/03_PATIENT/20260921T150000Z_mapping262_patient_v1/CAMP_relations262.tsv	5f78d08a696d5fac3d95c697b0eb05358cfa1868	EXACT_COLUMN_COPY_NO_RECALCULATION
BRCA	CAMP_BRCA1_Terunuma	03_PATIENT	20260921T150000Z_mapping262_patient_v1	mapping262_patient_v1	available_Spearman262	KEGG:C00025	glutamate	OAT	author_case_row	60.0	NA	Spearman_rho	-0.1270908585718255	-0.3678981996342774	0.1363958178068479	0.3366	0.6152553191489362	available_Spearman262	255.0	DONE	same_cohort_postselection;RNA_not_flux	CAMP_GSE37751_original_author_case_table	results/BRCA/03_PATIENT/20260921T150000Z_mapping262_patient_v1/CAMP_relations262.tsv	5f78d08a696d5fac3d95c697b0eb05358cfa1868	EXACT_COLUMN_COPY_NO_RECALCULATION
BRCA	CAMP_BRCA1_Terunuma	03_PATIENT	20260921T150000Z_mapping262_patient_v1	mapping262_patient_v1	processed_Spearman262	KEGG:C00025	glutamate	SLC7A11	author_case_row	60.0	NA	Spearman_rho	0.3416504584606836	0.0784731176294092	0.5526199608535758	0.0074	0.08204347826086957	processed_Spearman262	255.0	DONE	same_cohort_postselection;RNA_not_flux	CAMP_GSE37751_original_author_case_table	results/BRCA/03_PATIENT/20260921T150000Z_mapping262_patient_v1/CAMP_relations262.tsv	5f78d08a696d5fac3d95c697b0eb05358cfa1868	EXACT_COLUMN_COPY_NO_RECALCULATION
BRCA	CAMP_BRCA1_Terunuma	03_PATIENT	20260921T150000Z_mapping262_patient_v1	mapping262_patient_v1	available_Spearman262	KEGG:C00025	glutamate	SLC7A11	author_case_row	60.0	NA	Spearman_rho	0.3416504584606836	0.0878080333671024	0.5520224594154806	0.0078	0.09534782608695652	available_Spearman262	255.0	DONE	same_cohort_postselection;RNA_not_flux	CAMP_GSE37751_original_author_case_table	results/BRCA/03_PATIENT/20260921T150000Z_mapping262_patient_v1/CAMP_relations262.tsv	5f78d08a696d5fac3d95c697b0eb05358cfa1868	EXACT_COLUMN_COPY_NO_RECALCULATION
BRCA	CAMP_BRCA1_Terunuma	03_PATIENT	20260921T150000Z_mapping262_patient_v1	mapping262_patient_v1	processed_Spearman262	KEGG:C00025	glutamate	TAT	author_case_row	60.0	NA	Spearman_rho	-0.2636843567657683	-0.4837144564166328	-0.0071443716826104	0.0421	0.17222307692307695	processed_Spearman262	255.0	DONE	same_cohort_postselection;RNA_not_flux	CAMP_GSE37751_original_author_case_table	results/BRCA/03_PATIENT/20260921T150000Z_mapping262_patient_v1/CAMP_relations262.tsv	5f78d08a696d5fac3d95c697b0eb05358cfa1868	EXACT_COLUMN_COPY_NO_RECALCULATION
BRCA	CAMP_BRCA1_Terunuma	03_PATIENT	20260921T150000Z_mapping262_patient_v1	mapping262_patient_v1	available_Spearman262	KEGG:C00025	glutamate	TAT	author_case_row	60.0	NA	Spearman_rho	-0.2636843567657683	-0.4881060357236023	-0.0006834700492758	0.0433	0.21649999999999997	available_Spearman262	255.0	DONE	same_cohort_postselection;RNA_not_flux	CAMP_GSE37751_original_author_case_table	results/BRCA/03_PATIENT/20260921T150000Z_mapping262_patient_v1/CAMP_relations262.tsv	5f78d08a696d5fac3d95c697b0eb05358cfa1868	EXACT_COLUMN_COPY_NO_RECALCULATION
BRCA	CAMP_BRCA1_Terunuma	03_PATIENT	20260921T150000Z_mapping262_patient_v1	mapping262_patient_v1	processed_Spearman262	KEGG:C00037	glycine	GSS	author_case_row	60.0	NA	Spearman_rho	0.0879688802445123	-0.1666679387126024	0.3240347094231508	0.5001	0.7006895604395604	processed_Spearman262	255.0	DONE	same_cohort_postselection;RNA_not_flux	CAMP_GSE37751_original_author_case_table	results/BRCA/03_PATIENT/20260921T150000Z_mapping262_patient_v1/CAMP_relations262.tsv	5f78d08a696d5fac3d95c697b0eb05358cfa1868	EXACT_COLUMN_COPY_NO_RECALCULATION
BRCA	CAMP_BRCA1_Terunuma	03_PATIENT	20260921T150000Z_mapping262_patient_v1	mapping262_patient_v1	available_Spearman262	KEGG:C00037	glycine	GSS	author_case_row	60.0	NA	Spearman_rho	0.0879688802445123	-0.1608397431149469	0.3315822659278778	0.506	0.7167868852459016	available_Spearman262	255.0	DONE	same_cohort_postselection;RNA_not_flux	CAMP_GSE37751_original_author_case_table	results/BRCA/03_PATIENT/20260921T150000Z_mapping262_patient_v1/CAMP_relations262.tsv	5f78d08a696d5fac3d95c697b0eb05358cfa1868	EXACT_COLUMN_COPY_NO_RECALCULATION
BRCA	CAMP_BRCA1_Terunuma	03_PATIENT	20260921T150000Z_mapping262_patient_v1	mapping262_patient_v1	processed_Spearman262	KEGG:C00037	glycine	PEPD	author_case_row	60.0	NA	Spearman_rho	-0.0346762989719366	-0.2991923290991558	0.2489583358085159	0.7967	0.8756831896551723	processed_Spearman262	255.0	DONE	same_cohort_postselection;RNA_not_flux	CAMP_GSE37751_original_author_case_table	results/BRCA/03_PATIENT/20260921T150000Z_mapping262_patient_v1/CAMP_relations262.tsv	5f78d08a696d5fac3d95c697b0eb05358cfa1868	EXACT_COLUMN_COPY_NO_RECALCULATION
BRCA	CAMP_BRCA1_Terunuma	03_PATIENT	20260921T150000Z_mapping262_patient_v1	mapping262_patient_v1	available_Spearman262	KEGG:C00037	glycine	PEPD	author_case_row	60.0	NA	Spearman_rho	-0.0346762989719366	-0.2965347835717556	0.2483878720434938	0.7866	0.9163991031390134	available_Spearman262	255.0	DONE	same_cohort_postselection;RNA_not_flux	CAMP_GSE37751_original_author_case_table	results/BRCA/03_PATIENT/20260921T150000Z_mapping262_patient_v1/CAMP_relations262.tsv	5f78d08a696d5fac3d95c697b0eb05358cfa1868	EXACT_COLUMN_COPY_NO_RECALCULATION
BRCA	CAMP_BRCA1_Terunuma	03_PATIENT	20260921T150000Z_mapping262_patient_v1	mapping262_patient_v1	processed_Spearman262	KEGG:C00037	glycine	SHMT1	author_case_row	60.0	NA	Spearman_rho	-0.259572103362045	-0.4774312527342361	-0.0053683998731636	0.047	0.17888059701492537	processed_Spearman262	255.0	DONE	same_cohort_postselection;RNA_not_flux	CAMP_GSE37751_original_author_case_table	results/BRCA/03_PATIENT/20260921T150000Z_mapping262_patient_v1/CAMP_relations262.tsv	5f78d08a696d5fac3d95c697b0eb05358cfa1868	EXACT_COLUMN_COPY_NO_RECALCULATION
BRCA	CAMP_BRCA1_Terunuma	03_PATIENT	20260921T150000Z_mapping262_patient_v1	mapping262_patient_v1	available_Spearman262	KEGG:C00037	glycine	SHMT1	author_case_row	60.0	NA	Spearman_rho	-0.259572103362045	-0.4805953540130755	-0.0043642496199513	0.0473	0.2193	available_Spearman262	255.0	DONE	same_cohort_postselection;RNA_not_flux	CAMP_GSE37751_original_author_case_table	results/BRCA/03_PATIENT/20260921T150000Z_mapping262_patient_v1/CAMP_relations262.tsv	5f78d08a696d5fac3d95c697b0eb05358cfa1868	EXACT_COLUMN_COPY_NO_RECALCULATION
BRCA	CAMP_BRCA1_Terunuma	03_PATIENT	20260921T150000Z_mapping262_patient_v1	mapping262_patient_v1	processed_Spearman262	KEGG:C00037	glycine	SHMT2	author_case_row	60.0	NA	Spearman_rho	0.1808835787718811	-0.0682650067187651	0.4056460110621883	0.1598	0.3671081081081081	processed_Spearman262	255.0	DONE	same_cohort_postselection;RNA_not_flux	CAMP_GSE37751_original_author_case_table	results/BRCA/03_PATIENT/20260921T150000Z_mapping262_patient_v1/CAMP_relations262.tsv	5f78d08a696d5fac3d95c697b0eb05358cfa1868	EXACT_COLUMN_COPY_NO_RECALCULATION
BRCA	CAMP_BRCA1_Terunuma	03_PATIENT	20260921T150000Z_mapping262_patient_v1	mapping262_patient_v1	available_Spearman262	KEGG:C00037	glycine	SHMT2	author_case_row	60.0	NA	Spearman_rho	0.1808835787718811	-0.0629322069075162	0.411772499221923	0.1666	0.4335	available_Spearman262	255.0	DONE	same_cohort_postselection;RNA_not_flux	CAMP_GSE37751_original_author_case_table	results/BRCA/03_PATIENT/20260921T150000Z_mapping262_patient_v1/CAMP_relations262.tsv	5f78d08a696d5fac3d95c697b0eb05358cfa1868	EXACT_COLUMN_COPY_NO_RECALCULATION
BRCA	CAMP_BRCA1_Terunuma	03_PATIENT	20260921T150000Z_mapping262_patient_v1	mapping262_patient_v1	processed_Spearman262	KEGG:C00042	succinate	SDHA	author_case_row	60.0	NA	Spearman_rho	-0.13203667685468187	-0.3911270032870289	0.15474612481205924	0.3122	0.574	processed_Spearman262	255.0	DONE	same_cohort_postselection;RNA_not_flux	CAMP_GSE37751_original_author_case_table	results/BRCA/03_PATIENT/20260921T150000Z_mapping262_patient_v1/CAMP_relations262.tsv	5f78d08a696d5fac3d95c697b0eb05358cfa1868	EXACT_COLUMN_COPY_NO_RECALCULATION
BRCA	CAMP_BRCA1_Terunuma	03_PATIENT	20260921T150000Z_mapping262_patient_v1	mapping262_patient_v1	available_Spearman262	KEGG:C00042	succinate	SDHA	author_case_row	60.0	NA	Spearman_rho	-0.13203667685468187	-0.3970642981216927	0.15548300626711845	0.3141	0.6067840909090908	available_Spearman262	255.0	DONE	same_cohort_postselection;RNA_not_flux	CAMP_GSE37751_original_author_case_table	results/BRCA/03_PATIENT/20260921T150000Z_mapping262_patient_v1/CAMP_relations262.tsv	5f78d08a696d5fac3d95c697b0eb05358cfa1868	EXACT_COLUMN_COPY_NO_RECALCULATION
BRCA	CAMP_BRCA1_Terunuma	03_PATIENT	20260921T150000Z_mapping262_patient_v1	mapping262_patient_v1	processed_Spearman262	KEGG:C00042	succinate	SDHB	author_case_row	60.0	NA	Spearman_rho	-0.13664906918588499	-0.3993506491677369	0.13805817149571192	0.2911	0.5498555555555555	processed_Spearman262	255.0	DONE	same_cohort_postselection;RNA_not_flux	CAMP_GSE37751_original_author_case_table	results/BRCA/03_PATIENT/20260921T150000Z_mapping262_patient_v1/CAMP_relations262.tsv	5f78d08a696d5fac3d95c697b0eb05358cfa1868	EXACT_COLUMN_COPY_NO_RECALCULATION
BRCA	CAMP_BRCA1_Terunuma	03_PATIENT	20260921T150000Z_mapping262_patient_v1	mapping262_patient_v1	available_Spearman262	KEGG:C00042	succinate	SDHB	author_case_row	60.0	NA	Spearman_rho	-0.13664906918588499	-0.3980641641645381	0.13498393798674044	0.2962	0.5876860465116279	available_Spearman262	255.0	DONE	same_cohort_postselection;RNA_not_flux	CAMP_GSE37751_original_author_case_table	results/BRCA/03_PATIENT/20260921T150000Z_mapping262_patient_v1/CAMP_relations262.tsv	5f78d08a696d5fac3d95c697b0eb05358cfa1868	EXACT_COLUMN_COPY_NO_RECALCULATION
BRCA	CAMP_BRCA1_Terunuma	03_PATIENT	20260921T150000Z_mapping262_patient_v1	mapping262_patient_v1	processed_Spearman262	KEGG:C00042	succinate	SDHC	author_case_row	60.0	NA	Spearman_rho	-0.2622950819672132	-0.4916637843776572	0.004263011069650261	0.0434	0.17222307692307695	processed_Spearman262	255.0	DONE	same_cohort_postselection;RNA_not_flux	CAMP_GSE37751_original_author_case_table	results/BRCA/03_PATIENT/20260921T150000Z_mapping262_patient_v1/CAMP_relations262.tsv	5f78d08a696d5fac3d95c697b0eb05358cfa1868	EXACT_COLUMN_COPY_NO_RECALCULATION
BRCA	CAMP_BRCA1_Terunuma	03_PATIENT	20260921T150000Z_mapping262_patient_v1	mapping262_patient_v1	available_Spearman262	KEGG:C00042	succinate	SDHC	author_case_row	60.0	NA	Spearman_rho	-0.2622950819672132	-0.4940885356519962	-0.008147524334332086	0.0429	0.21649999999999997	available_Spearman262	255.0	DONE	same_cohort_postselection;RNA_not_flux	CAMP_GSE37751_original_author_case_table	results/BRCA/03_PATIENT/20260921T150000Z_mapping262_patient_v1/CAMP_relations262.tsv	5f78d08a696d5fac3d95c697b0eb05358cfa1868	EXACT_COLUMN_COPY_NO_RECALCULATION
BRCA	CAMP_BRCA1_Terunuma	03_PATIENT	20260921T150000Z_mapping262_patient_v1	mapping262_patient_v1	processed_Spearman262	KEGG:C00042	succinate	SDHD	author_case_row	60.0	NA	Spearman_rho	-0.000611280911364268	-0.2690729473249759	0.26705722920547503	0.9969	0.9969	processed_Spearman262	255.0	DONE	same_cohort_postselection;RNA_not_flux	CAMP_GSE37751_original_author_case_table	results/BRCA/03_PATIENT/20260921T150000Z_mapping262_patient_v1/CAMP_relations262.tsv	5f78d08a696d5fac3d95c697b0eb05358cfa1868	EXACT_COLUMN_COPY_NO_RECALCULATION
BRCA	CAMP_BRCA1_Terunuma	03_PATIENT	20260921T150000Z_mapping262_patient_v1	mapping262_patient_v1	available_Spearman262	KEGG:C00042	succinate	SDHD	author_case_row	60.0	NA	Spearman_rho	-0.000611280911364268	-0.2676667573187451	0.26946212617562665	0.9969	0.9969	available_Spearman262	255.0	DONE	same_cohort_postselection;RNA_not_flux	CAMP_GSE37751_original_author_case_table	results/BRCA/03_PATIENT/20260921T150000Z_mapping262_patient_v1/CAMP_relations262.tsv	5f78d08a696d5fac3d95c697b0eb05358cfa1868	EXACT_COLUMN_COPY_NO_RECALCULATION
BRCA	CAMP_BRCA1_Terunuma	03_PATIENT	20260921T150000Z_mapping262_patient_v1	mapping262_patient_v1	processed_Spearman262	KEGG:C00042	succinate	SLC13A3	author_case_row	60.0	NA	Spearman_rho	0.11747707696582387	-0.16587435899581812	0.36973162322652214	0.3671	0.5761748466257669	processed_Spearman262	255.0	DONE	same_cohort_postselection;RNA_not_flux	CAMP_GSE37751_original_author_case_table	results/BRCA/03_PATIENT/20260921T150000Z_mapping262_patient_v1/CAMP_relations262.tsv	5f78d08a696d5fac3d95c697b0eb05358cfa1868	EXACT_COLUMN_COPY_NO_RECALCULATION
BRCA	CAMP_BRCA1_Terunuma	03_PATIENT	20260921T150000Z_mapping262_patient_v1	mapping262_patient_v1	available_Spearman262	KEGG:C00042	succinate	SLC13A3	author_case_row	60.0	NA	Spearman_rho	0.11747707696582387	-0.15532061237472564	0.3674194674113174	0.3667	0.6223013245033112	available_Spearman262	255.0	DONE	same_cohort_postselection;RNA_not_flux	CAMP_GSE37751_original_author_case_table	results/BRCA/03_PATIENT/20260921T150000Z_mapping262_patient_v1/CAMP_relations262.tsv	5f78d08a696d5fac3d95c697b0eb05358cfa1868	EXACT_COLUMN_COPY_NO_RECALCULATION
BRCA	CAMP_BRCA1_Terunuma	03_PATIENT	20260921T150000Z_mapping262_patient_v1	mapping262_patient_v1	processed_Spearman262	KEGG:C00042	succinate	SLC25A10	author_case_row	60.0	NA	Spearman_rho	-0.3099194220616839	-0.5328808783996086	-0.03169621161827169	0.0163	0.11132926829268291	processed_Spearman262	255.0	DONE	same_cohort_postselection;RNA_not_flux	CAMP_GSE37751_original_author_case_table	results/BRCA/03_PATIENT/20260921T150000Z_mapping262_patient_v1/CAMP_relations262.tsv	5f78d08a696d5fac3d95c697b0eb05358cfa1868	EXACT_COLUMN_COPY_NO_RECALCULATION
BRCA	CAMP_BRCA1_Terunuma	03_PATIENT	20260921T150000Z_mapping262_patient_v1	mapping262_patient_v1	available_Spearman262	KEGG:C00042	succinate	SLC25A10	author_case_row	60.0	NA	Spearman_rho	-0.3099194220616839	-0.5479481677889697	-0.03438728800867879	0.0166	0.13228125000000002	available_Spearman262	255.0	DONE	same_cohort_postselection;RNA_not_flux	CAMP_GSE37751_original_author_case_table	results/BRCA/03_PATIENT/20260921T150000Z_mapping262_patient_v1/CAMP_relations262.tsv	5f78d08a696d5fac3d95c697b0eb05358cfa1868	EXACT_COLUMN_COPY_NO_RECALCULATION
BRCA	CAMP_BRCA1_Terunuma	03_PATIENT	20260921T150000Z_mapping262_patient_v1	mapping262_patient_v1	processed_Spearman262	KEGG:C00042	succinate	SUCLA2	author_case_row	60.0	NA	Spearman_rho	0.07468741317032511	-0.22937168274985112	0.3532715849269811	0.568	0.7663492063492062	processed_Spearman262	255.0	DONE	same_cohort_postselection;RNA_not_flux	CAMP_GSE37751_original_author_case_table	results/BRCA/03_PATIENT/20260921T150000Z_mapping262_patient_v1/CAMP_relations262.tsv	5f78d08a696d5fac3d95c697b0eb05358cfa1868	EXACT_COLUMN_COPY_NO_RECALCULATION
BRCA	CAMP_BRCA1_Terunuma	03_PATIENT	20260921T150000Z_mapping262_patient_v1	mapping262_patient_v1	available_Spearman262	KEGG:C00042	succinate	SUCLA2	author_case_row	60.0	NA	Spearman_rho	0.07468741317032511	-0.21448149862980342	0.359076404354202	0.564	0.7632552631578947	available_Spearman262	255.0	DONE	same_cohort_postselection;RNA_not_flux	CAMP_GSE37751_original_author_case_table	results/BRCA/03_PATIENT/20260921T150000Z_mapping262_patient_v1/CAMP_relations262.tsv	5f78d08a696d5fac3d95c697b0eb05358cfa1868	EXACT_COLUMN_COPY_NO_RECALCULATION
BRCA	CAMP_BRCA1_Terunuma	03_PATIENT	20260921T150000Z_mapping262_patient_v1	mapping262_patient_v1	processed_Spearman262	KEGG:C00042	succinate	SUCLG1	author_case_row	60.0	NA	Spearman_rho	0.03367602111697694	-0.2329857639711521	0.31186972560604953	0.7923	0.8756831896551723	processed_Spearman262	255.0	DONE	same_cohort_postselection;RNA_not_flux	CAMP_GSE37751_original_author_case_table	results/BRCA/03_PATIENT/20260921T150000Z_mapping262_patient_v1/CAMP_relations262.tsv	5f78d08a696d5fac3d95c697b0eb05358cfa1868	EXACT_COLUMN_COPY_NO_RECALCULATION
BRCA	CAMP_BRCA1_Terunuma	03_PATIENT	20260921T150000Z_mapping262_patient_v1	mapping262_patient_v1	available_Spearman262	KEGG:C00042	succinate	SUCLG1	author_case_row	60.0	NA	Spearman_rho	0.03367602111697694	-0.23451291758842321	0.2959337229526035	0.8014	0.9163991031390134	available_Spearman262	255.0	DONE	same_cohort_postselection;RNA_not_flux	CAMP_GSE37751_original_author_case_table	results/BRCA/03_PATIENT/20260921T150000Z_mapping262_patient_v1/CAMP_relations262.tsv	5f78d08a696d5fac3d95c697b0eb05358cfa1868	EXACT_COLUMN_COPY_NO_RECALCULATION
BRCA	CAMP_BRCA1_Terunuma	03_PATIENT	20260921T150000Z_mapping262_patient_v1	mapping262_patient_v1	processed_Spearman262	KEGG:C00042	succinate	SUCLG2	author_case_row	60.0	NA	Spearman_rho	0.0746318421783829	-0.1971241299828938	0.34162517369586104	0.5673	0.7663492063492062	processed_Spearman262	255.0	DONE	same_cohort_postselection;RNA_not_flux	CAMP_GSE37751_original_author_case_table	results/BRCA/03_PATIENT/20260921T150000Z_mapping262_patient_v1/CAMP_relations262.tsv	5f78d08a696d5fac3d95c697b0eb05358cfa1868	EXACT_COLUMN_COPY_NO_RECALCULATION
BRCA	CAMP_BRCA1_Terunuma	03_PATIENT	20260921T150000Z_mapping262_patient_v1	mapping262_patient_v1	available_Spearman262	KEGG:C00042	succinate	SUCLG2	author_case_row	60.0	NA	Spearman_rho	0.0746318421783829	-0.19288472182637537	0.3450226049110469	0.5675	0.7632552631578947	available_Spearman262	255.0	DONE	same_cohort_postselection;RNA_not_flux	CAMP_GSE37751_original_author_case_table	results/BRCA/03_PATIENT/20260921T150000Z_mapping262_patient_v1/CAMP_relations262.tsv	5f78d08a696d5fac3d95c697b0eb05358cfa1868	EXACT_COLUMN_COPY_NO_RECALCULATION
BRCA	CAMP_BRCA1_Terunuma	03_PATIENT	20260921T150000Z_mapping262_patient_v1	mapping262_patient_v1	processed_Spearman262	KEGG:C00047	lysine	AASS	author_case_row	60.0	NA	Spearman_rho	0.3945540427896639	0.1444767793429063	0.5983653692361373	0.0025	0.04553571428571429	processed_Spearman262	255.0	DONE	same_cohort_postselection;RNA_not_flux	CAMP_GSE37751_original_author_case_table	results/BRCA/03_PATIENT/20260921T150000Z_mapping262_patient_v1/CAMP_relations262.tsv	5f78d08a696d5fac3d95c697b0eb05358cfa1868	EXACT_COLUMN_COPY_NO_RECALCULATION
BRCA	CAMP_BRCA1_Terunuma	03_PATIENT	20260921T150000Z_mapping262_patient_v1	mapping262_patient_v1	available_Spearman262	KEGG:C00047	lysine	AASS	author_case_row	60.0	NA	Spearman_rho	0.3945540427896639	0.1528190583146867	0.5999833159552517	0.0024	0.051	available_Spearman262	255.0	DONE	same_cohort_postselection;RNA_not_flux	CAMP_GSE37751_original_author_case_table	results/BRCA/03_PATIENT/20260921T150000Z_mapping262_patient_v1/CAMP_relations262.tsv	5f78d08a696d5fac3d95c697b0eb05358cfa1868	EXACT_COLUMN_COPY_NO_RECALCULATION
BRCA	CAMP_BRCA1_Terunuma	03_PATIENT	20260921T150000Z_mapping262_patient_v1	mapping262_patient_v1	processed_Spearman262	KEGG:C00049	aspartate	ASNS	author_case_row	60.0	NA	Spearman_rho	0.124256737982773	-0.1417919991405478	0.3739397618670838	0.3443	0.574	processed_Spearman262	255.0	DONE	same_cohort_postselection;RNA_not_flux	CAMP_GSE37751_original_author_case_table	results/BRCA/03_PATIENT/20260921T150000Z_mapping262_patient_v1/CAMP_relations262.tsv	5f78d08a696d5fac3d95c697b0eb05358cfa1868	EXACT_COLUMN_COPY_NO_RECALCULATION
BRCA	CAMP_BRCA1_Terunuma	03_PATIENT	20260921T150000Z_mapping262_patient_v1	mapping262_patient_v1	available_Spearman262	KEGG:C00049	aspartate	ASNS	author_case_row	60.0	NA	Spearman_rho	0.124256737982773	-0.1310690372780737	0.3862511941718747	0.3477	0.61571875	available_Spearman262	255.0	DONE	same_cohort_postselection;RNA_not_flux	CAMP_GSE37751_original_author_case_table	results/BRCA/03_PATIENT/20260921T150000Z_mapping262_patient_v1/CAMP_relations262.tsv	5f78d08a696d5fac3d95c697b0eb05358cfa1868	EXACT_COLUMN_COPY_NO_RECALCULATION
BRCA	CAMP_BRCA1_Terunuma	03_PATIENT	20260921T150000Z_mapping262_patient_v1	mapping262_patient_v1	processed_Spearman262	KEGG:C00049	aspartate	ASS1	author_case_row	60.0	NA	Spearman_rho	-0.163878855237566	-0.4149247503268701	0.1086260880887679	0.2119	0.44290573770491803	processed_Spearman262	255.0	DONE	same_cohort_postselection;RNA_not_flux	CAMP_GSE37751_original_author_case_table	results/BRCA/03_PATIENT/20260921T150000Z_mapping262_patient_v1/CAMP_relations262.tsv	5f78d08a696d5fac3d95c697b0eb05358cfa1868	EXACT_COLUMN_COPY_NO_RECALCULATION
BRCA	CAMP_BRCA1_Terunuma	03_PATIENT	20260921T150000Z_mapping262_patient_v1	mapping262_patient_v1	available_Spearman262	KEGG:C00049	aspartate	ASS1	author_case_row	60.0	NA	Spearman_rho	-0.163878855237566	-0.4167802835358237	0.1061733241016406	0.2051	0.4934009433962264	available_Spearman262	255.0	DONE	same_cohort_postselection;RNA_not_flux	CAMP_GSE37751_original_author_case_table	results/BRCA/03_PATIENT/20260921T150000Z_mapping262_patient_v1/CAMP_relations262.tsv	5f78d08a696d5fac3d95c697b0eb05358cfa1868	EXACT_COLUMN_COPY_NO_RECALCULATION
BRCA	CAMP_BRCA1_Terunuma	03_PATIENT	20260921T150000Z_mapping262_patient_v1	mapping262_patient_v1	processed_Spearman262	KEGG:C00049	aspartate	GOT1	author_case_row	60.0	NA	Spearman_rho	0.1499861072520145	-0.1291162120967887	0.4071733987197397	0.2557	0.5094023437499999	processed_Spearman262	255.0	DONE	same_cohort_postselection;RNA_not_flux	CAMP_GSE37751_original_author_case_table	results/BRCA/03_PATIENT/20260921T150000Z_mapping262_patient_v1/CAMP_relations262.tsv	5f78d08a696d5fac3d95c697b0eb05358cfa1868	EXACT_COLUMN_COPY_NO_RECALCULATION
BRCA	CAMP_BRCA1_Terunuma	03_PATIENT	20260921T150000Z_mapping262_patient_v1	mapping262_patient_v1	available_Spearman262	KEGG:C00049	aspartate	GOT1	author_case_row	60.0	NA	Spearman_rho	0.1499861072520145	-0.1107953275235675	0.4129769963255487	0.2559	0.5525702479338843	available_Spearman262	255.0	DONE	same_cohort_postselection;RNA_not_flux	CAMP_GSE37751_original_author_case_table	results/BRCA/03_PATIENT/20260921T150000Z_mapping262_patient_v1/CAMP_relations262.tsv	5f78d08a696d5fac3d95c697b0eb05358cfa1868	EXACT_COLUMN_COPY_NO_RECALCULATION
BRCA	CAMP_BRCA1_Terunuma	03_PATIENT	20260921T150000Z_mapping262_patient_v1	mapping262_patient_v1	processed_Spearman262	KEGG:C00049	aspartate	GOT2	author_case_row	60.0	NA	Spearman_rho	0.3039733259238678	0.0461550035499768	0.5287434428029267	0.0179	0.11132926829268291	processed_Spearman262	255.0	DONE	same_cohort_postselection;RNA_not_flux	CAMP_GSE37751_original_author_case_table	results/BRCA/03_PATIENT/20260921T150000Z_mapping262_patient_v1/CAMP_relations262.tsv	5f78d08a696d5fac3d95c697b0eb05358cfa1868	EXACT_COLUMN_COPY_NO_RECALCULATION
BRCA	CAMP_BRCA1_Terunuma	03_PATIENT	20260921T150000Z_mapping262_patient_v1	mapping262_patient_v1	available_Spearman262	KEGG:C00049	aspartate	GOT2	author_case_row	60.0	NA	Spearman_rho	0.3039733259238678	0.0306188058009305	0.526940178709205	0.0195	0.15068181818181817	available_Spearman262	255.0	DONE	same_cohort_postselection;RNA_not_flux	CAMP_GSE37751_original_author_case_table	results/BRCA/03_PATIENT/20260921T150000Z_mapping262_patient_v1/CAMP_relations262.tsv	5f78d08a696d5fac3d95c697b0eb05358cfa1868	EXACT_COLUMN_COPY_NO_RECALCULATION
BRCA	CAMP_BRCA1_Terunuma	03_PATIENT	20260921T150000Z_mapping262_patient_v1	mapping262_patient_v1	processed_Spearman262	KEGG:C00051	glutathione, reduced (GSH)	GSR	author_case_row	60.0	NA	Spearman_rho	0.0123674964951497	-0.2484124873280865	0.2834635495899415	0.9282	0.9740370370370371	processed_Spearman262	255.0	DONE	same_cohort_postselection;RNA_not_flux	CAMP_GSE37751_original_author_case_table	results/BRCA/03_PATIENT/20260921T150000Z_mapping262_patient_v1/CAMP_relations262.tsv	5f78d08a696d5fac3d95c697b0eb05358cfa1868	EXACT_COLUMN_COPY_NO_RECALCULATION
BRCA	CAMP_BRCA1_Terunuma	03_PATIENT	20260921T150000Z_mapping262_patient_v1	mapping262_patient_v1	available_Spearman262	KEGG:C00051	glutathione, reduced (GSH)	GSR	author_case_row	42.0	NA	Spearman_rho	-0.0311968235961429	-0.3475620776209662	0.3024981865121215	0.8409	0.9336753246753247	available_Spearman262	255.0	DONE	same_cohort_postselection;RNA_not_flux	CAMP_GSE37751_original_author_case_table	results/BRCA/03_PATIENT/20260921T150000Z_mapping262_patient_v1/CAMP_relations262.tsv	5f78d08a696d5fac3d95c697b0eb05358cfa1868	EXACT_COLUMN_COPY_NO_RECALCULATION
BRCA	CAMP_BRCA1_Terunuma	03_PATIENT	20260921T150000Z_mapping262_patient_v1	mapping262_patient_v1	processed_Spearman262	KEGG:C00051	glutathione, reduced (GSH)	GSS	author_case_row	60.0	NA	Spearman_rho	-0.1433838977223067	-0.4105008049890059	0.1333431820133581	0.2728	0.5230375939849623	processed_Spearman262	255.0	DONE	same_cohort_postselection;RNA_not_flux	CAMP_GSE37751_original_author_case_table	results/BRCA/03_PATIENT/20260921T150000Z_mapping262_patient_v1/CAMP_relations262.tsv	5f78d08a696d5fac3d95c697b0eb05358cfa1868	EXACT_COLUMN_COPY_NO_RECALCULATION
BRCA	CAMP_BRCA1_Terunuma	03_PATIENT	20260921T150000Z_mapping262_patient_v1	mapping262_patient_v1	available_Spearman262	KEGG:C00051	glutathione, reduced (GSH)	GSS	author_case_row	42.0	NA	Spearman_rho	-0.1070415687545579	-0.4306656776682728	0.2427065425700061	0.5006	0.7167868852459016	available_Spearman262	255.0	DONE	same_cohort_postselection;RNA_not_flux	CAMP_GSE37751_original_author_case_table	results/BRCA/03_PATIENT/20260921T150000Z_mapping262_patient_v1/CAMP_relations262.tsv	5f78d08a696d5fac3d95c697b0eb05358cfa1868	EXACT_COLUMN_COPY_NO_RECALCULATION
BRCA	CAMP_BRCA1_Terunuma	03_PATIENT	20260921T150000Z_mapping262_patient_v1	mapping262_patient_v1	processed_Spearman262	KEGG:C00055	cytidine 5'-monophosphate (5'-CMP)	CEPT1	author_case_row	60.0	NA	Spearman_rho	0.2487617445713907	-0.0030934146502032	0.4791940692010992	0.06	0.20434	processed_Spearman262	255.0	DONE	same_cohort_postselection;RNA_not_flux	CAMP_GSE37751_original_author_case_table	results/BRCA/03_PATIENT/20260921T150000Z_mapping262_patient_v1/CAMP_relations262.tsv	5f78d08a696d5fac3d95c697b0eb05358cfa1868	EXACT_COLUMN_COPY_NO_RECALCULATION
BRCA	CAMP_BRCA1_Terunuma	03_PATIENT	20260921T150000Z_mapping262_patient_v1	mapping262_patient_v1	available_Spearman262	KEGG:C00055	cytidine 5'-monophosphate (5'-CMP)	CEPT1	author_case_row	42.0	NA	Spearman_rho	0.1373470545336682	-0.1767156524046944	0.4297880942639326	0.3795	0.6325000000000001	available_Spearman262	255.0	DONE	same_cohort_postselection;RNA_not_flux	CAMP_GSE37751_original_author_case_table	results/BRCA/03_PATIENT/20260921T150000Z_mapping262_patient_v1/CAMP_relations262.tsv	5f78d08a696d5fac3d95c697b0eb05358cfa1868	EXACT_COLUMN_COPY_NO_RECALCULATION
BRCA	CAMP_BRCA1_Terunuma	03_PATIENT	20260921T150000Z_mapping262_patient_v1	mapping262_patient_v1	processed_Spearman262	KEGG:C00055	cytidine 5'-monophosphate (5'-CMP)	CHPT1	author_case_row	60.0	NA	Spearman_rho	-0.1119286669104418	-0.3510109078816977	0.1415124910285289	0.4015	0.6205	processed_Spearman262	255.0	DONE	same_cohort_postselection;RNA_not_flux	CAMP_GSE37751_original_author_case_table	results/BRCA/03_PATIENT/20260921T150000Z_mapping262_patient_v1/CAMP_relations262.tsv	5f78d08a696d5fac3d95c697b0eb05358cfa1868	EXACT_COLUMN_COPY_NO_RECALCULATION
BRCA	CAMP_BRCA1_Terunuma	03_PATIENT	20260921T150000Z_mapping262_patient_v1	mapping262_patient_v1	available_Spearman262	KEGG:C00055	cytidine 5'-monophosphate (5'-CMP)	CHPT1	author_case_row	42.0	NA	Spearman_rho	-0.1128757799205899	-0.4203614802606922	0.1981244068520123	0.471	0.6982848837209301	available_Spearman262	255.0	DONE	same_cohort_postselection;RNA_not_flux	CAMP_GSE37751_original_author_case_table	results/BRCA/03_PATIENT/20260921T150000Z_mapping262_patient_v1/CAMP_relations262.tsv	5f78d08a696d5fac3d95c697b0eb05358cfa1868	EXACT_COLUMN_COPY_NO_RECALCULATION
BRCA	CAMP_BRCA1_Terunuma	03_PATIENT	20260921T150000Z_mapping262_patient_v1	mapping262_patient_v1	processed_Spearman262	KEGG:C00055	cytidine 5'-monophosphate (5'-CMP)	CMPK1	author_case_row	60.0	NA	Spearman_rho	0.0401520091691847	-0.2279713913671397	0.3085737468678766	0.7621	0.859891592920354	processed_Spearman262	255.0	DONE	same_cohort_postselection;RNA_not_flux	CAMP_GSE37751_original_author_case_table	results/BRCA/03_PATIENT/20260921T150000Z_mapping262_patient_v1/CAMP_relations262.tsv	5f78d08a696d5fac3d95c697b0eb05358cfa1868	EXACT_COLUMN_COPY_NO_RECALCULATION
BRCA	CAMP_BRCA1_Terunuma	03_PATIENT	20260921T150000Z_mapping262_patient_v1	mapping262_patient_v1	available_Spearman262	KEGG:C00055	cytidine 5'-monophosphate (5'-CMP)	CMPK1	author_case_row	42.0	NA	Spearman_rho	-0.0418928774005348	-0.3844871031850236	0.3042481381257765	0.7947	0.9163991031390134	available_Spearman262	255.0	DONE	same_cohort_postselection;RNA_not_flux	CAMP_GSE37751_original_author_case_table	results/BRCA/03_PATIENT/20260921T150000Z_mapping262_patient_v1/CAMP_relations262.tsv	5f78d08a696d5fac3d95c697b0eb05358cfa1868	EXACT_COLUMN_COPY_NO_RECALCULATION
BRCA	CAMP_BRCA1_Terunuma	03_PATIENT	20260921T150000Z_mapping262_patient_v1	mapping262_patient_v1	processed_Spearman262	KEGG:C00055	cytidine 5'-monophosphate (5'-CMP)	CMPK2	author_case_row	60.0	NA	Spearman_rho	0.0026542115765846	-0.2432234580171993	0.2521612660865736	0.9842	0.9916889763779527	processed_Spearman262	255.0	DONE	same_cohort_postselection;RNA_not_flux	CAMP_GSE37751_original_author_case_table	results/BRCA/03_PATIENT/20260921T150000Z_mapping262_patient_v1/CAMP_relations262.tsv	5f78d08a696d5fac3d95c697b0eb05358cfa1868	EXACT_COLUMN_COPY_NO_RECALCULATION
BRCA	CAMP_BRCA1_Terunuma	03_PATIENT	20260921T150000Z_mapping262_patient_v1	mapping262_patient_v1	available_Spearman262	KEGG:C00055	cytidine 5'-monophosphate (5'-CMP)	CMPK2	author_case_row	42.0	NA	Spearman_rho	0.1094724900737379	-0.2043292401491082	0.4065821618349164	0.49	0.714	available_Spearman262	255.0	DONE	same_cohort_postselection;RNA_not_flux	CAMP_GSE37751_original_author_case_table	results/BRCA/03_PATIENT/20260921T150000Z_mapping262_patient_v1/CAMP_relations262.tsv	5f78d08a696d5fac3d95c697b0eb05358cfa1868	EXACT_COLUMN_COPY_NO_RECALCULATION
BRCA	CAMP_BRCA1_Terunuma	03_PATIENT	20260921T150000Z_mapping262_patient_v1	mapping262_patient_v1	processed_Spearman262	KEGG:C00062	arginine	ARG1	author_case_row	60.0	NA	Spearman_rho	-0.1199222006112809	-0.3866900652342878	0.1624499362586186	0.3594	0.5761748466257669	processed_Spearman262	255.0	DONE	same_cohort_postselection;RNA_not_flux	CAMP_GSE37751_original_author_case_table	results/BRCA/03_PATIENT/20260921T150000Z_mapping262_patient_v1/CAMP_relations262.tsv	5f78d08a696d5fac3d95c697b0eb05358cfa1868	EXACT_COLUMN_COPY_NO_RECALCULATION
BRCA	CAMP_BRCA1_Terunuma	03_PATIENT	20260921T150000Z_mapping262_patient_v1	mapping262_patient_v1	available_Spearman262	KEGG:C00062	arginine	ARG1	author_case_row	60.0	NA	Spearman_rho	-0.1199222006112809	-0.3973960281556554	0.165027652387832	0.3552	0.6161632653061225	available_Spearman262	255.0	DONE	same_cohort_postselection;RNA_not_flux	CAMP_GSE37751_original_author_case_table	results/BRCA/03_PATIENT/20260921T150000Z_mapping262_patient_v1/CAMP_relations262.tsv	5f78d08a696d5fac3d95c697b0eb05358cfa1868	EXACT_COLUMN_COPY_NO_RECALCULATION
BRCA	CAMP_BRCA1_Terunuma	03_PATIENT	20260921T150000Z_mapping262_patient_v1	mapping262_patient_v1	processed_Spearman262	KEGG:C00062	arginine	ARG2	author_case_row	60.0	NA	Spearman_rho	-0.2333425951653237	-0.4549264100636085	0.0056528511809267	0.0721	0.22670121951219513	processed_Spearman262	255.0	DONE	same_cohort_postselection;RNA_not_flux	CAMP_GSE37751_original_author_case_table	results/BRCA/03_PATIENT/20260921T150000Z_mapping262_patient_v1/CAMP_relations262.tsv	5f78d08a696d5fac3d95c697b0eb05358cfa1868	EXACT_COLUMN_COPY_NO_RECALCULATION
BRCA	CAMP_BRCA1_Terunuma	03_PATIENT	20260921T150000Z_mapping262_patient_v1	mapping262_patient_v1	available_Spearman262	KEGG:C00062	arginine	ARG2	author_case_row	60.0	NA	Spearman_rho	-0.2333425951653237	-0.4648842989980732	0.0066241014757433	0.0764	0.26687671232876714	available_Spearman262	255.0	DONE	same_cohort_postselection;RNA_not_flux	CAMP_GSE37751_original_author_case_table	results/BRCA/03_PATIENT/20260921T150000Z_mapping262_patient_v1/CAMP_relations262.tsv	5f78d08a696d5fac3d95c697b0eb05358cfa1868	EXACT_COLUMN_COPY_NO_RECALCULATION
BRCA	CAMP_BRCA1_Terunuma	03_PATIENT	20260921T150000Z_mapping262_patient_v1	mapping262_patient_v1	processed_Spearman262	KEGG:C00064	glutamine	ASNS	author_case_row	60.0	NA	Spearman_rho	-0.4397888302306197	-0.6320325827869804	-0.2029944909168789	0.0005	0.019125	processed_Spearman262	255.0	DONE	same_cohort_postselection;RNA_not_flux	CAMP_GSE37751_original_author_case_table	results/BRCA/03_PATIENT/20260921T150000Z_mapping262_patient_v1/CAMP_relations262.tsv	5f78d08a696d5fac3d95c697b0eb05358cfa1868	EXACT_COLUMN_COPY_NO_RECALCULATION
BRCA	CAMP_BRCA1_Terunuma	03_PATIENT	20260921T150000Z_mapping262_patient_v1	mapping262_patient_v1	available_Spearman262	KEGG:C00064	glutamine	ASNS	author_case_row	60.0	NA	Spearman_rho	-0.4397888302306197	-0.620087771458352	-0.2014354366494602	0.0006	0.0286875	available_Spearman262	255.0	DONE	same_cohort_postselection;RNA_not_flux	CAMP_GSE37751_original_author_case_table	results/BRCA/03_PATIENT/20260921T150000Z_mapping262_patient_v1/CAMP_relations262.tsv	5f78d08a696d5fac3d95c697b0eb05358cfa1868	EXACT_COLUMN_COPY_NO_RECALCULATION
BRCA	CAMP_BRCA1_Terunuma	03_PATIENT	20260921T150000Z_mapping262_patient_v1	mapping262_patient_v1	processed_Spearman262	KEGG:C00064	glutamine	GLS	author_case_row	60.0	NA	Spearman_rho	-0.2172825784940261	-0.4547115637220345	0.0496103650396853	0.0979	0.2655797872340425	processed_Spearman262	255.0	DONE	same_cohort_postselection;RNA_not_flux	CAMP_GSE37751_original_author_case_table	results/BRCA/03_PATIENT/20260921T150000Z_mapping262_patient_v1/CAMP_relations262.tsv	5f78d08a696d5fac3d95c697b0eb05358cfa1868	EXACT_COLUMN_COPY_NO_RECALCULATION
BRCA	CAMP_BRCA1_Terunuma	03_PATIENT	20260921T150000Z_mapping262_patient_v1	mapping262_patient_v1	available_Spearman262	KEGG:C00064	glutamine	GLS	author_case_row	60.0	NA	Spearman_rho	-0.2172825784940261	-0.4644165064348806	0.0558689155635353	0.0947	0.2981296296296297	available_Spearman262	255.0	DONE	same_cohort_postselection;RNA_not_flux	CAMP_GSE37751_original_author_case_table	results/BRCA/03_PATIENT/20260921T150000Z_mapping262_patient_v1/CAMP_relations262.tsv	5f78d08a696d5fac3d95c697b0eb05358cfa1868	EXACT_COLUMN_COPY_NO_RECALCULATION
BRCA	CAMP_BRCA1_Terunuma	03_PATIENT	20260921T150000Z_mapping262_patient_v1	mapping262_patient_v1	processed_Spearman262	KEGG:C00064	glutamine	GLS2	author_case_row	60.0	NA	Spearman_rho	0.2330091692136705	-0.0192321466426456	0.4673925417827133	0.0729	0.22670121951219513	processed_Spearman262	255.0	DONE	same_cohort_postselection;RNA_not_flux	CAMP_GSE37751_original_author_case_table	results/BRCA/03_PATIENT/20260921T150000Z_mapping262_patient_v1/CAMP_relations262.tsv	5f78d08a696d5fac3d95c697b0eb05358cfa1868	EXACT_COLUMN_COPY_NO_RECALCULATION
BRCA	CAMP_BRCA1_Terunuma	03_PATIENT	20260921T150000Z_mapping262_patient_v1	mapping262_patient_v1	available_Spearman262	KEGG:C00064	glutamine	GLS2	author_case_row	60.0	NA	Spearman_rho	0.2330091692136705	-0.0216484502425841	0.4595604057849877	0.0699	0.2546357142857143	available_Spearman262	255.0	DONE	same_cohort_postselection;RNA_not_flux	CAMP_GSE37751_original_author_case_table	results/BRCA/03_PATIENT/20260921T150000Z_mapping262_patient_v1/CAMP_relations262.tsv	5f78d08a696d5fac3d95c697b0eb05358cfa1868	EXACT_COLUMN_COPY_NO_RECALCULATION
BRCA	CAMP_BRCA1_Terunuma	03_PATIENT	20260921T150000Z_mapping262_patient_v1	mapping262_patient_v1	processed_Spearman262	KEGG:C00064	glutamine	GLUL	author_case_row	60.0	NA	Spearman_rho	-0.0499027507641011	-0.3174563290067409	0.2235406655363299	0.7025	0.8410211267605634	processed_Spearman262	255.0	DONE	same_cohort_postselection;RNA_not_flux	CAMP_GSE37751_original_author_case_table	results/BRCA/03_PATIENT/20260921T150000Z_mapping262_patient_v1/CAMP_relations262.tsv	5f78d08a696d5fac3d95c697b0eb05358cfa1868	EXACT_COLUMN_COPY_NO_RECALCULATION
BRCA	CAMP_BRCA1_Terunuma	03_PATIENT	20260921T150000Z_mapping262_patient_v1	mapping262_patient_v1	available_Spearman262	KEGG:C00064	glutamine	GLUL	author_case_row	60.0	NA	Spearman_rho	-0.0499027507641011	-0.3006500523256297	0.2252747864318112	0.7051	0.8586611374407583	available_Spearman262	255.0	DONE	same_cohort_postselection;RNA_not_flux	CAMP_GSE37751_original_author_case_table	results/BRCA/03_PATIENT/20260921T150000Z_mapping262_patient_v1/CAMP_relations262.tsv	5f78d08a696d5fac3d95c697b0eb05358cfa1868	EXACT_COLUMN_COPY_NO_RECALCULATION
BRCA	CAMP_BRCA1_Terunuma	03_PATIENT	20260921T150000Z_mapping262_patient_v1	mapping262_patient_v1	processed_Spearman262	KEGG:C00065	serine	SHMT1	author_case_row	60.0	NA	Spearman_rho	-0.1240900250069464	-0.3670430330970723	0.1459725210301007	0.3444	0.574	processed_Spearman262	255.0	DONE	same_cohort_postselection;RNA_not_flux	CAMP_GSE37751_original_author_case_table	results/BRCA/03_PATIENT/20260921T150000Z_mapping262_patient_v1/CAMP_relations262.tsv	5f78d08a696d5fac3d95c697b0eb05358cfa1868	EXACT_COLUMN_COPY_NO_RECALCULATION
BRCA	CAMP_BRCA1_Terunuma	03_PATIENT	20260921T150000Z_mapping262_patient_v1	mapping262_patient_v1	available_Spearman262	KEGG:C00065	serine	SHMT1	author_case_row	60.0	NA	Spearman_rho	-0.1240900250069464	-0.3729939070508594	0.1470069595439102	0.3402	0.6152553191489362	available_Spearman262	255.0	DONE	same_cohort_postselection;RNA_not_flux	CAMP_GSE37751_original_author_case_table	results/BRCA/03_PATIENT/20260921T150000Z_mapping262_patient_v1/CAMP_relations262.tsv	5f78d08a696d5fac3d95c697b0eb05358cfa1868	EXACT_COLUMN_COPY_NO_RECALCULATION
BRCA	CAMP_BRCA1_Terunuma	03_PATIENT	20260921T150000Z_mapping262_patient_v1	mapping262_patient_v1	processed_Spearman262	KEGG:C00065	serine	SHMT2	author_case_row	60.0	NA	Spearman_rho	-0.1168657960544595	-0.3624561277207567	0.1501319484474226	0.3683	0.5761748466257669	processed_Spearman262	255.0	DONE	same_cohort_postselection;RNA_not_flux	CAMP_GSE37751_original_author_case_table	results/BRCA/03_PATIENT/20260921T150000Z_mapping262_patient_v1/CAMP_relations262.tsv	5f78d08a696d5fac3d95c697b0eb05358cfa1868	EXACT_COLUMN_COPY_NO_RECALCULATION
BRCA	CAMP_BRCA1_Terunuma	03_PATIENT	20260921T150000Z_mapping262_patient_v1	mapping262_patient_v1	available_Spearman262	KEGG:C00065	serine	SHMT2	author_case_row	60.0	NA	Spearman_rho	-0.1168657960544595	-0.3618892851443133	0.1493441104827516	0.3713	0.6229046052631579	available_Spearman262	255.0	DONE	same_cohort_postselection;RNA_not_flux	CAMP_GSE37751_original_author_case_table	results/BRCA/03_PATIENT/20260921T150000Z_mapping262_patient_v1/CAMP_relations262.tsv	5f78d08a696d5fac3d95c697b0eb05358cfa1868	EXACT_COLUMN_COPY_NO_RECALCULATION
BRCA	CAMP_BRCA1_Terunuma	03_PATIENT	20260921T150000Z_mapping262_patient_v1	mapping262_patient_v1	processed_Spearman262	KEGG:C00077	ornithine	ARG1	author_case_row	60.0	NA	Spearman_rho	-0.2735759933314809	-0.5000667620577894	-0.0145947387589039	0.0347	0.16386111111111112	processed_Spearman262	255.0	DONE	same_cohort_postselection;RNA_not_flux	CAMP_GSE37751_original_author_case_table	results/BRCA/03_PATIENT/20260921T150000Z_mapping262_patient_v1/CAMP_relations262.tsv	5f78d08a696d5fac3d95c697b0eb05358cfa1868	EXACT_COLUMN_COPY_NO_RECALCULATION
BRCA	CAMP_BRCA1_Terunuma	03_PATIENT	20260921T150000Z_mapping262_patient_v1	mapping262_patient_v1	available_Spearman262	KEGG:C00077	ornithine	ARG1	author_case_row	60.0	NA	Spearman_rho	-0.2735759933314809	-0.4990551989464163	-0.004550692213522	0.036	0.19178125000000001	available_Spearman262	255.0	DONE	same_cohort_postselection;RNA_not_flux	CAMP_GSE37751_original_author_case_table	results/BRCA/03_PATIENT/20260921T150000Z_mapping262_patient_v1/CAMP_relations262.tsv	5f78d08a696d5fac3d95c697b0eb05358cfa1868	EXACT_COLUMN_COPY_NO_RECALCULATION
BRCA	CAMP_BRCA1_Terunuma	03_PATIENT	20260921T150000Z_mapping262_patient_v1	mapping262_patient_v1	processed_Spearman262	KEGG:C00077	ornithine	ARG2	author_case_row	60.0	NA	Spearman_rho	0.1958321756043345	-0.0863909156916622	0.4504568501971557	0.1336	0.3211111111111111	processed_Spearman262	255.0	DONE	same_cohort_postselection;RNA_not_flux	CAMP_GSE37751_original_author_case_table	results/BRCA/03_PATIENT/20260921T150000Z_mapping262_patient_v1/CAMP_relations262.tsv	5f78d08a696d5fac3d95c697b0eb05358cfa1868	EXACT_COLUMN_COPY_NO_RECALCULATION
BRCA	CAMP_BRCA1_Terunuma	03_PATIENT	20260921T150000Z_mapping262_patient_v1	mapping262_patient_v1	available_Spearman262	KEGG:C00077	ornithine	ARG2	author_case_row	60.0	NA	Spearman_rho	0.1958321756043345	-0.0947367124143651	0.4532993733554555	0.1291	0.3606032608695652	available_Spearman262	255.0	DONE	same_cohort_postselection;RNA_not_flux	CAMP_GSE37751_original_author_case_table	results/BRCA/03_PATIENT/20260921T150000Z_mapping262_patient_v1/CAMP_relations262.tsv	5f78d08a696d5fac3d95c697b0eb05358cfa1868	EXACT_COLUMN_COPY_NO_RECALCULATION
BRCA	CAMP_BRCA1_Terunuma	03_PATIENT	20260921T150000Z_mapping262_patient_v1	mapping262_patient_v1	processed_Spearman262	KEGG:C00077	ornithine	OAT	author_case_row	60.0	NA	Spearman_rho	-0.0340094470686301	-0.2614696743496015	0.2022826578026759	0.7951	0.8756831896551723	processed_Spearman262	255.0	DONE	same_cohort_postselection;RNA_not_flux	CAMP_GSE37751_original_author_case_table	results/BRCA/03_PATIENT/20260921T150000Z_mapping262_patient_v1/CAMP_relations262.tsv	5f78d08a696d5fac3d95c697b0eb05358cfa1868	EXACT_COLUMN_COPY_NO_RECALCULATION
BRCA	CAMP_BRCA1_Terunuma	03_PATIENT	20260921T150000Z_mapping262_patient_v1	mapping262_patient_v1	available_Spearman262	KEGG:C00077	ornithine	OAT	author_case_row	60.0	NA	Spearman_rho	-0.0340094470686301	-0.2706386242644683	0.2107984039516407	0.7981	0.9163991031390134	available_Spearman262	255.0	DONE	same_cohort_postselection;RNA_not_flux	CAMP_GSE37751_original_author_case_table	results/BRCA/03_PATIENT/20260921T150000Z_mapping262_patient_v1/CAMP_relations262.tsv	5f78d08a696d5fac3d95c697b0eb05358cfa1868	EXACT_COLUMN_COPY_NO_RECALCULATION
BRCA	CAMP_BRCA1_Terunuma	03_PATIENT	20260921T150000Z_mapping262_patient_v1	mapping262_patient_v1	processed_Spearman262	KEGG:C00077	ornithine	ODC1	author_case_row	60.0	NA	Spearman_rho	0.2192275632120033	-0.040425605011675	0.4476168897426518	0.0932	0.2615806451612903	processed_Spearman262	255.0	DONE	same_cohort_postselection;RNA_not_flux	CAMP_GSE37751_original_author_case_table	results/BRCA/03_PATIENT/20260921T150000Z_mapping262_patient_v1/CAMP_relations262.tsv	5f78d08a696d5fac3d95c697b0eb05358cfa1868	EXACT_COLUMN_COPY_NO_RECALCULATION
BRCA	CAMP_BRCA1_Terunuma	03_PATIENT	20260921T150000Z_mapping262_patient_v1	mapping262_patient_v1	available_Spearman262	KEGG:C00077	ornithine	ODC1	author_case_row	60.0	NA	Spearman_rho	0.2192275632120033	-0.0316965158518935	0.4484719134184889	0.0896	0.29672727272727273	available_Spearman262	255.0	DONE	same_cohort_postselection;RNA_not_flux	CAMP_GSE37751_original_author_case_table	results/BRCA/03_PATIENT/20260921T150000Z_mapping262_patient_v1/CAMP_relations262.tsv	5f78d08a696d5fac3d95c697b0eb05358cfa1868	EXACT_COLUMN_COPY_NO_RECALCULATION
BRCA	CAMP_BRCA1_Terunuma	03_PATIENT	20260921T150000Z_mapping262_patient_v1	mapping262_patient_v1	processed_Spearman262	KEGG:C00077	ornithine	OTC	author_case_row	60.0	NA	Spearman_rho	0.1015837732703529	-0.1503035907829356	0.360641800886888	0.4342	0.6533070175438597	processed_Spearman262	255.0	DONE	same_cohort_postselection;RNA_not_flux	CAMP_GSE37751_original_author_case_table	results/BRCA/03_PATIENT/20260921T150000Z_mapping262_patient_v1/CAMP_relations262.tsv	5f78d08a696d5fac3d95c697b0eb05358cfa1868	EXACT_COLUMN_COPY_NO_RECALCULATION
BRCA	CAMP_BRCA1_Terunuma	03_PATIENT	20260921T150000Z_mapping262_patient_v1	mapping262_patient_v1	available_Spearman262	KEGG:C00077	ornithine	OTC	author_case_row	60.0	NA	Spearman_rho	0.1015837732703529	-0.1575820024360524	0.3376397588243768	0.4425	0.6848571428571428	available_Spearman262	255.0	DONE	same_cohort_postselection;RNA_not_flux	CAMP_GSE37751_original_author_case_table	results/BRCA/03_PATIENT/20260921T150000Z_mapping262_patient_v1/CAMP_relations262.tsv	5f78d08a696d5fac3d95c697b0eb05358cfa1868	EXACT_COLUMN_COPY_NO_RECALCULATION
BRCA	CAMP_BRCA1_Terunuma	03_PATIENT	20260921T150000Z_mapping262_patient_v1	mapping262_patient_v1	processed_Spearman262	KEGG:C00095	fructose	KHK	author_case_row	60.0	NA	Spearman_rho	0.1641949325750362	-0.1088214728353673	0.4090642343890108	0.2094	0.44129752066115707	processed_Spearman262	255.0	DONE	same_cohort_postselection;RNA_not_flux	CAMP_GSE37751_original_author_case_table	results/BRCA/03_PATIENT/20260921T150000Z_mapping262_patient_v1/CAMP_relations262.tsv	5f78d08a696d5fac3d95c697b0eb05358cfa1868	EXACT_COLUMN_COPY_NO_RECALCULATION
BRCA	CAMP_BRCA1_Terunuma	03_PATIENT	20260921T150000Z_mapping262_patient_v1	mapping262_patient_v1	available_Spearman262	KEGG:C00095	fructose	KHK	author_case_row	44.0	NA	Spearman_rho	0.1884425651867512	-0.1170678175444186	0.4771594193966585	0.2133	0.4990045871559633	available_Spearman262	255.0	DONE	same_cohort_postselection;RNA_not_flux	CAMP_GSE37751_original_author_case_table	results/BRCA/03_PATIENT/20260921T150000Z_mapping262_patient_v1/CAMP_relations262.tsv	5f78d08a696d5fac3d95c697b0eb05358cfa1868	EXACT_COLUMN_COPY_NO_RECALCULATION
BRCA	CAMP_BRCA1_Terunuma	03_PATIENT	20260921T150000Z_mapping262_patient_v1	mapping262_patient_v1	processed_Spearman262	KEGG:C00095	fructose	SORD	author_case_row	60.0	NA	Spearman_rho	0.4040510699586992	0.1696829291146057	0.5996976576855376	0.0022	0.04553571428571429	processed_Spearman262	255.0	DONE	same_cohort_postselection;RNA_not_flux	CAMP_GSE37751_original_author_case_table	results/BRCA/03_PATIENT/20260921T150000Z_mapping262_patient_v1/CAMP_relations262.tsv	5f78d08a696d5fac3d95c697b0eb05358cfa1868	EXACT_COLUMN_COPY_NO_RECALCULATION
BRCA	CAMP_BRCA1_Terunuma	03_PATIENT	20260921T150000Z_mapping262_patient_v1	mapping262_patient_v1	available_Spearman262	KEGG:C00095	fructose	SORD	author_case_row	44.0	NA	Spearman_rho	0.2790697674418604	-0.0371500401282185	0.5366524161667069	0.065	0.24021739130434785	available_Spearman262	255.0	DONE	same_cohort_postselection;RNA_not_flux	CAMP_GSE37751_original_author_case_table	results/BRCA/03_PATIENT/20260921T150000Z_mapping262_patient_v1/CAMP_relations262.tsv	5f78d08a696d5fac3d95c697b0eb05358cfa1868	EXACT_COLUMN_COPY_NO_RECALCULATION
BRCA	CAMP_BRCA1_Terunuma	03_PATIENT	20260921T150000Z_mapping262_patient_v1	mapping262_patient_v1	processed_Spearman262	KEGG:C00097	cysteine	CDO1	author_case_row	60.0	NA	Spearman_rho	-0.2885801611558766	-0.5188067872292162	-0.0439327057093968	0.0246	0.14080434782608695	processed_Spearman262	255.0	DONE	same_cohort_postselection;RNA_not_flux	CAMP_GSE37751_original_author_case_table	results/BRCA/03_PATIENT/20260921T150000Z_mapping262_patient_v1/CAMP_relations262.tsv	5f78d08a696d5fac3d95c697b0eb05358cfa1868	EXACT_COLUMN_COPY_NO_RECALCULATION
BRCA	CAMP_BRCA1_Terunuma	03_PATIENT	20260921T150000Z_mapping262_patient_v1	mapping262_patient_v1	available_Spearman262	KEGG:C00097	cysteine	CDO1	author_case_row	59.0	NA	Spearman_rho	-0.2529514903565167	-0.4892935013104118	-0.001541073667621	0.0542	0.23425423728813558	available_Spearman262	255.0	DONE	same_cohort_postselection;RNA_not_flux	CAMP_GSE37751_original_author_case_table	results/BRCA/03_PATIENT/20260921T150000Z_mapping262_patient_v1/CAMP_relations262.tsv	5f78d08a696d5fac3d95c697b0eb05358cfa1868	EXACT_COLUMN_COPY_NO_RECALCULATION
BRCA	CAMP_BRCA1_Terunuma	03_PATIENT	20260921T150000Z_mapping262_patient_v1	mapping262_patient_v1	processed_Spearman262	KEGG:C00097	cysteine	GCLC	author_case_row	60.0	NA	Spearman_rho	0.1285912753542651	-0.1304545540928329	0.3800924724306999	0.3314	0.574	processed_Spearman262	255.0	DONE	same_cohort_postselection;RNA_not_flux	CAMP_GSE37751_original_author_case_table	results/BRCA/03_PATIENT/20260921T150000Z_mapping262_patient_v1/CAMP_relations262.tsv	5f78d08a696d5fac3d95c697b0eb05358cfa1868	EXACT_COLUMN_COPY_NO_RECALCULATION
BRCA	CAMP_BRCA1_Terunuma	03_PATIENT	20260921T150000Z_mapping262_patient_v1	mapping262_patient_v1	available_Spearman262	KEGG:C00097	cysteine	GCLC	author_case_row	59.0	NA	Spearman_rho	0.1195791934541204	-0.143114332486956	0.3645789782059092	0.3669	0.6223013245033112	available_Spearman262	255.0	DONE	same_cohort_postselection;RNA_not_flux	CAMP_GSE37751_original_author_case_table	results/BRCA/03_PATIENT/20260921T150000Z_mapping262_patient_v1/CAMP_relations262.tsv	5f78d08a696d5fac3d95c697b0eb05358cfa1868	EXACT_COLUMN_COPY_NO_RECALCULATION
BRCA	CAMP_BRCA1_Terunuma	03_PATIENT	20260921T150000Z_mapping262_patient_v1	mapping262_patient_v1	processed_Spearman262	KEGG:C00099	beta-alanine	UPB1	author_case_row	60.0	NA	Spearman_rho	-0.2472105211440883	-0.4728666963803953	0.0026043192429207	0.0543	0.1923125	processed_Spearman262	255.0	DONE	same_cohort_postselection;RNA_not_flux	CAMP_GSE37751_original_author_case_table	results/BRCA/03_PATIENT/20260921T150000Z_mapping262_patient_v1/CAMP_relations262.tsv	5f78d08a696d5fac3d95c697b0eb05358cfa1868	EXACT_COLUMN_COPY_NO_RECALCULATION
BRCA	CAMP_BRCA1_Terunuma	03_PATIENT	20260921T150000Z_mapping262_patient_v1	mapping262_patient_v1	available_Spearman262	KEGG:C00099	beta-alanine	UPB1	author_case_row	48.0	NA	Spearman_rho	-0.2857142857142857	-0.5241379912677767	-0.0234733390498398	0.0463	0.2193	available_Spearman262	255.0	DONE	same_cohort_postselection;RNA_not_flux	CAMP_GSE37751_original_author_case_table	results/BRCA/03_PATIENT/20260921T150000Z_mapping262_patient_v1/CAMP_relations262.tsv	5f78d08a696d5fac3d95c697b0eb05358cfa1868	EXACT_COLUMN_COPY_NO_RECALCULATION
BRCA	CAMP_BRCA1_Terunuma	03_PATIENT	20260921T150000Z_mapping262_patient_v1	mapping262_patient_v1	processed_Spearman262	KEGG:C00106	uracil	DPYD	author_case_row	60.0	NA	Spearman_rho	-0.2874687413170326	-0.4890187910104834	-0.056849824354519	0.0254	0.14080434782608695	processed_Spearman262	255.0	DONE	same_cohort_postselection;RNA_not_flux	CAMP_GSE37751_original_author_case_table	results/BRCA/03_PATIENT/20260921T150000Z_mapping262_patient_v1/CAMP_relations262.tsv	5f78d08a696d5fac3d95c697b0eb05358cfa1868	EXACT_COLUMN_COPY_NO_RECALCULATION
BRCA	CAMP_BRCA1_Terunuma	03_PATIENT	20260921T150000Z_mapping262_patient_v1	mapping262_patient_v1	available_Spearman262	KEGG:C00106	uracil	DPYD	author_case_row	60.0	NA	Spearman_rho	-0.2874687413170326	-0.4958854057279711	-0.0497938334083852	0.0248	0.16642105263157894	available_Spearman262	255.0	DONE	same_cohort_postselection;RNA_not_flux	CAMP_GSE37751_original_author_case_table	results/BRCA/03_PATIENT/20260921T150000Z_mapping262_patient_v1/CAMP_relations262.tsv	5f78d08a696d5fac3d95c697b0eb05358cfa1868	EXACT_COLUMN_COPY_NO_RECALCULATION
BRCA	CAMP_BRCA1_Terunuma	03_PATIENT	20260921T150000Z_mapping262_patient_v1	mapping262_patient_v1	processed_Spearman262	KEGG:C00106	uracil	SLC29A2	author_case_row	60.0	NA	Spearman_rho	0.1033620450125035	-0.16760745366198648	0.3517108091649062	0.4367	0.6533070175438597	processed_Spearman262	255.0	DONE	same_cohort_postselection;RNA_not_flux	CAMP_GSE37751_original_author_case_table	results/BRCA/03_PATIENT/20260921T150000Z_mapping262_patient_v1/CAMP_relations262.tsv	5f78d08a696d5fac3d95c697b0eb05358cfa1868	EXACT_COLUMN_COPY_NO_RECALCULATION
BRCA	CAMP_BRCA1_Terunuma	03_PATIENT	20260921T150000Z_mapping262_patient_v1	mapping262_patient_v1	available_Spearman262	KEGG:C00106	uracil	SLC29A2	author_case_row	60.0	NA	Spearman_rho	0.1033620450125035	-0.16497716629485534	0.3600608179732905	0.4319	0.6840652173913044	available_Spearman262	255.0	DONE	same_cohort_postselection;RNA_not_flux	CAMP_GSE37751_original_author_case_table	results/BRCA/03_PATIENT/20260921T150000Z_mapping262_patient_v1/CAMP_relations262.tsv	5f78d08a696d5fac3d95c697b0eb05358cfa1868	EXACT_COLUMN_COPY_NO_RECALCULATION
BRCA	CAMP_BRCA1_Terunuma	03_PATIENT	20260921T150000Z_mapping262_patient_v1	mapping262_patient_v1	processed_Spearman262	KEGG:C00106	uracil	UPP1	author_case_row	60.0	NA	Spearman_rho	0.0973603778827452	-0.1234454077874168	0.3167251057258361	0.4557	0.6565169491525424	processed_Spearman262	255.0	DONE	same_cohort_postselection;RNA_not_flux	CAMP_GSE37751_original_author_case_table	results/BRCA/03_PATIENT/20260921T150000Z_mapping262_patient_v1/CAMP_relations262.tsv	5f78d08a696d5fac3d95c697b0eb05358cfa1868	EXACT_COLUMN_COPY_NO_RECALCULATION
BRCA	CAMP_BRCA1_Terunuma	03_PATIENT	20260921T150000Z_mapping262_patient_v1	mapping262_patient_v1	available_Spearman262	KEGG:C00106	uracil	UPP1	author_case_row	60.0	NA	Spearman_rho	0.0973603778827452	-0.1296752540202982	0.3209957747828209	0.4512	0.6848571428571428	available_Spearman262	255.0	DONE	same_cohort_postselection;RNA_not_flux	CAMP_GSE37751_original_author_case_table	results/BRCA/03_PATIENT/20260921T150000Z_mapping262_patient_v1/CAMP_relations262.tsv	5f78d08a696d5fac3d95c697b0eb05358cfa1868	EXACT_COLUMN_COPY_NO_RECALCULATION
BRCA	CAMP_BRCA1_Terunuma	03_PATIENT	20260921T150000Z_mapping262_patient_v1	mapping262_patient_v1	processed_Spearman262	KEGG:C00106	uracil	UPP2	author_case_row	60.0	NA	Spearman_rho	-0.3112531258682968	-0.5500557903594582	-0.0387617133612461	0.0148	0.10483333333333333	processed_Spearman262	255.0	DONE	same_cohort_postselection;RNA_not_flux	CAMP_GSE37751_original_author_case_table	results/BRCA/03_PATIENT/20260921T150000Z_mapping262_patient_v1/CAMP_relations262.tsv	5f78d08a696d5fac3d95c697b0eb05358cfa1868	EXACT_COLUMN_COPY_NO_RECALCULATION
BRCA	CAMP_BRCA1_Terunuma	03_PATIENT	20260921T150000Z_mapping262_patient_v1	mapping262_patient_v1	available_Spearman262	KEGG:C00106	uracil	UPP2	author_case_row	60.0	NA	Spearman_rho	-0.3112531258682968	-0.5516541358933037	-0.0399206689896526	0.0157	0.12914516129032258	available_Spearman262	255.0	DONE	same_cohort_postselection;RNA_not_flux	CAMP_GSE37751_original_author_case_table	results/BRCA/03_PATIENT/20260921T150000Z_mapping262_patient_v1/CAMP_relations262.tsv	5f78d08a696d5fac3d95c697b0eb05358cfa1868	EXACT_COLUMN_COPY_NO_RECALCULATION
BRCA	CAMP_BRCA1_Terunuma	03_PATIENT	20260921T150000Z_mapping262_patient_v1	mapping262_patient_v1	processed_Spearman262	KEGG:C00114	choline	CHKA	author_case_row	60.0	NA	Spearman_rho	0.0492914698527368	-0.217181843417081	0.3149850892563723	0.7107	0.8440733944954129	processed_Spearman262	255.0	DONE	same_cohort_postselection;RNA_not_flux	CAMP_GSE37751_original_author_case_table	results/BRCA/03_PATIENT/20260921T150000Z_mapping262_patient_v1/CAMP_relations262.tsv	5f78d08a696d5fac3d95c697b0eb05358cfa1868	EXACT_COLUMN_COPY_NO_RECALCULATION
BRCA	CAMP_BRCA1_Terunuma	03_PATIENT	20260921T150000Z_mapping262_patient_v1	mapping262_patient_v1	available_Spearman262	KEGG:C00114	choline	CHKA	author_case_row	60.0	NA	Spearman_rho	0.0492914698527368	-0.2139379672233556	0.3029543210504163	0.7082	0.8586611374407583	available_Spearman262	255.0	DONE	same_cohort_postselection;RNA_not_flux	CAMP_GSE37751_original_author_case_table	results/BRCA/03_PATIENT/20260921T150000Z_mapping262_patient_v1/CAMP_relations262.tsv	5f78d08a696d5fac3d95c697b0eb05358cfa1868	EXACT_COLUMN_COPY_NO_RECALCULATION
BRCA	CAMP_BRCA1_Terunuma	03_PATIENT	20260921T150000Z_mapping262_patient_v1	mapping262_patient_v1	processed_Spearman262	KEGG:C00114	choline	CHKB	author_case_row	NA	NA	Spearman_rho	NA	NA	NA	NA	NA	processed_Spearman262	255.0	NOT_EVALUABLE	feature_missing	CAMP_GSE37751_original_author_case_table	results/BRCA/03_PATIENT/20260921T150000Z_mapping262_patient_v1/CAMP_relations262.tsv	5f78d08a696d5fac3d95c697b0eb05358cfa1868	EXACT_COLUMN_COPY_NO_RECALCULATION
BRCA	CAMP_BRCA1_Terunuma	03_PATIENT	20260921T150000Z_mapping262_patient_v1	mapping262_patient_v1	available_Spearman262	KEGG:C00114	choline	CHKB	author_case_row	NA	NA	Spearman_rho	NA	NA	NA	NA	NA	available_Spearman262	255.0	NOT_EVALUABLE	feature_missing	CAMP_GSE37751_original_author_case_table	results/BRCA/03_PATIENT/20260921T150000Z_mapping262_patient_v1/CAMP_relations262.tsv	5f78d08a696d5fac3d95c697b0eb05358cfa1868	EXACT_COLUMN_COPY_NO_RECALCULATION
BRCA	CAMP_BRCA1_Terunuma	03_PATIENT	20260921T150000Z_mapping262_patient_v1	mapping262_patient_v1	processed_Spearman262	KEGG:C00114	choline	GDPD5	author_case_row	60.0	NA	Spearman_rho	0.1448735759933315	-0.1117052220948368	0.3823781453868283	0.2688	0.5230375939849623	processed_Spearman262	255.0	DONE	same_cohort_postselection;RNA_not_flux	CAMP_GSE37751_original_author_case_table	results/BRCA/03_PATIENT/20260921T150000Z_mapping262_patient_v1/CAMP_relations262.tsv	5f78d08a696d5fac3d95c697b0eb05358cfa1868	EXACT_COLUMN_COPY_NO_RECALCULATION
BRCA	CAMP_BRCA1_Terunuma	03_PATIENT	20260921T150000Z_mapping262_patient_v1	mapping262_patient_v1	available_Spearman262	KEGG:C00114	choline	GDPD5	author_case_row	60.0	NA	Spearman_rho	0.1448735759933315	-0.1198858080845322	0.3854872970693654	0.277	0.56508	available_Spearman262	255.0	DONE	same_cohort_postselection;RNA_not_flux	CAMP_GSE37751_original_author_case_table	results/BRCA/03_PATIENT/20260921T150000Z_mapping262_patient_v1/CAMP_relations262.tsv	5f78d08a696d5fac3d95c697b0eb05358cfa1868	EXACT_COLUMN_COPY_NO_RECALCULATION
BRCA	CAMP_BRCA1_Terunuma	03_PATIENT	20260921T150000Z_mapping262_patient_v1	mapping262_patient_v1	processed_Spearman262	KEGG:C00114	choline	GPCPD1	author_case_row	60.0	NA	Spearman_rho	0.0287302028341205	-0.2262740011562702	0.2731426996611348	0.8294	0.8999872340425533	processed_Spearman262	255.0	DONE	same_cohort_postselection;RNA_not_flux	CAMP_GSE37751_original_author_case_table	results/BRCA/03_PATIENT/20260921T150000Z_mapping262_patient_v1/CAMP_relations262.tsv	5f78d08a696d5fac3d95c697b0eb05358cfa1868	EXACT_COLUMN_COPY_NO_RECALCULATION
BRCA	CAMP_BRCA1_Terunuma	03_PATIENT	20260921T150000Z_mapping262_patient_v1	mapping262_patient_v1	available_Spearman262	KEGG:C00114	choline	GPCPD1	author_case_row	60.0	NA	Spearman_rho	0.0287302028341205	-0.2208965062016328	0.2784030708016247	0.8262	0.9299074889867842	available_Spearman262	255.0	DONE	same_cohort_postselection;RNA_not_flux	CAMP_GSE37751_original_author_case_table	results/BRCA/03_PATIENT/20260921T150000Z_mapping262_patient_v1/CAMP_relations262.tsv	5f78d08a696d5fac3d95c697b0eb05358cfa1868	EXACT_COLUMN_COPY_NO_RECALCULATION
BRCA	CAMP_BRCA1_Terunuma	03_PATIENT	20260921T150000Z_mapping262_patient_v1	mapping262_patient_v1	processed_Spearman262	KEGG:C00114	choline	SLC22A2	author_case_row	60.0	NA	Spearman_rho	0.1555987774381773	-0.11128219475989524	0.40150015205631356	0.2308	0.47083200000000003	processed_Spearman262	255.0	DONE	same_cohort_postselection;RNA_not_flux	CAMP_GSE37751_original_author_case_table	results/BRCA/03_PATIENT/20260921T150000Z_mapping262_patient_v1/CAMP_relations262.tsv	5f78d08a696d5fac3d95c697b0eb05358cfa1868	EXACT_COLUMN_COPY_NO_RECALCULATION
BRCA	CAMP_BRCA1_Terunuma	03_PATIENT	20260921T150000Z_mapping262_patient_v1	mapping262_patient_v1	available_Spearman262	KEGG:C00114	choline	SLC22A2	author_case_row	60.0	NA	Spearman_rho	0.1555987774381773	-0.11921451145764243	0.40631778234882016	0.2289	0.5120131578947368	available_Spearman262	255.0	DONE	same_cohort_postselection;RNA_not_flux	CAMP_GSE37751_original_author_case_table	results/BRCA/03_PATIENT/20260921T150000Z_mapping262_patient_v1/CAMP_relations262.tsv	5f78d08a696d5fac3d95c697b0eb05358cfa1868	EXACT_COLUMN_COPY_NO_RECALCULATION
BRCA	CAMP_BRCA1_Terunuma	03_PATIENT	20260921T150000Z_mapping262_patient_v1	mapping262_patient_v1	processed_Spearman262	KEGG:C00121	ribose	RBKS	author_case_row	60.0	NA	Spearman_rho	-0.1271085186648131	-0.4286413086194479	0.15918376610906	0.3326	0.574	processed_Spearman262	255.0	DONE	same_cohort_postselection;RNA_not_flux	CAMP_GSE37751_original_author_case_table	results/BRCA/03_PATIENT/20260921T150000Z_mapping262_patient_v1/CAMP_relations262.tsv	5f78d08a696d5fac3d95c697b0eb05358cfa1868	EXACT_COLUMN_COPY_NO_RECALCULATION
BRCA	CAMP_BRCA1_Terunuma	03_PATIENT	20260921T150000Z_mapping262_patient_v1	mapping262_patient_v1	available_Spearman262	KEGG:C00121	ribose	RBKS	author_case_row	57.0	NA	Spearman_rho	-0.1526445423904589	-0.4503963895960519	0.1513979509885771	0.2582	0.5525702479338843	available_Spearman262	255.0	DONE	same_cohort_postselection;RNA_not_flux	CAMP_GSE37751_original_author_case_table	results/BRCA/03_PATIENT/20260921T150000Z_mapping262_patient_v1/CAMP_relations262.tsv	5f78d08a696d5fac3d95c697b0eb05358cfa1868	EXACT_COLUMN_COPY_NO_RECALCULATION
BRCA	CAMP_BRCA1_Terunuma	03_PATIENT	20260921T150000Z_mapping262_patient_v1	mapping262_patient_v1	processed_Spearman262	KEGG:C00134	putrescine	ODC1	author_case_row	60.0	NA	Spearman_rho	0.1116978229492327	-0.1393821632004298	0.3541671478110129	0.3924	0.6101341463414635	processed_Spearman262	255.0	DONE	same_cohort_postselection;RNA_not_flux	CAMP_GSE37751_original_author_case_table	results/BRCA/03_PATIENT/20260921T150000Z_mapping262_patient_v1/CAMP_relations262.tsv	5f78d08a696d5fac3d95c697b0eb05358cfa1868	EXACT_COLUMN_COPY_NO_RECALCULATION
BRCA	CAMP_BRCA1_Terunuma	03_PATIENT	20260921T150000Z_mapping262_patient_v1	mapping262_patient_v1	available_Spearman262	KEGG:C00134	putrescine	ODC1	author_case_row	48.0	NA	Spearman_rho	0.1204950065132435	-0.1646426839718713	0.3971357040829867	0.417	0.6702169811320755	available_Spearman262	255.0	DONE	same_cohort_postselection;RNA_not_flux	CAMP_GSE37751_original_author_case_table	results/BRCA/03_PATIENT/20260921T150000Z_mapping262_patient_v1/CAMP_relations262.tsv	5f78d08a696d5fac3d95c697b0eb05358cfa1868	EXACT_COLUMN_COPY_NO_RECALCULATION
BRCA	CAMP_BRCA1_Terunuma	03_PATIENT	20260921T150000Z_mapping262_patient_v1	mapping262_patient_v1	processed_Spearman262	KEGG:C00135	histidine	HAL	author_case_row	60.0	NA	Spearman_rho	-0.0406779661016949	-0.3097702108718633	0.2165172404100933	0.7609	0.859891592920354	processed_Spearman262	255.0	DONE	same_cohort_postselection;RNA_not_flux	CAMP_GSE37751_original_author_case_table	results/BRCA/03_PATIENT/20260921T150000Z_mapping262_patient_v1/CAMP_relations262.tsv	5f78d08a696d5fac3d95c697b0eb05358cfa1868	EXACT_COLUMN_COPY_NO_RECALCULATION
BRCA	CAMP_BRCA1_Terunuma	03_PATIENT	20260921T150000Z_mapping262_patient_v1	mapping262_patient_v1	available_Spearman262	KEGG:C00135	histidine	HAL	author_case_row	60.0	NA	Spearman_rho	-0.0406779661016949	-0.3150341517903217	0.2065720454941891	0.7624	0.9079186046511627	available_Spearman262	255.0	DONE	same_cohort_postselection;RNA_not_flux	CAMP_GSE37751_original_author_case_table	results/BRCA/03_PATIENT/20260921T150000Z_mapping262_patient_v1/CAMP_relations262.tsv	5f78d08a696d5fac3d95c697b0eb05358cfa1868	EXACT_COLUMN_COPY_NO_RECALCULATION
BRCA	CAMP_BRCA1_Terunuma	03_PATIENT	20260921T150000Z_mapping262_patient_v1	mapping262_patient_v1	processed_Spearman262	KEGG:C00140	N-acetylglucosamine	NAGK	author_case_row	60.0	NA	Spearman_rho	0.2050609770741979	-0.0630729474752425	0.4408871153502706	0.1132	0.28865999999999997	processed_Spearman262	255.0	DONE	same_cohort_postselection;RNA_not_flux	CAMP_GSE37751_original_author_case_table	results/BRCA/03_PATIENT/20260921T150000Z_mapping262_patient_v1/CAMP_relations262.tsv	5f78d08a696d5fac3d95c697b0eb05358cfa1868	EXACT_COLUMN_COPY_NO_RECALCULATION
BRCA	CAMP_BRCA1_Terunuma	03_PATIENT	20260921T150000Z_mapping262_patient_v1	mapping262_patient_v1	available_Spearman262	KEGG:C00140	N-acetylglucosamine	NAGK	author_case_row	43.0	NA	Spearman_rho	-0.0800362428269405	-0.4036542690116831	0.2499280956706025	0.6109	0.7988692307692308	available_Spearman262	255.0	DONE	same_cohort_postselection;RNA_not_flux	CAMP_GSE37751_original_author_case_table	results/BRCA/03_PATIENT/20260921T150000Z_mapping262_patient_v1/CAMP_relations262.tsv	5f78d08a696d5fac3d95c697b0eb05358cfa1868	EXACT_COLUMN_COPY_NO_RECALCULATION
BRCA	CAMP_BRCA1_Terunuma	03_PATIENT	20260921T150000Z_mapping262_patient_v1	mapping262_patient_v1	processed_Spearman262	KEGG:C00148	proline	PEPD	author_case_row	60.0	NA	Spearman_rho	0.0074465129202556	-0.2404893791078404	0.2674026819255419	0.956	0.9891315789473684	processed_Spearman262	255.0	DONE	same_cohort_postselection;RNA_not_flux	CAMP_GSE37751_original_author_case_table	results/BRCA/03_PATIENT/20260921T150000Z_mapping262_patient_v1/CAMP_relations262.tsv	5f78d08a696d5fac3d95c697b0eb05358cfa1868	EXACT_COLUMN_COPY_NO_RECALCULATION
BRCA	CAMP_BRCA1_Terunuma	03_PATIENT	20260921T150000Z_mapping262_patient_v1	mapping262_patient_v1	available_Spearman262	KEGG:C00148	proline	PEPD	author_case_row	60.0	NA	Spearman_rho	0.0074465129202556	-0.2450402575084338	0.2639956056503014	0.9546	0.982464	available_Spearman262	255.0	DONE	same_cohort_postselection;RNA_not_flux	CAMP_GSE37751_original_author_case_table	results/BRCA/03_PATIENT/20260921T150000Z_mapping262_patient_v1/CAMP_relations262.tsv	5f78d08a696d5fac3d95c697b0eb05358cfa1868	EXACT_COLUMN_COPY_NO_RECALCULATION
BRCA	CAMP_BRCA1_Terunuma	03_PATIENT	20260921T150000Z_mapping262_patient_v1	mapping262_patient_v1	processed_Spearman262	KEGG:C00148	proline	PRODH	author_case_row	60.0	NA	Spearman_rho	0.0020561267018616	-0.2566664825089257	0.2642062848319844	0.9878	0.9916889763779527	processed_Spearman262	255.0	DONE	same_cohort_postselection;RNA_not_flux	CAMP_GSE37751_original_author_case_table	results/BRCA/03_PATIENT/20260921T150000Z_mapping262_patient_v1/CAMP_relations262.tsv	5f78d08a696d5fac3d95c697b0eb05358cfa1868	EXACT_COLUMN_COPY_NO_RECALCULATION
BRCA	CAMP_BRCA1_Terunuma	03_PATIENT	20260921T150000Z_mapping262_patient_v1	mapping262_patient_v1	available_Spearman262	KEGG:C00148	proline	PRODH	author_case_row	60.0	NA	Spearman_rho	0.0020561267018616	-0.2573741958685946	0.259023863723643	0.9865	0.9919901574803149	available_Spearman262	255.0	DONE	same_cohort_postselection;RNA_not_flux	CAMP_GSE37751_original_author_case_table	results/BRCA/03_PATIENT/20260921T150000Z_mapping262_patient_v1/CAMP_relations262.tsv	5f78d08a696d5fac3d95c697b0eb05358cfa1868	EXACT_COLUMN_COPY_NO_RECALCULATION
BRCA	CAMP_BRCA1_Terunuma	03_PATIENT	20260921T150000Z_mapping262_patient_v1	mapping262_patient_v1	processed_Spearman262	KEGG:C00148	proline	PYCR1	author_case_row	60.0	NA	Spearman_rho	0.3609891636565713	0.1091763834066089	0.5785142866449373	0.0055	0.07381578947368421	processed_Spearman262	255.0	DONE	same_cohort_postselection;RNA_not_flux	CAMP_GSE37751_original_author_case_table	results/BRCA/03_PATIENT/20260921T150000Z_mapping262_patient_v1/CAMP_relations262.tsv	5f78d08a696d5fac3d95c697b0eb05358cfa1868	EXACT_COLUMN_COPY_NO_RECALCULATION
BRCA	CAMP_BRCA1_Terunuma	03_PATIENT	20260921T150000Z_mapping262_patient_v1	mapping262_patient_v1	available_Spearman262	KEGG:C00148	proline	PYCR1	author_case_row	60.0	NA	Spearman_rho	0.3609891636565713	0.1081986939578044	0.5764181336213393	0.004	0.06375	available_Spearman262	255.0	DONE	same_cohort_postselection;RNA_not_flux	CAMP_GSE37751_original_author_case_table	results/BRCA/03_PATIENT/20260921T150000Z_mapping262_patient_v1/CAMP_relations262.tsv	5f78d08a696d5fac3d95c697b0eb05358cfa1868	EXACT_COLUMN_COPY_NO_RECALCULATION
BRCA	CAMP_BRCA1_Terunuma	03_PATIENT	20260921T150000Z_mapping262_patient_v1	mapping262_patient_v1	processed_Spearman262	KEGG:C00148	proline	PYCR2	author_case_row	60.0	NA	Spearman_rho	-0.0130591831064184	-0.2872039977008104	0.2595686210198799	0.9173	0.9665764462809918	processed_Spearman262	255.0	DONE	same_cohort_postselection;RNA_not_flux	CAMP_GSE37751_original_author_case_table	results/BRCA/03_PATIENT/20260921T150000Z_mapping262_patient_v1/CAMP_relations262.tsv	5f78d08a696d5fac3d95c697b0eb05358cfa1868	EXACT_COLUMN_COPY_NO_RECALCULATION
BRCA	CAMP_BRCA1_Terunuma	03_PATIENT	20260921T150000Z_mapping262_patient_v1	mapping262_patient_v1	available_Spearman262	KEGG:C00148	proline	PYCR2	author_case_row	60.0	NA	Spearman_rho	-0.0130591831064184	-0.296830850675874	0.2638715379079198	0.9197	0.9617889344262295	available_Spearman262	255.0	DONE	same_cohort_postselection;RNA_not_flux	CAMP_GSE37751_original_author_case_table	results/BRCA/03_PATIENT/20260921T150000Z_mapping262_patient_v1/CAMP_relations262.tsv	5f78d08a696d5fac3d95c697b0eb05358cfa1868	EXACT_COLUMN_COPY_NO_RECALCULATION
BRCA	CAMP_BRCA1_Terunuma	03_PATIENT	20260921T150000Z_mapping262_patient_v1	mapping262_patient_v1	processed_Spearman262	KEGG:C00148	proline	PYCR3	author_case_row	60.0	NA	Spearman_rho	0.2134481800500139	-0.0400521693211286	0.442903497230847	0.102	0.2694587628865979	processed_Spearman262	255.0	DONE	same_cohort_postselection;RNA_not_flux	CAMP_GSE37751_original_author_case_table	results/BRCA/03_PATIENT/20260921T150000Z_mapping262_patient_v1/CAMP_relations262.tsv	5f78d08a696d5fac3d95c697b0eb05358cfa1868	EXACT_COLUMN_COPY_NO_RECALCULATION
BRCA	CAMP_BRCA1_Terunuma	03_PATIENT	20260921T150000Z_mapping262_patient_v1	mapping262_patient_v1	available_Spearman262	KEGG:C00148	proline	PYCR3	author_case_row	60.0	NA	Spearman_rho	0.2134481800500139	-0.0467560192200831	0.4377541629990512	0.0994	0.30175	available_Spearman262	255.0	DONE	same_cohort_postselection;RNA_not_flux	CAMP_GSE37751_original_author_case_table	results/BRCA/03_PATIENT/20260921T150000Z_mapping262_patient_v1/CAMP_relations262.tsv	5f78d08a696d5fac3d95c697b0eb05358cfa1868	EXACT_COLUMN_COPY_NO_RECALCULATION
BRCA	CAMP_BRCA1_Terunuma	03_PATIENT	20260921T150000Z_mapping262_patient_v1	mapping262_patient_v1	processed_Spearman262	KEGG:C00149	malate	FH	author_case_row	60.0	NA	Spearman_rho	0.3410947485412615	0.093402068648506	0.5448402435972304	0.0087	0.08874	processed_Spearman262	255.0	DONE	same_cohort_postselection;RNA_not_flux	CAMP_GSE37751_original_author_case_table	results/BRCA/03_PATIENT/20260921T150000Z_mapping262_patient_v1/CAMP_relations262.tsv	5f78d08a696d5fac3d95c697b0eb05358cfa1868	EXACT_COLUMN_COPY_NO_RECALCULATION
BRCA	CAMP_BRCA1_Terunuma	03_PATIENT	20260921T150000Z_mapping262_patient_v1	mapping262_patient_v1	available_Spearman262	KEGG:C00149	malate	FH	author_case_row	60.0	NA	Spearman_rho	0.3410947485412615	0.1017853342658639	0.5473030974332531	0.0079	0.09534782608695652	available_Spearman262	255.0	DONE	same_cohort_postselection;RNA_not_flux	CAMP_GSE37751_original_author_case_table	results/BRCA/03_PATIENT/20260921T150000Z_mapping262_patient_v1/CAMP_relations262.tsv	5f78d08a696d5fac3d95c697b0eb05358cfa1868	EXACT_COLUMN_COPY_NO_RECALCULATION
BRCA	CAMP_BRCA1_Terunuma	03_PATIENT	20260921T150000Z_mapping262_patient_v1	mapping262_patient_v1	processed_Spearman262	KEGG:C00149	malate	MDH1	author_case_row	60.0	NA	Spearman_rho	0.2166157265907197	-0.019821509603542	0.4173048863172428	0.0924	0.2615806451612903	processed_Spearman262	255.0	DONE	same_cohort_postselection;RNA_not_flux	CAMP_GSE37751_original_author_case_table	results/BRCA/03_PATIENT/20260921T150000Z_mapping262_patient_v1/CAMP_relations262.tsv	5f78d08a696d5fac3d95c697b0eb05358cfa1868	EXACT_COLUMN_COPY_NO_RECALCULATION
BRCA	CAMP_BRCA1_Terunuma	03_PATIENT	20260921T150000Z_mapping262_patient_v1	mapping262_patient_v1	available_Spearman262	KEGG:C00149	malate	MDH1	author_case_row	60.0	NA	Spearman_rho	0.2166157265907197	-0.0219030205659223	0.425113808009416	0.0982	0.30175	available_Spearman262	255.0	DONE	same_cohort_postselection;RNA_not_flux	CAMP_GSE37751_original_author_case_table	results/BRCA/03_PATIENT/20260921T150000Z_mapping262_patient_v1/CAMP_relations262.tsv	5f78d08a696d5fac3d95c697b0eb05358cfa1868	EXACT_COLUMN_COPY_NO_RECALCULATION
BRCA	CAMP_BRCA1_Terunuma	03_PATIENT	20260921T150000Z_mapping262_patient_v1	mapping262_patient_v1	processed_Spearman262	KEGG:C00149	malate	MDH2	author_case_row	60.0	NA	Spearman_rho	0.2806890803000834	0.0416388753256585	0.501725730227775	0.032	0.16	processed_Spearman262	255.0	DONE	same_cohort_postselection;RNA_not_flux	CAMP_GSE37751_original_author_case_table	results/BRCA/03_PATIENT/20260921T150000Z_mapping262_patient_v1/CAMP_relations262.tsv	5f78d08a696d5fac3d95c697b0eb05358cfa1868	EXACT_COLUMN_COPY_NO_RECALCULATION
BRCA	CAMP_BRCA1_Terunuma	03_PATIENT	20260921T150000Z_mapping262_patient_v1	mapping262_patient_v1	available_Spearman262	KEGG:C00149	malate	MDH2	author_case_row	60.0	NA	Spearman_rho	0.2806890803000834	0.0347986058828275	0.5071886288570999	0.031	0.18821428571428572	available_Spearman262	255.0	DONE	same_cohort_postselection;RNA_not_flux	CAMP_GSE37751_original_author_case_table	results/BRCA/03_PATIENT/20260921T150000Z_mapping262_patient_v1/CAMP_relations262.tsv	5f78d08a696d5fac3d95c697b0eb05358cfa1868	EXACT_COLUMN_COPY_NO_RECALCULATION
BRCA	CAMP_BRCA1_Terunuma	03_PATIENT	20260921T150000Z_mapping262_patient_v1	mapping262_patient_v1	processed_Spearman262	KEGG:C00153	nicotinamide	NAMPT	author_case_row	60.0	NA	Spearman_rho	-0.0482938758109338	-0.3175406404259102	0.2277601454254083	0.7132	0.8440733944954129	processed_Spearman262	255.0	DONE	same_cohort_postselection;RNA_not_flux	CAMP_GSE37751_original_author_case_table	results/BRCA/03_PATIENT/20260921T150000Z_mapping262_patient_v1/CAMP_relations262.tsv	5f78d08a696d5fac3d95c697b0eb05358cfa1868	EXACT_COLUMN_COPY_NO_RECALCULATION
BRCA	CAMP_BRCA1_Terunuma	03_PATIENT	20260921T150000Z_mapping262_patient_v1	mapping262_patient_v1	available_Spearman262	KEGG:C00153	nicotinamide	NAMPT	author_case_row	57.0	NA	Spearman_rho	0.0151672284158672	-0.2673868736741497	0.2914517040123074	0.9105	0.9617293388429752	available_Spearman262	255.0	DONE	same_cohort_postselection;RNA_not_flux	CAMP_GSE37751_original_author_case_table	results/BRCA/03_PATIENT/20260921T150000Z_mapping262_patient_v1/CAMP_relations262.tsv	5f78d08a696d5fac3d95c697b0eb05358cfa1868	EXACT_COLUMN_COPY_NO_RECALCULATION
BRCA	CAMP_BRCA1_Terunuma	03_PATIENT	20260921T150000Z_mapping262_patient_v1	mapping262_patient_v1	processed_Spearman262	KEGG:C00153	nicotinamide	NNMT	author_case_row	60.0	NA	Spearman_rho	-0.3288318333409616	-0.5598760515798441	-0.0601230747242445	0.0102	0.09289285714285715	processed_Spearman262	255.0	DONE	same_cohort_postselection;RNA_not_flux	CAMP_GSE37751_original_author_case_table	results/BRCA/03_PATIENT/20260921T150000Z_mapping262_patient_v1/CAMP_relations262.tsv	5f78d08a696d5fac3d95c697b0eb05358cfa1868	EXACT_COLUMN_COPY_NO_RECALCULATION
BRCA	CAMP_BRCA1_Terunuma	03_PATIENT	20260921T150000Z_mapping262_patient_v1	mapping262_patient_v1	available_Spearman262	KEGG:C00153	nicotinamide	NNMT	author_case_row	57.0	NA	Spearman_rho	-0.3402903811252268	-0.5606074931870083	-0.0906981562322216	0.0086	0.09534782608695652	available_Spearman262	255.0	DONE	same_cohort_postselection;RNA_not_flux	CAMP_GSE37751_original_author_case_table	results/BRCA/03_PATIENT/20260921T150000Z_mapping262_patient_v1/CAMP_relations262.tsv	5f78d08a696d5fac3d95c697b0eb05358cfa1868	EXACT_COLUMN_COPY_NO_RECALCULATION
BRCA	CAMP_BRCA1_Terunuma	03_PATIENT	20260921T150000Z_mapping262_patient_v1	mapping262_patient_v1	processed_Spearman262	KEGG:C00153	nicotinamide	SLC29A2	author_case_row	60.0	NA	Spearman_rho	0.042403023295445964	-0.24702454627979778	0.3349665600755762	0.7467	0.8557937219730941	processed_Spearman262	255.0	DONE	same_cohort_postselection;RNA_not_flux	CAMP_GSE37751_original_author_case_table	results/BRCA/03_PATIENT/20260921T150000Z_mapping262_patient_v1/CAMP_relations262.tsv	5f78d08a696d5fac3d95c697b0eb05358cfa1868	EXACT_COLUMN_COPY_NO_RECALCULATION
BRCA	CAMP_BRCA1_Terunuma	03_PATIENT	20260921T150000Z_mapping262_patient_v1	mapping262_patient_v1	available_Spearman262	KEGG:C00153	nicotinamide	SLC29A2	author_case_row	57.0	NA	Spearman_rho	0.021843401607466943	-0.2651531437227722	0.3166622935487719	0.8718	0.9436080508474576	available_Spearman262	255.0	DONE	same_cohort_postselection;RNA_not_flux	CAMP_GSE37751_original_author_case_table	results/BRCA/03_PATIENT/20260921T150000Z_mapping262_patient_v1/CAMP_relations262.tsv	5f78d08a696d5fac3d95c697b0eb05358cfa1868	EXACT_COLUMN_COPY_NO_RECALCULATION
BRCA	CAMP_BRCA1_Terunuma	03_PATIENT	20260921T150000Z_mapping262_patient_v1	mapping262_patient_v1	processed_Spearman262	KEGG:C00186	lactate	LDHA	author_case_row	60.0	NA	Spearman_rho	0.1286468463462073	-0.1238010146157263	0.3708209837245878	0.3239	0.574	processed_Spearman262	255.0	DONE	same_cohort_postselection;RNA_not_flux	CAMP_GSE37751_original_author_case_table	results/BRCA/03_PATIENT/20260921T150000Z_mapping262_patient_v1/CAMP_relations262.tsv	5f78d08a696d5fac3d95c697b0eb05358cfa1868	EXACT_COLUMN_COPY_NO_RECALCULATION
BRCA	CAMP_BRCA1_Terunuma	03_PATIENT	20260921T150000Z_mapping262_patient_v1	mapping262_patient_v1	available_Spearman262	KEGG:C00186	lactate	LDHA	author_case_row	60.0	NA	Spearman_rho	0.1286468463462073	-0.1190765624526608	0.3744851052530962	0.3293	0.6129306569343066	available_Spearman262	255.0	DONE	same_cohort_postselection;RNA_not_flux	CAMP_GSE37751_original_author_case_table	results/BRCA/03_PATIENT/20260921T150000Z_mapping262_patient_v1/CAMP_relations262.tsv	5f78d08a696d5fac3d95c697b0eb05358cfa1868	EXACT_COLUMN_COPY_NO_RECALCULATION
BRCA	CAMP_BRCA1_Terunuma	03_PATIENT	20260921T150000Z_mapping262_patient_v1	mapping262_patient_v1	processed_Spearman262	KEGG:C00186	lactate	LDHB	author_case_row	60.0	NA	Spearman_rho	-0.1589330369547096	-0.3961645366554979	0.1049069798829058	0.2289	0.4707217741935484	processed_Spearman262	255.0	DONE	same_cohort_postselection;RNA_not_flux	CAMP_GSE37751_original_author_case_table	results/BRCA/03_PATIENT/20260921T150000Z_mapping262_patient_v1/CAMP_relations262.tsv	5f78d08a696d5fac3d95c697b0eb05358cfa1868	EXACT_COLUMN_COPY_NO_RECALCULATION
BRCA	CAMP_BRCA1_Terunuma	03_PATIENT	20260921T150000Z_mapping262_patient_v1	mapping262_patient_v1	available_Spearman262	KEGG:C00186	lactate	LDHB	author_case_row	60.0	NA	Spearman_rho	-0.1589330369547096	-0.3921789740244522	0.092287951782069	0.224	0.5054867256637169	available_Spearman262	255.0	DONE	same_cohort_postselection;RNA_not_flux	CAMP_GSE37751_original_author_case_table	results/BRCA/03_PATIENT/20260921T150000Z_mapping262_patient_v1/CAMP_relations262.tsv	5f78d08a696d5fac3d95c697b0eb05358cfa1868	EXACT_COLUMN_COPY_NO_RECALCULATION
BRCA	CAMP_BRCA1_Terunuma	03_PATIENT	20260921T150000Z_mapping262_patient_v1	mapping262_patient_v1	processed_Spearman262	KEGG:C00187	cholesterol	SOAT1	author_case_row	60.0	NA	Spearman_rho	0.1683801055848847	-0.0870412497904596	0.4041222285491411	0.1947	0.42269491525423725	processed_Spearman262	255.0	DONE	same_cohort_postselection;RNA_not_flux	CAMP_GSE37751_original_author_case_table	results/BRCA/03_PATIENT/20260921T150000Z_mapping262_patient_v1/CAMP_relations262.tsv	5f78d08a696d5fac3d95c697b0eb05358cfa1868	EXACT_COLUMN_COPY_NO_RECALCULATION
BRCA	CAMP_BRCA1_Terunuma	03_PATIENT	20260921T150000Z_mapping262_patient_v1	mapping262_patient_v1	available_Spearman262	KEGG:C00187	cholesterol	SOAT1	author_case_row	60.0	NA	Spearman_rho	0.1683801055848847	-0.0894390035794626	0.4081831632992446	0.2021	0.4934009433962264	available_Spearman262	255.0	DONE	same_cohort_postselection;RNA_not_flux	CAMP_GSE37751_original_author_case_table	results/BRCA/03_PATIENT/20260921T150000Z_mapping262_patient_v1/CAMP_relations262.tsv	5f78d08a696d5fac3d95c697b0eb05358cfa1868	EXACT_COLUMN_COPY_NO_RECALCULATION
BRCA	CAMP_BRCA1_Terunuma	03_PATIENT	20260921T150000Z_mapping262_patient_v1	mapping262_patient_v1	processed_Spearman262	KEGG:C00187	cholesterol	SOAT2	author_case_row	60.0	NA	Spearman_rho	-0.326146151708808	-0.5652469069608206	-0.0645204293767775	0.0121	0.096421875	processed_Spearman262	255.0	DONE	same_cohort_postselection;RNA_not_flux	CAMP_GSE37751_original_author_case_table	results/BRCA/03_PATIENT/20260921T150000Z_mapping262_patient_v1/CAMP_relations262.tsv	5f78d08a696d5fac3d95c697b0eb05358cfa1868	EXACT_COLUMN_COPY_NO_RECALCULATION
BRCA	CAMP_BRCA1_Terunuma	03_PATIENT	20260921T150000Z_mapping262_patient_v1	mapping262_patient_v1	available_Spearman262	KEGG:C00187	cholesterol	SOAT2	author_case_row	60.0	NA	Spearman_rho	-0.326146151708808	-0.557678010453714	-0.0651526352913243	0.0103	0.10101923076923078	available_Spearman262	255.0	DONE	same_cohort_postselection;RNA_not_flux	CAMP_GSE37751_original_author_case_table	results/BRCA/03_PATIENT/20260921T150000Z_mapping262_patient_v1/CAMP_relations262.tsv	5f78d08a696d5fac3d95c697b0eb05358cfa1868	EXACT_COLUMN_COPY_NO_RECALCULATION
BRCA	CAMP_BRCA1_Terunuma	03_PATIENT	20260921T150000Z_mapping262_patient_v1	mapping262_patient_v1	processed_Spearman262	KEGG:C00189	ethanolamine	CHKA	author_case_row	60.0	NA	Spearman_rho	0.2275076410113921	-0.0685397813282997	0.5022963086594898	0.0765	0.2295	processed_Spearman262	255.0	DONE	same_cohort_postselection;RNA_not_flux	CAMP_GSE37751_original_author_case_table	results/BRCA/03_PATIENT/20260921T150000Z_mapping262_patient_v1/CAMP_relations262.tsv	5f78d08a696d5fac3d95c697b0eb05358cfa1868	EXACT_COLUMN_COPY_NO_RECALCULATION
BRCA	CAMP_BRCA1_Terunuma	03_PATIENT	20260921T150000Z_mapping262_patient_v1	mapping262_patient_v1	available_Spearman262	KEGG:C00189	ethanolamine	CHKA	author_case_row	60.0	NA	Spearman_rho	0.2275076410113921	-0.0649859048248149	0.4908853279397417	0.0792	0.26928	available_Spearman262	255.0	DONE	same_cohort_postselection;RNA_not_flux	CAMP_GSE37751_original_author_case_table	results/BRCA/03_PATIENT/20260921T150000Z_mapping262_patient_v1/CAMP_relations262.tsv	5f78d08a696d5fac3d95c697b0eb05358cfa1868	EXACT_COLUMN_COPY_NO_RECALCULATION
BRCA	CAMP_BRCA1_Terunuma	03_PATIENT	20260921T150000Z_mapping262_patient_v1	mapping262_patient_v1	processed_Spearman262	KEGG:C00189	ethanolamine	CHKB	author_case_row	NA	NA	Spearman_rho	NA	NA	NA	NA	NA	processed_Spearman262	255.0	NOT_EVALUABLE	feature_missing	CAMP_GSE37751_original_author_case_table	results/BRCA/03_PATIENT/20260921T150000Z_mapping262_patient_v1/CAMP_relations262.tsv	5f78d08a696d5fac3d95c697b0eb05358cfa1868	EXACT_COLUMN_COPY_NO_RECALCULATION
BRCA	CAMP_BRCA1_Terunuma	03_PATIENT	20260921T150000Z_mapping262_patient_v1	mapping262_patient_v1	available_Spearman262	KEGG:C00189	ethanolamine	CHKB	author_case_row	NA	NA	Spearman_rho	NA	NA	NA	NA	NA	available_Spearman262	255.0	NOT_EVALUABLE	feature_missing	CAMP_GSE37751_original_author_case_table	results/BRCA/03_PATIENT/20260921T150000Z_mapping262_patient_v1/CAMP_relations262.tsv	5f78d08a696d5fac3d95c697b0eb05358cfa1868	EXACT_COLUMN_COPY_NO_RECALCULATION
BRCA	CAMP_BRCA1_Terunuma	03_PATIENT	20260921T150000Z_mapping262_patient_v1	mapping262_patient_v1	processed_Spearman262	KEGG:C00189	ethanolamine	ETNK1	author_case_row	60.0	NA	Spearman_rho	0.4343428730202834	0.1978564005392301	0.6281328645097769	0.0006	0.019125	processed_Spearman262	255.0	DONE	same_cohort_postselection;RNA_not_flux	CAMP_GSE37751_original_author_case_table	results/BRCA/03_PATIENT/20260921T150000Z_mapping262_patient_v1/CAMP_relations262.tsv	5f78d08a696d5fac3d95c697b0eb05358cfa1868	EXACT_COLUMN_COPY_NO_RECALCULATION
BRCA	CAMP_BRCA1_Terunuma	03_PATIENT	20260921T150000Z_mapping262_patient_v1	mapping262_patient_v1	available_Spearman262	KEGG:C00189	ethanolamine	ETNK1	author_case_row	60.0	NA	Spearman_rho	0.4343428730202834	0.1964097266519537	0.6217629065129477	0.0009	0.0286875	available_Spearman262	255.0	DONE	same_cohort_postselection;RNA_not_flux	CAMP_GSE37751_original_author_case_table	results/BRCA/03_PATIENT/20260921T150000Z_mapping262_patient_v1/CAMP_relations262.tsv	5f78d08a696d5fac3d95c697b0eb05358cfa1868	EXACT_COLUMN_COPY_NO_RECALCULATION
BRCA	CAMP_BRCA1_Terunuma	03_PATIENT	20260921T150000Z_mapping262_patient_v1	mapping262_patient_v1	processed_Spearman262	KEGG:C00189	ethanolamine	ETNK2	author_case_row	60.0	NA	Spearman_rho	0.2001667129758266	-0.0690295726283028	0.4465031471152022	0.1255	0.30771634615384613	processed_Spearman262	255.0	DONE	same_cohort_postselection;RNA_not_flux	CAMP_GSE37751_original_author_case_table	results/BRCA/03_PATIENT/20260921T150000Z_mapping262_patient_v1/CAMP_relations262.tsv	5f78d08a696d5fac3d95c697b0eb05358cfa1868	EXACT_COLUMN_COPY_NO_RECALCULATION
BRCA	CAMP_BRCA1_Terunuma	03_PATIENT	20260921T150000Z_mapping262_patient_v1	mapping262_patient_v1	available_Spearman262	KEGG:C00189	ethanolamine	ETNK2	author_case_row	60.0	NA	Spearman_rho	0.2001667129758266	-0.0601129448896178	0.4531185417809526	0.1301	0.3606032608695652	available_Spearman262	255.0	DONE	same_cohort_postselection;RNA_not_flux	CAMP_GSE37751_original_author_case_table	results/BRCA/03_PATIENT/20260921T150000Z_mapping262_patient_v1/CAMP_relations262.tsv	5f78d08a696d5fac3d95c697b0eb05358cfa1868	EXACT_COLUMN_COPY_NO_RECALCULATION
BRCA	CAMP_BRCA1_Terunuma	03_PATIENT	20260921T150000Z_mapping262_patient_v1	mapping262_patient_v1	processed_Spearman262	KEGG:C00208	maltose	MGAM	author_case_row	60.0	NA	Spearman_rho	-0.0030100475905305	-0.263498862443851	0.2518229138841296	0.9796	0.9912619047619048	processed_Spearman262	255.0	DONE	same_cohort_postselection;RNA_not_flux	CAMP_GSE37751_original_author_case_table	results/BRCA/03_PATIENT/20260921T150000Z_mapping262_patient_v1/CAMP_relations262.tsv	5f78d08a696d5fac3d95c697b0eb05358cfa1868	EXACT_COLUMN_COPY_NO_RECALCULATION
BRCA	CAMP_BRCA1_Terunuma	03_PATIENT	20260921T150000Z_mapping262_patient_v1	mapping262_patient_v1	available_Spearman262	KEGG:C00208	maltose	MGAM	author_case_row	50.0	NA	Spearman_rho	0.1013685474189675	-0.1741067198540512	0.3736853734884441	0.4876	0.714	available_Spearman262	255.0	DONE	same_cohort_postselection;RNA_not_flux	CAMP_GSE37751_original_author_case_table	results/BRCA/03_PATIENT/20260921T150000Z_mapping262_patient_v1/CAMP_relations262.tsv	5f78d08a696d5fac3d95c697b0eb05358cfa1868	EXACT_COLUMN_COPY_NO_RECALCULATION
BRCA	CAMP_BRCA1_Terunuma	03_PATIENT	20260921T150000Z_mapping262_patient_v1	mapping262_patient_v1	processed_Spearman262	KEGG:C00212	adenosine	ADA	author_case_row	60.0	NA	Spearman_rho	-0.0446241264856413	-0.3108429898726391	0.2247848990109691	0.7347	0.8536153846153846	processed_Spearman262	255.0	DONE	same_cohort_postselection;RNA_not_flux	CAMP_GSE37751_original_author_case_table	results/BRCA/03_PATIENT/20260921T150000Z_mapping262_patient_v1/CAMP_relations262.tsv	5f78d08a696d5fac3d95c697b0eb05358cfa1868	EXACT_COLUMN_COPY_NO_RECALCULATION
BRCA	CAMP_BRCA1_Terunuma	03_PATIENT	20260921T150000Z_mapping262_patient_v1	mapping262_patient_v1	available_Spearman262	KEGG:C00212	adenosine	ADA	author_case_row	59.0	NA	Spearman_rho	-0.0214494447691408	-0.3029895346394869	0.2509282622344898	0.8733	0.9436080508474576	available_Spearman262	255.0	DONE	same_cohort_postselection;RNA_not_flux	CAMP_GSE37751_original_author_case_table	results/BRCA/03_PATIENT/20260921T150000Z_mapping262_patient_v1/CAMP_relations262.tsv	5f78d08a696d5fac3d95c697b0eb05358cfa1868	EXACT_COLUMN_COPY_NO_RECALCULATION
BRCA	CAMP_BRCA1_Terunuma	03_PATIENT	20260921T150000Z_mapping262_patient_v1	mapping262_patient_v1	processed_Spearman262	KEGG:C00212	adenosine	ADA2	author_case_row	60.0	NA	Spearman_rho	-0.0051403881692675	-0.2676646891403981	0.2566264122296038	0.9684	0.9912619047619048	processed_Spearman262	255.0	DONE	same_cohort_postselection;RNA_not_flux	CAMP_GSE37751_original_author_case_table	results/BRCA/03_PATIENT/20260921T150000Z_mapping262_patient_v1/CAMP_relations262.tsv	5f78d08a696d5fac3d95c697b0eb05358cfa1868	EXACT_COLUMN_COPY_NO_RECALCULATION
BRCA	CAMP_BRCA1_Terunuma	03_PATIENT	20260921T150000Z_mapping262_patient_v1	mapping262_patient_v1	available_Spearman262	KEGG:C00212	adenosine	ADA2	author_case_row	59.0	NA	Spearman_rho	0.0196960841613091	-0.2437732615402165	0.2855388586503952	0.8806	0.9474810126582278	available_Spearman262	255.0	DONE	same_cohort_postselection;RNA_not_flux	CAMP_GSE37751_original_author_case_table	results/BRCA/03_PATIENT/20260921T150000Z_mapping262_patient_v1/CAMP_relations262.tsv	5f78d08a696d5fac3d95c697b0eb05358cfa1868	EXACT_COLUMN_COPY_NO_RECALCULATION
BRCA	CAMP_BRCA1_Terunuma	03_PATIENT	20260921T150000Z_mapping262_patient_v1	mapping262_patient_v1	processed_Spearman262	KEGG:C00212	adenosine	AHCY	author_case_row	60.0	NA	Spearman_rho	-0.0828297142301973	-0.3227295942506736	0.1622541497672	0.5433	0.7408636363636364	processed_Spearman262	255.0	DONE	same_cohort_postselection;RNA_not_flux	CAMP_GSE37751_original_author_case_table	results/BRCA/03_PATIENT/20260921T150000Z_mapping262_patient_v1/CAMP_relations262.tsv	5f78d08a696d5fac3d95c697b0eb05358cfa1868	EXACT_COLUMN_COPY_NO_RECALCULATION
BRCA	CAMP_BRCA1_Terunuma	03_PATIENT	20260921T150000Z_mapping262_patient_v1	mapping262_patient_v1	available_Spearman262	KEGG:C00212	adenosine	AHCY	author_case_row	59.0	NA	Spearman_rho	-0.1102863822326125	-0.350475577250316	0.1357721348313857	0.3979	0.6504134615384615	available_Spearman262	255.0	DONE	same_cohort_postselection;RNA_not_flux	CAMP_GSE37751_original_author_case_table	results/BRCA/03_PATIENT/20260921T150000Z_mapping262_patient_v1/CAMP_relations262.tsv	5f78d08a696d5fac3d95c697b0eb05358cfa1868	EXACT_COLUMN_COPY_NO_RECALCULATION
BRCA	CAMP_BRCA1_Terunuma	03_PATIENT	20260921T150000Z_mapping262_patient_v1	mapping262_patient_v1	processed_Spearman262	KEGG:C00212	adenosine	SLC29A2	author_case_row	60.0	NA	Spearman_rho	-0.2702454882934919	-0.5083447450076503	-0.014848700535422976	0.0377	0.17222307692307695	processed_Spearman262	255.0	DONE	same_cohort_postselection;RNA_not_flux	CAMP_GSE37751_original_author_case_table	results/BRCA/03_PATIENT/20260921T150000Z_mapping262_patient_v1/CAMP_relations262.tsv	5f78d08a696d5fac3d95c697b0eb05358cfa1868	EXACT_COLUMN_COPY_NO_RECALCULATION
BRCA	CAMP_BRCA1_Terunuma	03_PATIENT	20260921T150000Z_mapping262_patient_v1	mapping262_patient_v1	available_Spearman262	KEGG:C00212	adenosine	SLC29A2	author_case_row	59.0	NA	Spearman_rho	-0.28772647574517835	-0.5275408053926687	-0.02605633728535514	0.028	0.18307692307692305	available_Spearman262	255.0	DONE	same_cohort_postselection;RNA_not_flux	CAMP_GSE37751_original_author_case_table	results/BRCA/03_PATIENT/20260921T150000Z_mapping262_patient_v1/CAMP_relations262.tsv	5f78d08a696d5fac3d95c697b0eb05358cfa1868	EXACT_COLUMN_COPY_NO_RECALCULATION
BRCA	CAMP_BRCA1_Terunuma	03_PATIENT	20260921T150000Z_mapping262_patient_v1	mapping262_patient_v1	processed_Spearman262	KEGG:C00219	arachidonate (20:4n6)	ABHD12	author_case_row	60.0	NA	Spearman_rho	0.2543484301194777	-0.0011062561022732746	0.4835225043011543	0.0516	0.18797142857142857	processed_Spearman262	255.0	DONE	same_cohort_postselection;RNA_not_flux	CAMP_GSE37751_original_author_case_table	results/BRCA/03_PATIENT/20260921T150000Z_mapping262_patient_v1/CAMP_relations262.tsv	5f78d08a696d5fac3d95c697b0eb05358cfa1868	EXACT_COLUMN_COPY_NO_RECALCULATION
BRCA	CAMP_BRCA1_Terunuma	03_PATIENT	20260921T150000Z_mapping262_patient_v1	mapping262_patient_v1	available_Spearman262	KEGG:C00219	arachidonate (20:4n6)	ABHD12	author_case_row	59.0	NA	Spearman_rho	0.23237872589129166	-0.02746029798192605	0.47075755907426425	0.0792	0.26928	available_Spearman262	255.0	DONE	same_cohort_postselection;RNA_not_flux	CAMP_GSE37751_original_author_case_table	results/BRCA/03_PATIENT/20260921T150000Z_mapping262_patient_v1/CAMP_relations262.tsv	5f78d08a696d5fac3d95c697b0eb05358cfa1868	EXACT_COLUMN_COPY_NO_RECALCULATION
BRCA	CAMP_BRCA1_Terunuma	03_PATIENT	20260921T150000Z_mapping262_patient_v1	mapping262_patient_v1	processed_Spearman262	KEGG:C00219	arachidonate (20:4n6)	ABHD6	author_case_row	60.0	NA	Spearman_rho	-0.23778827452070025	-0.47855741576846944	0.02106746475186419	0.0648	0.21184615384615382	processed_Spearman262	255.0	DONE	same_cohort_postselection;RNA_not_flux	CAMP_GSE37751_original_author_case_table	results/BRCA/03_PATIENT/20260921T150000Z_mapping262_patient_v1/CAMP_relations262.tsv	5f78d08a696d5fac3d95c697b0eb05358cfa1868	EXACT_COLUMN_COPY_NO_RECALCULATION
BRCA	CAMP_BRCA1_Terunuma	03_PATIENT	20260921T150000Z_mapping262_patient_v1	mapping262_patient_v1	available_Spearman262	KEGG:C00219	arachidonate (20:4n6)	ABHD6	author_case_row	59.0	NA	Spearman_rho	-0.22647574517825836	-0.46899763519878584	0.05339300592657794	0.0845	0.2835197368421053	available_Spearman262	255.0	DONE	same_cohort_postselection;RNA_not_flux	CAMP_GSE37751_original_author_case_table	results/BRCA/03_PATIENT/20260921T150000Z_mapping262_patient_v1/CAMP_relations262.tsv	5f78d08a696d5fac3d95c697b0eb05358cfa1868	EXACT_COLUMN_COPY_NO_RECALCULATION
BRCA	CAMP_BRCA1_Terunuma	03_PATIENT	20260921T150000Z_mapping262_patient_v1	mapping262_patient_v1	processed_Spearman262	KEGG:C00219	arachidonate (20:4n6)	ACSL1	author_case_row	60.0	NA	Spearman_rho	-0.16704640177827176	-0.3975262653430226	0.0888029407934472	0.1956	0.42269491525423725	processed_Spearman262	255.0	DONE	same_cohort_postselection;RNA_not_flux	CAMP_GSE37751_original_author_case_table	results/BRCA/03_PATIENT/20260921T150000Z_mapping262_patient_v1/CAMP_relations262.tsv	5f78d08a696d5fac3d95c697b0eb05358cfa1868	EXACT_COLUMN_COPY_NO_RECALCULATION
BRCA	CAMP_BRCA1_Terunuma	03_PATIENT	20260921T150000Z_mapping262_patient_v1	mapping262_patient_v1	available_Spearman262	KEGG:C00219	arachidonate (20:4n6)	ACSL1	author_case_row	59.0	NA	Spearman_rho	-0.1310929281122151	-0.367851112008034	0.13124069319182619	0.3249	0.6129306569343066	available_Spearman262	255.0	DONE	same_cohort_postselection;RNA_not_flux	CAMP_GSE37751_original_author_case_table	results/BRCA/03_PATIENT/20260921T150000Z_mapping262_patient_v1/CAMP_relations262.tsv	5f78d08a696d5fac3d95c697b0eb05358cfa1868	EXACT_COLUMN_COPY_NO_RECALCULATION
BRCA	CAMP_BRCA1_Terunuma	03_PATIENT	20260921T150000Z_mapping262_patient_v1	mapping262_patient_v1	processed_Spearman262	KEGG:C00219	arachidonate (20:4n6)	ACSL3	author_case_row	60.0	NA	Spearman_rho	0.12470130591831068	-0.14517255775118287	0.3768888251782578	0.3412	0.574	processed_Spearman262	255.0	DONE	same_cohort_postselection;RNA_not_flux	CAMP_GSE37751_original_author_case_table	results/BRCA/03_PATIENT/20260921T150000Z_mapping262_patient_v1/CAMP_relations262.tsv	5f78d08a696d5fac3d95c697b0eb05358cfa1868	EXACT_COLUMN_COPY_NO_RECALCULATION
BRCA	CAMP_BRCA1_Terunuma	03_PATIENT	20260921T150000Z_mapping262_patient_v1	mapping262_patient_v1	available_Spearman262	KEGG:C00219	arachidonate (20:4n6)	ACSL3	author_case_row	59.0	NA	Spearman_rho	0.1272355347749854	-0.1604989481373679	0.3826615674312938	0.333	0.6152553191489362	available_Spearman262	255.0	DONE	same_cohort_postselection;RNA_not_flux	CAMP_GSE37751_original_author_case_table	results/BRCA/03_PATIENT/20260921T150000Z_mapping262_patient_v1/CAMP_relations262.tsv	5f78d08a696d5fac3d95c697b0eb05358cfa1868	EXACT_COLUMN_COPY_NO_RECALCULATION
BRCA	CAMP_BRCA1_Terunuma	03_PATIENT	20260921T150000Z_mapping262_patient_v1	mapping262_patient_v1	processed_Spearman262	KEGG:C00219	arachidonate (20:4n6)	ACSL4	author_case_row	60.0	NA	Spearman_rho	-0.20694637399277582	-0.45149517427798486	0.05127164771743014	0.1148	0.2898415841584159	processed_Spearman262	255.0	DONE	same_cohort_postselection;RNA_not_flux	CAMP_GSE37751_original_author_case_table	results/BRCA/03_PATIENT/20260921T150000Z_mapping262_patient_v1/CAMP_relations262.tsv	5f78d08a696d5fac3d95c697b0eb05358cfa1868	EXACT_COLUMN_COPY_NO_RECALCULATION
BRCA	CAMP_BRCA1_Terunuma	03_PATIENT	20260921T150000Z_mapping262_patient_v1	mapping262_patient_v1	available_Spearman262	KEGG:C00219	arachidonate (20:4n6)	ACSL4	author_case_row	59.0	NA	Spearman_rho	-0.17077732320280542	-0.42047671654618257	0.08950285696835394	0.1948	0.4822718446601942	available_Spearman262	255.0	DONE	same_cohort_postselection;RNA_not_flux	CAMP_GSE37751_original_author_case_table	results/BRCA/03_PATIENT/20260921T150000Z_mapping262_patient_v1/CAMP_relations262.tsv	5f78d08a696d5fac3d95c697b0eb05358cfa1868	EXACT_COLUMN_COPY_NO_RECALCULATION
BRCA	CAMP_BRCA1_Terunuma	03_PATIENT	20260921T150000Z_mapping262_patient_v1	mapping262_patient_v1	processed_Spearman262	KEGG:C00219	arachidonate (20:4n6)	ACSL5	author_case_row	60.0	NA	Spearman_rho	-0.04440122256182274	-0.2999784218345097	0.22479279078822942	0.7398	0.8536153846153846	processed_Spearman262	255.0	DONE	same_cohort_postselection;RNA_not_flux	CAMP_GSE37751_original_author_case_table	results/BRCA/03_PATIENT/20260921T150000Z_mapping262_patient_v1/CAMP_relations262.tsv	5f78d08a696d5fac3d95c697b0eb05358cfa1868	EXACT_COLUMN_COPY_NO_RECALCULATION
BRCA	CAMP_BRCA1_Terunuma	03_PATIENT	20260921T150000Z_mapping262_patient_v1	mapping262_patient_v1	available_Spearman262	KEGG:C00219	arachidonate (20:4n6)	ACSL5	author_case_row	59.0	NA	Spearman_rho	-0.03687901811805962	-0.29921430263979204	0.23196065174833297	0.7911	0.9163991031390134	available_Spearman262	255.0	DONE	same_cohort_postselection;RNA_not_flux	CAMP_GSE37751_original_author_case_table	results/BRCA/03_PATIENT/20260921T150000Z_mapping262_patient_v1/CAMP_relations262.tsv	5f78d08a696d5fac3d95c697b0eb05358cfa1868	EXACT_COLUMN_COPY_NO_RECALCULATION
BRCA	CAMP_BRCA1_Terunuma	03_PATIENT	20260921T150000Z_mapping262_patient_v1	mapping262_patient_v1	processed_Spearman262	KEGG:C00219	arachidonate (20:4n6)	ACSL6	author_case_row	60.0	NA	Spearman_rho	0.05879410947485413	-0.2070788560019343	0.31008923440627717	0.6495	0.8079146341463413	processed_Spearman262	255.0	DONE	same_cohort_postselection;RNA_not_flux	CAMP_GSE37751_original_author_case_table	results/BRCA/03_PATIENT/20260921T150000Z_mapping262_patient_v1/CAMP_relations262.tsv	5f78d08a696d5fac3d95c697b0eb05358cfa1868	EXACT_COLUMN_COPY_NO_RECALCULATION
BRCA	CAMP_BRCA1_Terunuma	03_PATIENT	20260921T150000Z_mapping262_patient_v1	mapping262_patient_v1	available_Spearman262	KEGG:C00219	arachidonate (20:4n6)	ACSL6	author_case_row	59.0	NA	Spearman_rho	0.03495032144944477	-0.23442554711743788	0.28364613617042167	0.7887	0.9163991031390134	available_Spearman262	255.0	DONE	same_cohort_postselection;RNA_not_flux	CAMP_GSE37751_original_author_case_table	results/BRCA/03_PATIENT/20260921T150000Z_mapping262_patient_v1/CAMP_relations262.tsv	5f78d08a696d5fac3d95c697b0eb05358cfa1868	EXACT_COLUMN_COPY_NO_RECALCULATION
BRCA	CAMP_BRCA1_Terunuma	03_PATIENT	20260921T150000Z_mapping262_patient_v1	mapping262_patient_v1	processed_Spearman262	KEGG:C00219	arachidonate (20:4n6)	ALOX15	author_case_row	60.0	NA	Spearman_rho	0.06012781328146709	-0.21998751366155161	0.3269373604015191	0.6473	0.8079146341463413	processed_Spearman262	255.0	DONE	same_cohort_postselection;RNA_not_flux	CAMP_GSE37751_original_author_case_table	results/BRCA/03_PATIENT/20260921T150000Z_mapping262_patient_v1/CAMP_relations262.tsv	5f78d08a696d5fac3d95c697b0eb05358cfa1868	EXACT_COLUMN_COPY_NO_RECALCULATION
BRCA	CAMP_BRCA1_Terunuma	03_PATIENT	20260921T150000Z_mapping262_patient_v1	mapping262_patient_v1	available_Spearman262	KEGG:C00219	arachidonate (20:4n6)	ALOX15	author_case_row	59.0	NA	Spearman_rho	0.032437171244886036	-0.2344336750459768	0.3045496824417697	0.8113	0.923578125	available_Spearman262	255.0	DONE	same_cohort_postselection;RNA_not_flux	CAMP_GSE37751_original_author_case_table	results/BRCA/03_PATIENT/20260921T150000Z_mapping262_patient_v1/CAMP_relations262.tsv	5f78d08a696d5fac3d95c697b0eb05358cfa1868	EXACT_COLUMN_COPY_NO_RECALCULATION
BRCA	CAMP_BRCA1_Terunuma	03_PATIENT	20260921T150000Z_mapping262_patient_v1	mapping262_patient_v1	processed_Spearman262	KEGG:C00219	arachidonate (20:4n6)	ALOX5	author_case_row	60.0	NA	Spearman_rho	-0.06162823006390666	-0.2921460856737953	0.18398965076798957	0.6418	0.8062019704433498	processed_Spearman262	255.0	DONE	same_cohort_postselection;RNA_not_flux	CAMP_GSE37751_original_author_case_table	results/BRCA/03_PATIENT/20260921T150000Z_mapping262_patient_v1/CAMP_relations262.tsv	5f78d08a696d5fac3d95c697b0eb05358cfa1868	EXACT_COLUMN_COPY_NO_RECALCULATION
BRCA	CAMP_BRCA1_Terunuma	03_PATIENT	20260921T150000Z_mapping262_patient_v1	mapping262_patient_v1	available_Spearman262	KEGG:C00219	arachidonate (20:4n6)	ALOX5	author_case_row	59.0	NA	Spearman_rho	-0.09894798363530101	-0.32327239526433127	0.1364953673538332	0.4605	0.6907500000000001	available_Spearman262	255.0	DONE	same_cohort_postselection;RNA_not_flux	CAMP_GSE37751_original_author_case_table	results/BRCA/03_PATIENT/20260921T150000Z_mapping262_patient_v1/CAMP_relations262.tsv	5f78d08a696d5fac3d95c697b0eb05358cfa1868	EXACT_COLUMN_COPY_NO_RECALCULATION
BRCA	CAMP_BRCA1_Terunuma	03_PATIENT	20260921T150000Z_mapping262_patient_v1	mapping262_patient_v1	processed_Spearman262	KEGG:C00219	arachidonate (20:4n6)	CYP4F2	author_case_row	60.0	NA	Spearman_rho	-0.042067240900250075	-0.3132296244334798	0.22878366669628478	0.7484	0.8557937219730941	processed_Spearman262	255.0	DONE	same_cohort_postselection;RNA_not_flux	CAMP_GSE37751_original_author_case_table	results/BRCA/03_PATIENT/20260921T150000Z_mapping262_patient_v1/CAMP_relations262.tsv	5f78d08a696d5fac3d95c697b0eb05358cfa1868	EXACT_COLUMN_COPY_NO_RECALCULATION
BRCA	CAMP_BRCA1_Terunuma	03_PATIENT	20260921T150000Z_mapping262_patient_v1	mapping262_patient_v1	available_Spearman262	KEGG:C00219	arachidonate (20:4n6)	CYP4F2	author_case_row	59.0	NA	Spearman_rho	-0.05195791934541205	-0.3029935940357676	0.22591696747947518	0.6914	0.8586611374407583	available_Spearman262	255.0	DONE	same_cohort_postselection;RNA_not_flux	CAMP_GSE37751_original_author_case_table	results/BRCA/03_PATIENT/20260921T150000Z_mapping262_patient_v1/CAMP_relations262.tsv	5f78d08a696d5fac3d95c697b0eb05358cfa1868	EXACT_COLUMN_COPY_NO_RECALCULATION
BRCA	CAMP_BRCA1_Terunuma	03_PATIENT	20260921T150000Z_mapping262_patient_v1	mapping262_patient_v1	processed_Spearman262	KEGG:C00219	arachidonate (20:4n6)	MGLL	author_case_row	60.0	NA	Spearman_rho	-0.3235343150875244	-0.5457980946883066	-0.06506941611015457	0.0108	0.09496551724137932	processed_Spearman262	255.0	DONE	same_cohort_postselection;RNA_not_flux	CAMP_GSE37751_original_author_case_table	results/BRCA/03_PATIENT/20260921T150000Z_mapping262_patient_v1/CAMP_relations262.tsv	5f78d08a696d5fac3d95c697b0eb05358cfa1868	EXACT_COLUMN_COPY_NO_RECALCULATION
BRCA	CAMP_BRCA1_Terunuma	03_PATIENT	20260921T150000Z_mapping262_patient_v1	mapping262_patient_v1	available_Spearman262	KEGG:C00219	arachidonate (20:4n6)	MGLL	author_case_row	59.0	NA	Spearman_rho	-0.3018118059614261	-0.5327319638766296	-0.030282915748662303	0.021	0.150875	available_Spearman262	255.0	DONE	same_cohort_postselection;RNA_not_flux	CAMP_GSE37751_original_author_case_table	results/BRCA/03_PATIENT/20260921T150000Z_mapping262_patient_v1/CAMP_relations262.tsv	5f78d08a696d5fac3d95c697b0eb05358cfa1868	EXACT_COLUMN_COPY_NO_RECALCULATION
BRCA	CAMP_BRCA1_Terunuma	03_PATIENT	20260921T150000Z_mapping262_patient_v1	mapping262_patient_v1	processed_Spearman262	KEGG:C00219	arachidonate (20:4n6)	PTGS1	author_case_row	60.0	NA	Spearman_rho	-0.0719088635732148	-0.3146408360731734	0.175385809757118	0.5796	0.76978125	processed_Spearman262	255.0	DONE	same_cohort_postselection;RNA_not_flux	CAMP_GSE37751_original_author_case_table	results/BRCA/03_PATIENT/20260921T150000Z_mapping262_patient_v1/CAMP_relations262.tsv	5f78d08a696d5fac3d95c697b0eb05358cfa1868	EXACT_COLUMN_COPY_NO_RECALCULATION
BRCA	CAMP_BRCA1_Terunuma	03_PATIENT	20260921T150000Z_mapping262_patient_v1	mapping262_patient_v1	available_Spearman262	KEGG:C00219	arachidonate (20:4n6)	PTGS1	author_case_row	59.0	NA	Spearman_rho	-0.11946230274693163	-0.3594553445570906	0.13533450170511613	0.3671	0.6223013245033112	available_Spearman262	255.0	DONE	same_cohort_postselection;RNA_not_flux	CAMP_GSE37751_original_author_case_table	results/BRCA/03_PATIENT/20260921T150000Z_mapping262_patient_v1/CAMP_relations262.tsv	5f78d08a696d5fac3d95c697b0eb05358cfa1868	EXACT_COLUMN_COPY_NO_RECALCULATION
BRCA	CAMP_BRCA1_Terunuma	03_PATIENT	20260921T150000Z_mapping262_patient_v1	mapping262_patient_v1	processed_Spearman262	KEGG:C00219	arachidonate (20:4n6)	PTGS2	author_case_row	60.0	NA	Spearman_rho	-0.28013337038066133	-0.5165912959271346	0.006245093311373754	0.0279	0.1451938775510204	processed_Spearman262	255.0	DONE	same_cohort_postselection;RNA_not_flux	CAMP_GSE37751_original_author_case_table	results/BRCA/03_PATIENT/20260921T150000Z_mapping262_patient_v1/CAMP_relations262.tsv	5f78d08a696d5fac3d95c697b0eb05358cfa1868	EXACT_COLUMN_COPY_NO_RECALCULATION
BRCA	CAMP_BRCA1_Terunuma	03_PATIENT	20260921T150000Z_mapping262_patient_v1	mapping262_patient_v1	available_Spearman262	KEGG:C00219	arachidonate (20:4n6)	PTGS2	author_case_row	59.0	NA	Spearman_rho	-0.24991233196960846	-0.5080016722822938	0.024917308198928692	0.0573	0.23566935483870965	available_Spearman262	255.0	DONE	same_cohort_postselection;RNA_not_flux	CAMP_GSE37751_original_author_case_table	results/BRCA/03_PATIENT/20260921T150000Z_mapping262_patient_v1/CAMP_relations262.tsv	5f78d08a696d5fac3d95c697b0eb05358cfa1868	EXACT_COLUMN_COPY_NO_RECALCULATION
BRCA	CAMP_BRCA1_Terunuma	03_PATIENT	20260921T150000Z_mapping262_patient_v1	mapping262_patient_v1	processed_Spearman262	KEGG:C00242	guanine	GDA	author_case_row	60.0	NA	Spearman_rho	-0.1589330369547096	-0.4165098474831559	0.11373101038223	0.2236	0.46356097560975607	processed_Spearman262	255.0	DONE	same_cohort_postselection;RNA_not_flux	CAMP_GSE37751_original_author_case_table	results/BRCA/03_PATIENT/20260921T150000Z_mapping262_patient_v1/CAMP_relations262.tsv	5f78d08a696d5fac3d95c697b0eb05358cfa1868	EXACT_COLUMN_COPY_NO_RECALCULATION
BRCA	CAMP_BRCA1_Terunuma	03_PATIENT	20260921T150000Z_mapping262_patient_v1	mapping262_patient_v1	available_Spearman262	KEGG:C00242	guanine	GDA	author_case_row	59.0	NA	Spearman_rho	-0.1266510812390415	-0.3897191952492044	0.1525886557086237	0.3268	0.6129306569343066	available_Spearman262	255.0	DONE	same_cohort_postselection;RNA_not_flux	CAMP_GSE37751_original_author_case_table	results/BRCA/03_PATIENT/20260921T150000Z_mapping262_patient_v1/CAMP_relations262.tsv	5f78d08a696d5fac3d95c697b0eb05358cfa1868	EXACT_COLUMN_COPY_NO_RECALCULATION
BRCA	CAMP_BRCA1_Terunuma	03_PATIENT	20260921T150000Z_mapping262_patient_v1	mapping262_patient_v1	processed_Spearman262	KEGG:C00242	guanine	HPRT1	author_case_row	60.0	NA	Spearman_rho	0.3372603500972492	0.0918508835756965	0.5526128231734357	0.0095	0.09289285714285715	processed_Spearman262	255.0	DONE	same_cohort_postselection;RNA_not_flux	CAMP_GSE37751_original_author_case_table	results/BRCA/03_PATIENT/20260921T150000Z_mapping262_patient_v1/CAMP_relations262.tsv	5f78d08a696d5fac3d95c697b0eb05358cfa1868	EXACT_COLUMN_COPY_NO_RECALCULATION
BRCA	CAMP_BRCA1_Terunuma	03_PATIENT	20260921T150000Z_mapping262_patient_v1	mapping262_patient_v1	available_Spearman262	KEGG:C00242	guanine	HPRT1	author_case_row	59.0	NA	Spearman_rho	0.3551139684395091	0.1115479688182153	0.5636779518327352	0.0072	0.09534782608695652	available_Spearman262	255.0	DONE	same_cohort_postselection;RNA_not_flux	CAMP_GSE37751_original_author_case_table	results/BRCA/03_PATIENT/20260921T150000Z_mapping262_patient_v1/CAMP_relations262.tsv	5f78d08a696d5fac3d95c697b0eb05358cfa1868	EXACT_COLUMN_COPY_NO_RECALCULATION
BRCA	CAMP_BRCA1_Terunuma	03_PATIENT	20260921T150000Z_mapping262_patient_v1	mapping262_patient_v1	processed_Spearman262	KEGG:C00242	guanine	PNP	author_case_row	60.0	NA	Spearman_rho	0.4753542650736316	0.2326388888679365	0.6800076766897828	0.0002	0.017	processed_Spearman262	255.0	DONE	same_cohort_postselection;RNA_not_flux	CAMP_GSE37751_original_author_case_table	results/BRCA/03_PATIENT/20260921T150000Z_mapping262_patient_v1/CAMP_relations262.tsv	5f78d08a696d5fac3d95c697b0eb05358cfa1868	EXACT_COLUMN_COPY_NO_RECALCULATION
BRCA	CAMP_BRCA1_Terunuma	03_PATIENT	20260921T150000Z_mapping262_patient_v1	mapping262_patient_v1	available_Spearman262	KEGG:C00242	guanine	PNP	author_case_row	59.0	NA	Spearman_rho	0.5408533021624782	0.3125853814628083	0.7174063250334637	0.0001	0.0255	available_Spearman262	255.0	DONE	same_cohort_postselection;RNA_not_flux	CAMP_GSE37751_original_author_case_table	results/BRCA/03_PATIENT/20260921T150000Z_mapping262_patient_v1/CAMP_relations262.tsv	5f78d08a696d5fac3d95c697b0eb05358cfa1868	EXACT_COLUMN_COPY_NO_RECALCULATION
BRCA	CAMP_BRCA1_Terunuma	03_PATIENT	20260921T150000Z_mapping262_patient_v1	mapping262_patient_v1	processed_Spearman262	KEGG:C00242	guanine	SLC29A2	author_case_row	60.0	NA	Spearman_rho	0.1817727146429564	-0.07958385083940661	0.42970146484351124	0.1646	0.37475892857142856	processed_Spearman262	255.0	DONE	same_cohort_postselection;RNA_not_flux	CAMP_GSE37751_original_author_case_table	results/BRCA/03_PATIENT/20260921T150000Z_mapping262_patient_v1/CAMP_relations262.tsv	5f78d08a696d5fac3d95c697b0eb05358cfa1868	EXACT_COLUMN_COPY_NO_RECALCULATION
BRCA	CAMP_BRCA1_Terunuma	03_PATIENT	20260921T150000Z_mapping262_patient_v1	mapping262_patient_v1	available_Spearman262	KEGG:C00242	guanine	SLC29A2	author_case_row	59.0	NA	Spearman_rho	0.16446522501461133	-0.09954982859993794	0.40185143169796034	0.2192	0.5035675675675676	available_Spearman262	255.0	DONE	same_cohort_postselection;RNA_not_flux	CAMP_GSE37751_original_author_case_table	results/BRCA/03_PATIENT/20260921T150000Z_mapping262_patient_v1/CAMP_relations262.tsv	5f78d08a696d5fac3d95c697b0eb05358cfa1868	EXACT_COLUMN_COPY_NO_RECALCULATION
BRCA	CAMP_BRCA1_Terunuma	03_PATIENT	20260921T150000Z_mapping262_patient_v1	mapping262_patient_v1	processed_Spearman262	KEGG:C00245	taurine	SLC6A6	author_case_row	60.0	NA	Spearman_rho	0.1644368496525688	-0.0974460554499127	0.4085775391661164	0.2021	0.43307142857142855	processed_Spearman262	255.0	DONE	same_cohort_postselection;RNA_not_flux	CAMP_GSE37751_original_author_case_table	results/BRCA/03_PATIENT/20260921T150000Z_mapping262_patient_v1/CAMP_relations262.tsv	5f78d08a696d5fac3d95c697b0eb05358cfa1868	EXACT_COLUMN_COPY_NO_RECALCULATION
BRCA	CAMP_BRCA1_Terunuma	03_PATIENT	20260921T150000Z_mapping262_patient_v1	mapping262_patient_v1	available_Spearman262	KEGG:C00245	taurine	SLC6A6	author_case_row	60.0	NA	Spearman_rho	0.1644368496525688	-0.0952725789210446	0.4109833763789212	0.2094	0.49441666666666667	available_Spearman262	255.0	DONE	same_cohort_postselection;RNA_not_flux	CAMP_GSE37751_original_author_case_table	results/BRCA/03_PATIENT/20260921T150000Z_mapping262_patient_v1/CAMP_relations262.tsv	5f78d08a696d5fac3d95c697b0eb05358cfa1868	EXACT_COLUMN_COPY_NO_RECALCULATION
BRCA	CAMP_BRCA1_Terunuma	03_PATIENT	20260921T150000Z_mapping262_patient_v1	mapping262_patient_v1	processed_Spearman262	KEGG:C00255	riboflavin (Vitamin B2)	RFK	author_case_row	60.0	NA	Spearman_rho	0.1747797341607481	-0.0804308289534701	0.4078301237175555	0.1765	0.3913695652173913	processed_Spearman262	255.0	DONE	same_cohort_postselection;RNA_not_flux	CAMP_GSE37751_original_author_case_table	results/BRCA/03_PATIENT/20260921T150000Z_mapping262_patient_v1/CAMP_relations262.tsv	5f78d08a696d5fac3d95c697b0eb05358cfa1868	EXACT_COLUMN_COPY_NO_RECALCULATION
BRCA	CAMP_BRCA1_Terunuma	03_PATIENT	20260921T150000Z_mapping262_patient_v1	mapping262_patient_v1	available_Spearman262	KEGG:C00255	riboflavin (Vitamin B2)	RFK	author_case_row	40.0	NA	Spearman_rho	0.2696060037523453	-0.041196388261851	0.5501834751086692	0.0947	0.2981296296296297	available_Spearman262	255.0	DONE	same_cohort_postselection;RNA_not_flux	CAMP_GSE37751_original_author_case_table	results/BRCA/03_PATIENT/20260921T150000Z_mapping262_patient_v1/CAMP_relations262.tsv	5f78d08a696d5fac3d95c697b0eb05358cfa1868	EXACT_COLUMN_COPY_NO_RECALCULATION
BRCA	CAMP_BRCA1_Terunuma	03_PATIENT	20260921T150000Z_mapping262_patient_v1	mapping262_patient_v1	processed_Spearman262	KEGG:C00257	gluconate	IDNK	author_case_row	60.0	NA	Spearman_rho	0.0934684069569734	-0.1410778498868509	0.3182260993921647	0.4768	0.683056179775281	processed_Spearman262	255.0	DONE	same_cohort_postselection;RNA_not_flux	CAMP_GSE37751_original_author_case_table	results/BRCA/03_PATIENT/20260921T150000Z_mapping262_patient_v1/CAMP_relations262.tsv	5f78d08a696d5fac3d95c697b0eb05358cfa1868	EXACT_COLUMN_COPY_NO_RECALCULATION
BRCA	CAMP_BRCA1_Terunuma	03_PATIENT	20260921T150000Z_mapping262_patient_v1	mapping262_patient_v1	available_Spearman262	KEGG:C00257	gluconate	IDNK	author_case_row	53.0	NA	Spearman_rho	0.104499274310595	-0.1679059330082075	0.3650214710121621	0.4568	0.6892544378698224	available_Spearman262	255.0	DONE	same_cohort_postselection;RNA_not_flux	CAMP_GSE37751_original_author_case_table	results/BRCA/03_PATIENT/20260921T150000Z_mapping262_patient_v1/CAMP_relations262.tsv	5f78d08a696d5fac3d95c697b0eb05358cfa1868	EXACT_COLUMN_COPY_NO_RECALCULATION
BRCA	CAMP_BRCA1_Terunuma	03_PATIENT	20260921T150000Z_mapping262_patient_v1	mapping262_patient_v1	processed_Spearman262	KEGG:C00262	hypoxanthine	HPRT1	author_case_row	60.0	NA	Spearman_rho	0.1567657682689636	-0.139539198745634	0.4257665821463764	0.2362	0.4780238095238095	processed_Spearman262	255.0	DONE	same_cohort_postselection;RNA_not_flux	CAMP_GSE37751_original_author_case_table	results/BRCA/03_PATIENT/20260921T150000Z_mapping262_patient_v1/CAMP_relations262.tsv	5f78d08a696d5fac3d95c697b0eb05358cfa1868	EXACT_COLUMN_COPY_NO_RECALCULATION
BRCA	CAMP_BRCA1_Terunuma	03_PATIENT	20260921T150000Z_mapping262_patient_v1	mapping262_patient_v1	available_Spearman262	KEGG:C00262	hypoxanthine	HPRT1	author_case_row	60.0	NA	Spearman_rho	0.1567657682689636	-0.1430269086296502	0.4190247042219185	0.2333	0.514396551724138	available_Spearman262	255.0	DONE	same_cohort_postselection;RNA_not_flux	CAMP_GSE37751_original_author_case_table	results/BRCA/03_PATIENT/20260921T150000Z_mapping262_patient_v1/CAMP_relations262.tsv	5f78d08a696d5fac3d95c697b0eb05358cfa1868	EXACT_COLUMN_COPY_NO_RECALCULATION
BRCA	CAMP_BRCA1_Terunuma	03_PATIENT	20260921T150000Z_mapping262_patient_v1	mapping262_patient_v1	processed_Spearman262	KEGG:C00262	hypoxanthine	PNP	author_case_row	60.0	NA	Spearman_rho	0.2559599888858017	-0.0214826517051389	0.5129067194691428	0.0493	0.18219565217391304	processed_Spearman262	255.0	DONE	same_cohort_postselection;RNA_not_flux	CAMP_GSE37751_original_author_case_table	results/BRCA/03_PATIENT/20260921T150000Z_mapping262_patient_v1/CAMP_relations262.tsv	5f78d08a696d5fac3d95c697b0eb05358cfa1868	EXACT_COLUMN_COPY_NO_RECALCULATION
BRCA	CAMP_BRCA1_Terunuma	03_PATIENT	20260921T150000Z_mapping262_patient_v1	mapping262_patient_v1	available_Spearman262	KEGG:C00262	hypoxanthine	PNP	author_case_row	60.0	NA	Spearman_rho	0.2559599888858017	-0.0171102279165295	0.505342681589	0.0504	0.2251034482758621	available_Spearman262	255.0	DONE	same_cohort_postselection;RNA_not_flux	CAMP_GSE37751_original_author_case_table	results/BRCA/03_PATIENT/20260921T150000Z_mapping262_patient_v1/CAMP_relations262.tsv	5f78d08a696d5fac3d95c697b0eb05358cfa1868	EXACT_COLUMN_COPY_NO_RECALCULATION
BRCA	CAMP_BRCA1_Terunuma	03_PATIENT	20260921T150000Z_mapping262_patient_v1	mapping262_patient_v1	processed_Spearman262	KEGG:C00262	hypoxanthine	SLC29A2	author_case_row	60.0	NA	Spearman_rho	0.26040566824117817	0.02307054277817462	0.4820214127640629	0.0437	0.17222307692307695	processed_Spearman262	255.0	DONE	same_cohort_postselection;RNA_not_flux	CAMP_GSE37751_original_author_case_table	results/BRCA/03_PATIENT/20260921T150000Z_mapping262_patient_v1/CAMP_relations262.tsv	5f78d08a696d5fac3d95c697b0eb05358cfa1868	EXACT_COLUMN_COPY_NO_RECALCULATION
BRCA	CAMP_BRCA1_Terunuma	03_PATIENT	20260921T150000Z_mapping262_patient_v1	mapping262_patient_v1	available_Spearman262	KEGG:C00262	hypoxanthine	SLC29A2	author_case_row	60.0	NA	Spearman_rho	0.26040566824117817	0.02078313276119837	0.486373544011432	0.0468	0.2193	available_Spearman262	255.0	DONE	same_cohort_postselection;RNA_not_flux	CAMP_GSE37751_original_author_case_table	results/BRCA/03_PATIENT/20260921T150000Z_mapping262_patient_v1/CAMP_relations262.tsv	5f78d08a696d5fac3d95c697b0eb05358cfa1868	EXACT_COLUMN_COPY_NO_RECALCULATION
BRCA	CAMP_BRCA1_Terunuma	03_PATIENT	20260921T150000Z_mapping262_patient_v1	mapping262_patient_v1	processed_Spearman262	KEGG:C00270	N-acetylneuraminate	CMAS	author_case_row	60.0	NA	Spearman_rho	0.1029174770769658	-0.1539240995207157	0.3585668216194072	0.4302	0.652982142857143	processed_Spearman262	255.0	DONE	same_cohort_postselection;RNA_not_flux	CAMP_GSE37751_original_author_case_table	results/BRCA/03_PATIENT/20260921T150000Z_mapping262_patient_v1/CAMP_relations262.tsv	5f78d08a696d5fac3d95c697b0eb05358cfa1868	EXACT_COLUMN_COPY_NO_RECALCULATION
BRCA	CAMP_BRCA1_Terunuma	03_PATIENT	20260921T150000Z_mapping262_patient_v1	mapping262_patient_v1	available_Spearman262	KEGG:C00270	N-acetylneuraminate	CMAS	author_case_row	60.0	NA	Spearman_rho	0.1029174770769658	-0.1600821827256859	0.3616661033330694	0.4401	0.6848571428571428	available_Spearman262	255.0	DONE	same_cohort_postselection;RNA_not_flux	CAMP_GSE37751_original_author_case_table	results/BRCA/03_PATIENT/20260921T150000Z_mapping262_patient_v1/CAMP_relations262.tsv	5f78d08a696d5fac3d95c697b0eb05358cfa1868	EXACT_COLUMN_COPY_NO_RECALCULATION
BRCA	CAMP_BRCA1_Terunuma	03_PATIENT	20260921T150000Z_mapping262_patient_v1	mapping262_patient_v1	processed_Spearman262	KEGG:C00270	N-acetylneuraminate	NPL	author_case_row	60.0	NA	Spearman_rho	-0.0432898027229786	-0.3311093738425874	0.259020382496151	0.7398	0.8536153846153846	processed_Spearman262	255.0	DONE	same_cohort_postselection;RNA_not_flux	CAMP_GSE37751_original_author_case_table	results/BRCA/03_PATIENT/20260921T150000Z_mapping262_patient_v1/CAMP_relations262.tsv	5f78d08a696d5fac3d95c697b0eb05358cfa1868	EXACT_COLUMN_COPY_NO_RECALCULATION
BRCA	CAMP_BRCA1_Terunuma	03_PATIENT	20260921T150000Z_mapping262_patient_v1	mapping262_patient_v1	available_Spearman262	KEGG:C00270	N-acetylneuraminate	NPL	author_case_row	60.0	NA	Spearman_rho	-0.0432898027229786	-0.3360822641864828	0.2522964598101397	0.7371	0.8824436619718309	available_Spearman262	255.0	DONE	same_cohort_postselection;RNA_not_flux	CAMP_GSE37751_original_author_case_table	results/BRCA/03_PATIENT/20260921T150000Z_mapping262_patient_v1/CAMP_relations262.tsv	5f78d08a696d5fac3d95c697b0eb05358cfa1868	EXACT_COLUMN_COPY_NO_RECALCULATION
BRCA	CAMP_BRCA1_Terunuma	03_PATIENT	20260921T150000Z_mapping262_patient_v1	mapping262_patient_v1	processed_Spearman262	KEGG:C00275	mannose 6-phosphate	MPI	author_case_row	60.0	NA	Spearman_rho	-0.1101444110262433	-0.3831430849605766	0.1683574966414443	0.4044	0.6212168674698795	processed_Spearman262	255.0	DONE	same_cohort_postselection;RNA_not_flux	CAMP_GSE37751_original_author_case_table	results/BRCA/03_PATIENT/20260921T150000Z_mapping262_patient_v1/CAMP_relations262.tsv	5f78d08a696d5fac3d95c697b0eb05358cfa1868	EXACT_COLUMN_COPY_NO_RECALCULATION
BRCA	CAMP_BRCA1_Terunuma	03_PATIENT	20260921T150000Z_mapping262_patient_v1	mapping262_patient_v1	available_Spearman262	KEGG:C00275	mannose 6-phosphate	MPI	author_case_row	50.0	NA	Spearman_rho	-0.2650180072028811	-0.5247280891993582	0.026240160034602	0.0619	0.24021739130434785	available_Spearman262	255.0	DONE	same_cohort_postselection;RNA_not_flux	CAMP_GSE37751_original_author_case_table	results/BRCA/03_PATIENT/20260921T150000Z_mapping262_patient_v1/CAMP_relations262.tsv	5f78d08a696d5fac3d95c697b0eb05358cfa1868	EXACT_COLUMN_COPY_NO_RECALCULATION
BRCA	CAMP_BRCA1_Terunuma	03_PATIENT	20260921T150000Z_mapping262_patient_v1	mapping262_patient_v1	processed_Spearman262	KEGG:C00275	mannose 6-phosphate	PMM1	author_case_row	60.0	NA	Spearman_rho	0.2616730432370626	0.013433455867977	0.4886067878736622	0.0439	0.17222307692307695	processed_Spearman262	255.0	DONE	same_cohort_postselection;RNA_not_flux	CAMP_GSE37751_original_author_case_table	results/BRCA/03_PATIENT/20260921T150000Z_mapping262_patient_v1/CAMP_relations262.tsv	5f78d08a696d5fac3d95c697b0eb05358cfa1868	EXACT_COLUMN_COPY_NO_RECALCULATION
BRCA	CAMP_BRCA1_Terunuma	03_PATIENT	20260921T150000Z_mapping262_patient_v1	mapping262_patient_v1	available_Spearman262	KEGG:C00275	mannose 6-phosphate	PMM1	author_case_row	50.0	NA	Spearman_rho	0.2674189675870348	-0.0286006327003036	0.5266522072846213	0.0598	0.24021739130434785	available_Spearman262	255.0	DONE	same_cohort_postselection;RNA_not_flux	CAMP_GSE37751_original_author_case_table	results/BRCA/03_PATIENT/20260921T150000Z_mapping262_patient_v1/CAMP_relations262.tsv	5f78d08a696d5fac3d95c697b0eb05358cfa1868	EXACT_COLUMN_COPY_NO_RECALCULATION
BRCA	CAMP_BRCA1_Terunuma	03_PATIENT	20260921T150000Z_mapping262_patient_v1	mapping262_patient_v1	processed_Spearman262	KEGG:C00275	mannose 6-phosphate	PMM2	author_case_row	60.0	NA	Spearman_rho	0.3579762981874417	0.1207739783936355	0.5797707555639694	0.0048	0.06799999999999999	processed_Spearman262	255.0	DONE	same_cohort_postselection;RNA_not_flux	CAMP_GSE37751_original_author_case_table	results/BRCA/03_PATIENT/20260921T150000Z_mapping262_patient_v1/CAMP_relations262.tsv	5f78d08a696d5fac3d95c697b0eb05358cfa1868	EXACT_COLUMN_COPY_NO_RECALCULATION
BRCA	CAMP_BRCA1_Terunuma	03_PATIENT	20260921T150000Z_mapping262_patient_v1	mapping262_patient_v1	available_Spearman262	KEGG:C00275	mannose 6-phosphate	PMM2	author_case_row	50.0	NA	Spearman_rho	0.3443457382953181	0.0704904178509028	0.5938662822132407	0.0146	0.1241	available_Spearman262	255.0	DONE	same_cohort_postselection;RNA_not_flux	CAMP_GSE37751_original_author_case_table	results/BRCA/03_PATIENT/20260921T150000Z_mapping262_patient_v1/CAMP_relations262.tsv	5f78d08a696d5fac3d95c697b0eb05358cfa1868	EXACT_COLUMN_COPY_NO_RECALCULATION
BRCA	CAMP_BRCA1_Terunuma	03_PATIENT	20260921T150000Z_mapping262_patient_v1	mapping262_patient_v1	processed_Spearman262	KEGG:C00294	inosine	ADA	author_case_row	60.0	NA	Spearman_rho	-0.243400944706863	-0.482414532369573	0.0145913112634765	0.0617	0.205987012987013	processed_Spearman262	255.0	DONE	same_cohort_postselection;RNA_not_flux	CAMP_GSE37751_original_author_case_table	results/BRCA/03_PATIENT/20260921T150000Z_mapping262_patient_v1/CAMP_relations262.tsv	5f78d08a696d5fac3d95c697b0eb05358cfa1868	EXACT_COLUMN_COPY_NO_RECALCULATION
BRCA	CAMP_BRCA1_Terunuma	03_PATIENT	20260921T150000Z_mapping262_patient_v1	mapping262_patient_v1	available_Spearman262	KEGG:C00294	inosine	ADA	author_case_row	60.0	NA	Spearman_rho	-0.243400944706863	-0.4842428929443793	0.012854944405305	0.0568	0.23566935483870965	available_Spearman262	255.0	DONE	same_cohort_postselection;RNA_not_flux	CAMP_GSE37751_original_author_case_table	results/BRCA/03_PATIENT/20260921T150000Z_mapping262_patient_v1/CAMP_relations262.tsv	5f78d08a696d5fac3d95c697b0eb05358cfa1868	EXACT_COLUMN_COPY_NO_RECALCULATION
BRCA	CAMP_BRCA1_Terunuma	03_PATIENT	20260921T150000Z_mapping262_patient_v1	mapping262_patient_v1	processed_Spearman262	KEGG:C00294	inosine	ADA2	author_case_row	60.0	NA	Spearman_rho	-0.2707974437343707	-0.5132639015085279	-0.0058850759005181	0.039	0.17222307692307695	processed_Spearman262	255.0	DONE	same_cohort_postselection;RNA_not_flux	CAMP_GSE37751_original_author_case_table	results/BRCA/03_PATIENT/20260921T150000Z_mapping262_patient_v1/CAMP_relations262.tsv	5f78d08a696d5fac3d95c697b0eb05358cfa1868	EXACT_COLUMN_COPY_NO_RECALCULATION
BRCA	CAMP_BRCA1_Terunuma	03_PATIENT	20260921T150000Z_mapping262_patient_v1	mapping262_patient_v1	available_Spearman262	KEGG:C00294	inosine	ADA2	author_case_row	60.0	NA	Spearman_rho	-0.2707974437343707	-0.5087032163953363	0.0018694214079713	0.036	0.19178125000000001	available_Spearman262	255.0	DONE	same_cohort_postselection;RNA_not_flux	CAMP_GSE37751_original_author_case_table	results/BRCA/03_PATIENT/20260921T150000Z_mapping262_patient_v1/CAMP_relations262.tsv	5f78d08a696d5fac3d95c697b0eb05358cfa1868	EXACT_COLUMN_COPY_NO_RECALCULATION
BRCA	CAMP_BRCA1_Terunuma	03_PATIENT	20260921T150000Z_mapping262_patient_v1	mapping262_patient_v1	processed_Spearman262	KEGG:C00294	inosine	NT5C2	author_case_row	60.0	NA	Spearman_rho	-0.21139205334815228	-0.4595502204490715	0.05220582545626233	0.1053	0.2739948979591837	processed_Spearman262	255.0	DONE	same_cohort_postselection;RNA_not_flux	CAMP_GSE37751_original_author_case_table	results/BRCA/03_PATIENT/20260921T150000Z_mapping262_patient_v1/CAMP_relations262.tsv	5f78d08a696d5fac3d95c697b0eb05358cfa1868	EXACT_COLUMN_COPY_NO_RECALCULATION
BRCA	CAMP_BRCA1_Terunuma	03_PATIENT	20260921T150000Z_mapping262_patient_v1	mapping262_patient_v1	available_Spearman262	KEGG:C00294	inosine	NT5C2	author_case_row	60.0	NA	Spearman_rho	-0.21139205334815228	-0.46843846908218906	0.06603749805657907	0.104	0.3083720930232558	available_Spearman262	255.0	DONE	same_cohort_postselection;RNA_not_flux	CAMP_GSE37751_original_author_case_table	results/BRCA/03_PATIENT/20260921T150000Z_mapping262_patient_v1/CAMP_relations262.tsv	5f78d08a696d5fac3d95c697b0eb05358cfa1868	EXACT_COLUMN_COPY_NO_RECALCULATION
BRCA	CAMP_BRCA1_Terunuma	03_PATIENT	20260921T150000Z_mapping262_patient_v1	mapping262_patient_v1	processed_Spearman262	KEGG:C00294	inosine	PNP	author_case_row	60.0	NA	Spearman_rho	-0.1438732981383718	-0.3964867169333663	0.1179654766851944	0.2715	0.5230375939849623	processed_Spearman262	255.0	DONE	same_cohort_postselection;RNA_not_flux	CAMP_GSE37751_original_author_case_table	results/BRCA/03_PATIENT/20260921T150000Z_mapping262_patient_v1/CAMP_relations262.tsv	5f78d08a696d5fac3d95c697b0eb05358cfa1868	EXACT_COLUMN_COPY_NO_RECALCULATION
BRCA	CAMP_BRCA1_Terunuma	03_PATIENT	20260921T150000Z_mapping262_patient_v1	mapping262_patient_v1	available_Spearman262	KEGG:C00294	inosine	PNP	author_case_row	60.0	NA	Spearman_rho	-0.1438732981383718	-0.3887967240202479	0.1198749686569231	0.2753	0.56508	available_Spearman262	255.0	DONE	same_cohort_postselection;RNA_not_flux	CAMP_GSE37751_original_author_case_table	results/BRCA/03_PATIENT/20260921T150000Z_mapping262_patient_v1/CAMP_relations262.tsv	5f78d08a696d5fac3d95c697b0eb05358cfa1868	EXACT_COLUMN_COPY_NO_RECALCULATION
BRCA	CAMP_BRCA1_Terunuma	03_PATIENT	20260921T150000Z_mapping262_patient_v1	mapping262_patient_v1	processed_Spearman262	KEGG:C00294	inosine	SLC29A2	author_case_row	60.0	NA	Spearman_rho	-0.11975548763545431	-0.37467871310601475	0.14311262349890863	0.3622	0.5761748466257669	processed_Spearman262	255.0	DONE	same_cohort_postselection;RNA_not_flux	CAMP_GSE37751_original_author_case_table	results/BRCA/03_PATIENT/20260921T150000Z_mapping262_patient_v1/CAMP_relations262.tsv	5f78d08a696d5fac3d95c697b0eb05358cfa1868	EXACT_COLUMN_COPY_NO_RECALCULATION
BRCA	CAMP_BRCA1_Terunuma	03_PATIENT	20260921T150000Z_mapping262_patient_v1	mapping262_patient_v1	available_Spearman262	KEGG:C00294	inosine	SLC29A2	author_case_row	60.0	NA	Spearman_rho	-0.11975548763545431	-0.3758821017294561	0.15372678110662122	0.3542	0.6161632653061225	available_Spearman262	255.0	DONE	same_cohort_postselection;RNA_not_flux	CAMP_GSE37751_original_author_case_table	results/BRCA/03_PATIENT/20260921T150000Z_mapping262_patient_v1/CAMP_relations262.tsv	5f78d08a696d5fac3d95c697b0eb05358cfa1868	EXACT_COLUMN_COPY_NO_RECALCULATION
BRCA	CAMP_BRCA1_Terunuma	03_PATIENT	20260921T150000Z_mapping262_patient_v1	mapping262_patient_v1	processed_Spearman262	KEGG:C00300	creatine	CKB	author_case_row	60.0	NA	Spearman_rho	0.2310641844956932	-0.0279641841187008	0.4712899119204941	0.0764	0.2295	processed_Spearman262	255.0	DONE	same_cohort_postselection;RNA_not_flux	CAMP_GSE37751_original_author_case_table	results/BRCA/03_PATIENT/20260921T150000Z_mapping262_patient_v1/CAMP_relations262.tsv	5f78d08a696d5fac3d95c697b0eb05358cfa1868	EXACT_COLUMN_COPY_NO_RECALCULATION
BRCA	CAMP_BRCA1_Terunuma	03_PATIENT	20260921T150000Z_mapping262_patient_v1	mapping262_patient_v1	available_Spearman262	KEGG:C00300	creatine	CKB	author_case_row	60.0	NA	Spearman_rho	0.2310641844956932	-0.0183094705706069	0.4648523265435468	0.0735	0.2603125	available_Spearman262	255.0	DONE	same_cohort_postselection;RNA_not_flux	CAMP_GSE37751_original_author_case_table	results/BRCA/03_PATIENT/20260921T150000Z_mapping262_patient_v1/CAMP_relations262.tsv	5f78d08a696d5fac3d95c697b0eb05358cfa1868	EXACT_COLUMN_COPY_NO_RECALCULATION
BRCA	CAMP_BRCA1_Terunuma	03_PATIENT	20260921T150000Z_mapping262_patient_v1	mapping262_patient_v1	processed_Spearman262	KEGG:C00300	creatine	CKM	author_case_row	60.0	NA	Spearman_rho	0.0584606835232009	-0.214275135959561	0.3292688298914779	0.661	0.810360576923077	processed_Spearman262	255.0	DONE	same_cohort_postselection;RNA_not_flux	CAMP_GSE37751_original_author_case_table	results/BRCA/03_PATIENT/20260921T150000Z_mapping262_patient_v1/CAMP_relations262.tsv	5f78d08a696d5fac3d95c697b0eb05358cfa1868	EXACT_COLUMN_COPY_NO_RECALCULATION
BRCA	CAMP_BRCA1_Terunuma	03_PATIENT	20260921T150000Z_mapping262_patient_v1	mapping262_patient_v1	available_Spearman262	KEGG:C00300	creatine	CKM	author_case_row	60.0	NA	Spearman_rho	0.0584606835232009	-0.2129694211249963	0.3124670785857464	0.6629	0.8402376237623762	available_Spearman262	255.0	DONE	same_cohort_postselection;RNA_not_flux	CAMP_GSE37751_original_author_case_table	results/BRCA/03_PATIENT/20260921T150000Z_mapping262_patient_v1/CAMP_relations262.tsv	5f78d08a696d5fac3d95c697b0eb05358cfa1868	EXACT_COLUMN_COPY_NO_RECALCULATION
BRCA	CAMP_BRCA1_Terunuma	03_PATIENT	20260921T150000Z_mapping262_patient_v1	mapping262_patient_v1	processed_Spearman262	KEGG:C00300	creatine	GAMT	author_case_row	60.0	NA	Spearman_rho	0.091636565712698	-0.1777203397075191	0.3617022460305764	0.4868	0.6896333333333333	processed_Spearman262	255.0	DONE	same_cohort_postselection;RNA_not_flux	CAMP_GSE37751_original_author_case_table	results/BRCA/03_PATIENT/20260921T150000Z_mapping262_patient_v1/CAMP_relations262.tsv	5f78d08a696d5fac3d95c697b0eb05358cfa1868	EXACT_COLUMN_COPY_NO_RECALCULATION
BRCA	CAMP_BRCA1_Terunuma	03_PATIENT	20260921T150000Z_mapping262_patient_v1	mapping262_patient_v1	available_Spearman262	KEGG:C00300	creatine	GAMT	author_case_row	60.0	NA	Spearman_rho	0.091636565712698	-0.1704304835991989	0.3578129898532174	0.479	0.7060404624277457	available_Spearman262	255.0	DONE	same_cohort_postselection;RNA_not_flux	CAMP_GSE37751_original_author_case_table	results/BRCA/03_PATIENT/20260921T150000Z_mapping262_patient_v1/CAMP_relations262.tsv	5f78d08a696d5fac3d95c697b0eb05358cfa1868	EXACT_COLUMN_COPY_NO_RECALCULATION
BRCA	CAMP_BRCA1_Terunuma	03_PATIENT	20260921T150000Z_mapping262_patient_v1	mapping262_patient_v1	processed_Spearman262	KEGG:C00300	creatine	SLC6A8	author_case_row	60.0	NA	Spearman_rho	0.2080577938316199	-0.0643808755632196	0.4543214947714128	0.1112	0.2864242424242424	processed_Spearman262	255.0	DONE	same_cohort_postselection;RNA_not_flux	CAMP_GSE37751_original_author_case_table	results/BRCA/03_PATIENT/20260921T150000Z_mapping262_patient_v1/CAMP_relations262.tsv	5f78d08a696d5fac3d95c697b0eb05358cfa1868	EXACT_COLUMN_COPY_NO_RECALCULATION
BRCA	CAMP_BRCA1_Terunuma	03_PATIENT	20260921T150000Z_mapping262_patient_v1	mapping262_patient_v1	available_Spearman262	KEGG:C00300	creatine	SLC6A8	author_case_row	60.0	NA	Spearman_rho	0.2080577938316199	-0.0744511989796523	0.4635759815930365	0.1079	0.31625862068965516	available_Spearman262	255.0	DONE	same_cohort_postselection;RNA_not_flux	CAMP_GSE37751_original_author_case_table	results/BRCA/03_PATIENT/20260921T150000Z_mapping262_patient_v1/CAMP_relations262.tsv	5f78d08a696d5fac3d95c697b0eb05358cfa1868	EXACT_COLUMN_COPY_NO_RECALCULATION
BRCA	CAMP_BRCA1_Terunuma	03_PATIENT	20260921T150000Z_mapping262_patient_v1	mapping262_patient_v1	processed_Spearman262	KEGG:C00307	cytidine 5'-diphosphocholine	CEPT1	author_case_row	60.0	NA	Spearman_rho	0.2641595468800792	-0.0012674287440426	0.5039486763096294	0.0425	0.17222307692307695	processed_Spearman262	255.0	DONE	same_cohort_postselection;RNA_not_flux	CAMP_GSE37751_original_author_case_table	results/BRCA/03_PATIENT/20260921T150000Z_mapping262_patient_v1/CAMP_relations262.tsv	5f78d08a696d5fac3d95c697b0eb05358cfa1868	EXACT_COLUMN_COPY_NO_RECALCULATION
BRCA	CAMP_BRCA1_Terunuma	03_PATIENT	20260921T150000Z_mapping262_patient_v1	mapping262_patient_v1	available_Spearman262	KEGG:C00307	cytidine 5'-diphosphocholine	CEPT1	author_case_row	49.0	NA	Spearman_rho	0.1498979591836734	-0.1419853655171382	0.4227829290808025	0.3098	0.6030458015267176	available_Spearman262	255.0	DONE	same_cohort_postselection;RNA_not_flux	CAMP_GSE37751_original_author_case_table	results/BRCA/03_PATIENT/20260921T150000Z_mapping262_patient_v1/CAMP_relations262.tsv	5f78d08a696d5fac3d95c697b0eb05358cfa1868	EXACT_COLUMN_COPY_NO_RECALCULATION
BRCA	CAMP_BRCA1_Terunuma	03_PATIENT	20260921T150000Z_mapping262_patient_v1	mapping262_patient_v1	processed_Spearman262	KEGG:C00307	cytidine 5'-diphosphocholine	CHPT1	author_case_row	60.0	NA	Spearman_rho	-0.2539588300455035	-0.4879767537106642	0.0055798401200645	0.0531	0.1907112676056338	processed_Spearman262	255.0	DONE	same_cohort_postselection;RNA_not_flux	CAMP_GSE37751_original_author_case_table	results/BRCA/03_PATIENT/20260921T150000Z_mapping262_patient_v1/CAMP_relations262.tsv	5f78d08a696d5fac3d95c697b0eb05358cfa1868	EXACT_COLUMN_COPY_NO_RECALCULATION
BRCA	CAMP_BRCA1_Terunuma	03_PATIENT	20260921T150000Z_mapping262_patient_v1	mapping262_patient_v1	available_Spearman262	KEGG:C00307	cytidine 5'-diphosphocholine	CHPT1	author_case_row	49.0	NA	Spearman_rho	-0.2838775510204081	-0.5316181968932413	-0.0035243161910423	0.0512	0.2251034482758621	available_Spearman262	255.0	DONE	same_cohort_postselection;RNA_not_flux	CAMP_GSE37751_original_author_case_table	results/BRCA/03_PATIENT/20260921T150000Z_mapping262_patient_v1/CAMP_relations262.tsv	5f78d08a696d5fac3d95c697b0eb05358cfa1868	EXACT_COLUMN_COPY_NO_RECALCULATION
BRCA	CAMP_BRCA1_Terunuma	03_PATIENT	20260921T150000Z_mapping262_patient_v1	mapping262_patient_v1	processed_Spearman262	KEGG:C00307	cytidine 5'-diphosphocholine	PCYT1A	author_case_row	60.0	NA	Spearman_rho	0.2183399335575586	-0.0541889091164824	0.4571519399466935	0.0947	0.2615806451612903	processed_Spearman262	255.0	DONE	same_cohort_postselection;RNA_not_flux	CAMP_GSE37751_original_author_case_table	results/BRCA/03_PATIENT/20260921T150000Z_mapping262_patient_v1/CAMP_relations262.tsv	5f78d08a696d5fac3d95c697b0eb05358cfa1868	EXACT_COLUMN_COPY_NO_RECALCULATION
BRCA	CAMP_BRCA1_Terunuma	03_PATIENT	20260921T150000Z_mapping262_patient_v1	mapping262_patient_v1	available_Spearman262	KEGG:C00307	cytidine 5'-diphosphocholine	PCYT1A	author_case_row	49.0	NA	Spearman_rho	0.2703061224489795	-0.0301748047371558	0.5464767069580458	0.0618	0.24021739130434785	available_Spearman262	255.0	DONE	same_cohort_postselection;RNA_not_flux	CAMP_GSE37751_original_author_case_table	results/BRCA/03_PATIENT/20260921T150000Z_mapping262_patient_v1/CAMP_relations262.tsv	5f78d08a696d5fac3d95c697b0eb05358cfa1868	EXACT_COLUMN_COPY_NO_RECALCULATION
BRCA	CAMP_BRCA1_Terunuma	03_PATIENT	20260921T150000Z_mapping262_patient_v1	mapping262_patient_v1	processed_Spearman262	KEGG:C00307	cytidine 5'-diphosphocholine	PCYT1B	author_case_row	60.0	NA	Spearman_rho	-0.2025650545182967	-0.4281573921210166	0.0439309604644873	0.1238	0.30649514563106794	processed_Spearman262	255.0	DONE	same_cohort_postselection;RNA_not_flux	CAMP_GSE37751_original_author_case_table	results/BRCA/03_PATIENT/20260921T150000Z_mapping262_patient_v1/CAMP_relations262.tsv	5f78d08a696d5fac3d95c697b0eb05358cfa1868	EXACT_COLUMN_COPY_NO_RECALCULATION
BRCA	CAMP_BRCA1_Terunuma	03_PATIENT	20260921T150000Z_mapping262_patient_v1	mapping262_patient_v1	available_Spearman262	KEGG:C00307	cytidine 5'-diphosphocholine	PCYT1B	author_case_row	49.0	NA	Spearman_rho	-0.1424489795918367	-0.402068512844057	0.1416585134667635	0.3273	0.6129306569343066	available_Spearman262	255.0	DONE	same_cohort_postselection;RNA_not_flux	CAMP_GSE37751_original_author_case_table	results/BRCA/03_PATIENT/20260921T150000Z_mapping262_patient_v1/CAMP_relations262.tsv	5f78d08a696d5fac3d95c697b0eb05358cfa1868	EXACT_COLUMN_COPY_NO_RECALCULATION
BRCA	CAMP_BRCA1_Terunuma	03_PATIENT	20260921T150000Z_mapping262_patient_v1	mapping262_patient_v1	processed_Spearman262	KEGG:C00319	sphingosine	SPHK1	author_case_row	60.0	NA	Spearman_rho	0.2203746789801146	-0.0375783973832301	0.4570897174662505	0.0934	0.2615806451612903	processed_Spearman262	255.0	DONE	same_cohort_postselection;RNA_not_flux	CAMP_GSE37751_original_author_case_table	results/BRCA/03_PATIENT/20260921T150000Z_mapping262_patient_v1/CAMP_relations262.tsv	5f78d08a696d5fac3d95c697b0eb05358cfa1868	EXACT_COLUMN_COPY_NO_RECALCULATION
BRCA	CAMP_BRCA1_Terunuma	03_PATIENT	20260921T150000Z_mapping262_patient_v1	mapping262_patient_v1	available_Spearman262	KEGG:C00319	sphingosine	SPHK1	author_case_row	45.0	NA	Spearman_rho	0.1591567852437417	-0.1690735898684486	0.4785197348299254	0.2973	0.5876860465116279	available_Spearman262	255.0	DONE	same_cohort_postselection;RNA_not_flux	CAMP_GSE37751_original_author_case_table	results/BRCA/03_PATIENT/20260921T150000Z_mapping262_patient_v1/CAMP_relations262.tsv	5f78d08a696d5fac3d95c697b0eb05358cfa1868	EXACT_COLUMN_COPY_NO_RECALCULATION
BRCA	CAMP_BRCA1_Terunuma	03_PATIENT	20260921T150000Z_mapping262_patient_v1	mapping262_patient_v1	processed_Spearman262	KEGG:C00319	sphingosine	SPHK2	author_case_row	60.0	NA	Spearman_rho	-0.2922713569620436	-0.5098193138526245	-0.0413765734921313	0.0249	0.14080434782608695	processed_Spearman262	255.0	DONE	same_cohort_postselection;RNA_not_flux	CAMP_GSE37751_original_author_case_table	results/BRCA/03_PATIENT/20260921T150000Z_mapping262_patient_v1/CAMP_relations262.tsv	5f78d08a696d5fac3d95c697b0eb05358cfa1868	EXACT_COLUMN_COPY_NO_RECALCULATION
BRCA	CAMP_BRCA1_Terunuma	03_PATIENT	20260921T150000Z_mapping262_patient_v1	mapping262_patient_v1	available_Spearman262	KEGG:C00319	sphingosine	SPHK2	author_case_row	45.0	NA	Spearman_rho	-0.0967061923583662	-0.3891173398867115	0.2137694448080098	0.5255	0.728274456521739	available_Spearman262	255.0	DONE	same_cohort_postselection;RNA_not_flux	CAMP_GSE37751_original_author_case_table	results/BRCA/03_PATIENT/20260921T150000Z_mapping262_patient_v1/CAMP_relations262.tsv	5f78d08a696d5fac3d95c697b0eb05358cfa1868	EXACT_COLUMN_COPY_NO_RECALCULATION
BRCA	CAMP_BRCA1_Terunuma	03_PATIENT	20260921T150000Z_mapping262_patient_v1	mapping262_patient_v1	processed_Spearman262	KEGG:C00327	citrulline	ASS1	author_case_row	60.0	NA	Spearman_rho	-0.1275909974993054	-0.3682261656123948	0.1263340215662144	0.3365	0.574	processed_Spearman262	255.0	DONE	same_cohort_postselection;RNA_not_flux	CAMP_GSE37751_original_author_case_table	results/BRCA/03_PATIENT/20260921T150000Z_mapping262_patient_v1/CAMP_relations262.tsv	5f78d08a696d5fac3d95c697b0eb05358cfa1868	EXACT_COLUMN_COPY_NO_RECALCULATION
BRCA	CAMP_BRCA1_Terunuma	03_PATIENT	20260921T150000Z_mapping262_patient_v1	mapping262_patient_v1	available_Spearman262	KEGG:C00327	citrulline	ASS1	author_case_row	60.0	NA	Spearman_rho	-0.1275909974993054	-0.3646803875686482	0.119722068712479	0.329	0.6129306569343066	available_Spearman262	255.0	DONE	same_cohort_postselection;RNA_not_flux	CAMP_GSE37751_original_author_case_table	results/BRCA/03_PATIENT/20260921T150000Z_mapping262_patient_v1/CAMP_relations262.tsv	5f78d08a696d5fac3d95c697b0eb05358cfa1868	EXACT_COLUMN_COPY_NO_RECALCULATION
BRCA	CAMP_BRCA1_Terunuma	03_PATIENT	20260921T150000Z_mapping262_patient_v1	mapping262_patient_v1	processed_Spearman262	KEGG:C00327	citrulline	OTC	author_case_row	60.0	NA	Spearman_rho	0.0708530147263128	-0.1952471774856484	0.3246359117477971	0.5925	0.7748076923076924	processed_Spearman262	255.0	DONE	same_cohort_postselection;RNA_not_flux	CAMP_GSE37751_original_author_case_table	results/BRCA/03_PATIENT/20260921T150000Z_mapping262_patient_v1/CAMP_relations262.tsv	5f78d08a696d5fac3d95c697b0eb05358cfa1868	EXACT_COLUMN_COPY_NO_RECALCULATION
BRCA	CAMP_BRCA1_Terunuma	03_PATIENT	20260921T150000Z_mapping262_patient_v1	mapping262_patient_v1	available_Spearman262	KEGG:C00327	citrulline	OTC	author_case_row	60.0	NA	Spearman_rho	0.0708530147263128	-0.1947369735226349	0.3191262295701888	0.5893	0.780458549222798	available_Spearman262	255.0	DONE	same_cohort_postselection;RNA_not_flux	CAMP_GSE37751_original_author_case_table	results/BRCA/03_PATIENT/20260921T150000Z_mapping262_patient_v1/CAMP_relations262.tsv	5f78d08a696d5fac3d95c697b0eb05358cfa1868	EXACT_COLUMN_COPY_NO_RECALCULATION
BRCA	CAMP_BRCA1_Terunuma	03_PATIENT	20260921T150000Z_mapping262_patient_v1	mapping262_patient_v1	processed_Spearman262	KEGG:C00328	kynurenine	AFMID	author_case_row	60.0	NA	Spearman_rho	-0.2320088913587108	-0.4604182827824979	0.020502073889637	0.074	0.22734939759036144	processed_Spearman262	255.0	DONE	same_cohort_postselection;RNA_not_flux	CAMP_GSE37751_original_author_case_table	results/BRCA/03_PATIENT/20260921T150000Z_mapping262_patient_v1/CAMP_relations262.tsv	5f78d08a696d5fac3d95c697b0eb05358cfa1868	EXACT_COLUMN_COPY_NO_RECALCULATION
BRCA	CAMP_BRCA1_Terunuma	03_PATIENT	20260921T150000Z_mapping262_patient_v1	mapping262_patient_v1	available_Spearman262	KEGG:C00328	kynurenine	AFMID	author_case_row	60.0	NA	Spearman_rho	-0.2320088913587108	-0.449028657344274	0.0052572841684666	0.0731	0.2603125	available_Spearman262	255.0	DONE	same_cohort_postselection;RNA_not_flux	CAMP_GSE37751_original_author_case_table	results/BRCA/03_PATIENT/20260921T150000Z_mapping262_patient_v1/CAMP_relations262.tsv	5f78d08a696d5fac3d95c697b0eb05358cfa1868	EXACT_COLUMN_COPY_NO_RECALCULATION
BRCA	CAMP_BRCA1_Terunuma	03_PATIENT	20260921T150000Z_mapping262_patient_v1	mapping262_patient_v1	processed_Spearman262	KEGG:C00328	kynurenine	KMO	author_case_row	60.0	NA	Spearman_rho	0.2636287857738261	-0.0076062754092055	0.4942962427885474	0.042	0.17222307692307695	processed_Spearman262	255.0	DONE	same_cohort_postselection;RNA_not_flux	CAMP_GSE37751_original_author_case_table	results/BRCA/03_PATIENT/20260921T150000Z_mapping262_patient_v1/CAMP_relations262.tsv	5f78d08a696d5fac3d95c697b0eb05358cfa1868	EXACT_COLUMN_COPY_NO_RECALCULATION
BRCA	CAMP_BRCA1_Terunuma	03_PATIENT	20260921T150000Z_mapping262_patient_v1	mapping262_patient_v1	available_Spearman262	KEGG:C00328	kynurenine	KMO	author_case_row	60.0	NA	Spearman_rho	0.2636287857738261	-0.009233896799586	0.4956517377447525	0.0444	0.21773076923076926	available_Spearman262	255.0	DONE	same_cohort_postselection;RNA_not_flux	CAMP_GSE37751_original_author_case_table	results/BRCA/03_PATIENT/20260921T150000Z_mapping262_patient_v1/CAMP_relations262.tsv	5f78d08a696d5fac3d95c697b0eb05358cfa1868	EXACT_COLUMN_COPY_NO_RECALCULATION
BRCA	CAMP_BRCA1_Terunuma	03_PATIENT	20260921T150000Z_mapping262_patient_v1	mapping262_patient_v1	processed_Spearman262	KEGG:C00328	kynurenine	KYNU	author_case_row	60.0	NA	Spearman_rho	0.4101139205334816	0.1737348579153603	0.6036640198224656	0.0006	0.019125	processed_Spearman262	255.0	DONE	same_cohort_postselection;RNA_not_flux	CAMP_GSE37751_original_author_case_table	results/BRCA/03_PATIENT/20260921T150000Z_mapping262_patient_v1/CAMP_relations262.tsv	5f78d08a696d5fac3d95c697b0eb05358cfa1868	EXACT_COLUMN_COPY_NO_RECALCULATION
BRCA	CAMP_BRCA1_Terunuma	03_PATIENT	20260921T150000Z_mapping262_patient_v1	mapping262_patient_v1	available_Spearman262	KEGG:C00328	kynurenine	KYNU	author_case_row	60.0	NA	Spearman_rho	0.4101139205334816	0.167679296722862	0.5971787513725619	0.0012	0.033999999999999996	available_Spearman262	255.0	DONE	same_cohort_postselection;RNA_not_flux	CAMP_GSE37751_original_author_case_table	results/BRCA/03_PATIENT/20260921T150000Z_mapping262_patient_v1/CAMP_relations262.tsv	5f78d08a696d5fac3d95c697b0eb05358cfa1868	EXACT_COLUMN_COPY_NO_RECALCULATION
BRCA	CAMP_BRCA1_Terunuma	03_PATIENT	20260921T150000Z_mapping262_patient_v1	mapping262_patient_v1	processed_Spearman262	KEGG:C00345	6-phosphogluconate	IDNK	author_case_row	60.0	NA	Spearman_rho	0.0730755272361815	-0.1724688590942157	0.3047158651704159	0.5829	0.7701528497409327	processed_Spearman262	255.0	DONE	same_cohort_postselection;RNA_not_flux	CAMP_GSE37751_original_author_case_table	results/BRCA/03_PATIENT/20260921T150000Z_mapping262_patient_v1/CAMP_relations262.tsv	5f78d08a696d5fac3d95c697b0eb05358cfa1868	EXACT_COLUMN_COPY_NO_RECALCULATION
BRCA	CAMP_BRCA1_Terunuma	03_PATIENT	20260921T150000Z_mapping262_patient_v1	mapping262_patient_v1	available_Spearman262	KEGG:C00345	6-phosphogluconate	IDNK	author_case_row	42.0	NA	Spearman_rho	0.1063933230694433	-0.2103895265911826	0.425133944659902	0.4982	0.7167868852459016	available_Spearman262	255.0	DONE	same_cohort_postselection;RNA_not_flux	CAMP_GSE37751_original_author_case_table	results/BRCA/03_PATIENT/20260921T150000Z_mapping262_patient_v1/CAMP_relations262.tsv	5f78d08a696d5fac3d95c697b0eb05358cfa1868	EXACT_COLUMN_COPY_NO_RECALCULATION
BRCA	CAMP_BRCA1_Terunuma	03_PATIENT	20260921T150000Z_mapping262_patient_v1	mapping262_patient_v1	processed_Spearman262	KEGG:C00345	6-phosphogluconate	PGD	author_case_row	60.0	NA	Spearman_rho	0.004687224699075	-0.2765581656061085	0.2782326800618659	0.9716	0.9912619047619048	processed_Spearman262	255.0	DONE	same_cohort_postselection;RNA_not_flux	CAMP_GSE37751_original_author_case_table	results/BRCA/03_PATIENT/20260921T150000Z_mapping262_patient_v1/CAMP_relations262.tsv	5f78d08a696d5fac3d95c697b0eb05358cfa1868	EXACT_COLUMN_COPY_NO_RECALCULATION
BRCA	CAMP_BRCA1_Terunuma	03_PATIENT	20260921T150000Z_mapping262_patient_v1	mapping262_patient_v1	available_Spearman262	KEGG:C00345	6-phosphogluconate	PGD	author_case_row	42.0	NA	Spearman_rho	0.1499878453934041	-0.1733657694075165	0.455559474080064	0.3463	0.61571875	available_Spearman262	255.0	DONE	same_cohort_postselection;RNA_not_flux	CAMP_GSE37751_original_author_case_table	results/BRCA/03_PATIENT/20260921T150000Z_mapping262_patient_v1/CAMP_relations262.tsv	5f78d08a696d5fac3d95c697b0eb05358cfa1868	EXACT_COLUMN_COPY_NO_RECALCULATION
BRCA	CAMP_BRCA1_Terunuma	03_PATIENT	20260921T150000Z_mapping262_patient_v1	mapping262_patient_v1	processed_Spearman262	KEGG:C00346	phosphoethanolamine	CHKA	author_case_row	60.0	NA	Spearman_rho	0.0801333703806613	-0.1822291783821692	0.3207457180587489	0.5356	0.7342903225806452	processed_Spearman262	255.0	DONE	same_cohort_postselection;RNA_not_flux	CAMP_GSE37751_original_author_case_table	results/BRCA/03_PATIENT/20260921T150000Z_mapping262_patient_v1/CAMP_relations262.tsv	5f78d08a696d5fac3d95c697b0eb05358cfa1868	EXACT_COLUMN_COPY_NO_RECALCULATION
BRCA	CAMP_BRCA1_Terunuma	03_PATIENT	20260921T150000Z_mapping262_patient_v1	mapping262_patient_v1	available_Spearman262	KEGG:C00346	phosphoethanolamine	CHKA	author_case_row	60.0	NA	Spearman_rho	0.0801333703806613	-0.200418716191287	0.3229382724173634	0.5475	0.7506048387096774	available_Spearman262	255.0	DONE	same_cohort_postselection;RNA_not_flux	CAMP_GSE37751_original_author_case_table	results/BRCA/03_PATIENT/20260921T150000Z_mapping262_patient_v1/CAMP_relations262.tsv	5f78d08a696d5fac3d95c697b0eb05358cfa1868	EXACT_COLUMN_COPY_NO_RECALCULATION
BRCA	CAMP_BRCA1_Terunuma	03_PATIENT	20260921T150000Z_mapping262_patient_v1	mapping262_patient_v1	processed_Spearman262	KEGG:C00346	phosphoethanolamine	CHKB	author_case_row	NA	NA	Spearman_rho	NA	NA	NA	NA	NA	processed_Spearman262	255.0	NOT_EVALUABLE	feature_missing	CAMP_GSE37751_original_author_case_table	results/BRCA/03_PATIENT/20260921T150000Z_mapping262_patient_v1/CAMP_relations262.tsv	5f78d08a696d5fac3d95c697b0eb05358cfa1868	EXACT_COLUMN_COPY_NO_RECALCULATION
BRCA	CAMP_BRCA1_Terunuma	03_PATIENT	20260921T150000Z_mapping262_patient_v1	mapping262_patient_v1	available_Spearman262	KEGG:C00346	phosphoethanolamine	CHKB	author_case_row	NA	NA	Spearman_rho	NA	NA	NA	NA	NA	available_Spearman262	255.0	NOT_EVALUABLE	feature_missing	CAMP_GSE37751_original_author_case_table	results/BRCA/03_PATIENT/20260921T150000Z_mapping262_patient_v1/CAMP_relations262.tsv	5f78d08a696d5fac3d95c697b0eb05358cfa1868	EXACT_COLUMN_COPY_NO_RECALCULATION
BRCA	CAMP_BRCA1_Terunuma	03_PATIENT	20260921T150000Z_mapping262_patient_v1	mapping262_patient_v1	processed_Spearman262	KEGG:C00346	phosphoethanolamine	ETNK1	author_case_row	60.0	NA	Spearman_rho	0.2061128091136427	-0.0614728368576653	0.460980312116247	0.1169	0.29225	processed_Spearman262	255.0	DONE	same_cohort_postselection;RNA_not_flux	CAMP_GSE37751_original_author_case_table	results/BRCA/03_PATIENT/20260921T150000Z_mapping262_patient_v1/CAMP_relations262.tsv	5f78d08a696d5fac3d95c697b0eb05358cfa1868	EXACT_COLUMN_COPY_NO_RECALCULATION
BRCA	CAMP_BRCA1_Terunuma	03_PATIENT	20260921T150000Z_mapping262_patient_v1	mapping262_patient_v1	available_Spearman262	KEGG:C00346	phosphoethanolamine	ETNK1	author_case_row	60.0	NA	Spearman_rho	0.2061128091136427	-0.0574090452675094	0.4530383875040543	0.1156	0.33497727272727273	available_Spearman262	255.0	DONE	same_cohort_postselection;RNA_not_flux	CAMP_GSE37751_original_author_case_table	results/BRCA/03_PATIENT/20260921T150000Z_mapping262_patient_v1/CAMP_relations262.tsv	5f78d08a696d5fac3d95c697b0eb05358cfa1868	EXACT_COLUMN_COPY_NO_RECALCULATION
BRCA	CAMP_BRCA1_Terunuma	03_PATIENT	20260921T150000Z_mapping262_patient_v1	mapping262_patient_v1	processed_Spearman262	KEGG:C00346	phosphoethanolamine	ETNK2	author_case_row	60.0	NA	Spearman_rho	0.2422895248680189	-0.0429653508233297	0.5010108492508023	0.0622	0.205987012987013	processed_Spearman262	255.0	DONE	same_cohort_postselection;RNA_not_flux	CAMP_GSE37751_original_author_case_table	results/BRCA/03_PATIENT/20260921T150000Z_mapping262_patient_v1/CAMP_relations262.tsv	5f78d08a696d5fac3d95c697b0eb05358cfa1868	EXACT_COLUMN_COPY_NO_RECALCULATION
BRCA	CAMP_BRCA1_Terunuma	03_PATIENT	20260921T150000Z_mapping262_patient_v1	mapping262_patient_v1	available_Spearman262	KEGG:C00346	phosphoethanolamine	ETNK2	author_case_row	60.0	NA	Spearman_rho	0.2422895248680189	-0.0395144133625041	0.5111557626481862	0.0645	0.24021739130434785	available_Spearman262	255.0	DONE	same_cohort_postselection;RNA_not_flux	CAMP_GSE37751_original_author_case_table	results/BRCA/03_PATIENT/20260921T150000Z_mapping262_patient_v1/CAMP_relations262.tsv	5f78d08a696d5fac3d95c697b0eb05358cfa1868	EXACT_COLUMN_COPY_NO_RECALCULATION
BRCA	CAMP_BRCA1_Terunuma	03_PATIENT	20260921T150000Z_mapping262_patient_v1	mapping262_patient_v1	processed_Spearman262	KEGG:C00346	phosphoethanolamine	PCYT2	author_case_row	60.0	NA	Spearman_rho	0.410502917477077	0.1636740527615949	0.6030375298778388	0.0015	0.03709090909090909	processed_Spearman262	255.0	DONE	same_cohort_postselection;RNA_not_flux	CAMP_GSE37751_original_author_case_table	results/BRCA/03_PATIENT/20260921T150000Z_mapping262_patient_v1/CAMP_relations262.tsv	5f78d08a696d5fac3d95c697b0eb05358cfa1868	EXACT_COLUMN_COPY_NO_RECALCULATION
BRCA	CAMP_BRCA1_Terunuma	03_PATIENT	20260921T150000Z_mapping262_patient_v1	mapping262_patient_v1	available_Spearman262	KEGG:C00346	phosphoethanolamine	PCYT2	author_case_row	60.0	NA	Spearman_rho	0.410502917477077	0.1775360001011061	0.6031117467836882	0.0009	0.0286875	available_Spearman262	255.0	DONE	same_cohort_postselection;RNA_not_flux	CAMP_GSE37751_original_author_case_table	results/BRCA/03_PATIENT/20260921T150000Z_mapping262_patient_v1/CAMP_relations262.tsv	5f78d08a696d5fac3d95c697b0eb05358cfa1868	EXACT_COLUMN_COPY_NO_RECALCULATION
BRCA	CAMP_BRCA1_Terunuma	03_PATIENT	20260921T150000Z_mapping262_patient_v1	mapping262_patient_v1	processed_Spearman262	KEGG:C00357	N-acetylglucosamine 6-phosphate	AMDHD2	author_case_row	60.0	NA	Spearman_rho	-0.0913321941209858	-0.3448492165761473	0.1763687489330124	0.486	0.6896333333333333	processed_Spearman262	255.0	DONE	same_cohort_postselection;RNA_not_flux	CAMP_GSE37751_original_author_case_table	results/BRCA/03_PATIENT/20260921T150000Z_mapping262_patient_v1/CAMP_relations262.tsv	5f78d08a696d5fac3d95c697b0eb05358cfa1868	EXACT_COLUMN_COPY_NO_RECALCULATION
BRCA	CAMP_BRCA1_Terunuma	03_PATIENT	20260921T150000Z_mapping262_patient_v1	mapping262_patient_v1	available_Spearman262	KEGG:C00357	N-acetylglucosamine 6-phosphate	AMDHD2	author_case_row	59.0	NA	Spearman_rho	-0.1085914669783752	-0.3744560682755333	0.1643514737364117	0.4179	0.6702169811320755	available_Spearman262	255.0	DONE	same_cohort_postselection;RNA_not_flux	CAMP_GSE37751_original_author_case_table	results/BRCA/03_PATIENT/20260921T150000Z_mapping262_patient_v1/CAMP_relations262.tsv	5f78d08a696d5fac3d95c697b0eb05358cfa1868	EXACT_COLUMN_COPY_NO_RECALCULATION
BRCA	CAMP_BRCA1_Terunuma	03_PATIENT	20260921T150000Z_mapping262_patient_v1	mapping262_patient_v1	processed_Spearman262	KEGG:C00357	N-acetylglucosamine 6-phosphate	GNPNAT1	author_case_row	60.0	NA	Spearman_rho	0.1397352005580887	-0.1276234586164777	0.3906646800035145	0.2864	0.5450149253731342	processed_Spearman262	255.0	DONE	same_cohort_postselection;RNA_not_flux	CAMP_GSE37751_original_author_case_table	results/BRCA/03_PATIENT/20260921T150000Z_mapping262_patient_v1/CAMP_relations262.tsv	5f78d08a696d5fac3d95c697b0eb05358cfa1868	EXACT_COLUMN_COPY_NO_RECALCULATION
BRCA	CAMP_BRCA1_Terunuma	03_PATIENT	20260921T150000Z_mapping262_patient_v1	mapping262_patient_v1	available_Spearman262	KEGG:C00357	N-acetylglucosamine 6-phosphate	GNPNAT1	author_case_row	59.0	NA	Spearman_rho	0.1572764465225014	-0.1082753100224231	0.404218444240348	0.234	0.514396551724138	available_Spearman262	255.0	DONE	same_cohort_postselection;RNA_not_flux	CAMP_GSE37751_original_author_case_table	results/BRCA/03_PATIENT/20260921T150000Z_mapping262_patient_v1/CAMP_relations262.tsv	5f78d08a696d5fac3d95c697b0eb05358cfa1868	EXACT_COLUMN_COPY_NO_RECALCULATION
BRCA	CAMP_BRCA1_Terunuma	03_PATIENT	20260921T150000Z_mapping262_patient_v1	mapping262_patient_v1	processed_Spearman262	KEGG:C00357	N-acetylglucosamine 6-phosphate	NAGK	author_case_row	60.0	NA	Spearman_rho	0.3108684477717034	0.0454056859978694	0.5468458372418118	0.0144	0.10483333333333333	processed_Spearman262	255.0	DONE	same_cohort_postselection;RNA_not_flux	CAMP_GSE37751_original_author_case_table	results/BRCA/03_PATIENT/20260921T150000Z_mapping262_patient_v1/CAMP_relations262.tsv	5f78d08a696d5fac3d95c697b0eb05358cfa1868	EXACT_COLUMN_COPY_NO_RECALCULATION
BRCA	CAMP_BRCA1_Terunuma	03_PATIENT	20260921T150000Z_mapping262_patient_v1	mapping262_patient_v1	available_Spearman262	KEGG:C00357	N-acetylglucosamine 6-phosphate	NAGK	author_case_row	59.0	NA	Spearman_rho	0.2819403857393338	0.0179968826423337	0.5279989946738963	0.0327	0.19039999999999999	available_Spearman262	255.0	DONE	same_cohort_postselection;RNA_not_flux	CAMP_GSE37751_original_author_case_table	results/BRCA/03_PATIENT/20260921T150000Z_mapping262_patient_v1/CAMP_relations262.tsv	5f78d08a696d5fac3d95c697b0eb05358cfa1868	EXACT_COLUMN_COPY_NO_RECALCULATION
BRCA	CAMP_BRCA1_Terunuma	03_PATIENT	20260921T150000Z_mapping262_patient_v1	mapping262_patient_v1	processed_Spearman262	KEGG:C00357	N-acetylglucosamine 6-phosphate	PGM3	author_case_row	60.0	NA	Spearman_rho	0.3450172967448374	0.0808702361253137	0.5697632270527392	0.0073	0.08204347826086957	processed_Spearman262	255.0	DONE	same_cohort_postselection;RNA_not_flux	CAMP_GSE37751_original_author_case_table	results/BRCA/03_PATIENT/20260921T150000Z_mapping262_patient_v1/CAMP_relations262.tsv	5f78d08a696d5fac3d95c697b0eb05358cfa1868	EXACT_COLUMN_COPY_NO_RECALCULATION
BRCA	CAMP_BRCA1_Terunuma	03_PATIENT	20260921T150000Z_mapping262_patient_v1	mapping262_patient_v1	available_Spearman262	KEGG:C00357	N-acetylglucosamine 6-phosphate	PGM3	author_case_row	59.0	NA	Spearman_rho	0.373115137346581	0.0992324011262652	0.6028531119767678	0.0034	0.06375	available_Spearman262	255.0	DONE	same_cohort_postselection;RNA_not_flux	CAMP_GSE37751_original_author_case_table	results/BRCA/03_PATIENT/20260921T150000Z_mapping262_patient_v1/CAMP_relations262.tsv	5f78d08a696d5fac3d95c697b0eb05358cfa1868	EXACT_COLUMN_COPY_NO_RECALCULATION
BRCA	CAMP_BRCA1_Terunuma	03_PATIENT	20260921T150000Z_mapping262_patient_v1	mapping262_patient_v1	processed_Spearman262	KEGG:C00385	xanthine	GDA	author_case_row	60.0	NA	Spearman_rho	0.2557377049180329	-0.0202681951127231	0.4995164325267628	0.0468	0.17888059701492537	processed_Spearman262	255.0	DONE	same_cohort_postselection;RNA_not_flux	CAMP_GSE37751_original_author_case_table	results/BRCA/03_PATIENT/20260921T150000Z_mapping262_patient_v1/CAMP_relations262.tsv	5f78d08a696d5fac3d95c697b0eb05358cfa1868	EXACT_COLUMN_COPY_NO_RECALCULATION
BRCA	CAMP_BRCA1_Terunuma	03_PATIENT	20260921T150000Z_mapping262_patient_v1	mapping262_patient_v1	available_Spearman262	KEGG:C00385	xanthine	GDA	author_case_row	60.0	NA	Spearman_rho	0.2557377049180329	-0.0250042938628671	0.5011325412432522	0.0484	0.22039285714285714	available_Spearman262	255.0	DONE	same_cohort_postselection;RNA_not_flux	CAMP_GSE37751_original_author_case_table	results/BRCA/03_PATIENT/20260921T150000Z_mapping262_patient_v1/CAMP_relations262.tsv	5f78d08a696d5fac3d95c697b0eb05358cfa1868	EXACT_COLUMN_COPY_NO_RECALCULATION
BRCA	CAMP_BRCA1_Terunuma	03_PATIENT	20260921T150000Z_mapping262_patient_v1	mapping262_patient_v1	processed_Spearman262	KEGG:C00429	5,6-dihydrouracil	DPYD	author_case_row	60.0	NA	Spearman_rho	0.0036204231184353	-0.2577971954297521	0.2530691883796306	0.9782	0.9912619047619048	processed_Spearman262	255.0	DONE	same_cohort_postselection;RNA_not_flux	CAMP_GSE37751_original_author_case_table	results/BRCA/03_PATIENT/20260921T150000Z_mapping262_patient_v1/CAMP_relations262.tsv	5f78d08a696d5fac3d95c697b0eb05358cfa1868	EXACT_COLUMN_COPY_NO_RECALCULATION
BRCA	CAMP_BRCA1_Terunuma	03_PATIENT	20260921T150000Z_mapping262_patient_v1	mapping262_patient_v1	available_Spearman262	KEGG:C00429	5,6-dihydrouracil	DPYD	author_case_row	50.0	NA	Spearman_rho	0.0278991596638655	-0.2670797304212118	0.3019645241550914	0.8458	0.9336753246753247	available_Spearman262	255.0	DONE	same_cohort_postselection;RNA_not_flux	CAMP_GSE37751_original_author_case_table	results/BRCA/03_PATIENT/20260921T150000Z_mapping262_patient_v1/CAMP_relations262.tsv	5f78d08a696d5fac3d95c697b0eb05358cfa1868	EXACT_COLUMN_COPY_NO_RECALCULATION
BRCA	CAMP_BRCA1_Terunuma	03_PATIENT	20260921T150000Z_mapping262_patient_v1	mapping262_patient_v1	processed_Spearman262	KEGG:C00429	5,6-dihydrouracil	DPYS	author_case_row	60.0	NA	Spearman_rho	-0.3151160583468884	-0.5525951248886899	-0.0407088682457946	0.0141	0.10483333333333333	processed_Spearman262	255.0	DONE	same_cohort_postselection;RNA_not_flux	CAMP_GSE37751_original_author_case_table	results/BRCA/03_PATIENT/20260921T150000Z_mapping262_patient_v1/CAMP_relations262.tsv	5f78d08a696d5fac3d95c697b0eb05358cfa1868	EXACT_COLUMN_COPY_NO_RECALCULATION
BRCA	CAMP_BRCA1_Terunuma	03_PATIENT	20260921T150000Z_mapping262_patient_v1	mapping262_patient_v1	available_Spearman262	KEGG:C00429	5,6-dihydrouracil	DPYS	author_case_row	50.0	NA	Spearman_rho	-0.1776230492196878	-0.4739800499186467	0.1383380643480002	0.2172	0.5035090909090909	available_Spearman262	255.0	DONE	same_cohort_postselection;RNA_not_flux	CAMP_GSE37751_original_author_case_table	results/BRCA/03_PATIENT/20260921T150000Z_mapping262_patient_v1/CAMP_relations262.tsv	5f78d08a696d5fac3d95c697b0eb05358cfa1868	EXACT_COLUMN_COPY_NO_RECALCULATION
BRCA	CAMP_BRCA1_Terunuma	03_PATIENT	20260921T150000Z_mapping262_patient_v1	mapping262_patient_v1	processed_Spearman262	KEGG:C00491	cystine	CTNS	author_case_row	60.0	NA	Spearman_rho	0.0833240721454199	-0.1614565329848721	0.3302778397650626	0.5224	0.7200648648648649	processed_Spearman262	255.0	DONE	same_cohort_postselection;RNA_not_flux	CAMP_GSE37751_original_author_case_table	results/BRCA/03_PATIENT/20260921T150000Z_mapping262_patient_v1/CAMP_relations262.tsv	5f78d08a696d5fac3d95c697b0eb05358cfa1868	EXACT_COLUMN_COPY_NO_RECALCULATION
BRCA	CAMP_BRCA1_Terunuma	03_PATIENT	20260921T150000Z_mapping262_patient_v1	mapping262_patient_v1	available_Spearman262	KEGG:C00491	cystine	CTNS	author_case_row	55.0	NA	Spearman_rho	0.1111111111111111	-0.1857962943287194	0.3853872820741253	0.4146	0.6702169811320755	available_Spearman262	255.0	DONE	same_cohort_postselection;RNA_not_flux	CAMP_GSE37751_original_author_case_table	results/BRCA/03_PATIENT/20260921T150000Z_mapping262_patient_v1/CAMP_relations262.tsv	5f78d08a696d5fac3d95c697b0eb05358cfa1868	EXACT_COLUMN_COPY_NO_RECALCULATION
BRCA	CAMP_BRCA1_Terunuma	03_PATIENT	20260921T150000Z_mapping262_patient_v1	mapping262_patient_v1	processed_Spearman262	KEGG:C00491	cystine	SLC7A11	author_case_row	60.0	NA	Spearman_rho	0.2193996749552851	-0.0480475358422205	0.4633993483930524	0.0896	0.2596363636363636	processed_Spearman262	255.0	DONE	same_cohort_postselection;RNA_not_flux	CAMP_GSE37751_original_author_case_table	results/BRCA/03_PATIENT/20260921T150000Z_mapping262_patient_v1/CAMP_relations262.tsv	5f78d08a696d5fac3d95c697b0eb05358cfa1868	EXACT_COLUMN_COPY_NO_RECALCULATION
BRCA	CAMP_BRCA1_Terunuma	03_PATIENT	20260921T150000Z_mapping262_patient_v1	mapping262_patient_v1	available_Spearman262	KEGG:C00491	cystine	SLC7A11	author_case_row	55.0	NA	Spearman_rho	0.154978354978355	-0.1304305433801864	0.4265550077823391	0.2622	0.5525702479338843	available_Spearman262	255.0	DONE	same_cohort_postselection;RNA_not_flux	CAMP_GSE37751_original_author_case_table	results/BRCA/03_PATIENT/20260921T150000Z_mapping262_patient_v1/CAMP_relations262.tsv	5f78d08a696d5fac3d95c697b0eb05358cfa1868	EXACT_COLUMN_COPY_NO_RECALCULATION
BRCA	CAMP_BRCA1_Terunuma	03_PATIENT	20260921T150000Z_mapping262_patient_v1	mapping262_patient_v1	processed_Spearman262	KEGG:C00668	glucose 6-phosphate	GPI	author_case_row	60.0	NA	Spearman_rho	0.4651847735482079	0.2483910377845794	0.6374703853172279	0.0004	0.019125	processed_Spearman262	255.0	DONE	same_cohort_postselection;RNA_not_flux	CAMP_GSE37751_original_author_case_table	results/BRCA/03_PATIENT/20260921T150000Z_mapping262_patient_v1/CAMP_relations262.tsv	5f78d08a696d5fac3d95c697b0eb05358cfa1868	EXACT_COLUMN_COPY_NO_RECALCULATION
BRCA	CAMP_BRCA1_Terunuma	03_PATIENT	20260921T150000Z_mapping262_patient_v1	mapping262_patient_v1	available_Spearman262	KEGG:C00668	glucose 6-phosphate	GPI	author_case_row	59.0	NA	Spearman_rho	0.4630040911747516	0.2432289668943606	0.6402646423592722	0.0005	0.0286875	available_Spearman262	255.0	DONE	same_cohort_postselection;RNA_not_flux	CAMP_GSE37751_original_author_case_table	results/BRCA/03_PATIENT/20260921T150000Z_mapping262_patient_v1/CAMP_relations262.tsv	5f78d08a696d5fac3d95c697b0eb05358cfa1868	EXACT_COLUMN_COPY_NO_RECALCULATION
BRCA	CAMP_BRCA1_Terunuma	03_PATIENT	20260921T150000Z_mapping262_patient_v1	mapping262_patient_v1	processed_Spearman262	KEGG:C00670	glycerophosphorylcholine (GPC)	GDPD5	author_case_row	60.0	NA	Spearman_rho	0.0516810225062517	-0.2101060900727525	0.3020400988278353	0.6907	0.8319976415094339	processed_Spearman262	255.0	DONE	same_cohort_postselection;RNA_not_flux	CAMP_GSE37751_original_author_case_table	results/BRCA/03_PATIENT/20260921T150000Z_mapping262_patient_v1/CAMP_relations262.tsv	5f78d08a696d5fac3d95c697b0eb05358cfa1868	EXACT_COLUMN_COPY_NO_RECALCULATION
BRCA	CAMP_BRCA1_Terunuma	03_PATIENT	20260921T150000Z_mapping262_patient_v1	mapping262_patient_v1	available_Spearman262	KEGG:C00670	glycerophosphorylcholine (GPC)	GDPD5	author_case_row	60.0	NA	Spearman_rho	0.0516810225062517	-0.2069726516280433	0.314154825850857	0.702	0.8586611374407583	available_Spearman262	255.0	DONE	same_cohort_postselection;RNA_not_flux	CAMP_GSE37751_original_author_case_table	results/BRCA/03_PATIENT/20260921T150000Z_mapping262_patient_v1/CAMP_relations262.tsv	5f78d08a696d5fac3d95c697b0eb05358cfa1868	EXACT_COLUMN_COPY_NO_RECALCULATION
BRCA	CAMP_BRCA1_Terunuma	03_PATIENT	20260921T150000Z_mapping262_patient_v1	mapping262_patient_v1	processed_Spearman262	KEGG:C00670	glycerophosphorylcholine (GPC)	GPCPD1	author_case_row	60.0	NA	Spearman_rho	-0.5258682967490971	-0.7020571739743982	-0.2969028070843373	0.0002	0.017	processed_Spearman262	255.0	DONE	same_cohort_postselection;RNA_not_flux	CAMP_GSE37751_original_author_case_table	results/BRCA/03_PATIENT/20260921T150000Z_mapping262_patient_v1/CAMP_relations262.tsv	5f78d08a696d5fac3d95c697b0eb05358cfa1868	EXACT_COLUMN_COPY_NO_RECALCULATION
BRCA	CAMP_BRCA1_Terunuma	03_PATIENT	20260921T150000Z_mapping262_patient_v1	mapping262_patient_v1	available_Spearman262	KEGG:C00670	glycerophosphorylcholine (GPC)	GPCPD1	author_case_row	60.0	NA	Spearman_rho	-0.5258682967490971	-0.6955690220443592	-0.2846734410566025	0.0002	0.0255	available_Spearman262	255.0	DONE	same_cohort_postselection;RNA_not_flux	CAMP_GSE37751_original_author_case_table	results/BRCA/03_PATIENT/20260921T150000Z_mapping262_patient_v1/CAMP_relations262.tsv	5f78d08a696d5fac3d95c697b0eb05358cfa1868	EXACT_COLUMN_COPY_NO_RECALCULATION
BRCA	CAMP_BRCA1_Terunuma	03_PATIENT	20260921T150000Z_mapping262_patient_v1	mapping262_patient_v1	processed_Spearman262	KEGG:C00670	glycerophosphorylcholine (GPC)	LYPLA1	author_case_row	60.0	NA	Spearman_rho	0.06290636287857738	-0.19069725083120176	0.3204010934560039	0.6353	0.8019876237623762	processed_Spearman262	255.0	DONE	same_cohort_postselection;RNA_not_flux	CAMP_GSE37751_original_author_case_table	results/BRCA/03_PATIENT/20260921T150000Z_mapping262_patient_v1/CAMP_relations262.tsv	5f78d08a696d5fac3d95c697b0eb05358cfa1868	EXACT_COLUMN_COPY_NO_RECALCULATION
BRCA	CAMP_BRCA1_Terunuma	03_PATIENT	20260921T150000Z_mapping262_patient_v1	mapping262_patient_v1	available_Spearman262	KEGG:C00670	glycerophosphorylcholine (GPC)	LYPLA1	author_case_row	60.0	NA	Spearman_rho	0.06290636287857738	-0.19930228115710422	0.3083812515053238	0.6321	0.8179318181818181	available_Spearman262	255.0	DONE	same_cohort_postselection;RNA_not_flux	CAMP_GSE37751_original_author_case_table	results/BRCA/03_PATIENT/20260921T150000Z_mapping262_patient_v1/CAMP_relations262.tsv	5f78d08a696d5fac3d95c697b0eb05358cfa1868	EXACT_COLUMN_COPY_NO_RECALCULATION
BRCA	CAMP_BRCA1_Terunuma	03_PATIENT	20260921T150000Z_mapping262_patient_v1	mapping262_patient_v1	processed_Spearman262	KEGG:C00670	glycerophosphorylcholine (GPC)	LYPLA2	author_case_row	60.0	NA	Spearman_rho	0.06990830786329537	-0.1988699782376656	0.33251837506134485	0.5899	0.7748076923076924	processed_Spearman262	255.0	DONE	same_cohort_postselection;RNA_not_flux	CAMP_GSE37751_original_author_case_table	results/BRCA/03_PATIENT/20260921T150000Z_mapping262_patient_v1/CAMP_relations262.tsv	5f78d08a696d5fac3d95c697b0eb05358cfa1868	EXACT_COLUMN_COPY_NO_RECALCULATION
BRCA	CAMP_BRCA1_Terunuma	03_PATIENT	20260921T150000Z_mapping262_patient_v1	mapping262_patient_v1	available_Spearman262	KEGG:C00670	glycerophosphorylcholine (GPC)	LYPLA2	author_case_row	60.0	NA	Spearman_rho	0.06990830786329537	-0.19701527364893637	0.32950246768450925	0.6082	0.7988692307692308	available_Spearman262	255.0	DONE	same_cohort_postselection;RNA_not_flux	CAMP_GSE37751_original_author_case_table	results/BRCA/03_PATIENT/20260921T150000Z_mapping262_patient_v1/CAMP_relations262.tsv	5f78d08a696d5fac3d95c697b0eb05358cfa1868	EXACT_COLUMN_COPY_NO_RECALCULATION
BRCA	CAMP_BRCA1_Terunuma	03_PATIENT	20260921T150000Z_mapping262_patient_v1	mapping262_patient_v1	processed_Spearman262	KEGG:C00712	oleate (18:1n9)	ABHD12	author_case_row	60.0	NA	Spearman_rho	0.36443456515698813	0.11760238858384998	0.5753797785320796	0.0038	0.0605625	processed_Spearman262	255.0	DONE	same_cohort_postselection;RNA_not_flux	CAMP_GSE37751_original_author_case_table	results/BRCA/03_PATIENT/20260921T150000Z_mapping262_patient_v1/CAMP_relations262.tsv	5f78d08a696d5fac3d95c697b0eb05358cfa1868	EXACT_COLUMN_COPY_NO_RECALCULATION
BRCA	CAMP_BRCA1_Terunuma	03_PATIENT	20260921T150000Z_mapping262_patient_v1	mapping262_patient_v1	available_Spearman262	KEGG:C00712	oleate (18:1n9)	ABHD12	author_case_row	60.0	NA	Spearman_rho	0.36443456515698813	0.1163885759309732	0.5763806648588591	0.0035	0.06375	available_Spearman262	255.0	DONE	same_cohort_postselection;RNA_not_flux	CAMP_GSE37751_original_author_case_table	results/BRCA/03_PATIENT/20260921T150000Z_mapping262_patient_v1/CAMP_relations262.tsv	5f78d08a696d5fac3d95c697b0eb05358cfa1868	EXACT_COLUMN_COPY_NO_RECALCULATION
BRCA	CAMP_BRCA1_Terunuma	03_PATIENT	20260921T150000Z_mapping262_patient_v1	mapping262_patient_v1	processed_Spearman262	KEGG:C00712	oleate (18:1n9)	ABHD6	author_case_row	60.0	NA	Spearman_rho	-0.2814670741872743	-0.502658440959863	-0.03966302703480156	0.0296	0.15096	processed_Spearman262	255.0	DONE	same_cohort_postselection;RNA_not_flux	CAMP_GSE37751_original_author_case_table	results/BRCA/03_PATIENT/20260921T150000Z_mapping262_patient_v1/CAMP_relations262.tsv	5f78d08a696d5fac3d95c697b0eb05358cfa1868	EXACT_COLUMN_COPY_NO_RECALCULATION
BRCA	CAMP_BRCA1_Terunuma	03_PATIENT	20260921T150000Z_mapping262_patient_v1	mapping262_patient_v1	available_Spearman262	KEGG:C00712	oleate (18:1n9)	ABHD6	author_case_row	60.0	NA	Spearman_rho	-0.2814670741872743	-0.4929458350216095	-0.043078256904280264	0.0296	0.18821428571428572	available_Spearman262	255.0	DONE	same_cohort_postselection;RNA_not_flux	CAMP_GSE37751_original_author_case_table	results/BRCA/03_PATIENT/20260921T150000Z_mapping262_patient_v1/CAMP_relations262.tsv	5f78d08a696d5fac3d95c697b0eb05358cfa1868	EXACT_COLUMN_COPY_NO_RECALCULATION
BRCA	CAMP_BRCA1_Terunuma	03_PATIENT	20260921T150000Z_mapping262_patient_v1	mapping262_patient_v1	processed_Spearman262	KEGG:C00712	oleate (18:1n9)	ACSL1	author_case_row	60.0	NA	Spearman_rho	-0.17115865518199505	-0.406162258668454	0.08770656640697706	0.1941	0.42269491525423725	processed_Spearman262	255.0	DONE	same_cohort_postselection;RNA_not_flux	CAMP_GSE37751_original_author_case_table	results/BRCA/03_PATIENT/20260921T150000Z_mapping262_patient_v1/CAMP_relations262.tsv	5f78d08a696d5fac3d95c697b0eb05358cfa1868	EXACT_COLUMN_COPY_NO_RECALCULATION
BRCA	CAMP_BRCA1_Terunuma	03_PATIENT	20260921T150000Z_mapping262_patient_v1	mapping262_patient_v1	available_Spearman262	KEGG:C00712	oleate (18:1n9)	ACSL1	author_case_row	60.0	NA	Spearman_rho	-0.17115865518199505	-0.41641022044155496	0.09238218697513202	0.1873	0.4685	available_Spearman262	255.0	DONE	same_cohort_postselection;RNA_not_flux	CAMP_GSE37751_original_author_case_table	results/BRCA/03_PATIENT/20260921T150000Z_mapping262_patient_v1/CAMP_relations262.tsv	5f78d08a696d5fac3d95c697b0eb05358cfa1868	EXACT_COLUMN_COPY_NO_RECALCULATION
BRCA	CAMP_BRCA1_Terunuma	03_PATIENT	20260921T150000Z_mapping262_patient_v1	mapping262_patient_v1	processed_Spearman262	KEGG:C00712	oleate (18:1n9)	ACSL3	author_case_row	60.0	NA	Spearman_rho	0.11708808002222842	-0.13501310917977638	0.3532405051400109	0.3678	0.5761748466257669	processed_Spearman262	255.0	DONE	same_cohort_postselection;RNA_not_flux	CAMP_GSE37751_original_author_case_table	results/BRCA/03_PATIENT/20260921T150000Z_mapping262_patient_v1/CAMP_relations262.tsv	5f78d08a696d5fac3d95c697b0eb05358cfa1868	EXACT_COLUMN_COPY_NO_RECALCULATION
BRCA	CAMP_BRCA1_Terunuma	03_PATIENT	20260921T150000Z_mapping262_patient_v1	mapping262_patient_v1	available_Spearman262	KEGG:C00712	oleate (18:1n9)	ACSL3	author_case_row	60.0	NA	Spearman_rho	0.11708808002222842	-0.11806640507311765	0.3397236029973734	0.3685	0.6223013245033112	available_Spearman262	255.0	DONE	same_cohort_postselection;RNA_not_flux	CAMP_GSE37751_original_author_case_table	results/BRCA/03_PATIENT/20260921T150000Z_mapping262_patient_v1/CAMP_relations262.tsv	5f78d08a696d5fac3d95c697b0eb05358cfa1868	EXACT_COLUMN_COPY_NO_RECALCULATION
BRCA	CAMP_BRCA1_Terunuma	03_PATIENT	20260921T150000Z_mapping262_patient_v1	mapping262_patient_v1	processed_Spearman262	KEGG:C00712	oleate (18:1n9)	ACSL5	author_case_row	60.0	NA	Spearman_rho	-0.12797999444290084	-0.35884963972482464	0.12426525586671881	0.3306	0.574	processed_Spearman262	255.0	DONE	same_cohort_postselection;RNA_not_flux	CAMP_GSE37751_original_author_case_table	results/BRCA/03_PATIENT/20260921T150000Z_mapping262_patient_v1/CAMP_relations262.tsv	5f78d08a696d5fac3d95c697b0eb05358cfa1868	EXACT_COLUMN_COPY_NO_RECALCULATION
BRCA	CAMP_BRCA1_Terunuma	03_PATIENT	20260921T150000Z_mapping262_patient_v1	mapping262_patient_v1	available_Spearman262	KEGG:C00712	oleate (18:1n9)	ACSL5	author_case_row	60.0	NA	Spearman_rho	-0.12797999444290084	-0.36067182500581263	0.110619573388806	0.3399	0.6152553191489362	available_Spearman262	255.0	DONE	same_cohort_postselection;RNA_not_flux	CAMP_GSE37751_original_author_case_table	results/BRCA/03_PATIENT/20260921T150000Z_mapping262_patient_v1/CAMP_relations262.tsv	5f78d08a696d5fac3d95c697b0eb05358cfa1868	EXACT_COLUMN_COPY_NO_RECALCULATION
BRCA	CAMP_BRCA1_Terunuma	03_PATIENT	20260921T150000Z_mapping262_patient_v1	mapping262_patient_v1	processed_Spearman262	KEGG:C00712	oleate (18:1n9)	LYPLA1	author_case_row	60.0	NA	Spearman_rho	0.38421783828841355	0.15987898177771595	0.5674695242615313	0.0025	0.04553571428571429	processed_Spearman262	255.0	DONE	same_cohort_postselection;RNA_not_flux	CAMP_GSE37751_original_author_case_table	results/BRCA/03_PATIENT/20260921T150000Z_mapping262_patient_v1/CAMP_relations262.tsv	5f78d08a696d5fac3d95c697b0eb05358cfa1868	EXACT_COLUMN_COPY_NO_RECALCULATION
BRCA	CAMP_BRCA1_Terunuma	03_PATIENT	20260921T150000Z_mapping262_patient_v1	mapping262_patient_v1	available_Spearman262	KEGG:C00712	oleate (18:1n9)	LYPLA1	author_case_row	60.0	NA	Spearman_rho	0.38421783828841355	0.1594185359577045	0.5797851284972306	0.002	0.051	available_Spearman262	255.0	DONE	same_cohort_postselection;RNA_not_flux	CAMP_GSE37751_original_author_case_table	results/BRCA/03_PATIENT/20260921T150000Z_mapping262_patient_v1/CAMP_relations262.tsv	5f78d08a696d5fac3d95c697b0eb05358cfa1868	EXACT_COLUMN_COPY_NO_RECALCULATION
BRCA	CAMP_BRCA1_Terunuma	03_PATIENT	20260921T150000Z_mapping262_patient_v1	mapping262_patient_v1	processed_Spearman262	KEGG:C00712	oleate (18:1n9)	MGLL	author_case_row	60.0	NA	Spearman_rho	-0.21039177549319257	-0.4344541379099144	0.03029190403729935	0.1025	0.2694587628865979	processed_Spearman262	255.0	DONE	same_cohort_postselection;RNA_not_flux	CAMP_GSE37751_original_author_case_table	results/BRCA/03_PATIENT/20260921T150000Z_mapping262_patient_v1/CAMP_relations262.tsv	5f78d08a696d5fac3d95c697b0eb05358cfa1868	EXACT_COLUMN_COPY_NO_RECALCULATION
BRCA	CAMP_BRCA1_Terunuma	03_PATIENT	20260921T150000Z_mapping262_patient_v1	mapping262_patient_v1	available_Spearman262	KEGG:C00712	oleate (18:1n9)	MGLL	author_case_row	60.0	NA	Spearman_rho	-0.21039177549319257	-0.43254298508616673	0.025410898963517406	0.1015	0.30450000000000005	available_Spearman262	255.0	DONE	same_cohort_postselection;RNA_not_flux	CAMP_GSE37751_original_author_case_table	results/BRCA/03_PATIENT/20260921T150000Z_mapping262_patient_v1/CAMP_relations262.tsv	5f78d08a696d5fac3d95c697b0eb05358cfa1868	EXACT_COLUMN_COPY_NO_RECALCULATION
BRCA	CAMP_BRCA1_Terunuma	03_PATIENT	20260921T150000Z_mapping262_patient_v1	mapping262_patient_v1	processed_Spearman262	KEGG:C00751	squalene	FDFT1	author_case_row	60.0	NA	Spearman_rho	-0.0630366457437603	-0.3196976440517053	0.1890981426952318	0.625	0.7954477611940298	processed_Spearman262	255.0	DONE	same_cohort_postselection;RNA_not_flux	CAMP_GSE37751_original_author_case_table	results/BRCA/03_PATIENT/20260921T150000Z_mapping262_patient_v1/CAMP_relations262.tsv	5f78d08a696d5fac3d95c697b0eb05358cfa1868	EXACT_COLUMN_COPY_NO_RECALCULATION
BRCA	CAMP_BRCA1_Terunuma	03_PATIENT	20260921T150000Z_mapping262_patient_v1	mapping262_patient_v1	available_Spearman262	KEGG:C00751	squalene	FDFT1	author_case_row	37.0	NA	Spearman_rho	0.0033191085822664	-0.3436334985851713	0.3304831321976263	0.986	0.9919901574803149	available_Spearman262	255.0	DONE	same_cohort_postselection;RNA_not_flux	CAMP_GSE37751_original_author_case_table	results/BRCA/03_PATIENT/20260921T150000Z_mapping262_patient_v1/CAMP_relations262.tsv	5f78d08a696d5fac3d95c697b0eb05358cfa1868	EXACT_COLUMN_COPY_NO_RECALCULATION
BRCA	CAMP_BRCA1_Terunuma	03_PATIENT	20260921T150000Z_mapping262_patient_v1	mapping262_patient_v1	processed_Spearman262	KEGG:C00751	squalene	SQLE	author_case_row	60.0	NA	Spearman_rho	0.0477585156591678	-0.2067952074004425	0.3007087849326419	0.7216	0.8440733944954129	processed_Spearman262	255.0	DONE	same_cohort_postselection;RNA_not_flux	CAMP_GSE37751_original_author_case_table	results/BRCA/03_PATIENT/20260921T150000Z_mapping262_patient_v1/CAMP_relations262.tsv	5f78d08a696d5fac3d95c697b0eb05358cfa1868	EXACT_COLUMN_COPY_NO_RECALCULATION
BRCA	CAMP_BRCA1_Terunuma	03_PATIENT	20260921T150000Z_mapping262_patient_v1	mapping262_patient_v1	available_Spearman262	KEGG:C00751	squalene	SQLE	author_case_row	37.0	NA	Spearman_rho	-0.0026078710289236	-0.3155081802046289	0.3088839882127824	0.9881	0.9919901574803149	available_Spearman262	255.0	DONE	same_cohort_postselection;RNA_not_flux	CAMP_GSE37751_original_author_case_table	results/BRCA/03_PATIENT/20260921T150000Z_mapping262_patient_v1/CAMP_relations262.tsv	5f78d08a696d5fac3d95c697b0eb05358cfa1868	EXACT_COLUMN_COPY_NO_RECALCULATION
BRCA	CAMP_BRCA1_Terunuma	03_PATIENT	20260921T150000Z_mapping262_patient_v1	mapping262_patient_v1	processed_Spearman262	KEGG:C00791	creatinine	SLC22A2	author_case_row	60.0	NA	Spearman_rho	0.21600444567935542	-0.032910210056663614	0.4375534191762112	0.0997	0.2676157894736842	processed_Spearman262	255.0	DONE	same_cohort_postselection;RNA_not_flux	CAMP_GSE37751_original_author_case_table	results/BRCA/03_PATIENT/20260921T150000Z_mapping262_patient_v1/CAMP_relations262.tsv	5f78d08a696d5fac3d95c697b0eb05358cfa1868	EXACT_COLUMN_COPY_NO_RECALCULATION
BRCA	CAMP_BRCA1_Terunuma	03_PATIENT	20260921T150000Z_mapping262_patient_v1	mapping262_patient_v1	available_Spearman262	KEGG:C00791	creatinine	SLC22A2	author_case_row	60.0	NA	Spearman_rho	0.21600444567935542	-0.03791134645898894	0.44693965140213276	0.0936	0.2981296296296297	available_Spearman262	255.0	DONE	same_cohort_postselection;RNA_not_flux	CAMP_GSE37751_original_author_case_table	results/BRCA/03_PATIENT/20260921T150000Z_mapping262_patient_v1/CAMP_relations262.tsv	5f78d08a696d5fac3d95c697b0eb05358cfa1868	EXACT_COLUMN_COPY_NO_RECALCULATION
BRCA	CAMP_BRCA1_Terunuma	03_PATIENT	20260921T150000Z_mapping262_patient_v1	mapping262_patient_v1	processed_Spearman262	KEGG:C00791	creatinine	SLC47A1	author_case_row	60.0	NA	Spearman_rho	0.2953598221728258	0.03714773074501664	0.5193341684801037	0.0196	0.119	processed_Spearman262	255.0	DONE	same_cohort_postselection;RNA_not_flux	CAMP_GSE37751_original_author_case_table	results/BRCA/03_PATIENT/20260921T150000Z_mapping262_patient_v1/CAMP_relations262.tsv	5f78d08a696d5fac3d95c697b0eb05358cfa1868	EXACT_COLUMN_COPY_NO_RECALCULATION
BRCA	CAMP_BRCA1_Terunuma	03_PATIENT	20260921T150000Z_mapping262_patient_v1	mapping262_patient_v1	available_Spearman262	KEGG:C00791	creatinine	SLC47A1	author_case_row	60.0	NA	Spearman_rho	0.2953598221728258	0.03514727204798493	0.5128125596827586	0.0213	0.150875	available_Spearman262	255.0	DONE	same_cohort_postselection;RNA_not_flux	CAMP_GSE37751_original_author_case_table	results/BRCA/03_PATIENT/20260921T150000Z_mapping262_patient_v1/CAMP_relations262.tsv	5f78d08a696d5fac3d95c697b0eb05358cfa1868	EXACT_COLUMN_COPY_NO_RECALCULATION
BRCA	CAMP_BRCA1_Terunuma	03_PATIENT	20260921T150000Z_mapping262_patient_v1	mapping262_patient_v1	processed_Spearman262	KEGG:C00791	creatinine	SLC47A2	author_case_row	60.0	NA	Spearman_rho	0.05151430953042513	-0.20235387281806178	0.29499852832609974	0.6917	0.8319976415094339	processed_Spearman262	255.0	DONE	same_cohort_postselection;RNA_not_flux	CAMP_GSE37751_original_author_case_table	results/BRCA/03_PATIENT/20260921T150000Z_mapping262_patient_v1/CAMP_relations262.tsv	5f78d08a696d5fac3d95c697b0eb05358cfa1868	EXACT_COLUMN_COPY_NO_RECALCULATION
BRCA	CAMP_BRCA1_Terunuma	03_PATIENT	20260921T150000Z_mapping262_patient_v1	mapping262_patient_v1	available_Spearman262	KEGG:C00791	creatinine	SLC47A2	author_case_row	60.0	NA	Spearman_rho	0.05151430953042513	-0.19220955550591196	0.2906309393801627	0.6984	0.8586611374407583	available_Spearman262	255.0	DONE	same_cohort_postselection;RNA_not_flux	CAMP_GSE37751_original_author_case_table	results/BRCA/03_PATIENT/20260921T150000Z_mapping262_patient_v1/CAMP_relations262.tsv	5f78d08a696d5fac3d95c697b0eb05358cfa1868	EXACT_COLUMN_COPY_NO_RECALCULATION
BRCA	CAMP_BRCA1_Terunuma	03_PATIENT	20260921T150000Z_mapping262_patient_v1	mapping262_patient_v1	processed_Spearman262	KEGG:C00794	sorbitol	SORD	author_case_row	60.0	NA	Spearman_rho	0.3510047542121118	0.0810577842487554	0.5805543688385112	0.006	0.0765	processed_Spearman262	255.0	DONE	same_cohort_postselection;RNA_not_flux	CAMP_GSE37751_original_author_case_table	results/BRCA/03_PATIENT/20260921T150000Z_mapping262_patient_v1/CAMP_relations262.tsv	5f78d08a696d5fac3d95c697b0eb05358cfa1868	EXACT_COLUMN_COPY_NO_RECALCULATION
BRCA	CAMP_BRCA1_Terunuma	03_PATIENT	20260921T150000Z_mapping262_patient_v1	mapping262_patient_v1	available_Spearman262	KEGG:C00794	sorbitol	SORD	author_case_row	34.0	NA	Spearman_rho	-0.0346829640947288	-0.4035669907965659	0.3391674931436504	0.8429	0.9336753246753247	available_Spearman262	255.0	DONE	same_cohort_postselection;RNA_not_flux	CAMP_GSE37751_original_author_case_table	results/BRCA/03_PATIENT/20260921T150000Z_mapping262_patient_v1/CAMP_relations262.tsv	5f78d08a696d5fac3d95c697b0eb05358cfa1868	EXACT_COLUMN_COPY_NO_RECALCULATION
BRCA	CAMP_BRCA1_Terunuma	03_PATIENT	20260921T150000Z_mapping262_patient_v1	mapping262_patient_v1	processed_Spearman262	KEGG:C00864	pantothenate	PANK1	author_case_row	60.0	NA	Spearman_rho	0.222117254792998	-0.0274842584652769	0.463931291457673	0.0868	0.25441379310344825	processed_Spearman262	255.0	DONE	same_cohort_postselection;RNA_not_flux	CAMP_GSE37751_original_author_case_table	results/BRCA/03_PATIENT/20260921T150000Z_mapping262_patient_v1/CAMP_relations262.tsv	5f78d08a696d5fac3d95c697b0eb05358cfa1868	EXACT_COLUMN_COPY_NO_RECALCULATION
BRCA	CAMP_BRCA1_Terunuma	03_PATIENT	20260921T150000Z_mapping262_patient_v1	mapping262_patient_v1	available_Spearman262	KEGG:C00864	pantothenate	PANK1	author_case_row	60.0	NA	Spearman_rho	0.222117254792998	-0.0443865714508789	0.4671995288867174	0.0928	0.2981296296296297	available_Spearman262	255.0	DONE	same_cohort_postselection;RNA_not_flux	CAMP_GSE37751_original_author_case_table	results/BRCA/03_PATIENT/20260921T150000Z_mapping262_patient_v1/CAMP_relations262.tsv	5f78d08a696d5fac3d95c697b0eb05358cfa1868	EXACT_COLUMN_COPY_NO_RECALCULATION
BRCA	CAMP_BRCA1_Terunuma	03_PATIENT	20260921T150000Z_mapping262_patient_v1	mapping262_patient_v1	processed_Spearman262	KEGG:C00864	pantothenate	PANK2	author_case_row	60.0	NA	Spearman_rho	-0.039899972214504	-0.2939989616124129	0.2174223248310201	0.7586	0.859891592920354	processed_Spearman262	255.0	DONE	same_cohort_postselection;RNA_not_flux	CAMP_GSE37751_original_author_case_table	results/BRCA/03_PATIENT/20260921T150000Z_mapping262_patient_v1/CAMP_relations262.tsv	5f78d08a696d5fac3d95c697b0eb05358cfa1868	EXACT_COLUMN_COPY_NO_RECALCULATION
BRCA	CAMP_BRCA1_Terunuma	03_PATIENT	20260921T150000Z_mapping262_patient_v1	mapping262_patient_v1	available_Spearman262	KEGG:C00864	pantothenate	PANK2	author_case_row	60.0	NA	Spearman_rho	-0.039899972214504	-0.2980719403017212	0.2203719676872867	0.7655	0.9079186046511627	available_Spearman262	255.0	DONE	same_cohort_postselection;RNA_not_flux	CAMP_GSE37751_original_author_case_table	results/BRCA/03_PATIENT/20260921T150000Z_mapping262_patient_v1/CAMP_relations262.tsv	5f78d08a696d5fac3d95c697b0eb05358cfa1868	EXACT_COLUMN_COPY_NO_RECALCULATION
BRCA	CAMP_BRCA1_Terunuma	03_PATIENT	20260921T150000Z_mapping262_patient_v1	mapping262_patient_v1	processed_Spearman262	KEGG:C00864	pantothenate	PANK3	author_case_row	60.0	NA	Spearman_rho	0.0282300639066407	-0.2520548757946883	0.2988393708738092	0.8271	0.8999872340425533	processed_Spearman262	255.0	DONE	same_cohort_postselection;RNA_not_flux	CAMP_GSE37751_original_author_case_table	results/BRCA/03_PATIENT/20260921T150000Z_mapping262_patient_v1/CAMP_relations262.tsv	5f78d08a696d5fac3d95c697b0eb05358cfa1868	EXACT_COLUMN_COPY_NO_RECALCULATION
BRCA	CAMP_BRCA1_Terunuma	03_PATIENT	20260921T150000Z_mapping262_patient_v1	mapping262_patient_v1	available_Spearman262	KEGG:C00864	pantothenate	PANK3	author_case_row	60.0	NA	Spearman_rho	0.0282300639066407	-0.2353547039687018	0.3082701378484417	0.8278	0.9299074889867842	available_Spearman262	255.0	DONE	same_cohort_postselection;RNA_not_flux	CAMP_GSE37751_original_author_case_table	results/BRCA/03_PATIENT/20260921T150000Z_mapping262_patient_v1/CAMP_relations262.tsv	5f78d08a696d5fac3d95c697b0eb05358cfa1868	EXACT_COLUMN_COPY_NO_RECALCULATION
BRCA	CAMP_BRCA1_Terunuma	03_PATIENT	20260921T150000Z_mapping262_patient_v1	mapping262_patient_v1	processed_Spearman262	KEGG:C01157	trans-4-hydroxyproline	PRODH2	author_case_row	60.0	NA	Spearman_rho	0.0377080992489338	-0.2206600723759652	0.2965580448013336	0.7728	0.8677828947368421	processed_Spearman262	255.0	DONE	same_cohort_postselection;RNA_not_flux	CAMP_GSE37751_original_author_case_table	results/BRCA/03_PATIENT/20260921T150000Z_mapping262_patient_v1/CAMP_relations262.tsv	5f78d08a696d5fac3d95c697b0eb05358cfa1868	EXACT_COLUMN_COPY_NO_RECALCULATION
BRCA	CAMP_BRCA1_Terunuma	03_PATIENT	20260921T150000Z_mapping262_patient_v1	mapping262_patient_v1	available_Spearman262	KEGG:C01157	trans-4-hydroxyproline	PRODH2	author_case_row	51.0	NA	Spearman_rho	0.0937556561085972	-0.198076923076923	0.3726117847021066	0.5128	0.7167868852459016	available_Spearman262	255.0	DONE	same_cohort_postselection;RNA_not_flux	CAMP_GSE37751_original_author_case_table	results/BRCA/03_PATIENT/20260921T150000Z_mapping262_patient_v1/CAMP_relations262.tsv	5f78d08a696d5fac3d95c697b0eb05358cfa1868	EXACT_COLUMN_COPY_NO_RECALCULATION
BRCA	CAMP_BRCA1_Terunuma	03_PATIENT	20260921T150000Z_mapping262_patient_v1	mapping262_patient_v1	processed_Spearman262	KEGG:C01179	4-hydroxyphenylpyruvate	HPD	author_case_row	60.0	NA	Spearman_rho	-0.1011344531206123	-0.3628655298890768	0.1728779304668966	0.4381	0.6533070175438597	processed_Spearman262	255.0	DONE	same_cohort_postselection;RNA_not_flux	CAMP_GSE37751_original_author_case_table	results/BRCA/03_PATIENT/20260921T150000Z_mapping262_patient_v1/CAMP_relations262.tsv	5f78d08a696d5fac3d95c697b0eb05358cfa1868	EXACT_COLUMN_COPY_NO_RECALCULATION
BRCA	CAMP_BRCA1_Terunuma	03_PATIENT	20260921T150000Z_mapping262_patient_v1	mapping262_patient_v1	available_Spearman262	KEGG:C01179	4-hydroxyphenylpyruvate	HPD	author_case_row	38.0	NA	Spearman_rho	0.0303096618886092	-0.3278837719298245	0.3691886847746361	0.853	0.9375646551724138	available_Spearman262	255.0	DONE	same_cohort_postselection;RNA_not_flux	CAMP_GSE37751_original_author_case_table	results/BRCA/03_PATIENT/20260921T150000Z_mapping262_patient_v1/CAMP_relations262.tsv	5f78d08a696d5fac3d95c697b0eb05358cfa1868	EXACT_COLUMN_COPY_NO_RECALCULATION
BRCA	CAMP_BRCA1_Terunuma	03_PATIENT	20260921T150000Z_mapping262_patient_v1	mapping262_patient_v1	processed_Spearman262	KEGG:C01179	4-hydroxyphenylpyruvate	TAT	author_case_row	60.0	NA	Spearman_rho	-0.1015348723354564	-0.3839003245623428	0.1795326490236573	0.4471	0.6565169491525424	processed_Spearman262	255.0	DONE	same_cohort_postselection;RNA_not_flux	CAMP_GSE37751_original_author_case_table	results/BRCA/03_PATIENT/20260921T150000Z_mapping262_patient_v1/CAMP_relations262.tsv	5f78d08a696d5fac3d95c697b0eb05358cfa1868	EXACT_COLUMN_COPY_NO_RECALCULATION
BRCA	CAMP_BRCA1_Terunuma	03_PATIENT	20260921T150000Z_mapping262_patient_v1	mapping262_patient_v1	available_Spearman262	KEGG:C01179	4-hydroxyphenylpyruvate	TAT	author_case_row	38.0	NA	Spearman_rho	0.0896159317211948	-0.2337260635326927	0.4155536861077648	0.5907	0.780458549222798	available_Spearman262	255.0	DONE	same_cohort_postselection;RNA_not_flux	CAMP_GSE37751_original_author_case_table	results/BRCA/03_PATIENT/20260921T150000Z_mapping262_patient_v1/CAMP_relations262.tsv	5f78d08a696d5fac3d95c697b0eb05358cfa1868	EXACT_COLUMN_COPY_NO_RECALCULATION
BRCA	CAMP_BRCA1_Terunuma	03_PATIENT	20260921T150000Z_mapping262_patient_v1	mapping262_patient_v1	processed_Spearman262	KEGG:C01181	deoxycarnitine	BBOX1	author_case_row	60.0	NA	Spearman_rho	-0.2677169730318522	-0.5009065913170542	-0.002059405358692	0.038	0.17222307692307695	processed_Spearman262	255.0	DONE	same_cohort_postselection;RNA_not_flux	CAMP_GSE37751_original_author_case_table	results/BRCA/03_PATIENT/20260921T150000Z_mapping262_patient_v1/CAMP_relations262.tsv	5f78d08a696d5fac3d95c697b0eb05358cfa1868	EXACT_COLUMN_COPY_NO_RECALCULATION
BRCA	CAMP_BRCA1_Terunuma	03_PATIENT	20260921T150000Z_mapping262_patient_v1	mapping262_patient_v1	available_Spearman262	KEGG:C01181	deoxycarnitine	BBOX1	author_case_row	59.0	NA	Spearman_rho	-0.2436586791350088	-0.4960071555879161	0.025611622633321	0.064	0.24021739130434785	available_Spearman262	255.0	DONE	same_cohort_postselection;RNA_not_flux	CAMP_GSE37751_original_author_case_table	results/BRCA/03_PATIENT/20260921T150000Z_mapping262_patient_v1/CAMP_relations262.tsv	5f78d08a696d5fac3d95c697b0eb05358cfa1868	EXACT_COLUMN_COPY_NO_RECALCULATION
BRCA	CAMP_BRCA1_Terunuma	03_PATIENT	20260921T150000Z_mapping262_patient_v1	mapping262_patient_v1	processed_Spearman262	KEGG:C01530	stearate (18:0)	ABHD12	author_case_row	60.0	NA	Spearman_rho	-0.048569046957488204	-0.29943918554437393	0.20791130579103015	0.715	0.8440733944954129	processed_Spearman262	255.0	DONE	same_cohort_postselection;RNA_not_flux	CAMP_GSE37751_original_author_case_table	results/BRCA/03_PATIENT/20260921T150000Z_mapping262_patient_v1/CAMP_relations262.tsv	5f78d08a696d5fac3d95c697b0eb05358cfa1868	EXACT_COLUMN_COPY_NO_RECALCULATION
BRCA	CAMP_BRCA1_Terunuma	03_PATIENT	20260921T150000Z_mapping262_patient_v1	mapping262_patient_v1	available_Spearman262	KEGG:C01530	stearate (18:0)	ABHD12	author_case_row	60.0	NA	Spearman_rho	-0.048569046957488204	-0.2966256997204988	0.2111995977789782	0.704	0.8586611374407583	available_Spearman262	255.0	DONE	same_cohort_postselection;RNA_not_flux	CAMP_GSE37751_original_author_case_table	results/BRCA/03_PATIENT/20260921T150000Z_mapping262_patient_v1/CAMP_relations262.tsv	5f78d08a696d5fac3d95c697b0eb05358cfa1868	EXACT_COLUMN_COPY_NO_RECALCULATION
BRCA	CAMP_BRCA1_Terunuma	03_PATIENT	20260921T150000Z_mapping262_patient_v1	mapping262_patient_v1	processed_Spearman262	KEGG:C01530	stearate (18:0)	ACSL3	author_case_row	60.0	NA	Spearman_rho	-0.018782995276465687	-0.28731159264535716	0.24796391139778712	0.8871	0.9504642857142857	processed_Spearman262	255.0	DONE	same_cohort_postselection;RNA_not_flux	CAMP_GSE37751_original_author_case_table	results/BRCA/03_PATIENT/20260921T150000Z_mapping262_patient_v1/CAMP_relations262.tsv	5f78d08a696d5fac3d95c697b0eb05358cfa1868	EXACT_COLUMN_COPY_NO_RECALCULATION
BRCA	CAMP_BRCA1_Terunuma	03_PATIENT	20260921T150000Z_mapping262_patient_v1	mapping262_patient_v1	available_Spearman262	KEGG:C01530	stearate (18:0)	ACSL3	author_case_row	60.0	NA	Spearman_rho	-0.018782995276465687	-0.2887894289953401	0.24703670272510048	0.8863	0.9496071428571429	available_Spearman262	255.0	DONE	same_cohort_postselection;RNA_not_flux	CAMP_GSE37751_original_author_case_table	results/BRCA/03_PATIENT/20260921T150000Z_mapping262_patient_v1/CAMP_relations262.tsv	5f78d08a696d5fac3d95c697b0eb05358cfa1868	EXACT_COLUMN_COPY_NO_RECALCULATION
BRCA	CAMP_BRCA1_Terunuma	03_PATIENT	20260921T150000Z_mapping262_patient_v1	mapping262_patient_v1	processed_Spearman262	KEGG:C01530	stearate (18:0)	LYPLA2	author_case_row	60.0	NA	Spearman_rho	0.08646846346207282	-0.19074449550247793	0.3507254444820147	0.506	0.7050819672131148	processed_Spearman262	255.0	DONE	same_cohort_postselection;RNA_not_flux	CAMP_GSE37751_original_author_case_table	results/BRCA/03_PATIENT/20260921T150000Z_mapping262_patient_v1/CAMP_relations262.tsv	5f78d08a696d5fac3d95c697b0eb05358cfa1868	EXACT_COLUMN_COPY_NO_RECALCULATION
BRCA	CAMP_BRCA1_Terunuma	03_PATIENT	20260921T150000Z_mapping262_patient_v1	mapping262_patient_v1	available_Spearman262	KEGG:C01530	stearate (18:0)	LYPLA2	author_case_row	60.0	NA	Spearman_rho	0.08646846346207282	-0.18631726731293788	0.3564684231017489	0.5144	0.7167868852459016	available_Spearman262	255.0	DONE	same_cohort_postselection;RNA_not_flux	CAMP_GSE37751_original_author_case_table	results/BRCA/03_PATIENT/20260921T150000Z_mapping262_patient_v1/CAMP_relations262.tsv	5f78d08a696d5fac3d95c697b0eb05358cfa1868	EXACT_COLUMN_COPY_NO_RECALCULATION
BRCA	CAMP_BRCA1_Terunuma	03_PATIENT	20260921T150000Z_mapping262_patient_v1	mapping262_patient_v1	processed_Spearman262	KEGG:C01530	stearate (18:0)	MGLL	author_case_row	60.0	NA	Spearman_rho	-0.06529591553209227	-0.32483220031038174	0.2109501952876438	0.6244	0.7954477611940298	processed_Spearman262	255.0	DONE	same_cohort_postselection;RNA_not_flux	CAMP_GSE37751_original_author_case_table	results/BRCA/03_PATIENT/20260921T150000Z_mapping262_patient_v1/CAMP_relations262.tsv	5f78d08a696d5fac3d95c697b0eb05358cfa1868	EXACT_COLUMN_COPY_NO_RECALCULATION
BRCA	CAMP_BRCA1_Terunuma	03_PATIENT	20260921T150000Z_mapping262_patient_v1	mapping262_patient_v1	available_Spearman262	KEGG:C01530	stearate (18:0)	MGLL	author_case_row	60.0	NA	Spearman_rho	-0.06529591553209227	-0.3192577079764094	0.20234743568413288	0.6247	0.8127474489795918	available_Spearman262	255.0	DONE	same_cohort_postselection;RNA_not_flux	CAMP_GSE37751_original_author_case_table	results/BRCA/03_PATIENT/20260921T150000Z_mapping262_patient_v1/CAMP_relations262.tsv	5f78d08a696d5fac3d95c697b0eb05358cfa1868	EXACT_COLUMN_COPY_NO_RECALCULATION
BRCA	CAMP_BRCA1_Terunuma	03_PATIENT	20260921T150000Z_mapping262_patient_v1	mapping262_patient_v1	processed_Spearman262	KEGG:C01762	xanthosine	NT5C2	author_case_row	60.0	NA	Spearman_rho	0.11939855442437854	-0.14803673093140632	0.37370023118772366	0.3603	0.5761748466257669	processed_Spearman262	255.0	DONE	same_cohort_postselection;RNA_not_flux	CAMP_GSE37751_original_author_case_table	results/BRCA/03_PATIENT/20260921T150000Z_mapping262_patient_v1/CAMP_relations262.tsv	5f78d08a696d5fac3d95c697b0eb05358cfa1868	EXACT_COLUMN_COPY_NO_RECALCULATION
BRCA	CAMP_BRCA1_Terunuma	03_PATIENT	20260921T150000Z_mapping262_patient_v1	mapping262_patient_v1	available_Spearman262	KEGG:C01762	xanthosine	NT5C2	author_case_row	49.0	NA	Spearman_rho	0.012551020408163265	-0.2772999501618934	0.3168565599202103	0.9339	0.9720183673469387	available_Spearman262	255.0	DONE	same_cohort_postselection;RNA_not_flux	CAMP_GSE37751_original_author_case_table	results/BRCA/03_PATIENT/20260921T150000Z_mapping262_patient_v1/CAMP_relations262.tsv	5f78d08a696d5fac3d95c697b0eb05358cfa1868	EXACT_COLUMN_COPY_NO_RECALCULATION
BRCA	CAMP_BRCA1_Terunuma	03_PATIENT	20260921T150000Z_mapping262_patient_v1	mapping262_patient_v1	processed_Spearman262	KEGG:C01835	maltotriose	MGAM	author_case_row	60.0	NA	Spearman_rho	-0.0997684814713706	-0.3550538508688451	0.1472531968952471	0.4556	0.6565169491525424	processed_Spearman262	255.0	DONE	same_cohort_postselection;RNA_not_flux	CAMP_GSE37751_original_author_case_table	results/BRCA/03_PATIENT/20260921T150000Z_mapping262_patient_v1/CAMP_relations262.tsv	5f78d08a696d5fac3d95c697b0eb05358cfa1868	EXACT_COLUMN_COPY_NO_RECALCULATION
BRCA	CAMP_BRCA1_Terunuma	03_PATIENT	20260921T150000Z_mapping262_patient_v1	mapping262_patient_v1	available_Spearman262	KEGG:C01835	maltotriose	MGAM	author_case_row	42.0	NA	Spearman_rho	-0.2402560570456202	-0.5212702919654773	0.0782520853902433	0.1215	0.3481179775280899	available_Spearman262	255.0	DONE	same_cohort_postselection;RNA_not_flux	CAMP_GSE37751_original_author_case_table	results/BRCA/03_PATIENT/20260921T150000Z_mapping262_patient_v1/CAMP_relations262.tsv	5f78d08a696d5fac3d95c697b0eb05358cfa1868	EXACT_COLUMN_COPY_NO_RECALCULATION
BRCA	CAMP_BRCA1_Terunuma	03_PATIENT	20260921T150000Z_mapping262_patient_v1	mapping262_patient_v1	processed_Spearman262	KEGG:C01885	1-palmitoylglycerol (1-monopalmitin)	ABHD12	author_case_row	60.0	NA	Spearman_rho	0.3060356683255746	0.05747273418298629	0.5186417598693568	0.0178	0.11132926829268291	processed_Spearman262	255.0	DONE	same_cohort_postselection;RNA_not_flux	CAMP_GSE37751_original_author_case_table	results/BRCA/03_PATIENT/20260921T150000Z_mapping262_patient_v1/CAMP_relations262.tsv	5f78d08a696d5fac3d95c697b0eb05358cfa1868	EXACT_COLUMN_COPY_NO_RECALCULATION
BRCA	CAMP_BRCA1_Terunuma	03_PATIENT	20260921T150000Z_mapping262_patient_v1	mapping262_patient_v1	available_Spearman262	KEGG:C01885	1-palmitoylglycerol (1-monopalmitin)	ABHD12	author_case_row	39.0	NA	Spearman_rho	0.41659919028340087	0.13448177427725047	0.6374025314814105	0.0085	0.09534782608695652	available_Spearman262	255.0	DONE	same_cohort_postselection;RNA_not_flux	CAMP_GSE37751_original_author_case_table	results/BRCA/03_PATIENT/20260921T150000Z_mapping262_patient_v1/CAMP_relations262.tsv	5f78d08a696d5fac3d95c697b0eb05358cfa1868	EXACT_COLUMN_COPY_NO_RECALCULATION
BRCA	CAMP_BRCA1_Terunuma	03_PATIENT	20260921T150000Z_mapping262_patient_v1	mapping262_patient_v1	processed_Spearman262	KEGG:C01885	1-palmitoylglycerol (1-monopalmitin)	MGLL	author_case_row	60.0	NA	Spearman_rho	-0.28530385337775827	-0.5188068754931126	-0.012270031416946464	0.0277	0.1451938775510204	processed_Spearman262	255.0	DONE	same_cohort_postselection;RNA_not_flux	CAMP_GSE37751_original_author_case_table	results/BRCA/03_PATIENT/20260921T150000Z_mapping262_patient_v1/CAMP_relations262.tsv	5f78d08a696d5fac3d95c697b0eb05358cfa1868	EXACT_COLUMN_COPY_NO_RECALCULATION
BRCA	CAMP_BRCA1_Terunuma	03_PATIENT	20260921T150000Z_mapping262_patient_v1	mapping262_patient_v1	available_Spearman262	KEGG:C01885	1-palmitoylglycerol (1-monopalmitin)	MGLL	author_case_row	39.0	NA	Spearman_rho	-0.41194331983805665	-0.6249273757603173	-0.1383312339949827	0.0084	0.09534782608695652	available_Spearman262	255.0	DONE	same_cohort_postselection;RNA_not_flux	CAMP_GSE37751_original_author_case_table	results/BRCA/03_PATIENT/20260921T150000Z_mapping262_patient_v1/CAMP_relations262.tsv	5f78d08a696d5fac3d95c697b0eb05358cfa1868	EXACT_COLUMN_COPY_NO_RECALCULATION
BRCA	CAMP_BRCA1_Terunuma	03_PATIENT	20260921T150000Z_mapping262_patient_v1	mapping262_patient_v1	processed_Spearman262	KEGG:C02067	pseudouridine	PUDP	author_case_row	60.0	NA	Spearman_rho	0.021895579213209546	-0.2506080246252304	0.28346818183236244	0.8738	0.9401645569620253	processed_Spearman262	255.0	DONE	same_cohort_postselection;RNA_not_flux	CAMP_GSE37751_original_author_case_table	results/BRCA/03_PATIENT/20260921T150000Z_mapping262_patient_v1/CAMP_relations262.tsv	5f78d08a696d5fac3d95c697b0eb05358cfa1868	EXACT_COLUMN_COPY_NO_RECALCULATION
BRCA	CAMP_BRCA1_Terunuma	03_PATIENT	20260921T150000Z_mapping262_patient_v1	mapping262_patient_v1	available_Spearman262	KEGG:C02067	pseudouridine	PUDP	author_case_row	59.0	NA	Spearman_rho	-0.014319320856596587	-0.2627100950099357	0.24343942140163147	0.9127	0.9617293388429752	available_Spearman262	255.0	DONE	same_cohort_postselection;RNA_not_flux	CAMP_GSE37751_original_author_case_table	results/BRCA/03_PATIENT/20260921T150000Z_mapping262_patient_v1/CAMP_relations262.tsv	5f78d08a696d5fac3d95c697b0eb05358cfa1868	EXACT_COLUMN_COPY_NO_RECALCULATION
BRCA	CAMP_BRCA1_Terunuma	03_PATIENT	20260921T150000Z_mapping262_patient_v1	mapping262_patient_v1	processed_Spearman262	KEGG:C02477	alpha-tocopherol	CYP4F2	author_case_row	60.0	NA	Spearman_rho	0.013560075601689139	-0.25514737491768585	0.2889196057268193	0.917	0.9665764462809918	processed_Spearman262	255.0	DONE	same_cohort_postselection;RNA_not_flux	CAMP_GSE37751_original_author_case_table	results/BRCA/03_PATIENT/20260921T150000Z_mapping262_patient_v1/CAMP_relations262.tsv	5f78d08a696d5fac3d95c697b0eb05358cfa1868	EXACT_COLUMN_COPY_NO_RECALCULATION
BRCA	CAMP_BRCA1_Terunuma	03_PATIENT	20260921T150000Z_mapping262_patient_v1	mapping262_patient_v1	available_Spearman262	KEGG:C02477	alpha-tocopherol	CYP4F2	author_case_row	58.0	NA	Spearman_rho	0.05669199298655757	-0.22797709865733157	0.3306000535806068	0.6768	0.8459999999999999	available_Spearman262	255.0	DONE	same_cohort_postselection;RNA_not_flux	CAMP_GSE37751_original_author_case_table	results/BRCA/03_PATIENT/20260921T150000Z_mapping262_patient_v1/CAMP_relations262.tsv	5f78d08a696d5fac3d95c697b0eb05358cfa1868	EXACT_COLUMN_COPY_NO_RECALCULATION
BRCA	CAMP_BRCA1_Terunuma	03_PATIENT	20260921T150000Z_mapping262_patient_v1	mapping262_patient_v1	processed_Spearman262	KEGG:C02483	gamma-tocopherol	CYP4F2	author_case_row	60.0	NA	Spearman_rho	-0.19359065336875192	-0.42591739557026886	0.07416272793511329	0.1383	0.32354587155963305	processed_Spearman262	255.0	DONE	same_cohort_postselection;RNA_not_flux	CAMP_GSE37751_original_author_case_table	results/BRCA/03_PATIENT/20260921T150000Z_mapping262_patient_v1/CAMP_relations262.tsv	5f78d08a696d5fac3d95c697b0eb05358cfa1868	EXACT_COLUMN_COPY_NO_RECALCULATION
BRCA	CAMP_BRCA1_Terunuma	03_PATIENT	20260921T150000Z_mapping262_patient_v1	mapping262_patient_v1	available_Spearman262	KEGG:C02483	gamma-tocopherol	CYP4F2	author_case_row	50.0	NA	Spearman_rho	-0.006674669867947179	-0.29238356335347726	0.2693375752619702	0.9632	0.982464	available_Spearman262	255.0	DONE	same_cohort_postselection;RNA_not_flux	CAMP_GSE37751_original_author_case_table	results/BRCA/03_PATIENT/20260921T150000Z_mapping262_patient_v1/CAMP_relations262.tsv	5f78d08a696d5fac3d95c697b0eb05358cfa1868	EXACT_COLUMN_COPY_NO_RECALCULATION
BRCA	CAMP_BRCA1_Terunuma	03_PATIENT	20260921T150000Z_mapping262_patient_v1	mapping262_patient_v1	processed_Spearman262	KEGG:C02679	laurate (12:0)	ABHD12	author_case_row	60.0	NA	Spearman_rho	-0.24090025006946378	-0.45497201479322413	0.009835541675474969	0.0601	0.20434	processed_Spearman262	255.0	DONE	same_cohort_postselection;RNA_not_flux	CAMP_GSE37751_original_author_case_table	results/BRCA/03_PATIENT/20260921T150000Z_mapping262_patient_v1/CAMP_relations262.tsv	5f78d08a696d5fac3d95c697b0eb05358cfa1868	EXACT_COLUMN_COPY_NO_RECALCULATION
BRCA	CAMP_BRCA1_Terunuma	03_PATIENT	20260921T150000Z_mapping262_patient_v1	mapping262_patient_v1	available_Spearman262	KEGG:C02679	laurate (12:0)	ABHD12	author_case_row	60.0	NA	Spearman_rho	-0.24090025006946378	-0.4550210317700812	0.007231859297006733	0.0632	0.24021739130434785	available_Spearman262	255.0	DONE	same_cohort_postselection;RNA_not_flux	CAMP_GSE37751_original_author_case_table	results/BRCA/03_PATIENT/20260921T150000Z_mapping262_patient_v1/CAMP_relations262.tsv	5f78d08a696d5fac3d95c697b0eb05358cfa1868	EXACT_COLUMN_COPY_NO_RECALCULATION
BRCA	CAMP_BRCA1_Terunuma	03_PATIENT	20260921T150000Z_mapping262_patient_v1	mapping262_patient_v1	processed_Spearman262	KEGG:C02679	laurate (12:0)	ABHD6	author_case_row	60.0	NA	Spearman_rho	0.3322589608224507	0.09042762772914519	0.5588402199150386	0.0101	0.09289285714285715	processed_Spearman262	255.0	DONE	same_cohort_postselection;RNA_not_flux	CAMP_GSE37751_original_author_case_table	results/BRCA/03_PATIENT/20260921T150000Z_mapping262_patient_v1/CAMP_relations262.tsv	5f78d08a696d5fac3d95c697b0eb05358cfa1868	EXACT_COLUMN_COPY_NO_RECALCULATION
BRCA	CAMP_BRCA1_Terunuma	03_PATIENT	20260921T150000Z_mapping262_patient_v1	mapping262_patient_v1	available_Spearman262	KEGG:C02679	laurate (12:0)	ABHD6	author_case_row	60.0	NA	Spearman_rho	0.3322589608224507	0.08072890015545256	0.5535753719455516	0.01	0.10101923076923078	available_Spearman262	255.0	DONE	same_cohort_postselection;RNA_not_flux	CAMP_GSE37751_original_author_case_table	results/BRCA/03_PATIENT/20260921T150000Z_mapping262_patient_v1/CAMP_relations262.tsv	5f78d08a696d5fac3d95c697b0eb05358cfa1868	EXACT_COLUMN_COPY_NO_RECALCULATION
BRCA	CAMP_BRCA1_Terunuma	03_PATIENT	20260921T150000Z_mapping262_patient_v1	mapping262_patient_v1	processed_Spearman262	KEGG:C02679	laurate (12:0)	ACSL3	author_case_row	60.0	NA	Spearman_rho	-0.18788552375659912	-0.43259104835368184	0.07325921812002345	0.1491	0.3456409090909091	processed_Spearman262	255.0	DONE	same_cohort_postselection;RNA_not_flux	CAMP_GSE37751_original_author_case_table	results/BRCA/03_PATIENT/20260921T150000Z_mapping262_patient_v1/CAMP_relations262.tsv	5f78d08a696d5fac3d95c697b0eb05358cfa1868	EXACT_COLUMN_COPY_NO_RECALCULATION
BRCA	CAMP_BRCA1_Terunuma	03_PATIENT	20260921T150000Z_mapping262_patient_v1	mapping262_patient_v1	available_Spearman262	KEGG:C02679	laurate (12:0)	ACSL3	author_case_row	60.0	NA	Spearman_rho	-0.18788552375659912	-0.434191064219792	0.07665588033077383	0.1542	0.4139052631578947	available_Spearman262	255.0	DONE	same_cohort_postselection;RNA_not_flux	CAMP_GSE37751_original_author_case_table	results/BRCA/03_PATIENT/20260921T150000Z_mapping262_patient_v1/CAMP_relations262.tsv	5f78d08a696d5fac3d95c697b0eb05358cfa1868	EXACT_COLUMN_COPY_NO_RECALCULATION
BRCA	CAMP_BRCA1_Terunuma	03_PATIENT	20260921T150000Z_mapping262_patient_v1	mapping262_patient_v1	processed_Spearman262	KEGG:C02679	laurate (12:0)	ACSM1	author_case_row	60.0	NA	Spearman_rho	0.14559599888858019	-0.11724929911800679	0.3909369740734822	0.2668	0.5230375939849623	processed_Spearman262	255.0	DONE	same_cohort_postselection;RNA_not_flux	CAMP_GSE37751_original_author_case_table	results/BRCA/03_PATIENT/20260921T150000Z_mapping262_patient_v1/CAMP_relations262.tsv	5f78d08a696d5fac3d95c697b0eb05358cfa1868	EXACT_COLUMN_COPY_NO_RECALCULATION
BRCA	CAMP_BRCA1_Terunuma	03_PATIENT	20260921T150000Z_mapping262_patient_v1	mapping262_patient_v1	available_Spearman262	KEGG:C02679	laurate (12:0)	ACSM1	author_case_row	60.0	NA	Spearman_rho	0.14559599888858019	-0.11334902019286754	0.3889916769028301	0.2666	0.5572377049180328	available_Spearman262	255.0	DONE	same_cohort_postselection;RNA_not_flux	CAMP_GSE37751_original_author_case_table	results/BRCA/03_PATIENT/20260921T150000Z_mapping262_patient_v1/CAMP_relations262.tsv	5f78d08a696d5fac3d95c697b0eb05358cfa1868	EXACT_COLUMN_COPY_NO_RECALCULATION
BRCA	CAMP_BRCA1_Terunuma	03_PATIENT	20260921T150000Z_mapping262_patient_v1	mapping262_patient_v1	processed_Spearman262	KEGG:C02679	laurate (12:0)	MGLL	author_case_row	60.0	NA	Spearman_rho	0.290803000833565	0.036061854071621616	0.5387768923941152	0.0268	0.1451938775510204	processed_Spearman262	255.0	DONE	same_cohort_postselection;RNA_not_flux	CAMP_GSE37751_original_author_case_table	results/BRCA/03_PATIENT/20260921T150000Z_mapping262_patient_v1/CAMP_relations262.tsv	5f78d08a696d5fac3d95c697b0eb05358cfa1868	EXACT_COLUMN_COPY_NO_RECALCULATION
BRCA	CAMP_BRCA1_Terunuma	03_PATIENT	20260921T150000Z_mapping262_patient_v1	mapping262_patient_v1	available_Spearman262	KEGG:C02679	laurate (12:0)	MGLL	author_case_row	60.0	NA	Spearman_rho	0.290803000833565	0.027934618869193958	0.5338659059516798	0.0243	0.16642105263157894	available_Spearman262	255.0	DONE	same_cohort_postselection;RNA_not_flux	CAMP_GSE37751_original_author_case_table	results/BRCA/03_PATIENT/20260921T150000Z_mapping262_patient_v1/CAMP_relations262.tsv	5f78d08a696d5fac3d95c697b0eb05358cfa1868	EXACT_COLUMN_COPY_NO_RECALCULATION
BRCA	CAMP_BRCA1_Terunuma	03_PATIENT	20260921T150000Z_mapping262_patient_v1	mapping262_patient_v1	processed_Spearman262	KEGG:C02862	butyrylcarnitine	CRAT	author_case_row	60.0	NA	Spearman_rho	0.2472353431508752	-0.0247844115526279	0.4838657298073988	0.0575	0.20085616438356166	processed_Spearman262	255.0	DONE	same_cohort_postselection;RNA_not_flux	CAMP_GSE37751_original_author_case_table	results/BRCA/03_PATIENT/20260921T150000Z_mapping262_patient_v1/CAMP_relations262.tsv	5f78d08a696d5fac3d95c697b0eb05358cfa1868	EXACT_COLUMN_COPY_NO_RECALCULATION
BRCA	CAMP_BRCA1_Terunuma	03_PATIENT	20260921T150000Z_mapping262_patient_v1	mapping262_patient_v1	available_Spearman262	KEGG:C02862	butyrylcarnitine	CRAT	author_case_row	60.0	NA	Spearman_rho	0.2472353431508752	-0.017631036085372	0.4748430156641203	0.0571	0.23566935483870965	available_Spearman262	255.0	DONE	same_cohort_postselection;RNA_not_flux	CAMP_GSE37751_original_author_case_table	results/BRCA/03_PATIENT/20260921T150000Z_mapping262_patient_v1/CAMP_relations262.tsv	5f78d08a696d5fac3d95c697b0eb05358cfa1868	EXACT_COLUMN_COPY_NO_RECALCULATION
BRCA	CAMP_BRCA1_Terunuma	03_PATIENT	20260921T150000Z_mapping262_patient_v1	mapping262_patient_v1	processed_Spearman262	KEGG:C02918	1-methylnicotinamide	AOX1	author_case_row	60.0	NA	Spearman_rho	0.0750208391219783	-0.204465296554477	0.3461140743910208	0.5747	0.76978125	processed_Spearman262	255.0	DONE	same_cohort_postselection;RNA_not_flux	CAMP_GSE37751_original_author_case_table	results/BRCA/03_PATIENT/20260921T150000Z_mapping262_patient_v1/CAMP_relations262.tsv	5f78d08a696d5fac3d95c697b0eb05358cfa1868	EXACT_COLUMN_COPY_NO_RECALCULATION
BRCA	CAMP_BRCA1_Terunuma	03_PATIENT	20260921T150000Z_mapping262_patient_v1	mapping262_patient_v1	available_Spearman262	KEGG:C02918	1-methylnicotinamide	AOX1	author_case_row	60.0	NA	Spearman_rho	0.0750208391219783	-0.1965968397120623	0.3407687600823274	0.5687	0.7632552631578947	available_Spearman262	255.0	DONE	same_cohort_postselection;RNA_not_flux	CAMP_GSE37751_original_author_case_table	results/BRCA/03_PATIENT/20260921T150000Z_mapping262_patient_v1/CAMP_relations262.tsv	5f78d08a696d5fac3d95c697b0eb05358cfa1868	EXACT_COLUMN_COPY_NO_RECALCULATION
BRCA	CAMP_BRCA1_Terunuma	03_PATIENT	20260921T150000Z_mapping262_patient_v1	mapping262_patient_v1	processed_Spearman262	KEGG:C02918	1-methylnicotinamide	NNMT	author_case_row	60.0	NA	Spearman_rho	0.3959988885801612	0.1512563647478483	0.6040509940045382	0.0015	0.03709090909090909	processed_Spearman262	255.0	DONE	same_cohort_postselection;RNA_not_flux	CAMP_GSE37751_original_author_case_table	results/BRCA/03_PATIENT/20260921T150000Z_mapping262_patient_v1/CAMP_relations262.tsv	5f78d08a696d5fac3d95c697b0eb05358cfa1868	EXACT_COLUMN_COPY_NO_RECALCULATION
BRCA	CAMP_BRCA1_Terunuma	03_PATIENT	20260921T150000Z_mapping262_patient_v1	mapping262_patient_v1	available_Spearman262	KEGG:C02918	1-methylnicotinamide	NNMT	author_case_row	60.0	NA	Spearman_rho	0.3959988885801612	0.1488326389309985	0.604799920707949	0.0023	0.051	available_Spearman262	255.0	DONE	same_cohort_postselection;RNA_not_flux	CAMP_GSE37751_original_author_case_table	results/BRCA/03_PATIENT/20260921T150000Z_mapping262_patient_v1/CAMP_relations262.tsv	5f78d08a696d5fac3d95c697b0eb05358cfa1868	EXACT_COLUMN_COPY_NO_RECALCULATION
BRCA	CAMP_BRCA1_Terunuma	03_PATIENT	20260921T150000Z_mapping262_patient_v1	mapping262_patient_v1	processed_Spearman262	KEGG:C02918	1-methylnicotinamide	SLC22A2	author_case_row	60.0	NA	Spearman_rho	0.05762711864406781	-0.1829969421882759	0.29702721740723875	0.6588	0.810360576923077	processed_Spearman262	255.0	DONE	same_cohort_postselection;RNA_not_flux	CAMP_GSE37751_original_author_case_table	results/BRCA/03_PATIENT/20260921T150000Z_mapping262_patient_v1/CAMP_relations262.tsv	5f78d08a696d5fac3d95c697b0eb05358cfa1868	EXACT_COLUMN_COPY_NO_RECALCULATION
BRCA	CAMP_BRCA1_Terunuma	03_PATIENT	20260921T150000Z_mapping262_patient_v1	mapping262_patient_v1	available_Spearman262	KEGG:C02918	1-methylnicotinamide	SLC22A2	author_case_row	60.0	NA	Spearman_rho	0.05762711864406781	-0.18626121507706458	0.29023855021742845	0.6571	0.8378025	available_Spearman262	255.0	DONE	same_cohort_postselection;RNA_not_flux	CAMP_GSE37751_original_author_case_table	results/BRCA/03_PATIENT/20260921T150000Z_mapping262_patient_v1/CAMP_relations262.tsv	5f78d08a696d5fac3d95c697b0eb05358cfa1868	EXACT_COLUMN_COPY_NO_RECALCULATION
BRCA	CAMP_BRCA1_Terunuma	03_PATIENT	20260921T150000Z_mapping262_patient_v1	mapping262_patient_v1	processed_Spearman262	KEGG:C02990	palmitoylcarnitine	CPT1A	author_case_row	60.0	NA	Spearman_rho	-0.0071690563631881	-0.253231099641282	0.2529817157464972	0.9581	0.9891315789473684	processed_Spearman262	255.0	DONE	same_cohort_postselection;RNA_not_flux	CAMP_GSE37751_original_author_case_table	results/BRCA/03_PATIENT/20260921T150000Z_mapping262_patient_v1/CAMP_relations262.tsv	5f78d08a696d5fac3d95c697b0eb05358cfa1868	EXACT_COLUMN_COPY_NO_RECALCULATION
BRCA	CAMP_BRCA1_Terunuma	03_PATIENT	20260921T150000Z_mapping262_patient_v1	mapping262_patient_v1	available_Spearman262	KEGG:C02990	palmitoylcarnitine	CPT1A	author_case_row	58.0	NA	Spearman_rho	0.006182903196038	-0.26631118813304	0.2708620526725366	0.9631	0.982464	available_Spearman262	255.0	DONE	same_cohort_postselection;RNA_not_flux	CAMP_GSE37751_original_author_case_table	results/BRCA/03_PATIENT/20260921T150000Z_mapping262_patient_v1/CAMP_relations262.tsv	5f78d08a696d5fac3d95c697b0eb05358cfa1868	EXACT_COLUMN_COPY_NO_RECALCULATION
BRCA	CAMP_BRCA1_Terunuma	03_PATIENT	20260921T150000Z_mapping262_patient_v1	mapping262_patient_v1	processed_Spearman262	KEGG:C02990	palmitoylcarnitine	CPT1B	author_case_row	60.0	NA	Spearman_rho	-0.0686339892134675	-0.3353979924415864	0.2056819081473425	0.5962	0.7756683673469387	processed_Spearman262	255.0	DONE	same_cohort_postselection;RNA_not_flux	CAMP_GSE37751_original_author_case_table	results/BRCA/03_PATIENT/20260921T150000Z_mapping262_patient_v1/CAMP_relations262.tsv	5f78d08a696d5fac3d95c697b0eb05358cfa1868	EXACT_COLUMN_COPY_NO_RECALCULATION
BRCA	CAMP_BRCA1_Terunuma	03_PATIENT	20260921T150000Z_mapping262_patient_v1	mapping262_patient_v1	available_Spearman262	KEGG:C02990	palmitoylcarnitine	CPT1B	author_case_row	58.0	NA	Spearman_rho	-0.0577993786336091	-0.333237909795863	0.2335111790419134	0.6726	0.8448916256157636	available_Spearman262	255.0	DONE	same_cohort_postselection;RNA_not_flux	CAMP_GSE37751_original_author_case_table	results/BRCA/03_PATIENT/20260921T150000Z_mapping262_patient_v1/CAMP_relations262.tsv	5f78d08a696d5fac3d95c697b0eb05358cfa1868	EXACT_COLUMN_COPY_NO_RECALCULATION
BRCA	CAMP_BRCA1_Terunuma	03_PATIENT	20260921T150000Z_mapping262_patient_v1	mapping262_patient_v1	processed_Spearman262	KEGG:C02990	palmitoylcarnitine	CPT2	author_case_row	60.0	NA	Spearman_rho	0.1215405136921891	-0.1600849124695329	0.3792350884305544	0.3587	0.5761748466257669	processed_Spearman262	255.0	DONE	same_cohort_postselection;RNA_not_flux	CAMP_GSE37751_original_author_case_table	results/BRCA/03_PATIENT/20260921T150000Z_mapping262_patient_v1/CAMP_relations262.tsv	5f78d08a696d5fac3d95c697b0eb05358cfa1868	EXACT_COLUMN_COPY_NO_RECALCULATION
BRCA	CAMP_BRCA1_Terunuma	03_PATIENT	20260921T150000Z_mapping262_patient_v1	mapping262_patient_v1	available_Spearman262	KEGG:C02990	palmitoylcarnitine	CPT2	author_case_row	58.0	NA	Spearman_rho	0.1701375003845089	-0.1120118939701364	0.4353141932928784	0.208	0.49441666666666667	available_Spearman262	255.0	DONE	same_cohort_postselection;RNA_not_flux	CAMP_GSE37751_original_author_case_table	results/BRCA/03_PATIENT/20260921T150000Z_mapping262_patient_v1/CAMP_relations262.tsv	5f78d08a696d5fac3d95c697b0eb05358cfa1868	EXACT_COLUMN_COPY_NO_RECALCULATION
BRCA	CAMP_BRCA1_Terunuma	03_PATIENT	20260921T150000Z_mapping262_patient_v1	mapping262_patient_v1	processed_Spearman262	KEGG:C02990	palmitoylcarnitine	SLC25A20	author_case_row	60.0	NA	Spearman_rho	0.06491052583103654	-0.1978748636553912	0.33287151922971475	0.627	0.7954477611940298	processed_Spearman262	255.0	DONE	same_cohort_postselection;RNA_not_flux	CAMP_GSE37751_original_author_case_table	results/BRCA/03_PATIENT/20260921T150000Z_mapping262_patient_v1/CAMP_relations262.tsv	5f78d08a696d5fac3d95c697b0eb05358cfa1868	EXACT_COLUMN_COPY_NO_RECALCULATION
BRCA	CAMP_BRCA1_Terunuma	03_PATIENT	20260921T150000Z_mapping262_patient_v1	mapping262_patient_v1	available_Spearman262	KEGG:C02990	palmitoylcarnitine	SLC25A20	author_case_row	58.0	NA	Spearman_rho	0.09637331200590607	-0.1812337529885014	0.34620620853208306	0.4633	0.6908859649122807	available_Spearman262	255.0	DONE	same_cohort_postselection;RNA_not_flux	CAMP_GSE37751_original_author_case_table	results/BRCA/03_PATIENT/20260921T150000Z_mapping262_patient_v1/CAMP_relations262.tsv	5f78d08a696d5fac3d95c697b0eb05358cfa1868	EXACT_COLUMN_COPY_NO_RECALCULATION
BRCA	CAMP_BRCA1_Terunuma	03_PATIENT	20260921T150000Z_mapping262_patient_v1	mapping262_patient_v1	processed_Spearman262	KEGG:C03017	propionylcarnitine	CRAT	author_case_row	60.0	NA	Spearman_rho	-0.015726590719644346	-0.27559558966815395	0.2377091190763071	0.9092	0.9665764462809918	processed_Spearman262	255.0	DONE	same_cohort_postselection;RNA_not_flux	CAMP_GSE37751_original_author_case_table	results/BRCA/03_PATIENT/20260921T150000Z_mapping262_patient_v1/CAMP_relations262.tsv	5f78d08a696d5fac3d95c697b0eb05358cfa1868	EXACT_COLUMN_COPY_NO_RECALCULATION
BRCA	CAMP_BRCA1_Terunuma	03_PATIENT	20260921T150000Z_mapping262_patient_v1	mapping262_patient_v1	available_Spearman262	KEGG:C03017	propionylcarnitine	CRAT	author_case_row	60.0	NA	Spearman_rho	-0.015726590719644346	-0.2703184169019892	0.24144558077207395	0.9042	0.9607125	available_Spearman262	255.0	DONE	same_cohort_postselection;RNA_not_flux	CAMP_GSE37751_original_author_case_table	results/BRCA/03_PATIENT/20260921T150000Z_mapping262_patient_v1/CAMP_relations262.tsv	5f78d08a696d5fac3d95c697b0eb05358cfa1868	EXACT_COLUMN_COPY_NO_RECALCULATION
BRCA	CAMP_BRCA1_Terunuma	03_PATIENT	20260921T150000Z_mapping262_patient_v1	mapping262_patient_v1	processed_Spearman262	KEGG:C03017	propionylcarnitine	SLC25A20	author_case_row	60.0	NA	Spearman_rho	-0.04623506529591554	-0.2893913559052094	0.20710049260789212	0.7197	0.8440733944954129	processed_Spearman262	255.0	DONE	same_cohort_postselection;RNA_not_flux	CAMP_GSE37751_original_author_case_table	results/BRCA/03_PATIENT/20260921T150000Z_mapping262_patient_v1/CAMP_relations262.tsv	5f78d08a696d5fac3d95c697b0eb05358cfa1868	EXACT_COLUMN_COPY_NO_RECALCULATION
BRCA	CAMP_BRCA1_Terunuma	03_PATIENT	20260921T150000Z_mapping262_patient_v1	mapping262_patient_v1	available_Spearman262	KEGG:C03017	propionylcarnitine	SLC25A20	author_case_row	60.0	NA	Spearman_rho	-0.04623506529591554	-0.31342577284365764	0.21248266778152014	0.7208	0.867	available_Spearman262	255.0	DONE	same_cohort_postselection;RNA_not_flux	CAMP_GSE37751_original_author_case_table	results/BRCA/03_PATIENT/20260921T150000Z_mapping262_patient_v1/CAMP_relations262.tsv	5f78d08a696d5fac3d95c697b0eb05358cfa1868	EXACT_COLUMN_COPY_NO_RECALCULATION
BRCA	CAMP_BRCA1_Terunuma	03_PATIENT	20260921T150000Z_mapping262_patient_v1	mapping262_patient_v1	processed_Spearman262	KEGG:C03916	1-oleoylglycerophosphocholine	ABHD12	author_case_row	60.0	NA	Spearman_rho	0.2624030724801807	0.00812874065169223	0.49096661208103887	0.043	0.17222307692307695	processed_Spearman262	255.0	DONE	same_cohort_postselection;RNA_not_flux	CAMP_GSE37751_original_author_case_table	results/BRCA/03_PATIENT/20260921T150000Z_mapping262_patient_v1/CAMP_relations262.tsv	5f78d08a696d5fac3d95c697b0eb05358cfa1868	EXACT_COLUMN_COPY_NO_RECALCULATION
BRCA	CAMP_BRCA1_Terunuma	03_PATIENT	20260921T150000Z_mapping262_patient_v1	mapping262_patient_v1	available_Spearman262	KEGG:C03916	1-oleoylglycerophosphocholine	ABHD12	author_case_row	47.0	NA	Spearman_rho	0.12580943570767808	-0.18688682601989717	0.4167995552538742	0.3904	0.6435870967741936	available_Spearman262	255.0	DONE	same_cohort_postselection;RNA_not_flux	CAMP_GSE37751_original_author_case_table	results/BRCA/03_PATIENT/20260921T150000Z_mapping262_patient_v1/CAMP_relations262.tsv	5f78d08a696d5fac3d95c697b0eb05358cfa1868	EXACT_COLUMN_COPY_NO_RECALCULATION
BRCA	CAMP_BRCA1_Terunuma	03_PATIENT	20260921T150000Z_mapping262_patient_v1	mapping262_patient_v1	processed_Spearman262	KEGG:C03916	1-oleoylglycerophosphocholine	ENPP2	author_case_row	60.0	NA	Spearman_rho	-0.3256270011755866	-0.5575653820920335	-0.07166758016273864	0.0119	0.096421875	processed_Spearman262	255.0	DONE	same_cohort_postselection;RNA_not_flux	CAMP_GSE37751_original_author_case_table	results/BRCA/03_PATIENT/20260921T150000Z_mapping262_patient_v1/CAMP_relations262.tsv	5f78d08a696d5fac3d95c697b0eb05358cfa1868	EXACT_COLUMN_COPY_NO_RECALCULATION
BRCA	CAMP_BRCA1_Terunuma	03_PATIENT	20260921T150000Z_mapping262_patient_v1	mapping262_patient_v1	available_Spearman262	KEGG:C03916	1-oleoylglycerophosphocholine	ENPP2	author_case_row	47.0	NA	Spearman_rho	-0.018732654949121186	-0.33036265009057064	0.29770373255881677	0.8924	0.9521422594142259	available_Spearman262	255.0	DONE	same_cohort_postselection;RNA_not_flux	CAMP_GSE37751_original_author_case_table	results/BRCA/03_PATIENT/20260921T150000Z_mapping262_patient_v1/CAMP_relations262.tsv	5f78d08a696d5fac3d95c697b0eb05358cfa1868	EXACT_COLUMN_COPY_NO_RECALCULATION
BRCA	CAMP_BRCA1_Terunuma	03_PATIENT	20260921T150000Z_mapping262_patient_v1	mapping262_patient_v1	processed_Spearman262	KEGG:C03916	1-oleoylglycerophosphocholine	LPCAT1	author_case_row	60.0	NA	Spearman_rho	0.3005443545414517	0.040410120137378526	0.5197921070608426	0.0231	0.13698837209302325	processed_Spearman262	255.0	DONE	same_cohort_postselection;RNA_not_flux	CAMP_GSE37751_original_author_case_table	results/BRCA/03_PATIENT/20260921T150000Z_mapping262_patient_v1/CAMP_relations262.tsv	5f78d08a696d5fac3d95c697b0eb05358cfa1868	EXACT_COLUMN_COPY_NO_RECALCULATION
BRCA	CAMP_BRCA1_Terunuma	03_PATIENT	20260921T150000Z_mapping262_patient_v1	mapping262_patient_v1	available_Spearman262	KEGG:C03916	1-oleoylglycerophosphocholine	LPCAT1	author_case_row	47.0	NA	Spearman_rho	0.178422756706753	-0.11144974425485539	0.4420967090892038	0.2234	0.5054867256637169	available_Spearman262	255.0	DONE	same_cohort_postselection;RNA_not_flux	CAMP_GSE37751_original_author_case_table	results/BRCA/03_PATIENT/20260921T150000Z_mapping262_patient_v1/CAMP_relations262.tsv	5f78d08a696d5fac3d95c697b0eb05358cfa1868	EXACT_COLUMN_COPY_NO_RECALCULATION
BRCA	CAMP_BRCA1_Terunuma	03_PATIENT	20260921T150000Z_mapping262_patient_v1	mapping262_patient_v1	processed_Spearman262	KEGG:C03916	1-oleoylglycerophosphocholine	LPCAT3	author_case_row	60.0	NA	Spearman_rho	-0.004138496880548459	-0.27162074412411413	0.26512501131398775	0.9753	0.9912619047619048	processed_Spearman262	255.0	DONE	same_cohort_postselection;RNA_not_flux	CAMP_GSE37751_original_author_case_table	results/BRCA/03_PATIENT/20260921T150000Z_mapping262_patient_v1/CAMP_relations262.tsv	5f78d08a696d5fac3d95c697b0eb05358cfa1868	EXACT_COLUMN_COPY_NO_RECALCULATION
BRCA	CAMP_BRCA1_Terunuma	03_PATIENT	20260921T150000Z_mapping262_patient_v1	mapping262_patient_v1	available_Spearman262	KEGG:C03916	1-oleoylglycerophosphocholine	LPCAT3	author_case_row	47.0	NA	Spearman_rho	0.015263644773358	-0.30440132335478154	0.3159491666724836	0.9203	0.9617889344262295	available_Spearman262	255.0	DONE	same_cohort_postselection;RNA_not_flux	CAMP_GSE37751_original_author_case_table	results/BRCA/03_PATIENT/20260921T150000Z_mapping262_patient_v1/CAMP_relations262.tsv	5f78d08a696d5fac3d95c697b0eb05358cfa1868	EXACT_COLUMN_COPY_NO_RECALCULATION
BRCA	CAMP_BRCA1_Terunuma	03_PATIENT	20260921T150000Z_mapping262_patient_v1	mapping262_patient_v1	processed_Spearman262	KEGG:C03916	1-oleoylglycerophosphocholine	LPCAT4	author_case_row	NA	NA	Spearman_rho	NA	NA	NA	NA	NA	processed_Spearman262	255.0	NEEDS_REVIEW	historical_LPCAT4_symbol_ambiguous_Q643R3_vs_Q6ZWT7;stable_probe_identity_required	CAMP_GSE37751_original_author_case_table	results/BRCA/03_PATIENT/20260921T150000Z_mapping262_patient_v1/CAMP_relations262.tsv	5f78d08a696d5fac3d95c697b0eb05358cfa1868	EXACT_COLUMN_COPY_NO_RECALCULATION
BRCA	CAMP_BRCA1_Terunuma	03_PATIENT	20260921T150000Z_mapping262_patient_v1	mapping262_patient_v1	available_Spearman262	KEGG:C03916	1-oleoylglycerophosphocholine	LPCAT4	author_case_row	NA	NA	Spearman_rho	NA	NA	NA	NA	NA	available_Spearman262	255.0	NEEDS_REVIEW	historical_LPCAT4_symbol_ambiguous_Q643R3_vs_Q6ZWT7;stable_probe_identity_required	CAMP_GSE37751_original_author_case_table	results/BRCA/03_PATIENT/20260921T150000Z_mapping262_patient_v1/CAMP_relations262.tsv	5f78d08a696d5fac3d95c697b0eb05358cfa1868	EXACT_COLUMN_COPY_NO_RECALCULATION
BRCA	CAMP_BRCA1_Terunuma	03_PATIENT	20260921T150000Z_mapping262_patient_v1	mapping262_patient_v1	processed_Spearman262	KEGG:C04006	inositol 1-phosphate (I1P)	IMPA1	author_case_row	60.0	NA	Spearman_rho	0.1325736571493172	-0.1237359599745761	0.3725040270217883	0.3173	0.574	processed_Spearman262	255.0	DONE	same_cohort_postselection;RNA_not_flux	CAMP_GSE37751_original_author_case_table	results/BRCA/03_PATIENT/20260921T150000Z_mapping262_patient_v1/CAMP_relations262.tsv	5f78d08a696d5fac3d95c697b0eb05358cfa1868	EXACT_COLUMN_COPY_NO_RECALCULATION
BRCA	CAMP_BRCA1_Terunuma	03_PATIENT	20260921T150000Z_mapping262_patient_v1	mapping262_patient_v1	available_Spearman262	KEGG:C04006	inositol 1-phosphate (I1P)	IMPA1	author_case_row	55.0	NA	Spearman_rho	0.1562770562770563	-0.1104790811683517	0.4175245498715005	0.2452	0.5344102564102564	available_Spearman262	255.0	DONE	same_cohort_postselection;RNA_not_flux	CAMP_GSE37751_original_author_case_table	results/BRCA/03_PATIENT/20260921T150000Z_mapping262_patient_v1/CAMP_relations262.tsv	5f78d08a696d5fac3d95c697b0eb05358cfa1868	EXACT_COLUMN_COPY_NO_RECALCULATION
BRCA	CAMP_BRCA1_Terunuma	03_PATIENT	20260921T150000Z_mapping262_patient_v1	mapping262_patient_v1	processed_Spearman262	KEGG:C04006	inositol 1-phosphate (I1P)	IMPA2	author_case_row	60.0	NA	Spearman_rho	0.1314063419291345	-0.1166135379125262	0.3680138803577075	0.3189	0.574	processed_Spearman262	255.0	DONE	same_cohort_postselection;RNA_not_flux	CAMP_GSE37751_original_author_case_table	results/BRCA/03_PATIENT/20260921T150000Z_mapping262_patient_v1/CAMP_relations262.tsv	5f78d08a696d5fac3d95c697b0eb05358cfa1868	EXACT_COLUMN_COPY_NO_RECALCULATION
BRCA	CAMP_BRCA1_Terunuma	03_PATIENT	20260921T150000Z_mapping262_patient_v1	mapping262_patient_v1	available_Spearman262	KEGG:C04006	inositol 1-phosphate (I1P)	IMPA2	author_case_row	55.0	NA	Spearman_rho	0.1957431457431457	-0.0870648471310004	0.4475179999059634	0.1476	0.4004042553191489	available_Spearman262	255.0	DONE	same_cohort_postselection;RNA_not_flux	CAMP_GSE37751_original_author_case_table	results/BRCA/03_PATIENT/20260921T150000Z_mapping262_patient_v1/CAMP_relations262.tsv	5f78d08a696d5fac3d95c697b0eb05358cfa1868	EXACT_COLUMN_COPY_NO_RECALCULATION
BRCA	CAMP_BRCA1_Terunuma	03_PATIENT	20260921T150000Z_mapping262_patient_v1	mapping262_patient_v1	processed_Spearman262	KEGG:C04102	1-palmitoyl-GPC (16:0)	ENPP2	author_case_row	60.0	NA	Spearman_rho	-0.3468593797114212	-0.5854364023085045	-0.08271112539284357	0.0079	0.08393750000000001	processed_Spearman262	255.0	DONE	same_cohort_postselection;RNA_not_flux	CAMP_GSE37751_original_author_case_table	results/BRCA/03_PATIENT/20260921T150000Z_mapping262_patient_v1/CAMP_relations262.tsv	5f78d08a696d5fac3d95c697b0eb05358cfa1868	EXACT_COLUMN_COPY_NO_RECALCULATION
BRCA	CAMP_BRCA1_Terunuma	03_PATIENT	20260921T150000Z_mapping262_patient_v1	mapping262_patient_v1	available_Spearman262	KEGG:C04102	1-palmitoyl-GPC (16:0)	ENPP2	author_case_row	55.0	NA	Spearman_rho	-0.35317460317460325	-0.6047100468353426	-0.06963453769256	0.0098	0.10101923076923078	available_Spearman262	255.0	DONE	same_cohort_postselection;RNA_not_flux	CAMP_GSE37751_original_author_case_table	results/BRCA/03_PATIENT/20260921T150000Z_mapping262_patient_v1/CAMP_relations262.tsv	5f78d08a696d5fac3d95c697b0eb05358cfa1868	EXACT_COLUMN_COPY_NO_RECALCULATION
BRCA	CAMP_BRCA1_Terunuma	03_PATIENT	20260921T150000Z_mapping262_patient_v1	mapping262_patient_v1	processed_Spearman262	KEGG:C04102	1-palmitoyl-GPC (16:0)	LPCAT1	author_case_row	60.0	NA	Spearman_rho	0.30817121812822423	0.030272244229370356	0.5393475161572266	0.0172	0.11132926829268291	processed_Spearman262	255.0	DONE	same_cohort_postselection;RNA_not_flux	CAMP_GSE37751_original_author_case_table	results/BRCA/03_PATIENT/20260921T150000Z_mapping262_patient_v1/CAMP_relations262.tsv	5f78d08a696d5fac3d95c697b0eb05358cfa1868	EXACT_COLUMN_COPY_NO_RECALCULATION
BRCA	CAMP_BRCA1_Terunuma	03_PATIENT	20260921T150000Z_mapping262_patient_v1	mapping262_patient_v1	available_Spearman262	KEGG:C04102	1-palmitoyl-GPC (16:0)	LPCAT1	author_case_row	55.0	NA	Spearman_rho	0.3357142857142858	0.06628253154730807	0.5635519459696242	0.0136	0.12134482758620689	available_Spearman262	255.0	DONE	same_cohort_postselection;RNA_not_flux	CAMP_GSE37751_original_author_case_table	results/BRCA/03_PATIENT/20260921T150000Z_mapping262_patient_v1/CAMP_relations262.tsv	5f78d08a696d5fac3d95c697b0eb05358cfa1868	EXACT_COLUMN_COPY_NO_RECALCULATION
BRCA	CAMP_BRCA1_Terunuma	03_PATIENT	20260921T150000Z_mapping262_patient_v1	mapping262_patient_v1	processed_Spearman262	KEGG:C04102	1-palmitoyl-GPC (16:0)	LPCAT2	author_case_row	60.0	NA	Spearman_rho	-0.09772095986100617	-0.34793583493054275	0.15502317526318424	0.4511	0.6565169491525424	processed_Spearman262	255.0	DONE	same_cohort_postselection;RNA_not_flux	CAMP_GSE37751_original_author_case_table	results/BRCA/03_PATIENT/20260921T150000Z_mapping262_patient_v1/CAMP_relations262.tsv	5f78d08a696d5fac3d95c697b0eb05358cfa1868	EXACT_COLUMN_COPY_NO_RECALCULATION
BRCA	CAMP_BRCA1_Terunuma	03_PATIENT	20260921T150000Z_mapping262_patient_v1	mapping262_patient_v1	available_Spearman262	KEGG:C04102	1-palmitoyl-GPC (16:0)	LPCAT2	author_case_row	55.0	NA	Spearman_rho	-0.118975468975469	-0.37216804045134355	0.16234782626363364	0.3912	0.6435870967741936	available_Spearman262	255.0	DONE	same_cohort_postselection;RNA_not_flux	CAMP_GSE37751_original_author_case_table	results/BRCA/03_PATIENT/20260921T150000Z_mapping262_patient_v1/CAMP_relations262.tsv	5f78d08a696d5fac3d95c697b0eb05358cfa1868	EXACT_COLUMN_COPY_NO_RECALCULATION
BRCA	CAMP_BRCA1_Terunuma	03_PATIENT	20260921T150000Z_mapping262_patient_v1	mapping262_patient_v1	processed_Spearman262	KEGG:C04102	1-palmitoyl-GPC (16:0)	LPCAT3	author_case_row	60.0	NA	Spearman_rho	0.11762090504316783	-0.16924679898943337	0.3997403176768768	0.361	0.5761748466257669	processed_Spearman262	255.0	DONE	same_cohort_postselection;RNA_not_flux	CAMP_GSE37751_original_author_case_table	results/BRCA/03_PATIENT/20260921T150000Z_mapping262_patient_v1/CAMP_relations262.tsv	5f78d08a696d5fac3d95c697b0eb05358cfa1868	EXACT_COLUMN_COPY_NO_RECALCULATION
BRCA	CAMP_BRCA1_Terunuma	03_PATIENT	20260921T150000Z_mapping262_patient_v1	mapping262_patient_v1	available_Spearman262	KEGG:C04102	1-palmitoyl-GPC (16:0)	LPCAT3	author_case_row	55.0	NA	Spearman_rho	0.12662337662337664	-0.17972993281354546	0.4088785336030283	0.3541	0.6161632653061225	available_Spearman262	255.0	DONE	same_cohort_postselection;RNA_not_flux	CAMP_GSE37751_original_author_case_table	results/BRCA/03_PATIENT/20260921T150000Z_mapping262_patient_v1/CAMP_relations262.tsv	5f78d08a696d5fac3d95c697b0eb05358cfa1868	EXACT_COLUMN_COPY_NO_RECALCULATION
BRCA	CAMP_BRCA1_Terunuma	03_PATIENT	20260921T150000Z_mapping262_patient_v1	mapping262_patient_v1	processed_Spearman262	KEGG:C04102	1-palmitoyl-GPC (16:0)	LPCAT4	author_case_row	NA	NA	Spearman_rho	NA	NA	NA	NA	NA	processed_Spearman262	255.0	NEEDS_REVIEW	historical_LPCAT4_symbol_ambiguous_Q643R3_vs_Q6ZWT7;stable_probe_identity_required	CAMP_GSE37751_original_author_case_table	results/BRCA/03_PATIENT/20260921T150000Z_mapping262_patient_v1/CAMP_relations262.tsv	5f78d08a696d5fac3d95c697b0eb05358cfa1868	EXACT_COLUMN_COPY_NO_RECALCULATION
BRCA	CAMP_BRCA1_Terunuma	03_PATIENT	20260921T150000Z_mapping262_patient_v1	mapping262_patient_v1	available_Spearman262	KEGG:C04102	1-palmitoyl-GPC (16:0)	LPCAT4	author_case_row	NA	NA	Spearman_rho	NA	NA	NA	NA	NA	available_Spearman262	255.0	NEEDS_REVIEW	historical_LPCAT4_symbol_ambiguous_Q643R3_vs_Q6ZWT7;stable_probe_identity_required	CAMP_GSE37751_original_author_case_table	results/BRCA/03_PATIENT/20260921T150000Z_mapping262_patient_v1/CAMP_relations262.tsv	5f78d08a696d5fac3d95c697b0eb05358cfa1868	EXACT_COLUMN_COPY_NO_RECALCULATION
BRCA	CAMP_BRCA1_Terunuma	03_PATIENT	20260921T150000Z_mapping262_patient_v1	mapping262_patient_v1	processed_Spearman262	KEGG:C04102	1-palmitoyl-GPC (16:0)	LYPLA1	author_case_row	60.0	NA	Spearman_rho	0.4817120808620474	0.26480983362726357	0.6611439765097931	0.0001	0.017	processed_Spearman262	255.0	DONE	same_cohort_postselection;RNA_not_flux	CAMP_GSE37751_original_author_case_table	results/BRCA/03_PATIENT/20260921T150000Z_mapping262_patient_v1/CAMP_relations262.tsv	5f78d08a696d5fac3d95c697b0eb05358cfa1868	EXACT_COLUMN_COPY_NO_RECALCULATION
BRCA	CAMP_BRCA1_Terunuma	03_PATIENT	20260921T150000Z_mapping262_patient_v1	mapping262_patient_v1	available_Spearman262	KEGG:C04102	1-palmitoyl-GPC (16:0)	LYPLA1	author_case_row	55.0	NA	Spearman_rho	0.5181818181818184	0.2849786188034437	0.6975158832804867	0.0003	0.0255	available_Spearman262	255.0	DONE	same_cohort_postselection;RNA_not_flux	CAMP_GSE37751_original_author_case_table	results/BRCA/03_PATIENT/20260921T150000Z_mapping262_patient_v1/CAMP_relations262.tsv	5f78d08a696d5fac3d95c697b0eb05358cfa1868	EXACT_COLUMN_COPY_NO_RECALCULATION
BRCA	CAMP_BRCA1_Terunuma	03_PATIENT	20260921T150000Z_mapping262_patient_v1	mapping262_patient_v1	processed_Spearman262	KEGG:C04102	1-palmitoyl-GPC (16:0)	LYPLA2	author_case_row	60.0	NA	Spearman_rho	0.23979989808895372	-0.03756718557196886	0.4891646962264419	0.0672	0.2142	processed_Spearman262	255.0	DONE	same_cohort_postselection;RNA_not_flux	CAMP_GSE37751_original_author_case_table	results/BRCA/03_PATIENT/20260921T150000Z_mapping262_patient_v1/CAMP_relations262.tsv	5f78d08a696d5fac3d95c697b0eb05358cfa1868	EXACT_COLUMN_COPY_NO_RECALCULATION
BRCA	CAMP_BRCA1_Terunuma	03_PATIENT	20260921T150000Z_mapping262_patient_v1	mapping262_patient_v1	available_Spearman262	KEGG:C04102	1-palmitoyl-GPC (16:0)	LYPLA2	author_case_row	55.0	NA	Spearman_rho	0.1793650793650794	-0.09229698980101203	0.42407436428782985	0.1874	0.4685	available_Spearman262	255.0	DONE	same_cohort_postselection;RNA_not_flux	CAMP_GSE37751_original_author_case_table	results/BRCA/03_PATIENT/20260921T150000Z_mapping262_patient_v1/CAMP_relations262.tsv	5f78d08a696d5fac3d95c697b0eb05358cfa1868	EXACT_COLUMN_COPY_NO_RECALCULATION
BRCA	CAMP_BRCA1_Terunuma	03_PATIENT	20260921T150000Z_mapping262_patient_v1	mapping262_patient_v1	processed_Spearman262	KEGG:C05282	gamma-glutamylglutamate	FOLH1	author_case_row	60.0	NA	Spearman_rho	-0.1289085112614925	-0.3706163460386734	0.1239004375675992	0.3373	0.574	processed_Spearman262	255.0	DONE	same_cohort_postselection;RNA_not_flux	CAMP_GSE37751_original_author_case_table	results/BRCA/03_PATIENT/20260921T150000Z_mapping262_patient_v1/CAMP_relations262.tsv	5f78d08a696d5fac3d95c697b0eb05358cfa1868	EXACT_COLUMN_COPY_NO_RECALCULATION
BRCA	CAMP_BRCA1_Terunuma	03_PATIENT	20260921T150000Z_mapping262_patient_v1	mapping262_patient_v1	available_Spearman262	KEGG:C05282	gamma-glutamylglutamate	FOLH1	author_case_row	53.0	NA	Spearman_rho	-0.0816803741332043	-0.343249555968633	0.2028661026626748	0.5601	0.7632552631578947	available_Spearman262	255.0	DONE	same_cohort_postselection;RNA_not_flux	CAMP_GSE37751_original_author_case_table	results/BRCA/03_PATIENT/20260921T150000Z_mapping262_patient_v1/CAMP_relations262.tsv	5f78d08a696d5fac3d95c697b0eb05358cfa1868	EXACT_COLUMN_COPY_NO_RECALCULATION
BRCA	CAMP_BRCA1_Terunuma	03_PATIENT	20260921T150000Z_mapping262_patient_v1	mapping262_patient_v1	processed_Spearman262	KEGG:C05345	fructose-6-phosphate	GPI	author_case_row	60.0	NA	Spearman_rho	0.4553803041326353	0.2306597618354616	0.6182205664637048	0.0004	0.019125	processed_Spearman262	255.0	DONE	same_cohort_postselection;RNA_not_flux	CAMP_GSE37751_original_author_case_table	results/BRCA/03_PATIENT/20260921T150000Z_mapping262_patient_v1/CAMP_relations262.tsv	5f78d08a696d5fac3d95c697b0eb05358cfa1868	EXACT_COLUMN_COPY_NO_RECALCULATION
BRCA	CAMP_BRCA1_Terunuma	03_PATIENT	20260921T150000Z_mapping262_patient_v1	mapping262_patient_v1	available_Spearman262	KEGG:C05345	fructose-6-phosphate	GPI	author_case_row	53.0	NA	Spearman_rho	0.4423480083857442	0.1814738833681295	0.6419533577621548	0.0007	0.0286875	available_Spearman262	255.0	DONE	same_cohort_postselection;RNA_not_flux	CAMP_GSE37751_original_author_case_table	results/BRCA/03_PATIENT/20260921T150000Z_mapping262_patient_v1/CAMP_relations262.tsv	5f78d08a696d5fac3d95c697b0eb05358cfa1868	EXACT_COLUMN_COPY_NO_RECALCULATION
BRCA	CAMP_BRCA1_Terunuma	03_PATIENT	20260921T150000Z_mapping262_patient_v1	mapping262_patient_v1	processed_Spearman262	KEGG:C05345	fructose-6-phosphate	MPI	author_case_row	60.0	NA	Spearman_rho	-0.1519974332181258	-0.4142354031347659	0.131176819069528	0.2491	0.5001614173228346	processed_Spearman262	255.0	DONE	same_cohort_postselection;RNA_not_flux	CAMP_GSE37751_original_author_case_table	results/BRCA/03_PATIENT/20260921T150000Z_mapping262_patient_v1/CAMP_relations262.tsv	5f78d08a696d5fac3d95c697b0eb05358cfa1868	EXACT_COLUMN_COPY_NO_RECALCULATION
BRCA	CAMP_BRCA1_Terunuma	03_PATIENT	20260921T150000Z_mapping262_patient_v1	mapping262_patient_v1	available_Spearman262	KEGG:C05345	fructose-6-phosphate	MPI	author_case_row	53.0	NA	Spearman_rho	-0.1939203354297693	-0.4641374780856121	0.0972628808526428	0.1572	0.4175625	available_Spearman262	255.0	DONE	same_cohort_postselection;RNA_not_flux	CAMP_GSE37751_original_author_case_table	results/BRCA/03_PATIENT/20260921T150000Z_mapping262_patient_v1/CAMP_relations262.tsv	5f78d08a696d5fac3d95c697b0eb05358cfa1868	EXACT_COLUMN_COPY_NO_RECALCULATION
BRCA	CAMP_BRCA1_Terunuma	03_PATIENT	20260921T150000Z_mapping262_patient_v1	mapping262_patient_v1	processed_Spearman262	KEGG:C05345	fructose-6-phosphate	PFKL	author_case_row	60.0	NA	Spearman_rho	0.3506734339582164	0.1029246036230713	0.552065168946884	0.0068	0.08204347826086957	processed_Spearman262	255.0	DONE	same_cohort_postselection;RNA_not_flux	CAMP_GSE37751_original_author_case_table	results/BRCA/03_PATIENT/20260921T150000Z_mapping262_patient_v1/CAMP_relations262.tsv	5f78d08a696d5fac3d95c697b0eb05358cfa1868	EXACT_COLUMN_COPY_NO_RECALCULATION
BRCA	CAMP_BRCA1_Terunuma	03_PATIENT	20260921T150000Z_mapping262_patient_v1	mapping262_patient_v1	available_Spearman262	KEGG:C05345	fructose-6-phosphate	PFKL	author_case_row	53.0	NA	Spearman_rho	0.3372036768263183	0.0575564318334478	0.5689909586651666	0.0138	0.12134482758620689	available_Spearman262	255.0	DONE	same_cohort_postselection;RNA_not_flux	CAMP_GSE37751_original_author_case_table	results/BRCA/03_PATIENT/20260921T150000Z_mapping262_patient_v1/CAMP_relations262.tsv	5f78d08a696d5fac3d95c697b0eb05358cfa1868	EXACT_COLUMN_COPY_NO_RECALCULATION
BRCA	CAMP_BRCA1_Terunuma	03_PATIENT	20260921T150000Z_mapping262_patient_v1	mapping262_patient_v1	processed_Spearman262	KEGG:C05345	fructose-6-phosphate	PFKM	author_case_row	60.0	NA	Spearman_rho	0.2384000736968042	-0.0316702929058589	0.4730425238509409	0.0668	0.2142	processed_Spearman262	255.0	DONE	same_cohort_postselection;RNA_not_flux	CAMP_GSE37751_original_author_case_table	results/BRCA/03_PATIENT/20260921T150000Z_mapping262_patient_v1/CAMP_relations262.tsv	5f78d08a696d5fac3d95c697b0eb05358cfa1868	EXACT_COLUMN_COPY_NO_RECALCULATION
BRCA	CAMP_BRCA1_Terunuma	03_PATIENT	20260921T150000Z_mapping262_patient_v1	mapping262_patient_v1	available_Spearman262	KEGG:C05345	fructose-6-phosphate	PFKM	author_case_row	53.0	NA	Spearman_rho	0.1865828092243186	-0.0979040960938631	0.453240752198753	0.1797	0.458235	available_Spearman262	255.0	DONE	same_cohort_postselection;RNA_not_flux	CAMP_GSE37751_original_author_case_table	results/BRCA/03_PATIENT/20260921T150000Z_mapping262_patient_v1/CAMP_relations262.tsv	5f78d08a696d5fac3d95c697b0eb05358cfa1868	EXACT_COLUMN_COPY_NO_RECALCULATION
BRCA	CAMP_BRCA1_Terunuma	03_PATIENT	20260921T150000Z_mapping262_patient_v1	mapping262_patient_v1	processed_Spearman262	KEGG:C05345	fructose-6-phosphate	PFKP	author_case_row	60.0	NA	Spearman_rho	0.1941694882618079	-0.0721434925283949	0.425232359308686	0.136	0.3211111111111111	processed_Spearman262	255.0	DONE	same_cohort_postselection;RNA_not_flux	CAMP_GSE37751_original_author_case_table	results/BRCA/03_PATIENT/20260921T150000Z_mapping262_patient_v1/CAMP_relations262.tsv	5f78d08a696d5fac3d95c697b0eb05358cfa1868	EXACT_COLUMN_COPY_NO_RECALCULATION
BRCA	CAMP_BRCA1_Terunuma	03_PATIENT	20260921T150000Z_mapping262_patient_v1	mapping262_patient_v1	available_Spearman262	KEGG:C05345	fructose-6-phosphate	PFKP	author_case_row	53.0	NA	Spearman_rho	0.2139977422996291	-0.074842768717369	0.4661992231839075	0.1279	0.3606032608695652	available_Spearman262	255.0	DONE	same_cohort_postselection;RNA_not_flux	CAMP_GSE37751_original_author_case_table	results/BRCA/03_PATIENT/20260921T150000Z_mapping262_patient_v1/CAMP_relations262.tsv	5f78d08a696d5fac3d95c697b0eb05358cfa1868	EXACT_COLUMN_COPY_NO_RECALCULATION
BRCA	CAMP_BRCA1_Terunuma	03_PATIENT	20260921T150000Z_mapping262_patient_v1	mapping262_patient_v1	processed_Spearman262	KEGG:C06424	myristate (14:0)	ABHD12	author_case_row	60.0	NA	Spearman_rho	-0.029063628785773836	-0.3116106546396597	0.24721791327857826	0.8233	0.8999872340425533	processed_Spearman262	255.0	DONE	same_cohort_postselection;RNA_not_flux	CAMP_GSE37751_original_author_case_table	results/BRCA/03_PATIENT/20260921T150000Z_mapping262_patient_v1/CAMP_relations262.tsv	5f78d08a696d5fac3d95c697b0eb05358cfa1868	EXACT_COLUMN_COPY_NO_RECALCULATION
BRCA	CAMP_BRCA1_Terunuma	03_PATIENT	20260921T150000Z_mapping262_patient_v1	mapping262_patient_v1	available_Spearman262	KEGG:C06424	myristate (14:0)	ABHD12	author_case_row	60.0	NA	Spearman_rho	-0.029063628785773836	-0.3208570951678861	0.24886599979095322	0.8269	0.9299074889867842	available_Spearman262	255.0	DONE	same_cohort_postselection;RNA_not_flux	CAMP_GSE37751_original_author_case_table	results/BRCA/03_PATIENT/20260921T150000Z_mapping262_patient_v1/CAMP_relations262.tsv	5f78d08a696d5fac3d95c697b0eb05358cfa1868	EXACT_COLUMN_COPY_NO_RECALCULATION
BRCA	CAMP_BRCA1_Terunuma	03_PATIENT	20260921T150000Z_mapping262_patient_v1	mapping262_patient_v1	processed_Spearman262	KEGG:C06424	myristate (14:0)	ABHD6	author_case_row	60.0	NA	Spearman_rho	0.09897193664906921	-0.1742483660130719	0.3674534258437819	0.4461	0.6565169491525424	processed_Spearman262	255.0	DONE	same_cohort_postselection;RNA_not_flux	CAMP_GSE37751_original_author_case_table	results/BRCA/03_PATIENT/20260921T150000Z_mapping262_patient_v1/CAMP_relations262.tsv	5f78d08a696d5fac3d95c697b0eb05358cfa1868	EXACT_COLUMN_COPY_NO_RECALCULATION
BRCA	CAMP_BRCA1_Terunuma	03_PATIENT	20260921T150000Z_mapping262_patient_v1	mapping262_patient_v1	available_Spearman262	KEGG:C06424	myristate (14:0)	ABHD6	author_case_row	60.0	NA	Spearman_rho	0.09897193664906921	-0.17495409394109615	0.3659492115894636	0.4488	0.6848571428571428	available_Spearman262	255.0	DONE	same_cohort_postselection;RNA_not_flux	CAMP_GSE37751_original_author_case_table	results/BRCA/03_PATIENT/20260921T150000Z_mapping262_patient_v1/CAMP_relations262.tsv	5f78d08a696d5fac3d95c697b0eb05358cfa1868	EXACT_COLUMN_COPY_NO_RECALCULATION
BRCA	CAMP_BRCA1_Terunuma	03_PATIENT	20260921T150000Z_mapping262_patient_v1	mapping262_patient_v1	processed_Spearman262	KEGG:C06424	myristate (14:0)	ACSL3	author_case_row	60.0	NA	Spearman_rho	-0.06346207279799947	-0.31601078027456825	0.19022287950580558	0.6253	0.7954477611940298	processed_Spearman262	255.0	DONE	same_cohort_postselection;RNA_not_flux	CAMP_GSE37751_original_author_case_table	results/BRCA/03_PATIENT/20260921T150000Z_mapping262_patient_v1/CAMP_relations262.tsv	5f78d08a696d5fac3d95c697b0eb05358cfa1868	EXACT_COLUMN_COPY_NO_RECALCULATION
BRCA	CAMP_BRCA1_Terunuma	03_PATIENT	20260921T150000Z_mapping262_patient_v1	mapping262_patient_v1	available_Spearman262	KEGG:C06424	myristate (14:0)	ACSL3	author_case_row	60.0	NA	Spearman_rho	-0.06346207279799947	-0.32129762287097247	0.20018665741571023	0.6351	0.8179318181818181	available_Spearman262	255.0	DONE	same_cohort_postselection;RNA_not_flux	CAMP_GSE37751_original_author_case_table	results/BRCA/03_PATIENT/20260921T150000Z_mapping262_patient_v1/CAMP_relations262.tsv	5f78d08a696d5fac3d95c697b0eb05358cfa1868	EXACT_COLUMN_COPY_NO_RECALCULATION
BRCA	CAMP_BRCA1_Terunuma	03_PATIENT	20260921T150000Z_mapping262_patient_v1	mapping262_patient_v1	processed_Spearman262	KEGG:C06424	myristate (14:0)	ACSM1	author_case_row	60.0	NA	Spearman_rho	0.022506251736593503	-0.24267081298936022	0.2772232081155951	0.8672	0.9370169491525423	processed_Spearman262	255.0	DONE	same_cohort_postselection;RNA_not_flux	CAMP_GSE37751_original_author_case_table	results/BRCA/03_PATIENT/20260921T150000Z_mapping262_patient_v1/CAMP_relations262.tsv	5f78d08a696d5fac3d95c697b0eb05358cfa1868	EXACT_COLUMN_COPY_NO_RECALCULATION
BRCA	CAMP_BRCA1_Terunuma	03_PATIENT	20260921T150000Z_mapping262_patient_v1	mapping262_patient_v1	available_Spearman262	KEGG:C06424	myristate (14:0)	ACSM1	author_case_row	60.0	NA	Spearman_rho	0.022506251736593503	-0.2358464320489637	0.2806214869077473	0.8637	0.9436080508474576	available_Spearman262	255.0	DONE	same_cohort_postselection;RNA_not_flux	CAMP_GSE37751_original_author_case_table	results/BRCA/03_PATIENT/20260921T150000Z_mapping262_patient_v1/CAMP_relations262.tsv	5f78d08a696d5fac3d95c697b0eb05358cfa1868	EXACT_COLUMN_COPY_NO_RECALCULATION
BRCA	CAMP_BRCA1_Terunuma	03_PATIENT	20260921T150000Z_mapping262_patient_v1	mapping262_patient_v1	processed_Spearman262	KEGG:C06424	myristate (14:0)	MGLL	author_case_row	60.0	NA	Spearman_rho	0.009058071686579608	-0.24637576671905131	0.25781968898415686	0.9437	0.9862438524590164	processed_Spearman262	255.0	DONE	same_cohort_postselection;RNA_not_flux	CAMP_GSE37751_original_author_case_table	results/BRCA/03_PATIENT/20260921T150000Z_mapping262_patient_v1/CAMP_relations262.tsv	5f78d08a696d5fac3d95c697b0eb05358cfa1868	EXACT_COLUMN_COPY_NO_RECALCULATION
BRCA	CAMP_BRCA1_Terunuma	03_PATIENT	20260921T150000Z_mapping262_patient_v1	mapping262_patient_v1	available_Spearman262	KEGG:C06424	myristate (14:0)	MGLL	author_case_row	60.0	NA	Spearman_rho	0.009058071686579608	-0.24394143160351492	0.2641067105884945	0.9466	0.9812317073170731	available_Spearman262	255.0	DONE	same_cohort_postselection;RNA_not_flux	CAMP_GSE37751_original_author_case_table	results/BRCA/03_PATIENT/20260921T150000Z_mapping262_patient_v1/CAMP_relations262.tsv	5f78d08a696d5fac3d95c697b0eb05358cfa1868	EXACT_COLUMN_COPY_NO_RECALCULATION
BRCA	CAMP_BRCA1_Terunuma	03_PATIENT	20260921T150000Z_mapping262_patient_v1	mapping262_patient_v1	processed_Spearman262	KEGG:C06428	eicosapentaenoate (EPA; 20:5n3)	ACSL3	author_case_row	60.0	NA	Spearman_rho	0.10719644345651572	-0.14640624911306604	0.3504659646736917	0.4171	0.6368892215568862	processed_Spearman262	255.0	DONE	same_cohort_postselection;RNA_not_flux	CAMP_GSE37751_original_author_case_table	results/BRCA/03_PATIENT/20260921T150000Z_mapping262_patient_v1/CAMP_relations262.tsv	5f78d08a696d5fac3d95c697b0eb05358cfa1868	EXACT_COLUMN_COPY_NO_RECALCULATION
BRCA	CAMP_BRCA1_Terunuma	03_PATIENT	20260921T150000Z_mapping262_patient_v1	mapping262_patient_v1	available_Spearman262	KEGG:C06428	eicosapentaenoate (EPA; 20:5n3)	ACSL3	author_case_row	60.0	NA	Spearman_rho	0.10719644345651572	-0.1502850621359614	0.35305308303600924	0.422	0.6725625	available_Spearman262	255.0	DONE	same_cohort_postselection;RNA_not_flux	CAMP_GSE37751_original_author_case_table	results/BRCA/03_PATIENT/20260921T150000Z_mapping262_patient_v1/CAMP_relations262.tsv	5f78d08a696d5fac3d95c697b0eb05358cfa1868	EXACT_COLUMN_COPY_NO_RECALCULATION
BRCA	CAMP_BRCA1_Terunuma	03_PATIENT	20260921T150000Z_mapping262_patient_v1	mapping262_patient_v1	processed_Spearman262	KEGG:C06428	eicosapentaenoate (EPA; 20:5n3)	ACSL4	author_case_row	60.0	NA	Spearman_rho	-0.0880244512364546	-0.3436654595436153	0.16578452214786304	0.4989	0.7006895604395604	processed_Spearman262	255.0	DONE	same_cohort_postselection;RNA_not_flux	CAMP_GSE37751_original_author_case_table	results/BRCA/03_PATIENT/20260921T150000Z_mapping262_patient_v1/CAMP_relations262.tsv	5f78d08a696d5fac3d95c697b0eb05358cfa1868	EXACT_COLUMN_COPY_NO_RECALCULATION
BRCA	CAMP_BRCA1_Terunuma	03_PATIENT	20260921T150000Z_mapping262_patient_v1	mapping262_patient_v1	available_Spearman262	KEGG:C06428	eicosapentaenoate (EPA; 20:5n3)	ACSL4	author_case_row	60.0	NA	Spearman_rho	-0.0880244512364546	-0.3377593085241933	0.16949085887221288	0.5041	0.7167868852459016	available_Spearman262	255.0	DONE	same_cohort_postselection;RNA_not_flux	CAMP_GSE37751_original_author_case_table	results/BRCA/03_PATIENT/20260921T150000Z_mapping262_patient_v1/CAMP_relations262.tsv	5f78d08a696d5fac3d95c697b0eb05358cfa1868	EXACT_COLUMN_COPY_NO_RECALCULATION
BRCA	CAMP_BRCA1_Terunuma	03_PATIENT	20260921T150000Z_mapping262_patient_v1	mapping262_patient_v1	processed_Spearman262	KEGG:C06428	eicosapentaenoate (EPA; 20:5n3)	CYP4F2	author_case_row	60.0	NA	Spearman_rho	-0.03617671575437622	-0.30364899991404654	0.24540134697439775	0.7842	0.873235807860262	processed_Spearman262	255.0	DONE	same_cohort_postselection;RNA_not_flux	CAMP_GSE37751_original_author_case_table	results/BRCA/03_PATIENT/20260921T150000Z_mapping262_patient_v1/CAMP_relations262.tsv	5f78d08a696d5fac3d95c697b0eb05358cfa1868	EXACT_COLUMN_COPY_NO_RECALCULATION
BRCA	CAMP_BRCA1_Terunuma	03_PATIENT	20260921T150000Z_mapping262_patient_v1	mapping262_patient_v1	available_Spearman262	KEGG:C06428	eicosapentaenoate (EPA; 20:5n3)	CYP4F2	author_case_row	60.0	NA	Spearman_rho	-0.03617671575437622	-0.30403061830054035	0.24392270931402435	0.7771	0.9131820276497696	available_Spearman262	255.0	DONE	same_cohort_postselection;RNA_not_flux	CAMP_GSE37751_original_author_case_table	results/BRCA/03_PATIENT/20260921T150000Z_mapping262_patient_v1/CAMP_relations262.tsv	5f78d08a696d5fac3d95c697b0eb05358cfa1868	EXACT_COLUMN_COPY_NO_RECALCULATION
BRCA	CAMP_BRCA1_Terunuma	03_PATIENT	20260921T150000Z_mapping262_patient_v1	mapping262_patient_v1	processed_Spearman262	KEGG:C06429	docosahexaenoate (DHA; 22:6n3)	ACSL3	author_case_row	60.0	NA	Spearman_rho	0.08646846346207282	-0.16242426653267514	0.3295332810400641	0.512	0.7095652173913044	processed_Spearman262	255.0	DONE	same_cohort_postselection;RNA_not_flux	CAMP_GSE37751_original_author_case_table	results/BRCA/03_PATIENT/20260921T150000Z_mapping262_patient_v1/CAMP_relations262.tsv	5f78d08a696d5fac3d95c697b0eb05358cfa1868	EXACT_COLUMN_COPY_NO_RECALCULATION
BRCA	CAMP_BRCA1_Terunuma	03_PATIENT	20260921T150000Z_mapping262_patient_v1	mapping262_patient_v1	available_Spearman262	KEGG:C06429	docosahexaenoate (DHA; 22:6n3)	ACSL3	author_case_row	60.0	NA	Spearman_rho	0.08646846346207282	-0.157351341040883	0.3247567639639338	0.504	0.7167868852459016	available_Spearman262	255.0	DONE	same_cohort_postselection;RNA_not_flux	CAMP_GSE37751_original_author_case_table	results/BRCA/03_PATIENT/20260921T150000Z_mapping262_patient_v1/CAMP_relations262.tsv	5f78d08a696d5fac3d95c697b0eb05358cfa1868	EXACT_COLUMN_COPY_NO_RECALCULATION
BRCA	CAMP_BRCA1_Terunuma	03_PATIENT	20260921T150000Z_mapping262_patient_v1	mapping262_patient_v1	processed_Spearman262	KEGG:C06429	docosahexaenoate (DHA; 22:6n3)	ACSL4	author_case_row	60.0	NA	Spearman_rho	-0.13420394554042792	-0.38773674110743384	0.13861303895444124	0.302	0.56625	processed_Spearman262	255.0	DONE	same_cohort_postselection;RNA_not_flux	CAMP_GSE37751_original_author_case_table	results/BRCA/03_PATIENT/20260921T150000Z_mapping262_patient_v1/CAMP_relations262.tsv	5f78d08a696d5fac3d95c697b0eb05358cfa1868	EXACT_COLUMN_COPY_NO_RECALCULATION
BRCA	CAMP_BRCA1_Terunuma	03_PATIENT	20260921T150000Z_mapping262_patient_v1	mapping262_patient_v1	available_Spearman262	KEGG:C06429	docosahexaenoate (DHA; 22:6n3)	ACSL4	author_case_row	60.0	NA	Spearman_rho	-0.13420394554042792	-0.37819523781763137	0.12877801260607435	0.3074	0.6029769230769231	available_Spearman262	255.0	DONE	same_cohort_postselection;RNA_not_flux	CAMP_GSE37751_original_author_case_table	results/BRCA/03_PATIENT/20260921T150000Z_mapping262_patient_v1/CAMP_relations262.tsv	5f78d08a696d5fac3d95c697b0eb05358cfa1868	EXACT_COLUMN_COPY_NO_RECALCULATION
BRCA	CAMP_BRCA1_Terunuma	03_PATIENT	20260921T150000Z_mapping262_patient_v1	mapping262_patient_v1	processed_Spearman262	KEGG:C06429	docosahexaenoate (DHA; 22:6n3)	ALOX15	author_case_row	60.0	NA	Spearman_rho	0.03728813559322035	-0.22675831000893107	0.290505096517546	0.7759	0.8677828947368421	processed_Spearman262	255.0	DONE	same_cohort_postselection;RNA_not_flux	CAMP_GSE37751_original_author_case_table	results/BRCA/03_PATIENT/20260921T150000Z_mapping262_patient_v1/CAMP_relations262.tsv	5f78d08a696d5fac3d95c697b0eb05358cfa1868	EXACT_COLUMN_COPY_NO_RECALCULATION
BRCA	CAMP_BRCA1_Terunuma	03_PATIENT	20260921T150000Z_mapping262_patient_v1	mapping262_patient_v1	available_Spearman262	KEGG:C06429	docosahexaenoate (DHA; 22:6n3)	ALOX15	author_case_row	60.0	NA	Spearman_rho	0.03728813559322035	-0.2122296900443462	0.29762321408200826	0.7763	0.9131820276497696	available_Spearman262	255.0	DONE	same_cohort_postselection;RNA_not_flux	CAMP_GSE37751_original_author_case_table	results/BRCA/03_PATIENT/20260921T150000Z_mapping262_patient_v1/CAMP_relations262.tsv	5f78d08a696d5fac3d95c697b0eb05358cfa1868	EXACT_COLUMN_COPY_NO_RECALCULATION
BRCA	CAMP_BRCA1_Terunuma	03_PATIENT	20260921T150000Z_mapping262_patient_v1	mapping262_patient_v1	processed_Spearman262	KEGG:C06429	docosahexaenoate (DHA; 22:6n3)	CYP4F2	author_case_row	60.0	NA	Spearman_rho	0.057793831619894424	-0.20922099748841383	0.3199562256360355	0.6575	0.810360576923077	processed_Spearman262	255.0	DONE	same_cohort_postselection;RNA_not_flux	CAMP_GSE37751_original_author_case_table	results/BRCA/03_PATIENT/20260921T150000Z_mapping262_patient_v1/CAMP_relations262.tsv	5f78d08a696d5fac3d95c697b0eb05358cfa1868	EXACT_COLUMN_COPY_NO_RECALCULATION
BRCA	CAMP_BRCA1_Terunuma	03_PATIENT	20260921T150000Z_mapping262_patient_v1	mapping262_patient_v1	available_Spearman262	KEGG:C06429	docosahexaenoate (DHA; 22:6n3)	CYP4F2	author_case_row	60.0	NA	Spearman_rho	0.057793831619894424	-0.21658100512390127	0.3204012217441521	0.6656	0.8402376237623762	available_Spearman262	255.0	DONE	same_cohort_postselection;RNA_not_flux	CAMP_GSE37751_original_author_case_table	results/BRCA/03_PATIENT/20260921T150000Z_mapping262_patient_v1/CAMP_relations262.tsv	5f78d08a696d5fac3d95c697b0eb05358cfa1868	EXACT_COLUMN_COPY_NO_RECALCULATION
BRCA	CAMP_BRCA1_Terunuma	03_PATIENT	20260921T150000Z_mapping262_patient_v1	mapping262_patient_v1	processed_Spearman262	KEGG:C07326	1,5-anhydroglucitol (1,5-AG)	SLC5A10	author_case_row	60.0	NA	Spearman_rho	-0.13321217644117728	-0.37247349799391527	0.12247656349063082	0.3206	0.574	processed_Spearman262	255.0	DONE	same_cohort_postselection;RNA_not_flux	CAMP_GSE37751_original_author_case_table	results/BRCA/03_PATIENT/20260921T150000Z_mapping262_patient_v1/CAMP_relations262.tsv	5f78d08a696d5fac3d95c697b0eb05358cfa1868	EXACT_COLUMN_COPY_NO_RECALCULATION
BRCA	CAMP_BRCA1_Terunuma	03_PATIENT	20260921T150000Z_mapping262_patient_v1	mapping262_patient_v1	available_Spearman262	KEGG:C07326	1,5-anhydroglucitol (1,5-AG)	SLC5A10	author_case_row	48.0	NA	Spearman_rho	-0.11528441163699521	-0.4010998770339199	0.18222804360956293	0.4351	0.6848571428571428	available_Spearman262	255.0	DONE	same_cohort_postselection;RNA_not_flux	CAMP_GSE37751_original_author_case_table	results/BRCA/03_PATIENT/20260921T150000Z_mapping262_patient_v1/CAMP_relations262.tsv	5f78d08a696d5fac3d95c697b0eb05358cfa1868	EXACT_COLUMN_COPY_NO_RECALCULATION
BRCA	CAMP_BRCA1_Terunuma	03_PATIENT	20260921T150000Z_mapping262_patient_v1	mapping262_patient_v1	processed_Spearman262	KEGG:C10172	stachydrine	SLC22A4	author_case_row	60.0	NA	Spearman_rho	-0.05193914704524497	-0.29910891181900123	0.2101136877396969	0.687	0.8319976415094339	processed_Spearman262	255.0	DONE	same_cohort_postselection;RNA_not_flux	CAMP_GSE37751_original_author_case_table	results/BRCA/03_PATIENT/20260921T150000Z_mapping262_patient_v1/CAMP_relations262.tsv	5f78d08a696d5fac3d95c697b0eb05358cfa1868	EXACT_COLUMN_COPY_NO_RECALCULATION
BRCA	CAMP_BRCA1_Terunuma	03_PATIENT	20260921T150000Z_mapping262_patient_v1	mapping262_patient_v1	available_Spearman262	KEGG:C10172	stachydrine	SLC22A4	author_case_row	50.0	NA	Spearman_rho	-0.007539015606242497	-0.2817018451323682	0.27512950178501316	0.9555	0.982464	available_Spearman262	255.0	DONE	same_cohort_postselection;RNA_not_flux	CAMP_GSE37751_original_author_case_table	results/BRCA/03_PATIENT/20260921T150000Z_mapping262_patient_v1/CAMP_relations262.tsv	5f78d08a696d5fac3d95c697b0eb05358cfa1868	EXACT_COLUMN_COPY_NO_RECALCULATION
BRCA	CAMP_BRCA1_Terunuma	03_PATIENT	20260921T150000Z_mapping262_patient_v1	mapping262_patient_v1	processed_Spearman262	KEGG:C12270	N-acetyl-aspartyl-glutamate (NAAG)	FOLH1	author_case_row	60.0	NA	Spearman_rho	-0.0572406282783418	-0.3087198946248324	0.1981794855982371	0.665	0.8113636363636364	processed_Spearman262	255.0	DONE	same_cohort_postselection;RNA_not_flux	CAMP_GSE37751_original_author_case_table	results/BRCA/03_PATIENT/20260921T150000Z_mapping262_patient_v1/CAMP_relations262.tsv	5f78d08a696d5fac3d95c697b0eb05358cfa1868	EXACT_COLUMN_COPY_NO_RECALCULATION
BRCA	CAMP_BRCA1_Terunuma	03_PATIENT	20260921T150000Z_mapping262_patient_v1	mapping262_patient_v1	available_Spearman262	KEGG:C12270	N-acetyl-aspartyl-glutamate (NAAG)	FOLH1	author_case_row	46.0	NA	Spearman_rho	-0.0891150169596053	-0.3844466205405636	0.2197904646118631	0.5451	0.7506048387096774	available_Spearman262	255.0	DONE	same_cohort_postselection;RNA_not_flux	CAMP_GSE37751_original_author_case_table	results/BRCA/03_PATIENT/20260921T150000Z_mapping262_patient_v1/CAMP_relations262.tsv	5f78d08a696d5fac3d95c697b0eb05358cfa1868	EXACT_COLUMN_COPY_NO_RECALCULATION
BRCA	CAMP_BRCA1_Terunuma	03_PATIENT	20260921T150000Z_mapping262_patient_v1	mapping262_patient_v1	processed_Spearman262	KEGG:C16527	adrenate (22:4n6)	ACSL4	author_case_row	60.0	NA	Spearman_rho	-0.12486801889413726	-0.3608559402363557	0.12787166741791825	0.3396	0.574	processed_Spearman262	255.0	DONE	same_cohort_postselection;RNA_not_flux	CAMP_GSE37751_original_author_case_table	results/BRCA/03_PATIENT/20260921T150000Z_mapping262_patient_v1/CAMP_relations262.tsv	5f78d08a696d5fac3d95c697b0eb05358cfa1868	EXACT_COLUMN_COPY_NO_RECALCULATION
BRCA	CAMP_BRCA1_Terunuma	03_PATIENT	20260921T150000Z_mapping262_patient_v1	mapping262_patient_v1	available_Spearman262	KEGG:C16527	adrenate (22:4n6)	ACSL4	author_case_row	60.0	NA	Spearman_rho	-0.12486801889413726	-0.36059834765918386	0.1277686073692812	0.3441	0.61571875	available_Spearman262	255.0	DONE	same_cohort_postselection;RNA_not_flux	CAMP_GSE37751_original_author_case_table	results/BRCA/03_PATIENT/20260921T150000Z_mapping262_patient_v1/CAMP_relations262.tsv	5f78d08a696d5fac3d95c697b0eb05358cfa1868	EXACT_COLUMN_COPY_NO_RECALCULATION
BRCA	CAMP_BRCA1_Terunuma	03_PATIENT	20260921T150000Z_mapping262_patient_v1	mapping262_patient_v1	processed_Spearman262	KEGG:D01947	1-stearoylglycerol (18:0)	ABHD12	author_case_row	60.0	NA	Spearman_rho	0.2591983240550228	0.0025601901340385415	0.48087109885481805	0.049	0.18219565217391304	processed_Spearman262	255.0	DONE	same_cohort_postselection;RNA_not_flux	CAMP_GSE37751_original_author_case_table	results/BRCA/03_PATIENT/20260921T150000Z_mapping262_patient_v1/CAMP_relations262.tsv	5f78d08a696d5fac3d95c697b0eb05358cfa1868	EXACT_COLUMN_COPY_NO_RECALCULATION
BRCA	CAMP_BRCA1_Terunuma	03_PATIENT	20260921T150000Z_mapping262_patient_v1	mapping262_patient_v1	available_Spearman262	KEGG:D01947	1-stearoylglycerol (18:0)	ABHD12	author_case_row	44.0	NA	Spearman_rho	0.3214940098661028	0.016236763736489794	0.5759345897510937	0.0334	0.19039999999999999	available_Spearman262	255.0	DONE	same_cohort_postselection;RNA_not_flux	CAMP_GSE37751_original_author_case_table	results/BRCA/03_PATIENT/20260921T150000Z_mapping262_patient_v1/CAMP_relations262.tsv	5f78d08a696d5fac3d95c697b0eb05358cfa1868	EXACT_COLUMN_COPY_NO_RECALCULATION
BRCA	CAMP_BRCA1_Terunuma	03_PATIENT	20260921T150000Z_mapping262_patient_v1	mapping262_patient_v1	processed_Spearman262	KEGG:D01947	1-stearoylglycerol (18:0)	MGLL	author_case_row	60.0	NA	Spearman_rho	-0.32425037096883214	-0.5558847902260543	-0.0688359229346563	0.0116	0.096421875	processed_Spearman262	255.0	DONE	same_cohort_postselection;RNA_not_flux	CAMP_GSE37751_original_author_case_table	results/BRCA/03_PATIENT/20260921T150000Z_mapping262_patient_v1/CAMP_relations262.tsv	5f78d08a696d5fac3d95c697b0eb05358cfa1868	EXACT_COLUMN_COPY_NO_RECALCULATION
BRCA	CAMP_BRCA1_Terunuma	03_PATIENT	20260921T150000Z_mapping262_patient_v1	mapping262_patient_v1	available_Spearman262	KEGG:D01947	1-stearoylglycerol (18:0)	MGLL	author_case_row	44.0	NA	Spearman_rho	-0.2525722339675828	-0.5116999064209587	0.0361499364675985	0.0989	0.30175	available_Spearman262	255.0	DONE	same_cohort_postselection;RNA_not_flux	CAMP_GSE37751_original_author_case_table	results/BRCA/03_PATIENT/20260921T150000Z_mapping262_patient_v1/CAMP_relations262.tsv	5f78d08a696d5fac3d95c697b0eb05358cfa1868	EXACT_COLUMN_COPY_NO_RECALCULATION
BRCA	CAMP_BRCA1_Terunuma	03_PATIENT	20260921T150000Z_mapping262_patient_v1	mapping262_patient_v1	processed_Spearman262	NAME:2-oleoylglycerophosphoethanolamine	2-oleoylglycerophosphoethanolamine	LPCAT4	author_case_row	NA	NA	Spearman_rho	NA	NA	NA	NA	NA	processed_Spearman262	255.0	NEEDS_REVIEW	historical_LPCAT4_symbol_ambiguous_Q643R3_vs_Q6ZWT7;stable_probe_identity_required	CAMP_GSE37751_original_author_case_table	results/BRCA/03_PATIENT/20260921T150000Z_mapping262_patient_v1/CAMP_relations262.tsv	5f78d08a696d5fac3d95c697b0eb05358cfa1868	EXACT_COLUMN_COPY_NO_RECALCULATION
BRCA	CAMP_BRCA1_Terunuma	03_PATIENT	20260921T150000Z_mapping262_patient_v1	mapping262_patient_v1	available_Spearman262	NAME:2-oleoylglycerophosphoethanolamine	2-oleoylglycerophosphoethanolamine	LPCAT4	author_case_row	NA	NA	Spearman_rho	NA	NA	NA	NA	NA	available_Spearman262	255.0	NEEDS_REVIEW	historical_LPCAT4_symbol_ambiguous_Q643R3_vs_Q6ZWT7;stable_probe_identity_required	CAMP_GSE37751_original_author_case_table	results/BRCA/03_PATIENT/20260921T150000Z_mapping262_patient_v1/CAMP_relations262.tsv	5f78d08a696d5fac3d95c697b0eb05358cfa1868	EXACT_COLUMN_COPY_NO_RECALCULATION
BRCA	CAMP_BRCA1_Terunuma	03_PATIENT	20260921T150000Z_mapping262_patient_v1	mapping262_patient_v1	paired_RNA150	NA	NA	AASS	author_case_row	45.0	45.0	mean_tumor_minus_normal_author_expression_scale	-0.9286377387477608	-1.169363582740584	-0.6879118947549374	8.51862088028069e-10	2.1012598171359035e-08	paired_RNA150	148.0	DONE	paired_t_on_author_scale;not_protein_or_flux	CAMP_GSE37751_original_author_case_table	results/BRCA/03_PATIENT/20260921T150000Z_mapping262_patient_v1/paired_RNA150.tsv	5f78d08a696d5fac3d95c697b0eb05358cfa1868	EXACT_COLUMN_COPY_NO_RECALCULATION
BRCA	CAMP_BRCA1_Terunuma	03_PATIENT	20260921T150000Z_mapping262_patient_v1	mapping262_patient_v1	paired_RNA150	NA	NA	ABHD12	author_case_row	45.0	45.0	mean_tumor_minus_normal_author_expression_scale	0.30829131493483275	0.190250731812602	0.4263318980570635	4.018836901765647e-06	2.0690202620492247e-05	paired_RNA150	148.0	DONE	paired_t_on_author_scale;not_protein_or_flux	CAMP_GSE37751_original_author_case_table	results/BRCA/03_PATIENT/20260921T150000Z_mapping262_patient_v1/paired_RNA150.tsv	5f78d08a696d5fac3d95c697b0eb05358cfa1868	EXACT_COLUMN_COPY_NO_RECALCULATION
BRCA	CAMP_BRCA1_Terunuma	03_PATIENT	20260921T150000Z_mapping262_patient_v1	mapping262_patient_v1	paired_RNA150	NA	NA	ABHD6	author_case_row	45.0	45.0	mean_tumor_minus_normal_author_expression_scale	-0.6699259475043946	-0.855251236200276	-0.4846006588085132	4.374224624821684e-09	5.394877037280077e-08	paired_RNA150	148.0	DONE	paired_t_on_author_scale;not_protein_or_flux	CAMP_GSE37751_original_author_case_table	results/BRCA/03_PATIENT/20260921T150000Z_mapping262_patient_v1/paired_RNA150.tsv	5f78d08a696d5fac3d95c697b0eb05358cfa1868	EXACT_COLUMN_COPY_NO_RECALCULATION
BRCA	CAMP_BRCA1_Terunuma	03_PATIENT	20260921T150000Z_mapping262_patient_v1	mapping262_patient_v1	paired_RNA150	NA	NA	ACSL1	author_case_row	45.0	45.0	mean_tumor_minus_normal_author_expression_scale	-1.2687684910765842	-1.6467660369912178	-0.8907709451619505	2.5316836145189042e-08	2.4979278329919856e-07	paired_RNA150	148.0	DONE	paired_t_on_author_scale;not_protein_or_flux	CAMP_GSE37751_original_author_case_table	results/BRCA/03_PATIENT/20260921T150000Z_mapping262_patient_v1/paired_RNA150.tsv	5f78d08a696d5fac3d95c697b0eb05358cfa1868	EXACT_COLUMN_COPY_NO_RECALCULATION
BRCA	CAMP_BRCA1_Terunuma	03_PATIENT	20260921T150000Z_mapping262_patient_v1	mapping262_patient_v1	paired_RNA150	NA	NA	ACSL3	author_case_row	45.0	45.0	mean_tumor_minus_normal_author_expression_scale	0.18737266719773615	-0.05937362693034426	0.43411896132581657	0.13307203705207787	0.20096593350721964	paired_RNA150	148.0	DONE	paired_t_on_author_scale;not_protein_or_flux	CAMP_GSE37751_original_author_case_table	results/BRCA/03_PATIENT/20260921T150000Z_mapping262_patient_v1/paired_RNA150.tsv	5f78d08a696d5fac3d95c697b0eb05358cfa1868	EXACT_COLUMN_COPY_NO_RECALCULATION
BRCA	CAMP_BRCA1_Terunuma	03_PATIENT	20260921T150000Z_mapping262_patient_v1	mapping262_patient_v1	paired_RNA150	NA	NA	ACSL4	author_case_row	45.0	45.0	mean_tumor_minus_normal_author_expression_scale	-0.5177084437759162	-0.7565866529099599	-0.2788302346418725	7.524529196412467e-05	0.00028554623617155006	paired_RNA150	148.0	DONE	paired_t_on_author_scale;not_protein_or_flux	CAMP_GSE37751_original_author_case_table	results/BRCA/03_PATIENT/20260921T150000Z_mapping262_patient_v1/paired_RNA150.tsv	5f78d08a696d5fac3d95c697b0eb05358cfa1868	EXACT_COLUMN_COPY_NO_RECALCULATION
BRCA	CAMP_BRCA1_Terunuma	03_PATIENT	20260921T150000Z_mapping262_patient_v1	mapping262_patient_v1	paired_RNA150	NA	NA	ACSL5	author_case_row	45.0	45.0	mean_tumor_minus_normal_author_expression_scale	-0.43086192868425177	-0.6625049672064285	-0.19921889016207506	0.0005150992406821671	0.001555809951448178	paired_RNA150	148.0	DONE	paired_t_on_author_scale;not_protein_or_flux	CAMP_GSE37751_original_author_case_table	results/BRCA/03_PATIENT/20260921T150000Z_mapping262_patient_v1/paired_RNA150.tsv	5f78d08a696d5fac3d95c697b0eb05358cfa1868	EXACT_COLUMN_COPY_NO_RECALCULATION
BRCA	CAMP_BRCA1_Terunuma	03_PATIENT	20260921T150000Z_mapping262_patient_v1	mapping262_patient_v1	paired_RNA150	NA	NA	ACSL6	author_case_row	45.0	45.0	mean_tumor_minus_normal_author_expression_scale	0.06274453591681092	-0.004422734615386781	0.12991180644900863	0.06636858869007937	0.11036574299024436	paired_RNA150	148.0	DONE	paired_t_on_author_scale;not_protein_or_flux	CAMP_GSE37751_original_author_case_table	results/BRCA/03_PATIENT/20260921T150000Z_mapping262_patient_v1/paired_RNA150.tsv	5f78d08a696d5fac3d95c697b0eb05358cfa1868	EXACT_COLUMN_COPY_NO_RECALCULATION
BRCA	CAMP_BRCA1_Terunuma	03_PATIENT	20260921T150000Z_mapping262_patient_v1	mapping262_patient_v1	paired_RNA150	NA	NA	ACSM1	author_case_row	45.0	45.0	mean_tumor_minus_normal_author_expression_scale	-0.2297525710082596	-0.6653405579479511	0.20583541593143193	0.2935754112941249	0.3811329901011446	paired_RNA150	148.0	DONE	paired_t_on_author_scale;not_protein_or_flux	CAMP_GSE37751_original_author_case_table	results/BRCA/03_PATIENT/20260921T150000Z_mapping262_patient_v1/paired_RNA150.tsv	5f78d08a696d5fac3d95c697b0eb05358cfa1868	EXACT_COLUMN_COPY_NO_RECALCULATION
BRCA	CAMP_BRCA1_Terunuma	03_PATIENT	20260921T150000Z_mapping262_patient_v1	mapping262_patient_v1	paired_RNA150	NA	NA	ADA	author_case_row	45.0	45.0	mean_tumor_minus_normal_author_expression_scale	0.0674465097110459	-0.0992770873525069	0.2341701067745988	0.4192929235146561	0.5004463925820088	paired_RNA150	148.0	DONE	paired_t_on_author_scale;not_protein_or_flux	CAMP_GSE37751_original_author_case_table	results/BRCA/03_PATIENT/20260921T150000Z_mapping262_patient_v1/paired_RNA150.tsv	5f78d08a696d5fac3d95c697b0eb05358cfa1868	EXACT_COLUMN_COPY_NO_RECALCULATION
BRCA	CAMP_BRCA1_Terunuma	03_PATIENT	20260921T150000Z_mapping262_patient_v1	mapping262_patient_v1	paired_RNA150	NA	NA	ADA2	author_case_row	45.0	45.0	mean_tumor_minus_normal_author_expression_scale	0.4811830830806913	0.2216454229272756	0.740720743234107	0.0005342935156085	0.0015815088062011602	paired_RNA150	148.0	DONE	paired_t_on_author_scale;not_protein_or_flux	CAMP_GSE37751_original_author_case_table	results/BRCA/03_PATIENT/20260921T150000Z_mapping262_patient_v1/paired_RNA150.tsv	5f78d08a696d5fac3d95c697b0eb05358cfa1868	EXACT_COLUMN_COPY_NO_RECALCULATION
BRCA	CAMP_BRCA1_Terunuma	03_PATIENT	20260921T150000Z_mapping262_patient_v1	mapping262_patient_v1	paired_RNA150	NA	NA	AFMID	author_case_row	45.0	45.0	mean_tumor_minus_normal_author_expression_scale	0.059133922528751	-0.1238310565055953	0.2420989015630975	0.5182000283856616	0.5991687828209212	paired_RNA150	148.0	DONE	paired_t_on_author_scale;not_protein_or_flux	CAMP_GSE37751_original_author_case_table	results/BRCA/03_PATIENT/20260921T150000Z_mapping262_patient_v1/paired_RNA150.tsv	5f78d08a696d5fac3d95c697b0eb05358cfa1868	EXACT_COLUMN_COPY_NO_RECALCULATION
BRCA	CAMP_BRCA1_Terunuma	03_PATIENT	20260921T150000Z_mapping262_patient_v1	mapping262_patient_v1	paired_RNA150	NA	NA	AHCY	author_case_row	45.0	45.0	mean_tumor_minus_normal_author_expression_scale	0.4663857145225857	0.3163957268932245	0.6163757021519469	1.3677343642915538e-07	1.0653930837639473e-06	paired_RNA150	148.0	DONE	paired_t_on_author_scale;not_protein_or_flux	CAMP_GSE37751_original_author_case_table	results/BRCA/03_PATIENT/20260921T150000Z_mapping262_patient_v1/paired_RNA150.tsv	5f78d08a696d5fac3d95c697b0eb05358cfa1868	EXACT_COLUMN_COPY_NO_RECALCULATION
BRCA	CAMP_BRCA1_Terunuma	03_PATIENT	20260921T150000Z_mapping262_patient_v1	mapping262_patient_v1	paired_RNA150	NA	NA	ALOX15	author_case_row	45.0	45.0	mean_tumor_minus_normal_author_expression_scale	0.05168202084520757	-0.05433794801744104	0.15770198970785618	0.3312545702027935	0.4154718338136732	paired_RNA150	148.0	DONE	paired_t_on_author_scale;not_protein_or_flux	CAMP_GSE37751_original_author_case_table	results/BRCA/03_PATIENT/20260921T150000Z_mapping262_patient_v1/paired_RNA150.tsv	5f78d08a696d5fac3d95c697b0eb05358cfa1868	EXACT_COLUMN_COPY_NO_RECALCULATION
BRCA	CAMP_BRCA1_Terunuma	03_PATIENT	20260921T150000Z_mapping262_patient_v1	mapping262_patient_v1	paired_RNA150	NA	NA	ALOX5	author_case_row	45.0	45.0	mean_tumor_minus_normal_author_expression_scale	0.4225208731026527	0.21815643954757763	0.6268853066577278	0.00014214150983922813	0.0004892312431675759	paired_RNA150	148.0	DONE	paired_t_on_author_scale;not_protein_or_flux	CAMP_GSE37751_original_author_case_table	results/BRCA/03_PATIENT/20260921T150000Z_mapping262_patient_v1/paired_RNA150.tsv	5f78d08a696d5fac3d95c697b0eb05358cfa1868	EXACT_COLUMN_COPY_NO_RECALCULATION
BRCA	CAMP_BRCA1_Terunuma	03_PATIENT	20260921T150000Z_mapping262_patient_v1	mapping262_patient_v1	paired_RNA150	NA	NA	AMDHD2	author_case_row	45.0	45.0	mean_tumor_minus_normal_author_expression_scale	0.1743832302659883	0.0697362320954732	0.2790302284365034	0.0016264652966013	0.004079946845711736	paired_RNA150	148.0	DONE	paired_t_on_author_scale;not_protein_or_flux	CAMP_GSE37751_original_author_case_table	results/BRCA/03_PATIENT/20260921T150000Z_mapping262_patient_v1/paired_RNA150.tsv	5f78d08a696d5fac3d95c697b0eb05358cfa1868	EXACT_COLUMN_COPY_NO_RECALCULATION
BRCA	CAMP_BRCA1_Terunuma	03_PATIENT	20260921T150000Z_mapping262_patient_v1	mapping262_patient_v1	paired_RNA150	NA	NA	AOX1	author_case_row	45.0	45.0	mean_tumor_minus_normal_author_expression_scale	-1.06909760237166	-1.3503963687274871	-0.7877988360158329	1.2495238951257794e-09	2.3116192059826918e-08	paired_RNA150	148.0	DONE	paired_t_on_author_scale;not_protein_or_flux	CAMP_GSE37751_original_author_case_table	results/BRCA/03_PATIENT/20260921T150000Z_mapping262_patient_v1/paired_RNA150.tsv	5f78d08a696d5fac3d95c697b0eb05358cfa1868	EXACT_COLUMN_COPY_NO_RECALCULATION
BRCA	CAMP_BRCA1_Terunuma	03_PATIENT	20260921T150000Z_mapping262_patient_v1	mapping262_patient_v1	paired_RNA150	NA	NA	ARG1	author_case_row	45.0	45.0	mean_tumor_minus_normal_author_expression_scale	0.0210818583845529	-0.040984470625864	0.0831481873949699	0.4972162022264865	0.5794330545631496	paired_RNA150	148.0	DONE	paired_t_on_author_scale;not_protein_or_flux	CAMP_GSE37751_original_author_case_table	results/BRCA/03_PATIENT/20260921T150000Z_mapping262_patient_v1/paired_RNA150.tsv	5f78d08a696d5fac3d95c697b0eb05358cfa1868	EXACT_COLUMN_COPY_NO_RECALCULATION
BRCA	CAMP_BRCA1_Terunuma	03_PATIENT	20260921T150000Z_mapping262_patient_v1	mapping262_patient_v1	paired_RNA150	NA	NA	ARG2	author_case_row	45.0	45.0	mean_tumor_minus_normal_author_expression_scale	-0.1422493617729733	-0.3307242334940309	0.0462255099480841	0.1353951559224685	0.2024089199649024	paired_RNA150	148.0	DONE	paired_t_on_author_scale;not_protein_or_flux	CAMP_GSE37751_original_author_case_table	results/BRCA/03_PATIENT/20260921T150000Z_mapping262_patient_v1/paired_RNA150.tsv	5f78d08a696d5fac3d95c697b0eb05358cfa1868	EXACT_COLUMN_COPY_NO_RECALCULATION
BRCA	CAMP_BRCA1_Terunuma	03_PATIENT	20260921T150000Z_mapping262_patient_v1	mapping262_patient_v1	paired_RNA150	NA	NA	ASNS	author_case_row	45.0	45.0	mean_tumor_minus_normal_author_expression_scale	0.484670967461386	0.3171185580752785	0.6522233768474934	6.000560098222248e-07	3.86122997624736e-06	paired_RNA150	148.0	DONE	paired_t_on_author_scale;not_protein_or_flux	CAMP_GSE37751_original_author_case_table	results/BRCA/03_PATIENT/20260921T150000Z_mapping262_patient_v1/paired_RNA150.tsv	5f78d08a696d5fac3d95c697b0eb05358cfa1868	EXACT_COLUMN_COPY_NO_RECALCULATION
BRCA	CAMP_BRCA1_Terunuma	03_PATIENT	20260921T150000Z_mapping262_patient_v1	mapping262_patient_v1	paired_RNA150	NA	NA	ASS1	author_case_row	45.0	45.0	mean_tumor_minus_normal_author_expression_scale	-0.627676062686424	-0.8648574318472512	-0.3904946935255967	3.182912944788039e-06	1.765611973135385e-05	paired_RNA150	148.0	DONE	paired_t_on_author_scale;not_protein_or_flux	CAMP_GSE37751_original_author_case_table	results/BRCA/03_PATIENT/20260921T150000Z_mapping262_patient_v1/paired_RNA150.tsv	5f78d08a696d5fac3d95c697b0eb05358cfa1868	EXACT_COLUMN_COPY_NO_RECALCULATION
BRCA	CAMP_BRCA1_Terunuma	03_PATIENT	20260921T150000Z_mapping262_patient_v1	mapping262_patient_v1	paired_RNA150	NA	NA	BBOX1	author_case_row	45.0	45.0	mean_tumor_minus_normal_author_expression_scale	-0.5896021509461973	-1.0619228019705511	-0.1172814999218431	0.0156000375579053	0.03078407411426646	paired_RNA150	148.0	DONE	paired_t_on_author_scale;not_protein_or_flux	CAMP_GSE37751_original_author_case_table	results/BRCA/03_PATIENT/20260921T150000Z_mapping262_patient_v1/paired_RNA150.tsv	5f78d08a696d5fac3d95c697b0eb05358cfa1868	EXACT_COLUMN_COPY_NO_RECALCULATION
BRCA	CAMP_BRCA1_Terunuma	03_PATIENT	20260921T150000Z_mapping262_patient_v1	mapping262_patient_v1	paired_RNA150	NA	NA	BCAT1	author_case_row	45.0	45.0	mean_tumor_minus_normal_author_expression_scale	0.3231692490913656	0.0116660464423623	0.6346724517403689	0.042350661756496	0.0746178326185882	paired_RNA150	148.0	DONE	paired_t_on_author_scale;not_protein_or_flux	CAMP_GSE37751_original_author_case_table	results/BRCA/03_PATIENT/20260921T150000Z_mapping262_patient_v1/paired_RNA150.tsv	5f78d08a696d5fac3d95c697b0eb05358cfa1868	EXACT_COLUMN_COPY_NO_RECALCULATION
BRCA	CAMP_BRCA1_Terunuma	03_PATIENT	20260921T150000Z_mapping262_patient_v1	mapping262_patient_v1	paired_RNA150	NA	NA	BCAT2	author_case_row	45.0	45.0	mean_tumor_minus_normal_author_expression_scale	0.1455620665486846	-0.0082914727175782	0.2994156058149475	0.0630952969528727	0.10661816526513393	paired_RNA150	148.0	DONE	paired_t_on_author_scale;not_protein_or_flux	CAMP_GSE37751_original_author_case_table	results/BRCA/03_PATIENT/20260921T150000Z_mapping262_patient_v1/paired_RNA150.tsv	5f78d08a696d5fac3d95c697b0eb05358cfa1868	EXACT_COLUMN_COPY_NO_RECALCULATION
BRCA	CAMP_BRCA1_Terunuma	03_PATIENT	20260921T150000Z_mapping262_patient_v1	mapping262_patient_v1	paired_RNA150	NA	NA	CDO1	author_case_row	45.0	45.0	mean_tumor_minus_normal_author_expression_scale	-1.4595902791242863	-1.7505422235728572	-1.168638334675716	4.758145557890335e-13	7.042055425677696e-11	paired_RNA150	148.0	DONE	paired_t_on_author_scale;not_protein_or_flux	CAMP_GSE37751_original_author_case_table	results/BRCA/03_PATIENT/20260921T150000Z_mapping262_patient_v1/paired_RNA150.tsv	5f78d08a696d5fac3d95c697b0eb05358cfa1868	EXACT_COLUMN_COPY_NO_RECALCULATION
BRCA	CAMP_BRCA1_Terunuma	03_PATIENT	20260921T150000Z_mapping262_patient_v1	mapping262_patient_v1	paired_RNA150	NA	NA	CEPT1	author_case_row	45.0	45.0	mean_tumor_minus_normal_author_expression_scale	-0.1352273810510205	-0.2307142377194895	-0.0397405243825514	0.0065565519921756	0.01406332891075346	paired_RNA150	148.0	DONE	paired_t_on_author_scale;not_protein_or_flux	CAMP_GSE37751_original_author_case_table	results/BRCA/03_PATIENT/20260921T150000Z_mapping262_patient_v1/paired_RNA150.tsv	5f78d08a696d5fac3d95c697b0eb05358cfa1868	EXACT_COLUMN_COPY_NO_RECALCULATION
BRCA	CAMP_BRCA1_Terunuma	03_PATIENT	20260921T150000Z_mapping262_patient_v1	mapping262_patient_v1	paired_RNA150	NA	NA	CHKA	author_case_row	45.0	45.0	mean_tumor_minus_normal_author_expression_scale	0.0360581446699353	-0.1916235382050698	0.2637398275449406	0.7511038504983943	0.8216380429596449	paired_RNA150	148.0	DONE	paired_t_on_author_scale;not_protein_or_flux	CAMP_GSE37751_original_author_case_table	results/BRCA/03_PATIENT/20260921T150000Z_mapping262_patient_v1/paired_RNA150.tsv	5f78d08a696d5fac3d95c697b0eb05358cfa1868	EXACT_COLUMN_COPY_NO_RECALCULATION
BRCA	CAMP_BRCA1_Terunuma	03_PATIENT	20260921T150000Z_mapping262_patient_v1	mapping262_patient_v1	paired_RNA150	NA	NA	CHKB	author_case_row	NA	NA	mean_tumor_minus_normal_author_expression_scale	NA	NA	NA	NA	NA	paired_RNA150	148.0	NOT_EVALUABLE	RNA_gene_missing	CAMP_GSE37751_original_author_case_table	results/BRCA/03_PATIENT/20260921T150000Z_mapping262_patient_v1/paired_RNA150.tsv	5f78d08a696d5fac3d95c697b0eb05358cfa1868	EXACT_COLUMN_COPY_NO_RECALCULATION
BRCA	CAMP_BRCA1_Terunuma	03_PATIENT	20260921T150000Z_mapping262_patient_v1	mapping262_patient_v1	paired_RNA150	NA	NA	CHPT1	author_case_row	45.0	45.0	mean_tumor_minus_normal_author_expression_scale	-0.3145371132231079	-0.5544597702498251	-0.0746144561963907	0.0113660069125845	0.023363458653645915	paired_RNA150	148.0	DONE	paired_t_on_author_scale;not_protein_or_flux	CAMP_GSE37751_original_author_case_table	results/BRCA/03_PATIENT/20260921T150000Z_mapping262_patient_v1/paired_RNA150.tsv	5f78d08a696d5fac3d95c697b0eb05358cfa1868	EXACT_COLUMN_COPY_NO_RECALCULATION
BRCA	CAMP_BRCA1_Terunuma	03_PATIENT	20260921T150000Z_mapping262_patient_v1	mapping262_patient_v1	paired_RNA150	NA	NA	CKB	author_case_row	45.0	45.0	mean_tumor_minus_normal_author_expression_scale	-0.5869721493881079	-0.9023217033518358	-0.27162259542438	0.0005110057104926	0.001555809951448178	paired_RNA150	148.0	DONE	paired_t_on_author_scale;not_protein_or_flux	CAMP_GSE37751_original_author_case_table	results/BRCA/03_PATIENT/20260921T150000Z_mapping262_patient_v1/paired_RNA150.tsv	5f78d08a696d5fac3d95c697b0eb05358cfa1868	EXACT_COLUMN_COPY_NO_RECALCULATION
BRCA	CAMP_BRCA1_Terunuma	03_PATIENT	20260921T150000Z_mapping262_patient_v1	mapping262_patient_v1	paired_RNA150	NA	NA	CKM	author_case_row	45.0	45.0	mean_tumor_minus_normal_author_expression_scale	-0.0663747890742598	-0.1297389502403522	-0.0030106279081674	0.0404784370930427	0.07305864255817462	paired_RNA150	148.0	DONE	paired_t_on_author_scale;not_protein_or_flux	CAMP_GSE37751_original_author_case_table	results/BRCA/03_PATIENT/20260921T150000Z_mapping262_patient_v1/paired_RNA150.tsv	5f78d08a696d5fac3d95c697b0eb05358cfa1868	EXACT_COLUMN_COPY_NO_RECALCULATION
BRCA	CAMP_BRCA1_Terunuma	03_PATIENT	20260921T150000Z_mapping262_patient_v1	mapping262_patient_v1	paired_RNA150	NA	NA	CMAS	author_case_row	45.0	45.0	mean_tumor_minus_normal_author_expression_scale	0.3617682155315208	0.2105291719772224	0.5130072590858192	1.7384487538070643e-05	7.56736516363075e-05	paired_RNA150	148.0	DONE	paired_t_on_author_scale;not_protein_or_flux	CAMP_GSE37751_original_author_case_table	results/BRCA/03_PATIENT/20260921T150000Z_mapping262_patient_v1/paired_RNA150.tsv	5f78d08a696d5fac3d95c697b0eb05358cfa1868	EXACT_COLUMN_COPY_NO_RECALCULATION
BRCA	CAMP_BRCA1_Terunuma	03_PATIENT	20260921T150000Z_mapping262_patient_v1	mapping262_patient_v1	paired_RNA150	NA	NA	CMPK1	author_case_row	45.0	45.0	mean_tumor_minus_normal_author_expression_scale	-0.1057462018908428	-0.2057482015084669	-0.0057442022732187	0.0387027688728927	0.07071617028627308	paired_RNA150	148.0	DONE	paired_t_on_author_scale;not_protein_or_flux	CAMP_GSE37751_original_author_case_table	results/BRCA/03_PATIENT/20260921T150000Z_mapping262_patient_v1/paired_RNA150.tsv	5f78d08a696d5fac3d95c697b0eb05358cfa1868	EXACT_COLUMN_COPY_NO_RECALCULATION
BRCA	CAMP_BRCA1_Terunuma	03_PATIENT	20260921T150000Z_mapping262_patient_v1	mapping262_patient_v1	paired_RNA150	NA	NA	CMPK2	author_case_row	45.0	45.0	mean_tumor_minus_normal_author_expression_scale	0.2715149602418175	0.0590290910451592	0.4840008294384758	0.0134551729341784	0.027278980743265794	paired_RNA150	148.0	DONE	paired_t_on_author_scale;not_protein_or_flux	CAMP_GSE37751_original_author_case_table	results/BRCA/03_PATIENT/20260921T150000Z_mapping262_patient_v1/paired_RNA150.tsv	5f78d08a696d5fac3d95c697b0eb05358cfa1868	EXACT_COLUMN_COPY_NO_RECALCULATION
BRCA	CAMP_BRCA1_Terunuma	03_PATIENT	20260921T150000Z_mapping262_patient_v1	mapping262_patient_v1	paired_RNA150	NA	NA	CPT1A	author_case_row	45.0	45.0	mean_tumor_minus_normal_author_expression_scale	-0.0232401680680624	-0.1789540249186859	0.132473688782561	0.7649899070752535	0.8264124543586681	paired_RNA150	148.0	DONE	paired_t_on_author_scale;not_protein_or_flux	CAMP_GSE37751_original_author_case_table	results/BRCA/03_PATIENT/20260921T150000Z_mapping262_patient_v1/paired_RNA150.tsv	5f78d08a696d5fac3d95c697b0eb05358cfa1868	EXACT_COLUMN_COPY_NO_RECALCULATION
BRCA	CAMP_BRCA1_Terunuma	03_PATIENT	20260921T150000Z_mapping262_patient_v1	mapping262_patient_v1	paired_RNA150	NA	NA	CPT1B	author_case_row	45.0	45.0	mean_tumor_minus_normal_author_expression_scale	0.154362579582981	0.0510002115604074	0.2577249476055545	0.0043165086656427	0.00967944367447151	paired_RNA150	148.0	DONE	paired_t_on_author_scale;not_protein_or_flux	CAMP_GSE37751_original_author_case_table	results/BRCA/03_PATIENT/20260921T150000Z_mapping262_patient_v1/paired_RNA150.tsv	5f78d08a696d5fac3d95c697b0eb05358cfa1868	EXACT_COLUMN_COPY_NO_RECALCULATION
BRCA	CAMP_BRCA1_Terunuma	03_PATIENT	20260921T150000Z_mapping262_patient_v1	mapping262_patient_v1	paired_RNA150	NA	NA	CPT2	author_case_row	45.0	45.0	mean_tumor_minus_normal_author_expression_scale	0.1337156225030978	0.0253405929692027	0.2420906520369928	0.016763605613786	0.03264491619526747	paired_RNA150	148.0	DONE	paired_t_on_author_scale;not_protein_or_flux	CAMP_GSE37751_original_author_case_table	results/BRCA/03_PATIENT/20260921T150000Z_mapping262_patient_v1/paired_RNA150.tsv	5f78d08a696d5fac3d95c697b0eb05358cfa1868	EXACT_COLUMN_COPY_NO_RECALCULATION
BRCA	CAMP_BRCA1_Terunuma	03_PATIENT	20260921T150000Z_mapping262_patient_v1	mapping262_patient_v1	paired_RNA150	NA	NA	CRAT	author_case_row	45.0	45.0	mean_tumor_minus_normal_author_expression_scale	-0.1526721363945524	-0.414423621512021	0.1090793487229162	0.2461140367374654	0.334173187496742	paired_RNA150	148.0	DONE	paired_t_on_author_scale;not_protein_or_flux	CAMP_GSE37751_original_author_case_table	results/BRCA/03_PATIENT/20260921T150000Z_mapping262_patient_v1/paired_RNA150.tsv	5f78d08a696d5fac3d95c697b0eb05358cfa1868	EXACT_COLUMN_COPY_NO_RECALCULATION
BRCA	CAMP_BRCA1_Terunuma	03_PATIENT	20260921T150000Z_mapping262_patient_v1	mapping262_patient_v1	paired_RNA150	NA	NA	CTNS	author_case_row	45.0	45.0	mean_tumor_minus_normal_author_expression_scale	-0.0084074275093402	-0.1099240818877772	0.0931092268690968	0.8682062578633117	0.8985631200263646	paired_RNA150	148.0	DONE	paired_t_on_author_scale;not_protein_or_flux	CAMP_GSE37751_original_author_case_table	results/BRCA/03_PATIENT/20260921T150000Z_mapping262_patient_v1/paired_RNA150.tsv	5f78d08a696d5fac3d95c697b0eb05358cfa1868	EXACT_COLUMN_COPY_NO_RECALCULATION
BRCA	CAMP_BRCA1_Terunuma	03_PATIENT	20260921T150000Z_mapping262_patient_v1	mapping262_patient_v1	paired_RNA150	NA	NA	CYP4F2	author_case_row	45.0	45.0	mean_tumor_minus_normal_author_expression_scale	0.07523229107710293	-0.007115123171812801	0.15757970532601867	0.07233568167190528	0.11764484491694484	paired_RNA150	148.0	DONE	paired_t_on_author_scale;not_protein_or_flux	CAMP_GSE37751_original_author_case_table	results/BRCA/03_PATIENT/20260921T150000Z_mapping262_patient_v1/paired_RNA150.tsv	5f78d08a696d5fac3d95c697b0eb05358cfa1868	EXACT_COLUMN_COPY_NO_RECALCULATION
BRCA	CAMP_BRCA1_Terunuma	03_PATIENT	20260921T150000Z_mapping262_patient_v1	mapping262_patient_v1	paired_RNA150	NA	NA	DPYD	author_case_row	45.0	45.0	mean_tumor_minus_normal_author_expression_scale	-0.3273890638679049	-0.4976541170427716	-0.1571240106930383	0.0003507833171873	0.0011536873543048977	paired_RNA150	148.0	DONE	paired_t_on_author_scale;not_protein_or_flux	CAMP_GSE37751_original_author_case_table	results/BRCA/03_PATIENT/20260921T150000Z_mapping262_patient_v1/paired_RNA150.tsv	5f78d08a696d5fac3d95c697b0eb05358cfa1868	EXACT_COLUMN_COPY_NO_RECALCULATION
BRCA	CAMP_BRCA1_Terunuma	03_PATIENT	20260921T150000Z_mapping262_patient_v1	mapping262_patient_v1	paired_RNA150	NA	NA	DPYS	author_case_row	45.0	45.0	mean_tumor_minus_normal_author_expression_scale	-0.0512902298912861	-0.1484111488641322	0.0458306890815599	0.2929856351762507	0.3811329901011446	paired_RNA150	148.0	DONE	paired_t_on_author_scale;not_protein_or_flux	CAMP_GSE37751_original_author_case_table	results/BRCA/03_PATIENT/20260921T150000Z_mapping262_patient_v1/paired_RNA150.tsv	5f78d08a696d5fac3d95c697b0eb05358cfa1868	EXACT_COLUMN_COPY_NO_RECALCULATION
BRCA	CAMP_BRCA1_Terunuma	03_PATIENT	20260921T150000Z_mapping262_patient_v1	mapping262_patient_v1	paired_RNA150	NA	NA	ENPP2	author_case_row	45.0	45.0	mean_tumor_minus_normal_author_expression_scale	-1.5031096726259476	-1.8568301461500776	-1.1493891991018177	6.339395563642676e-11	3.1274351447303866e-09	paired_RNA150	148.0	DONE	paired_t_on_author_scale;not_protein_or_flux	CAMP_GSE37751_original_author_case_table	results/BRCA/03_PATIENT/20260921T150000Z_mapping262_patient_v1/paired_RNA150.tsv	5f78d08a696d5fac3d95c697b0eb05358cfa1868	EXACT_COLUMN_COPY_NO_RECALCULATION
BRCA	CAMP_BRCA1_Terunuma	03_PATIENT	20260921T150000Z_mapping262_patient_v1	mapping262_patient_v1	paired_RNA150	NA	NA	ETNK1	author_case_row	45.0	45.0	mean_tumor_minus_normal_author_expression_scale	0.2524707458298525	0.1304991178273927	0.3744423738323124	0.0001399761474708	0.0004892312431675759	paired_RNA150	148.0	DONE	paired_t_on_author_scale;not_protein_or_flux	CAMP_GSE37751_original_author_case_table	results/BRCA/03_PATIENT/20260921T150000Z_mapping262_patient_v1/paired_RNA150.tsv	5f78d08a696d5fac3d95c697b0eb05358cfa1868	EXACT_COLUMN_COPY_NO_RECALCULATION
BRCA	CAMP_BRCA1_Terunuma	03_PATIENT	20260921T150000Z_mapping262_patient_v1	mapping262_patient_v1	paired_RNA150	NA	NA	ETNK2	author_case_row	45.0	45.0	mean_tumor_minus_normal_author_expression_scale	0.6069032075144858	0.2655322067720269	0.9482742082569446	0.0008448298187328	0.0022733602394991712	paired_RNA150	148.0	DONE	paired_t_on_author_scale;not_protein_or_flux	CAMP_GSE37751_original_author_case_table	results/BRCA/03_PATIENT/20260921T150000Z_mapping262_patient_v1/paired_RNA150.tsv	5f78d08a696d5fac3d95c697b0eb05358cfa1868	EXACT_COLUMN_COPY_NO_RECALCULATION
BRCA	CAMP_BRCA1_Terunuma	03_PATIENT	20260921T150000Z_mapping262_patient_v1	mapping262_patient_v1	paired_RNA150	NA	NA	FDFT1	author_case_row	45.0	45.0	mean_tumor_minus_normal_author_expression_scale	-0.154500783477878	-0.3455025302535807	0.0365009632978245	0.1101928558751807	0.17166887020554467	paired_RNA150	148.0	DONE	paired_t_on_author_scale;not_protein_or_flux	CAMP_GSE37751_original_author_case_table	results/BRCA/03_PATIENT/20260921T150000Z_mapping262_patient_v1/paired_RNA150.tsv	5f78d08a696d5fac3d95c697b0eb05358cfa1868	EXACT_COLUMN_COPY_NO_RECALCULATION
BRCA	CAMP_BRCA1_Terunuma	03_PATIENT	20260921T150000Z_mapping262_patient_v1	mapping262_patient_v1	paired_RNA150	NA	NA	FH	author_case_row	45.0	45.0	mean_tumor_minus_normal_author_expression_scale	0.0645381101793973	-0.0477956464894266	0.1768718668482213	0.2531632616494577	0.3406196611283613	paired_RNA150	148.0	DONE	paired_t_on_author_scale;not_protein_or_flux	CAMP_GSE37751_original_author_case_table	results/BRCA/03_PATIENT/20260921T150000Z_mapping262_patient_v1/paired_RNA150.tsv	5f78d08a696d5fac3d95c697b0eb05358cfa1868	EXACT_COLUMN_COPY_NO_RECALCULATION
BRCA	CAMP_BRCA1_Terunuma	03_PATIENT	20260921T150000Z_mapping262_patient_v1	mapping262_patient_v1	paired_RNA150	NA	NA	FOLH1	author_case_row	45.0	45.0	mean_tumor_minus_normal_author_expression_scale	-0.0262395548919822	-0.2548961008409007	0.2024169910569363	0.8181739668122198	0.8587925325404859	paired_RNA150	148.0	DONE	paired_t_on_author_scale;not_protein_or_flux	CAMP_GSE37751_original_author_case_table	results/BRCA/03_PATIENT/20260921T150000Z_mapping262_patient_v1/paired_RNA150.tsv	5f78d08a696d5fac3d95c697b0eb05358cfa1868	EXACT_COLUMN_COPY_NO_RECALCULATION
BRCA	CAMP_BRCA1_Terunuma	03_PATIENT	20260921T150000Z_mapping262_patient_v1	mapping262_patient_v1	paired_RNA150	NA	NA	GAMT	author_case_row	45.0	45.0	mean_tumor_minus_normal_author_expression_scale	-0.1145303935167266	-0.2125403196423801	-0.016520467391073	0.0230433737263909	0.044291159889686404	paired_RNA150	148.0	DONE	paired_t_on_author_scale;not_protein_or_flux	CAMP_GSE37751_original_author_case_table	results/BRCA/03_PATIENT/20260921T150000Z_mapping262_patient_v1/paired_RNA150.tsv	5f78d08a696d5fac3d95c697b0eb05358cfa1868	EXACT_COLUMN_COPY_NO_RECALCULATION
BRCA	CAMP_BRCA1_Terunuma	03_PATIENT	20260921T150000Z_mapping262_patient_v1	mapping262_patient_v1	paired_RNA150	NA	NA	GCLC	author_case_row	45.0	45.0	mean_tumor_minus_normal_author_expression_scale	-0.1721708309428213	-0.3827925237267543	0.0384508618411116	0.1065910311403523	0.16782417668906535	paired_RNA150	148.0	DONE	paired_t_on_author_scale;not_protein_or_flux	CAMP_GSE37751_original_author_case_table	results/BRCA/03_PATIENT/20260921T150000Z_mapping262_patient_v1/paired_RNA150.tsv	5f78d08a696d5fac3d95c697b0eb05358cfa1868	EXACT_COLUMN_COPY_NO_RECALCULATION
BRCA	CAMP_BRCA1_Terunuma	03_PATIENT	20260921T150000Z_mapping262_patient_v1	mapping262_patient_v1	paired_RNA150	NA	NA	GDA	author_case_row	45.0	45.0	mean_tumor_minus_normal_author_expression_scale	0.0092240768580315	-0.0554695054732307	0.0739176591892938	0.7751909503663917	0.8313642076393186	paired_RNA150	148.0	DONE	paired_t_on_author_scale;not_protein_or_flux	CAMP_GSE37751_original_author_case_table	results/BRCA/03_PATIENT/20260921T150000Z_mapping262_patient_v1/paired_RNA150.tsv	5f78d08a696d5fac3d95c697b0eb05358cfa1868	EXACT_COLUMN_COPY_NO_RECALCULATION
BRCA	CAMP_BRCA1_Terunuma	03_PATIENT	20260921T150000Z_mapping262_patient_v1	mapping262_patient_v1	paired_RNA150	NA	NA	GDPD5	author_case_row	45.0	45.0	mean_tumor_minus_normal_author_expression_scale	-0.6664069819931608	-0.8859027230041403	-0.4469112409821814	2.2570472374547634e-07	1.670214955716525e-06	paired_RNA150	148.0	DONE	paired_t_on_author_scale;not_protein_or_flux	CAMP_GSE37751_original_author_case_table	results/BRCA/03_PATIENT/20260921T150000Z_mapping262_patient_v1/paired_RNA150.tsv	5f78d08a696d5fac3d95c697b0eb05358cfa1868	EXACT_COLUMN_COPY_NO_RECALCULATION
BRCA	CAMP_BRCA1_Terunuma	03_PATIENT	20260921T150000Z_mapping262_patient_v1	mapping262_patient_v1	paired_RNA150	NA	NA	GLS	author_case_row	45.0	45.0	mean_tumor_minus_normal_author_expression_scale	0.0628567074973772	-0.0826857341623826	0.2083991491571372	0.3888087314571496	0.4755677045922161	paired_RNA150	148.0	DONE	paired_t_on_author_scale;not_protein_or_flux	CAMP_GSE37751_original_author_case_table	results/BRCA/03_PATIENT/20260921T150000Z_mapping262_patient_v1/paired_RNA150.tsv	5f78d08a696d5fac3d95c697b0eb05358cfa1868	EXACT_COLUMN_COPY_NO_RECALCULATION
BRCA	CAMP_BRCA1_Terunuma	03_PATIENT	20260921T150000Z_mapping262_patient_v1	mapping262_patient_v1	paired_RNA150	NA	NA	GLS2	author_case_row	45.0	45.0	mean_tumor_minus_normal_author_expression_scale	0.0486802233707668	-0.0281594236917342	0.1255198704332679	0.2083717448875996	0.2937049356510928	paired_RNA150	148.0	DONE	paired_t_on_author_scale;not_protein_or_flux	CAMP_GSE37751_original_author_case_table	results/BRCA/03_PATIENT/20260921T150000Z_mapping262_patient_v1/paired_RNA150.tsv	5f78d08a696d5fac3d95c697b0eb05358cfa1868	EXACT_COLUMN_COPY_NO_RECALCULATION
BRCA	CAMP_BRCA1_Terunuma	03_PATIENT	20260921T150000Z_mapping262_patient_v1	mapping262_patient_v1	paired_RNA150	NA	NA	GLUL	author_case_row	45.0	45.0	mean_tumor_minus_normal_author_expression_scale	0.0436434198780477	-0.1042351933972385	0.191522033153334	0.5550267945631138	0.6318766584256987	paired_RNA150	148.0	DONE	paired_t_on_author_scale;not_protein_or_flux	CAMP_GSE37751_original_author_case_table	results/BRCA/03_PATIENT/20260921T150000Z_mapping262_patient_v1/paired_RNA150.tsv	5f78d08a696d5fac3d95c697b0eb05358cfa1868	EXACT_COLUMN_COPY_NO_RECALCULATION
BRCA	CAMP_BRCA1_Terunuma	03_PATIENT	20260921T150000Z_mapping262_patient_v1	mapping262_patient_v1	paired_RNA150	NA	NA	GNPNAT1	author_case_row	45.0	45.0	mean_tumor_minus_normal_author_expression_scale	0.2973929095522681	0.1202004795353573	0.474585339569179	0.0015174121945195	0.0038720173239463105	paired_RNA150	148.0	DONE	paired_t_on_author_scale;not_protein_or_flux	CAMP_GSE37751_original_author_case_table	results/BRCA/03_PATIENT/20260921T150000Z_mapping262_patient_v1/paired_RNA150.tsv	5f78d08a696d5fac3d95c697b0eb05358cfa1868	EXACT_COLUMN_COPY_NO_RECALCULATION
BRCA	CAMP_BRCA1_Terunuma	03_PATIENT	20260921T150000Z_mapping262_patient_v1	mapping262_patient_v1	paired_RNA150	NA	NA	GOT1	author_case_row	45.0	45.0	mean_tumor_minus_normal_author_expression_scale	0.2224466461769716	0.0920249994898763	0.3528682928640669	0.0012945920075943	0.003361396791648358	paired_RNA150	148.0	DONE	paired_t_on_author_scale;not_protein_or_flux	CAMP_GSE37751_original_author_case_table	results/BRCA/03_PATIENT/20260921T150000Z_mapping262_patient_v1/paired_RNA150.tsv	5f78d08a696d5fac3d95c697b0eb05358cfa1868	EXACT_COLUMN_COPY_NO_RECALCULATION
BRCA	CAMP_BRCA1_Terunuma	03_PATIENT	20260921T150000Z_mapping262_patient_v1	mapping262_patient_v1	paired_RNA150	NA	NA	GOT2	author_case_row	45.0	45.0	mean_tumor_minus_normal_author_expression_scale	0.4577422825587414	0.3047992238940065	0.6106853412234764	3.030567941151893e-07	2.038745705865819e-06	paired_RNA150	148.0	DONE	paired_t_on_author_scale;not_protein_or_flux	CAMP_GSE37751_original_author_case_table	results/BRCA/03_PATIENT/20260921T150000Z_mapping262_patient_v1/paired_RNA150.tsv	5f78d08a696d5fac3d95c697b0eb05358cfa1868	EXACT_COLUMN_COPY_NO_RECALCULATION
BRCA	CAMP_BRCA1_Terunuma	03_PATIENT	20260921T150000Z_mapping262_patient_v1	mapping262_patient_v1	paired_RNA150	NA	NA	GPCPD1	author_case_row	45.0	45.0	mean_tumor_minus_normal_author_expression_scale	-0.1529797052659347	-0.3250661723267194	0.0191067617948499	0.0800760596624146	0.12881800902214524	paired_RNA150	148.0	DONE	paired_t_on_author_scale;not_protein_or_flux	CAMP_GSE37751_original_author_case_table	results/BRCA/03_PATIENT/20260921T150000Z_mapping262_patient_v1/paired_RNA150.tsv	5f78d08a696d5fac3d95c697b0eb05358cfa1868	EXACT_COLUMN_COPY_NO_RECALCULATION
BRCA	CAMP_BRCA1_Terunuma	03_PATIENT	20260921T150000Z_mapping262_patient_v1	mapping262_patient_v1	paired_RNA150	NA	NA	GPI	author_case_row	45.0	45.0	mean_tumor_minus_normal_author_expression_scale	0.0551949935466601	-0.1691158143290909	0.2795058014224113	0.6224253324420936	0.7015349836521529	paired_RNA150	148.0	DONE	paired_t_on_author_scale;not_protein_or_flux	CAMP_GSE37751_original_author_case_table	results/BRCA/03_PATIENT/20260921T150000Z_mapping262_patient_v1/paired_RNA150.tsv	5f78d08a696d5fac3d95c697b0eb05358cfa1868	EXACT_COLUMN_COPY_NO_RECALCULATION
BRCA	CAMP_BRCA1_Terunuma	03_PATIENT	20260921T150000Z_mapping262_patient_v1	mapping262_patient_v1	paired_RNA150	NA	NA	GSR	author_case_row	45.0	45.0	mean_tumor_minus_normal_author_expression_scale	0.4392929394654898	0.2633410308167322	0.6152448481142474	8.682898462591044e-06	4.145383782140241e-05	paired_RNA150	148.0	DONE	paired_t_on_author_scale;not_protein_or_flux	CAMP_GSE37751_original_author_case_table	results/BRCA/03_PATIENT/20260921T150000Z_mapping262_patient_v1/paired_RNA150.tsv	5f78d08a696d5fac3d95c697b0eb05358cfa1868	EXACT_COLUMN_COPY_NO_RECALCULATION
BRCA	CAMP_BRCA1_Terunuma	03_PATIENT	20260921T150000Z_mapping262_patient_v1	mapping262_patient_v1	paired_RNA150	NA	NA	GSS	author_case_row	45.0	45.0	mean_tumor_minus_normal_author_expression_scale	0.2325379119019448	0.1279388452294496	0.3371369785744401	5.2473320439287976e-05	0.0002098932817571519	paired_RNA150	148.0	DONE	paired_t_on_author_scale;not_protein_or_flux	CAMP_GSE37751_original_author_case_table	results/BRCA/03_PATIENT/20260921T150000Z_mapping262_patient_v1/paired_RNA150.tsv	5f78d08a696d5fac3d95c697b0eb05358cfa1868	EXACT_COLUMN_COPY_NO_RECALCULATION
BRCA	CAMP_BRCA1_Terunuma	03_PATIENT	20260921T150000Z_mapping262_patient_v1	mapping262_patient_v1	paired_RNA150	NA	NA	HAL	author_case_row	45.0	45.0	mean_tumor_minus_normal_author_expression_scale	0.0911456204153416	-0.0509568084186782	0.2332480492493615	0.2028713881343959	0.2887015908066403	paired_RNA150	148.0	DONE	paired_t_on_author_scale;not_protein_or_flux	CAMP_GSE37751_original_author_case_table	results/BRCA/03_PATIENT/20260921T150000Z_mapping262_patient_v1/paired_RNA150.tsv	5f78d08a696d5fac3d95c697b0eb05358cfa1868	EXACT_COLUMN_COPY_NO_RECALCULATION
BRCA	CAMP_BRCA1_Terunuma	03_PATIENT	20260921T150000Z_mapping262_patient_v1	mapping262_patient_v1	paired_RNA150	NA	NA	HPD	author_case_row	45.0	45.0	mean_tumor_minus_normal_author_expression_scale	-0.2017271025053407	-0.3769930340943863	-0.0264611709162951	0.0250631553812582	0.04695375944843308	paired_RNA150	148.0	DONE	paired_t_on_author_scale;not_protein_or_flux	CAMP_GSE37751_original_author_case_table	results/BRCA/03_PATIENT/20260921T150000Z_mapping262_patient_v1/paired_RNA150.tsv	5f78d08a696d5fac3d95c697b0eb05358cfa1868	EXACT_COLUMN_COPY_NO_RECALCULATION
BRCA	CAMP_BRCA1_Terunuma	03_PATIENT	20260921T150000Z_mapping262_patient_v1	mapping262_patient_v1	paired_RNA150	NA	NA	HPRT1	author_case_row	45.0	45.0	mean_tumor_minus_normal_author_expression_scale	0.4248762467336591	0.2740551672944235	0.5756973261728948	1.003033524036216e-06	5.937958462294399e-06	paired_RNA150	148.0	DONE	paired_t_on_author_scale;not_protein_or_flux	CAMP_GSE37751_original_author_case_table	results/BRCA/03_PATIENT/20260921T150000Z_mapping262_patient_v1/paired_RNA150.tsv	5f78d08a696d5fac3d95c697b0eb05358cfa1868	EXACT_COLUMN_COPY_NO_RECALCULATION
BRCA	CAMP_BRCA1_Terunuma	03_PATIENT	20260921T150000Z_mapping262_patient_v1	mapping262_patient_v1	paired_RNA150	NA	NA	IDNK	author_case_row	45.0	45.0	mean_tumor_minus_normal_author_expression_scale	-0.2185931855707212	-0.3215899767551437	-0.1155963943862987	0.0001003203465562	0.00037118528225793995	paired_RNA150	148.0	DONE	paired_t_on_author_scale;not_protein_or_flux	CAMP_GSE37751_original_author_case_table	results/BRCA/03_PATIENT/20260921T150000Z_mapping262_patient_v1/paired_RNA150.tsv	5f78d08a696d5fac3d95c697b0eb05358cfa1868	EXACT_COLUMN_COPY_NO_RECALCULATION
BRCA	CAMP_BRCA1_Terunuma	03_PATIENT	20260921T150000Z_mapping262_patient_v1	mapping262_patient_v1	paired_RNA150	NA	NA	IMPA1	author_case_row	45.0	45.0	mean_tumor_minus_normal_author_expression_scale	-0.0053937680654324	-0.1241934147220946	0.1134058785912298	0.9275089051094928	0.9466987445255513	paired_RNA150	148.0	DONE	paired_t_on_author_scale;not_protein_or_flux	CAMP_GSE37751_original_author_case_table	results/BRCA/03_PATIENT/20260921T150000Z_mapping262_patient_v1/paired_RNA150.tsv	5f78d08a696d5fac3d95c697b0eb05358cfa1868	EXACT_COLUMN_COPY_NO_RECALCULATION
BRCA	CAMP_BRCA1_Terunuma	03_PATIENT	20260921T150000Z_mapping262_patient_v1	mapping262_patient_v1	paired_RNA150	NA	NA	IMPA2	author_case_row	45.0	45.0	mean_tumor_minus_normal_author_expression_scale	0.1250935328249695	-0.030680134550147	0.2808672002000861	0.1127161496985833	0.17247599459354124	paired_RNA150	148.0	DONE	paired_t_on_author_scale;not_protein_or_flux	CAMP_GSE37751_original_author_case_table	results/BRCA/03_PATIENT/20260921T150000Z_mapping262_patient_v1/paired_RNA150.tsv	5f78d08a696d5fac3d95c697b0eb05358cfa1868	EXACT_COLUMN_COPY_NO_RECALCULATION
BRCA	CAMP_BRCA1_Terunuma	03_PATIENT	20260921T150000Z_mapping262_patient_v1	mapping262_patient_v1	paired_RNA150	NA	NA	KHK	author_case_row	45.0	45.0	mean_tumor_minus_normal_author_expression_scale	0.0446263938480093	-0.0436525556822548	0.1329053433782736	0.313867361939917	0.39702879971886934	paired_RNA150	148.0	DONE	paired_t_on_author_scale;not_protein_or_flux	CAMP_GSE37751_original_author_case_table	results/BRCA/03_PATIENT/20260921T150000Z_mapping262_patient_v1/paired_RNA150.tsv	5f78d08a696d5fac3d95c697b0eb05358cfa1868	EXACT_COLUMN_COPY_NO_RECALCULATION
BRCA	CAMP_BRCA1_Terunuma	03_PATIENT	20260921T150000Z_mapping262_patient_v1	mapping262_patient_v1	paired_RNA150	NA	NA	KMO	author_case_row	45.0	45.0	mean_tumor_minus_normal_author_expression_scale	0.9080987413149172	0.5558254875938073	1.260371995036027	5.046505937334883e-06	2.4896095957518753e-05	paired_RNA150	148.0	DONE	paired_t_on_author_scale;not_protein_or_flux	CAMP_GSE37751_original_author_case_table	results/BRCA/03_PATIENT/20260921T150000Z_mapping262_patient_v1/paired_RNA150.tsv	5f78d08a696d5fac3d95c697b0eb05358cfa1868	EXACT_COLUMN_COPY_NO_RECALCULATION
BRCA	CAMP_BRCA1_Terunuma	03_PATIENT	20260921T150000Z_mapping262_patient_v1	mapping262_patient_v1	paired_RNA150	NA	NA	KYNU	author_case_row	45.0	45.0	mean_tumor_minus_normal_author_expression_scale	0.6422700618256811	0.2524757665275714	1.0320643571237909	0.0018117301973359	0.004395673265667429	paired_RNA150	148.0	DONE	paired_t_on_author_scale;not_protein_or_flux	CAMP_GSE37751_original_author_case_table	results/BRCA/03_PATIENT/20260921T150000Z_mapping262_patient_v1/paired_RNA150.tsv	5f78d08a696d5fac3d95c697b0eb05358cfa1868	EXACT_COLUMN_COPY_NO_RECALCULATION
BRCA	CAMP_BRCA1_Terunuma	03_PATIENT	20260921T150000Z_mapping262_patient_v1	mapping262_patient_v1	paired_RNA150	NA	NA	LDHA	author_case_row	45.0	45.0	mean_tumor_minus_normal_author_expression_scale	-0.0202724359356821	-0.1902344799831031	0.1496896081117388	0.8111479319861323	0.8574992423853399	paired_RNA150	148.0	DONE	paired_t_on_author_scale;not_protein_or_flux	CAMP_GSE37751_original_author_case_table	results/BRCA/03_PATIENT/20260921T150000Z_mapping262_patient_v1/paired_RNA150.tsv	5f78d08a696d5fac3d95c697b0eb05358cfa1868	EXACT_COLUMN_COPY_NO_RECALCULATION
BRCA	CAMP_BRCA1_Terunuma	03_PATIENT	20260921T150000Z_mapping262_patient_v1	mapping262_patient_v1	paired_RNA150	NA	NA	LDHB	author_case_row	45.0	45.0	mean_tumor_minus_normal_author_expression_scale	-0.3977786381843637	-0.6639424362690488	-0.1316148400996787	0.0042910855389389	0.00967944367447151	paired_RNA150	148.0	DONE	paired_t_on_author_scale;not_protein_or_flux	CAMP_GSE37751_original_author_case_table	results/BRCA/03_PATIENT/20260921T150000Z_mapping262_patient_v1/paired_RNA150.tsv	5f78d08a696d5fac3d95c697b0eb05358cfa1868	EXACT_COLUMN_COPY_NO_RECALCULATION
BRCA	CAMP_BRCA1_Terunuma	03_PATIENT	20260921T150000Z_mapping262_patient_v1	mapping262_patient_v1	paired_RNA150	NA	NA	LPCAT1	author_case_row	45.0	45.0	mean_tumor_minus_normal_author_expression_scale	0.46498406319875824	0.3496844867112701	0.5802836396862463	2.646923012749666e-10	9.793615147173764e-09	paired_RNA150	148.0	DONE	paired_t_on_author_scale;not_protein_or_flux	CAMP_GSE37751_original_author_case_table	results/BRCA/03_PATIENT/20260921T150000Z_mapping262_patient_v1/paired_RNA150.tsv	5f78d08a696d5fac3d95c697b0eb05358cfa1868	EXACT_COLUMN_COPY_NO_RECALCULATION
BRCA	CAMP_BRCA1_Terunuma	03_PATIENT	20260921T150000Z_mapping262_patient_v1	mapping262_patient_v1	paired_RNA150	NA	NA	LPCAT2	author_case_row	45.0	45.0	mean_tumor_minus_normal_author_expression_scale	-0.37229435933749955	-0.5994750198533321	-0.14511369882166708	0.001907514284433179	0.0045534211950985564	paired_RNA150	148.0	DONE	paired_t_on_author_scale;not_protein_or_flux	CAMP_GSE37751_original_author_case_table	results/BRCA/03_PATIENT/20260921T150000Z_mapping262_patient_v1/paired_RNA150.tsv	5f78d08a696d5fac3d95c697b0eb05358cfa1868	EXACT_COLUMN_COPY_NO_RECALCULATION
BRCA	CAMP_BRCA1_Terunuma	03_PATIENT	20260921T150000Z_mapping262_patient_v1	mapping262_patient_v1	paired_RNA150	NA	NA	LPCAT3	author_case_row	45.0	45.0	mean_tumor_minus_normal_author_expression_scale	0.09756391877319143	-0.0666829708656731	0.26181080841205595	0.23766063001739254	0.3256830855793898	paired_RNA150	148.0	DONE	paired_t_on_author_scale;not_protein_or_flux	CAMP_GSE37751_original_author_case_table	results/BRCA/03_PATIENT/20260921T150000Z_mapping262_patient_v1/paired_RNA150.tsv	5f78d08a696d5fac3d95c697b0eb05358cfa1868	EXACT_COLUMN_COPY_NO_RECALCULATION
BRCA	CAMP_BRCA1_Terunuma	03_PATIENT	20260921T150000Z_mapping262_patient_v1	mapping262_patient_v1	paired_RNA150	NA	NA	LPCAT4	author_case_row	NA	NA	mean_tumor_minus_normal_author_expression_scale	NA	NA	NA	NA	NA	paired_RNA150	148.0	NEEDS_REVIEW	historical_LPCAT4_symbol_ambiguous_Q643R3_vs_Q6ZWT7;stable_probe_identity_required	CAMP_GSE37751_original_author_case_table	results/BRCA/03_PATIENT/20260921T150000Z_mapping262_patient_v1/paired_RNA150.tsv	5f78d08a696d5fac3d95c697b0eb05358cfa1868	EXACT_COLUMN_COPY_NO_RECALCULATION
BRCA	CAMP_BRCA1_Terunuma	03_PATIENT	20260921T150000Z_mapping262_patient_v1	mapping262_patient_v1	paired_RNA150	NA	NA	LYPLA1	author_case_row	45.0	45.0	mean_tumor_minus_normal_author_expression_scale	0.4816929530817019	0.28498357592826146	0.6784023302351423	1.1941768946186584e-05	5.5230681376112947e-05	paired_RNA150	148.0	DONE	paired_t_on_author_scale;not_protein_or_flux	CAMP_GSE37751_original_author_case_table	results/BRCA/03_PATIENT/20260921T150000Z_mapping262_patient_v1/paired_RNA150.tsv	5f78d08a696d5fac3d95c697b0eb05358cfa1868	EXACT_COLUMN_COPY_NO_RECALCULATION
BRCA	CAMP_BRCA1_Terunuma	03_PATIENT	20260921T150000Z_mapping262_patient_v1	mapping262_patient_v1	paired_RNA150	NA	NA	LYPLA2	author_case_row	45.0	45.0	mean_tumor_minus_normal_author_expression_scale	0.2863609930087285	0.20739973211584295	0.3653222539016141	4.040147212020904e-09	5.394877037280077e-08	paired_RNA150	148.0	DONE	paired_t_on_author_scale;not_protein_or_flux	CAMP_GSE37751_original_author_case_table	results/BRCA/03_PATIENT/20260921T150000Z_mapping262_patient_v1/paired_RNA150.tsv	5f78d08a696d5fac3d95c697b0eb05358cfa1868	EXACT_COLUMN_COPY_NO_RECALCULATION
BRCA	CAMP_BRCA1_Terunuma	03_PATIENT	20260921T150000Z_mapping262_patient_v1	mapping262_patient_v1	paired_RNA150	NA	NA	MDH1	author_case_row	45.0	45.0	mean_tumor_minus_normal_author_expression_scale	-0.3775350218497361	-0.6205804753818984	-0.1344895683175737	0.0030963459941473	0.007160300111465631	paired_RNA150	148.0	DONE	paired_t_on_author_scale;not_protein_or_flux	CAMP_GSE37751_original_author_case_table	results/BRCA/03_PATIENT/20260921T150000Z_mapping262_patient_v1/paired_RNA150.tsv	5f78d08a696d5fac3d95c697b0eb05358cfa1868	EXACT_COLUMN_COPY_NO_RECALCULATION
BRCA	CAMP_BRCA1_Terunuma	03_PATIENT	20260921T150000Z_mapping262_patient_v1	mapping262_patient_v1	paired_RNA150	NA	NA	MDH2	author_case_row	45.0	45.0	mean_tumor_minus_normal_author_expression_scale	0.1000247404357883	-0.0086577363163942	0.2087072171879709	0.07033019623934	0.11565410048247023	paired_RNA150	148.0	DONE	paired_t_on_author_scale;not_protein_or_flux	CAMP_GSE37751_original_author_case_table	results/BRCA/03_PATIENT/20260921T150000Z_mapping262_patient_v1/paired_RNA150.tsv	5f78d08a696d5fac3d95c697b0eb05358cfa1868	EXACT_COLUMN_COPY_NO_RECALCULATION
BRCA	CAMP_BRCA1_Terunuma	03_PATIENT	20260921T150000Z_mapping262_patient_v1	mapping262_patient_v1	paired_RNA150	NA	NA	MGAM	author_case_row	45.0	45.0	mean_tumor_minus_normal_author_expression_scale	-0.0980635619515537	-0.2917851099051367	0.0956579860020292	0.3132119433841037	0.39702879971886934	paired_RNA150	148.0	DONE	paired_t_on_author_scale;not_protein_or_flux	CAMP_GSE37751_original_author_case_table	results/BRCA/03_PATIENT/20260921T150000Z_mapping262_patient_v1/paired_RNA150.tsv	5f78d08a696d5fac3d95c697b0eb05358cfa1868	EXACT_COLUMN_COPY_NO_RECALCULATION
BRCA	CAMP_BRCA1_Terunuma	03_PATIENT	20260921T150000Z_mapping262_patient_v1	mapping262_patient_v1	paired_RNA150	NA	NA	MGLL	author_case_row	45.0	45.0	mean_tumor_minus_normal_author_expression_scale	-1.1314647735344583	-1.4225862159351839	-0.8403433311337328	7.018741036518459e-10	2.0775473468094637e-08	paired_RNA150	148.0	DONE	paired_t_on_author_scale;not_protein_or_flux	CAMP_GSE37751_original_author_case_table	results/BRCA/03_PATIENT/20260921T150000Z_mapping262_patient_v1/paired_RNA150.tsv	5f78d08a696d5fac3d95c697b0eb05358cfa1868	EXACT_COLUMN_COPY_NO_RECALCULATION
BRCA	CAMP_BRCA1_Terunuma	03_PATIENT	20260921T150000Z_mapping262_patient_v1	mapping262_patient_v1	paired_RNA150	NA	NA	MPI	author_case_row	45.0	45.0	mean_tumor_minus_normal_author_expression_scale	-0.075134686916673	-0.1618115974390878	0.0115422236057416	0.0876158989672799	0.13943175319524115	paired_RNA150	148.0	DONE	paired_t_on_author_scale;not_protein_or_flux	CAMP_GSE37751_original_author_case_table	results/BRCA/03_PATIENT/20260921T150000Z_mapping262_patient_v1/paired_RNA150.tsv	5f78d08a696d5fac3d95c697b0eb05358cfa1868	EXACT_COLUMN_COPY_NO_RECALCULATION
BRCA	CAMP_BRCA1_Terunuma	03_PATIENT	20260921T150000Z_mapping262_patient_v1	mapping262_patient_v1	paired_RNA150	NA	NA	NAGK	author_case_row	45.0	45.0	mean_tumor_minus_normal_author_expression_scale	0.4258858530877447	0.3045122632909377	0.5472594428845516	8.976333998534972e-09	9.86274383072323e-08	paired_RNA150	148.0	DONE	paired_t_on_author_scale;not_protein_or_flux	CAMP_GSE37751_original_author_case_table	results/BRCA/03_PATIENT/20260921T150000Z_mapping262_patient_v1/paired_RNA150.tsv	5f78d08a696d5fac3d95c697b0eb05358cfa1868	EXACT_COLUMN_COPY_NO_RECALCULATION
BRCA	CAMP_BRCA1_Terunuma	03_PATIENT	20260921T150000Z_mapping262_patient_v1	mapping262_patient_v1	paired_RNA150	NA	NA	NAMPT	author_case_row	45.0	45.0	mean_tumor_minus_normal_author_expression_scale	-0.4060242220564979	-0.6386670487818518	-0.1733813953311441	0.0010250985885938	0.0027091891269978995	paired_RNA150	148.0	DONE	paired_t_on_author_scale;not_protein_or_flux	CAMP_GSE37751_original_author_case_table	results/BRCA/03_PATIENT/20260921T150000Z_mapping262_patient_v1/paired_RNA150.tsv	5f78d08a696d5fac3d95c697b0eb05358cfa1868	EXACT_COLUMN_COPY_NO_RECALCULATION
BRCA	CAMP_BRCA1_Terunuma	03_PATIENT	20260921T150000Z_mapping262_patient_v1	mapping262_patient_v1	paired_RNA150	NA	NA	NNMT	author_case_row	45.0	45.0	mean_tumor_minus_normal_author_expression_scale	-0.4072852370498553	-0.6581034987141675	-0.1564669753855432	0.0020779891926665	0.004881625404994318	paired_RNA150	148.0	DONE	paired_t_on_author_scale;not_protein_or_flux	CAMP_GSE37751_original_author_case_table	results/BRCA/03_PATIENT/20260921T150000Z_mapping262_patient_v1/paired_RNA150.tsv	5f78d08a696d5fac3d95c697b0eb05358cfa1868	EXACT_COLUMN_COPY_NO_RECALCULATION
BRCA	CAMP_BRCA1_Terunuma	03_PATIENT	20260921T150000Z_mapping262_patient_v1	mapping262_patient_v1	paired_RNA150	NA	NA	NPL	author_case_row	45.0	45.0	mean_tumor_minus_normal_author_expression_scale	0.6185204992916522	0.3395301428467565	0.8975108557365479	5.460022238658147e-05	0.00021265349771615942	paired_RNA150	148.0	DONE	paired_t_on_author_scale;not_protein_or_flux	CAMP_GSE37751_original_author_case_table	results/BRCA/03_PATIENT/20260921T150000Z_mapping262_patient_v1/paired_RNA150.tsv	5f78d08a696d5fac3d95c697b0eb05358cfa1868	EXACT_COLUMN_COPY_NO_RECALCULATION
BRCA	CAMP_BRCA1_Terunuma	03_PATIENT	20260921T150000Z_mapping262_patient_v1	mapping262_patient_v1	paired_RNA150	NA	NA	NT5C2	author_case_row	45.0	45.0	mean_tumor_minus_normal_author_expression_scale	0.09151662938165757	-0.03599770774736909	0.2190309665106842	0.15514519264305035	0.22734147040763814	paired_RNA150	148.0	DONE	paired_t_on_author_scale;not_protein_or_flux	CAMP_GSE37751_original_author_case_table	results/BRCA/03_PATIENT/20260921T150000Z_mapping262_patient_v1/paired_RNA150.tsv	5f78d08a696d5fac3d95c697b0eb05358cfa1868	EXACT_COLUMN_COPY_NO_RECALCULATION
BRCA	CAMP_BRCA1_Terunuma	03_PATIENT	20260921T150000Z_mapping262_patient_v1	mapping262_patient_v1	paired_RNA150	NA	NA	OAT	author_case_row	45.0	45.0	mean_tumor_minus_normal_author_expression_scale	0.1691926286784821	-0.009848469236204	0.3482337265931682	0.0633945847522418	0.10661816526513393	paired_RNA150	148.0	DONE	paired_t_on_author_scale;not_protein_or_flux	CAMP_GSE37751_original_author_case_table	results/BRCA/03_PATIENT/20260921T150000Z_mapping262_patient_v1/paired_RNA150.tsv	5f78d08a696d5fac3d95c697b0eb05358cfa1868	EXACT_COLUMN_COPY_NO_RECALCULATION
BRCA	CAMP_BRCA1_Terunuma	03_PATIENT	20260921T150000Z_mapping262_patient_v1	mapping262_patient_v1	paired_RNA150	NA	NA	ODC1	author_case_row	45.0	45.0	mean_tumor_minus_normal_author_expression_scale	-0.038439680245057	-0.2780114374634032	0.201132076973289	0.7479477152334435	0.8216380429596449	paired_RNA150	148.0	DONE	paired_t_on_author_scale;not_protein_or_flux	CAMP_GSE37751_original_author_case_table	results/BRCA/03_PATIENT/20260921T150000Z_mapping262_patient_v1/paired_RNA150.tsv	5f78d08a696d5fac3d95c697b0eb05358cfa1868	EXACT_COLUMN_COPY_NO_RECALCULATION
BRCA	CAMP_BRCA1_Terunuma	03_PATIENT	20260921T150000Z_mapping262_patient_v1	mapping262_patient_v1	paired_RNA150	NA	NA	OTC	author_case_row	45.0	45.0	mean_tumor_minus_normal_author_expression_scale	-0.0247459098669037	-0.0791197131166211	0.0296278933828135	0.3640338071782975	0.44897502885323354	paired_RNA150	148.0	DONE	paired_t_on_author_scale;not_protein_or_flux	CAMP_GSE37751_original_author_case_table	results/BRCA/03_PATIENT/20260921T150000Z_mapping262_patient_v1/paired_RNA150.tsv	5f78d08a696d5fac3d95c697b0eb05358cfa1868	EXACT_COLUMN_COPY_NO_RECALCULATION
BRCA	CAMP_BRCA1_Terunuma	03_PATIENT	20260921T150000Z_mapping262_patient_v1	mapping262_patient_v1	paired_RNA150	NA	NA	PANK1	author_case_row	45.0	45.0	mean_tumor_minus_normal_author_expression_scale	0.1235070844622964	0.0261203383194809	0.2208938306051119	0.0141210802598124	0.0282421605196248	paired_RNA150	148.0	DONE	paired_t_on_author_scale;not_protein_or_flux	CAMP_GSE37751_original_author_case_table	results/BRCA/03_PATIENT/20260921T150000Z_mapping262_patient_v1/paired_RNA150.tsv	5f78d08a696d5fac3d95c697b0eb05358cfa1868	EXACT_COLUMN_COPY_NO_RECALCULATION
BRCA	CAMP_BRCA1_Terunuma	03_PATIENT	20260921T150000Z_mapping262_patient_v1	mapping262_patient_v1	paired_RNA150	NA	NA	PANK2	author_case_row	45.0	45.0	mean_tumor_minus_normal_author_expression_scale	0.2585838494574605	0.1022155821552172	0.4149521167597039	0.0017504462210441	0.004317767345242113	paired_RNA150	148.0	DONE	paired_t_on_author_scale;not_protein_or_flux	CAMP_GSE37751_original_author_case_table	results/BRCA/03_PATIENT/20260921T150000Z_mapping262_patient_v1/paired_RNA150.tsv	5f78d08a696d5fac3d95c697b0eb05358cfa1868	EXACT_COLUMN_COPY_NO_RECALCULATION
BRCA	CAMP_BRCA1_Terunuma	03_PATIENT	20260921T150000Z_mapping262_patient_v1	mapping262_patient_v1	paired_RNA150	NA	NA	PANK3	author_case_row	45.0	45.0	mean_tumor_minus_normal_author_expression_scale	0.077430472699723	-0.0426133030271104	0.1974742484265565	0.2003872181245781	0.2879350318683258	paired_RNA150	148.0	DONE	paired_t_on_author_scale;not_protein_or_flux	CAMP_GSE37751_original_author_case_table	results/BRCA/03_PATIENT/20260921T150000Z_mapping262_patient_v1/paired_RNA150.tsv	5f78d08a696d5fac3d95c697b0eb05358cfa1868	EXACT_COLUMN_COPY_NO_RECALCULATION
BRCA	CAMP_BRCA1_Terunuma	03_PATIENT	20260921T150000Z_mapping262_patient_v1	mapping262_patient_v1	paired_RNA150	NA	NA	PCYT1A	author_case_row	45.0	45.0	mean_tumor_minus_normal_author_expression_scale	0.0007244955097924	-0.1337752427559851	0.13522423377557	0.991387435405644	0.991387435405644	paired_RNA150	148.0	DONE	paired_t_on_author_scale;not_protein_or_flux	CAMP_GSE37751_original_author_case_table	results/BRCA/03_PATIENT/20260921T150000Z_mapping262_patient_v1/paired_RNA150.tsv	5f78d08a696d5fac3d95c697b0eb05358cfa1868	EXACT_COLUMN_COPY_NO_RECALCULATION
BRCA	CAMP_BRCA1_Terunuma	03_PATIENT	20260921T150000Z_mapping262_patient_v1	mapping262_patient_v1	paired_RNA150	NA	NA	PCYT1B	author_case_row	45.0	45.0	mean_tumor_minus_normal_author_expression_scale	-0.0437298928685662	-0.124398141483613	0.0369383557464804	0.2805497985260324	0.3707265194808285	paired_RNA150	148.0	DONE	paired_t_on_author_scale;not_protein_or_flux	CAMP_GSE37751_original_author_case_table	results/BRCA/03_PATIENT/20260921T150000Z_mapping262_patient_v1/paired_RNA150.tsv	5f78d08a696d5fac3d95c697b0eb05358cfa1868	EXACT_COLUMN_COPY_NO_RECALCULATION
BRCA	CAMP_BRCA1_Terunuma	03_PATIENT	20260921T150000Z_mapping262_patient_v1	mapping262_patient_v1	paired_RNA150	NA	NA	PCYT2	author_case_row	45.0	45.0	mean_tumor_minus_normal_author_expression_scale	-0.0527928361028652	-0.2180361696744273	0.1124504974686967	0.5229951908817991	0.6000254903140021	paired_RNA150	148.0	DONE	paired_t_on_author_scale;not_protein_or_flux	CAMP_GSE37751_original_author_case_table	results/BRCA/03_PATIENT/20260921T150000Z_mapping262_patient_v1/paired_RNA150.tsv	5f78d08a696d5fac3d95c697b0eb05358cfa1868	EXACT_COLUMN_COPY_NO_RECALCULATION
BRCA	CAMP_BRCA1_Terunuma	03_PATIENT	20260921T150000Z_mapping262_patient_v1	mapping262_patient_v1	paired_RNA150	NA	NA	PEPD	author_case_row	45.0	45.0	mean_tumor_minus_normal_author_expression_scale	-0.2220783571170305	-0.3815188653763063	-0.0626378488577548	0.0074218923505735	0.015470986871618	paired_RNA150	148.0	DONE	paired_t_on_author_scale;not_protein_or_flux	CAMP_GSE37751_original_author_case_table	results/BRCA/03_PATIENT/20260921T150000Z_mapping262_patient_v1/paired_RNA150.tsv	5f78d08a696d5fac3d95c697b0eb05358cfa1868	EXACT_COLUMN_COPY_NO_RECALCULATION
BRCA	CAMP_BRCA1_Terunuma	03_PATIENT	20260921T150000Z_mapping262_patient_v1	mapping262_patient_v1	paired_RNA150	NA	NA	PFKL	author_case_row	45.0	45.0	mean_tumor_minus_normal_author_expression_scale	0.2421776834224296	0.1375013487832664	0.3468540180615928	2.911785170531779e-05	0.00011970672367741757	paired_RNA150	148.0	DONE	paired_t_on_author_scale;not_protein_or_flux	CAMP_GSE37751_original_author_case_table	results/BRCA/03_PATIENT/20260921T150000Z_mapping262_patient_v1/paired_RNA150.tsv	5f78d08a696d5fac3d95c697b0eb05358cfa1868	EXACT_COLUMN_COPY_NO_RECALCULATION
BRCA	CAMP_BRCA1_Terunuma	03_PATIENT	20260921T150000Z_mapping262_patient_v1	mapping262_patient_v1	paired_RNA150	NA	NA	PFKM	author_case_row	45.0	45.0	mean_tumor_minus_normal_author_expression_scale	0.1527626994192182	0.0475128744984148	0.2580125243400216	0.0054256403627176	0.011984996622122459	paired_RNA150	148.0	DONE	paired_t_on_author_scale;not_protein_or_flux	CAMP_GSE37751_original_author_case_table	results/BRCA/03_PATIENT/20260921T150000Z_mapping262_patient_v1/paired_RNA150.tsv	5f78d08a696d5fac3d95c697b0eb05358cfa1868	EXACT_COLUMN_COPY_NO_RECALCULATION
BRCA	CAMP_BRCA1_Terunuma	03_PATIENT	20260921T150000Z_mapping262_patient_v1	mapping262_patient_v1	paired_RNA150	NA	NA	PFKP	author_case_row	45.0	45.0	mean_tumor_minus_normal_author_expression_scale	0.3286132554790875	0.0959618080658471	0.5612647028923279	0.0066878793893575	0.014140087851784429	paired_RNA150	148.0	DONE	paired_t_on_author_scale;not_protein_or_flux	CAMP_GSE37751_original_author_case_table	results/BRCA/03_PATIENT/20260921T150000Z_mapping262_patient_v1/paired_RNA150.tsv	5f78d08a696d5fac3d95c697b0eb05358cfa1868	EXACT_COLUMN_COPY_NO_RECALCULATION
BRCA	CAMP_BRCA1_Terunuma	03_PATIENT	20260921T150000Z_mapping262_patient_v1	mapping262_patient_v1	paired_RNA150	NA	NA	PGD	author_case_row	45.0	45.0	mean_tumor_minus_normal_author_expression_scale	-0.1252895205975278	-0.3479739271504126	0.097394885955357	0.2629719694986876	0.3506292926649168	paired_RNA150	148.0	DONE	paired_t_on_author_scale;not_protein_or_flux	CAMP_GSE37751_original_author_case_table	results/BRCA/03_PATIENT/20260921T150000Z_mapping262_patient_v1/paired_RNA150.tsv	5f78d08a696d5fac3d95c697b0eb05358cfa1868	EXACT_COLUMN_COPY_NO_RECALCULATION
BRCA	CAMP_BRCA1_Terunuma	03_PATIENT	20260921T150000Z_mapping262_patient_v1	mapping262_patient_v1	paired_RNA150	NA	NA	PGM3	author_case_row	45.0	45.0	mean_tumor_minus_normal_author_expression_scale	0.1305278487481452	-0.0627128706513569	0.3237685681476474	0.1803450485560236	0.2616771292773676	paired_RNA150	148.0	DONE	paired_t_on_author_scale;not_protein_or_flux	CAMP_GSE37751_original_author_case_table	results/BRCA/03_PATIENT/20260921T150000Z_mapping262_patient_v1/paired_RNA150.tsv	5f78d08a696d5fac3d95c697b0eb05358cfa1868	EXACT_COLUMN_COPY_NO_RECALCULATION
BRCA	CAMP_BRCA1_Terunuma	03_PATIENT	20260921T150000Z_mapping262_patient_v1	mapping262_patient_v1	paired_RNA150	NA	NA	PMM1	author_case_row	45.0	45.0	mean_tumor_minus_normal_author_expression_scale	-0.0478631198847785	-0.1840989315956109	0.0883726918260538	0.4826483086585157	0.5669202355671454	paired_RNA150	148.0	DONE	paired_t_on_author_scale;not_protein_or_flux	CAMP_GSE37751_original_author_case_table	results/BRCA/03_PATIENT/20260921T150000Z_mapping262_patient_v1/paired_RNA150.tsv	5f78d08a696d5fac3d95c697b0eb05358cfa1868	EXACT_COLUMN_COPY_NO_RECALCULATION
BRCA	CAMP_BRCA1_Terunuma	03_PATIENT	20260921T150000Z_mapping262_patient_v1	mapping262_patient_v1	paired_RNA150	NA	NA	PMM2	author_case_row	45.0	45.0	mean_tumor_minus_normal_author_expression_scale	0.3671967424629299	0.2380740495687956	0.4963194353570642	8.366767728116999e-07	5.159506765672149e-06	paired_RNA150	148.0	DONE	paired_t_on_author_scale;not_protein_or_flux	CAMP_GSE37751_original_author_case_table	results/BRCA/03_PATIENT/20260921T150000Z_mapping262_patient_v1/paired_RNA150.tsv	5f78d08a696d5fac3d95c697b0eb05358cfa1868	EXACT_COLUMN_COPY_NO_RECALCULATION
BRCA	CAMP_BRCA1_Terunuma	03_PATIENT	20260921T150000Z_mapping262_patient_v1	mapping262_patient_v1	paired_RNA150	NA	NA	PNP	author_case_row	45.0	45.0	mean_tumor_minus_normal_author_expression_scale	0.2501597841576832	0.0054546112612168	0.4948649570541495	0.0453144278863574	0.07890041561389288	paired_RNA150	148.0	DONE	paired_t_on_author_scale;not_protein_or_flux	CAMP_GSE37751_original_author_case_table	results/BRCA/03_PATIENT/20260921T150000Z_mapping262_patient_v1/paired_RNA150.tsv	5f78d08a696d5fac3d95c697b0eb05358cfa1868	EXACT_COLUMN_COPY_NO_RECALCULATION
BRCA	CAMP_BRCA1_Terunuma	03_PATIENT	20260921T150000Z_mapping262_patient_v1	mapping262_patient_v1	paired_RNA150	NA	NA	PPA1	author_case_row	45.0	45.0	mean_tumor_minus_normal_author_expression_scale	-0.2739840990158226	-0.4174614566993968	-0.1305067413322485	0.0003804997025881	0.0011981692762348683	paired_RNA150	148.0	DONE	paired_t_on_author_scale;not_protein_or_flux	CAMP_GSE37751_original_author_case_table	results/BRCA/03_PATIENT/20260921T150000Z_mapping262_patient_v1/paired_RNA150.tsv	5f78d08a696d5fac3d95c697b0eb05358cfa1868	EXACT_COLUMN_COPY_NO_RECALCULATION
BRCA	CAMP_BRCA1_Terunuma	03_PATIENT	20260921T150000Z_mapping262_patient_v1	mapping262_patient_v1	paired_RNA150	NA	NA	PPA2	author_case_row	45.0	45.0	mean_tumor_minus_normal_author_expression_scale	0.1077512230189646	0.0144402059490424	0.2010622400888869	0.0246164377976818	0.04670811274431932	paired_RNA150	148.0	DONE	paired_t_on_author_scale;not_protein_or_flux	CAMP_GSE37751_original_author_case_table	results/BRCA/03_PATIENT/20260921T150000Z_mapping262_patient_v1/paired_RNA150.tsv	5f78d08a696d5fac3d95c697b0eb05358cfa1868	EXACT_COLUMN_COPY_NO_RECALCULATION
BRCA	CAMP_BRCA1_Terunuma	03_PATIENT	20260921T150000Z_mapping262_patient_v1	mapping262_patient_v1	paired_RNA150	NA	NA	PRODH	author_case_row	45.0	45.0	mean_tumor_minus_normal_author_expression_scale	0.1115793871895129	-0.0736605907601155	0.2968193651391415	0.2312398014355661	0.3228631189855074	paired_RNA150	148.0	DONE	paired_t_on_author_scale;not_protein_or_flux	CAMP_GSE37751_original_author_case_table	results/BRCA/03_PATIENT/20260921T150000Z_mapping262_patient_v1/paired_RNA150.tsv	5f78d08a696d5fac3d95c697b0eb05358cfa1868	EXACT_COLUMN_COPY_NO_RECALCULATION
BRCA	CAMP_BRCA1_Terunuma	03_PATIENT	20260921T150000Z_mapping262_patient_v1	mapping262_patient_v1	paired_RNA150	NA	NA	PRODH2	author_case_row	45.0	45.0	mean_tumor_minus_normal_author_expression_scale	-0.0005719628538208	-0.0458297411086363	0.0446858154009945	0.9797952476924204	0.9871033518269847	paired_RNA150	148.0	DONE	paired_t_on_author_scale;not_protein_or_flux	CAMP_GSE37751_original_author_case_table	results/BRCA/03_PATIENT/20260921T150000Z_mapping262_patient_v1/paired_RNA150.tsv	5f78d08a696d5fac3d95c697b0eb05358cfa1868	EXACT_COLUMN_COPY_NO_RECALCULATION
BRCA	CAMP_BRCA1_Terunuma	03_PATIENT	20260921T150000Z_mapping262_patient_v1	mapping262_patient_v1	paired_RNA150	NA	NA	PTGS1	author_case_row	45.0	45.0	mean_tumor_minus_normal_author_expression_scale	0.31040612374476395	0.13852178847675883	0.48229045901276907	0.0007142767410172918	0.0019945841069916826	paired_RNA150	148.0	DONE	paired_t_on_author_scale;not_protein_or_flux	CAMP_GSE37751_original_author_case_table	results/BRCA/03_PATIENT/20260921T150000Z_mapping262_patient_v1/paired_RNA150.tsv	5f78d08a696d5fac3d95c697b0eb05358cfa1868	EXACT_COLUMN_COPY_NO_RECALCULATION
BRCA	CAMP_BRCA1_Terunuma	03_PATIENT	20260921T150000Z_mapping262_patient_v1	mapping262_patient_v1	paired_RNA150	NA	NA	PTGS2	author_case_row	45.0	45.0	mean_tumor_minus_normal_author_expression_scale	-0.9771565428201244	-1.3514832105025505	-0.6028298751376983	4.054161324285643e-06	2.0690202620492247e-05	paired_RNA150	148.0	DONE	paired_t_on_author_scale;not_protein_or_flux	CAMP_GSE37751_original_author_case_table	results/BRCA/03_PATIENT/20260921T150000Z_mapping262_patient_v1/paired_RNA150.tsv	5f78d08a696d5fac3d95c697b0eb05358cfa1868	EXACT_COLUMN_COPY_NO_RECALCULATION
BRCA	CAMP_BRCA1_Terunuma	03_PATIENT	20260921T150000Z_mapping262_patient_v1	mapping262_patient_v1	paired_RNA150	NA	NA	PUDP	author_case_row	45.0	45.0	mean_tumor_minus_normal_author_expression_scale	0.12440617624826589	0.037653709670779856	0.21115864282575192	0.005958895617027621	0.012969361048824821	paired_RNA150	148.0	DONE	paired_t_on_author_scale;not_protein_or_flux	CAMP_GSE37751_original_author_case_table	results/BRCA/03_PATIENT/20260921T150000Z_mapping262_patient_v1/paired_RNA150.tsv	5f78d08a696d5fac3d95c697b0eb05358cfa1868	EXACT_COLUMN_COPY_NO_RECALCULATION
BRCA	CAMP_BRCA1_Terunuma	03_PATIENT	20260921T150000Z_mapping262_patient_v1	mapping262_patient_v1	paired_RNA150	NA	NA	PYCR1	author_case_row	45.0	45.0	mean_tumor_minus_normal_author_expression_scale	0.7332117350172779	0.5239141754853576	0.9425092945491982	9.329622542576029e-09	9.86274383072323e-08	paired_RNA150	148.0	DONE	paired_t_on_author_scale;not_protein_or_flux	CAMP_GSE37751_original_author_case_table	results/BRCA/03_PATIENT/20260921T150000Z_mapping262_patient_v1/paired_RNA150.tsv	5f78d08a696d5fac3d95c697b0eb05358cfa1868	EXACT_COLUMN_COPY_NO_RECALCULATION
BRCA	CAMP_BRCA1_Terunuma	03_PATIENT	20260921T150000Z_mapping262_patient_v1	mapping262_patient_v1	paired_RNA150	NA	NA	PYCR2	author_case_row	45.0	45.0	mean_tumor_minus_normal_author_expression_scale	0.1370963425233046	0.0626162787032688	0.2115764063433404	0.0005791003089343	0.0016586259332647354	paired_RNA150	148.0	DONE	paired_t_on_author_scale;not_protein_or_flux	CAMP_GSE37751_original_author_case_table	results/BRCA/03_PATIENT/20260921T150000Z_mapping262_patient_v1/paired_RNA150.tsv	5f78d08a696d5fac3d95c697b0eb05358cfa1868	EXACT_COLUMN_COPY_NO_RECALCULATION
BRCA	CAMP_BRCA1_Terunuma	03_PATIENT	20260921T150000Z_mapping262_patient_v1	mapping262_patient_v1	paired_RNA150	NA	NA	PYCR3	author_case_row	45.0	45.0	mean_tumor_minus_normal_author_expression_scale	0.3272773741035645	0.2182265962792928	0.4363281519278363	2.864657784674988e-07	2.018901676818563e-06	paired_RNA150	148.0	DONE	paired_t_on_author_scale;not_protein_or_flux	CAMP_GSE37751_original_author_case_table	results/BRCA/03_PATIENT/20260921T150000Z_mapping262_patient_v1/paired_RNA150.tsv	5f78d08a696d5fac3d95c697b0eb05358cfa1868	EXACT_COLUMN_COPY_NO_RECALCULATION
BRCA	CAMP_BRCA1_Terunuma	03_PATIENT	20260921T150000Z_mapping262_patient_v1	mapping262_patient_v1	paired_RNA150	NA	NA	RBKS	author_case_row	45.0	45.0	mean_tumor_minus_normal_author_expression_scale	0.021545046570864	-0.093751935408146	0.136842028549874	0.7082787449564488	0.7881598064177024	paired_RNA150	148.0	DONE	paired_t_on_author_scale;not_protein_or_flux	CAMP_GSE37751_original_author_case_table	results/BRCA/03_PATIENT/20260921T150000Z_mapping262_patient_v1/paired_RNA150.tsv	5f78d08a696d5fac3d95c697b0eb05358cfa1868	EXACT_COLUMN_COPY_NO_RECALCULATION
BRCA	CAMP_BRCA1_Terunuma	03_PATIENT	20260921T150000Z_mapping262_patient_v1	mapping262_patient_v1	paired_RNA150	NA	NA	RFK	author_case_row	45.0	45.0	mean_tumor_minus_normal_author_expression_scale	0.016708828789743	-0.0518400640982998	0.0852577216777858	0.6256933637978661	0.7015349836521529	paired_RNA150	148.0	DONE	paired_t_on_author_scale;not_protein_or_flux	CAMP_GSE37751_original_author_case_table	results/BRCA/03_PATIENT/20260921T150000Z_mapping262_patient_v1/paired_RNA150.tsv	5f78d08a696d5fac3d95c697b0eb05358cfa1868	EXACT_COLUMN_COPY_NO_RECALCULATION
BRCA	CAMP_BRCA1_Terunuma	03_PATIENT	20260921T150000Z_mapping262_patient_v1	mapping262_patient_v1	paired_RNA150	NA	NA	SDHA	author_case_row	45.0	45.0	mean_tumor_minus_normal_author_expression_scale	-0.007621476483689765	-0.1148206259849894	0.09957767301760986	0.8867189586649984	0.9113500408501372	paired_RNA150	148.0	DONE	paired_t_on_author_scale;not_protein_or_flux	CAMP_GSE37751_original_author_case_table	results/BRCA/03_PATIENT/20260921T150000Z_mapping262_patient_v1/paired_RNA150.tsv	5f78d08a696d5fac3d95c697b0eb05358cfa1868	EXACT_COLUMN_COPY_NO_RECALCULATION
BRCA	CAMP_BRCA1_Terunuma	03_PATIENT	20260921T150000Z_mapping262_patient_v1	mapping262_patient_v1	paired_RNA150	NA	NA	SDHB	author_case_row	45.0	45.0	mean_tumor_minus_normal_author_expression_scale	-0.07451217731764868	-0.19952460184702797	0.05050024721173062	0.23608605466304114	0.3256830855793898	paired_RNA150	148.0	DONE	paired_t_on_author_scale;not_protein_or_flux	CAMP_GSE37751_original_author_case_table	results/BRCA/03_PATIENT/20260921T150000Z_mapping262_patient_v1/paired_RNA150.tsv	5f78d08a696d5fac3d95c697b0eb05358cfa1868	EXACT_COLUMN_COPY_NO_RECALCULATION
BRCA	CAMP_BRCA1_Terunuma	03_PATIENT	20260921T150000Z_mapping262_patient_v1	mapping262_patient_v1	paired_RNA150	NA	NA	SDHC	author_case_row	45.0	45.0	mean_tumor_minus_normal_author_expression_scale	0.023092139496907808	-0.14445963774274678	0.1906439167365624	0.7824977479396436	0.8331630697486853	paired_RNA150	148.0	DONE	paired_t_on_author_scale;not_protein_or_flux	CAMP_GSE37751_original_author_case_table	results/BRCA/03_PATIENT/20260921T150000Z_mapping262_patient_v1/paired_RNA150.tsv	5f78d08a696d5fac3d95c697b0eb05358cfa1868	EXACT_COLUMN_COPY_NO_RECALCULATION
BRCA	CAMP_BRCA1_Terunuma	03_PATIENT	20260921T150000Z_mapping262_patient_v1	mapping262_patient_v1	paired_RNA150	NA	NA	SDHD	author_case_row	45.0	45.0	mean_tumor_minus_normal_author_expression_scale	-0.2330178036080945	-0.34670543491939243	-0.11933017229679654	0.00015910995246968038	0.0005351880219434703	paired_RNA150	148.0	DONE	paired_t_on_author_scale;not_protein_or_flux	CAMP_GSE37751_original_author_case_table	results/BRCA/03_PATIENT/20260921T150000Z_mapping262_patient_v1/paired_RNA150.tsv	5f78d08a696d5fac3d95c697b0eb05358cfa1868	EXACT_COLUMN_COPY_NO_RECALCULATION
BRCA	CAMP_BRCA1_Terunuma	03_PATIENT	20260921T150000Z_mapping262_patient_v1	mapping262_patient_v1	paired_RNA150	NA	NA	SHMT1	author_case_row	45.0	45.0	mean_tumor_minus_normal_author_expression_scale	-0.7265482454608492	-0.9208091291305752	-0.5322873617911231	1.877572404043361e-09	3.087563508871305e-08	paired_RNA150	148.0	DONE	paired_t_on_author_scale;not_protein_or_flux	CAMP_GSE37751_original_author_case_table	results/BRCA/03_PATIENT/20260921T150000Z_mapping262_patient_v1/paired_RNA150.tsv	5f78d08a696d5fac3d95c697b0eb05358cfa1868	EXACT_COLUMN_COPY_NO_RECALCULATION
BRCA	CAMP_BRCA1_Terunuma	03_PATIENT	20260921T150000Z_mapping262_patient_v1	mapping262_patient_v1	paired_RNA150	NA	NA	SHMT2	author_case_row	45.0	45.0	mean_tumor_minus_normal_author_expression_scale	0.4723285378425518	0.3251922201959879	0.6194648554891158	6.875892110730186e-08	6.360200202425422e-07	paired_RNA150	148.0	DONE	paired_t_on_author_scale;not_protein_or_flux	CAMP_GSE37751_original_author_case_table	results/BRCA/03_PATIENT/20260921T150000Z_mapping262_patient_v1/paired_RNA150.tsv	5f78d08a696d5fac3d95c697b0eb05358cfa1868	EXACT_COLUMN_COPY_NO_RECALCULATION
BRCA	CAMP_BRCA1_Terunuma	03_PATIENT	20260921T150000Z_mapping262_patient_v1	mapping262_patient_v1	paired_RNA150	NA	NA	SLC13A3	author_case_row	45.0	45.0	mean_tumor_minus_normal_author_expression_scale	0.13605912154772826	0.005453746315108199	0.2666644967803483	0.041540272603439926	0.07407181138926637	paired_RNA150	148.0	DONE	paired_t_on_author_scale;not_protein_or_flux	CAMP_GSE37751_original_author_case_table	results/BRCA/03_PATIENT/20260921T150000Z_mapping262_patient_v1/paired_RNA150.tsv	5f78d08a696d5fac3d95c697b0eb05358cfa1868	EXACT_COLUMN_COPY_NO_RECALCULATION
BRCA	CAMP_BRCA1_Terunuma	03_PATIENT	20260921T150000Z_mapping262_patient_v1	mapping262_patient_v1	paired_RNA150	NA	NA	SLC22A2	author_case_row	45.0	45.0	mean_tumor_minus_normal_author_expression_scale	-0.04075373207082425	-0.09626455169578509	0.014757087554136586	0.14610503929403187	0.21623545815516718	paired_RNA150	148.0	DONE	paired_t_on_author_scale;not_protein_or_flux	CAMP_GSE37751_original_author_case_table	results/BRCA/03_PATIENT/20260921T150000Z_mapping262_patient_v1/paired_RNA150.tsv	5f78d08a696d5fac3d95c697b0eb05358cfa1868	EXACT_COLUMN_COPY_NO_RECALCULATION
BRCA	CAMP_BRCA1_Terunuma	03_PATIENT	20260921T150000Z_mapping262_patient_v1	mapping262_patient_v1	paired_RNA150	NA	NA	SLC22A4	author_case_row	45.0	45.0	mean_tumor_minus_normal_author_expression_scale	0.0799414618599378	-0.11108571344631177	0.27096863716618735	0.4035692137792942	0.4895757675355372	paired_RNA150	148.0	DONE	paired_t_on_author_scale;not_protein_or_flux	CAMP_GSE37751_original_author_case_table	results/BRCA/03_PATIENT/20260921T150000Z_mapping262_patient_v1/paired_RNA150.tsv	5f78d08a696d5fac3d95c697b0eb05358cfa1868	EXACT_COLUMN_COPY_NO_RECALCULATION
BRCA	CAMP_BRCA1_Terunuma	03_PATIENT	20260921T150000Z_mapping262_patient_v1	mapping262_patient_v1	paired_RNA150	NA	NA	SLC25A10	author_case_row	45.0	45.0	mean_tumor_minus_normal_author_expression_scale	0.10193052616674064	-0.0961749643298459	0.3000360166633272	0.30541989787267687	0.3930621294361407	paired_RNA150	148.0	DONE	paired_t_on_author_scale;not_protein_or_flux	CAMP_GSE37751_original_author_case_table	results/BRCA/03_PATIENT/20260921T150000Z_mapping262_patient_v1/paired_RNA150.tsv	5f78d08a696d5fac3d95c697b0eb05358cfa1868	EXACT_COLUMN_COPY_NO_RECALCULATION
BRCA	CAMP_BRCA1_Terunuma	03_PATIENT	20260921T150000Z_mapping262_patient_v1	mapping262_patient_v1	paired_RNA150	NA	NA	SLC25A20	author_case_row	45.0	45.0	mean_tumor_minus_normal_author_expression_scale	-0.5669573449518149	-0.7813380428763068	-0.352576647027323	3.2210488699091483e-06	1.765611973135385e-05	paired_RNA150	148.0	DONE	paired_t_on_author_scale;not_protein_or_flux	CAMP_GSE37751_original_author_case_table	results/BRCA/03_PATIENT/20260921T150000Z_mapping262_patient_v1/paired_RNA150.tsv	5f78d08a696d5fac3d95c697b0eb05358cfa1868	EXACT_COLUMN_COPY_NO_RECALCULATION
BRCA	CAMP_BRCA1_Terunuma	03_PATIENT	20260921T150000Z_mapping262_patient_v1	mapping262_patient_v1	paired_RNA150	NA	NA	SLC29A2	author_case_row	45.0	45.0	mean_tumor_minus_normal_author_expression_scale	0.24023213395648085	0.10576279364563304	0.3747014742673287	0.0008021820360004462	0.0021985729875567787	paired_RNA150	148.0	DONE	paired_t_on_author_scale;not_protein_or_flux	CAMP_GSE37751_original_author_case_table	results/BRCA/03_PATIENT/20260921T150000Z_mapping262_patient_v1/paired_RNA150.tsv	5f78d08a696d5fac3d95c697b0eb05358cfa1868	EXACT_COLUMN_COPY_NO_RECALCULATION
BRCA	CAMP_BRCA1_Terunuma	03_PATIENT	20260921T150000Z_mapping262_patient_v1	mapping262_patient_v1	paired_RNA150	NA	NA	SLC47A1	author_case_row	45.0	45.0	mean_tumor_minus_normal_author_expression_scale	-0.019992495131016398	-0.23720368551410687	0.19721869525207408	0.8536909883503938	0.8897624385623824	paired_RNA150	148.0	DONE	paired_t_on_author_scale;not_protein_or_flux	CAMP_GSE37751_original_author_case_table	results/BRCA/03_PATIENT/20260921T150000Z_mapping262_patient_v1/paired_RNA150.tsv	5f78d08a696d5fac3d95c697b0eb05358cfa1868	EXACT_COLUMN_COPY_NO_RECALCULATION
BRCA	CAMP_BRCA1_Terunuma	03_PATIENT	20260921T150000Z_mapping262_patient_v1	mapping262_patient_v1	paired_RNA150	NA	NA	SLC47A2	author_case_row	45.0	45.0	mean_tumor_minus_normal_author_expression_scale	-0.024598934176537114	-0.08758542694556751	0.03838755859249327	0.4354497860552847	0.5155725466894571	paired_RNA150	148.0	DONE	paired_t_on_author_scale;not_protein_or_flux	CAMP_GSE37751_original_author_case_table	results/BRCA/03_PATIENT/20260921T150000Z_mapping262_patient_v1/paired_RNA150.tsv	5f78d08a696d5fac3d95c697b0eb05358cfa1868	EXACT_COLUMN_COPY_NO_RECALCULATION
BRCA	CAMP_BRCA1_Terunuma	03_PATIENT	20260921T150000Z_mapping262_patient_v1	mapping262_patient_v1	paired_RNA150	NA	NA	SLC5A10	author_case_row	45.0	45.0	mean_tumor_minus_normal_author_expression_scale	0.09995290891678822	0.04562094772014181	0.15428487011343464	0.0005827604630389611	0.0016586259332647354	paired_RNA150	148.0	DONE	paired_t_on_author_scale;not_protein_or_flux	CAMP_GSE37751_original_author_case_table	results/BRCA/03_PATIENT/20260921T150000Z_mapping262_patient_v1/paired_RNA150.tsv	5f78d08a696d5fac3d95c697b0eb05358cfa1868	EXACT_COLUMN_COPY_NO_RECALCULATION
BRCA	CAMP_BRCA1_Terunuma	03_PATIENT	20260921T150000Z_mapping262_patient_v1	mapping262_patient_v1	paired_RNA150	NA	NA	SLC6A6	author_case_row	45.0	45.0	mean_tumor_minus_normal_author_expression_scale	0.5116518993967609	0.3512807938703827	0.6720230049231392	7.867018850111779e-08	6.848934057744371e-07	paired_RNA150	148.0	DONE	paired_t_on_author_scale;not_protein_or_flux	CAMP_GSE37751_original_author_case_table	results/BRCA/03_PATIENT/20260921T150000Z_mapping262_patient_v1/paired_RNA150.tsv	5f78d08a696d5fac3d95c697b0eb05358cfa1868	EXACT_COLUMN_COPY_NO_RECALCULATION
BRCA	CAMP_BRCA1_Terunuma	03_PATIENT	20260921T150000Z_mapping262_patient_v1	mapping262_patient_v1	paired_RNA150	NA	NA	SLC6A8	author_case_row	45.0	45.0	mean_tumor_minus_normal_author_expression_scale	-0.0329812243195316	-0.2446791533457017	0.1787167047066383	0.7550187421791332	0.8216380429596449	paired_RNA150	148.0	DONE	paired_t_on_author_scale;not_protein_or_flux	CAMP_GSE37751_original_author_case_table	results/BRCA/03_PATIENT/20260921T150000Z_mapping262_patient_v1/paired_RNA150.tsv	5f78d08a696d5fac3d95c697b0eb05358cfa1868	EXACT_COLUMN_COPY_NO_RECALCULATION
BRCA	CAMP_BRCA1_Terunuma	03_PATIENT	20260921T150000Z_mapping262_patient_v1	mapping262_patient_v1	paired_RNA150	NA	NA	SLC7A11	author_case_row	45.0	45.0	mean_tumor_minus_normal_author_expression_scale	1.2809501595291426	0.990464968012311	1.5714353510459742	2.2298545746269763e-11	1.6500923852239625e-09	paired_RNA150	148.0	DONE	paired_t_on_author_scale;not_protein_or_flux	CAMP_GSE37751_original_author_case_table	results/BRCA/03_PATIENT/20260921T150000Z_mapping262_patient_v1/paired_RNA150.tsv	5f78d08a696d5fac3d95c697b0eb05358cfa1868	EXACT_COLUMN_COPY_NO_RECALCULATION
BRCA	CAMP_BRCA1_Terunuma	03_PATIENT	20260921T150000Z_mapping262_patient_v1	mapping262_patient_v1	paired_RNA150	NA	NA	SOAT1	author_case_row	45.0	45.0	mean_tumor_minus_normal_author_expression_scale	0.2400752232621015	0.0205429976680356	0.4596074488561675	0.0328047383462456	0.06068876594055436	paired_RNA150	148.0	DONE	paired_t_on_author_scale;not_protein_or_flux	CAMP_GSE37751_original_author_case_table	results/BRCA/03_PATIENT/20260921T150000Z_mapping262_patient_v1/paired_RNA150.tsv	5f78d08a696d5fac3d95c697b0eb05358cfa1868	EXACT_COLUMN_COPY_NO_RECALCULATION
BRCA	CAMP_BRCA1_Terunuma	03_PATIENT	20260921T150000Z_mapping262_patient_v1	mapping262_patient_v1	paired_RNA150	NA	NA	SOAT2	author_case_row	45.0	45.0	mean_tumor_minus_normal_author_expression_scale	-0.0546034854866219	-0.1226621985961453	0.0134552276229014	0.1130416991592804	0.17247599459354124	paired_RNA150	148.0	DONE	paired_t_on_author_scale;not_protein_or_flux	CAMP_GSE37751_original_author_case_table	results/BRCA/03_PATIENT/20260921T150000Z_mapping262_patient_v1/paired_RNA150.tsv	5f78d08a696d5fac3d95c697b0eb05358cfa1868	EXACT_COLUMN_COPY_NO_RECALCULATION
BRCA	CAMP_BRCA1_Terunuma	03_PATIENT	20260921T150000Z_mapping262_patient_v1	mapping262_patient_v1	paired_RNA150	NA	NA	SORD	author_case_row	45.0	45.0	mean_tumor_minus_normal_author_expression_scale	0.8662007570137079	0.4959194837292667	1.236482030298149	2.459954248617197e-05	0.00010402092251295577	paired_RNA150	148.0	DONE	paired_t_on_author_scale;not_protein_or_flux	CAMP_GSE37751_original_author_case_table	results/BRCA/03_PATIENT/20260921T150000Z_mapping262_patient_v1/paired_RNA150.tsv	5f78d08a696d5fac3d95c697b0eb05358cfa1868	EXACT_COLUMN_COPY_NO_RECALCULATION
BRCA	CAMP_BRCA1_Terunuma	03_PATIENT	20260921T150000Z_mapping262_patient_v1	mapping262_patient_v1	paired_RNA150	NA	NA	SPHK1	author_case_row	45.0	45.0	mean_tumor_minus_normal_author_expression_scale	0.4150709114376373	0.1984050071855925	0.6317368156896822	0.0003664532801232	0.0011790235969181219	paired_RNA150	148.0	DONE	paired_t_on_author_scale;not_protein_or_flux	CAMP_GSE37751_original_author_case_table	results/BRCA/03_PATIENT/20260921T150000Z_mapping262_patient_v1/paired_RNA150.tsv	5f78d08a696d5fac3d95c697b0eb05358cfa1868	EXACT_COLUMN_COPY_NO_RECALCULATION
BRCA	CAMP_BRCA1_Terunuma	03_PATIENT	20260921T150000Z_mapping262_patient_v1	mapping262_patient_v1	paired_RNA150	NA	NA	SPHK2	author_case_row	45.0	45.0	mean_tumor_minus_normal_author_expression_scale	0.1148621634238855	0.0603562805925275	0.1693680462552435	0.0001103817622085	0.00039845123919165853	paired_RNA150	148.0	DONE	paired_t_on_author_scale;not_protein_or_flux	CAMP_GSE37751_original_author_case_table	results/BRCA/03_PATIENT/20260921T150000Z_mapping262_patient_v1/paired_RNA150.tsv	5f78d08a696d5fac3d95c697b0eb05358cfa1868	EXACT_COLUMN_COPY_NO_RECALCULATION
BRCA	CAMP_BRCA1_Terunuma	03_PATIENT	20260921T150000Z_mapping262_patient_v1	mapping262_patient_v1	paired_RNA150	NA	NA	SQLE	author_case_row	45.0	45.0	mean_tumor_minus_normal_author_expression_scale	1.2560884895186306	0.9279399330529126	1.584237045984349	1.0407036229706551e-09	2.200344802852242e-08	paired_RNA150	148.0	DONE	paired_t_on_author_scale;not_protein_or_flux	CAMP_GSE37751_original_author_case_table	results/BRCA/03_PATIENT/20260921T150000Z_mapping262_patient_v1/paired_RNA150.tsv	5f78d08a696d5fac3d95c697b0eb05358cfa1868	EXACT_COLUMN_COPY_NO_RECALCULATION
BRCA	CAMP_BRCA1_Terunuma	03_PATIENT	20260921T150000Z_mapping262_patient_v1	mapping262_patient_v1	paired_RNA150	NA	NA	SUCLA2	author_case_row	45.0	45.0	mean_tumor_minus_normal_author_expression_scale	-0.6451199263099162	-0.8207471385384046	-0.46949271408142784	2.947396150687195e-09	4.362146303017049e-08	paired_RNA150	148.0	DONE	paired_t_on_author_scale;not_protein_or_flux	CAMP_GSE37751_original_author_case_table	results/BRCA/03_PATIENT/20260921T150000Z_mapping262_patient_v1/paired_RNA150.tsv	5f78d08a696d5fac3d95c697b0eb05358cfa1868	EXACT_COLUMN_COPY_NO_RECALCULATION
BRCA	CAMP_BRCA1_Terunuma	03_PATIENT	20260921T150000Z_mapping262_patient_v1	mapping262_patient_v1	paired_RNA150	NA	NA	SUCLG1	author_case_row	45.0	45.0	mean_tumor_minus_normal_author_expression_scale	-0.5027624465522206	-0.6641662646479828	-0.34135862845645837	1.3174066241738883e-07	1.0653930837639473e-06	paired_RNA150	148.0	DONE	paired_t_on_author_scale;not_protein_or_flux	CAMP_GSE37751_original_author_case_table	results/BRCA/03_PATIENT/20260921T150000Z_mapping262_patient_v1/paired_RNA150.tsv	5f78d08a696d5fac3d95c697b0eb05358cfa1868	EXACT_COLUMN_COPY_NO_RECALCULATION
BRCA	CAMP_BRCA1_Terunuma	03_PATIENT	20260921T150000Z_mapping262_patient_v1	mapping262_patient_v1	paired_RNA150	NA	NA	SUCLG2	author_case_row	45.0	45.0	mean_tumor_minus_normal_author_expression_scale	-0.3106013115572844	-0.4395370885694353	-0.18166553454513346	1.5544330039985235e-05	6.971396502781257e-05	paired_RNA150	148.0	DONE	paired_t_on_author_scale;not_protein_or_flux	CAMP_GSE37751_original_author_case_table	results/BRCA/03_PATIENT/20260921T150000Z_mapping262_patient_v1/paired_RNA150.tsv	5f78d08a696d5fac3d95c697b0eb05358cfa1868	EXACT_COLUMN_COPY_NO_RECALCULATION
BRCA	CAMP_BRCA1_Terunuma	03_PATIENT	20260921T150000Z_mapping262_patient_v1	mapping262_patient_v1	paired_RNA150	NA	NA	TAT	author_case_row	45.0	45.0	mean_tumor_minus_normal_author_expression_scale	-0.3488814725870827	-1.20525092587596	0.5074879807017945	0.416042768811988	0.5004463925820088	paired_RNA150	148.0	DONE	paired_t_on_author_scale;not_protein_or_flux	CAMP_GSE37751_original_author_case_table	results/BRCA/03_PATIENT/20260921T150000Z_mapping262_patient_v1/paired_RNA150.tsv	5f78d08a696d5fac3d95c697b0eb05358cfa1868	EXACT_COLUMN_COPY_NO_RECALCULATION
BRCA	CAMP_BRCA1_Terunuma	03_PATIENT	20260921T150000Z_mapping262_patient_v1	mapping262_patient_v1	paired_RNA150	NA	NA	UPB1	author_case_row	45.0	45.0	mean_tumor_minus_normal_author_expression_scale	0.0542077467361991	-0.0007567189907195	0.1091722124631178	0.0530992595200474	0.09138012103450018	paired_RNA150	148.0	DONE	paired_t_on_author_scale;not_protein_or_flux	CAMP_GSE37751_original_author_case_table	results/BRCA/03_PATIENT/20260921T150000Z_mapping262_patient_v1/paired_RNA150.tsv	5f78d08a696d5fac3d95c697b0eb05358cfa1868	EXACT_COLUMN_COPY_NO_RECALCULATION
BRCA	CAMP_BRCA1_Terunuma	03_PATIENT	20260921T150000Z_mapping262_patient_v1	mapping262_patient_v1	paired_RNA150	NA	NA	UPP1	author_case_row	45.0	45.0	mean_tumor_minus_normal_author_expression_scale	0.001931760021725	-0.1559119054681905	0.1597754255116406	0.9804337345849105	0.9871033518269847	paired_RNA150	148.0	DONE	paired_t_on_author_scale;not_protein_or_flux	CAMP_GSE37751_original_author_case_table	results/BRCA/03_PATIENT/20260921T150000Z_mapping262_patient_v1/paired_RNA150.tsv	5f78d08a696d5fac3d95c697b0eb05358cfa1868	EXACT_COLUMN_COPY_NO_RECALCULATION
BRCA	CAMP_BRCA1_Terunuma	03_PATIENT	20260921T150000Z_mapping262_patient_v1	mapping262_patient_v1	paired_RNA150	NA	NA	UPP2	author_case_row	45.0	45.0	mean_tumor_minus_normal_author_expression_scale	0.0293286761348755	-0.031511211534769	0.09016856380452	0.3365928543890907	0.4186196844502977	paired_RNA150	148.0	DONE	paired_t_on_author_scale;not_protein_or_flux	CAMP_GSE37751_original_author_case_table	results/BRCA/03_PATIENT/20260921T150000Z_mapping262_patient_v1/paired_RNA150.tsv	5f78d08a696d5fac3d95c697b0eb05358cfa1868	EXACT_COLUMN_COPY_NO_RECALCULATION
