cancer	cohort	stage_id	run_id	analysis_version	analysis_type	metabolite_key	metabolite_name	gene	unit	n	n_reference	effect_type	effect	ci_lower	ci_upper	p_value	q_value	test_family	family_n_evaluable	status	reason	source_id	human_gene_id	original_effect	original_q	identity_review_status	detail_source
COAD	COAD	02_MAPPING	20260919T112700Z_shared_delivery_v1	coad_biochemical_v0.1_shared_view_v1	biochemical_annotation_view	KEGG:C05127	1-methylhistamine	AOC1	feature_gene_pair	NA	NA	NA	NA	NA	NA	NA	NA	NA	NA	NEEDS_REVIEW	REACTION_ANNOTATION_SUPPORTED_PROVISIONAL	reports/COAD/current_catalog_v0_1/candidate_catalog.json	hsa:26	-0.596838488935626	0.0258711210739767	ORIGINAL_KEGG_NAME_COMPATIBLE	reports/COAD/current_catalog_v0_1/candidate_catalog.json
COAD	COAD	02_MAPPING	20260919T112700Z_shared_delivery_v1	coad_biochemical_v0.1_shared_view_v1	biochemical_annotation_view	KEGG:C05127	1-methylhistamine	HNMT	feature_gene_pair	NA	NA	NA	NA	NA	NA	NA	NA	NA	NA	NEEDS_REVIEW	REACTION_ANNOTATION_SUPPORTED_PROVISIONAL	reports/COAD/current_catalog_v0_1/candidate_catalog.json	hsa:3176	-0.596838488935626	0.0258711210739767	ORIGINAL_KEGG_NAME_COMPATIBLE	reports/COAD/current_catalog_v0_1/candidate_catalog.json
COAD	COAD	02_MAPPING	20260919T112700Z_shared_delivery_v1	coad_biochemical_v0.1_shared_view_v1	biochemical_annotation_view	KEGG:C05127	1-methylhistamine	MAOA	feature_gene_pair	NA	NA	NA	NA	NA	NA	NA	NA	NA	NA	NEEDS_REVIEW	REACTION_SPECIFICITY_PENDING	reports/COAD/current_catalog_v0_1/candidate_catalog.json	hsa:4128	-0.596838488935626	0.0258711210739767	ORIGINAL_KEGG_NAME_COMPATIBLE	reports/COAD/current_catalog_v0_1/candidate_catalog.json
COAD	COAD	02_MAPPING	20260919T112700Z_shared_delivery_v1	coad_biochemical_v0.1_shared_view_v1	biochemical_annotation_view	KEGG:C05127	1-methylhistamine	MAOB	feature_gene_pair	NA	NA	NA	NA	NA	NA	NA	NA	NA	NA	NEEDS_REVIEW	REACTION_SPECIFICITY_PENDING	reports/COAD/current_catalog_v0_1/candidate_catalog.json	hsa:4129	-0.596838488935626	0.0258711210739767	ORIGINAL_KEGG_NAME_COMPATIBLE	reports/COAD/current_catalog_v0_1/candidate_catalog.json
COAD	COAD	02_MAPPING	20260919T112700Z_shared_delivery_v1	coad_biochemical_v0.1_shared_view_v1	biochemical_annotation_view	KEGG:C02918	1-methylnicotinamide	AOX1	feature_gene_pair	NA	NA	NA	NA	NA	NA	NA	NA	NA	NA	NEEDS_REVIEW	REACTION_SPECIFICITY_PENDING	reports/COAD/current_catalog_v0_1/candidate_catalog.json	hsa:316	0.736754320620112	0.0104274039204103	ORIGINAL_KEGG_NAME_COMPATIBLE	reports/COAD/current_catalog_v0_1/candidate_catalog.json
COAD	COAD	02_MAPPING	20260919T112700Z_shared_delivery_v1	coad_biochemical_v0.1_shared_view_v1	biochemical_annotation_view	KEGG:C02918	1-methylnicotinamide	NNMT	feature_gene_pair	NA	NA	NA	NA	NA	NA	NA	NA	NA	NA	NEEDS_REVIEW	REACTION_ANNOTATION_SUPPORTED_PROVISIONAL	reports/COAD/current_catalog_v0_1/candidate_catalog.json	hsa:4837	0.736754320620112	0.0104274039204103	ORIGINAL_KEGG_NAME_COMPATIBLE	reports/COAD/current_catalog_v0_1/candidate_catalog.json
COAD	COAD	02_MAPPING	20260919T112700Z_shared_delivery_v1	coad_biochemical_v0.1_shared_view_v1	biochemical_annotation_view	KEGG:C02918	1-methylnicotinamide	SLC22A1	feature_gene_pair	NA	NA	NA	NA	NA	NA	NA	NA	NA	NA	NEEDS_REVIEW	REACTION_ANNOTATION_SUPPORTED_PROVISIONAL	reports/COAD/current_catalog_v0_1/candidate_catalog.json	hsa:6580	0.736754320620112	0.0104274039204103	ORIGINAL_KEGG_NAME_COMPATIBLE	reports/COAD/current_catalog_v0_1/candidate_catalog.json
COAD	COAD	02_MAPPING	20260919T112700Z_shared_delivery_v1	coad_biochemical_v0.1_shared_view_v1	biochemical_annotation_view	KEGG:C02918	1-methylnicotinamide	SLC22A2	feature_gene_pair	NA	NA	NA	NA	NA	NA	NA	NA	NA	NA	NEEDS_REVIEW	REACTION_ANNOTATION_SUPPORTED_PROVISIONAL	reports/COAD/current_catalog_v0_1/candidate_catalog.json	hsa:6582	0.736754320620112	0.0104274039204103	ORIGINAL_KEGG_NAME_COMPATIBLE	reports/COAD/current_catalog_v0_1/candidate_catalog.json
COAD	COAD	02_MAPPING	20260919T112700Z_shared_delivery_v1	coad_biochemical_v0.1_shared_view_v1	biochemical_annotation_view	KEGG:C00631	2-phosphoglycerate	BPGM	feature_gene_pair	NA	NA	NA	NA	NA	NA	NA	NA	NA	NA	NEEDS_REVIEW	REACTION_ANNOTATION_SUPPORTED_PROVISIONAL	reports/COAD/current_catalog_v0_1/candidate_catalog.json	hsa:669	-1.44511128689612	2.1849625495186e-06	ORIGINAL_KEGG_NAME_COMPATIBLE	reports/COAD/current_catalog_v0_1/candidate_catalog.json
COAD	COAD	02_MAPPING	20260919T112700Z_shared_delivery_v1	coad_biochemical_v0.1_shared_view_v1	biochemical_annotation_view	KEGG:C00631	2-phosphoglycerate	ENO1	feature_gene_pair	NA	NA	NA	NA	NA	NA	NA	NA	NA	NA	NEEDS_REVIEW	REACTION_ANNOTATION_SUPPORTED_PROVISIONAL	reports/COAD/current_catalog_v0_1/candidate_catalog.json	hsa:2023	-1.44511128689612	2.1849625495186e-06	ORIGINAL_KEGG_NAME_COMPATIBLE	reports/COAD/current_catalog_v0_1/candidate_catalog.json
COAD	COAD	02_MAPPING	20260919T112700Z_shared_delivery_v1	coad_biochemical_v0.1_shared_view_v1	biochemical_annotation_view	KEGG:C00631	2-phosphoglycerate	ENO2	feature_gene_pair	NA	NA	NA	NA	NA	NA	NA	NA	NA	NA	NEEDS_REVIEW	REACTION_ANNOTATION_SUPPORTED_PROVISIONAL	reports/COAD/current_catalog_v0_1/candidate_catalog.json	hsa:2026	-1.44511128689612	2.1849625495186e-06	ORIGINAL_KEGG_NAME_COMPATIBLE	reports/COAD/current_catalog_v0_1/candidate_catalog.json
COAD	COAD	02_MAPPING	20260919T112700Z_shared_delivery_v1	coad_biochemical_v0.1_shared_view_v1	biochemical_annotation_view	KEGG:C00631	2-phosphoglycerate	ENO3	feature_gene_pair	NA	NA	NA	NA	NA	NA	NA	NA	NA	NA	NEEDS_REVIEW	REACTION_ANNOTATION_SUPPORTED_PROVISIONAL	reports/COAD/current_catalog_v0_1/candidate_catalog.json	hsa:2027	-1.44511128689612	2.1849625495186e-06	ORIGINAL_KEGG_NAME_COMPATIBLE	reports/COAD/current_catalog_v0_1/candidate_catalog.json
COAD	COAD	02_MAPPING	20260919T112700Z_shared_delivery_v1	coad_biochemical_v0.1_shared_view_v1	biochemical_annotation_view	KEGG:C00631	2-phosphoglycerate	ENO4	feature_gene_pair	NA	NA	NA	NA	NA	NA	NA	NA	NA	NA	NEEDS_REVIEW	REACTION_ANNOTATION_SUPPORTED_PROVISIONAL	reports/COAD/current_catalog_v0_1/candidate_catalog.json	hsa:387712	-1.44511128689612	2.1849625495186e-06	ORIGINAL_KEGG_NAME_COMPATIBLE	reports/COAD/current_catalog_v0_1/candidate_catalog.json
COAD	COAD	02_MAPPING	20260919T112700Z_shared_delivery_v1	coad_biochemical_v0.1_shared_view_v1	biochemical_annotation_view	KEGG:C00631	2-phosphoglycerate	GLYCTK	feature_gene_pair	NA	NA	NA	NA	NA	NA	NA	NA	NA	NA	NEEDS_REVIEW	REACTION_SPECIFICITY_PENDING	reports/COAD/current_catalog_v0_1/candidate_catalog.json	hsa:132158	-1.44511128689612	2.1849625495186e-06	ORIGINAL_KEGG_NAME_COMPATIBLE	reports/COAD/current_catalog_v0_1/candidate_catalog.json
COAD	COAD	02_MAPPING	20260919T112700Z_shared_delivery_v1	coad_biochemical_v0.1_shared_view_v1	biochemical_annotation_view	KEGG:C00631	2-phosphoglycerate	MINPP1	feature_gene_pair	NA	NA	NA	NA	NA	NA	NA	NA	NA	NA	NEEDS_REVIEW	REACTION_ANNOTATION_SUPPORTED_PROVISIONAL	reports/COAD/current_catalog_v0_1/candidate_catalog.json	hsa:9562	-1.44511128689612	2.1849625495186e-06	ORIGINAL_KEGG_NAME_COMPATIBLE	reports/COAD/current_catalog_v0_1/candidate_catalog.json
COAD	COAD	02_MAPPING	20260919T112700Z_shared_delivery_v1	coad_biochemical_v0.1_shared_view_v1	biochemical_annotation_view	KEGG:C00631	2-phosphoglycerate	PGAM1	feature_gene_pair	NA	NA	NA	NA	NA	NA	NA	NA	NA	NA	NEEDS_REVIEW	REACTION_ANNOTATION_SUPPORTED_PROVISIONAL	reports/COAD/current_catalog_v0_1/candidate_catalog.json	hsa:5223	-1.44511128689612	2.1849625495186e-06	ORIGINAL_KEGG_NAME_COMPATIBLE	reports/COAD/current_catalog_v0_1/candidate_catalog.json
COAD	COAD	02_MAPPING	20260919T112700Z_shared_delivery_v1	coad_biochemical_v0.1_shared_view_v1	biochemical_annotation_view	KEGG:C00631	2-phosphoglycerate	PGAM2	feature_gene_pair	NA	NA	NA	NA	NA	NA	NA	NA	NA	NA	NEEDS_REVIEW	REACTION_ANNOTATION_SUPPORTED_PROVISIONAL	reports/COAD/current_catalog_v0_1/candidate_catalog.json	hsa:5224	-1.44511128689612	2.1849625495186e-06	ORIGINAL_KEGG_NAME_COMPATIBLE	reports/COAD/current_catalog_v0_1/candidate_catalog.json
COAD	COAD	02_MAPPING	20260919T112700Z_shared_delivery_v1	coad_biochemical_v0.1_shared_view_v1	biochemical_annotation_view	KEGG:C00631	2-phosphoglycerate	PGAM4	feature_gene_pair	NA	NA	NA	NA	NA	NA	NA	NA	NA	NA	NEEDS_REVIEW	REACTION_ANNOTATION_SUPPORTED_PROVISIONAL	reports/COAD/current_catalog_v0_1/candidate_catalog.json	hsa:441531	-1.44511128689612	2.1849625495186e-06	ORIGINAL_KEGG_NAME_COMPATIBLE	reports/COAD/current_catalog_v0_1/candidate_catalog.json
COAD	COAD	02_MAPPING	20260919T112700Z_shared_delivery_v1	coad_biochemical_v0.1_shared_view_v1	biochemical_annotation_view	KEGG:C05147	3-hydroxyproline	L3HYPDH	feature_gene_pair	NA	NA	NA	NA	NA	NA	NA	NA	NA	NA	NEEDS_REVIEW	REACTION_ANNOTATION_SUPPORTED_PROVISIONAL	reports/COAD/current_catalog_v0_1/candidate_catalog.json	hsa:112849	0.611551652327855	0.0128731320770819	ORIGINAL_KEGG_NAME_COMPATIBLE	reports/COAD/current_catalog_v0_1/candidate_catalog.json
COAD	COAD	02_MAPPING	20260919T112700Z_shared_delivery_v1	coad_biochemical_v0.1_shared_view_v1	biochemical_annotation_view	KEGG:C00197	3PG	ACYP1	feature_gene_pair	NA	NA	NA	NA	NA	NA	NA	NA	NA	NA	NEEDS_REVIEW	REACTION_SPECIFICITY_PENDING	reports/COAD/current_catalog_v0_1/candidate_catalog.json	hsa:97	-1.62220266413497	2.50033886118489e-07	ORIGINAL_KEGG_NAME_COMPATIBLE	reports/COAD/current_catalog_v0_1/candidate_catalog.json
COAD	COAD	02_MAPPING	20260919T112700Z_shared_delivery_v1	coad_biochemical_v0.1_shared_view_v1	biochemical_annotation_view	KEGG:C00197	3PG	ACYP2	feature_gene_pair	NA	NA	NA	NA	NA	NA	NA	NA	NA	NA	NEEDS_REVIEW	REACTION_SPECIFICITY_PENDING	reports/COAD/current_catalog_v0_1/candidate_catalog.json	hsa:98	-1.62220266413497	2.50033886118489e-07	ORIGINAL_KEGG_NAME_COMPATIBLE	reports/COAD/current_catalog_v0_1/candidate_catalog.json
COAD	COAD	02_MAPPING	20260919T112700Z_shared_delivery_v1	coad_biochemical_v0.1_shared_view_v1	biochemical_annotation_view	KEGG:C00197	3PG	BPGM	feature_gene_pair	NA	NA	NA	NA	NA	NA	NA	NA	NA	NA	NEEDS_REVIEW	REACTION_ANNOTATION_SUPPORTED_PROVISIONAL	reports/COAD/current_catalog_v0_1/candidate_catalog.json	hsa:669	-1.62220266413497	2.50033886118489e-07	ORIGINAL_KEGG_NAME_COMPATIBLE	reports/COAD/current_catalog_v0_1/candidate_catalog.json
COAD	COAD	02_MAPPING	20260919T112700Z_shared_delivery_v1	coad_biochemical_v0.1_shared_view_v1	biochemical_annotation_view	KEGG:C00197	3PG	PGAM1	feature_gene_pair	NA	NA	NA	NA	NA	NA	NA	NA	NA	NA	NEEDS_REVIEW	REACTION_ANNOTATION_SUPPORTED_PROVISIONAL	reports/COAD/current_catalog_v0_1/candidate_catalog.json	hsa:5223	-1.62220266413497	2.50033886118489e-07	ORIGINAL_KEGG_NAME_COMPATIBLE	reports/COAD/current_catalog_v0_1/candidate_catalog.json
COAD	COAD	02_MAPPING	20260919T112700Z_shared_delivery_v1	coad_biochemical_v0.1_shared_view_v1	biochemical_annotation_view	KEGG:C00197	3PG	PGAM2	feature_gene_pair	NA	NA	NA	NA	NA	NA	NA	NA	NA	NA	NEEDS_REVIEW	REACTION_ANNOTATION_SUPPORTED_PROVISIONAL	reports/COAD/current_catalog_v0_1/candidate_catalog.json	hsa:5224	-1.62220266413497	2.50033886118489e-07	ORIGINAL_KEGG_NAME_COMPATIBLE	reports/COAD/current_catalog_v0_1/candidate_catalog.json
COAD	COAD	02_MAPPING	20260919T112700Z_shared_delivery_v1	coad_biochemical_v0.1_shared_view_v1	biochemical_annotation_view	KEGG:C00197	3PG	PGAM4	feature_gene_pair	NA	NA	NA	NA	NA	NA	NA	NA	NA	NA	NEEDS_REVIEW	REACTION_ANNOTATION_SUPPORTED_PROVISIONAL	reports/COAD/current_catalog_v0_1/candidate_catalog.json	hsa:441531	-1.62220266413497	2.50033886118489e-07	ORIGINAL_KEGG_NAME_COMPATIBLE	reports/COAD/current_catalog_v0_1/candidate_catalog.json
COAD	COAD	02_MAPPING	20260919T112700Z_shared_delivery_v1	coad_biochemical_v0.1_shared_view_v1	biochemical_annotation_view	KEGG:C00197	3PG	PGK1	feature_gene_pair	NA	NA	NA	NA	NA	NA	NA	NA	NA	NA	NEEDS_REVIEW	REACTION_ANNOTATION_SUPPORTED_PROVISIONAL	reports/COAD/current_catalog_v0_1/candidate_catalog.json	hsa:5230	-1.62220266413497	2.50033886118489e-07	ORIGINAL_KEGG_NAME_COMPATIBLE	reports/COAD/current_catalog_v0_1/candidate_catalog.json
COAD	COAD	02_MAPPING	20260919T112700Z_shared_delivery_v1	coad_biochemical_v0.1_shared_view_v1	biochemical_annotation_view	KEGG:C00197	3PG	PGK2	feature_gene_pair	NA	NA	NA	NA	NA	NA	NA	NA	NA	NA	NEEDS_REVIEW	REACTION_ANNOTATION_SUPPORTED_PROVISIONAL	reports/COAD/current_catalog_v0_1/candidate_catalog.json	hsa:5232	-1.62220266413497	2.50033886118489e-07	ORIGINAL_KEGG_NAME_COMPATIBLE	reports/COAD/current_catalog_v0_1/candidate_catalog.json
COAD	COAD	02_MAPPING	20260919T112700Z_shared_delivery_v1	coad_biochemical_v0.1_shared_view_v1	biochemical_annotation_view	KEGG:C00197	3PG	PGM2L1	feature_gene_pair	NA	NA	NA	NA	NA	NA	NA	NA	NA	NA	NEEDS_REVIEW	REACTION_ANNOTATION_SUPPORTED_PROVISIONAL	reports/COAD/current_catalog_v0_1/candidate_catalog.json	hsa:283209	-1.62220266413497	2.50033886118489e-07	ORIGINAL_KEGG_NAME_COMPATIBLE	reports/COAD/current_catalog_v0_1/candidate_catalog.json
COAD	COAD	02_MAPPING	20260919T112700Z_shared_delivery_v1	coad_biochemical_v0.1_shared_view_v1	biochemical_annotation_view	KEGG:C00197	3PG	PHGDH	feature_gene_pair	NA	NA	NA	NA	NA	NA	NA	NA	NA	NA	NEEDS_REVIEW	REACTION_ANNOTATION_SUPPORTED_PROVISIONAL	reports/COAD/current_catalog_v0_1/candidate_catalog.json	hsa:26227	-1.62220266413497	2.50033886118489e-07	ORIGINAL_KEGG_NAME_COMPATIBLE	reports/COAD/current_catalog_v0_1/candidate_catalog.json
COAD	COAD	02_MAPPING	20260919T112700Z_shared_delivery_v1	coad_biochemical_v0.1_shared_view_v1	biochemical_annotation_view	KEGG:C00233	4-methyl-2-oxopentanoate	BCAT1	feature_gene_pair	NA	NA	NA	NA	NA	NA	NA	NA	NA	NA	NEEDS_REVIEW	REACTION_ANNOTATION_SUPPORTED_PROVISIONAL	reports/COAD/current_catalog_v0_1/candidate_catalog.json	hsa:586	-1.47479797958175	2.22833094147422e-06	ORIGINAL_KEGG_NAME_COMPATIBLE	reports/COAD/current_catalog_v0_1/candidate_catalog.json
COAD	COAD	02_MAPPING	20260919T112700Z_shared_delivery_v1	coad_biochemical_v0.1_shared_view_v1	biochemical_annotation_view	KEGG:C00233	4-methyl-2-oxopentanoate	BCAT2	feature_gene_pair	NA	NA	NA	NA	NA	NA	NA	NA	NA	NA	NEEDS_REVIEW	REACTION_ANNOTATION_SUPPORTED_PROVISIONAL	reports/COAD/current_catalog_v0_1/candidate_catalog.json	hsa:587	-1.47479797958175	2.22833094147422e-06	ORIGINAL_KEGG_NAME_COMPATIBLE	reports/COAD/current_catalog_v0_1/candidate_catalog.json
COAD	COAD	02_MAPPING	20260919T112700Z_shared_delivery_v1	coad_biochemical_v0.1_shared_view_v1	biochemical_annotation_view	KEGG:C00233	4-methyl-2-oxopentanoate	BCKDHA	feature_gene_pair	NA	NA	NA	NA	NA	NA	NA	NA	NA	NA	NEEDS_REVIEW	REACTION_ANNOTATION_SUPPORTED_PROVISIONAL	reports/COAD/current_catalog_v0_1/candidate_catalog.json	hsa:593	-1.47479797958175	2.22833094147422e-06	ORIGINAL_KEGG_NAME_COMPATIBLE	reports/COAD/current_catalog_v0_1/candidate_catalog.json
COAD	COAD	02_MAPPING	20260919T112700Z_shared_delivery_v1	coad_biochemical_v0.1_shared_view_v1	biochemical_annotation_view	KEGG:C00233	4-methyl-2-oxopentanoate	BCKDHB	feature_gene_pair	NA	NA	NA	NA	NA	NA	NA	NA	NA	NA	NEEDS_REVIEW	REACTION_ANNOTATION_SUPPORTED_PROVISIONAL	reports/COAD/current_catalog_v0_1/candidate_catalog.json	hsa:594	-1.47479797958175	2.22833094147422e-06	ORIGINAL_KEGG_NAME_COMPATIBLE	reports/COAD/current_catalog_v0_1/candidate_catalog.json
COAD	COAD	02_MAPPING	20260919T112700Z_shared_delivery_v1	coad_biochemical_v0.1_shared_view_v1	biochemical_annotation_view	KEGG:C00233	4-methyl-2-oxopentanoate	DBT	feature_gene_pair	NA	NA	NA	NA	NA	NA	NA	NA	NA	NA	NEEDS_REVIEW	REACTION_SPECIFICITY_PENDING	reports/COAD/current_catalog_v0_1/candidate_catalog.json	hsa:1629	-1.47479797958175	2.22833094147422e-06	ORIGINAL_KEGG_NAME_COMPATIBLE	reports/COAD/current_catalog_v0_1/candidate_catalog.json
COAD	COAD	02_MAPPING	20260919T112700Z_shared_delivery_v1	coad_biochemical_v0.1_shared_view_v1	biochemical_annotation_view	KEGG:C00233	4-methyl-2-oxopentanoate	DLD	feature_gene_pair	NA	NA	NA	NA	NA	NA	NA	NA	NA	NA	NEEDS_REVIEW	REACTION_SPECIFICITY_PENDING	reports/COAD/current_catalog_v0_1/candidate_catalog.json	hsa:1738	-1.47479797958175	2.22833094147422e-06	ORIGINAL_KEGG_NAME_COMPATIBLE	reports/COAD/current_catalog_v0_1/candidate_catalog.json
COAD	COAD	02_MAPPING	20260919T112700Z_shared_delivery_v1	coad_biochemical_v0.1_shared_view_v1	biochemical_annotation_view	KEGG:C00233	4-methyl-2-oxopentanoate	SLC16A1	feature_gene_pair	NA	NA	NA	NA	NA	NA	NA	NA	NA	NA	NEEDS_REVIEW	REACTION_ANNOTATION_SUPPORTED_PROVISIONAL	reports/COAD/current_catalog_v0_1/candidate_catalog.json	hsa:6566	-1.47479797958175	2.22833094147422e-06	ORIGINAL_KEGG_NAME_COMPATIBLE	reports/COAD/current_catalog_v0_1/candidate_catalog.json
COAD	COAD	02_MAPPING	20260919T112700Z_shared_delivery_v1	coad_biochemical_v0.1_shared_view_v1	biochemical_annotation_view	KEGG:C00233	4-methyl-2-oxopentanoate	SLC16A7	feature_gene_pair	NA	NA	NA	NA	NA	NA	NA	NA	NA	NA	NEEDS_REVIEW	REACTION_ANNOTATION_SUPPORTED_PROVISIONAL	reports/COAD/current_catalog_v0_1/candidate_catalog.json	hsa:9194	-1.47479797958175	2.22833094147422e-06	ORIGINAL_KEGG_NAME_COMPATIBLE	reports/COAD/current_catalog_v0_1/candidate_catalog.json
COAD	COAD	02_MAPPING	20260919T112700Z_shared_delivery_v1	coad_biochemical_v0.1_shared_view_v1	biochemical_annotation_view	KEGG:C00233	4-methyl-2-oxopentanoate	SLC5A8	feature_gene_pair	NA	NA	NA	NA	NA	NA	NA	NA	NA	NA	NEEDS_REVIEW	REACTION_ANNOTATION_SUPPORTED_PROVISIONAL	reports/COAD/current_catalog_v0_1/candidate_catalog.json	hsa:160728	-1.47479797958175	2.22833094147422e-06	ORIGINAL_KEGG_NAME_COMPATIBLE	reports/COAD/current_catalog_v0_1/candidate_catalog.json
COAD	COAD	02_MAPPING	20260919T112700Z_shared_delivery_v1	coad_biochemical_v0.1_shared_view_v1	biochemical_annotation_view	KEGG:C16741	5-hydroxylysine	HYKK	feature_gene_pair	NA	NA	NA	NA	NA	NA	NA	NA	NA	NA	NEEDS_REVIEW	REACTION_ANNOTATION_SUPPORTED_PROVISIONAL	reports/COAD/current_catalog_v0_1/candidate_catalog.json	hsa:123688	1.10235368258317	0.000106513585786417	ORIGINAL_KEGG_NAME_COMPATIBLE	reports/COAD/current_catalog_v0_1/candidate_catalog.json
COAD	COAD	02_MAPPING	20260919T112700Z_shared_delivery_v1	coad_biochemical_v0.1_shared_view_v1	biochemical_annotation_view	KEGG:C00170	5-methylthioadenosine (MTA)	DPH1	feature_gene_pair	NA	NA	NA	NA	NA	NA	NA	NA	NA	NA	NEEDS_REVIEW	REACTION_ANNOTATION_SUPPORTED_PROVISIONAL	reports/COAD/current_catalog_v0_1/candidate_catalog.json	hsa:1801	0.794416000324265	0.00110684292910678	ORIGINAL_KEGG_NAME_COMPATIBLE	reports/COAD/current_catalog_v0_1/candidate_catalog.json
COAD	COAD	02_MAPPING	20260919T112700Z_shared_delivery_v1	coad_biochemical_v0.1_shared_view_v1	biochemical_annotation_view	KEGG:C00170	5-methylthioadenosine (MTA)	LACC1	feature_gene_pair	NA	NA	NA	NA	NA	NA	NA	NA	NA	NA	NEEDS_REVIEW	REACTION_ANNOTATION_SUPPORTED_PROVISIONAL	reports/COAD/current_catalog_v0_1/candidate_catalog.json	hsa:144811	0.794416000324265	0.00110684292910678	ORIGINAL_KEGG_NAME_COMPATIBLE	reports/COAD/current_catalog_v0_1/candidate_catalog.json
COAD	COAD	02_MAPPING	20260919T112700Z_shared_delivery_v1	coad_biochemical_v0.1_shared_view_v1	biochemical_annotation_view	KEGG:C00170	5-methylthioadenosine (MTA)	MTAP	feature_gene_pair	NA	NA	NA	NA	NA	NA	NA	NA	NA	NA	NEEDS_REVIEW	REACTION_ANNOTATION_SUPPORTED_PROVISIONAL	reports/COAD/current_catalog_v0_1/candidate_catalog.json	hsa:4507	0.794416000324265	0.00110684292910678	ORIGINAL_KEGG_NAME_COMPATIBLE	reports/COAD/current_catalog_v0_1/candidate_catalog.json
COAD	COAD	02_MAPPING	20260919T112700Z_shared_delivery_v1	coad_biochemical_v0.1_shared_view_v1	biochemical_annotation_view	KEGG:C00170	5-methylthioadenosine (MTA)	SMS	feature_gene_pair	NA	NA	NA	NA	NA	NA	NA	NA	NA	NA	NEEDS_REVIEW	REACTION_ANNOTATION_SUPPORTED_PROVISIONAL	reports/COAD/current_catalog_v0_1/candidate_catalog.json	hsa:6611	0.794416000324265	0.00110684292910678	ORIGINAL_KEGG_NAME_COMPATIBLE	reports/COAD/current_catalog_v0_1/candidate_catalog.json
COAD	COAD	02_MAPPING	20260919T112700Z_shared_delivery_v1	coad_biochemical_v0.1_shared_view_v1	biochemical_annotation_view	KEGG:C00170	5-methylthioadenosine (MTA)	SRM	feature_gene_pair	NA	NA	NA	NA	NA	NA	NA	NA	NA	NA	NEEDS_REVIEW	REACTION_ANNOTATION_SUPPORTED_PROVISIONAL	reports/COAD/current_catalog_v0_1/candidate_catalog.json	hsa:6723	0.794416000324265	0.00110684292910678	ORIGINAL_KEGG_NAME_COMPATIBLE	reports/COAD/current_catalog_v0_1/candidate_catalog.json
COAD	COAD	02_MAPPING	20260919T112700Z_shared_delivery_v1	coad_biochemical_v0.1_shared_view_v1	biochemical_annotation_view	KEGG:C00345	6-phosphogluconate	H6PD	feature_gene_pair	NA	NA	NA	NA	NA	NA	NA	NA	NA	NA	NEEDS_REVIEW	REACTION_ANNOTATION_SUPPORTED_PROVISIONAL	reports/COAD/current_catalog_v0_1/candidate_catalog.json	hsa:9563	-0.641702243769376	0.0291207682154118	ORIGINAL_KEGG_NAME_COMPATIBLE	reports/COAD/current_catalog_v0_1/candidate_catalog.json
COAD	COAD	02_MAPPING	20260919T112700Z_shared_delivery_v1	coad_biochemical_v0.1_shared_view_v1	biochemical_annotation_view	KEGG:C00345	6-phosphogluconate	IDNK	feature_gene_pair	NA	NA	NA	NA	NA	NA	NA	NA	NA	NA	NEEDS_REVIEW	REACTION_ANNOTATION_SUPPORTED_PROVISIONAL	reports/COAD/current_catalog_v0_1/candidate_catalog.json	hsa:414328	-0.641702243769376	0.0291207682154118	ORIGINAL_KEGG_NAME_COMPATIBLE	reports/COAD/current_catalog_v0_1/candidate_catalog.json
COAD	COAD	02_MAPPING	20260919T112700Z_shared_delivery_v1	coad_biochemical_v0.1_shared_view_v1	biochemical_annotation_view	KEGG:C00345	6-phosphogluconate	PGD	feature_gene_pair	NA	NA	NA	NA	NA	NA	NA	NA	NA	NA	NEEDS_REVIEW	REACTION_ANNOTATION_SUPPORTED_PROVISIONAL	reports/COAD/current_catalog_v0_1/candidate_catalog.json	hsa:5226	-0.641702243769376	0.0291207682154118	ORIGINAL_KEGG_NAME_COMPATIBLE	reports/COAD/current_catalog_v0_1/candidate_catalog.json
COAD	COAD	02_MAPPING	20260919T112700Z_shared_delivery_v1	coad_biochemical_v0.1_shared_view_v1	biochemical_annotation_view	KEGG:C00345	6-phosphogluconate	PGLS	feature_gene_pair	NA	NA	NA	NA	NA	NA	NA	NA	NA	NA	NEEDS_REVIEW	REACTION_ANNOTATION_SUPPORTED_PROVISIONAL	reports/COAD/current_catalog_v0_1/candidate_catalog.json	hsa:25796	-0.641702243769376	0.0291207682154118	ORIGINAL_KEGG_NAME_COMPATIBLE	reports/COAD/current_catalog_v0_1/candidate_catalog.json
COAD	COAD	02_MAPPING	20260919T112700Z_shared_delivery_v1	coad_biochemical_v0.1_shared_view_v1	biochemical_annotation_view	KEGG:C04501	N-Acetylglucosamine 1-phosphate	PGM3	feature_gene_pair	NA	NA	NA	NA	NA	NA	NA	NA	NA	NA	NEEDS_REVIEW	REACTION_ANNOTATION_SUPPORTED_PROVISIONAL	reports/COAD/current_catalog_v0_1/candidate_catalog.json	hsa:5238	0.651874150570456	0.0233237692703757	ORIGINAL_KEGG_NAME_COMPATIBLE	reports/COAD/current_catalog_v0_1/candidate_catalog.json
COAD	COAD	02_MAPPING	20260919T112700Z_shared_delivery_v1	coad_biochemical_v0.1_shared_view_v1	biochemical_annotation_view	KEGG:C04501	N-Acetylglucosamine 1-phosphate	UAP1	feature_gene_pair	NA	NA	NA	NA	NA	NA	NA	NA	NA	NA	NEEDS_REVIEW	REACTION_ANNOTATION_SUPPORTED_PROVISIONAL	reports/COAD/current_catalog_v0_1/candidate_catalog.json	hsa:6675	0.651874150570456	0.0233237692703757	ORIGINAL_KEGG_NAME_COMPATIBLE	reports/COAD/current_catalog_v0_1/candidate_catalog.json
COAD	COAD	02_MAPPING	20260919T112700Z_shared_delivery_v1	coad_biochemical_v0.1_shared_view_v1	biochemical_annotation_view	KEGG:C04501	N-Acetylglucosamine 1-phosphate	UAP1L1	feature_gene_pair	NA	NA	NA	NA	NA	NA	NA	NA	NA	NA	NEEDS_REVIEW	REACTION_SPECIFICITY_PENDING	reports/COAD/current_catalog_v0_1/candidate_catalog.json	hsa:91373	0.651874150570456	0.0233237692703757	ORIGINAL_KEGG_NAME_COMPATIBLE	reports/COAD/current_catalog_v0_1/candidate_catalog.json
COAD	COAD	02_MAPPING	20260919T112700Z_shared_delivery_v1	coad_biochemical_v0.1_shared_view_v1	biochemical_annotation_view	KEGG:C01042	N-acetylaspartate (NAA)	ABCC5	feature_gene_pair	NA	NA	NA	NA	NA	NA	NA	NA	NA	NA	NEEDS_REVIEW	REACTION_ANNOTATION_SUPPORTED_PROVISIONAL	reports/COAD/current_catalog_v0_1/candidate_catalog.json	hsa:10057	-1.60890842089475	4.01049322955914e-08	ORIGINAL_KEGG_NAME_COMPATIBLE	reports/COAD/current_catalog_v0_1/candidate_catalog.json
COAD	COAD	02_MAPPING	20260919T112700Z_shared_delivery_v1	coad_biochemical_v0.1_shared_view_v1	biochemical_annotation_view	KEGG:C01042	N-acetylaspartate (NAA)	ASPA	feature_gene_pair	NA	NA	NA	NA	NA	NA	NA	NA	NA	NA	NEEDS_REVIEW	REACTION_ANNOTATION_SUPPORTED_PROVISIONAL	reports/COAD/current_catalog_v0_1/candidate_catalog.json	hsa:443	-1.60890842089475	4.01049322955914e-08	ORIGINAL_KEGG_NAME_COMPATIBLE	reports/COAD/current_catalog_v0_1/candidate_catalog.json
COAD	COAD	02_MAPPING	20260919T112700Z_shared_delivery_v1	coad_biochemical_v0.1_shared_view_v1	biochemical_annotation_view	KEGG:C01042	N-acetylaspartate (NAA)	FOLH1	feature_gene_pair	NA	NA	NA	NA	NA	NA	NA	NA	NA	NA	NEEDS_REVIEW	REACTION_SPECIFICITY_PENDING	reports/COAD/current_catalog_v0_1/candidate_catalog.json	hsa:2346	-1.60890842089475	4.01049322955914e-08	ORIGINAL_KEGG_NAME_COMPATIBLE	reports/COAD/current_catalog_v0_1/candidate_catalog.json
COAD	COAD	02_MAPPING	20260919T112700Z_shared_delivery_v1	coad_biochemical_v0.1_shared_view_v1	biochemical_annotation_view	KEGG:C01042	N-acetylaspartate (NAA)	NAT8L	feature_gene_pair	NA	NA	NA	NA	NA	NA	NA	NA	NA	NA	NEEDS_REVIEW	REACTION_ANNOTATION_SUPPORTED_PROVISIONAL	reports/COAD/current_catalog_v0_1/candidate_catalog.json	hsa:339983	-1.60890842089475	4.01049322955914e-08	ORIGINAL_KEGG_NAME_COMPATIBLE	reports/COAD/current_catalog_v0_1/candidate_catalog.json
COAD	COAD	02_MAPPING	20260919T112700Z_shared_delivery_v1	coad_biochemical_v0.1_shared_view_v1	biochemical_annotation_view	KEGG:C01042	N-acetylaspartate (NAA)	RIMKLA	feature_gene_pair	NA	NA	NA	NA	NA	NA	NA	NA	NA	NA	NEEDS_REVIEW	REACTION_ANNOTATION_SUPPORTED_PROVISIONAL	reports/COAD/current_catalog_v0_1/candidate_catalog.json	hsa:284716	-1.60890842089475	4.01049322955914e-08	ORIGINAL_KEGG_NAME_COMPATIBLE	reports/COAD/current_catalog_v0_1/candidate_catalog.json
COAD	COAD	02_MAPPING	20260919T112700Z_shared_delivery_v1	coad_biochemical_v0.1_shared_view_v1	biochemical_annotation_view	KEGG:C01042	N-acetylaspartate (NAA)	RIMKLB	feature_gene_pair	NA	NA	NA	NA	NA	NA	NA	NA	NA	NA	NEEDS_REVIEW	REACTION_ANNOTATION_SUPPORTED_PROVISIONAL	reports/COAD/current_catalog_v0_1/candidate_catalog.json	hsa:57494	-1.60890842089475	4.01049322955914e-08	ORIGINAL_KEGG_NAME_COMPATIBLE	reports/COAD/current_catalog_v0_1/candidate_catalog.json
COAD	COAD	02_MAPPING	20260919T112700Z_shared_delivery_v1	coad_biochemical_v0.1_shared_view_v1	biochemical_annotation_view	KEGG:C01042	N-acetylaspartate (NAA)	SLC13A3	feature_gene_pair	NA	NA	NA	NA	NA	NA	NA	NA	NA	NA	NEEDS_REVIEW	REACTION_ANNOTATION_SUPPORTED_PROVISIONAL	reports/COAD/current_catalog_v0_1/candidate_catalog.json	hsa:64849	-1.60890842089475	4.01049322955914e-08	ORIGINAL_KEGG_NAME_COMPATIBLE	reports/COAD/current_catalog_v0_1/candidate_catalog.json
COAD	COAD	02_MAPPING	20260919T112700Z_shared_delivery_v1	coad_biochemical_v0.1_shared_view_v1	biochemical_annotation_view	KEGG:C00357	N-acetylglucosamine 6-phosphate	AMDHD2	feature_gene_pair	NA	NA	NA	NA	NA	NA	NA	NA	NA	NA	NEEDS_REVIEW	REACTION_ANNOTATION_SUPPORTED_PROVISIONAL	reports/COAD/current_catalog_v0_1/candidate_catalog.json	hsa:51005	1.2061475455854	1.51302088736128e-05	ORIGINAL_KEGG_NAME_COMPATIBLE	reports/COAD/current_catalog_v0_1/candidate_catalog.json
COAD	COAD	02_MAPPING	20260919T112700Z_shared_delivery_v1	coad_biochemical_v0.1_shared_view_v1	biochemical_annotation_view	KEGG:C00357	N-acetylglucosamine 6-phosphate	GNPNAT1	feature_gene_pair	NA	NA	NA	NA	NA	NA	NA	NA	NA	NA	NEEDS_REVIEW	REACTION_ANNOTATION_SUPPORTED_PROVISIONAL	reports/COAD/current_catalog_v0_1/candidate_catalog.json	hsa:64841	1.2061475455854	1.51302088736128e-05	ORIGINAL_KEGG_NAME_COMPATIBLE	reports/COAD/current_catalog_v0_1/candidate_catalog.json
COAD	COAD	02_MAPPING	20260919T112700Z_shared_delivery_v1	coad_biochemical_v0.1_shared_view_v1	biochemical_annotation_view	KEGG:C00357	N-acetylglucosamine 6-phosphate	NAGK	feature_gene_pair	NA	NA	NA	NA	NA	NA	NA	NA	NA	NA	NEEDS_REVIEW	REACTION_ANNOTATION_SUPPORTED_PROVISIONAL	reports/COAD/current_catalog_v0_1/candidate_catalog.json	hsa:55577	1.2061475455854	1.51302088736128e-05	ORIGINAL_KEGG_NAME_COMPATIBLE	reports/COAD/current_catalog_v0_1/candidate_catalog.json
COAD	COAD	02_MAPPING	20260919T112700Z_shared_delivery_v1	coad_biochemical_v0.1_shared_view_v1	biochemical_annotation_view	KEGG:C00357	N-acetylglucosamine 6-phosphate	PGM3	feature_gene_pair	NA	NA	NA	NA	NA	NA	NA	NA	NA	NA	NEEDS_REVIEW	REACTION_ANNOTATION_SUPPORTED_PROVISIONAL	reports/COAD/current_catalog_v0_1/candidate_catalog.json	hsa:5238	1.2061475455854	1.51302088736128e-05	ORIGINAL_KEGG_NAME_COMPATIBLE	reports/COAD/current_catalog_v0_1/candidate_catalog.json
COAD	COAD	02_MAPPING	20260919T112700Z_shared_delivery_v1	coad_biochemical_v0.1_shared_view_v1	biochemical_annotation_view	KEGG:C00270	N-acetylneuraminate	CMAS	feature_gene_pair	NA	NA	NA	NA	NA	NA	NA	NA	NA	NA	NEEDS_REVIEW	REACTION_SPECIFICITY_PENDING	reports/COAD/current_catalog_v0_1/candidate_catalog.json	hsa:55907	-0.914050093379568	0.000927728383719889	ORIGINAL_KEGG_NAME_COMPATIBLE	reports/COAD/current_catalog_v0_1/candidate_catalog.json
COAD	COAD	02_MAPPING	20260919T112700Z_shared_delivery_v1	coad_biochemical_v0.1_shared_view_v1	biochemical_annotation_view	KEGG:C00270	N-acetylneuraminate	NANP	feature_gene_pair	NA	NA	NA	NA	NA	NA	NA	NA	NA	NA	NEEDS_REVIEW	REACTION_ANNOTATION_SUPPORTED_PROVISIONAL	reports/COAD/current_catalog_v0_1/candidate_catalog.json	hsa:140838	-0.914050093379568	0.000927728383719889	ORIGINAL_KEGG_NAME_COMPATIBLE	reports/COAD/current_catalog_v0_1/candidate_catalog.json
COAD	COAD	02_MAPPING	20260919T112700Z_shared_delivery_v1	coad_biochemical_v0.1_shared_view_v1	biochemical_annotation_view	KEGG:C00270	N-acetylneuraminate	NEU1	feature_gene_pair	NA	NA	NA	NA	NA	NA	NA	NA	NA	NA	NEEDS_REVIEW	REACTION_SPECIFICITY_PENDING	reports/COAD/current_catalog_v0_1/candidate_catalog.json	hsa:4758	-0.914050093379568	0.000927728383719889	ORIGINAL_KEGG_NAME_COMPATIBLE	reports/COAD/current_catalog_v0_1/candidate_catalog.json
COAD	COAD	02_MAPPING	20260919T112700Z_shared_delivery_v1	coad_biochemical_v0.1_shared_view_v1	biochemical_annotation_view	KEGG:C00270	N-acetylneuraminate	NEU2	feature_gene_pair	NA	NA	NA	NA	NA	NA	NA	NA	NA	NA	NEEDS_REVIEW	REACTION_SPECIFICITY_PENDING	reports/COAD/current_catalog_v0_1/candidate_catalog.json	hsa:4759	-0.914050093379568	0.000927728383719889	ORIGINAL_KEGG_NAME_COMPATIBLE	reports/COAD/current_catalog_v0_1/candidate_catalog.json
COAD	COAD	02_MAPPING	20260919T112700Z_shared_delivery_v1	coad_biochemical_v0.1_shared_view_v1	biochemical_annotation_view	KEGG:C00270	N-acetylneuraminate	NEU3	feature_gene_pair	NA	NA	NA	NA	NA	NA	NA	NA	NA	NA	NEEDS_REVIEW	REACTION_SPECIFICITY_PENDING	reports/COAD/current_catalog_v0_1/candidate_catalog.json	hsa:10825	-0.914050093379568	0.000927728383719889	ORIGINAL_KEGG_NAME_COMPATIBLE	reports/COAD/current_catalog_v0_1/candidate_catalog.json
COAD	COAD	02_MAPPING	20260919T112700Z_shared_delivery_v1	coad_biochemical_v0.1_shared_view_v1	biochemical_annotation_view	KEGG:C00270	N-acetylneuraminate	NEU4	feature_gene_pair	NA	NA	NA	NA	NA	NA	NA	NA	NA	NA	NEEDS_REVIEW	REACTION_SPECIFICITY_PENDING	reports/COAD/current_catalog_v0_1/candidate_catalog.json	hsa:129807	-0.914050093379568	0.000927728383719889	ORIGINAL_KEGG_NAME_COMPATIBLE	reports/COAD/current_catalog_v0_1/candidate_catalog.json
COAD	COAD	02_MAPPING	20260919T112700Z_shared_delivery_v1	coad_biochemical_v0.1_shared_view_v1	biochemical_annotation_view	KEGG:C00270	N-acetylneuraminate	NPL	feature_gene_pair	NA	NA	NA	NA	NA	NA	NA	NA	NA	NA	NEEDS_REVIEW	REACTION_ANNOTATION_SUPPORTED_PROVISIONAL	reports/COAD/current_catalog_v0_1/candidate_catalog.json	hsa:80896	-0.914050093379568	0.000927728383719889	ORIGINAL_KEGG_NAME_COMPATIBLE	reports/COAD/current_catalog_v0_1/candidate_catalog.json
COAD	COAD	02_MAPPING	20260919T112700Z_shared_delivery_v1	coad_biochemical_v0.1_shared_view_v1	biochemical_annotation_view	KEGG:C00270	N-acetylneuraminate	SLC17A5	feature_gene_pair	NA	NA	NA	NA	NA	NA	NA	NA	NA	NA	NEEDS_REVIEW	REACTION_ANNOTATION_SUPPORTED_PROVISIONAL	reports/COAD/current_catalog_v0_1/candidate_catalog.json	hsa:26503	-0.914050093379568	0.000927728383719889	ORIGINAL_KEGG_NAME_COMPATIBLE	reports/COAD/current_catalog_v0_1/candidate_catalog.json
COAD	COAD	02_MAPPING	20260919T112700Z_shared_delivery_v1	coad_biochemical_v0.1_shared_view_v1	biochemical_annotation_view	KEGG:C00019	S-adenosylmethionine (SAM)	AMD1	feature_gene_pair	NA	NA	NA	NA	NA	NA	NA	NA	NA	NA	NEEDS_REVIEW	REACTION_ANNOTATION_SUPPORTED_PROVISIONAL	reports/COAD/current_catalog_v0_1/candidate_catalog.json	hsa:262	1.58687135491014	9.78479129514819e-08	ORIGINAL_KEGG_NAME_COMPATIBLE	reports/COAD/current_catalog_v0_1/candidate_catalog.json
COAD	COAD	02_MAPPING	20260919T112700Z_shared_delivery_v1	coad_biochemical_v0.1_shared_view_v1	biochemical_annotation_view	KEGG:C00019	S-adenosylmethionine (SAM)	ASH1L	feature_gene_pair	NA	NA	NA	NA	NA	NA	NA	NA	NA	NA	NEEDS_REVIEW	REACTION_SPECIFICITY_PENDING	reports/COAD/current_catalog_v0_1/candidate_catalog.json	hsa:55870	1.58687135491014	9.78479129514819e-08	ORIGINAL_KEGG_NAME_COMPATIBLE	reports/COAD/current_catalog_v0_1/candidate_catalog.json
COAD	COAD	02_MAPPING	20260919T112700Z_shared_delivery_v1	coad_biochemical_v0.1_shared_view_v1	biochemical_annotation_view	KEGG:C00019	S-adenosylmethionine (SAM)	ASMT	feature_gene_pair	NA	NA	NA	NA	NA	NA	NA	NA	NA	NA	NEEDS_REVIEW	REACTION_ANNOTATION_SUPPORTED_PROVISIONAL	reports/COAD/current_catalog_v0_1/candidate_catalog.json	hsa:438	1.58687135491014	9.78479129514819e-08	ORIGINAL_KEGG_NAME_COMPATIBLE	reports/COAD/current_catalog_v0_1/candidate_catalog.json
COAD	COAD	02_MAPPING	20260919T112700Z_shared_delivery_v1	coad_biochemical_v0.1_shared_view_v1	biochemical_annotation_view	KEGG:C00019	S-adenosylmethionine (SAM)	BHMT2	feature_gene_pair	NA	NA	NA	NA	NA	NA	NA	NA	NA	NA	NEEDS_REVIEW	REACTION_SPECIFICITY_PENDING	reports/COAD/current_catalog_v0_1/candidate_catalog.json	hsa:23743	1.58687135491014	9.78479129514819e-08	ORIGINAL_KEGG_NAME_COMPATIBLE	reports/COAD/current_catalog_v0_1/candidate_catalog.json
COAD	COAD	02_MAPPING	20260919T112700Z_shared_delivery_v1	coad_biochemical_v0.1_shared_view_v1	biochemical_annotation_view	KEGG:C00019	S-adenosylmethionine (SAM)	CAMKMT	feature_gene_pair	NA	NA	NA	NA	NA	NA	NA	NA	NA	NA	NEEDS_REVIEW	REACTION_SPECIFICITY_PENDING	reports/COAD/current_catalog_v0_1/candidate_catalog.json	hsa:79823	1.58687135491014	9.78479129514819e-08	ORIGINAL_KEGG_NAME_COMPATIBLE	reports/COAD/current_catalog_v0_1/candidate_catalog.json
COAD	COAD	02_MAPPING	20260919T112700Z_shared_delivery_v1	coad_biochemical_v0.1_shared_view_v1	biochemical_annotation_view	KEGG:C00019	S-adenosylmethionine (SAM)	CARM1	feature_gene_pair	NA	NA	NA	NA	NA	NA	NA	NA	NA	NA	NEEDS_REVIEW	REACTION_ANNOTATION_SUPPORTED_PROVISIONAL	reports/COAD/current_catalog_v0_1/candidate_catalog.json	hsa:10498	1.58687135491014	9.78479129514819e-08	ORIGINAL_KEGG_NAME_COMPATIBLE	reports/COAD/current_catalog_v0_1/candidate_catalog.json
COAD	COAD	02_MAPPING	20260919T112700Z_shared_delivery_v1	coad_biochemical_v0.1_shared_view_v1	biochemical_annotation_view	KEGG:C00019	S-adenosylmethionine (SAM)	CARNMT1	feature_gene_pair	NA	NA	NA	NA	NA	NA	NA	NA	NA	NA	NEEDS_REVIEW	REACTION_ANNOTATION_SUPPORTED_PROVISIONAL	reports/COAD/current_catalog_v0_1/candidate_catalog.json	hsa:138199	1.58687135491014	9.78479129514819e-08	ORIGINAL_KEGG_NAME_COMPATIBLE	reports/COAD/current_catalog_v0_1/candidate_catalog.json
COAD	COAD	02_MAPPING	20260919T112700Z_shared_delivery_v1	coad_biochemical_v0.1_shared_view_v1	biochemical_annotation_view	KEGG:C00019	S-adenosylmethionine (SAM)	CDKAL1	feature_gene_pair	NA	NA	NA	NA	NA	NA	NA	NA	NA	NA	NEEDS_REVIEW	REACTION_SPECIFICITY_PENDING	reports/COAD/current_catalog_v0_1/candidate_catalog.json	hsa:54901	1.58687135491014	9.78479129514819e-08	ORIGINAL_KEGG_NAME_COMPATIBLE	reports/COAD/current_catalog_v0_1/candidate_catalog.json
COAD	COAD	02_MAPPING	20260919T112700Z_shared_delivery_v1	coad_biochemical_v0.1_shared_view_v1	biochemical_annotation_view	KEGG:C00019	S-adenosylmethionine (SAM)	CMTR1	feature_gene_pair	NA	NA	NA	NA	NA	NA	NA	NA	NA	NA	NEEDS_REVIEW	REACTION_SPECIFICITY_PENDING	reports/COAD/current_catalog_v0_1/candidate_catalog.json	hsa:23070	1.58687135491014	9.78479129514819e-08	ORIGINAL_KEGG_NAME_COMPATIBLE	reports/COAD/current_catalog_v0_1/candidate_catalog.json
COAD	COAD	02_MAPPING	20260919T112700Z_shared_delivery_v1	coad_biochemical_v0.1_shared_view_v1	biochemical_annotation_view	KEGG:C00019	S-adenosylmethionine (SAM)	CMTR2	feature_gene_pair	NA	NA	NA	NA	NA	NA	NA	NA	NA	NA	NEEDS_REVIEW	REACTION_SPECIFICITY_PENDING	reports/COAD/current_catalog_v0_1/candidate_catalog.json	hsa:55783	1.58687135491014	9.78479129514819e-08	ORIGINAL_KEGG_NAME_COMPATIBLE	reports/COAD/current_catalog_v0_1/candidate_catalog.json
COAD	COAD	02_MAPPING	20260919T112700Z_shared_delivery_v1	coad_biochemical_v0.1_shared_view_v1	biochemical_annotation_view	KEGG:C00019	S-adenosylmethionine (SAM)	CNPY3-GNMT	feature_gene_pair	NA	NA	NA	NA	NA	NA	NA	NA	NA	NA	NOT_EVALUABLE	UNIPROT_RECORD_NOT_EVALUABLE	reports/COAD/current_catalog_v0_1/candidate_catalog.json	hsa:107080644	1.58687135491014	9.78479129514819e-08	ORIGINAL_KEGG_NAME_COMPATIBLE	reports/COAD/current_catalog_v0_1/candidate_catalog.json
COAD	COAD	02_MAPPING	20260919T112700Z_shared_delivery_v1	coad_biochemical_v0.1_shared_view_v1	biochemical_annotation_view	KEGG:C00019	S-adenosylmethionine (SAM)	COMT	feature_gene_pair	NA	NA	NA	NA	NA	NA	NA	NA	NA	NA	NEEDS_REVIEW	REACTION_SPECIFICITY_PENDING	reports/COAD/current_catalog_v0_1/candidate_catalog.json	hsa:1312	1.58687135491014	9.78479129514819e-08	ORIGINAL_KEGG_NAME_COMPATIBLE	reports/COAD/current_catalog_v0_1/candidate_catalog.json
COAD	COAD	02_MAPPING	20260919T112700Z_shared_delivery_v1	coad_biochemical_v0.1_shared_view_v1	biochemical_annotation_view	KEGG:C00019	S-adenosylmethionine (SAM)	COQ3	feature_gene_pair	NA	NA	NA	NA	NA	NA	NA	NA	NA	NA	NEEDS_REVIEW	REACTION_SPECIFICITY_PENDING	reports/COAD/current_catalog_v0_1/candidate_catalog.json	hsa:51805	1.58687135491014	9.78479129514819e-08	ORIGINAL_KEGG_NAME_COMPATIBLE	reports/COAD/current_catalog_v0_1/candidate_catalog.json
COAD	COAD	02_MAPPING	20260919T112700Z_shared_delivery_v1	coad_biochemical_v0.1_shared_view_v1	biochemical_annotation_view	KEGG:C00019	S-adenosylmethionine (SAM)	COQ5	feature_gene_pair	NA	NA	NA	NA	NA	NA	NA	NA	NA	NA	NEEDS_REVIEW	REACTION_SPECIFICITY_PENDING	reports/COAD/current_catalog_v0_1/candidate_catalog.json	hsa:84274	1.58687135491014	9.78479129514819e-08	ORIGINAL_KEGG_NAME_COMPATIBLE	reports/COAD/current_catalog_v0_1/candidate_catalog.json
COAD	COAD	02_MAPPING	20260919T112700Z_shared_delivery_v1	coad_biochemical_v0.1_shared_view_v1	biochemical_annotation_view	KEGG:C00019	S-adenosylmethionine (SAM)	DIMT1	feature_gene_pair	NA	NA	NA	NA	NA	NA	NA	NA	NA	NA	NEEDS_REVIEW	REACTION_SPECIFICITY_PENDING	reports/COAD/current_catalog_v0_1/candidate_catalog.json	hsa:27292	1.58687135491014	9.78479129514819e-08	ORIGINAL_KEGG_NAME_COMPATIBLE	reports/COAD/current_catalog_v0_1/candidate_catalog.json
COAD	COAD	02_MAPPING	20260919T112700Z_shared_delivery_v1	coad_biochemical_v0.1_shared_view_v1	biochemical_annotation_view	KEGG:C00019	S-adenosylmethionine (SAM)	DNMT1	feature_gene_pair	NA	NA	NA	NA	NA	NA	NA	NA	NA	NA	NEEDS_REVIEW	REACTION_SPECIFICITY_PENDING	reports/COAD/current_catalog_v0_1/candidate_catalog.json	hsa:1786	1.58687135491014	9.78479129514819e-08	ORIGINAL_KEGG_NAME_COMPATIBLE	reports/COAD/current_catalog_v0_1/candidate_catalog.json
COAD	COAD	02_MAPPING	20260919T112700Z_shared_delivery_v1	coad_biochemical_v0.1_shared_view_v1	biochemical_annotation_view	KEGG:C00019	S-adenosylmethionine (SAM)	DNMT3A	feature_gene_pair	NA	NA	NA	NA	NA	NA	NA	NA	NA	NA	NEEDS_REVIEW	REACTION_SPECIFICITY_PENDING	reports/COAD/current_catalog_v0_1/candidate_catalog.json	hsa:1788	1.58687135491014	9.78479129514819e-08	ORIGINAL_KEGG_NAME_COMPATIBLE	reports/COAD/current_catalog_v0_1/candidate_catalog.json
COAD	COAD	02_MAPPING	20260919T112700Z_shared_delivery_v1	coad_biochemical_v0.1_shared_view_v1	biochemical_annotation_view	KEGG:C00019	S-adenosylmethionine (SAM)	DNMT3B	feature_gene_pair	NA	NA	NA	NA	NA	NA	NA	NA	NA	NA	NEEDS_REVIEW	REACTION_SPECIFICITY_PENDING	reports/COAD/current_catalog_v0_1/candidate_catalog.json	hsa:1789	1.58687135491014	9.78479129514819e-08	ORIGINAL_KEGG_NAME_COMPATIBLE	reports/COAD/current_catalog_v0_1/candidate_catalog.json
COAD	COAD	02_MAPPING	20260919T112700Z_shared_delivery_v1	coad_biochemical_v0.1_shared_view_v1	biochemical_annotation_view	KEGG:C00019	S-adenosylmethionine (SAM)	DOT1L	feature_gene_pair	NA	NA	NA	NA	NA	NA	NA	NA	NA	NA	NEEDS_REVIEW	REACTION_SPECIFICITY_PENDING	reports/COAD/current_catalog_v0_1/candidate_catalog.json	hsa:84444	1.58687135491014	9.78479129514819e-08	ORIGINAL_KEGG_NAME_COMPATIBLE	reports/COAD/current_catalog_v0_1/candidate_catalog.json
COAD	COAD	02_MAPPING	20260919T112700Z_shared_delivery_v1	coad_biochemical_v0.1_shared_view_v1	biochemical_annotation_view	KEGG:C00019	S-adenosylmethionine (SAM)	DPH1	feature_gene_pair	NA	NA	NA	NA	NA	NA	NA	NA	NA	NA	NEEDS_REVIEW	REACTION_ANNOTATION_SUPPORTED_PROVISIONAL	reports/COAD/current_catalog_v0_1/candidate_catalog.json	hsa:1801	1.58687135491014	9.78479129514819e-08	ORIGINAL_KEGG_NAME_COMPATIBLE	reports/COAD/current_catalog_v0_1/candidate_catalog.json
COAD	COAD	02_MAPPING	20260919T112700Z_shared_delivery_v1	coad_biochemical_v0.1_shared_view_v1	biochemical_annotation_view	KEGG:C00019	S-adenosylmethionine (SAM)	DPH5	feature_gene_pair	NA	NA	NA	NA	NA	NA	NA	NA	NA	NA	NEEDS_REVIEW	REACTION_SPECIFICITY_PENDING	reports/COAD/current_catalog_v0_1/candidate_catalog.json	hsa:51611	1.58687135491014	9.78479129514819e-08	ORIGINAL_KEGG_NAME_COMPATIBLE	reports/COAD/current_catalog_v0_1/candidate_catalog.json
COAD	COAD	02_MAPPING	20260919T112700Z_shared_delivery_v1	coad_biochemical_v0.1_shared_view_v1	biochemical_annotation_view	KEGG:C00019	S-adenosylmethionine (SAM)	EHMT1	feature_gene_pair	NA	NA	NA	NA	NA	NA	NA	NA	NA	NA	NEEDS_REVIEW	REACTION_SPECIFICITY_PENDING	reports/COAD/current_catalog_v0_1/candidate_catalog.json	hsa:79813	1.58687135491014	9.78479129514819e-08	ORIGINAL_KEGG_NAME_COMPATIBLE	reports/COAD/current_catalog_v0_1/candidate_catalog.json
COAD	COAD	02_MAPPING	20260919T112700Z_shared_delivery_v1	coad_biochemical_v0.1_shared_view_v1	biochemical_annotation_view	KEGG:C00019	S-adenosylmethionine (SAM)	EHMT2	feature_gene_pair	NA	NA	NA	NA	NA	NA	NA	NA	NA	NA	NEEDS_REVIEW	REACTION_SPECIFICITY_PENDING	reports/COAD/current_catalog_v0_1/candidate_catalog.json	hsa:10919	1.58687135491014	9.78479129514819e-08	ORIGINAL_KEGG_NAME_COMPATIBLE	reports/COAD/current_catalog_v0_1/candidate_catalog.json
COAD	COAD	02_MAPPING	20260919T112700Z_shared_delivery_v1	coad_biochemical_v0.1_shared_view_v1	biochemical_annotation_view	KEGG:C00019	S-adenosylmethionine (SAM)	EZH1	feature_gene_pair	NA	NA	NA	NA	NA	NA	NA	NA	NA	NA	NEEDS_REVIEW	REACTION_SPECIFICITY_PENDING	reports/COAD/current_catalog_v0_1/candidate_catalog.json	hsa:2145	1.58687135491014	9.78479129514819e-08	ORIGINAL_KEGG_NAME_COMPATIBLE	reports/COAD/current_catalog_v0_1/candidate_catalog.json
COAD	COAD	02_MAPPING	20260919T112700Z_shared_delivery_v1	coad_biochemical_v0.1_shared_view_v1	biochemical_annotation_view	KEGG:C00019	S-adenosylmethionine (SAM)	EZH2	feature_gene_pair	NA	NA	NA	NA	NA	NA	NA	NA	NA	NA	NEEDS_REVIEW	REACTION_SPECIFICITY_PENDING	reports/COAD/current_catalog_v0_1/candidate_catalog.json	hsa:2146	1.58687135491014	9.78479129514819e-08	ORIGINAL_KEGG_NAME_COMPATIBLE	reports/COAD/current_catalog_v0_1/candidate_catalog.json
COAD	COAD	02_MAPPING	20260919T112700Z_shared_delivery_v1	coad_biochemical_v0.1_shared_view_v1	biochemical_annotation_view	KEGG:C00019	S-adenosylmethionine (SAM)	GAMT	feature_gene_pair	NA	NA	NA	NA	NA	NA	NA	NA	NA	NA	NEEDS_REVIEW	REACTION_ANNOTATION_SUPPORTED_PROVISIONAL	reports/COAD/current_catalog_v0_1/candidate_catalog.json	hsa:2593	1.58687135491014	9.78479129514819e-08	ORIGINAL_KEGG_NAME_COMPATIBLE	reports/COAD/current_catalog_v0_1/candidate_catalog.json
COAD	COAD	02_MAPPING	20260919T112700Z_shared_delivery_v1	coad_biochemical_v0.1_shared_view_v1	biochemical_annotation_view	KEGG:C00019	S-adenosylmethionine (SAM)	GNMT	feature_gene_pair	NA	NA	NA	NA	NA	NA	NA	NA	NA	NA	NEEDS_REVIEW	REACTION_ANNOTATION_SUPPORTED_PROVISIONAL	reports/COAD/current_catalog_v0_1/candidate_catalog.json	hsa:27232	1.58687135491014	9.78479129514819e-08	ORIGINAL_KEGG_NAME_COMPATIBLE	reports/COAD/current_catalog_v0_1/candidate_catalog.json
COAD	COAD	02_MAPPING	20260919T112700Z_shared_delivery_v1	coad_biochemical_v0.1_shared_view_v1	biochemical_annotation_view	KEGG:C00019	S-adenosylmethionine (SAM)	HEMK1	feature_gene_pair	NA	NA	NA	NA	NA	NA	NA	NA	NA	NA	NEEDS_REVIEW	REACTION_SPECIFICITY_PENDING	reports/COAD/current_catalog_v0_1/candidate_catalog.json	hsa:51409	1.58687135491014	9.78479129514819e-08	ORIGINAL_KEGG_NAME_COMPATIBLE	reports/COAD/current_catalog_v0_1/candidate_catalog.json
COAD	COAD	02_MAPPING	20260919T112700Z_shared_delivery_v1	coad_biochemical_v0.1_shared_view_v1	biochemical_annotation_view	KEGG:C00019	S-adenosylmethionine (SAM)	HNMT	feature_gene_pair	NA	NA	NA	NA	NA	NA	NA	NA	NA	NA	NEEDS_REVIEW	REACTION_ANNOTATION_SUPPORTED_PROVISIONAL	reports/COAD/current_catalog_v0_1/candidate_catalog.json	hsa:3176	1.58687135491014	9.78479129514819e-08	ORIGINAL_KEGG_NAME_COMPATIBLE	reports/COAD/current_catalog_v0_1/candidate_catalog.json
COAD	COAD	02_MAPPING	20260919T112700Z_shared_delivery_v1	coad_biochemical_v0.1_shared_view_v1	biochemical_annotation_view	KEGG:C00019	S-adenosylmethionine (SAM)	ICMT	feature_gene_pair	NA	NA	NA	NA	NA	NA	NA	NA	NA	NA	NEEDS_REVIEW	REACTION_ANNOTATION_SUPPORTED_PROVISIONAL	reports/COAD/current_catalog_v0_1/candidate_catalog.json	hsa:23463	1.58687135491014	9.78479129514819e-08	ORIGINAL_KEGG_NAME_COMPATIBLE	reports/COAD/current_catalog_v0_1/candidate_catalog.json
COAD	COAD	02_MAPPING	20260919T112700Z_shared_delivery_v1	coad_biochemical_v0.1_shared_view_v1	biochemical_annotation_view	KEGG:C00019	S-adenosylmethionine (SAM)	INMT	feature_gene_pair	NA	NA	NA	NA	NA	NA	NA	NA	NA	NA	NEEDS_REVIEW	REACTION_SPECIFICITY_PENDING	reports/COAD/current_catalog_v0_1/candidate_catalog.json	hsa:11185	1.58687135491014	9.78479129514819e-08	ORIGINAL_KEGG_NAME_COMPATIBLE	reports/COAD/current_catalog_v0_1/candidate_catalog.json
COAD	COAD	02_MAPPING	20260919T112700Z_shared_delivery_v1	coad_biochemical_v0.1_shared_view_v1	biochemical_annotation_view	KEGG:C00019	S-adenosylmethionine (SAM)	KMT2A	feature_gene_pair	NA	NA	NA	NA	NA	NA	NA	NA	NA	NA	NEEDS_REVIEW	REACTION_SPECIFICITY_PENDING	reports/COAD/current_catalog_v0_1/candidate_catalog.json	hsa:4297	1.58687135491014	9.78479129514819e-08	ORIGINAL_KEGG_NAME_COMPATIBLE	reports/COAD/current_catalog_v0_1/candidate_catalog.json
COAD	COAD	02_MAPPING	20260919T112700Z_shared_delivery_v1	coad_biochemical_v0.1_shared_view_v1	biochemical_annotation_view	KEGG:C00019	S-adenosylmethionine (SAM)	KMT2B	feature_gene_pair	NA	NA	NA	NA	NA	NA	NA	NA	NA	NA	NEEDS_REVIEW	REACTION_SPECIFICITY_PENDING	reports/COAD/current_catalog_v0_1/candidate_catalog.json	hsa:9757	1.58687135491014	9.78479129514819e-08	ORIGINAL_KEGG_NAME_COMPATIBLE	reports/COAD/current_catalog_v0_1/candidate_catalog.json
COAD	COAD	02_MAPPING	20260919T112700Z_shared_delivery_v1	coad_biochemical_v0.1_shared_view_v1	biochemical_annotation_view	KEGG:C00019	S-adenosylmethionine (SAM)	KMT2C	feature_gene_pair	NA	NA	NA	NA	NA	NA	NA	NA	NA	NA	NEEDS_REVIEW	REACTION_SPECIFICITY_PENDING	reports/COAD/current_catalog_v0_1/candidate_catalog.json	hsa:58508	1.58687135491014	9.78479129514819e-08	ORIGINAL_KEGG_NAME_COMPATIBLE	reports/COAD/current_catalog_v0_1/candidate_catalog.json
COAD	COAD	02_MAPPING	20260919T112700Z_shared_delivery_v1	coad_biochemical_v0.1_shared_view_v1	biochemical_annotation_view	KEGG:C00019	S-adenosylmethionine (SAM)	KMT2D	feature_gene_pair	NA	NA	NA	NA	NA	NA	NA	NA	NA	NA	NEEDS_REVIEW	REACTION_SPECIFICITY_PENDING	reports/COAD/current_catalog_v0_1/candidate_catalog.json	hsa:8085	1.58687135491014	9.78479129514819e-08	ORIGINAL_KEGG_NAME_COMPATIBLE	reports/COAD/current_catalog_v0_1/candidate_catalog.json
COAD	COAD	02_MAPPING	20260919T112700Z_shared_delivery_v1	coad_biochemical_v0.1_shared_view_v1	biochemical_annotation_view	KEGG:C00019	S-adenosylmethionine (SAM)	KMT2E	feature_gene_pair	NA	NA	NA	NA	NA	NA	NA	NA	NA	NA	NEEDS_REVIEW	REACTION_SPECIFICITY_PENDING	reports/COAD/current_catalog_v0_1/candidate_catalog.json	hsa:55904	1.58687135491014	9.78479129514819e-08	ORIGINAL_KEGG_NAME_COMPATIBLE	reports/COAD/current_catalog_v0_1/candidate_catalog.json
COAD	COAD	02_MAPPING	20260919T112700Z_shared_delivery_v1	coad_biochemical_v0.1_shared_view_v1	biochemical_annotation_view	KEGG:C00019	S-adenosylmethionine (SAM)	KMT5A	feature_gene_pair	NA	NA	NA	NA	NA	NA	NA	NA	NA	NA	NEEDS_REVIEW	REACTION_ANNOTATION_SUPPORTED_PROVISIONAL	reports/COAD/current_catalog_v0_1/candidate_catalog.json	hsa:387893	1.58687135491014	9.78479129514819e-08	ORIGINAL_KEGG_NAME_COMPATIBLE	reports/COAD/current_catalog_v0_1/candidate_catalog.json
COAD	COAD	02_MAPPING	20260919T112700Z_shared_delivery_v1	coad_biochemical_v0.1_shared_view_v1	biochemical_annotation_view	KEGG:C00019	S-adenosylmethionine (SAM)	KMT5B	feature_gene_pair	NA	NA	NA	NA	NA	NA	NA	NA	NA	NA	NEEDS_REVIEW	REACTION_SPECIFICITY_PENDING	reports/COAD/current_catalog_v0_1/candidate_catalog.json	hsa:51111	1.58687135491014	9.78479129514819e-08	ORIGINAL_KEGG_NAME_COMPATIBLE	reports/COAD/current_catalog_v0_1/candidate_catalog.json
COAD	COAD	02_MAPPING	20260919T112700Z_shared_delivery_v1	coad_biochemical_v0.1_shared_view_v1	biochemical_annotation_view	KEGG:C00019	S-adenosylmethionine (SAM)	KMT5C	feature_gene_pair	NA	NA	NA	NA	NA	NA	NA	NA	NA	NA	NEEDS_REVIEW	REACTION_SPECIFICITY_PENDING	reports/COAD/current_catalog_v0_1/candidate_catalog.json	hsa:84787	1.58687135491014	9.78479129514819e-08	ORIGINAL_KEGG_NAME_COMPATIBLE	reports/COAD/current_catalog_v0_1/candidate_catalog.json
COAD	COAD	02_MAPPING	20260919T112700Z_shared_delivery_v1	coad_biochemical_v0.1_shared_view_v1	biochemical_annotation_view	KEGG:C00019	S-adenosylmethionine (SAM)	LCMT2	feature_gene_pair	NA	NA	NA	NA	NA	NA	NA	NA	NA	NA	NEEDS_REVIEW	REACTION_ANNOTATION_SUPPORTED_PROVISIONAL	reports/COAD/current_catalog_v0_1/candidate_catalog.json	hsa:9836	1.58687135491014	9.78479129514819e-08	ORIGINAL_KEGG_NAME_COMPATIBLE	reports/COAD/current_catalog_v0_1/candidate_catalog.json
COAD	COAD	02_MAPPING	20260919T112700Z_shared_delivery_v1	coad_biochemical_v0.1_shared_view_v1	biochemical_annotation_view	KEGG:C00019	S-adenosylmethionine (SAM)	LIAS	feature_gene_pair	NA	NA	NA	NA	NA	NA	NA	NA	NA	NA	NEEDS_REVIEW	REACTION_ANNOTATION_SUPPORTED_PROVISIONAL	reports/COAD/current_catalog_v0_1/candidate_catalog.json	hsa:11019	1.58687135491014	9.78479129514819e-08	ORIGINAL_KEGG_NAME_COMPATIBLE	reports/COAD/current_catalog_v0_1/candidate_catalog.json
COAD	COAD	02_MAPPING	20260919T112700Z_shared_delivery_v1	coad_biochemical_v0.1_shared_view_v1	biochemical_annotation_view	KEGG:C00019	S-adenosylmethionine (SAM)	LRTOMT	feature_gene_pair	NA	NA	NA	NA	NA	NA	NA	NA	NA	NA	NEEDS_REVIEW	REACTION_SPECIFICITY_PENDING	reports/COAD/current_catalog_v0_1/candidate_catalog.json	hsa:220074	1.58687135491014	9.78479129514819e-08	ORIGINAL_KEGG_NAME_COMPATIBLE	reports/COAD/current_catalog_v0_1/candidate_catalog.json
COAD	COAD	02_MAPPING	20260919T112700Z_shared_delivery_v1	coad_biochemical_v0.1_shared_view_v1	biochemical_annotation_view	KEGG:C00019	S-adenosylmethionine (SAM)	MAT1A	feature_gene_pair	NA	NA	NA	NA	NA	NA	NA	NA	NA	NA	NEEDS_REVIEW	REACTION_ANNOTATION_SUPPORTED_PROVISIONAL	reports/COAD/current_catalog_v0_1/candidate_catalog.json	hsa:4143	1.58687135491014	9.78479129514819e-08	ORIGINAL_KEGG_NAME_COMPATIBLE	reports/COAD/current_catalog_v0_1/candidate_catalog.json
COAD	COAD	02_MAPPING	20260919T112700Z_shared_delivery_v1	coad_biochemical_v0.1_shared_view_v1	biochemical_annotation_view	KEGG:C00019	S-adenosylmethionine (SAM)	MAT2A	feature_gene_pair	NA	NA	NA	NA	NA	NA	NA	NA	NA	NA	NEEDS_REVIEW	REACTION_ANNOTATION_SUPPORTED_PROVISIONAL	reports/COAD/current_catalog_v0_1/candidate_catalog.json	hsa:4144	1.58687135491014	9.78479129514819e-08	ORIGINAL_KEGG_NAME_COMPATIBLE	reports/COAD/current_catalog_v0_1/candidate_catalog.json
COAD	COAD	02_MAPPING	20260919T112700Z_shared_delivery_v1	coad_biochemical_v0.1_shared_view_v1	biochemical_annotation_view	KEGG:C00019	S-adenosylmethionine (SAM)	MAT2B	feature_gene_pair	NA	NA	NA	NA	NA	NA	NA	NA	NA	NA	NEEDS_REVIEW	REACTION_SPECIFICITY_PENDING	reports/COAD/current_catalog_v0_1/candidate_catalog.json	hsa:27430	1.58687135491014	9.78479129514819e-08	ORIGINAL_KEGG_NAME_COMPATIBLE	reports/COAD/current_catalog_v0_1/candidate_catalog.json
COAD	COAD	02_MAPPING	20260919T112700Z_shared_delivery_v1	coad_biochemical_v0.1_shared_view_v1	biochemical_annotation_view	KEGG:C00019	S-adenosylmethionine (SAM)	MECOM	feature_gene_pair	NA	NA	NA	NA	NA	NA	NA	NA	NA	NA	NEEDS_REVIEW	REACTION_SPECIFICITY_PENDING	reports/COAD/current_catalog_v0_1/candidate_catalog.json	hsa:2122	1.58687135491014	9.78479129514819e-08	ORIGINAL_KEGG_NAME_COMPATIBLE	reports/COAD/current_catalog_v0_1/candidate_catalog.json
COAD	COAD	02_MAPPING	20260919T112700Z_shared_delivery_v1	coad_biochemical_v0.1_shared_view_v1	biochemical_annotation_view	KEGG:C00019	S-adenosylmethionine (SAM)	METTL3	feature_gene_pair	NA	NA	NA	NA	NA	NA	NA	NA	NA	NA	NEEDS_REVIEW	REACTION_ANNOTATION_SUPPORTED_PROVISIONAL	reports/COAD/current_catalog_v0_1/candidate_catalog.json	hsa:56339	1.58687135491014	9.78479129514819e-08	ORIGINAL_KEGG_NAME_COMPATIBLE	reports/COAD/current_catalog_v0_1/candidate_catalog.json
COAD	COAD	02_MAPPING	20260919T112700Z_shared_delivery_v1	coad_biochemical_v0.1_shared_view_v1	biochemical_annotation_view	KEGG:C00019	S-adenosylmethionine (SAM)	METTL6	feature_gene_pair	NA	NA	NA	NA	NA	NA	NA	NA	NA	NA	NEEDS_REVIEW	REACTION_SPECIFICITY_PENDING	reports/COAD/current_catalog_v0_1/candidate_catalog.json	hsa:131965	1.58687135491014	9.78479129514819e-08	ORIGINAL_KEGG_NAME_COMPATIBLE	reports/COAD/current_catalog_v0_1/candidate_catalog.json
COAD	COAD	02_MAPPING	20260919T112700Z_shared_delivery_v1	coad_biochemical_v0.1_shared_view_v1	biochemical_annotation_view	KEGG:C00019	S-adenosylmethionine (SAM)	MOCS1	feature_gene_pair	NA	NA	NA	NA	NA	NA	NA	NA	NA	NA	NEEDS_REVIEW	REACTION_ANNOTATION_SUPPORTED_PROVISIONAL	reports/COAD/current_catalog_v0_1/candidate_catalog.json	hsa:4337	1.58687135491014	9.78479129514819e-08	ORIGINAL_KEGG_NAME_COMPATIBLE	reports/COAD/current_catalog_v0_1/candidate_catalog.json
COAD	COAD	02_MAPPING	20260919T112700Z_shared_delivery_v1	coad_biochemical_v0.1_shared_view_v1	biochemical_annotation_view	KEGG:C00019	S-adenosylmethionine (SAM)	NNMT	feature_gene_pair	NA	NA	NA	NA	NA	NA	NA	NA	NA	NA	NEEDS_REVIEW	REACTION_ANNOTATION_SUPPORTED_PROVISIONAL	reports/COAD/current_catalog_v0_1/candidate_catalog.json	hsa:4837	1.58687135491014	9.78479129514819e-08	ORIGINAL_KEGG_NAME_COMPATIBLE	reports/COAD/current_catalog_v0_1/candidate_catalog.json
COAD	COAD	02_MAPPING	20260919T112700Z_shared_delivery_v1	coad_biochemical_v0.1_shared_view_v1	biochemical_annotation_view	KEGG:C00019	S-adenosylmethionine (SAM)	NSD1	feature_gene_pair	NA	NA	NA	NA	NA	NA	NA	NA	NA	NA	NEEDS_REVIEW	REACTION_SPECIFICITY_PENDING	reports/COAD/current_catalog_v0_1/candidate_catalog.json	hsa:64324	1.58687135491014	9.78479129514819e-08	ORIGINAL_KEGG_NAME_COMPATIBLE	reports/COAD/current_catalog_v0_1/candidate_catalog.json
COAD	COAD	02_MAPPING	20260919T112700Z_shared_delivery_v1	coad_biochemical_v0.1_shared_view_v1	biochemical_annotation_view	KEGG:C00019	S-adenosylmethionine (SAM)	NSD2	feature_gene_pair	NA	NA	NA	NA	NA	NA	NA	NA	NA	NA	NEEDS_REVIEW	REACTION_SPECIFICITY_PENDING	reports/COAD/current_catalog_v0_1/candidate_catalog.json	hsa:7468	1.58687135491014	9.78479129514819e-08	ORIGINAL_KEGG_NAME_COMPATIBLE	reports/COAD/current_catalog_v0_1/candidate_catalog.json
COAD	COAD	02_MAPPING	20260919T112700Z_shared_delivery_v1	coad_biochemical_v0.1_shared_view_v1	biochemical_annotation_view	KEGG:C00019	S-adenosylmethionine (SAM)	NSD3	feature_gene_pair	NA	NA	NA	NA	NA	NA	NA	NA	NA	NA	NEEDS_REVIEW	REACTION_SPECIFICITY_PENDING	reports/COAD/current_catalog_v0_1/candidate_catalog.json	hsa:54904	1.58687135491014	9.78479129514819e-08	ORIGINAL_KEGG_NAME_COMPATIBLE	reports/COAD/current_catalog_v0_1/candidate_catalog.json
COAD	COAD	02_MAPPING	20260919T112700Z_shared_delivery_v1	coad_biochemical_v0.1_shared_view_v1	biochemical_annotation_view	KEGG:C00019	S-adenosylmethionine (SAM)	PEMT	feature_gene_pair	NA	NA	NA	NA	NA	NA	NA	NA	NA	NA	NEEDS_REVIEW	REACTION_ANNOTATION_SUPPORTED_PROVISIONAL	reports/COAD/current_catalog_v0_1/candidate_catalog.json	hsa:10400	1.58687135491014	9.78479129514819e-08	ORIGINAL_KEGG_NAME_COMPATIBLE	reports/COAD/current_catalog_v0_1/candidate_catalog.json
COAD	COAD	02_MAPPING	20260919T112700Z_shared_delivery_v1	coad_biochemical_v0.1_shared_view_v1	biochemical_annotation_view	KEGG:C00019	S-adenosylmethionine (SAM)	PNMT	feature_gene_pair	NA	NA	NA	NA	NA	NA	NA	NA	NA	NA	NEEDS_REVIEW	REACTION_ANNOTATION_SUPPORTED_PROVISIONAL	reports/COAD/current_catalog_v0_1/candidate_catalog.json	hsa:5409	1.58687135491014	9.78479129514819e-08	ORIGINAL_KEGG_NAME_COMPATIBLE	reports/COAD/current_catalog_v0_1/candidate_catalog.json
COAD	COAD	02_MAPPING	20260919T112700Z_shared_delivery_v1	coad_biochemical_v0.1_shared_view_v1	biochemical_annotation_view	KEGG:C00019	S-adenosylmethionine (SAM)	PRDM16	feature_gene_pair	NA	NA	NA	NA	NA	NA	NA	NA	NA	NA	NEEDS_REVIEW	REACTION_SPECIFICITY_PENDING	reports/COAD/current_catalog_v0_1/candidate_catalog.json	hsa:63976	1.58687135491014	9.78479129514819e-08	ORIGINAL_KEGG_NAME_COMPATIBLE	reports/COAD/current_catalog_v0_1/candidate_catalog.json
COAD	COAD	02_MAPPING	20260919T112700Z_shared_delivery_v1	coad_biochemical_v0.1_shared_view_v1	biochemical_annotation_view	KEGG:C00019	S-adenosylmethionine (SAM)	PRDM2	feature_gene_pair	NA	NA	NA	NA	NA	NA	NA	NA	NA	NA	NEEDS_REVIEW	REACTION_SPECIFICITY_PENDING	reports/COAD/current_catalog_v0_1/candidate_catalog.json	hsa:7799	1.58687135491014	9.78479129514819e-08	ORIGINAL_KEGG_NAME_COMPATIBLE	reports/COAD/current_catalog_v0_1/candidate_catalog.json
COAD	COAD	02_MAPPING	20260919T112700Z_shared_delivery_v1	coad_biochemical_v0.1_shared_view_v1	biochemical_annotation_view	KEGG:C00019	S-adenosylmethionine (SAM)	PRDM6	feature_gene_pair	NA	NA	NA	NA	NA	NA	NA	NA	NA	NA	NEEDS_REVIEW	REACTION_SPECIFICITY_PENDING	reports/COAD/current_catalog_v0_1/candidate_catalog.json	hsa:93166	1.58687135491014	9.78479129514819e-08	ORIGINAL_KEGG_NAME_COMPATIBLE	reports/COAD/current_catalog_v0_1/candidate_catalog.json
COAD	COAD	02_MAPPING	20260919T112700Z_shared_delivery_v1	coad_biochemical_v0.1_shared_view_v1	biochemical_annotation_view	KEGG:C00019	S-adenosylmethionine (SAM)	PRDM7	feature_gene_pair	NA	NA	NA	NA	NA	NA	NA	NA	NA	NA	NEEDS_REVIEW	REACTION_SPECIFICITY_PENDING	reports/COAD/current_catalog_v0_1/candidate_catalog.json	hsa:11105	1.58687135491014	9.78479129514819e-08	ORIGINAL_KEGG_NAME_COMPATIBLE	reports/COAD/current_catalog_v0_1/candidate_catalog.json
COAD	COAD	02_MAPPING	20260919T112700Z_shared_delivery_v1	coad_biochemical_v0.1_shared_view_v1	biochemical_annotation_view	KEGG:C00019	S-adenosylmethionine (SAM)	PRDM9	feature_gene_pair	NA	NA	NA	NA	NA	NA	NA	NA	NA	NA	NEEDS_REVIEW	REACTION_ANNOTATION_SUPPORTED_PROVISIONAL	reports/COAD/current_catalog_v0_1/candidate_catalog.json	hsa:56979	1.58687135491014	9.78479129514819e-08	ORIGINAL_KEGG_NAME_COMPATIBLE	reports/COAD/current_catalog_v0_1/candidate_catalog.json
COAD	COAD	02_MAPPING	20260919T112700Z_shared_delivery_v1	coad_biochemical_v0.1_shared_view_v1	biochemical_annotation_view	KEGG:C00019	S-adenosylmethionine (SAM)	PRMT1	feature_gene_pair	NA	NA	NA	NA	NA	NA	NA	NA	NA	NA	NEEDS_REVIEW	REACTION_ANNOTATION_SUPPORTED_PROVISIONAL	reports/COAD/current_catalog_v0_1/candidate_catalog.json	hsa:3276	1.58687135491014	9.78479129514819e-08	ORIGINAL_KEGG_NAME_COMPATIBLE	reports/COAD/current_catalog_v0_1/candidate_catalog.json
COAD	COAD	02_MAPPING	20260919T112700Z_shared_delivery_v1	coad_biochemical_v0.1_shared_view_v1	biochemical_annotation_view	KEGG:C00019	S-adenosylmethionine (SAM)	PRMT2	feature_gene_pair	NA	NA	NA	NA	NA	NA	NA	NA	NA	NA	NEEDS_REVIEW	REACTION_ANNOTATION_SUPPORTED_PROVISIONAL	reports/COAD/current_catalog_v0_1/candidate_catalog.json	hsa:3275	1.58687135491014	9.78479129514819e-08	ORIGINAL_KEGG_NAME_COMPATIBLE	reports/COAD/current_catalog_v0_1/candidate_catalog.json
COAD	COAD	02_MAPPING	20260919T112700Z_shared_delivery_v1	coad_biochemical_v0.1_shared_view_v1	biochemical_annotation_view	KEGG:C00019	S-adenosylmethionine (SAM)	PRMT3	feature_gene_pair	NA	NA	NA	NA	NA	NA	NA	NA	NA	NA	NEEDS_REVIEW	REACTION_ANNOTATION_SUPPORTED_PROVISIONAL	reports/COAD/current_catalog_v0_1/candidate_catalog.json	hsa:10196	1.58687135491014	9.78479129514819e-08	ORIGINAL_KEGG_NAME_COMPATIBLE	reports/COAD/current_catalog_v0_1/candidate_catalog.json
COAD	COAD	02_MAPPING	20260919T112700Z_shared_delivery_v1	coad_biochemical_v0.1_shared_view_v1	biochemical_annotation_view	KEGG:C00019	S-adenosylmethionine (SAM)	PRMT5	feature_gene_pair	NA	NA	NA	NA	NA	NA	NA	NA	NA	NA	NEEDS_REVIEW	REACTION_ANNOTATION_SUPPORTED_PROVISIONAL	reports/COAD/current_catalog_v0_1/candidate_catalog.json	hsa:10419	1.58687135491014	9.78479129514819e-08	ORIGINAL_KEGG_NAME_COMPATIBLE	reports/COAD/current_catalog_v0_1/candidate_catalog.json
COAD	COAD	02_MAPPING	20260919T112700Z_shared_delivery_v1	coad_biochemical_v0.1_shared_view_v1	biochemical_annotation_view	KEGG:C00019	S-adenosylmethionine (SAM)	PRMT6	feature_gene_pair	NA	NA	NA	NA	NA	NA	NA	NA	NA	NA	NEEDS_REVIEW	REACTION_ANNOTATION_SUPPORTED_PROVISIONAL	reports/COAD/current_catalog_v0_1/candidate_catalog.json	hsa:55170	1.58687135491014	9.78479129514819e-08	ORIGINAL_KEGG_NAME_COMPATIBLE	reports/COAD/current_catalog_v0_1/candidate_catalog.json
COAD	COAD	02_MAPPING	20260919T112700Z_shared_delivery_v1	coad_biochemical_v0.1_shared_view_v1	biochemical_annotation_view	KEGG:C00019	S-adenosylmethionine (SAM)	PRMT7	feature_gene_pair	NA	NA	NA	NA	NA	NA	NA	NA	NA	NA	NEEDS_REVIEW	REACTION_ANNOTATION_SUPPORTED_PROVISIONAL	reports/COAD/current_catalog_v0_1/candidate_catalog.json	hsa:54496	1.58687135491014	9.78479129514819e-08	ORIGINAL_KEGG_NAME_COMPATIBLE	reports/COAD/current_catalog_v0_1/candidate_catalog.json
COAD	COAD	02_MAPPING	20260919T112700Z_shared_delivery_v1	coad_biochemical_v0.1_shared_view_v1	biochemical_annotation_view	KEGG:C00019	S-adenosylmethionine (SAM)	PRMT8	feature_gene_pair	NA	NA	NA	NA	NA	NA	NA	NA	NA	NA	NEEDS_REVIEW	REACTION_ANNOTATION_SUPPORTED_PROVISIONAL	reports/COAD/current_catalog_v0_1/candidate_catalog.json	hsa:56341	1.58687135491014	9.78479129514819e-08	ORIGINAL_KEGG_NAME_COMPATIBLE	reports/COAD/current_catalog_v0_1/candidate_catalog.json
COAD	COAD	02_MAPPING	20260919T112700Z_shared_delivery_v1	coad_biochemical_v0.1_shared_view_v1	biochemical_annotation_view	KEGG:C00019	S-adenosylmethionine (SAM)	PRMT9	feature_gene_pair	NA	NA	NA	NA	NA	NA	NA	NA	NA	NA	NEEDS_REVIEW	REACTION_ANNOTATION_SUPPORTED_PROVISIONAL	reports/COAD/current_catalog_v0_1/candidate_catalog.json	hsa:90826	1.58687135491014	9.78479129514819e-08	ORIGINAL_KEGG_NAME_COMPATIBLE	reports/COAD/current_catalog_v0_1/candidate_catalog.json
COAD	COAD	02_MAPPING	20260919T112700Z_shared_delivery_v1	coad_biochemical_v0.1_shared_view_v1	biochemical_annotation_view	KEGG:C00019	S-adenosylmethionine (SAM)	RNMT	feature_gene_pair	NA	NA	NA	NA	NA	NA	NA	NA	NA	NA	NEEDS_REVIEW	REACTION_SPECIFICITY_PENDING	reports/COAD/current_catalog_v0_1/candidate_catalog.json	hsa:8731	1.58687135491014	9.78479129514819e-08	ORIGINAL_KEGG_NAME_COMPATIBLE	reports/COAD/current_catalog_v0_1/candidate_catalog.json
COAD	COAD	02_MAPPING	20260919T112700Z_shared_delivery_v1	coad_biochemical_v0.1_shared_view_v1	biochemical_annotation_view	KEGG:C00019	S-adenosylmethionine (SAM)	SETD1A	feature_gene_pair	NA	NA	NA	NA	NA	NA	NA	NA	NA	NA	NEEDS_REVIEW	REACTION_SPECIFICITY_PENDING	reports/COAD/current_catalog_v0_1/candidate_catalog.json	hsa:9739	1.58687135491014	9.78479129514819e-08	ORIGINAL_KEGG_NAME_COMPATIBLE	reports/COAD/current_catalog_v0_1/candidate_catalog.json
COAD	COAD	02_MAPPING	20260919T112700Z_shared_delivery_v1	coad_biochemical_v0.1_shared_view_v1	biochemical_annotation_view	KEGG:C00019	S-adenosylmethionine (SAM)	SETD1B	feature_gene_pair	NA	NA	NA	NA	NA	NA	NA	NA	NA	NA	NEEDS_REVIEW	REACTION_SPECIFICITY_PENDING	reports/COAD/current_catalog_v0_1/candidate_catalog.json	hsa:23067	1.58687135491014	9.78479129514819e-08	ORIGINAL_KEGG_NAME_COMPATIBLE	reports/COAD/current_catalog_v0_1/candidate_catalog.json
COAD	COAD	02_MAPPING	20260919T112700Z_shared_delivery_v1	coad_biochemical_v0.1_shared_view_v1	biochemical_annotation_view	KEGG:C00019	S-adenosylmethionine (SAM)	SETD2	feature_gene_pair	NA	NA	NA	NA	NA	NA	NA	NA	NA	NA	NEEDS_REVIEW	REACTION_ANNOTATION_SUPPORTED_PROVISIONAL	reports/COAD/current_catalog_v0_1/candidate_catalog.json	hsa:29072	1.58687135491014	9.78479129514819e-08	ORIGINAL_KEGG_NAME_COMPATIBLE	reports/COAD/current_catalog_v0_1/candidate_catalog.json
COAD	COAD	02_MAPPING	20260919T112700Z_shared_delivery_v1	coad_biochemical_v0.1_shared_view_v1	biochemical_annotation_view	KEGG:C00019	S-adenosylmethionine (SAM)	SETD7	feature_gene_pair	NA	NA	NA	NA	NA	NA	NA	NA	NA	NA	NEEDS_REVIEW	REACTION_ANNOTATION_SUPPORTED_PROVISIONAL	reports/COAD/current_catalog_v0_1/candidate_catalog.json	hsa:80854	1.58687135491014	9.78479129514819e-08	ORIGINAL_KEGG_NAME_COMPATIBLE	reports/COAD/current_catalog_v0_1/candidate_catalog.json
COAD	COAD	02_MAPPING	20260919T112700Z_shared_delivery_v1	coad_biochemical_v0.1_shared_view_v1	biochemical_annotation_view	KEGG:C00019	S-adenosylmethionine (SAM)	SETDB1	feature_gene_pair	NA	NA	NA	NA	NA	NA	NA	NA	NA	NA	NEEDS_REVIEW	REACTION_SPECIFICITY_PENDING	reports/COAD/current_catalog_v0_1/candidate_catalog.json	hsa:9869	1.58687135491014	9.78479129514819e-08	ORIGINAL_KEGG_NAME_COMPATIBLE	reports/COAD/current_catalog_v0_1/candidate_catalog.json
COAD	COAD	02_MAPPING	20260919T112700Z_shared_delivery_v1	coad_biochemical_v0.1_shared_view_v1	biochemical_annotation_view	KEGG:C00019	S-adenosylmethionine (SAM)	SETDB2	feature_gene_pair	NA	NA	NA	NA	NA	NA	NA	NA	NA	NA	NEEDS_REVIEW	REACTION_SPECIFICITY_PENDING	reports/COAD/current_catalog_v0_1/candidate_catalog.json	hsa:83852	1.58687135491014	9.78479129514819e-08	ORIGINAL_KEGG_NAME_COMPATIBLE	reports/COAD/current_catalog_v0_1/candidate_catalog.json
COAD	COAD	02_MAPPING	20260919T112700Z_shared_delivery_v1	coad_biochemical_v0.1_shared_view_v1	biochemical_annotation_view	KEGG:C00019	S-adenosylmethionine (SAM)	SETDB2-PHF11	feature_gene_pair	NA	NA	NA	NA	NA	NA	NA	NA	NA	NA	NOT_EVALUABLE	UNIPROT_RECORD_NOT_EVALUABLE	reports/COAD/current_catalog_v0_1/candidate_catalog.json	hsa:107303344	1.58687135491014	9.78479129514819e-08	ORIGINAL_KEGG_NAME_COMPATIBLE	reports/COAD/current_catalog_v0_1/candidate_catalog.json
COAD	COAD	02_MAPPING	20260919T112700Z_shared_delivery_v1	coad_biochemical_v0.1_shared_view_v1	biochemical_annotation_view	KEGG:C00019	S-adenosylmethionine (SAM)	SETMAR	feature_gene_pair	NA	NA	NA	NA	NA	NA	NA	NA	NA	NA	NEEDS_REVIEW	REACTION_SPECIFICITY_PENDING	reports/COAD/current_catalog_v0_1/candidate_catalog.json	hsa:6419	1.58687135491014	9.78479129514819e-08	ORIGINAL_KEGG_NAME_COMPATIBLE	reports/COAD/current_catalog_v0_1/candidate_catalog.json
COAD	COAD	02_MAPPING	20260919T112700Z_shared_delivery_v1	coad_biochemical_v0.1_shared_view_v1	biochemical_annotation_view	KEGG:C00019	S-adenosylmethionine (SAM)	SLC25A26	feature_gene_pair	NA	NA	NA	NA	NA	NA	NA	NA	NA	NA	NEEDS_REVIEW	REACTION_ANNOTATION_SUPPORTED_PROVISIONAL	reports/COAD/current_catalog_v0_1/candidate_catalog.json	hsa:115286	1.58687135491014	9.78479129514819e-08	ORIGINAL_KEGG_NAME_COMPATIBLE	reports/COAD/current_catalog_v0_1/candidate_catalog.json
COAD	COAD	02_MAPPING	20260919T112700Z_shared_delivery_v1	coad_biochemical_v0.1_shared_view_v1	biochemical_annotation_view	KEGG:C00019	S-adenosylmethionine (SAM)	SMYD1	feature_gene_pair	NA	NA	NA	NA	NA	NA	NA	NA	NA	NA	NEEDS_REVIEW	REACTION_SPECIFICITY_PENDING	reports/COAD/current_catalog_v0_1/candidate_catalog.json	hsa:150572	1.58687135491014	9.78479129514819e-08	ORIGINAL_KEGG_NAME_COMPATIBLE	reports/COAD/current_catalog_v0_1/candidate_catalog.json
COAD	COAD	02_MAPPING	20260919T112700Z_shared_delivery_v1	coad_biochemical_v0.1_shared_view_v1	biochemical_annotation_view	KEGG:C00019	S-adenosylmethionine (SAM)	SMYD2	feature_gene_pair	NA	NA	NA	NA	NA	NA	NA	NA	NA	NA	NEEDS_REVIEW	REACTION_ANNOTATION_SUPPORTED_PROVISIONAL	reports/COAD/current_catalog_v0_1/candidate_catalog.json	hsa:56950	1.58687135491014	9.78479129514819e-08	ORIGINAL_KEGG_NAME_COMPATIBLE	reports/COAD/current_catalog_v0_1/candidate_catalog.json
COAD	COAD	02_MAPPING	20260919T112700Z_shared_delivery_v1	coad_biochemical_v0.1_shared_view_v1	biochemical_annotation_view	KEGG:C00019	S-adenosylmethionine (SAM)	SMYD3	feature_gene_pair	NA	NA	NA	NA	NA	NA	NA	NA	NA	NA	NEEDS_REVIEW	REACTION_SPECIFICITY_PENDING	reports/COAD/current_catalog_v0_1/candidate_catalog.json	hsa:64754	1.58687135491014	9.78479129514819e-08	ORIGINAL_KEGG_NAME_COMPATIBLE	reports/COAD/current_catalog_v0_1/candidate_catalog.json
COAD	COAD	02_MAPPING	20260919T112700Z_shared_delivery_v1	coad_biochemical_v0.1_shared_view_v1	biochemical_annotation_view	KEGG:C00019	S-adenosylmethionine (SAM)	SUV39H1	feature_gene_pair	NA	NA	NA	NA	NA	NA	NA	NA	NA	NA	NEEDS_REVIEW	REACTION_SPECIFICITY_PENDING	reports/COAD/current_catalog_v0_1/candidate_catalog.json	hsa:6839	1.58687135491014	9.78479129514819e-08	ORIGINAL_KEGG_NAME_COMPATIBLE	reports/COAD/current_catalog_v0_1/candidate_catalog.json
COAD	COAD	02_MAPPING	20260919T112700Z_shared_delivery_v1	coad_biochemical_v0.1_shared_view_v1	biochemical_annotation_view	KEGG:C00019	S-adenosylmethionine (SAM)	SUV39H2	feature_gene_pair	NA	NA	NA	NA	NA	NA	NA	NA	NA	NA	NEEDS_REVIEW	REACTION_SPECIFICITY_PENDING	reports/COAD/current_catalog_v0_1/candidate_catalog.json	hsa:79723	1.58687135491014	9.78479129514819e-08	ORIGINAL_KEGG_NAME_COMPATIBLE	reports/COAD/current_catalog_v0_1/candidate_catalog.json
COAD	COAD	02_MAPPING	20260919T112700Z_shared_delivery_v1	coad_biochemical_v0.1_shared_view_v1	biochemical_annotation_view	KEGG:C00019	S-adenosylmethionine (SAM)	TOMT	feature_gene_pair	NA	NA	NA	NA	NA	NA	NA	NA	NA	NA	NOT_EVALUABLE	UNIPROT_RECORD_NOT_EVALUABLE	reports/COAD/current_catalog_v0_1/candidate_catalog.json	hsa:120356740	1.58687135491014	9.78479129514819e-08	ORIGINAL_KEGG_NAME_COMPATIBLE	reports/COAD/current_catalog_v0_1/candidate_catalog.json
COAD	COAD	02_MAPPING	20260919T112700Z_shared_delivery_v1	coad_biochemical_v0.1_shared_view_v1	biochemical_annotation_view	KEGG:C00019	S-adenosylmethionine (SAM)	TPMT	feature_gene_pair	NA	NA	NA	NA	NA	NA	NA	NA	NA	NA	NEEDS_REVIEW	REACTION_ANNOTATION_SUPPORTED_PROVISIONAL	reports/COAD/current_catalog_v0_1/candidate_catalog.json	hsa:7172	1.58687135491014	9.78479129514819e-08	ORIGINAL_KEGG_NAME_COMPATIBLE	reports/COAD/current_catalog_v0_1/candidate_catalog.json
COAD	COAD	02_MAPPING	20260919T112700Z_shared_delivery_v1	coad_biochemical_v0.1_shared_view_v1	biochemical_annotation_view	KEGG:C00019	S-adenosylmethionine (SAM)	TRMT5	feature_gene_pair	NA	NA	NA	NA	NA	NA	NA	NA	NA	NA	NEEDS_REVIEW	REACTION_ANNOTATION_SUPPORTED_PROVISIONAL	reports/COAD/current_catalog_v0_1/candidate_catalog.json	hsa:57570	1.58687135491014	9.78479129514819e-08	ORIGINAL_KEGG_NAME_COMPATIBLE	reports/COAD/current_catalog_v0_1/candidate_catalog.json
COAD	COAD	02_MAPPING	20260919T112700Z_shared_delivery_v1	coad_biochemical_v0.1_shared_view_v1	biochemical_annotation_view	KEGG:C00043	UDP-N-acetylglucosamine	B3GNT2	feature_gene_pair	NA	NA	NA	NA	NA	NA	NA	NA	NA	NA	NEEDS_REVIEW	REACTION_SPECIFICITY_PENDING	reports/COAD/current_catalog_v0_1/candidate_catalog.json	hsa:10678	0.939007643120185	0.000290785192477196	ORIGINAL_KEGG_NAME_COMPATIBLE	reports/COAD/current_catalog_v0_1/candidate_catalog.json
COAD	COAD	02_MAPPING	20260919T112700Z_shared_delivery_v1	coad_biochemical_v0.1_shared_view_v1	biochemical_annotation_view	KEGG:C00043	UDP-N-acetylglucosamine	B3GNT3	feature_gene_pair	NA	NA	NA	NA	NA	NA	NA	NA	NA	NA	NEEDS_REVIEW	REACTION_ANNOTATION_SUPPORTED_PROVISIONAL	reports/COAD/current_catalog_v0_1/candidate_catalog.json	hsa:10331	0.939007643120185	0.000290785192477196	ORIGINAL_KEGG_NAME_COMPATIBLE	reports/COAD/current_catalog_v0_1/candidate_catalog.json
COAD	COAD	02_MAPPING	20260919T112700Z_shared_delivery_v1	coad_biochemical_v0.1_shared_view_v1	biochemical_annotation_view	KEGG:C00043	UDP-N-acetylglucosamine	B3GNT4	feature_gene_pair	NA	NA	NA	NA	NA	NA	NA	NA	NA	NA	NEEDS_REVIEW	REACTION_SPECIFICITY_PENDING	reports/COAD/current_catalog_v0_1/candidate_catalog.json	hsa:79369	0.939007643120185	0.000290785192477196	ORIGINAL_KEGG_NAME_COMPATIBLE	reports/COAD/current_catalog_v0_1/candidate_catalog.json
COAD	COAD	02_MAPPING	20260919T112700Z_shared_delivery_v1	coad_biochemical_v0.1_shared_view_v1	biochemical_annotation_view	KEGG:C00043	UDP-N-acetylglucosamine	DPAGT1	feature_gene_pair	NA	NA	NA	NA	NA	NA	NA	NA	NA	NA	NEEDS_REVIEW	REACTION_SPECIFICITY_PENDING	reports/COAD/current_catalog_v0_1/candidate_catalog.json	hsa:1798	0.939007643120185	0.000290785192477196	ORIGINAL_KEGG_NAME_COMPATIBLE	reports/COAD/current_catalog_v0_1/candidate_catalog.json
COAD	COAD	02_MAPPING	20260919T112700Z_shared_delivery_v1	coad_biochemical_v0.1_shared_view_v1	biochemical_annotation_view	KEGG:C00043	UDP-N-acetylglucosamine	EOGT	feature_gene_pair	NA	NA	NA	NA	NA	NA	NA	NA	NA	NA	NEEDS_REVIEW	REACTION_ANNOTATION_SUPPORTED_PROVISIONAL	reports/COAD/current_catalog_v0_1/candidate_catalog.json	hsa:285203	0.939007643120185	0.000290785192477196	ORIGINAL_KEGG_NAME_COMPATIBLE	reports/COAD/current_catalog_v0_1/candidate_catalog.json
COAD	COAD	02_MAPPING	20260919T112700Z_shared_delivery_v1	coad_biochemical_v0.1_shared_view_v1	biochemical_annotation_view	KEGG:C00043	UDP-N-acetylglucosamine	GNE	feature_gene_pair	NA	NA	NA	NA	NA	NA	NA	NA	NA	NA	NEEDS_REVIEW	REACTION_ANNOTATION_SUPPORTED_PROVISIONAL	reports/COAD/current_catalog_v0_1/candidate_catalog.json	hsa:10020	0.939007643120185	0.000290785192477196	ORIGINAL_KEGG_NAME_COMPATIBLE	reports/COAD/current_catalog_v0_1/candidate_catalog.json
COAD	COAD	02_MAPPING	20260919T112700Z_shared_delivery_v1	coad_biochemical_v0.1_shared_view_v1	biochemical_annotation_view	KEGG:C00043	UDP-N-acetylglucosamine	OGT	feature_gene_pair	NA	NA	NA	NA	NA	NA	NA	NA	NA	NA	NEEDS_REVIEW	REACTION_ANNOTATION_SUPPORTED_PROVISIONAL	reports/COAD/current_catalog_v0_1/candidate_catalog.json	hsa:8473	0.939007643120185	0.000290785192477196	ORIGINAL_KEGG_NAME_COMPATIBLE	reports/COAD/current_catalog_v0_1/candidate_catalog.json
COAD	COAD	02_MAPPING	20260919T112700Z_shared_delivery_v1	coad_biochemical_v0.1_shared_view_v1	biochemical_annotation_view	KEGG:C00043	UDP-N-acetylglucosamine	POMGNT2	feature_gene_pair	NA	NA	NA	NA	NA	NA	NA	NA	NA	NA	NEEDS_REVIEW	REACTION_ANNOTATION_SUPPORTED_PROVISIONAL	reports/COAD/current_catalog_v0_1/candidate_catalog.json	hsa:84892	0.939007643120185	0.000290785192477196	ORIGINAL_KEGG_NAME_COMPATIBLE	reports/COAD/current_catalog_v0_1/candidate_catalog.json
COAD	COAD	02_MAPPING	20260919T112700Z_shared_delivery_v1	coad_biochemical_v0.1_shared_view_v1	biochemical_annotation_view	KEGG:C00043	UDP-N-acetylglucosamine	SLC35A2	feature_gene_pair	NA	NA	NA	NA	NA	NA	NA	NA	NA	NA	NEEDS_REVIEW	REACTION_ANNOTATION_SUPPORTED_PROVISIONAL	reports/COAD/current_catalog_v0_1/candidate_catalog.json	hsa:7355	0.939007643120185	0.000290785192477196	ORIGINAL_KEGG_NAME_COMPATIBLE	reports/COAD/current_catalog_v0_1/candidate_catalog.json
COAD	COAD	02_MAPPING	20260919T112700Z_shared_delivery_v1	coad_biochemical_v0.1_shared_view_v1	biochemical_annotation_view	KEGG:C00043	UDP-N-acetylglucosamine	SLC35A3	feature_gene_pair	NA	NA	NA	NA	NA	NA	NA	NA	NA	NA	NEEDS_REVIEW	REACTION_ANNOTATION_SUPPORTED_PROVISIONAL	reports/COAD/current_catalog_v0_1/candidate_catalog.json	hsa:23443	0.939007643120185	0.000290785192477196	ORIGINAL_KEGG_NAME_COMPATIBLE	reports/COAD/current_catalog_v0_1/candidate_catalog.json
COAD	COAD	02_MAPPING	20260919T112700Z_shared_delivery_v1	coad_biochemical_v0.1_shared_view_v1	biochemical_annotation_view	KEGG:C00043	UDP-N-acetylglucosamine	SLC35A5	feature_gene_pair	NA	NA	NA	NA	NA	NA	NA	NA	NA	NA	NEEDS_REVIEW	REACTION_ANNOTATION_SUPPORTED_PROVISIONAL	reports/COAD/current_catalog_v0_1/candidate_catalog.json	hsa:55032	0.939007643120185	0.000290785192477196	ORIGINAL_KEGG_NAME_COMPATIBLE	reports/COAD/current_catalog_v0_1/candidate_catalog.json
COAD	COAD	02_MAPPING	20260919T112700Z_shared_delivery_v1	coad_biochemical_v0.1_shared_view_v1	biochemical_annotation_view	KEGG:C00043	UDP-N-acetylglucosamine	SLC35B4	feature_gene_pair	NA	NA	NA	NA	NA	NA	NA	NA	NA	NA	NEEDS_REVIEW	REACTION_ANNOTATION_SUPPORTED_PROVISIONAL	reports/COAD/current_catalog_v0_1/candidate_catalog.json	hsa:84912	0.939007643120185	0.000290785192477196	ORIGINAL_KEGG_NAME_COMPATIBLE	reports/COAD/current_catalog_v0_1/candidate_catalog.json
COAD	COAD	02_MAPPING	20260919T112700Z_shared_delivery_v1	coad_biochemical_v0.1_shared_view_v1	biochemical_annotation_view	KEGG:C00043	UDP-N-acetylglucosamine	SLC35D1	feature_gene_pair	NA	NA	NA	NA	NA	NA	NA	NA	NA	NA	NEEDS_REVIEW	REACTION_ANNOTATION_SUPPORTED_PROVISIONAL	reports/COAD/current_catalog_v0_1/candidate_catalog.json	hsa:23169	0.939007643120185	0.000290785192477196	ORIGINAL_KEGG_NAME_COMPATIBLE	reports/COAD/current_catalog_v0_1/candidate_catalog.json
COAD	COAD	02_MAPPING	20260919T112700Z_shared_delivery_v1	coad_biochemical_v0.1_shared_view_v1	biochemical_annotation_view	KEGG:C00043	UDP-N-acetylglucosamine	SLC35D2	feature_gene_pair	NA	NA	NA	NA	NA	NA	NA	NA	NA	NA	NEEDS_REVIEW	REACTION_ANNOTATION_SUPPORTED_PROVISIONAL	reports/COAD/current_catalog_v0_1/candidate_catalog.json	hsa:11046	0.939007643120185	0.000290785192477196	ORIGINAL_KEGG_NAME_COMPATIBLE	reports/COAD/current_catalog_v0_1/candidate_catalog.json
COAD	COAD	02_MAPPING	20260919T112700Z_shared_delivery_v1	coad_biochemical_v0.1_shared_view_v1	biochemical_annotation_view	KEGG:C00043	UDP-N-acetylglucosamine	SLC35D4	feature_gene_pair	NA	NA	NA	NA	NA	NA	NA	NA	NA	NA	NEEDS_REVIEW	REACTION_ANNOTATION_SUPPORTED_PROVISIONAL	reports/COAD/current_catalog_v0_1/candidate_catalog.json	hsa:85019	0.939007643120185	0.000290785192477196	ORIGINAL_KEGG_NAME_COMPATIBLE	reports/COAD/current_catalog_v0_1/candidate_catalog.json
COAD	COAD	02_MAPPING	20260919T112700Z_shared_delivery_v1	coad_biochemical_v0.1_shared_view_v1	biochemical_annotation_view	KEGG:C00043	UDP-N-acetylglucosamine	UAP1	feature_gene_pair	NA	NA	NA	NA	NA	NA	NA	NA	NA	NA	NEEDS_REVIEW	REACTION_ANNOTATION_SUPPORTED_PROVISIONAL	reports/COAD/current_catalog_v0_1/candidate_catalog.json	hsa:6675	0.939007643120185	0.000290785192477196	ORIGINAL_KEGG_NAME_COMPATIBLE	reports/COAD/current_catalog_v0_1/candidate_catalog.json
COAD	COAD	02_MAPPING	20260919T112700Z_shared_delivery_v1	coad_biochemical_v0.1_shared_view_v1	biochemical_annotation_view	KEGG:C00043	UDP-N-acetylglucosamine	UAP1L1	feature_gene_pair	NA	NA	NA	NA	NA	NA	NA	NA	NA	NA	NEEDS_REVIEW	REACTION_SPECIFICITY_PENDING	reports/COAD/current_catalog_v0_1/candidate_catalog.json	hsa:91373	0.939007643120185	0.000290785192477196	ORIGINAL_KEGG_NAME_COMPATIBLE	reports/COAD/current_catalog_v0_1/candidate_catalog.json
COAD	COAD	02_MAPPING	20260919T112700Z_shared_delivery_v1	coad_biochemical_v0.1_shared_view_v1	biochemical_annotation_view	KEGG:C00167	UDP-glucuronate	CHPF	feature_gene_pair	NA	NA	NA	NA	NA	NA	NA	NA	NA	NA	NEEDS_REVIEW	REACTION_SPECIFICITY_PENDING	reports/COAD/current_catalog_v0_1/candidate_catalog.json	hsa:79586	0.51439178620292	0.0104274039204103	ORIGINAL_KEGG_NAME_COMPATIBLE	reports/COAD/current_catalog_v0_1/candidate_catalog.json
COAD	COAD	02_MAPPING	20260919T112700Z_shared_delivery_v1	coad_biochemical_v0.1_shared_view_v1	biochemical_annotation_view	KEGG:C00167	UDP-glucuronate	CHPF2	feature_gene_pair	NA	NA	NA	NA	NA	NA	NA	NA	NA	NA	NEEDS_REVIEW	REACTION_SPECIFICITY_PENDING	reports/COAD/current_catalog_v0_1/candidate_catalog.json	hsa:54480	0.51439178620292	0.0104274039204103	ORIGINAL_KEGG_NAME_COMPATIBLE	reports/COAD/current_catalog_v0_1/candidate_catalog.json
COAD	COAD	02_MAPPING	20260919T112700Z_shared_delivery_v1	coad_biochemical_v0.1_shared_view_v1	biochemical_annotation_view	KEGG:C00167	UDP-glucuronate	CHSY1	feature_gene_pair	NA	NA	NA	NA	NA	NA	NA	NA	NA	NA	NEEDS_REVIEW	REACTION_SPECIFICITY_PENDING	reports/COAD/current_catalog_v0_1/candidate_catalog.json	hsa:22856	0.51439178620292	0.0104274039204103	ORIGINAL_KEGG_NAME_COMPATIBLE	reports/COAD/current_catalog_v0_1/candidate_catalog.json
COAD	COAD	02_MAPPING	20260919T112700Z_shared_delivery_v1	coad_biochemical_v0.1_shared_view_v1	biochemical_annotation_view	KEGG:C00167	UDP-glucuronate	CHSY3	feature_gene_pair	NA	NA	NA	NA	NA	NA	NA	NA	NA	NA	NEEDS_REVIEW	REACTION_SPECIFICITY_PENDING	reports/COAD/current_catalog_v0_1/candidate_catalog.json	hsa:337876	0.51439178620292	0.0104274039204103	ORIGINAL_KEGG_NAME_COMPATIBLE	reports/COAD/current_catalog_v0_1/candidate_catalog.json
COAD	COAD	02_MAPPING	20260919T112700Z_shared_delivery_v1	coad_biochemical_v0.1_shared_view_v1	biochemical_annotation_view	KEGG:C00167	UDP-glucuronate	SLC35A5	feature_gene_pair	NA	NA	NA	NA	NA	NA	NA	NA	NA	NA	NEEDS_REVIEW	REACTION_ANNOTATION_SUPPORTED_PROVISIONAL	reports/COAD/current_catalog_v0_1/candidate_catalog.json	hsa:55032	0.51439178620292	0.0104274039204103	ORIGINAL_KEGG_NAME_COMPATIBLE	reports/COAD/current_catalog_v0_1/candidate_catalog.json
COAD	COAD	02_MAPPING	20260919T112700Z_shared_delivery_v1	coad_biochemical_v0.1_shared_view_v1	biochemical_annotation_view	KEGG:C00167	UDP-glucuronate	SLC35B4	feature_gene_pair	NA	NA	NA	NA	NA	NA	NA	NA	NA	NA	NEEDS_REVIEW	REACTION_ANNOTATION_SUPPORTED_PROVISIONAL	reports/COAD/current_catalog_v0_1/candidate_catalog.json	hsa:84912	0.51439178620292	0.0104274039204103	ORIGINAL_KEGG_NAME_COMPATIBLE	reports/COAD/current_catalog_v0_1/candidate_catalog.json
COAD	COAD	02_MAPPING	20260919T112700Z_shared_delivery_v1	coad_biochemical_v0.1_shared_view_v1	biochemical_annotation_view	KEGG:C00167	UDP-glucuronate	SLC35D1	feature_gene_pair	NA	NA	NA	NA	NA	NA	NA	NA	NA	NA	NEEDS_REVIEW	REACTION_ANNOTATION_SUPPORTED_PROVISIONAL	reports/COAD/current_catalog_v0_1/candidate_catalog.json	hsa:23169	0.51439178620292	0.0104274039204103	ORIGINAL_KEGG_NAME_COMPATIBLE	reports/COAD/current_catalog_v0_1/candidate_catalog.json
COAD	COAD	02_MAPPING	20260919T112700Z_shared_delivery_v1	coad_biochemical_v0.1_shared_view_v1	biochemical_annotation_view	KEGG:C00167	UDP-glucuronate	UGDH	feature_gene_pair	NA	NA	NA	NA	NA	NA	NA	NA	NA	NA	NEEDS_REVIEW	REACTION_ANNOTATION_SUPPORTED_PROVISIONAL	reports/COAD/current_catalog_v0_1/candidate_catalog.json	hsa:7358	0.51439178620292	0.0104274039204103	ORIGINAL_KEGG_NAME_COMPATIBLE	reports/COAD/current_catalog_v0_1/candidate_catalog.json
COAD	COAD	02_MAPPING	20260919T112700Z_shared_delivery_v1	coad_biochemical_v0.1_shared_view_v1	biochemical_annotation_view	KEGG:C00167	UDP-glucuronate	UGT1A1	feature_gene_pair	NA	NA	NA	NA	NA	NA	NA	NA	NA	NA	NEEDS_REVIEW	REACTION_ANNOTATION_SUPPORTED_PROVISIONAL	reports/COAD/current_catalog_v0_1/candidate_catalog.json	hsa:54658	0.51439178620292	0.0104274039204103	ORIGINAL_KEGG_NAME_COMPATIBLE	reports/COAD/current_catalog_v0_1/candidate_catalog.json
COAD	COAD	02_MAPPING	20260919T112700Z_shared_delivery_v1	coad_biochemical_v0.1_shared_view_v1	biochemical_annotation_view	KEGG:C00167	UDP-glucuronate	UGT1A10	feature_gene_pair	NA	NA	NA	NA	NA	NA	NA	NA	NA	NA	NEEDS_REVIEW	REACTION_ANNOTATION_SUPPORTED_PROVISIONAL	reports/COAD/current_catalog_v0_1/candidate_catalog.json	hsa:54575	0.51439178620292	0.0104274039204103	ORIGINAL_KEGG_NAME_COMPATIBLE	reports/COAD/current_catalog_v0_1/candidate_catalog.json
COAD	COAD	02_MAPPING	20260919T112700Z_shared_delivery_v1	coad_biochemical_v0.1_shared_view_v1	biochemical_annotation_view	KEGG:C00167	UDP-glucuronate	UGT1A3	feature_gene_pair	NA	NA	NA	NA	NA	NA	NA	NA	NA	NA	NEEDS_REVIEW	REACTION_ANNOTATION_SUPPORTED_PROVISIONAL	reports/COAD/current_catalog_v0_1/candidate_catalog.json	hsa:54659	0.51439178620292	0.0104274039204103	ORIGINAL_KEGG_NAME_COMPATIBLE	reports/COAD/current_catalog_v0_1/candidate_catalog.json
COAD	COAD	02_MAPPING	20260919T112700Z_shared_delivery_v1	coad_biochemical_v0.1_shared_view_v1	biochemical_annotation_view	KEGG:C00167	UDP-glucuronate	UGT1A4	feature_gene_pair	NA	NA	NA	NA	NA	NA	NA	NA	NA	NA	NEEDS_REVIEW	REACTION_ANNOTATION_SUPPORTED_PROVISIONAL	reports/COAD/current_catalog_v0_1/candidate_catalog.json	hsa:54657	0.51439178620292	0.0104274039204103	ORIGINAL_KEGG_NAME_COMPATIBLE	reports/COAD/current_catalog_v0_1/candidate_catalog.json
COAD	COAD	02_MAPPING	20260919T112700Z_shared_delivery_v1	coad_biochemical_v0.1_shared_view_v1	biochemical_annotation_view	KEGG:C00167	UDP-glucuronate	UGT1A5	feature_gene_pair	NA	NA	NA	NA	NA	NA	NA	NA	NA	NA	NEEDS_REVIEW	REACTION_ANNOTATION_SUPPORTED_PROVISIONAL	reports/COAD/current_catalog_v0_1/candidate_catalog.json	hsa:54579	0.51439178620292	0.0104274039204103	ORIGINAL_KEGG_NAME_COMPATIBLE	reports/COAD/current_catalog_v0_1/candidate_catalog.json
COAD	COAD	02_MAPPING	20260919T112700Z_shared_delivery_v1	coad_biochemical_v0.1_shared_view_v1	biochemical_annotation_view	KEGG:C00167	UDP-glucuronate	UGT1A6	feature_gene_pair	NA	NA	NA	NA	NA	NA	NA	NA	NA	NA	NEEDS_REVIEW	REACTION_ANNOTATION_SUPPORTED_PROVISIONAL	reports/COAD/current_catalog_v0_1/candidate_catalog.json	hsa:54578	0.51439178620292	0.0104274039204103	ORIGINAL_KEGG_NAME_COMPATIBLE	reports/COAD/current_catalog_v0_1/candidate_catalog.json
COAD	COAD	02_MAPPING	20260919T112700Z_shared_delivery_v1	coad_biochemical_v0.1_shared_view_v1	biochemical_annotation_view	KEGG:C00167	UDP-glucuronate	UGT1A7	feature_gene_pair	NA	NA	NA	NA	NA	NA	NA	NA	NA	NA	NEEDS_REVIEW	REACTION_ANNOTATION_SUPPORTED_PROVISIONAL	reports/COAD/current_catalog_v0_1/candidate_catalog.json	hsa:54577	0.51439178620292	0.0104274039204103	ORIGINAL_KEGG_NAME_COMPATIBLE	reports/COAD/current_catalog_v0_1/candidate_catalog.json
COAD	COAD	02_MAPPING	20260919T112700Z_shared_delivery_v1	coad_biochemical_v0.1_shared_view_v1	biochemical_annotation_view	KEGG:C00167	UDP-glucuronate	UGT1A8	feature_gene_pair	NA	NA	NA	NA	NA	NA	NA	NA	NA	NA	NEEDS_REVIEW	REACTION_ANNOTATION_SUPPORTED_PROVISIONAL	reports/COAD/current_catalog_v0_1/candidate_catalog.json	hsa:54576	0.51439178620292	0.0104274039204103	ORIGINAL_KEGG_NAME_COMPATIBLE	reports/COAD/current_catalog_v0_1/candidate_catalog.json
COAD	COAD	02_MAPPING	20260919T112700Z_shared_delivery_v1	coad_biochemical_v0.1_shared_view_v1	biochemical_annotation_view	KEGG:C00167	UDP-glucuronate	UGT1A9	feature_gene_pair	NA	NA	NA	NA	NA	NA	NA	NA	NA	NA	NEEDS_REVIEW	REACTION_ANNOTATION_SUPPORTED_PROVISIONAL	reports/COAD/current_catalog_v0_1/candidate_catalog.json	hsa:54600	0.51439178620292	0.0104274039204103	ORIGINAL_KEGG_NAME_COMPATIBLE	reports/COAD/current_catalog_v0_1/candidate_catalog.json
COAD	COAD	02_MAPPING	20260919T112700Z_shared_delivery_v1	coad_biochemical_v0.1_shared_view_v1	biochemical_annotation_view	KEGG:C00167	UDP-glucuronate	UGT2A1	feature_gene_pair	NA	NA	NA	NA	NA	NA	NA	NA	NA	NA	NEEDS_REVIEW	REACTION_ANNOTATION_SUPPORTED_PROVISIONAL	reports/COAD/current_catalog_v0_1/candidate_catalog.json	hsa:10941	0.51439178620292	0.0104274039204103	ORIGINAL_KEGG_NAME_COMPATIBLE	reports/COAD/current_catalog_v0_1/candidate_catalog.json
COAD	COAD	02_MAPPING	20260919T112700Z_shared_delivery_v1	coad_biochemical_v0.1_shared_view_v1	biochemical_annotation_view	KEGG:C00167	UDP-glucuronate	UGT2A2	feature_gene_pair	NA	NA	NA	NA	NA	NA	NA	NA	NA	NA	NEEDS_REVIEW	REACTION_ANNOTATION_SUPPORTED_PROVISIONAL	reports/COAD/current_catalog_v0_1/candidate_catalog.json	hsa:574537	0.51439178620292	0.0104274039204103	ORIGINAL_KEGG_NAME_COMPATIBLE	reports/COAD/current_catalog_v0_1/candidate_catalog.json
COAD	COAD	02_MAPPING	20260919T112700Z_shared_delivery_v1	coad_biochemical_v0.1_shared_view_v1	biochemical_annotation_view	KEGG:C00167	UDP-glucuronate	UGT2A3	feature_gene_pair	NA	NA	NA	NA	NA	NA	NA	NA	NA	NA	NEEDS_REVIEW	REACTION_ANNOTATION_SUPPORTED_PROVISIONAL	reports/COAD/current_catalog_v0_1/candidate_catalog.json	hsa:79799	0.51439178620292	0.0104274039204103	ORIGINAL_KEGG_NAME_COMPATIBLE	reports/COAD/current_catalog_v0_1/candidate_catalog.json
COAD	COAD	02_MAPPING	20260919T112700Z_shared_delivery_v1	coad_biochemical_v0.1_shared_view_v1	biochemical_annotation_view	KEGG:C00167	UDP-glucuronate	UGT2B10	feature_gene_pair	NA	NA	NA	NA	NA	NA	NA	NA	NA	NA	NEEDS_REVIEW	REACTION_ANNOTATION_SUPPORTED_PROVISIONAL	reports/COAD/current_catalog_v0_1/candidate_catalog.json	hsa:7365	0.51439178620292	0.0104274039204103	ORIGINAL_KEGG_NAME_COMPATIBLE	reports/COAD/current_catalog_v0_1/candidate_catalog.json
COAD	COAD	02_MAPPING	20260919T112700Z_shared_delivery_v1	coad_biochemical_v0.1_shared_view_v1	biochemical_annotation_view	KEGG:C00167	UDP-glucuronate	UGT2B11	feature_gene_pair	NA	NA	NA	NA	NA	NA	NA	NA	NA	NA	NEEDS_REVIEW	REACTION_ANNOTATION_SUPPORTED_PROVISIONAL	reports/COAD/current_catalog_v0_1/candidate_catalog.json	hsa:10720	0.51439178620292	0.0104274039204103	ORIGINAL_KEGG_NAME_COMPATIBLE	reports/COAD/current_catalog_v0_1/candidate_catalog.json
COAD	COAD	02_MAPPING	20260919T112700Z_shared_delivery_v1	coad_biochemical_v0.1_shared_view_v1	biochemical_annotation_view	KEGG:C00167	UDP-glucuronate	UGT2B15	feature_gene_pair	NA	NA	NA	NA	NA	NA	NA	NA	NA	NA	NEEDS_REVIEW	REACTION_ANNOTATION_SUPPORTED_PROVISIONAL	reports/COAD/current_catalog_v0_1/candidate_catalog.json	hsa:7366	0.51439178620292	0.0104274039204103	ORIGINAL_KEGG_NAME_COMPATIBLE	reports/COAD/current_catalog_v0_1/candidate_catalog.json
COAD	COAD	02_MAPPING	20260919T112700Z_shared_delivery_v1	coad_biochemical_v0.1_shared_view_v1	biochemical_annotation_view	KEGG:C00167	UDP-glucuronate	UGT2B17	feature_gene_pair	NA	NA	NA	NA	NA	NA	NA	NA	NA	NA	NEEDS_REVIEW	REACTION_ANNOTATION_SUPPORTED_PROVISIONAL	reports/COAD/current_catalog_v0_1/candidate_catalog.json	hsa:7367	0.51439178620292	0.0104274039204103	ORIGINAL_KEGG_NAME_COMPATIBLE	reports/COAD/current_catalog_v0_1/candidate_catalog.json
COAD	COAD	02_MAPPING	20260919T112700Z_shared_delivery_v1	coad_biochemical_v0.1_shared_view_v1	biochemical_annotation_view	KEGG:C00167	UDP-glucuronate	UGT2B28	feature_gene_pair	NA	NA	NA	NA	NA	NA	NA	NA	NA	NA	NEEDS_REVIEW	REACTION_ANNOTATION_SUPPORTED_PROVISIONAL	reports/COAD/current_catalog_v0_1/candidate_catalog.json	hsa:54490	0.51439178620292	0.0104274039204103	ORIGINAL_KEGG_NAME_COMPATIBLE	reports/COAD/current_catalog_v0_1/candidate_catalog.json
COAD	COAD	02_MAPPING	20260919T112700Z_shared_delivery_v1	coad_biochemical_v0.1_shared_view_v1	biochemical_annotation_view	KEGG:C00167	UDP-glucuronate	UGT2B4	feature_gene_pair	NA	NA	NA	NA	NA	NA	NA	NA	NA	NA	NEEDS_REVIEW	REACTION_ANNOTATION_SUPPORTED_PROVISIONAL	reports/COAD/current_catalog_v0_1/candidate_catalog.json	hsa:7363	0.51439178620292	0.0104274039204103	ORIGINAL_KEGG_NAME_COMPATIBLE	reports/COAD/current_catalog_v0_1/candidate_catalog.json
COAD	COAD	02_MAPPING	20260919T112700Z_shared_delivery_v1	coad_biochemical_v0.1_shared_view_v1	biochemical_annotation_view	KEGG:C00167	UDP-glucuronate	UGT2B7	feature_gene_pair	NA	NA	NA	NA	NA	NA	NA	NA	NA	NA	NEEDS_REVIEW	REACTION_ANNOTATION_SUPPORTED_PROVISIONAL	reports/COAD/current_catalog_v0_1/candidate_catalog.json	hsa:7364	0.51439178620292	0.0104274039204103	ORIGINAL_KEGG_NAME_COMPATIBLE	reports/COAD/current_catalog_v0_1/candidate_catalog.json
COAD	COAD	02_MAPPING	20260919T112700Z_shared_delivery_v1	coad_biochemical_v0.1_shared_view_v1	biochemical_annotation_view	KEGG:C00167	UDP-glucuronate	UXS1	feature_gene_pair	NA	NA	NA	NA	NA	NA	NA	NA	NA	NA	NEEDS_REVIEW	REACTION_ANNOTATION_SUPPORTED_PROVISIONAL	reports/COAD/current_catalog_v0_1/candidate_catalog.json	hsa:80146	0.51439178620292	0.0104274039204103	ORIGINAL_KEGG_NAME_COMPATIBLE	reports/COAD/current_catalog_v0_1/candidate_catalog.json
COAD	COAD	02_MAPPING	20260919T112700Z_shared_delivery_v1	coad_biochemical_v0.1_shared_view_v1	biochemical_annotation_view	KEGG:C01996	acetylcholine	ACHE	feature_gene_pair	NA	NA	NA	NA	NA	NA	NA	NA	NA	NA	NEEDS_REVIEW	REACTION_ANNOTATION_SUPPORTED_PROVISIONAL	reports/COAD/current_catalog_v0_1/candidate_catalog.json	hsa:43	-1.26417215547317	3.03664852373543e-06	ORIGINAL_KEGG_NAME_COMPATIBLE	reports/COAD/current_catalog_v0_1/candidate_catalog.json
COAD	COAD	02_MAPPING	20260919T112700Z_shared_delivery_v1	coad_biochemical_v0.1_shared_view_v1	biochemical_annotation_view	KEGG:C01996	acetylcholine	CHAT	feature_gene_pair	NA	NA	NA	NA	NA	NA	NA	NA	NA	NA	NEEDS_REVIEW	REACTION_ANNOTATION_SUPPORTED_PROVISIONAL	reports/COAD/current_catalog_v0_1/candidate_catalog.json	hsa:1103	-1.26417215547317	3.03664852373543e-06	ORIGINAL_KEGG_NAME_COMPATIBLE	reports/COAD/current_catalog_v0_1/candidate_catalog.json
COAD	COAD	02_MAPPING	20260919T112700Z_shared_delivery_v1	coad_biochemical_v0.1_shared_view_v1	biochemical_annotation_view	KEGG:C01996	acetylcholine	SLC18A3	feature_gene_pair	NA	NA	NA	NA	NA	NA	NA	NA	NA	NA	NEEDS_REVIEW	REACTION_ANNOTATION_SUPPORTED_PROVISIONAL	reports/COAD/current_catalog_v0_1/candidate_catalog.json	hsa:6572	-1.26417215547317	3.03664852373543e-06	ORIGINAL_KEGG_NAME_COMPATIBLE	reports/COAD/current_catalog_v0_1/candidate_catalog.json
COAD	COAD	02_MAPPING	20260919T112700Z_shared_delivery_v1	coad_biochemical_v0.1_shared_view_v1	biochemical_annotation_view	KEGG:C01996	acetylcholine	SLC22A1	feature_gene_pair	NA	NA	NA	NA	NA	NA	NA	NA	NA	NA	NEEDS_REVIEW	REACTION_ANNOTATION_SUPPORTED_PROVISIONAL	reports/COAD/current_catalog_v0_1/candidate_catalog.json	hsa:6580	-1.26417215547317	3.03664852373543e-06	ORIGINAL_KEGG_NAME_COMPATIBLE	reports/COAD/current_catalog_v0_1/candidate_catalog.json
COAD	COAD	02_MAPPING	20260919T112700Z_shared_delivery_v1	coad_biochemical_v0.1_shared_view_v1	biochemical_annotation_view	KEGG:C01996	acetylcholine	SLC22A2	feature_gene_pair	NA	NA	NA	NA	NA	NA	NA	NA	NA	NA	NEEDS_REVIEW	REACTION_ANNOTATION_SUPPORTED_PROVISIONAL	reports/COAD/current_catalog_v0_1/candidate_catalog.json	hsa:6582	-1.26417215547317	3.03664852373543e-06	ORIGINAL_KEGG_NAME_COMPATIBLE	reports/COAD/current_catalog_v0_1/candidate_catalog.json
COAD	COAD	02_MAPPING	20260919T112700Z_shared_delivery_v1	coad_biochemical_v0.1_shared_view_v1	biochemical_annotation_view	KEGG:C01996	acetylcholine	SLC22A4	feature_gene_pair	NA	NA	NA	NA	NA	NA	NA	NA	NA	NA	NEEDS_REVIEW	REACTION_ANNOTATION_SUPPORTED_PROVISIONAL	reports/COAD/current_catalog_v0_1/candidate_catalog.json	hsa:6583	-1.26417215547317	3.03664852373543e-06	ORIGINAL_KEGG_NAME_COMPATIBLE	reports/COAD/current_catalog_v0_1/candidate_catalog.json
COAD	COAD	02_MAPPING	20260919T112700Z_shared_delivery_v1	coad_biochemical_v0.1_shared_view_v1	biochemical_annotation_view	KEGG:C01996	acetylcholine	VDAC1	feature_gene_pair	NA	NA	NA	NA	NA	NA	NA	NA	NA	NA	NEEDS_REVIEW	REACTION_ANNOTATION_SUPPORTED_PROVISIONAL	reports/COAD/current_catalog_v0_1/candidate_catalog.json	hsa:7416	-1.26417215547317	3.03664852373543e-06	ORIGINAL_KEGG_NAME_COMPATIBLE	reports/COAD/current_catalog_v0_1/candidate_catalog.json
COAD	COAD	02_MAPPING	20260919T112700Z_shared_delivery_v1	coad_biochemical_v0.1_shared_view_v1	biochemical_annotation_view	KEGG:C00147	adenine	APRT	feature_gene_pair	NA	NA	NA	NA	NA	NA	NA	NA	NA	NA	NEEDS_REVIEW	REACTION_ANNOTATION_SUPPORTED_PROVISIONAL	reports/COAD/current_catalog_v0_1/candidate_catalog.json	hsa:353	1.00605822007937	0.000171933865206755	ORIGINAL_KEGG_NAME_COMPATIBLE	reports/COAD/current_catalog_v0_1/candidate_catalog.json
COAD	COAD	02_MAPPING	20260919T112700Z_shared_delivery_v1	coad_biochemical_v0.1_shared_view_v1	biochemical_annotation_view	KEGG:C00147	adenine	AQP9	feature_gene_pair	NA	NA	NA	NA	NA	NA	NA	NA	NA	NA	NEEDS_REVIEW	REACTION_ANNOTATION_SUPPORTED_PROVISIONAL	reports/COAD/current_catalog_v0_1/candidate_catalog.json	hsa:366	1.00605822007937	0.000171933865206755	ORIGINAL_KEGG_NAME_COMPATIBLE	reports/COAD/current_catalog_v0_1/candidate_catalog.json
COAD	COAD	02_MAPPING	20260919T112700Z_shared_delivery_v1	coad_biochemical_v0.1_shared_view_v1	biochemical_annotation_view	KEGG:C00147	adenine	LACC1	feature_gene_pair	NA	NA	NA	NA	NA	NA	NA	NA	NA	NA	NEEDS_REVIEW	REACTION_ANNOTATION_SUPPORTED_PROVISIONAL	reports/COAD/current_catalog_v0_1/candidate_catalog.json	hsa:144811	1.00605822007937	0.000171933865206755	ORIGINAL_KEGG_NAME_COMPATIBLE	reports/COAD/current_catalog_v0_1/candidate_catalog.json
COAD	COAD	02_MAPPING	20260919T112700Z_shared_delivery_v1	coad_biochemical_v0.1_shared_view_v1	biochemical_annotation_view	KEGG:C00147	adenine	MTAP	feature_gene_pair	NA	NA	NA	NA	NA	NA	NA	NA	NA	NA	NEEDS_REVIEW	REACTION_ANNOTATION_SUPPORTED_PROVISIONAL	reports/COAD/current_catalog_v0_1/candidate_catalog.json	hsa:4507	1.00605822007937	0.000171933865206755	ORIGINAL_KEGG_NAME_COMPATIBLE	reports/COAD/current_catalog_v0_1/candidate_catalog.json
COAD	COAD	02_MAPPING	20260919T112700Z_shared_delivery_v1	coad_biochemical_v0.1_shared_view_v1	biochemical_annotation_view	KEGG:C00147	adenine	PNP	feature_gene_pair	NA	NA	NA	NA	NA	NA	NA	NA	NA	NA	NEEDS_REVIEW	REACTION_SPECIFICITY_PENDING	reports/COAD/current_catalog_v0_1/candidate_catalog.json	hsa:4860	1.00605822007937	0.000171933865206755	ORIGINAL_KEGG_NAME_COMPATIBLE	reports/COAD/current_catalog_v0_1/candidate_catalog.json
COAD	COAD	02_MAPPING	20260919T112700Z_shared_delivery_v1	coad_biochemical_v0.1_shared_view_v1	biochemical_annotation_view	KEGG:C00147	adenine	SLC29A1	feature_gene_pair	NA	NA	NA	NA	NA	NA	NA	NA	NA	NA	NEEDS_REVIEW	REACTION_ANNOTATION_SUPPORTED_PROVISIONAL	reports/COAD/current_catalog_v0_1/candidate_catalog.json	hsa:2030	1.00605822007937	0.000171933865206755	ORIGINAL_KEGG_NAME_COMPATIBLE	reports/COAD/current_catalog_v0_1/candidate_catalog.json
COAD	COAD	02_MAPPING	20260919T112700Z_shared_delivery_v1	coad_biochemical_v0.1_shared_view_v1	biochemical_annotation_view	KEGG:C00147	adenine	SLC29A2	feature_gene_pair	NA	NA	NA	NA	NA	NA	NA	NA	NA	NA	NEEDS_REVIEW	REACTION_ANNOTATION_SUPPORTED_PROVISIONAL	reports/COAD/current_catalog_v0_1/candidate_catalog.json	hsa:3177	1.00605822007937	0.000171933865206755	ORIGINAL_KEGG_NAME_COMPATIBLE	reports/COAD/current_catalog_v0_1/candidate_catalog.json
COAD	COAD	02_MAPPING	20260919T112700Z_shared_delivery_v1	coad_biochemical_v0.1_shared_view_v1	biochemical_annotation_view	KEGG:C00147	adenine	SLC43A3	feature_gene_pair	NA	NA	NA	NA	NA	NA	NA	NA	NA	NA	NEEDS_REVIEW	REACTION_ANNOTATION_SUPPORTED_PROVISIONAL	reports/COAD/current_catalog_v0_1/candidate_catalog.json	hsa:29015	1.00605822007937	0.000171933865206755	ORIGINAL_KEGG_NAME_COMPATIBLE	reports/COAD/current_catalog_v0_1/candidate_catalog.json
COAD	COAD	02_MAPPING	20260919T112700Z_shared_delivery_v1	coad_biochemical_v0.1_shared_view_v1	biochemical_annotation_view	KEGG:C00147	adenine	XDH	feature_gene_pair	NA	NA	NA	NA	NA	NA	NA	NA	NA	NA	NEEDS_REVIEW	REACTION_SPECIFICITY_PENDING	reports/COAD/current_catalog_v0_1/candidate_catalog.json	hsa:7498	1.00605822007937	0.000171933865206755	ORIGINAL_KEGG_NAME_COMPATIBLE	reports/COAD/current_catalog_v0_1/candidate_catalog.json
COAD	COAD	02_MAPPING	20260919T112700Z_shared_delivery_v1	coad_biochemical_v0.1_shared_view_v1	biochemical_annotation_view	KEGG:C00212	adenosine	ADA	feature_gene_pair	NA	NA	NA	NA	NA	NA	NA	NA	NA	NA	NEEDS_REVIEW	REACTION_ANNOTATION_SUPPORTED_PROVISIONAL	reports/COAD/current_catalog_v0_1/candidate_catalog.json	hsa:100	-1.43361692283717	3.68444811809424e-06	ORIGINAL_KEGG_NAME_COMPATIBLE	reports/COAD/current_catalog_v0_1/candidate_catalog.json
COAD	COAD	02_MAPPING	20260919T112700Z_shared_delivery_v1	coad_biochemical_v0.1_shared_view_v1	biochemical_annotation_view	KEGG:C00212	adenosine	ADA2	feature_gene_pair	NA	NA	NA	NA	NA	NA	NA	NA	NA	NA	NEEDS_REVIEW	REACTION_ANNOTATION_SUPPORTED_PROVISIONAL	reports/COAD/current_catalog_v0_1/candidate_catalog.json	hsa:51816	-1.43361692283717	3.68444811809424e-06	ORIGINAL_KEGG_NAME_COMPATIBLE	reports/COAD/current_catalog_v0_1/candidate_catalog.json
COAD	COAD	02_MAPPING	20260919T112700Z_shared_delivery_v1	coad_biochemical_v0.1_shared_view_v1	biochemical_annotation_view	KEGG:C00212	adenosine	ADK	feature_gene_pair	NA	NA	NA	NA	NA	NA	NA	NA	NA	NA	NEEDS_REVIEW	REACTION_ANNOTATION_SUPPORTED_PROVISIONAL	reports/COAD/current_catalog_v0_1/candidate_catalog.json	hsa:132	-1.43361692283717	3.68444811809424e-06	ORIGINAL_KEGG_NAME_COMPATIBLE	reports/COAD/current_catalog_v0_1/candidate_catalog.json
COAD	COAD	02_MAPPING	20260919T112700Z_shared_delivery_v1	coad_biochemical_v0.1_shared_view_v1	biochemical_annotation_view	KEGG:C00212	adenosine	AHCY	feature_gene_pair	NA	NA	NA	NA	NA	NA	NA	NA	NA	NA	NEEDS_REVIEW	REACTION_ANNOTATION_SUPPORTED_PROVISIONAL	reports/COAD/current_catalog_v0_1/candidate_catalog.json	hsa:191	-1.43361692283717	3.68444811809424e-06	ORIGINAL_KEGG_NAME_COMPATIBLE	reports/COAD/current_catalog_v0_1/candidate_catalog.json
COAD	COAD	02_MAPPING	20260919T112700Z_shared_delivery_v1	coad_biochemical_v0.1_shared_view_v1	biochemical_annotation_view	KEGG:C00212	adenosine	AHCYL1	feature_gene_pair	NA	NA	NA	NA	NA	NA	NA	NA	NA	NA	NEEDS_REVIEW	REACTION_SPECIFICITY_PENDING	reports/COAD/current_catalog_v0_1/candidate_catalog.json	hsa:10768	-1.43361692283717	3.68444811809424e-06	ORIGINAL_KEGG_NAME_COMPATIBLE	reports/COAD/current_catalog_v0_1/candidate_catalog.json
COAD	COAD	02_MAPPING	20260919T112700Z_shared_delivery_v1	coad_biochemical_v0.1_shared_view_v1	biochemical_annotation_view	KEGG:C00212	adenosine	AHCYL2	feature_gene_pair	NA	NA	NA	NA	NA	NA	NA	NA	NA	NA	NEEDS_REVIEW	REACTION_SPECIFICITY_PENDING	reports/COAD/current_catalog_v0_1/candidate_catalog.json	hsa:23382	-1.43361692283717	3.68444811809424e-06	ORIGINAL_KEGG_NAME_COMPATIBLE	reports/COAD/current_catalog_v0_1/candidate_catalog.json
COAD	COAD	02_MAPPING	20260919T112700Z_shared_delivery_v1	coad_biochemical_v0.1_shared_view_v1	biochemical_annotation_view	KEGG:C00212	adenosine	LACC1	feature_gene_pair	NA	NA	NA	NA	NA	NA	NA	NA	NA	NA	NEEDS_REVIEW	REACTION_ANNOTATION_SUPPORTED_PROVISIONAL	reports/COAD/current_catalog_v0_1/candidate_catalog.json	hsa:144811	-1.43361692283717	3.68444811809424e-06	ORIGINAL_KEGG_NAME_COMPATIBLE	reports/COAD/current_catalog_v0_1/candidate_catalog.json
COAD	COAD	02_MAPPING	20260919T112700Z_shared_delivery_v1	coad_biochemical_v0.1_shared_view_v1	biochemical_annotation_view	KEGG:C00212	adenosine	NT5C	feature_gene_pair	NA	NA	NA	NA	NA	NA	NA	NA	NA	NA	NEEDS_REVIEW	REACTION_SPECIFICITY_PENDING	reports/COAD/current_catalog_v0_1/candidate_catalog.json	hsa:30833	-1.43361692283717	3.68444811809424e-06	ORIGINAL_KEGG_NAME_COMPATIBLE	reports/COAD/current_catalog_v0_1/candidate_catalog.json
COAD	COAD	02_MAPPING	20260919T112700Z_shared_delivery_v1	coad_biochemical_v0.1_shared_view_v1	biochemical_annotation_view	KEGG:C00212	adenosine	NT5C1A	feature_gene_pair	NA	NA	NA	NA	NA	NA	NA	NA	NA	NA	NEEDS_REVIEW	REACTION_ANNOTATION_SUPPORTED_PROVISIONAL	reports/COAD/current_catalog_v0_1/candidate_catalog.json	hsa:84618	-1.43361692283717	3.68444811809424e-06	ORIGINAL_KEGG_NAME_COMPATIBLE	reports/COAD/current_catalog_v0_1/candidate_catalog.json
COAD	COAD	02_MAPPING	20260919T112700Z_shared_delivery_v1	coad_biochemical_v0.1_shared_view_v1	biochemical_annotation_view	KEGG:C00212	adenosine	NT5C1B	feature_gene_pair	NA	NA	NA	NA	NA	NA	NA	NA	NA	NA	NEEDS_REVIEW	REACTION_ANNOTATION_SUPPORTED_PROVISIONAL	reports/COAD/current_catalog_v0_1/candidate_catalog.json	hsa:93034	-1.43361692283717	3.68444811809424e-06	ORIGINAL_KEGG_NAME_COMPATIBLE	reports/COAD/current_catalog_v0_1/candidate_catalog.json
COAD	COAD	02_MAPPING	20260919T112700Z_shared_delivery_v1	coad_biochemical_v0.1_shared_view_v1	biochemical_annotation_view	KEGG:C00212	adenosine	NT5C1B-RDH14	feature_gene_pair	NA	NA	NA	NA	NA	NA	NA	NA	NA	NA	NOT_EVALUABLE	UNIPROT_RECORD_NOT_EVALUABLE	reports/COAD/current_catalog_v0_1/candidate_catalog.json	hsa:100526794	-1.43361692283717	3.68444811809424e-06	ORIGINAL_KEGG_NAME_COMPATIBLE	reports/COAD/current_catalog_v0_1/candidate_catalog.json
COAD	COAD	02_MAPPING	20260919T112700Z_shared_delivery_v1	coad_biochemical_v0.1_shared_view_v1	biochemical_annotation_view	KEGG:C00212	adenosine	NT5C2	feature_gene_pair	NA	NA	NA	NA	NA	NA	NA	NA	NA	NA	NEEDS_REVIEW	REACTION_SPECIFICITY_PENDING	reports/COAD/current_catalog_v0_1/candidate_catalog.json	hsa:22978	-1.43361692283717	3.68444811809424e-06	ORIGINAL_KEGG_NAME_COMPATIBLE	reports/COAD/current_catalog_v0_1/candidate_catalog.json
COAD	COAD	02_MAPPING	20260919T112700Z_shared_delivery_v1	coad_biochemical_v0.1_shared_view_v1	biochemical_annotation_view	KEGG:C00212	adenosine	NT5DC4	feature_gene_pair	NA	NA	NA	NA	NA	NA	NA	NA	NA	NA	NEEDS_REVIEW	REACTION_SPECIFICITY_PENDING	reports/COAD/current_catalog_v0_1/candidate_catalog.json	hsa:284958	-1.43361692283717	3.68444811809424e-06	ORIGINAL_KEGG_NAME_COMPATIBLE	reports/COAD/current_catalog_v0_1/candidate_catalog.json
COAD	COAD	02_MAPPING	20260919T112700Z_shared_delivery_v1	coad_biochemical_v0.1_shared_view_v1	biochemical_annotation_view	KEGG:C00212	adenosine	NT5E	feature_gene_pair	NA	NA	NA	NA	NA	NA	NA	NA	NA	NA	NEEDS_REVIEW	REACTION_ANNOTATION_SUPPORTED_PROVISIONAL	reports/COAD/current_catalog_v0_1/candidate_catalog.json	hsa:4907	-1.43361692283717	3.68444811809424e-06	ORIGINAL_KEGG_NAME_COMPATIBLE	reports/COAD/current_catalog_v0_1/candidate_catalog.json
COAD	COAD	02_MAPPING	20260919T112700Z_shared_delivery_v1	coad_biochemical_v0.1_shared_view_v1	biochemical_annotation_view	KEGG:C00212	adenosine	NT5M	feature_gene_pair	NA	NA	NA	NA	NA	NA	NA	NA	NA	NA	NEEDS_REVIEW	REACTION_SPECIFICITY_PENDING	reports/COAD/current_catalog_v0_1/candidate_catalog.json	hsa:56953	-1.43361692283717	3.68444811809424e-06	ORIGINAL_KEGG_NAME_COMPATIBLE	reports/COAD/current_catalog_v0_1/candidate_catalog.json
COAD	COAD	02_MAPPING	20260919T112700Z_shared_delivery_v1	coad_biochemical_v0.1_shared_view_v1	biochemical_annotation_view	KEGG:C00212	adenosine	PNP	feature_gene_pair	NA	NA	NA	NA	NA	NA	NA	NA	NA	NA	NEEDS_REVIEW	REACTION_SPECIFICITY_PENDING	reports/COAD/current_catalog_v0_1/candidate_catalog.json	hsa:4860	-1.43361692283717	3.68444811809424e-06	ORIGINAL_KEGG_NAME_COMPATIBLE	reports/COAD/current_catalog_v0_1/candidate_catalog.json
COAD	COAD	02_MAPPING	20260919T112700Z_shared_delivery_v1	coad_biochemical_v0.1_shared_view_v1	biochemical_annotation_view	KEGG:C00212	adenosine	SLC28A1	feature_gene_pair	NA	NA	NA	NA	NA	NA	NA	NA	NA	NA	NEEDS_REVIEW	REACTION_ANNOTATION_SUPPORTED_PROVISIONAL	reports/COAD/current_catalog_v0_1/candidate_catalog.json	hsa:9154	-1.43361692283717	3.68444811809424e-06	ORIGINAL_KEGG_NAME_COMPATIBLE	reports/COAD/current_catalog_v0_1/candidate_catalog.json
COAD	COAD	02_MAPPING	20260919T112700Z_shared_delivery_v1	coad_biochemical_v0.1_shared_view_v1	biochemical_annotation_view	KEGG:C00212	adenosine	SLC28A2	feature_gene_pair	NA	NA	NA	NA	NA	NA	NA	NA	NA	NA	NEEDS_REVIEW	REACTION_ANNOTATION_SUPPORTED_PROVISIONAL	reports/COAD/current_catalog_v0_1/candidate_catalog.json	hsa:9153	-1.43361692283717	3.68444811809424e-06	ORIGINAL_KEGG_NAME_COMPATIBLE	reports/COAD/current_catalog_v0_1/candidate_catalog.json
COAD	COAD	02_MAPPING	20260919T112700Z_shared_delivery_v1	coad_biochemical_v0.1_shared_view_v1	biochemical_annotation_view	KEGG:C00212	adenosine	SLC28A3	feature_gene_pair	NA	NA	NA	NA	NA	NA	NA	NA	NA	NA	NEEDS_REVIEW	REACTION_ANNOTATION_SUPPORTED_PROVISIONAL	reports/COAD/current_catalog_v0_1/candidate_catalog.json	hsa:64078	-1.43361692283717	3.68444811809424e-06	ORIGINAL_KEGG_NAME_COMPATIBLE	reports/COAD/current_catalog_v0_1/candidate_catalog.json
COAD	COAD	02_MAPPING	20260919T112700Z_shared_delivery_v1	coad_biochemical_v0.1_shared_view_v1	biochemical_annotation_view	KEGG:C00212	adenosine	SLC29A1	feature_gene_pair	NA	NA	NA	NA	NA	NA	NA	NA	NA	NA	NEEDS_REVIEW	REACTION_ANNOTATION_SUPPORTED_PROVISIONAL	reports/COAD/current_catalog_v0_1/candidate_catalog.json	hsa:2030	-1.43361692283717	3.68444811809424e-06	ORIGINAL_KEGG_NAME_COMPATIBLE	reports/COAD/current_catalog_v0_1/candidate_catalog.json
COAD	COAD	02_MAPPING	20260919T112700Z_shared_delivery_v1	coad_biochemical_v0.1_shared_view_v1	biochemical_annotation_view	KEGG:C00212	adenosine	SLC29A2	feature_gene_pair	NA	NA	NA	NA	NA	NA	NA	NA	NA	NA	NEEDS_REVIEW	REACTION_ANNOTATION_SUPPORTED_PROVISIONAL	reports/COAD/current_catalog_v0_1/candidate_catalog.json	hsa:3177	-1.43361692283717	3.68444811809424e-06	ORIGINAL_KEGG_NAME_COMPATIBLE	reports/COAD/current_catalog_v0_1/candidate_catalog.json
COAD	COAD	02_MAPPING	20260919T112700Z_shared_delivery_v1	coad_biochemical_v0.1_shared_view_v1	biochemical_annotation_view	KEGG:C00212	adenosine	SLC29A3	feature_gene_pair	NA	NA	NA	NA	NA	NA	NA	NA	NA	NA	NEEDS_REVIEW	REACTION_ANNOTATION_SUPPORTED_PROVISIONAL	reports/COAD/current_catalog_v0_1/candidate_catalog.json	hsa:55315	-1.43361692283717	3.68444811809424e-06	ORIGINAL_KEGG_NAME_COMPATIBLE	reports/COAD/current_catalog_v0_1/candidate_catalog.json
COAD	COAD	02_MAPPING	20260919T112700Z_shared_delivery_v1	coad_biochemical_v0.1_shared_view_v1	biochemical_annotation_view	KEGG:C00212	adenosine	SLC29A4	feature_gene_pair	NA	NA	NA	NA	NA	NA	NA	NA	NA	NA	NEEDS_REVIEW	REACTION_ANNOTATION_SUPPORTED_PROVISIONAL	reports/COAD/current_catalog_v0_1/candidate_catalog.json	hsa:222962	-1.43361692283717	3.68444811809424e-06	ORIGINAL_KEGG_NAME_COMPATIBLE	reports/COAD/current_catalog_v0_1/candidate_catalog.json
COAD	COAD	02_MAPPING	20260919T112700Z_shared_delivery_v1	coad_biochemical_v0.1_shared_view_v1	biochemical_annotation_view	KEGG:C03794	adenylosuccinate	ADSL	feature_gene_pair	NA	NA	NA	NA	NA	NA	NA	NA	NA	NA	NEEDS_REVIEW	REACTION_ANNOTATION_SUPPORTED_PROVISIONAL	reports/COAD/current_catalog_v0_1/candidate_catalog.json	hsa:158	0.723072982975468	0.00103594092695614	ORIGINAL_KEGG_NAME_COMPATIBLE	reports/COAD/current_catalog_v0_1/candidate_catalog.json
COAD	COAD	02_MAPPING	20260919T112700Z_shared_delivery_v1	coad_biochemical_v0.1_shared_view_v1	biochemical_annotation_view	KEGG:C03794	adenylosuccinate	ADSS1	feature_gene_pair	NA	NA	NA	NA	NA	NA	NA	NA	NA	NA	NEEDS_REVIEW	REACTION_ANNOTATION_SUPPORTED_PROVISIONAL	reports/COAD/current_catalog_v0_1/candidate_catalog.json	hsa:122622	0.723072982975468	0.00103594092695614	ORIGINAL_KEGG_NAME_COMPATIBLE	reports/COAD/current_catalog_v0_1/candidate_catalog.json
COAD	COAD	02_MAPPING	20260919T112700Z_shared_delivery_v1	coad_biochemical_v0.1_shared_view_v1	biochemical_annotation_view	KEGG:C03794	adenylosuccinate	ADSS2	feature_gene_pair	NA	NA	NA	NA	NA	NA	NA	NA	NA	NA	NEEDS_REVIEW	REACTION_ANNOTATION_SUPPORTED_PROVISIONAL	reports/COAD/current_catalog_v0_1/candidate_catalog.json	hsa:159	0.723072982975468	0.00103594092695614	ORIGINAL_KEGG_NAME_COMPATIBLE	reports/COAD/current_catalog_v0_1/candidate_catalog.json
COAD	COAD	02_MAPPING	20260919T112700Z_shared_delivery_v1	coad_biochemical_v0.1_shared_view_v1	biochemical_annotation_view	KEGG:C02350	allantoin	URAD	feature_gene_pair	NA	NA	NA	NA	NA	NA	NA	NA	NA	NA	NEEDS_REVIEW	REACTION_ANNOTATION_SUPPORTED_PROVISIONAL	reports/COAD/current_catalog_v0_1/candidate_catalog.json	hsa:646625	-1.13251050393184	2.75917060479647e-06	ORIGINAL_KEGG_NAME_COMPATIBLE	reports/COAD/current_catalog_v0_1/candidate_catalog.json
COAD	COAD	02_MAPPING	20260919T112700Z_shared_delivery_v1	coad_biochemical_v0.1_shared_view_v1	biochemical_annotation_view	KEGG:C00152	asparagine	ASNS	feature_gene_pair	NA	NA	NA	NA	NA	NA	NA	NA	NA	NA	NEEDS_REVIEW	REACTION_ANNOTATION_SUPPORTED_PROVISIONAL	reports/COAD/current_catalog_v0_1/candidate_catalog.json	hsa:440	0.690613414767693	0.0163500248519711	ORIGINAL_KEGG_NAME_COMPATIBLE	reports/COAD/current_catalog_v0_1/candidate_catalog.json
COAD	COAD	02_MAPPING	20260919T112700Z_shared_delivery_v1	coad_biochemical_v0.1_shared_view_v1	biochemical_annotation_view	KEGG:C00152	asparagine	ASRGL1	feature_gene_pair	NA	NA	NA	NA	NA	NA	NA	NA	NA	NA	NEEDS_REVIEW	REACTION_ANNOTATION_SUPPORTED_PROVISIONAL	reports/COAD/current_catalog_v0_1/candidate_catalog.json	hsa:80150	0.690613414767693	0.0163500248519711	ORIGINAL_KEGG_NAME_COMPATIBLE	reports/COAD/current_catalog_v0_1/candidate_catalog.json
COAD	COAD	02_MAPPING	20260919T112700Z_shared_delivery_v1	coad_biochemical_v0.1_shared_view_v1	biochemical_annotation_view	KEGG:C00152	asparagine	NARS1	feature_gene_pair	NA	NA	NA	NA	NA	NA	NA	NA	NA	NA	NEEDS_REVIEW	REACTION_ANNOTATION_SUPPORTED_PROVISIONAL	reports/COAD/current_catalog_v0_1/candidate_catalog.json	hsa:4677	0.690613414767693	0.0163500248519711	ORIGINAL_KEGG_NAME_COMPATIBLE	reports/COAD/current_catalog_v0_1/candidate_catalog.json
COAD	COAD	02_MAPPING	20260919T112700Z_shared_delivery_v1	coad_biochemical_v0.1_shared_view_v1	biochemical_annotation_view	KEGG:C00152	asparagine	NARS2	feature_gene_pair	NA	NA	NA	NA	NA	NA	NA	NA	NA	NA	NEEDS_REVIEW	REACTION_ANNOTATION_SUPPORTED_PROVISIONAL	reports/COAD/current_catalog_v0_1/candidate_catalog.json	hsa:79731	0.690613414767693	0.0163500248519711	ORIGINAL_KEGG_NAME_COMPATIBLE	reports/COAD/current_catalog_v0_1/candidate_catalog.json
COAD	COAD	02_MAPPING	20260919T112700Z_shared_delivery_v1	coad_biochemical_v0.1_shared_view_v1	biochemical_annotation_view	KEGG:C00152	asparagine	SLC1A4	feature_gene_pair	NA	NA	NA	NA	NA	NA	NA	NA	NA	NA	NEEDS_REVIEW	REACTION_ANNOTATION_SUPPORTED_PROVISIONAL	reports/COAD/current_catalog_v0_1/candidate_catalog.json	hsa:6509	0.690613414767693	0.0163500248519711	ORIGINAL_KEGG_NAME_COMPATIBLE	reports/COAD/current_catalog_v0_1/candidate_catalog.json
COAD	COAD	02_MAPPING	20260919T112700Z_shared_delivery_v1	coad_biochemical_v0.1_shared_view_v1	biochemical_annotation_view	KEGG:C00152	asparagine	SLC1A5	feature_gene_pair	NA	NA	NA	NA	NA	NA	NA	NA	NA	NA	NEEDS_REVIEW	REACTION_ANNOTATION_SUPPORTED_PROVISIONAL	reports/COAD/current_catalog_v0_1/candidate_catalog.json	hsa:6510	0.690613414767693	0.0163500248519711	ORIGINAL_KEGG_NAME_COMPATIBLE	reports/COAD/current_catalog_v0_1/candidate_catalog.json
COAD	COAD	02_MAPPING	20260919T112700Z_shared_delivery_v1	coad_biochemical_v0.1_shared_view_v1	biochemical_annotation_view	KEGG:C00152	asparagine	SLC38A1	feature_gene_pair	NA	NA	NA	NA	NA	NA	NA	NA	NA	NA	NEEDS_REVIEW	REACTION_ANNOTATION_SUPPORTED_PROVISIONAL	reports/COAD/current_catalog_v0_1/candidate_catalog.json	hsa:81539	0.690613414767693	0.0163500248519711	ORIGINAL_KEGG_NAME_COMPATIBLE	reports/COAD/current_catalog_v0_1/candidate_catalog.json
COAD	COAD	02_MAPPING	20260919T112700Z_shared_delivery_v1	coad_biochemical_v0.1_shared_view_v1	biochemical_annotation_view	KEGG:C00152	asparagine	SLC38A2	feature_gene_pair	NA	NA	NA	NA	NA	NA	NA	NA	NA	NA	NEEDS_REVIEW	REACTION_ANNOTATION_SUPPORTED_PROVISIONAL	reports/COAD/current_catalog_v0_1/candidate_catalog.json	hsa:54407	0.690613414767693	0.0163500248519711	ORIGINAL_KEGG_NAME_COMPATIBLE	reports/COAD/current_catalog_v0_1/candidate_catalog.json
COAD	COAD	02_MAPPING	20260919T112700Z_shared_delivery_v1	coad_biochemical_v0.1_shared_view_v1	biochemical_annotation_view	KEGG:C00152	asparagine	SLC38A3	feature_gene_pair	NA	NA	NA	NA	NA	NA	NA	NA	NA	NA	NEEDS_REVIEW	REACTION_ANNOTATION_SUPPORTED_PROVISIONAL	reports/COAD/current_catalog_v0_1/candidate_catalog.json	hsa:10991	0.690613414767693	0.0163500248519711	ORIGINAL_KEGG_NAME_COMPATIBLE	reports/COAD/current_catalog_v0_1/candidate_catalog.json
COAD	COAD	02_MAPPING	20260919T112700Z_shared_delivery_v1	coad_biochemical_v0.1_shared_view_v1	biochemical_annotation_view	KEGG:C00152	asparagine	SLC38A4	feature_gene_pair	NA	NA	NA	NA	NA	NA	NA	NA	NA	NA	NEEDS_REVIEW	REACTION_ANNOTATION_SUPPORTED_PROVISIONAL	reports/COAD/current_catalog_v0_1/candidate_catalog.json	hsa:55089	0.690613414767693	0.0163500248519711	ORIGINAL_KEGG_NAME_COMPATIBLE	reports/COAD/current_catalog_v0_1/candidate_catalog.json
COAD	COAD	02_MAPPING	20260919T112700Z_shared_delivery_v1	coad_biochemical_v0.1_shared_view_v1	biochemical_annotation_view	KEGG:C00152	asparagine	SLC38A7	feature_gene_pair	NA	NA	NA	NA	NA	NA	NA	NA	NA	NA	NEEDS_REVIEW	REACTION_ANNOTATION_SUPPORTED_PROVISIONAL	reports/COAD/current_catalog_v0_1/candidate_catalog.json	hsa:55238	0.690613414767693	0.0163500248519711	ORIGINAL_KEGG_NAME_COMPATIBLE	reports/COAD/current_catalog_v0_1/candidate_catalog.json
COAD	COAD	02_MAPPING	20260919T112700Z_shared_delivery_v1	coad_biochemical_v0.1_shared_view_v1	biochemical_annotation_view	KEGG:C00152	asparagine	SLC38A9	feature_gene_pair	NA	NA	NA	NA	NA	NA	NA	NA	NA	NA	NEEDS_REVIEW	REACTION_ANNOTATION_SUPPORTED_PROVISIONAL	reports/COAD/current_catalog_v0_1/candidate_catalog.json	hsa:153129	0.690613414767693	0.0163500248519711	ORIGINAL_KEGG_NAME_COMPATIBLE	reports/COAD/current_catalog_v0_1/candidate_catalog.json
COAD	COAD	02_MAPPING	20260919T112700Z_shared_delivery_v1	coad_biochemical_v0.1_shared_view_v1	biochemical_annotation_view	KEGG:C00152	asparagine	SLC6A14	feature_gene_pair	NA	NA	NA	NA	NA	NA	NA	NA	NA	NA	NEEDS_REVIEW	REACTION_ANNOTATION_SUPPORTED_PROVISIONAL	reports/COAD/current_catalog_v0_1/candidate_catalog.json	hsa:11254	0.690613414767693	0.0163500248519711	ORIGINAL_KEGG_NAME_COMPATIBLE	reports/COAD/current_catalog_v0_1/candidate_catalog.json
COAD	COAD	02_MAPPING	20260919T112700Z_shared_delivery_v1	coad_biochemical_v0.1_shared_view_v1	biochemical_annotation_view	KEGG:C00152	asparagine	SLC6A15	feature_gene_pair	NA	NA	NA	NA	NA	NA	NA	NA	NA	NA	NEEDS_REVIEW	REACTION_ANNOTATION_SUPPORTED_PROVISIONAL	reports/COAD/current_catalog_v0_1/candidate_catalog.json	hsa:55117	0.690613414767693	0.0163500248519711	ORIGINAL_KEGG_NAME_COMPATIBLE	reports/COAD/current_catalog_v0_1/candidate_catalog.json
COAD	COAD	02_MAPPING	20260919T112700Z_shared_delivery_v1	coad_biochemical_v0.1_shared_view_v1	biochemical_annotation_view	KEGG:C00099	beta-alanine	ABAT	feature_gene_pair	NA	NA	NA	NA	NA	NA	NA	NA	NA	NA	NEEDS_REVIEW	REACTION_SPECIFICITY_PENDING	reports/COAD/current_catalog_v0_1/candidate_catalog.json	hsa:18	2.22555471341831	3.39874265565443e-10	ORIGINAL_KEGG_NAME_COMPATIBLE	reports/COAD/current_catalog_v0_1/candidate_catalog.json
COAD	COAD	02_MAPPING	20260919T112700Z_shared_delivery_v1	coad_biochemical_v0.1_shared_view_v1	biochemical_annotation_view	KEGG:C00099	beta-alanine	ALDH1B1	feature_gene_pair	NA	NA	NA	NA	NA	NA	NA	NA	NA	NA	NEEDS_REVIEW	REACTION_SPECIFICITY_PENDING	reports/COAD/current_catalog_v0_1/candidate_catalog.json	hsa:219	2.22555471341831	3.39874265565443e-10	ORIGINAL_KEGG_NAME_COMPATIBLE	reports/COAD/current_catalog_v0_1/candidate_catalog.json
COAD	COAD	02_MAPPING	20260919T112700Z_shared_delivery_v1	coad_biochemical_v0.1_shared_view_v1	biochemical_annotation_view	KEGG:C00099	beta-alanine	ALDH2	feature_gene_pair	NA	NA	NA	NA	NA	NA	NA	NA	NA	NA	NEEDS_REVIEW	REACTION_SPECIFICITY_PENDING	reports/COAD/current_catalog_v0_1/candidate_catalog.json	hsa:217	2.22555471341831	3.39874265565443e-10	ORIGINAL_KEGG_NAME_COMPATIBLE	reports/COAD/current_catalog_v0_1/candidate_catalog.json
COAD	COAD	02_MAPPING	20260919T112700Z_shared_delivery_v1	coad_biochemical_v0.1_shared_view_v1	biochemical_annotation_view	KEGG:C00099	beta-alanine	ALDH3A1	feature_gene_pair	NA	NA	NA	NA	NA	NA	NA	NA	NA	NA	NEEDS_REVIEW	REACTION_SPECIFICITY_PENDING	reports/COAD/current_catalog_v0_1/candidate_catalog.json	hsa:218	2.22555471341831	3.39874265565443e-10	ORIGINAL_KEGG_NAME_COMPATIBLE	reports/COAD/current_catalog_v0_1/candidate_catalog.json
COAD	COAD	02_MAPPING	20260919T112700Z_shared_delivery_v1	coad_biochemical_v0.1_shared_view_v1	biochemical_annotation_view	KEGG:C00099	beta-alanine	ALDH3A2	feature_gene_pair	NA	NA	NA	NA	NA	NA	NA	NA	NA	NA	NEEDS_REVIEW	REACTION_SPECIFICITY_PENDING	reports/COAD/current_catalog_v0_1/candidate_catalog.json	hsa:224	2.22555471341831	3.39874265565443e-10	ORIGINAL_KEGG_NAME_COMPATIBLE	reports/COAD/current_catalog_v0_1/candidate_catalog.json
COAD	COAD	02_MAPPING	20260919T112700Z_shared_delivery_v1	coad_biochemical_v0.1_shared_view_v1	biochemical_annotation_view	KEGG:C00099	beta-alanine	ALDH3B1	feature_gene_pair	NA	NA	NA	NA	NA	NA	NA	NA	NA	NA	NEEDS_REVIEW	REACTION_SPECIFICITY_PENDING	reports/COAD/current_catalog_v0_1/candidate_catalog.json	hsa:221	2.22555471341831	3.39874265565443e-10	ORIGINAL_KEGG_NAME_COMPATIBLE	reports/COAD/current_catalog_v0_1/candidate_catalog.json
COAD	COAD	02_MAPPING	20260919T112700Z_shared_delivery_v1	coad_biochemical_v0.1_shared_view_v1	biochemical_annotation_view	KEGG:C00099	beta-alanine	ALDH3B2	feature_gene_pair	NA	NA	NA	NA	NA	NA	NA	NA	NA	NA	NEEDS_REVIEW	REACTION_SPECIFICITY_PENDING	reports/COAD/current_catalog_v0_1/candidate_catalog.json	hsa:222	2.22555471341831	3.39874265565443e-10	ORIGINAL_KEGG_NAME_COMPATIBLE	reports/COAD/current_catalog_v0_1/candidate_catalog.json
COAD	COAD	02_MAPPING	20260919T112700Z_shared_delivery_v1	coad_biochemical_v0.1_shared_view_v1	biochemical_annotation_view	KEGG:C00099	beta-alanine	ALDH7A1	feature_gene_pair	NA	NA	NA	NA	NA	NA	NA	NA	NA	NA	NEEDS_REVIEW	REACTION_SPECIFICITY_PENDING	reports/COAD/current_catalog_v0_1/candidate_catalog.json	hsa:501	2.22555471341831	3.39874265565443e-10	ORIGINAL_KEGG_NAME_COMPATIBLE	reports/COAD/current_catalog_v0_1/candidate_catalog.json
COAD	COAD	02_MAPPING	20260919T112700Z_shared_delivery_v1	coad_biochemical_v0.1_shared_view_v1	biochemical_annotation_view	KEGG:C00099	beta-alanine	ALDH9A1	feature_gene_pair	NA	NA	NA	NA	NA	NA	NA	NA	NA	NA	NEEDS_REVIEW	REACTION_SPECIFICITY_PENDING	reports/COAD/current_catalog_v0_1/candidate_catalog.json	hsa:223	2.22555471341831	3.39874265565443e-10	ORIGINAL_KEGG_NAME_COMPATIBLE	reports/COAD/current_catalog_v0_1/candidate_catalog.json
COAD	COAD	02_MAPPING	20260919T112700Z_shared_delivery_v1	coad_biochemical_v0.1_shared_view_v1	biochemical_annotation_view	KEGG:C00099	beta-alanine	CARNS1	feature_gene_pair	NA	NA	NA	NA	NA	NA	NA	NA	NA	NA	NEEDS_REVIEW	REACTION_ANNOTATION_SUPPORTED_PROVISIONAL	reports/COAD/current_catalog_v0_1/candidate_catalog.json	hsa:57571	2.22555471341831	3.39874265565443e-10	ORIGINAL_KEGG_NAME_COMPATIBLE	reports/COAD/current_catalog_v0_1/candidate_catalog.json
COAD	COAD	02_MAPPING	20260919T112700Z_shared_delivery_v1	coad_biochemical_v0.1_shared_view_v1	biochemical_annotation_view	KEGG:C00099	beta-alanine	CNDP1	feature_gene_pair	NA	NA	NA	NA	NA	NA	NA	NA	NA	NA	NEEDS_REVIEW	REACTION_ANNOTATION_SUPPORTED_PROVISIONAL	reports/COAD/current_catalog_v0_1/candidate_catalog.json	hsa:84735	2.22555471341831	3.39874265565443e-10	ORIGINAL_KEGG_NAME_COMPATIBLE	reports/COAD/current_catalog_v0_1/candidate_catalog.json
COAD	COAD	02_MAPPING	20260919T112700Z_shared_delivery_v1	coad_biochemical_v0.1_shared_view_v1	biochemical_annotation_view	KEGG:C00099	beta-alanine	CNDP2	feature_gene_pair	NA	NA	NA	NA	NA	NA	NA	NA	NA	NA	NEEDS_REVIEW	REACTION_SPECIFICITY_PENDING	reports/COAD/current_catalog_v0_1/candidate_catalog.json	hsa:55748	2.22555471341831	3.39874265565443e-10	ORIGINAL_KEGG_NAME_COMPATIBLE	reports/COAD/current_catalog_v0_1/candidate_catalog.json
COAD	COAD	02_MAPPING	20260919T112700Z_shared_delivery_v1	coad_biochemical_v0.1_shared_view_v1	biochemical_annotation_view	KEGG:C00099	beta-alanine	CSAD	feature_gene_pair	NA	NA	NA	NA	NA	NA	NA	NA	NA	NA	NEEDS_REVIEW	REACTION_ANNOTATION_SUPPORTED_PROVISIONAL	reports/COAD/current_catalog_v0_1/candidate_catalog.json	hsa:51380	2.22555471341831	3.39874265565443e-10	ORIGINAL_KEGG_NAME_COMPATIBLE	reports/COAD/current_catalog_v0_1/candidate_catalog.json
COAD	COAD	02_MAPPING	20260919T112700Z_shared_delivery_v1	coad_biochemical_v0.1_shared_view_v1	biochemical_annotation_view	KEGG:C00099	beta-alanine	GAD1	feature_gene_pair	NA	NA	NA	NA	NA	NA	NA	NA	NA	NA	NEEDS_REVIEW	REACTION_SPECIFICITY_PENDING	reports/COAD/current_catalog_v0_1/candidate_catalog.json	hsa:2571	2.22555471341831	3.39874265565443e-10	ORIGINAL_KEGG_NAME_COMPATIBLE	reports/COAD/current_catalog_v0_1/candidate_catalog.json
COAD	COAD	02_MAPPING	20260919T112700Z_shared_delivery_v1	coad_biochemical_v0.1_shared_view_v1	biochemical_annotation_view	KEGG:C00099	beta-alanine	GAD2	feature_gene_pair	NA	NA	NA	NA	NA	NA	NA	NA	NA	NA	NEEDS_REVIEW	REACTION_SPECIFICITY_PENDING	reports/COAD/current_catalog_v0_1/candidate_catalog.json	hsa:2572	2.22555471341831	3.39874265565443e-10	ORIGINAL_KEGG_NAME_COMPATIBLE	reports/COAD/current_catalog_v0_1/candidate_catalog.json
COAD	COAD	02_MAPPING	20260919T112700Z_shared_delivery_v1	coad_biochemical_v0.1_shared_view_v1	biochemical_annotation_view	KEGG:C00099	beta-alanine	GADL1	feature_gene_pair	NA	NA	NA	NA	NA	NA	NA	NA	NA	NA	NEEDS_REVIEW	REACTION_ANNOTATION_SUPPORTED_PROVISIONAL	reports/COAD/current_catalog_v0_1/candidate_catalog.json	hsa:339896	2.22555471341831	3.39874265565443e-10	ORIGINAL_KEGG_NAME_COMPATIBLE	reports/COAD/current_catalog_v0_1/candidate_catalog.json
COAD	COAD	02_MAPPING	20260919T112700Z_shared_delivery_v1	coad_biochemical_v0.1_shared_view_v1	biochemical_annotation_view	KEGG:C00099	beta-alanine	SLC32A1	feature_gene_pair	NA	NA	NA	NA	NA	NA	NA	NA	NA	NA	NEEDS_REVIEW	REACTION_ANNOTATION_SUPPORTED_PROVISIONAL	reports/COAD/current_catalog_v0_1/candidate_catalog.json	hsa:140679	2.22555471341831	3.39874265565443e-10	ORIGINAL_KEGG_NAME_COMPATIBLE	reports/COAD/current_catalog_v0_1/candidate_catalog.json
COAD	COAD	02_MAPPING	20260919T112700Z_shared_delivery_v1	coad_biochemical_v0.1_shared_view_v1	biochemical_annotation_view	KEGG:C00099	beta-alanine	SLC36A1	feature_gene_pair	NA	NA	NA	NA	NA	NA	NA	NA	NA	NA	NEEDS_REVIEW	REACTION_ANNOTATION_SUPPORTED_PROVISIONAL	reports/COAD/current_catalog_v0_1/candidate_catalog.json	hsa:206358	2.22555471341831	3.39874265565443e-10	ORIGINAL_KEGG_NAME_COMPATIBLE	reports/COAD/current_catalog_v0_1/candidate_catalog.json
COAD	COAD	02_MAPPING	20260919T112700Z_shared_delivery_v1	coad_biochemical_v0.1_shared_view_v1	biochemical_annotation_view	KEGG:C00099	beta-alanine	SLC36A2	feature_gene_pair	NA	NA	NA	NA	NA	NA	NA	NA	NA	NA	NEEDS_REVIEW	REACTION_ANNOTATION_SUPPORTED_PROVISIONAL	reports/COAD/current_catalog_v0_1/candidate_catalog.json	hsa:153201	2.22555471341831	3.39874265565443e-10	ORIGINAL_KEGG_NAME_COMPATIBLE	reports/COAD/current_catalog_v0_1/candidate_catalog.json
COAD	COAD	02_MAPPING	20260919T112700Z_shared_delivery_v1	coad_biochemical_v0.1_shared_view_v1	biochemical_annotation_view	KEGG:C00099	beta-alanine	SLC6A11	feature_gene_pair	NA	NA	NA	NA	NA	NA	NA	NA	NA	NA	NEEDS_REVIEW	REACTION_ANNOTATION_SUPPORTED_PROVISIONAL	reports/COAD/current_catalog_v0_1/candidate_catalog.json	hsa:6538	2.22555471341831	3.39874265565443e-10	ORIGINAL_KEGG_NAME_COMPATIBLE	reports/COAD/current_catalog_v0_1/candidate_catalog.json
COAD	COAD	02_MAPPING	20260919T112700Z_shared_delivery_v1	coad_biochemical_v0.1_shared_view_v1	biochemical_annotation_view	KEGG:C00099	beta-alanine	SLC6A13	feature_gene_pair	NA	NA	NA	NA	NA	NA	NA	NA	NA	NA	NEEDS_REVIEW	REACTION_ANNOTATION_SUPPORTED_PROVISIONAL	reports/COAD/current_catalog_v0_1/candidate_catalog.json	hsa:6540	2.22555471341831	3.39874265565443e-10	ORIGINAL_KEGG_NAME_COMPATIBLE	reports/COAD/current_catalog_v0_1/candidate_catalog.json
COAD	COAD	02_MAPPING	20260919T112700Z_shared_delivery_v1	coad_biochemical_v0.1_shared_view_v1	biochemical_annotation_view	KEGG:C00099	beta-alanine	SLC6A14	feature_gene_pair	NA	NA	NA	NA	NA	NA	NA	NA	NA	NA	NEEDS_REVIEW	REACTION_ANNOTATION_SUPPORTED_PROVISIONAL	reports/COAD/current_catalog_v0_1/candidate_catalog.json	hsa:11254	2.22555471341831	3.39874265565443e-10	ORIGINAL_KEGG_NAME_COMPATIBLE	reports/COAD/current_catalog_v0_1/candidate_catalog.json
COAD	COAD	02_MAPPING	20260919T112700Z_shared_delivery_v1	coad_biochemical_v0.1_shared_view_v1	biochemical_annotation_view	KEGG:C00099	beta-alanine	SLC6A6	feature_gene_pair	NA	NA	NA	NA	NA	NA	NA	NA	NA	NA	NEEDS_REVIEW	REACTION_ANNOTATION_SUPPORTED_PROVISIONAL	reports/COAD/current_catalog_v0_1/candidate_catalog.json	hsa:6533	2.22555471341831	3.39874265565443e-10	ORIGINAL_KEGG_NAME_COMPATIBLE	reports/COAD/current_catalog_v0_1/candidate_catalog.json
COAD	COAD	02_MAPPING	20260919T112700Z_shared_delivery_v1	coad_biochemical_v0.1_shared_view_v1	biochemical_annotation_view	KEGG:C00099	beta-alanine	SLC7A10	feature_gene_pair	NA	NA	NA	NA	NA	NA	NA	NA	NA	NA	NEEDS_REVIEW	REACTION_ANNOTATION_SUPPORTED_PROVISIONAL	reports/COAD/current_catalog_v0_1/candidate_catalog.json	hsa:56301	2.22555471341831	3.39874265565443e-10	ORIGINAL_KEGG_NAME_COMPATIBLE	reports/COAD/current_catalog_v0_1/candidate_catalog.json
COAD	COAD	02_MAPPING	20260919T112700Z_shared_delivery_v1	coad_biochemical_v0.1_shared_view_v1	biochemical_annotation_view	KEGG:C00099	beta-alanine	UPB1	feature_gene_pair	NA	NA	NA	NA	NA	NA	NA	NA	NA	NA	NEEDS_REVIEW	REACTION_ANNOTATION_SUPPORTED_PROVISIONAL	reports/COAD/current_catalog_v0_1/candidate_catalog.json	hsa:51733	2.22555471341831	3.39874265565443e-10	ORIGINAL_KEGG_NAME_COMPATIBLE	reports/COAD/current_catalog_v0_1/candidate_catalog.json
COAD	COAD	02_MAPPING	20260919T112700Z_shared_delivery_v1	coad_biochemical_v0.1_shared_view_v1	biochemical_annotation_view	KEGG:C00386	carnosine	CARNMT1	feature_gene_pair	NA	NA	NA	NA	NA	NA	NA	NA	NA	NA	NEEDS_REVIEW	REACTION_ANNOTATION_SUPPORTED_PROVISIONAL	reports/COAD/current_catalog_v0_1/candidate_catalog.json	hsa:138199	-0.552013685316796	0.0303181418621276	ORIGINAL_KEGG_NAME_COMPATIBLE	reports/COAD/current_catalog_v0_1/candidate_catalog.json
COAD	COAD	02_MAPPING	20260919T112700Z_shared_delivery_v1	coad_biochemical_v0.1_shared_view_v1	biochemical_annotation_view	KEGG:C00386	carnosine	CARNS1	feature_gene_pair	NA	NA	NA	NA	NA	NA	NA	NA	NA	NA	NEEDS_REVIEW	REACTION_ANNOTATION_SUPPORTED_PROVISIONAL	reports/COAD/current_catalog_v0_1/candidate_catalog.json	hsa:57571	-0.552013685316796	0.0303181418621276	ORIGINAL_KEGG_NAME_COMPATIBLE	reports/COAD/current_catalog_v0_1/candidate_catalog.json
COAD	COAD	02_MAPPING	20260919T112700Z_shared_delivery_v1	coad_biochemical_v0.1_shared_view_v1	biochemical_annotation_view	KEGG:C00386	carnosine	CNDP1	feature_gene_pair	NA	NA	NA	NA	NA	NA	NA	NA	NA	NA	NEEDS_REVIEW	REACTION_ANNOTATION_SUPPORTED_PROVISIONAL	reports/COAD/current_catalog_v0_1/candidate_catalog.json	hsa:84735	-0.552013685316796	0.0303181418621276	ORIGINAL_KEGG_NAME_COMPATIBLE	reports/COAD/current_catalog_v0_1/candidate_catalog.json
COAD	COAD	02_MAPPING	20260919T112700Z_shared_delivery_v1	coad_biochemical_v0.1_shared_view_v1	biochemical_annotation_view	KEGG:C00386	carnosine	CNDP2	feature_gene_pair	NA	NA	NA	NA	NA	NA	NA	NA	NA	NA	NEEDS_REVIEW	REACTION_SPECIFICITY_PENDING	reports/COAD/current_catalog_v0_1/candidate_catalog.json	hsa:55748	-0.552013685316796	0.0303181418621276	ORIGINAL_KEGG_NAME_COMPATIBLE	reports/COAD/current_catalog_v0_1/candidate_catalog.json
COAD	COAD	02_MAPPING	20260919T112700Z_shared_delivery_v1	coad_biochemical_v0.1_shared_view_v1	biochemical_annotation_view	KEGG:C00386	carnosine	SLC15A1	feature_gene_pair	NA	NA	NA	NA	NA	NA	NA	NA	NA	NA	NEEDS_REVIEW	REACTION_ANNOTATION_SUPPORTED_PROVISIONAL	reports/COAD/current_catalog_v0_1/candidate_catalog.json	hsa:6564	-0.552013685316796	0.0303181418621276	ORIGINAL_KEGG_NAME_COMPATIBLE	reports/COAD/current_catalog_v0_1/candidate_catalog.json
COAD	COAD	02_MAPPING	20260919T112700Z_shared_delivery_v1	coad_biochemical_v0.1_shared_view_v1	biochemical_annotation_view	KEGG:C00386	carnosine	SLC15A2	feature_gene_pair	NA	NA	NA	NA	NA	NA	NA	NA	NA	NA	NEEDS_REVIEW	REACTION_ANNOTATION_SUPPORTED_PROVISIONAL	reports/COAD/current_catalog_v0_1/candidate_catalog.json	hsa:6565	-0.552013685316796	0.0303181418621276	ORIGINAL_KEGG_NAME_COMPATIBLE	reports/COAD/current_catalog_v0_1/candidate_catalog.json
COAD	COAD	02_MAPPING	20260919T112700Z_shared_delivery_v1	coad_biochemical_v0.1_shared_view_v1	biochemical_annotation_view	KEGG:C00386	carnosine	SLC15A3	feature_gene_pair	NA	NA	NA	NA	NA	NA	NA	NA	NA	NA	NEEDS_REVIEW	REACTION_ANNOTATION_SUPPORTED_PROVISIONAL	reports/COAD/current_catalog_v0_1/candidate_catalog.json	hsa:51296	-0.552013685316796	0.0303181418621276	ORIGINAL_KEGG_NAME_COMPATIBLE	reports/COAD/current_catalog_v0_1/candidate_catalog.json
COAD	COAD	02_MAPPING	20260919T112700Z_shared_delivery_v1	coad_biochemical_v0.1_shared_view_v1	biochemical_annotation_view	KEGG:C00386	carnosine	SLC15A4	feature_gene_pair	NA	NA	NA	NA	NA	NA	NA	NA	NA	NA	NEEDS_REVIEW	REACTION_ANNOTATION_SUPPORTED_PROVISIONAL	reports/COAD/current_catalog_v0_1/candidate_catalog.json	hsa:121260	-0.552013685316796	0.0303181418621276	ORIGINAL_KEGG_NAME_COMPATIBLE	reports/COAD/current_catalog_v0_1/candidate_catalog.json
COAD	COAD	02_MAPPING	20260919T112700Z_shared_delivery_v1	coad_biochemical_v0.1_shared_view_v1	biochemical_annotation_view	KEGG:C00386	carnosine	SLC22A15	feature_gene_pair	NA	NA	NA	NA	NA	NA	NA	NA	NA	NA	NEEDS_REVIEW	REACTION_ANNOTATION_SUPPORTED_PROVISIONAL	reports/COAD/current_catalog_v0_1/candidate_catalog.json	hsa:55356	-0.552013685316796	0.0303181418621276	ORIGINAL_KEGG_NAME_COMPATIBLE	reports/COAD/current_catalog_v0_1/candidate_catalog.json
COAD	COAD	02_MAPPING	20260919T112700Z_shared_delivery_v1	coad_biochemical_v0.1_shared_view_v1	biochemical_annotation_view	KEGG:C00417	cis-aconitate	ACO1	feature_gene_pair	NA	NA	NA	NA	NA	NA	NA	NA	NA	NA	NEEDS_REVIEW	REACTION_SPECIFICITY_PENDING	reports/COAD/current_catalog_v0_1/candidate_catalog.json	hsa:48	-0.8353983577876	0.000307793700547115	ORIGINAL_KEGG_NAME_COMPATIBLE	reports/COAD/current_catalog_v0_1/candidate_catalog.json
COAD	COAD	02_MAPPING	20260919T112700Z_shared_delivery_v1	coad_biochemical_v0.1_shared_view_v1	biochemical_annotation_view	KEGG:C00417	cis-aconitate	ACO2	feature_gene_pair	NA	NA	NA	NA	NA	NA	NA	NA	NA	NA	NEEDS_REVIEW	REACTION_SPECIFICITY_PENDING	reports/COAD/current_catalog_v0_1/candidate_catalog.json	hsa:50	-0.8353983577876	0.000307793700547115	ORIGINAL_KEGG_NAME_COMPATIBLE	reports/COAD/current_catalog_v0_1/candidate_catalog.json
COAD	COAD	02_MAPPING	20260919T112700Z_shared_delivery_v1	coad_biochemical_v0.1_shared_view_v1	biochemical_annotation_view	KEGG:C00417	cis-aconitate	ACOD1	feature_gene_pair	NA	NA	NA	NA	NA	NA	NA	NA	NA	NA	NEEDS_REVIEW	REACTION_ANNOTATION_SUPPORTED_PROVISIONAL	reports/COAD/current_catalog_v0_1/candidate_catalog.json	hsa:730249	-0.8353983577876	0.000307793700547115	ORIGINAL_KEGG_NAME_COMPATIBLE	reports/COAD/current_catalog_v0_1/candidate_catalog.json
COAD	COAD	02_MAPPING	20260919T112700Z_shared_delivery_v1	coad_biochemical_v0.1_shared_view_v1	biochemical_annotation_view	KEGG:C00417	cis-aconitate	SLC25A1	feature_gene_pair	NA	NA	NA	NA	NA	NA	NA	NA	NA	NA	NEEDS_REVIEW	REACTION_ANNOTATION_SUPPORTED_PROVISIONAL	reports/COAD/current_catalog_v0_1/candidate_catalog.json	hsa:6576	-0.8353983577876	0.000307793700547115	ORIGINAL_KEGG_NAME_COMPATIBLE	reports/COAD/current_catalog_v0_1/candidate_catalog.json
COAD	COAD	02_MAPPING	20260919T112700Z_shared_delivery_v1	coad_biochemical_v0.1_shared_view_v1	biochemical_annotation_view	KEGG:C00158	citrate	ACLY	feature_gene_pair	NA	NA	NA	NA	NA	NA	NA	NA	NA	NA	NEEDS_REVIEW	REACTION_ANNOTATION_SUPPORTED_PROVISIONAL	reports/COAD/current_catalog_v0_1/candidate_catalog.json	hsa:47	-1.08156774149304	4.64513926849744e-06	ORIGINAL_KEGG_NAME_COMPATIBLE	reports/COAD/current_catalog_v0_1/candidate_catalog.json
COAD	COAD	02_MAPPING	20260919T112700Z_shared_delivery_v1	coad_biochemical_v0.1_shared_view_v1	biochemical_annotation_view	KEGG:C00158	citrate	ACO1	feature_gene_pair	NA	NA	NA	NA	NA	NA	NA	NA	NA	NA	NEEDS_REVIEW	REACTION_ANNOTATION_SUPPORTED_PROVISIONAL	reports/COAD/current_catalog_v0_1/candidate_catalog.json	hsa:48	-1.08156774149304	4.64513926849744e-06	ORIGINAL_KEGG_NAME_COMPATIBLE	reports/COAD/current_catalog_v0_1/candidate_catalog.json
COAD	COAD	02_MAPPING	20260919T112700Z_shared_delivery_v1	coad_biochemical_v0.1_shared_view_v1	biochemical_annotation_view	KEGG:C00158	citrate	ACO2	feature_gene_pair	NA	NA	NA	NA	NA	NA	NA	NA	NA	NA	NEEDS_REVIEW	REACTION_ANNOTATION_SUPPORTED_PROVISIONAL	reports/COAD/current_catalog_v0_1/candidate_catalog.json	hsa:50	-1.08156774149304	4.64513926849744e-06	ORIGINAL_KEGG_NAME_COMPATIBLE	reports/COAD/current_catalog_v0_1/candidate_catalog.json
COAD	COAD	02_MAPPING	20260919T112700Z_shared_delivery_v1	coad_biochemical_v0.1_shared_view_v1	biochemical_annotation_view	KEGG:C00158	citrate	ANKH	feature_gene_pair	NA	NA	NA	NA	NA	NA	NA	NA	NA	NA	NEEDS_REVIEW	REACTION_ANNOTATION_SUPPORTED_PROVISIONAL	reports/COAD/current_catalog_v0_1/candidate_catalog.json	hsa:56172	-1.08156774149304	4.64513926849744e-06	ORIGINAL_KEGG_NAME_COMPATIBLE	reports/COAD/current_catalog_v0_1/candidate_catalog.json
COAD	COAD	02_MAPPING	20260919T112700Z_shared_delivery_v1	coad_biochemical_v0.1_shared_view_v1	biochemical_annotation_view	KEGG:C00158	citrate	CS	feature_gene_pair	NA	NA	NA	NA	NA	NA	NA	NA	NA	NA	NEEDS_REVIEW	REACTION_ANNOTATION_SUPPORTED_PROVISIONAL	reports/COAD/current_catalog_v0_1/candidate_catalog.json	hsa:1431	-1.08156774149304	4.64513926849744e-06	ORIGINAL_KEGG_NAME_COMPATIBLE	reports/COAD/current_catalog_v0_1/candidate_catalog.json
COAD	COAD	02_MAPPING	20260919T112700Z_shared_delivery_v1	coad_biochemical_v0.1_shared_view_v1	biochemical_annotation_view	KEGG:C00158	citrate	RIMKLB	feature_gene_pair	NA	NA	NA	NA	NA	NA	NA	NA	NA	NA	NEEDS_REVIEW	REACTION_ANNOTATION_SUPPORTED_PROVISIONAL	reports/COAD/current_catalog_v0_1/candidate_catalog.json	hsa:57494	-1.08156774149304	4.64513926849744e-06	ORIGINAL_KEGG_NAME_COMPATIBLE	reports/COAD/current_catalog_v0_1/candidate_catalog.json
COAD	COAD	02_MAPPING	20260919T112700Z_shared_delivery_v1	coad_biochemical_v0.1_shared_view_v1	biochemical_annotation_view	KEGG:C00158	citrate	SFXN5	feature_gene_pair	NA	NA	NA	NA	NA	NA	NA	NA	NA	NA	NEEDS_REVIEW	REACTION_ANNOTATION_SUPPORTED_PROVISIONAL	reports/COAD/current_catalog_v0_1/candidate_catalog.json	hsa:94097	-1.08156774149304	4.64513926849744e-06	ORIGINAL_KEGG_NAME_COMPATIBLE	reports/COAD/current_catalog_v0_1/candidate_catalog.json
COAD	COAD	02_MAPPING	20260919T112700Z_shared_delivery_v1	coad_biochemical_v0.1_shared_view_v1	biochemical_annotation_view	KEGG:C00158	citrate	SLC13A2	feature_gene_pair	NA	NA	NA	NA	NA	NA	NA	NA	NA	NA	NEEDS_REVIEW	REACTION_ANNOTATION_SUPPORTED_PROVISIONAL	reports/COAD/current_catalog_v0_1/candidate_catalog.json	hsa:9058	-1.08156774149304	4.64513926849744e-06	ORIGINAL_KEGG_NAME_COMPATIBLE	reports/COAD/current_catalog_v0_1/candidate_catalog.json
COAD	COAD	02_MAPPING	20260919T112700Z_shared_delivery_v1	coad_biochemical_v0.1_shared_view_v1	biochemical_annotation_view	KEGG:C00158	citrate	SLC13A5	feature_gene_pair	NA	NA	NA	NA	NA	NA	NA	NA	NA	NA	NEEDS_REVIEW	REACTION_ANNOTATION_SUPPORTED_PROVISIONAL	reports/COAD/current_catalog_v0_1/candidate_catalog.json	hsa:284111	-1.08156774149304	4.64513926849744e-06	ORIGINAL_KEGG_NAME_COMPATIBLE	reports/COAD/current_catalog_v0_1/candidate_catalog.json
COAD	COAD	02_MAPPING	20260919T112700Z_shared_delivery_v1	coad_biochemical_v0.1_shared_view_v1	biochemical_annotation_view	KEGG:C00158	citrate	SLC25A1	feature_gene_pair	NA	NA	NA	NA	NA	NA	NA	NA	NA	NA	NEEDS_REVIEW	REACTION_ANNOTATION_SUPPORTED_PROVISIONAL	reports/COAD/current_catalog_v0_1/candidate_catalog.json	hsa:6576	-1.08156774149304	4.64513926849744e-06	ORIGINAL_KEGG_NAME_COMPATIBLE	reports/COAD/current_catalog_v0_1/candidate_catalog.json
COAD	COAD	02_MAPPING	20260919T112700Z_shared_delivery_v1	coad_biochemical_v0.1_shared_view_v1	biochemical_annotation_view	KEGG:C00158	citrate	SLC25A14	feature_gene_pair	NA	NA	NA	NA	NA	NA	NA	NA	NA	NA	NEEDS_REVIEW	REACTION_ANNOTATION_SUPPORTED_PROVISIONAL	reports/COAD/current_catalog_v0_1/candidate_catalog.json	hsa:9016	-1.08156774149304	4.64513926849744e-06	ORIGINAL_KEGG_NAME_COMPATIBLE	reports/COAD/current_catalog_v0_1/candidate_catalog.json
COAD	COAD	02_MAPPING	20260919T112700Z_shared_delivery_v1	coad_biochemical_v0.1_shared_view_v1	biochemical_annotation_view	KEGG:C00158	citrate	SLC25A21	feature_gene_pair	NA	NA	NA	NA	NA	NA	NA	NA	NA	NA	NEEDS_REVIEW	REACTION_ANNOTATION_SUPPORTED_PROVISIONAL	reports/COAD/current_catalog_v0_1/candidate_catalog.json	hsa:89874	-1.08156774149304	4.64513926849744e-06	ORIGINAL_KEGG_NAME_COMPATIBLE	reports/COAD/current_catalog_v0_1/candidate_catalog.json
COAD	COAD	02_MAPPING	20260919T112700Z_shared_delivery_v1	coad_biochemical_v0.1_shared_view_v1	biochemical_annotation_view	KEGG:C00300	creatine	CKB	feature_gene_pair	NA	NA	NA	NA	NA	NA	NA	NA	NA	NA	NEEDS_REVIEW	REACTION_ANNOTATION_SUPPORTED_PROVISIONAL	reports/COAD/current_catalog_v0_1/candidate_catalog.json	hsa:1152	-0.803110403962142	0.0051099208710439	ORIGINAL_KEGG_NAME_COMPATIBLE	reports/COAD/current_catalog_v0_1/candidate_catalog.json
COAD	COAD	02_MAPPING	20260919T112700Z_shared_delivery_v1	coad_biochemical_v0.1_shared_view_v1	biochemical_annotation_view	KEGG:C00300	creatine	CKM	feature_gene_pair	NA	NA	NA	NA	NA	NA	NA	NA	NA	NA	NEEDS_REVIEW	REACTION_ANNOTATION_SUPPORTED_PROVISIONAL	reports/COAD/current_catalog_v0_1/candidate_catalog.json	hsa:1158	-0.803110403962142	0.0051099208710439	ORIGINAL_KEGG_NAME_COMPATIBLE	reports/COAD/current_catalog_v0_1/candidate_catalog.json
COAD	COAD	02_MAPPING	20260919T112700Z_shared_delivery_v1	coad_biochemical_v0.1_shared_view_v1	biochemical_annotation_view	KEGG:C00300	creatine	CKMT1A	feature_gene_pair	NA	NA	NA	NA	NA	NA	NA	NA	NA	NA	NEEDS_REVIEW	REACTION_ANNOTATION_SUPPORTED_PROVISIONAL	reports/COAD/current_catalog_v0_1/candidate_catalog.json	hsa:548596	-0.803110403962142	0.0051099208710439	ORIGINAL_KEGG_NAME_COMPATIBLE	reports/COAD/current_catalog_v0_1/candidate_catalog.json
COAD	COAD	02_MAPPING	20260919T112700Z_shared_delivery_v1	coad_biochemical_v0.1_shared_view_v1	biochemical_annotation_view	KEGG:C00300	creatine	CKMT1B	feature_gene_pair	NA	NA	NA	NA	NA	NA	NA	NA	NA	NA	NEEDS_REVIEW	REACTION_ANNOTATION_SUPPORTED_PROVISIONAL	reports/COAD/current_catalog_v0_1/candidate_catalog.json	hsa:1159	-0.803110403962142	0.0051099208710439	ORIGINAL_KEGG_NAME_COMPATIBLE	reports/COAD/current_catalog_v0_1/candidate_catalog.json
COAD	COAD	02_MAPPING	20260919T112700Z_shared_delivery_v1	coad_biochemical_v0.1_shared_view_v1	biochemical_annotation_view	KEGG:C00300	creatine	CKMT2	feature_gene_pair	NA	NA	NA	NA	NA	NA	NA	NA	NA	NA	NEEDS_REVIEW	REACTION_ANNOTATION_SUPPORTED_PROVISIONAL	reports/COAD/current_catalog_v0_1/candidate_catalog.json	hsa:1160	-0.803110403962142	0.0051099208710439	ORIGINAL_KEGG_NAME_COMPATIBLE	reports/COAD/current_catalog_v0_1/candidate_catalog.json
COAD	COAD	02_MAPPING	20260919T112700Z_shared_delivery_v1	coad_biochemical_v0.1_shared_view_v1	biochemical_annotation_view	KEGG:C00300	creatine	GAMT	feature_gene_pair	NA	NA	NA	NA	NA	NA	NA	NA	NA	NA	NEEDS_REVIEW	REACTION_ANNOTATION_SUPPORTED_PROVISIONAL	reports/COAD/current_catalog_v0_1/candidate_catalog.json	hsa:2593	-0.803110403962142	0.0051099208710439	ORIGINAL_KEGG_NAME_COMPATIBLE	reports/COAD/current_catalog_v0_1/candidate_catalog.json
COAD	COAD	02_MAPPING	20260919T112700Z_shared_delivery_v1	coad_biochemical_v0.1_shared_view_v1	biochemical_annotation_view	KEGG:C00300	creatine	SLC16A9	feature_gene_pair	NA	NA	NA	NA	NA	NA	NA	NA	NA	NA	NEEDS_REVIEW	REACTION_ANNOTATION_SUPPORTED_PROVISIONAL	reports/COAD/current_catalog_v0_1/candidate_catalog.json	hsa:220963	-0.803110403962142	0.0051099208710439	ORIGINAL_KEGG_NAME_COMPATIBLE	reports/COAD/current_catalog_v0_1/candidate_catalog.json
COAD	COAD	02_MAPPING	20260919T112700Z_shared_delivery_v1	coad_biochemical_v0.1_shared_view_v1	biochemical_annotation_view	KEGG:C00300	creatine	SLC22A15	feature_gene_pair	NA	NA	NA	NA	NA	NA	NA	NA	NA	NA	NEEDS_REVIEW	REACTION_ANNOTATION_SUPPORTED_PROVISIONAL	reports/COAD/current_catalog_v0_1/candidate_catalog.json	hsa:55356	-0.803110403962142	0.0051099208710439	ORIGINAL_KEGG_NAME_COMPATIBLE	reports/COAD/current_catalog_v0_1/candidate_catalog.json
COAD	COAD	02_MAPPING	20260919T112700Z_shared_delivery_v1	coad_biochemical_v0.1_shared_view_v1	biochemical_annotation_view	KEGG:C00300	creatine	SLC6A8	feature_gene_pair	NA	NA	NA	NA	NA	NA	NA	NA	NA	NA	NEEDS_REVIEW	REACTION_ANNOTATION_SUPPORTED_PROVISIONAL	reports/COAD/current_catalog_v0_1/candidate_catalog.json	hsa:6535	-0.803110403962142	0.0051099208710439	ORIGINAL_KEGG_NAME_COMPATIBLE	reports/COAD/current_catalog_v0_1/candidate_catalog.json
COAD	COAD	02_MAPPING	20260919T112700Z_shared_delivery_v1	coad_biochemical_v0.1_shared_view_v1	biochemical_annotation_view	KEGG:C00791	creatinine	SLC22A2	feature_gene_pair	NA	NA	NA	NA	NA	NA	NA	NA	NA	NA	NEEDS_REVIEW	REACTION_ANNOTATION_SUPPORTED_PROVISIONAL	reports/COAD/current_catalog_v0_1/candidate_catalog.json	hsa:6582	-1.21647722662822	2.15403529632938e-06	ORIGINAL_KEGG_NAME_COMPATIBLE	reports/COAD/current_catalog_v0_1/candidate_catalog.json
COAD	COAD	02_MAPPING	20260919T112700Z_shared_delivery_v1	coad_biochemical_v0.1_shared_view_v1	biochemical_annotation_view	KEGG:C00791	creatinine	SLC22A7	feature_gene_pair	NA	NA	NA	NA	NA	NA	NA	NA	NA	NA	NEEDS_REVIEW	REACTION_ANNOTATION_SUPPORTED_PROVISIONAL	reports/COAD/current_catalog_v0_1/candidate_catalog.json	hsa:10864	-1.21647722662822	2.15403529632938e-06	ORIGINAL_KEGG_NAME_COMPATIBLE	reports/COAD/current_catalog_v0_1/candidate_catalog.json
COAD	COAD	02_MAPPING	20260919T112700Z_shared_delivery_v1	coad_biochemical_v0.1_shared_view_v1	biochemical_annotation_view	KEGG:C00791	creatinine	SLC47A1	feature_gene_pair	NA	NA	NA	NA	NA	NA	NA	NA	NA	NA	NEEDS_REVIEW	REACTION_ANNOTATION_SUPPORTED_PROVISIONAL	reports/COAD/current_catalog_v0_1/candidate_catalog.json	hsa:55244	-1.21647722662822	2.15403529632938e-06	ORIGINAL_KEGG_NAME_COMPATIBLE	reports/COAD/current_catalog_v0_1/candidate_catalog.json
COAD	COAD	02_MAPPING	20260919T112700Z_shared_delivery_v1	coad_biochemical_v0.1_shared_view_v1	biochemical_annotation_view	KEGG:C00791	creatinine	SLC47A2	feature_gene_pair	NA	NA	NA	NA	NA	NA	NA	NA	NA	NA	NEEDS_REVIEW	REACTION_ANNOTATION_SUPPORTED_PROVISIONAL	reports/COAD/current_catalog_v0_1/candidate_catalog.json	hsa:146802	-1.21647722662822	2.15403529632938e-06	ORIGINAL_KEGG_NAME_COMPATIBLE	reports/COAD/current_catalog_v0_1/candidate_catalog.json
COAD	COAD	02_MAPPING	20260919T112700Z_shared_delivery_v1	coad_biochemical_v0.1_shared_view_v1	biochemical_annotation_view	KEGG:C00475	cytidine	CDA	feature_gene_pair	NA	NA	NA	NA	NA	NA	NA	NA	NA	NA	NEEDS_REVIEW	REACTION_ANNOTATION_SUPPORTED_PROVISIONAL	reports/COAD/current_catalog_v0_1/candidate_catalog.json	hsa:978	-0.484622433872367	0.0458478582879108	ORIGINAL_KEGG_NAME_COMPATIBLE	reports/COAD/current_catalog_v0_1/candidate_catalog.json
COAD	COAD	02_MAPPING	20260919T112700Z_shared_delivery_v1	coad_biochemical_v0.1_shared_view_v1	biochemical_annotation_view	KEGG:C00475	cytidine	CDADC1	feature_gene_pair	NA	NA	NA	NA	NA	NA	NA	NA	NA	NA	NEEDS_REVIEW	REACTION_SPECIFICITY_PENDING	reports/COAD/current_catalog_v0_1/candidate_catalog.json	hsa:81602	-0.484622433872367	0.0458478582879108	ORIGINAL_KEGG_NAME_COMPATIBLE	reports/COAD/current_catalog_v0_1/candidate_catalog.json
COAD	COAD	02_MAPPING	20260919T112700Z_shared_delivery_v1	coad_biochemical_v0.1_shared_view_v1	biochemical_annotation_view	KEGG:C00475	cytidine	NT5C	feature_gene_pair	NA	NA	NA	NA	NA	NA	NA	NA	NA	NA	NEEDS_REVIEW	REACTION_SPECIFICITY_PENDING	reports/COAD/current_catalog_v0_1/candidate_catalog.json	hsa:30833	-0.484622433872367	0.0458478582879108	ORIGINAL_KEGG_NAME_COMPATIBLE	reports/COAD/current_catalog_v0_1/candidate_catalog.json
COAD	COAD	02_MAPPING	20260919T112700Z_shared_delivery_v1	coad_biochemical_v0.1_shared_view_v1	biochemical_annotation_view	KEGG:C00475	cytidine	NT5C1A	feature_gene_pair	NA	NA	NA	NA	NA	NA	NA	NA	NA	NA	NEEDS_REVIEW	REACTION_SPECIFICITY_PENDING	reports/COAD/current_catalog_v0_1/candidate_catalog.json	hsa:84618	-0.484622433872367	0.0458478582879108	ORIGINAL_KEGG_NAME_COMPATIBLE	reports/COAD/current_catalog_v0_1/candidate_catalog.json
COAD	COAD	02_MAPPING	20260919T112700Z_shared_delivery_v1	coad_biochemical_v0.1_shared_view_v1	biochemical_annotation_view	KEGG:C00475	cytidine	NT5C1B	feature_gene_pair	NA	NA	NA	NA	NA	NA	NA	NA	NA	NA	NEEDS_REVIEW	REACTION_SPECIFICITY_PENDING	reports/COAD/current_catalog_v0_1/candidate_catalog.json	hsa:93034	-0.484622433872367	0.0458478582879108	ORIGINAL_KEGG_NAME_COMPATIBLE	reports/COAD/current_catalog_v0_1/candidate_catalog.json
COAD	COAD	02_MAPPING	20260919T112700Z_shared_delivery_v1	coad_biochemical_v0.1_shared_view_v1	biochemical_annotation_view	KEGG:C00475	cytidine	NT5C1B-RDH14	feature_gene_pair	NA	NA	NA	NA	NA	NA	NA	NA	NA	NA	NOT_EVALUABLE	UNIPROT_RECORD_NOT_EVALUABLE	reports/COAD/current_catalog_v0_1/candidate_catalog.json	hsa:100526794	-0.484622433872367	0.0458478582879108	ORIGINAL_KEGG_NAME_COMPATIBLE	reports/COAD/current_catalog_v0_1/candidate_catalog.json
COAD	COAD	02_MAPPING	20260919T112700Z_shared_delivery_v1	coad_biochemical_v0.1_shared_view_v1	biochemical_annotation_view	KEGG:C00475	cytidine	NT5C2	feature_gene_pair	NA	NA	NA	NA	NA	NA	NA	NA	NA	NA	NEEDS_REVIEW	REACTION_SPECIFICITY_PENDING	reports/COAD/current_catalog_v0_1/candidate_catalog.json	hsa:22978	-0.484622433872367	0.0458478582879108	ORIGINAL_KEGG_NAME_COMPATIBLE	reports/COAD/current_catalog_v0_1/candidate_catalog.json
COAD	COAD	02_MAPPING	20260919T112700Z_shared_delivery_v1	coad_biochemical_v0.1_shared_view_v1	biochemical_annotation_view	KEGG:C00475	cytidine	NT5C3A	feature_gene_pair	NA	NA	NA	NA	NA	NA	NA	NA	NA	NA	NEEDS_REVIEW	REACTION_ANNOTATION_SUPPORTED_PROVISIONAL	reports/COAD/current_catalog_v0_1/candidate_catalog.json	hsa:51251	-0.484622433872367	0.0458478582879108	ORIGINAL_KEGG_NAME_COMPATIBLE	reports/COAD/current_catalog_v0_1/candidate_catalog.json
COAD	COAD	02_MAPPING	20260919T112700Z_shared_delivery_v1	coad_biochemical_v0.1_shared_view_v1	biochemical_annotation_view	KEGG:C00475	cytidine	NT5C3B	feature_gene_pair	NA	NA	NA	NA	NA	NA	NA	NA	NA	NA	NEEDS_REVIEW	REACTION_ANNOTATION_SUPPORTED_PROVISIONAL	reports/COAD/current_catalog_v0_1/candidate_catalog.json	hsa:115024	-0.484622433872367	0.0458478582879108	ORIGINAL_KEGG_NAME_COMPATIBLE	reports/COAD/current_catalog_v0_1/candidate_catalog.json
COAD	COAD	02_MAPPING	20260919T112700Z_shared_delivery_v1	coad_biochemical_v0.1_shared_view_v1	biochemical_annotation_view	KEGG:C00475	cytidine	NT5DC4	feature_gene_pair	NA	NA	NA	NA	NA	NA	NA	NA	NA	NA	NEEDS_REVIEW	REACTION_SPECIFICITY_PENDING	reports/COAD/current_catalog_v0_1/candidate_catalog.json	hsa:284958	-0.484622433872367	0.0458478582879108	ORIGINAL_KEGG_NAME_COMPATIBLE	reports/COAD/current_catalog_v0_1/candidate_catalog.json
COAD	COAD	02_MAPPING	20260919T112700Z_shared_delivery_v1	coad_biochemical_v0.1_shared_view_v1	biochemical_annotation_view	KEGG:C00475	cytidine	NT5E	feature_gene_pair	NA	NA	NA	NA	NA	NA	NA	NA	NA	NA	NEEDS_REVIEW	REACTION_ANNOTATION_SUPPORTED_PROVISIONAL	reports/COAD/current_catalog_v0_1/candidate_catalog.json	hsa:4907	-0.484622433872367	0.0458478582879108	ORIGINAL_KEGG_NAME_COMPATIBLE	reports/COAD/current_catalog_v0_1/candidate_catalog.json
COAD	COAD	02_MAPPING	20260919T112700Z_shared_delivery_v1	coad_biochemical_v0.1_shared_view_v1	biochemical_annotation_view	KEGG:C00475	cytidine	NT5M	feature_gene_pair	NA	NA	NA	NA	NA	NA	NA	NA	NA	NA	NEEDS_REVIEW	REACTION_SPECIFICITY_PENDING	reports/COAD/current_catalog_v0_1/candidate_catalog.json	hsa:56953	-0.484622433872367	0.0458478582879108	ORIGINAL_KEGG_NAME_COMPATIBLE	reports/COAD/current_catalog_v0_1/candidate_catalog.json
COAD	COAD	02_MAPPING	20260919T112700Z_shared_delivery_v1	coad_biochemical_v0.1_shared_view_v1	biochemical_annotation_view	KEGG:C00475	cytidine	SLC28A1	feature_gene_pair	NA	NA	NA	NA	NA	NA	NA	NA	NA	NA	NEEDS_REVIEW	REACTION_ANNOTATION_SUPPORTED_PROVISIONAL	reports/COAD/current_catalog_v0_1/candidate_catalog.json	hsa:9154	-0.484622433872367	0.0458478582879108	ORIGINAL_KEGG_NAME_COMPATIBLE	reports/COAD/current_catalog_v0_1/candidate_catalog.json
COAD	COAD	02_MAPPING	20260919T112700Z_shared_delivery_v1	coad_biochemical_v0.1_shared_view_v1	biochemical_annotation_view	KEGG:C00475	cytidine	SLC28A3	feature_gene_pair	NA	NA	NA	NA	NA	NA	NA	NA	NA	NA	NEEDS_REVIEW	REACTION_ANNOTATION_SUPPORTED_PROVISIONAL	reports/COAD/current_catalog_v0_1/candidate_catalog.json	hsa:64078	-0.484622433872367	0.0458478582879108	ORIGINAL_KEGG_NAME_COMPATIBLE	reports/COAD/current_catalog_v0_1/candidate_catalog.json
COAD	COAD	02_MAPPING	20260919T112700Z_shared_delivery_v1	coad_biochemical_v0.1_shared_view_v1	biochemical_annotation_view	KEGG:C00475	cytidine	SLC29A1	feature_gene_pair	NA	NA	NA	NA	NA	NA	NA	NA	NA	NA	NEEDS_REVIEW	REACTION_ANNOTATION_SUPPORTED_PROVISIONAL	reports/COAD/current_catalog_v0_1/candidate_catalog.json	hsa:2030	-0.484622433872367	0.0458478582879108	ORIGINAL_KEGG_NAME_COMPATIBLE	reports/COAD/current_catalog_v0_1/candidate_catalog.json
COAD	COAD	02_MAPPING	20260919T112700Z_shared_delivery_v1	coad_biochemical_v0.1_shared_view_v1	biochemical_annotation_view	KEGG:C00475	cytidine	SLC29A2	feature_gene_pair	NA	NA	NA	NA	NA	NA	NA	NA	NA	NA	NEEDS_REVIEW	REACTION_ANNOTATION_SUPPORTED_PROVISIONAL	reports/COAD/current_catalog_v0_1/candidate_catalog.json	hsa:3177	-0.484622433872367	0.0458478582879108	ORIGINAL_KEGG_NAME_COMPATIBLE	reports/COAD/current_catalog_v0_1/candidate_catalog.json
COAD	COAD	02_MAPPING	20260919T112700Z_shared_delivery_v1	coad_biochemical_v0.1_shared_view_v1	biochemical_annotation_view	KEGG:C00475	cytidine	SLC29A3	feature_gene_pair	NA	NA	NA	NA	NA	NA	NA	NA	NA	NA	NEEDS_REVIEW	REACTION_ANNOTATION_SUPPORTED_PROVISIONAL	reports/COAD/current_catalog_v0_1/candidate_catalog.json	hsa:55315	-0.484622433872367	0.0458478582879108	ORIGINAL_KEGG_NAME_COMPATIBLE	reports/COAD/current_catalog_v0_1/candidate_catalog.json
COAD	COAD	02_MAPPING	20260919T112700Z_shared_delivery_v1	coad_biochemical_v0.1_shared_view_v1	biochemical_annotation_view	KEGG:C00475	cytidine	UCK1	feature_gene_pair	NA	NA	NA	NA	NA	NA	NA	NA	NA	NA	NEEDS_REVIEW	REACTION_ANNOTATION_SUPPORTED_PROVISIONAL	reports/COAD/current_catalog_v0_1/candidate_catalog.json	hsa:83549	-0.484622433872367	0.0458478582879108	ORIGINAL_KEGG_NAME_COMPATIBLE	reports/COAD/current_catalog_v0_1/candidate_catalog.json
COAD	COAD	02_MAPPING	20260919T112700Z_shared_delivery_v1	coad_biochemical_v0.1_shared_view_v1	biochemical_annotation_view	KEGG:C00475	cytidine	UCK2	feature_gene_pair	NA	NA	NA	NA	NA	NA	NA	NA	NA	NA	NEEDS_REVIEW	REACTION_ANNOTATION_SUPPORTED_PROVISIONAL	reports/COAD/current_catalog_v0_1/candidate_catalog.json	hsa:7371	-0.484622433872367	0.0458478582879108	ORIGINAL_KEGG_NAME_COMPATIBLE	reports/COAD/current_catalog_v0_1/candidate_catalog.json
COAD	COAD	02_MAPPING	20260919T112700Z_shared_delivery_v1	coad_biochemical_v0.1_shared_view_v1	biochemical_annotation_view	KEGG:C00475	cytidine	UCKL1	feature_gene_pair	NA	NA	NA	NA	NA	NA	NA	NA	NA	NA	NEEDS_REVIEW	REACTION_ANNOTATION_SUPPORTED_PROVISIONAL	reports/COAD/current_catalog_v0_1/candidate_catalog.json	hsa:54963	-0.484622433872367	0.0458478582879108	ORIGINAL_KEGG_NAME_COMPATIBLE	reports/COAD/current_catalog_v0_1/candidate_catalog.json
COAD	COAD	02_MAPPING	20260919T112700Z_shared_delivery_v1	coad_biochemical_v0.1_shared_view_v1	biochemical_annotation_view	KEGG:C00307	cytidine 5'-diphosphocholine	CEPT1	feature_gene_pair	NA	NA	NA	NA	NA	NA	NA	NA	NA	NA	NEEDS_REVIEW	REACTION_ANNOTATION_SUPPORTED_PROVISIONAL	reports/COAD/current_catalog_v0_1/candidate_catalog.json	hsa:10390	1.20327326312888	7.43310822038562e-07	ORIGINAL_KEGG_NAME_COMPATIBLE	reports/COAD/current_catalog_v0_1/candidate_catalog.json
COAD	COAD	02_MAPPING	20260919T112700Z_shared_delivery_v1	coad_biochemical_v0.1_shared_view_v1	biochemical_annotation_view	KEGG:C00307	cytidine 5'-diphosphocholine	CHPT1	feature_gene_pair	NA	NA	NA	NA	NA	NA	NA	NA	NA	NA	NEEDS_REVIEW	REACTION_ANNOTATION_SUPPORTED_PROVISIONAL	reports/COAD/current_catalog_v0_1/candidate_catalog.json	hsa:56994	1.20327326312888	7.43310822038562e-07	ORIGINAL_KEGG_NAME_COMPATIBLE	reports/COAD/current_catalog_v0_1/candidate_catalog.json
COAD	COAD	02_MAPPING	20260919T112700Z_shared_delivery_v1	coad_biochemical_v0.1_shared_view_v1	biochemical_annotation_view	KEGG:C00307	cytidine 5'-diphosphocholine	PCYT1A	feature_gene_pair	NA	NA	NA	NA	NA	NA	NA	NA	NA	NA	NEEDS_REVIEW	REACTION_ANNOTATION_SUPPORTED_PROVISIONAL	reports/COAD/current_catalog_v0_1/candidate_catalog.json	hsa:5130	1.20327326312888	7.43310822038562e-07	ORIGINAL_KEGG_NAME_COMPATIBLE	reports/COAD/current_catalog_v0_1/candidate_catalog.json
COAD	COAD	02_MAPPING	20260919T112700Z_shared_delivery_v1	coad_biochemical_v0.1_shared_view_v1	biochemical_annotation_view	KEGG:C00307	cytidine 5'-diphosphocholine	PCYT1B	feature_gene_pair	NA	NA	NA	NA	NA	NA	NA	NA	NA	NA	NEEDS_REVIEW	REACTION_ANNOTATION_SUPPORTED_PROVISIONAL	reports/COAD/current_catalog_v0_1/candidate_catalog.json	hsa:9468	1.20327326312888	7.43310822038562e-07	ORIGINAL_KEGG_NAME_COMPATIBLE	reports/COAD/current_catalog_v0_1/candidate_catalog.json
COAD	COAD	02_MAPPING	20260919T112700Z_shared_delivery_v1	coad_biochemical_v0.1_shared_view_v1	biochemical_annotation_view	KEGG:C00111	dihydroxyacetone phosphate (DHAP)	ALDOA	feature_gene_pair	NA	NA	NA	NA	NA	NA	NA	NA	NA	NA	NEEDS_REVIEW	REACTION_ANNOTATION_SUPPORTED_PROVISIONAL	reports/COAD/current_catalog_v0_1/candidate_catalog.json	hsa:226	-0.920687204019363	0.00208970754081866	ORIGINAL_KEGG_NAME_COMPATIBLE	reports/COAD/current_catalog_v0_1/candidate_catalog.json
COAD	COAD	02_MAPPING	20260919T112700Z_shared_delivery_v1	coad_biochemical_v0.1_shared_view_v1	biochemical_annotation_view	KEGG:C00111	dihydroxyacetone phosphate (DHAP)	ALDOB	feature_gene_pair	NA	NA	NA	NA	NA	NA	NA	NA	NA	NA	NEEDS_REVIEW	REACTION_ANNOTATION_SUPPORTED_PROVISIONAL	reports/COAD/current_catalog_v0_1/candidate_catalog.json	hsa:229	-0.920687204019363	0.00208970754081866	ORIGINAL_KEGG_NAME_COMPATIBLE	reports/COAD/current_catalog_v0_1/candidate_catalog.json
COAD	COAD	02_MAPPING	20260919T112700Z_shared_delivery_v1	coad_biochemical_v0.1_shared_view_v1	biochemical_annotation_view	KEGG:C00111	dihydroxyacetone phosphate (DHAP)	ALDOC	feature_gene_pair	NA	NA	NA	NA	NA	NA	NA	NA	NA	NA	NEEDS_REVIEW	REACTION_ANNOTATION_SUPPORTED_PROVISIONAL	reports/COAD/current_catalog_v0_1/candidate_catalog.json	hsa:230	-0.920687204019363	0.00208970754081866	ORIGINAL_KEGG_NAME_COMPATIBLE	reports/COAD/current_catalog_v0_1/candidate_catalog.json
COAD	COAD	02_MAPPING	20260919T112700Z_shared_delivery_v1	coad_biochemical_v0.1_shared_view_v1	biochemical_annotation_view	KEGG:C00111	dihydroxyacetone phosphate (DHAP)	GNPAT	feature_gene_pair	NA	NA	NA	NA	NA	NA	NA	NA	NA	NA	NEEDS_REVIEW	REACTION_ANNOTATION_SUPPORTED_PROVISIONAL	reports/COAD/current_catalog_v0_1/candidate_catalog.json	hsa:8443	-0.920687204019363	0.00208970754081866	ORIGINAL_KEGG_NAME_COMPATIBLE	reports/COAD/current_catalog_v0_1/candidate_catalog.json
COAD	COAD	02_MAPPING	20260919T112700Z_shared_delivery_v1	coad_biochemical_v0.1_shared_view_v1	biochemical_annotation_view	KEGG:C00111	dihydroxyacetone phosphate (DHAP)	GPD1	feature_gene_pair	NA	NA	NA	NA	NA	NA	NA	NA	NA	NA	NEEDS_REVIEW	REACTION_ANNOTATION_SUPPORTED_PROVISIONAL	reports/COAD/current_catalog_v0_1/candidate_catalog.json	hsa:2819	-0.920687204019363	0.00208970754081866	ORIGINAL_KEGG_NAME_COMPATIBLE	reports/COAD/current_catalog_v0_1/candidate_catalog.json
COAD	COAD	02_MAPPING	20260919T112700Z_shared_delivery_v1	coad_biochemical_v0.1_shared_view_v1	biochemical_annotation_view	KEGG:C00111	dihydroxyacetone phosphate (DHAP)	GPD1L	feature_gene_pair	NA	NA	NA	NA	NA	NA	NA	NA	NA	NA	NEEDS_REVIEW	REACTION_ANNOTATION_SUPPORTED_PROVISIONAL	reports/COAD/current_catalog_v0_1/candidate_catalog.json	hsa:23171	-0.920687204019363	0.00208970754081866	ORIGINAL_KEGG_NAME_COMPATIBLE	reports/COAD/current_catalog_v0_1/candidate_catalog.json
COAD	COAD	02_MAPPING	20260919T112700Z_shared_delivery_v1	coad_biochemical_v0.1_shared_view_v1	biochemical_annotation_view	KEGG:C00111	dihydroxyacetone phosphate (DHAP)	GPD2	feature_gene_pair	NA	NA	NA	NA	NA	NA	NA	NA	NA	NA	NEEDS_REVIEW	REACTION_SPECIFICITY_PENDING	reports/COAD/current_catalog_v0_1/candidate_catalog.json	hsa:2820	-0.920687204019363	0.00208970754081866	ORIGINAL_KEGG_NAME_COMPATIBLE	reports/COAD/current_catalog_v0_1/candidate_catalog.json
COAD	COAD	02_MAPPING	20260919T112700Z_shared_delivery_v1	coad_biochemical_v0.1_shared_view_v1	biochemical_annotation_view	KEGG:C00111	dihydroxyacetone phosphate (DHAP)	TKFC	feature_gene_pair	NA	NA	NA	NA	NA	NA	NA	NA	NA	NA	NEEDS_REVIEW	REACTION_ANNOTATION_SUPPORTED_PROVISIONAL	reports/COAD/current_catalog_v0_1/candidate_catalog.json	hsa:26007	-0.920687204019363	0.00208970754081866	ORIGINAL_KEGG_NAME_COMPATIBLE	reports/COAD/current_catalog_v0_1/candidate_catalog.json
COAD	COAD	02_MAPPING	20260919T112700Z_shared_delivery_v1	coad_biochemical_v0.1_shared_view_v1	biochemical_annotation_view	KEGG:C00111	dihydroxyacetone phosphate (DHAP)	TPI1	feature_gene_pair	NA	NA	NA	NA	NA	NA	NA	NA	NA	NA	NEEDS_REVIEW	REACTION_ANNOTATION_SUPPORTED_PROVISIONAL	reports/COAD/current_catalog_v0_1/candidate_catalog.json	hsa:7167	-0.920687204019363	0.00208970754081866	ORIGINAL_KEGG_NAME_COMPATIBLE	reports/COAD/current_catalog_v0_1/candidate_catalog.json
COAD	COAD	02_MAPPING	20260919T112700Z_shared_delivery_v1	coad_biochemical_v0.1_shared_view_v1	biochemical_annotation_view	KEGG:C00031	glucose	ADPGK	feature_gene_pair	NA	NA	NA	NA	NA	NA	NA	NA	NA	NA	NEEDS_REVIEW	REACTION_ANNOTATION_SUPPORTED_PROVISIONAL	reports/COAD/current_catalog_v0_1/candidate_catalog.json	hsa:83440	-2.46828093548679	7.02371971133023e-10	ORIGINAL_KEGG_NAME_COMPATIBLE	reports/COAD/current_catalog_v0_1/candidate_catalog.json
COAD	COAD	02_MAPPING	20260919T112700Z_shared_delivery_v1	coad_biochemical_v0.1_shared_view_v1	biochemical_annotation_view	KEGG:C00031	glucose	B4GALT1	feature_gene_pair	NA	NA	NA	NA	NA	NA	NA	NA	NA	NA	NEEDS_REVIEW	REACTION_ANNOTATION_SUPPORTED_PROVISIONAL	reports/COAD/current_catalog_v0_1/candidate_catalog.json	hsa:2683	-2.46828093548679	7.02371971133023e-10	ORIGINAL_KEGG_NAME_COMPATIBLE	reports/COAD/current_catalog_v0_1/candidate_catalog.json
COAD	COAD	02_MAPPING	20260919T112700Z_shared_delivery_v1	coad_biochemical_v0.1_shared_view_v1	biochemical_annotation_view	KEGG:C00031	glucose	B4GALT2	feature_gene_pair	NA	NA	NA	NA	NA	NA	NA	NA	NA	NA	NEEDS_REVIEW	REACTION_ANNOTATION_SUPPORTED_PROVISIONAL	reports/COAD/current_catalog_v0_1/candidate_catalog.json	hsa:8704	-2.46828093548679	7.02371971133023e-10	ORIGINAL_KEGG_NAME_COMPATIBLE	reports/COAD/current_catalog_v0_1/candidate_catalog.json
COAD	COAD	02_MAPPING	20260919T112700Z_shared_delivery_v1	coad_biochemical_v0.1_shared_view_v1	biochemical_annotation_view	KEGG:C00031	glucose	G6PC1	feature_gene_pair	NA	NA	NA	NA	NA	NA	NA	NA	NA	NA	NEEDS_REVIEW	REACTION_ANNOTATION_SUPPORTED_PROVISIONAL	reports/COAD/current_catalog_v0_1/candidate_catalog.json	hsa:2538	-2.46828093548679	7.02371971133023e-10	ORIGINAL_KEGG_NAME_COMPATIBLE	reports/COAD/current_catalog_v0_1/candidate_catalog.json
COAD	COAD	02_MAPPING	20260919T112700Z_shared_delivery_v1	coad_biochemical_v0.1_shared_view_v1	biochemical_annotation_view	KEGG:C00031	glucose	G6PC2	feature_gene_pair	NA	NA	NA	NA	NA	NA	NA	NA	NA	NA	NEEDS_REVIEW	REACTION_ANNOTATION_SUPPORTED_PROVISIONAL	reports/COAD/current_catalog_v0_1/candidate_catalog.json	hsa:57818	-2.46828093548679	7.02371971133023e-10	ORIGINAL_KEGG_NAME_COMPATIBLE	reports/COAD/current_catalog_v0_1/candidate_catalog.json
COAD	COAD	02_MAPPING	20260919T112700Z_shared_delivery_v1	coad_biochemical_v0.1_shared_view_v1	biochemical_annotation_view	KEGG:C00031	glucose	G6PC3	feature_gene_pair	NA	NA	NA	NA	NA	NA	NA	NA	NA	NA	NEEDS_REVIEW	REACTION_ANNOTATION_SUPPORTED_PROVISIONAL	reports/COAD/current_catalog_v0_1/candidate_catalog.json	hsa:92579	-2.46828093548679	7.02371971133023e-10	ORIGINAL_KEGG_NAME_COMPATIBLE	reports/COAD/current_catalog_v0_1/candidate_catalog.json
COAD	COAD	02_MAPPING	20260919T112700Z_shared_delivery_v1	coad_biochemical_v0.1_shared_view_v1	biochemical_annotation_view	KEGG:C00031	glucose	GAA	feature_gene_pair	NA	NA	NA	NA	NA	NA	NA	NA	NA	NA	NEEDS_REVIEW	REACTION_SPECIFICITY_PENDING	reports/COAD/current_catalog_v0_1/candidate_catalog.json	hsa:2548	-2.46828093548679	7.02371971133023e-10	ORIGINAL_KEGG_NAME_COMPATIBLE	reports/COAD/current_catalog_v0_1/candidate_catalog.json
COAD	COAD	02_MAPPING	20260919T112700Z_shared_delivery_v1	coad_biochemical_v0.1_shared_view_v1	biochemical_annotation_view	KEGG:C00031	glucose	GANAB	feature_gene_pair	NA	NA	NA	NA	NA	NA	NA	NA	NA	NA	NEEDS_REVIEW	REACTION_ANNOTATION_SUPPORTED_PROVISIONAL	reports/COAD/current_catalog_v0_1/candidate_catalog.json	hsa:23193	-2.46828093548679	7.02371971133023e-10	ORIGINAL_KEGG_NAME_COMPATIBLE	reports/COAD/current_catalog_v0_1/candidate_catalog.json
COAD	COAD	02_MAPPING	20260919T112700Z_shared_delivery_v1	coad_biochemical_v0.1_shared_view_v1	biochemical_annotation_view	KEGG:C00031	glucose	GANC	feature_gene_pair	NA	NA	NA	NA	NA	NA	NA	NA	NA	NA	NEEDS_REVIEW	REACTION_SPECIFICITY_PENDING	reports/COAD/current_catalog_v0_1/candidate_catalog.json	hsa:2595	-2.46828093548679	7.02371971133023e-10	ORIGINAL_KEGG_NAME_COMPATIBLE	reports/COAD/current_catalog_v0_1/candidate_catalog.json
COAD	COAD	02_MAPPING	20260919T112700Z_shared_delivery_v1	coad_biochemical_v0.1_shared_view_v1	biochemical_annotation_view	KEGG:C00031	glucose	GBA1	feature_gene_pair	NA	NA	NA	NA	NA	NA	NA	NA	NA	NA	NEEDS_REVIEW	REACTION_ANNOTATION_SUPPORTED_PROVISIONAL	reports/COAD/current_catalog_v0_1/candidate_catalog.json	hsa:2629	-2.46828093548679	7.02371971133023e-10	ORIGINAL_KEGG_NAME_COMPATIBLE	reports/COAD/current_catalog_v0_1/candidate_catalog.json
COAD	COAD	02_MAPPING	20260919T112700Z_shared_delivery_v1	coad_biochemical_v0.1_shared_view_v1	biochemical_annotation_view	KEGG:C00031	glucose	GBA2	feature_gene_pair	NA	NA	NA	NA	NA	NA	NA	NA	NA	NA	NEEDS_REVIEW	REACTION_ANNOTATION_SUPPORTED_PROVISIONAL	reports/COAD/current_catalog_v0_1/candidate_catalog.json	hsa:57704	-2.46828093548679	7.02371971133023e-10	ORIGINAL_KEGG_NAME_COMPATIBLE	reports/COAD/current_catalog_v0_1/candidate_catalog.json
COAD	COAD	02_MAPPING	20260919T112700Z_shared_delivery_v1	coad_biochemical_v0.1_shared_view_v1	biochemical_annotation_view	KEGG:C00031	glucose	GBA3	feature_gene_pair	NA	NA	NA	NA	NA	NA	NA	NA	NA	NA	NEEDS_REVIEW	REACTION_SPECIFICITY_PENDING	reports/COAD/current_catalog_v0_1/candidate_catalog.json	hsa:57733	-2.46828093548679	7.02371971133023e-10	ORIGINAL_KEGG_NAME_COMPATIBLE	reports/COAD/current_catalog_v0_1/candidate_catalog.json
COAD	COAD	02_MAPPING	20260919T112700Z_shared_delivery_v1	coad_biochemical_v0.1_shared_view_v1	biochemical_annotation_view	KEGG:C00031	glucose	GCK	feature_gene_pair	NA	NA	NA	NA	NA	NA	NA	NA	NA	NA	NEEDS_REVIEW	REACTION_ANNOTATION_SUPPORTED_PROVISIONAL	reports/COAD/current_catalog_v0_1/candidate_catalog.json	hsa:2645	-2.46828093548679	7.02371971133023e-10	ORIGINAL_KEGG_NAME_COMPATIBLE	reports/COAD/current_catalog_v0_1/candidate_catalog.json
COAD	COAD	02_MAPPING	20260919T112700Z_shared_delivery_v1	coad_biochemical_v0.1_shared_view_v1	biochemical_annotation_view	KEGG:C00031	glucose	GLA	feature_gene_pair	NA	NA	NA	NA	NA	NA	NA	NA	NA	NA	NEEDS_REVIEW	REACTION_SPECIFICITY_PENDING	reports/COAD/current_catalog_v0_1/candidate_catalog.json	hsa:2717	-2.46828093548679	7.02371971133023e-10	ORIGINAL_KEGG_NAME_COMPATIBLE	reports/COAD/current_catalog_v0_1/candidate_catalog.json
COAD	COAD	02_MAPPING	20260919T112700Z_shared_delivery_v1	coad_biochemical_v0.1_shared_view_v1	biochemical_annotation_view	KEGG:C00031	glucose	HK1	feature_gene_pair	NA	NA	NA	NA	NA	NA	NA	NA	NA	NA	NEEDS_REVIEW	REACTION_ANNOTATION_SUPPORTED_PROVISIONAL	reports/COAD/current_catalog_v0_1/candidate_catalog.json	hsa:3098	-2.46828093548679	7.02371971133023e-10	ORIGINAL_KEGG_NAME_COMPATIBLE	reports/COAD/current_catalog_v0_1/candidate_catalog.json
COAD	COAD	02_MAPPING	20260919T112700Z_shared_delivery_v1	coad_biochemical_v0.1_shared_view_v1	biochemical_annotation_view	KEGG:C00031	glucose	HK2	feature_gene_pair	NA	NA	NA	NA	NA	NA	NA	NA	NA	NA	NEEDS_REVIEW	REACTION_ANNOTATION_SUPPORTED_PROVISIONAL	reports/COAD/current_catalog_v0_1/candidate_catalog.json	hsa:3099	-2.46828093548679	7.02371971133023e-10	ORIGINAL_KEGG_NAME_COMPATIBLE	reports/COAD/current_catalog_v0_1/candidate_catalog.json
COAD	COAD	02_MAPPING	20260919T112700Z_shared_delivery_v1	coad_biochemical_v0.1_shared_view_v1	biochemical_annotation_view	KEGG:C00031	glucose	HK3	feature_gene_pair	NA	NA	NA	NA	NA	NA	NA	NA	NA	NA	NEEDS_REVIEW	REACTION_ANNOTATION_SUPPORTED_PROVISIONAL	reports/COAD/current_catalog_v0_1/candidate_catalog.json	hsa:3101	-2.46828093548679	7.02371971133023e-10	ORIGINAL_KEGG_NAME_COMPATIBLE	reports/COAD/current_catalog_v0_1/candidate_catalog.json
COAD	COAD	02_MAPPING	20260919T112700Z_shared_delivery_v1	coad_biochemical_v0.1_shared_view_v1	biochemical_annotation_view	KEGG:C00031	glucose	HKDC1	feature_gene_pair	NA	NA	NA	NA	NA	NA	NA	NA	NA	NA	NEEDS_REVIEW	REACTION_ANNOTATION_SUPPORTED_PROVISIONAL	reports/COAD/current_catalog_v0_1/candidate_catalog.json	hsa:80201	-2.46828093548679	7.02371971133023e-10	ORIGINAL_KEGG_NAME_COMPATIBLE	reports/COAD/current_catalog_v0_1/candidate_catalog.json
COAD	COAD	02_MAPPING	20260919T112700Z_shared_delivery_v1	coad_biochemical_v0.1_shared_view_v1	biochemical_annotation_view	KEGG:C00031	glucose	LALBA	feature_gene_pair	NA	NA	NA	NA	NA	NA	NA	NA	NA	NA	NEEDS_REVIEW	REACTION_SPECIFICITY_PENDING	reports/COAD/current_catalog_v0_1/candidate_catalog.json	hsa:3906	-2.46828093548679	7.02371971133023e-10	ORIGINAL_KEGG_NAME_COMPATIBLE	reports/COAD/current_catalog_v0_1/candidate_catalog.json
COAD	COAD	02_MAPPING	20260919T112700Z_shared_delivery_v1	coad_biochemical_v0.1_shared_view_v1	biochemical_annotation_view	KEGG:C00031	glucose	LCT	feature_gene_pair	NA	NA	NA	NA	NA	NA	NA	NA	NA	NA	NEEDS_REVIEW	REACTION_SPECIFICITY_PENDING	reports/COAD/current_catalog_v0_1/candidate_catalog.json	hsa:3938	-2.46828093548679	7.02371971133023e-10	ORIGINAL_KEGG_NAME_COMPATIBLE	reports/COAD/current_catalog_v0_1/candidate_catalog.json
COAD	COAD	02_MAPPING	20260919T112700Z_shared_delivery_v1	coad_biochemical_v0.1_shared_view_v1	biochemical_annotation_view	KEGG:C00031	glucose	MGAM	feature_gene_pair	NA	NA	NA	NA	NA	NA	NA	NA	NA	NA	NEEDS_REVIEW	REACTION_ANNOTATION_SUPPORTED_PROVISIONAL	reports/COAD/current_catalog_v0_1/candidate_catalog.json	hsa:8972	-2.46828093548679	7.02371971133023e-10	ORIGINAL_KEGG_NAME_COMPATIBLE	reports/COAD/current_catalog_v0_1/candidate_catalog.json
COAD	COAD	02_MAPPING	20260919T112700Z_shared_delivery_v1	coad_biochemical_v0.1_shared_view_v1	biochemical_annotation_view	KEGG:C00031	glucose	MGAM2	feature_gene_pair	NA	NA	NA	NA	NA	NA	NA	NA	NA	NA	NEEDS_REVIEW	REACTION_SPECIFICITY_PENDING	reports/COAD/current_catalog_v0_1/candidate_catalog.json	hsa:93432	-2.46828093548679	7.02371971133023e-10	ORIGINAL_KEGG_NAME_COMPATIBLE	reports/COAD/current_catalog_v0_1/candidate_catalog.json
COAD	COAD	02_MAPPING	20260919T112700Z_shared_delivery_v1	coad_biochemical_v0.1_shared_view_v1	biochemical_annotation_view	KEGG:C00031	glucose	SI	feature_gene_pair	NA	NA	NA	NA	NA	NA	NA	NA	NA	NA	NEEDS_REVIEW	REACTION_ANNOTATION_SUPPORTED_PROVISIONAL	reports/COAD/current_catalog_v0_1/candidate_catalog.json	hsa:6476	-2.46828093548679	7.02371971133023e-10	ORIGINAL_KEGG_NAME_COMPATIBLE	reports/COAD/current_catalog_v0_1/candidate_catalog.json
COAD	COAD	02_MAPPING	20260919T112700Z_shared_delivery_v1	coad_biochemical_v0.1_shared_view_v1	biochemical_annotation_view	KEGG:C00031	glucose	SLC2A1	feature_gene_pair	NA	NA	NA	NA	NA	NA	NA	NA	NA	NA	NEEDS_REVIEW	REACTION_ANNOTATION_SUPPORTED_PROVISIONAL	reports/COAD/current_catalog_v0_1/candidate_catalog.json	hsa:6513	-2.46828093548679	7.02371971133023e-10	ORIGINAL_KEGG_NAME_COMPATIBLE	reports/COAD/current_catalog_v0_1/candidate_catalog.json
COAD	COAD	02_MAPPING	20260919T112700Z_shared_delivery_v1	coad_biochemical_v0.1_shared_view_v1	biochemical_annotation_view	KEGG:C00031	glucose	SLC2A10	feature_gene_pair	NA	NA	NA	NA	NA	NA	NA	NA	NA	NA	NEEDS_REVIEW	REACTION_ANNOTATION_SUPPORTED_PROVISIONAL	reports/COAD/current_catalog_v0_1/candidate_catalog.json	hsa:81031	-2.46828093548679	7.02371971133023e-10	ORIGINAL_KEGG_NAME_COMPATIBLE	reports/COAD/current_catalog_v0_1/candidate_catalog.json
COAD	COAD	02_MAPPING	20260919T112700Z_shared_delivery_v1	coad_biochemical_v0.1_shared_view_v1	biochemical_annotation_view	KEGG:C00031	glucose	SLC2A11	feature_gene_pair	NA	NA	NA	NA	NA	NA	NA	NA	NA	NA	NEEDS_REVIEW	REACTION_ANNOTATION_SUPPORTED_PROVISIONAL	reports/COAD/current_catalog_v0_1/candidate_catalog.json	hsa:66035	-2.46828093548679	7.02371971133023e-10	ORIGINAL_KEGG_NAME_COMPATIBLE	reports/COAD/current_catalog_v0_1/candidate_catalog.json
COAD	COAD	02_MAPPING	20260919T112700Z_shared_delivery_v1	coad_biochemical_v0.1_shared_view_v1	biochemical_annotation_view	KEGG:C00031	glucose	SLC2A12	feature_gene_pair	NA	NA	NA	NA	NA	NA	NA	NA	NA	NA	NEEDS_REVIEW	REACTION_ANNOTATION_SUPPORTED_PROVISIONAL	reports/COAD/current_catalog_v0_1/candidate_catalog.json	hsa:154091	-2.46828093548679	7.02371971133023e-10	ORIGINAL_KEGG_NAME_COMPATIBLE	reports/COAD/current_catalog_v0_1/candidate_catalog.json
COAD	COAD	02_MAPPING	20260919T112700Z_shared_delivery_v1	coad_biochemical_v0.1_shared_view_v1	biochemical_annotation_view	KEGG:C00031	glucose	SLC2A14	feature_gene_pair	NA	NA	NA	NA	NA	NA	NA	NA	NA	NA	NEEDS_REVIEW	REACTION_ANNOTATION_SUPPORTED_PROVISIONAL	reports/COAD/current_catalog_v0_1/candidate_catalog.json	hsa:144195	-2.46828093548679	7.02371971133023e-10	ORIGINAL_KEGG_NAME_COMPATIBLE	reports/COAD/current_catalog_v0_1/candidate_catalog.json
COAD	COAD	02_MAPPING	20260919T112700Z_shared_delivery_v1	coad_biochemical_v0.1_shared_view_v1	biochemical_annotation_view	KEGG:C00031	glucose	SLC2A2	feature_gene_pair	NA	NA	NA	NA	NA	NA	NA	NA	NA	NA	NEEDS_REVIEW	REACTION_ANNOTATION_SUPPORTED_PROVISIONAL	reports/COAD/current_catalog_v0_1/candidate_catalog.json	hsa:6514	-2.46828093548679	7.02371971133023e-10	ORIGINAL_KEGG_NAME_COMPATIBLE	reports/COAD/current_catalog_v0_1/candidate_catalog.json
COAD	COAD	02_MAPPING	20260919T112700Z_shared_delivery_v1	coad_biochemical_v0.1_shared_view_v1	biochemical_annotation_view	KEGG:C00031	glucose	SLC2A3	feature_gene_pair	NA	NA	NA	NA	NA	NA	NA	NA	NA	NA	NEEDS_REVIEW	REACTION_ANNOTATION_SUPPORTED_PROVISIONAL	reports/COAD/current_catalog_v0_1/candidate_catalog.json	hsa:6515	-2.46828093548679	7.02371971133023e-10	ORIGINAL_KEGG_NAME_COMPATIBLE	reports/COAD/current_catalog_v0_1/candidate_catalog.json
COAD	COAD	02_MAPPING	20260919T112700Z_shared_delivery_v1	coad_biochemical_v0.1_shared_view_v1	biochemical_annotation_view	KEGG:C00031	glucose	SLC2A4	feature_gene_pair	NA	NA	NA	NA	NA	NA	NA	NA	NA	NA	NEEDS_REVIEW	REACTION_ANNOTATION_SUPPORTED_PROVISIONAL	reports/COAD/current_catalog_v0_1/candidate_catalog.json	hsa:6517	-2.46828093548679	7.02371971133023e-10	ORIGINAL_KEGG_NAME_COMPATIBLE	reports/COAD/current_catalog_v0_1/candidate_catalog.json
COAD	COAD	02_MAPPING	20260919T112700Z_shared_delivery_v1	coad_biochemical_v0.1_shared_view_v1	biochemical_annotation_view	KEGG:C00031	glucose	SLC2A7	feature_gene_pair	NA	NA	NA	NA	NA	NA	NA	NA	NA	NA	NEEDS_REVIEW	REACTION_ANNOTATION_SUPPORTED_PROVISIONAL	reports/COAD/current_catalog_v0_1/candidate_catalog.json	hsa:155184	-2.46828093548679	7.02371971133023e-10	ORIGINAL_KEGG_NAME_COMPATIBLE	reports/COAD/current_catalog_v0_1/candidate_catalog.json
COAD	COAD	02_MAPPING	20260919T112700Z_shared_delivery_v1	coad_biochemical_v0.1_shared_view_v1	biochemical_annotation_view	KEGG:C00031	glucose	SLC2A8	feature_gene_pair	NA	NA	NA	NA	NA	NA	NA	NA	NA	NA	NEEDS_REVIEW	REACTION_ANNOTATION_SUPPORTED_PROVISIONAL	reports/COAD/current_catalog_v0_1/candidate_catalog.json	hsa:29988	-2.46828093548679	7.02371971133023e-10	ORIGINAL_KEGG_NAME_COMPATIBLE	reports/COAD/current_catalog_v0_1/candidate_catalog.json
COAD	COAD	02_MAPPING	20260919T112700Z_shared_delivery_v1	coad_biochemical_v0.1_shared_view_v1	biochemical_annotation_view	KEGG:C00031	glucose	SLC45A1	feature_gene_pair	NA	NA	NA	NA	NA	NA	NA	NA	NA	NA	NEEDS_REVIEW	REACTION_ANNOTATION_SUPPORTED_PROVISIONAL	reports/COAD/current_catalog_v0_1/candidate_catalog.json	hsa:50651	-2.46828093548679	7.02371971133023e-10	ORIGINAL_KEGG_NAME_COMPATIBLE	reports/COAD/current_catalog_v0_1/candidate_catalog.json
COAD	COAD	02_MAPPING	20260919T112700Z_shared_delivery_v1	coad_biochemical_v0.1_shared_view_v1	biochemical_annotation_view	KEGG:C00031	glucose	SLC45A2	feature_gene_pair	NA	NA	NA	NA	NA	NA	NA	NA	NA	NA	NEEDS_REVIEW	REACTION_ANNOTATION_SUPPORTED_PROVISIONAL	reports/COAD/current_catalog_v0_1/candidate_catalog.json	hsa:51151	-2.46828093548679	7.02371971133023e-10	ORIGINAL_KEGG_NAME_COMPATIBLE	reports/COAD/current_catalog_v0_1/candidate_catalog.json
COAD	COAD	02_MAPPING	20260919T112700Z_shared_delivery_v1	coad_biochemical_v0.1_shared_view_v1	biochemical_annotation_view	KEGG:C00031	glucose	SLC5A1	feature_gene_pair	NA	NA	NA	NA	NA	NA	NA	NA	NA	NA	NEEDS_REVIEW	REACTION_ANNOTATION_SUPPORTED_PROVISIONAL	reports/COAD/current_catalog_v0_1/candidate_catalog.json	hsa:6523	-2.46828093548679	7.02371971133023e-10	ORIGINAL_KEGG_NAME_COMPATIBLE	reports/COAD/current_catalog_v0_1/candidate_catalog.json
COAD	COAD	02_MAPPING	20260919T112700Z_shared_delivery_v1	coad_biochemical_v0.1_shared_view_v1	biochemical_annotation_view	KEGG:C00031	glucose	SLC5A11	feature_gene_pair	NA	NA	NA	NA	NA	NA	NA	NA	NA	NA	NEEDS_REVIEW	REACTION_ANNOTATION_SUPPORTED_PROVISIONAL	reports/COAD/current_catalog_v0_1/candidate_catalog.json	hsa:115584	-2.46828093548679	7.02371971133023e-10	ORIGINAL_KEGG_NAME_COMPATIBLE	reports/COAD/current_catalog_v0_1/candidate_catalog.json
COAD	COAD	02_MAPPING	20260919T112700Z_shared_delivery_v1	coad_biochemical_v0.1_shared_view_v1	biochemical_annotation_view	KEGG:C00031	glucose	SLC5A2	feature_gene_pair	NA	NA	NA	NA	NA	NA	NA	NA	NA	NA	NEEDS_REVIEW	REACTION_ANNOTATION_SUPPORTED_PROVISIONAL	reports/COAD/current_catalog_v0_1/candidate_catalog.json	hsa:6524	-2.46828093548679	7.02371971133023e-10	ORIGINAL_KEGG_NAME_COMPATIBLE	reports/COAD/current_catalog_v0_1/candidate_catalog.json
COAD	COAD	02_MAPPING	20260919T112700Z_shared_delivery_v1	coad_biochemical_v0.1_shared_view_v1	biochemical_annotation_view	KEGG:C00031	glucose	SLC60A2	feature_gene_pair	NA	NA	NA	NA	NA	NA	NA	NA	NA	NA	NEEDS_REVIEW	REACTION_ANNOTATION_SUPPORTED_PROVISIONAL	reports/COAD/current_catalog_v0_1/candidate_catalog.json	hsa:91749	-2.46828093548679	7.02371971133023e-10	ORIGINAL_KEGG_NAME_COMPATIBLE	reports/COAD/current_catalog_v0_1/candidate_catalog.json
COAD	COAD	02_MAPPING	20260919T112700Z_shared_delivery_v1	coad_biochemical_v0.1_shared_view_v1	biochemical_annotation_view	KEGG:C00031	glucose	TREH	feature_gene_pair	NA	NA	NA	NA	NA	NA	NA	NA	NA	NA	NEEDS_REVIEW	REACTION_ANNOTATION_SUPPORTED_PROVISIONAL	reports/COAD/current_catalog_v0_1/candidate_catalog.json	hsa:11181	-2.46828093548679	7.02371971133023e-10	ORIGINAL_KEGG_NAME_COMPATIBLE	reports/COAD/current_catalog_v0_1/candidate_catalog.json
COAD	COAD	02_MAPPING	20260919T112700Z_shared_delivery_v1	coad_biochemical_v0.1_shared_view_v1	biochemical_annotation_view	KEGG:C00025	glutamate	AADAT	feature_gene_pair	NA	NA	NA	NA	NA	NA	NA	NA	NA	NA	NEEDS_REVIEW	IDENTITY_HOLD	reports/COAD/current_catalog_v0_1/candidate_catalog.json	hsa:51166	0.752532488926264	0.00205315909153294	HOLD_ID_CONFLICT	reports/COAD/current_catalog_v0_1/candidate_catalog.json
COAD	COAD	02_MAPPING	20260919T112700Z_shared_delivery_v1	coad_biochemical_v0.1_shared_view_v1	biochemical_annotation_view	KEGG:C00025	glutamate	AASS	feature_gene_pair	NA	NA	NA	NA	NA	NA	NA	NA	NA	NA	NEEDS_REVIEW	IDENTITY_HOLD	reports/COAD/current_catalog_v0_1/candidate_catalog.json	hsa:10157	0.752532488926264	0.00205315909153294	HOLD_ID_CONFLICT	reports/COAD/current_catalog_v0_1/candidate_catalog.json
COAD	COAD	02_MAPPING	20260919T112700Z_shared_delivery_v1	coad_biochemical_v0.1_shared_view_v1	biochemical_annotation_view	KEGG:C00025	glutamate	ABAT	feature_gene_pair	NA	NA	NA	NA	NA	NA	NA	NA	NA	NA	NEEDS_REVIEW	IDENTITY_HOLD	reports/COAD/current_catalog_v0_1/candidate_catalog.json	hsa:18	0.752532488926264	0.00205315909153294	HOLD_ID_CONFLICT	reports/COAD/current_catalog_v0_1/candidate_catalog.json
COAD	COAD	02_MAPPING	20260919T112700Z_shared_delivery_v1	coad_biochemical_v0.1_shared_view_v1	biochemical_annotation_view	KEGG:C00025	glutamate	AGXT	feature_gene_pair	NA	NA	NA	NA	NA	NA	NA	NA	NA	NA	NEEDS_REVIEW	IDENTITY_HOLD	reports/COAD/current_catalog_v0_1/candidate_catalog.json	hsa:189	0.752532488926264	0.00205315909153294	HOLD_ID_CONFLICT	reports/COAD/current_catalog_v0_1/candidate_catalog.json
COAD	COAD	02_MAPPING	20260919T112700Z_shared_delivery_v1	coad_biochemical_v0.1_shared_view_v1	biochemical_annotation_view	KEGG:C00025	glutamate	AGXT2	feature_gene_pair	NA	NA	NA	NA	NA	NA	NA	NA	NA	NA	NEEDS_REVIEW	IDENTITY_HOLD	reports/COAD/current_catalog_v0_1/candidate_catalog.json	hsa:64902	0.752532488926264	0.00205315909153294	HOLD_ID_CONFLICT	reports/COAD/current_catalog_v0_1/candidate_catalog.json
COAD	COAD	02_MAPPING	20260919T112700Z_shared_delivery_v1	coad_biochemical_v0.1_shared_view_v1	biochemical_annotation_view	KEGG:C00025	glutamate	ALDH18A1	feature_gene_pair	NA	NA	NA	NA	NA	NA	NA	NA	NA	NA	NEEDS_REVIEW	IDENTITY_HOLD	reports/COAD/current_catalog_v0_1/candidate_catalog.json	hsa:5832	0.752532488926264	0.00205315909153294	HOLD_ID_CONFLICT	reports/COAD/current_catalog_v0_1/candidate_catalog.json
COAD	COAD	02_MAPPING	20260919T112700Z_shared_delivery_v1	coad_biochemical_v0.1_shared_view_v1	biochemical_annotation_view	KEGG:C00025	glutamate	ALDH4A1	feature_gene_pair	NA	NA	NA	NA	NA	NA	NA	NA	NA	NA	NEEDS_REVIEW	IDENTITY_HOLD	reports/COAD/current_catalog_v0_1/candidate_catalog.json	hsa:8659	0.752532488926264	0.00205315909153294	HOLD_ID_CONFLICT	reports/COAD/current_catalog_v0_1/candidate_catalog.json
COAD	COAD	02_MAPPING	20260919T112700Z_shared_delivery_v1	coad_biochemical_v0.1_shared_view_v1	biochemical_annotation_view	KEGG:C00025	glutamate	ASNS	feature_gene_pair	NA	NA	NA	NA	NA	NA	NA	NA	NA	NA	NEEDS_REVIEW	IDENTITY_HOLD	reports/COAD/current_catalog_v0_1/candidate_catalog.json	hsa:440	0.752532488926264	0.00205315909153294	HOLD_ID_CONFLICT	reports/COAD/current_catalog_v0_1/candidate_catalog.json
COAD	COAD	02_MAPPING	20260919T112700Z_shared_delivery_v1	coad_biochemical_v0.1_shared_view_v1	biochemical_annotation_view	KEGG:C00025	glutamate	BCAT1	feature_gene_pair	NA	NA	NA	NA	NA	NA	NA	NA	NA	NA	NEEDS_REVIEW	IDENTITY_HOLD	reports/COAD/current_catalog_v0_1/candidate_catalog.json	hsa:586	0.752532488926264	0.00205315909153294	HOLD_ID_CONFLICT	reports/COAD/current_catalog_v0_1/candidate_catalog.json
COAD	COAD	02_MAPPING	20260919T112700Z_shared_delivery_v1	coad_biochemical_v0.1_shared_view_v1	biochemical_annotation_view	KEGG:C00025	glutamate	BCAT2	feature_gene_pair	NA	NA	NA	NA	NA	NA	NA	NA	NA	NA	NEEDS_REVIEW	IDENTITY_HOLD	reports/COAD/current_catalog_v0_1/candidate_catalog.json	hsa:587	0.752532488926264	0.00205315909153294	HOLD_ID_CONFLICT	reports/COAD/current_catalog_v0_1/candidate_catalog.json
COAD	COAD	02_MAPPING	20260919T112700Z_shared_delivery_v1	coad_biochemical_v0.1_shared_view_v1	biochemical_annotation_view	KEGG:C00025	glutamate	BEST1	feature_gene_pair	NA	NA	NA	NA	NA	NA	NA	NA	NA	NA	NEEDS_REVIEW	IDENTITY_HOLD	reports/COAD/current_catalog_v0_1/candidate_catalog.json	hsa:7439	0.752532488926264	0.00205315909153294	HOLD_ID_CONFLICT	reports/COAD/current_catalog_v0_1/candidate_catalog.json
COAD	COAD	02_MAPPING	20260919T112700Z_shared_delivery_v1	coad_biochemical_v0.1_shared_view_v1	biochemical_annotation_view	KEGG:C00025	glutamate	BEST2	feature_gene_pair	NA	NA	NA	NA	NA	NA	NA	NA	NA	NA	NEEDS_REVIEW	IDENTITY_HOLD	reports/COAD/current_catalog_v0_1/candidate_catalog.json	hsa:54831	0.752532488926264	0.00205315909153294	HOLD_ID_CONFLICT	reports/COAD/current_catalog_v0_1/candidate_catalog.json
COAD	COAD	02_MAPPING	20260919T112700Z_shared_delivery_v1	coad_biochemical_v0.1_shared_view_v1	biochemical_annotation_view	KEGG:C00025	glutamate	CAD	feature_gene_pair	NA	NA	NA	NA	NA	NA	NA	NA	NA	NA	NEEDS_REVIEW	IDENTITY_HOLD	reports/COAD/current_catalog_v0_1/candidate_catalog.json	hsa:790	0.752532488926264	0.00205315909153294	HOLD_ID_CONFLICT	reports/COAD/current_catalog_v0_1/candidate_catalog.json
COAD	COAD	02_MAPPING	20260919T112700Z_shared_delivery_v1	coad_biochemical_v0.1_shared_view_v1	biochemical_annotation_view	KEGG:C00025	glutamate	CISD1	feature_gene_pair	NA	NA	NA	NA	NA	NA	NA	NA	NA	NA	NEEDS_REVIEW	IDENTITY_HOLD	reports/COAD/current_catalog_v0_1/candidate_catalog.json	hsa:55847	0.752532488926264	0.00205315909153294	HOLD_ID_CONFLICT	reports/COAD/current_catalog_v0_1/candidate_catalog.json
COAD	COAD	02_MAPPING	20260919T112700Z_shared_delivery_v1	coad_biochemical_v0.1_shared_view_v1	biochemical_annotation_view	KEGG:C00025	glutamate	CTPS1	feature_gene_pair	NA	NA	NA	NA	NA	NA	NA	NA	NA	NA	NEEDS_REVIEW	IDENTITY_HOLD	reports/COAD/current_catalog_v0_1/candidate_catalog.json	hsa:1503	0.752532488926264	0.00205315909153294	HOLD_ID_CONFLICT	reports/COAD/current_catalog_v0_1/candidate_catalog.json
COAD	COAD	02_MAPPING	20260919T112700Z_shared_delivery_v1	coad_biochemical_v0.1_shared_view_v1	biochemical_annotation_view	KEGG:C00025	glutamate	CTPS2	feature_gene_pair	NA	NA	NA	NA	NA	NA	NA	NA	NA	NA	NEEDS_REVIEW	IDENTITY_HOLD	reports/COAD/current_catalog_v0_1/candidate_catalog.json	hsa:56474	0.752532488926264	0.00205315909153294	HOLD_ID_CONFLICT	reports/COAD/current_catalog_v0_1/candidate_catalog.json
COAD	COAD	02_MAPPING	20260919T112700Z_shared_delivery_v1	coad_biochemical_v0.1_shared_view_v1	biochemical_annotation_view	KEGG:C00025	glutamate	DGLUCY	feature_gene_pair	NA	NA	NA	NA	NA	NA	NA	NA	NA	NA	NEEDS_REVIEW	IDENTITY_HOLD	reports/COAD/current_catalog_v0_1/candidate_catalog.json	hsa:80017	0.752532488926264	0.00205315909153294	HOLD_ID_CONFLICT	reports/COAD/current_catalog_v0_1/candidate_catalog.json
COAD	COAD	02_MAPPING	20260919T112700Z_shared_delivery_v1	coad_biochemical_v0.1_shared_view_v1	biochemical_annotation_view	KEGG:C00025	glutamate	EARS2	feature_gene_pair	NA	NA	NA	NA	NA	NA	NA	NA	NA	NA	NEEDS_REVIEW	IDENTITY_HOLD	reports/COAD/current_catalog_v0_1/candidate_catalog.json	hsa:124454	0.752532488926264	0.00205315909153294	HOLD_ID_CONFLICT	reports/COAD/current_catalog_v0_1/candidate_catalog.json
COAD	COAD	02_MAPPING	20260919T112700Z_shared_delivery_v1	coad_biochemical_v0.1_shared_view_v1	biochemical_annotation_view	KEGG:C00025	glutamate	EPRS1	feature_gene_pair	NA	NA	NA	NA	NA	NA	NA	NA	NA	NA	NEEDS_REVIEW	IDENTITY_HOLD	reports/COAD/current_catalog_v0_1/candidate_catalog.json	hsa:2058	0.752532488926264	0.00205315909153294	HOLD_ID_CONFLICT	reports/COAD/current_catalog_v0_1/candidate_catalog.json
COAD	COAD	02_MAPPING	20260919T112700Z_shared_delivery_v1	coad_biochemical_v0.1_shared_view_v1	biochemical_annotation_view	KEGG:C00025	glutamate	FOLH1	feature_gene_pair	NA	NA	NA	NA	NA	NA	NA	NA	NA	NA	NEEDS_REVIEW	IDENTITY_HOLD	reports/COAD/current_catalog_v0_1/candidate_catalog.json	hsa:2346	0.752532488926264	0.00205315909153294	HOLD_ID_CONFLICT	reports/COAD/current_catalog_v0_1/candidate_catalog.json
COAD	COAD	02_MAPPING	20260919T112700Z_shared_delivery_v1	coad_biochemical_v0.1_shared_view_v1	biochemical_annotation_view	KEGG:C00025	glutamate	FPGS	feature_gene_pair	NA	NA	NA	NA	NA	NA	NA	NA	NA	NA	NEEDS_REVIEW	IDENTITY_HOLD	reports/COAD/current_catalog_v0_1/candidate_catalog.json	hsa:2356	0.752532488926264	0.00205315909153294	HOLD_ID_CONFLICT	reports/COAD/current_catalog_v0_1/candidate_catalog.json
COAD	COAD	02_MAPPING	20260919T112700Z_shared_delivery_v1	coad_biochemical_v0.1_shared_view_v1	biochemical_annotation_view	KEGG:C00025	glutamate	FTCD	feature_gene_pair	NA	NA	NA	NA	NA	NA	NA	NA	NA	NA	NEEDS_REVIEW	IDENTITY_HOLD	reports/COAD/current_catalog_v0_1/candidate_catalog.json	hsa:10841	0.752532488926264	0.00205315909153294	HOLD_ID_CONFLICT	reports/COAD/current_catalog_v0_1/candidate_catalog.json
COAD	COAD	02_MAPPING	20260919T112700Z_shared_delivery_v1	coad_biochemical_v0.1_shared_view_v1	biochemical_annotation_view	KEGG:C00025	glutamate	GAD1	feature_gene_pair	NA	NA	NA	NA	NA	NA	NA	NA	NA	NA	NEEDS_REVIEW	IDENTITY_HOLD	reports/COAD/current_catalog_v0_1/candidate_catalog.json	hsa:2571	0.752532488926264	0.00205315909153294	HOLD_ID_CONFLICT	reports/COAD/current_catalog_v0_1/candidate_catalog.json
COAD	COAD	02_MAPPING	20260919T112700Z_shared_delivery_v1	coad_biochemical_v0.1_shared_view_v1	biochemical_annotation_view	KEGG:C00025	glutamate	GAD2	feature_gene_pair	NA	NA	NA	NA	NA	NA	NA	NA	NA	NA	NEEDS_REVIEW	IDENTITY_HOLD	reports/COAD/current_catalog_v0_1/candidate_catalog.json	hsa:2572	0.752532488926264	0.00205315909153294	HOLD_ID_CONFLICT	reports/COAD/current_catalog_v0_1/candidate_catalog.json
COAD	COAD	02_MAPPING	20260919T112700Z_shared_delivery_v1	coad_biochemical_v0.1_shared_view_v1	biochemical_annotation_view	KEGG:C00025	glutamate	GATB	feature_gene_pair	NA	NA	NA	NA	NA	NA	NA	NA	NA	NA	NEEDS_REVIEW	IDENTITY_HOLD	reports/COAD/current_catalog_v0_1/candidate_catalog.json	hsa:5188	0.752532488926264	0.00205315909153294	HOLD_ID_CONFLICT	reports/COAD/current_catalog_v0_1/candidate_catalog.json
COAD	COAD	02_MAPPING	20260919T112700Z_shared_delivery_v1	coad_biochemical_v0.1_shared_view_v1	biochemical_annotation_view	KEGG:C00025	glutamate	GATC	feature_gene_pair	NA	NA	NA	NA	NA	NA	NA	NA	NA	NA	NEEDS_REVIEW	IDENTITY_HOLD	reports/COAD/current_catalog_v0_1/candidate_catalog.json	hsa:283459	0.752532488926264	0.00205315909153294	HOLD_ID_CONFLICT	reports/COAD/current_catalog_v0_1/candidate_catalog.json
COAD	COAD	02_MAPPING	20260919T112700Z_shared_delivery_v1	coad_biochemical_v0.1_shared_view_v1	biochemical_annotation_view	KEGG:C00025	glutamate	GCLC	feature_gene_pair	NA	NA	NA	NA	NA	NA	NA	NA	NA	NA	NEEDS_REVIEW	IDENTITY_HOLD	reports/COAD/current_catalog_v0_1/candidate_catalog.json	hsa:2729	0.752532488926264	0.00205315909153294	HOLD_ID_CONFLICT	reports/COAD/current_catalog_v0_1/candidate_catalog.json
COAD	COAD	02_MAPPING	20260919T112700Z_shared_delivery_v1	coad_biochemical_v0.1_shared_view_v1	biochemical_annotation_view	KEGG:C00025	glutamate	GCLM	feature_gene_pair	NA	NA	NA	NA	NA	NA	NA	NA	NA	NA	NEEDS_REVIEW	IDENTITY_HOLD	reports/COAD/current_catalog_v0_1/candidate_catalog.json	hsa:2730	0.752532488926264	0.00205315909153294	HOLD_ID_CONFLICT	reports/COAD/current_catalog_v0_1/candidate_catalog.json
COAD	COAD	02_MAPPING	20260919T112700Z_shared_delivery_v1	coad_biochemical_v0.1_shared_view_v1	biochemical_annotation_view	KEGG:C00025	glutamate	GFPT1	feature_gene_pair	NA	NA	NA	NA	NA	NA	NA	NA	NA	NA	NEEDS_REVIEW	IDENTITY_HOLD	reports/COAD/current_catalog_v0_1/candidate_catalog.json	hsa:2673	0.752532488926264	0.00205315909153294	HOLD_ID_CONFLICT	reports/COAD/current_catalog_v0_1/candidate_catalog.json
COAD	COAD	02_MAPPING	20260919T112700Z_shared_delivery_v1	coad_biochemical_v0.1_shared_view_v1	biochemical_annotation_view	KEGG:C00025	glutamate	GFPT2	feature_gene_pair	NA	NA	NA	NA	NA	NA	NA	NA	NA	NA	NEEDS_REVIEW	IDENTITY_HOLD	reports/COAD/current_catalog_v0_1/candidate_catalog.json	hsa:9945	0.752532488926264	0.00205315909153294	HOLD_ID_CONFLICT	reports/COAD/current_catalog_v0_1/candidate_catalog.json
COAD	COAD	02_MAPPING	20260919T112700Z_shared_delivery_v1	coad_biochemical_v0.1_shared_view_v1	biochemical_annotation_view	KEGG:C00025	glutamate	GGH	feature_gene_pair	NA	NA	NA	NA	NA	NA	NA	NA	NA	NA	NEEDS_REVIEW	IDENTITY_HOLD	reports/COAD/current_catalog_v0_1/candidate_catalog.json	hsa:8836	0.752532488926264	0.00205315909153294	HOLD_ID_CONFLICT	reports/COAD/current_catalog_v0_1/candidate_catalog.json
COAD	COAD	02_MAPPING	20260919T112700Z_shared_delivery_v1	coad_biochemical_v0.1_shared_view_v1	biochemical_annotation_view	KEGG:C00025	glutamate	GGT1	feature_gene_pair	NA	NA	NA	NA	NA	NA	NA	NA	NA	NA	NEEDS_REVIEW	IDENTITY_HOLD	reports/COAD/current_catalog_v0_1/candidate_catalog.json	hsa:2678	0.752532488926264	0.00205315909153294	HOLD_ID_CONFLICT	reports/COAD/current_catalog_v0_1/candidate_catalog.json
COAD	COAD	02_MAPPING	20260919T112700Z_shared_delivery_v1	coad_biochemical_v0.1_shared_view_v1	biochemical_annotation_view	KEGG:C00025	glutamate	GGT5	feature_gene_pair	NA	NA	NA	NA	NA	NA	NA	NA	NA	NA	NEEDS_REVIEW	IDENTITY_HOLD	reports/COAD/current_catalog_v0_1/candidate_catalog.json	hsa:2687	0.752532488926264	0.00205315909153294	HOLD_ID_CONFLICT	reports/COAD/current_catalog_v0_1/candidate_catalog.json
COAD	COAD	02_MAPPING	20260919T112700Z_shared_delivery_v1	coad_biochemical_v0.1_shared_view_v1	biochemical_annotation_view	KEGG:C00025	glutamate	GGT6	feature_gene_pair	NA	NA	NA	NA	NA	NA	NA	NA	NA	NA	NEEDS_REVIEW	IDENTITY_HOLD	reports/COAD/current_catalog_v0_1/candidate_catalog.json	hsa:124975	0.752532488926264	0.00205315909153294	HOLD_ID_CONFLICT	reports/COAD/current_catalog_v0_1/candidate_catalog.json
COAD	COAD	02_MAPPING	20260919T112700Z_shared_delivery_v1	coad_biochemical_v0.1_shared_view_v1	biochemical_annotation_view	KEGG:C00025	glutamate	GGT7	feature_gene_pair	NA	NA	NA	NA	NA	NA	NA	NA	NA	NA	NEEDS_REVIEW	IDENTITY_HOLD	reports/COAD/current_catalog_v0_1/candidate_catalog.json	hsa:2686	0.752532488926264	0.00205315909153294	HOLD_ID_CONFLICT	reports/COAD/current_catalog_v0_1/candidate_catalog.json
COAD	COAD	02_MAPPING	20260919T112700Z_shared_delivery_v1	coad_biochemical_v0.1_shared_view_v1	biochemical_annotation_view	KEGG:C00025	glutamate	GLS	feature_gene_pair	NA	NA	NA	NA	NA	NA	NA	NA	NA	NA	NEEDS_REVIEW	IDENTITY_HOLD	reports/COAD/current_catalog_v0_1/candidate_catalog.json	hsa:2744	0.752532488926264	0.00205315909153294	HOLD_ID_CONFLICT	reports/COAD/current_catalog_v0_1/candidate_catalog.json
COAD	COAD	02_MAPPING	20260919T112700Z_shared_delivery_v1	coad_biochemical_v0.1_shared_view_v1	biochemical_annotation_view	KEGG:C00025	glutamate	GLS2	feature_gene_pair	NA	NA	NA	NA	NA	NA	NA	NA	NA	NA	NEEDS_REVIEW	IDENTITY_HOLD	reports/COAD/current_catalog_v0_1/candidate_catalog.json	hsa:27165	0.752532488926264	0.00205315909153294	HOLD_ID_CONFLICT	reports/COAD/current_catalog_v0_1/candidate_catalog.json
COAD	COAD	02_MAPPING	20260919T112700Z_shared_delivery_v1	coad_biochemical_v0.1_shared_view_v1	biochemical_annotation_view	KEGG:C00025	glutamate	GLUD1	feature_gene_pair	NA	NA	NA	NA	NA	NA	NA	NA	NA	NA	NEEDS_REVIEW	IDENTITY_HOLD	reports/COAD/current_catalog_v0_1/candidate_catalog.json	hsa:2746	0.752532488926264	0.00205315909153294	HOLD_ID_CONFLICT	reports/COAD/current_catalog_v0_1/candidate_catalog.json
COAD	COAD	02_MAPPING	20260919T112700Z_shared_delivery_v1	coad_biochemical_v0.1_shared_view_v1	biochemical_annotation_view	KEGG:C00025	glutamate	GLUD2	feature_gene_pair	NA	NA	NA	NA	NA	NA	NA	NA	NA	NA	NEEDS_REVIEW	IDENTITY_HOLD	reports/COAD/current_catalog_v0_1/candidate_catalog.json	hsa:2747	0.752532488926264	0.00205315909153294	HOLD_ID_CONFLICT	reports/COAD/current_catalog_v0_1/candidate_catalog.json
COAD	COAD	02_MAPPING	20260919T112700Z_shared_delivery_v1	coad_biochemical_v0.1_shared_view_v1	biochemical_annotation_view	KEGG:C00025	glutamate	GLUL	feature_gene_pair	NA	NA	NA	NA	NA	NA	NA	NA	NA	NA	NEEDS_REVIEW	IDENTITY_HOLD	reports/COAD/current_catalog_v0_1/candidate_catalog.json	hsa:2752	0.752532488926264	0.00205315909153294	HOLD_ID_CONFLICT	reports/COAD/current_catalog_v0_1/candidate_catalog.json
COAD	COAD	02_MAPPING	20260919T112700Z_shared_delivery_v1	coad_biochemical_v0.1_shared_view_v1	biochemical_annotation_view	KEGG:C00025	glutamate	GMPS	feature_gene_pair	NA	NA	NA	NA	NA	NA	NA	NA	NA	NA	NEEDS_REVIEW	IDENTITY_HOLD	reports/COAD/current_catalog_v0_1/candidate_catalog.json	hsa:8833	0.752532488926264	0.00205315909153294	HOLD_ID_CONFLICT	reports/COAD/current_catalog_v0_1/candidate_catalog.json
COAD	COAD	02_MAPPING	20260919T112700Z_shared_delivery_v1	coad_biochemical_v0.1_shared_view_v1	biochemical_annotation_view	KEGG:C00025	glutamate	GOT1	feature_gene_pair	NA	NA	NA	NA	NA	NA	NA	NA	NA	NA	NEEDS_REVIEW	IDENTITY_HOLD	reports/COAD/current_catalog_v0_1/candidate_catalog.json	hsa:2805	0.752532488926264	0.00205315909153294	HOLD_ID_CONFLICT	reports/COAD/current_catalog_v0_1/candidate_catalog.json
COAD	COAD	02_MAPPING	20260919T112700Z_shared_delivery_v1	coad_biochemical_v0.1_shared_view_v1	biochemical_annotation_view	KEGG:C00025	glutamate	GOT1L1	feature_gene_pair	NA	NA	NA	NA	NA	NA	NA	NA	NA	NA	NEEDS_REVIEW	IDENTITY_HOLD	reports/COAD/current_catalog_v0_1/candidate_catalog.json	hsa:137362	0.752532488926264	0.00205315909153294	HOLD_ID_CONFLICT	reports/COAD/current_catalog_v0_1/candidate_catalog.json
COAD	COAD	02_MAPPING	20260919T112700Z_shared_delivery_v1	coad_biochemical_v0.1_shared_view_v1	biochemical_annotation_view	KEGG:C00025	glutamate	GOT2	feature_gene_pair	NA	NA	NA	NA	NA	NA	NA	NA	NA	NA	NEEDS_REVIEW	IDENTITY_HOLD	reports/COAD/current_catalog_v0_1/candidate_catalog.json	hsa:2806	0.752532488926264	0.00205315909153294	HOLD_ID_CONFLICT	reports/COAD/current_catalog_v0_1/candidate_catalog.json
COAD	COAD	02_MAPPING	20260919T112700Z_shared_delivery_v1	coad_biochemical_v0.1_shared_view_v1	biochemical_annotation_view	KEGG:C00025	glutamate	GPT	feature_gene_pair	NA	NA	NA	NA	NA	NA	NA	NA	NA	NA	NEEDS_REVIEW	IDENTITY_HOLD	reports/COAD/current_catalog_v0_1/candidate_catalog.json	hsa:2875	0.752532488926264	0.00205315909153294	HOLD_ID_CONFLICT	reports/COAD/current_catalog_v0_1/candidate_catalog.json
COAD	COAD	02_MAPPING	20260919T112700Z_shared_delivery_v1	coad_biochemical_v0.1_shared_view_v1	biochemical_annotation_view	KEGG:C00025	glutamate	GPT2	feature_gene_pair	NA	NA	NA	NA	NA	NA	NA	NA	NA	NA	NEEDS_REVIEW	IDENTITY_HOLD	reports/COAD/current_catalog_v0_1/candidate_catalog.json	hsa:84706	0.752532488926264	0.00205315909153294	HOLD_ID_CONFLICT	reports/COAD/current_catalog_v0_1/candidate_catalog.json
COAD	COAD	02_MAPPING	20260919T112700Z_shared_delivery_v1	coad_biochemical_v0.1_shared_view_v1	biochemical_annotation_view	KEGG:C00025	glutamate	KCNK1	feature_gene_pair	NA	NA	NA	NA	NA	NA	NA	NA	NA	NA	NEEDS_REVIEW	IDENTITY_HOLD	reports/COAD/current_catalog_v0_1/candidate_catalog.json	hsa:3775	0.752532488926264	0.00205315909153294	HOLD_ID_CONFLICT	reports/COAD/current_catalog_v0_1/candidate_catalog.json
COAD	COAD	02_MAPPING	20260919T112700Z_shared_delivery_v1	coad_biochemical_v0.1_shared_view_v1	biochemical_annotation_view	KEGG:C00025	glutamate	KCNK2	feature_gene_pair	NA	NA	NA	NA	NA	NA	NA	NA	NA	NA	NEEDS_REVIEW	IDENTITY_HOLD	reports/COAD/current_catalog_v0_1/candidate_catalog.json	hsa:3776	0.752532488926264	0.00205315909153294	HOLD_ID_CONFLICT	reports/COAD/current_catalog_v0_1/candidate_catalog.json
COAD	COAD	02_MAPPING	20260919T112700Z_shared_delivery_v1	coad_biochemical_v0.1_shared_view_v1	biochemical_annotation_view	KEGG:C00025	glutamate	KYAT1	feature_gene_pair	NA	NA	NA	NA	NA	NA	NA	NA	NA	NA	NEEDS_REVIEW	IDENTITY_HOLD	reports/COAD/current_catalog_v0_1/candidate_catalog.json	hsa:883	0.752532488926264	0.00205315909153294	HOLD_ID_CONFLICT	reports/COAD/current_catalog_v0_1/candidate_catalog.json
COAD	COAD	02_MAPPING	20260919T112700Z_shared_delivery_v1	coad_biochemical_v0.1_shared_view_v1	biochemical_annotation_view	KEGG:C00025	glutamate	KYAT3	feature_gene_pair	NA	NA	NA	NA	NA	NA	NA	NA	NA	NA	NEEDS_REVIEW	IDENTITY_HOLD	reports/COAD/current_catalog_v0_1/candidate_catalog.json	hsa:56267	0.752532488926264	0.00205315909153294	HOLD_ID_CONFLICT	reports/COAD/current_catalog_v0_1/candidate_catalog.json
COAD	COAD	02_MAPPING	20260919T112700Z_shared_delivery_v1	coad_biochemical_v0.1_shared_view_v1	biochemical_annotation_view	KEGG:C00025	glutamate	LRRC8A	feature_gene_pair	NA	NA	NA	NA	NA	NA	NA	NA	NA	NA	NEEDS_REVIEW	IDENTITY_HOLD	reports/COAD/current_catalog_v0_1/candidate_catalog.json	hsa:56262	0.752532488926264	0.00205315909153294	HOLD_ID_CONFLICT	reports/COAD/current_catalog_v0_1/candidate_catalog.json
COAD	COAD	02_MAPPING	20260919T112700Z_shared_delivery_v1	coad_biochemical_v0.1_shared_view_v1	biochemical_annotation_view	KEGG:C00025	glutamate	NA	feature_gene_pair	NA	NA	NA	NA	NA	NA	NA	NA	NA	NA	NEEDS_REVIEW	IDENTITY_HOLD	reports/COAD/current_catalog_v0_1/candidate_catalog.json	hsa:102724197	0.752532488926264	0.00205315909153294	HOLD_ID_CONFLICT	reports/COAD/current_catalog_v0_1/candidate_catalog.json
COAD	COAD	02_MAPPING	20260919T112700Z_shared_delivery_v1	coad_biochemical_v0.1_shared_view_v1	biochemical_annotation_view	KEGG:C00025	glutamate	NADSYN1	feature_gene_pair	NA	NA	NA	NA	NA	NA	NA	NA	NA	NA	NEEDS_REVIEW	IDENTITY_HOLD	reports/COAD/current_catalog_v0_1/candidate_catalog.json	hsa:55191	0.752532488926264	0.00205315909153294	HOLD_ID_CONFLICT	reports/COAD/current_catalog_v0_1/candidate_catalog.json
COAD	COAD	02_MAPPING	20260919T112700Z_shared_delivery_v1	coad_biochemical_v0.1_shared_view_v1	biochemical_annotation_view	KEGG:C00025	glutamate	NAGS	feature_gene_pair	NA	NA	NA	NA	NA	NA	NA	NA	NA	NA	NEEDS_REVIEW	IDENTITY_HOLD	reports/COAD/current_catalog_v0_1/candidate_catalog.json	hsa:162417	0.752532488926264	0.00205315909153294	HOLD_ID_CONFLICT	reports/COAD/current_catalog_v0_1/candidate_catalog.json
COAD	COAD	02_MAPPING	20260919T112700Z_shared_delivery_v1	coad_biochemical_v0.1_shared_view_v1	biochemical_annotation_view	KEGG:C00025	glutamate	OAT	feature_gene_pair	NA	NA	NA	NA	NA	NA	NA	NA	NA	NA	NEEDS_REVIEW	IDENTITY_HOLD	reports/COAD/current_catalog_v0_1/candidate_catalog.json	hsa:4942	0.752532488926264	0.00205315909153294	HOLD_ID_CONFLICT	reports/COAD/current_catalog_v0_1/candidate_catalog.json
COAD	COAD	02_MAPPING	20260919T112700Z_shared_delivery_v1	coad_biochemical_v0.1_shared_view_v1	biochemical_annotation_view	KEGG:C00025	glutamate	OPLAH	feature_gene_pair	NA	NA	NA	NA	NA	NA	NA	NA	NA	NA	NEEDS_REVIEW	IDENTITY_HOLD	reports/COAD/current_catalog_v0_1/candidate_catalog.json	hsa:26873	0.752532488926264	0.00205315909153294	HOLD_ID_CONFLICT	reports/COAD/current_catalog_v0_1/candidate_catalog.json
COAD	COAD	02_MAPPING	20260919T112700Z_shared_delivery_v1	coad_biochemical_v0.1_shared_view_v1	biochemical_annotation_view	KEGG:C00025	glutamate	PANX1	feature_gene_pair	NA	NA	NA	NA	NA	NA	NA	NA	NA	NA	NEEDS_REVIEW	IDENTITY_HOLD	reports/COAD/current_catalog_v0_1/candidate_catalog.json	hsa:24145	0.752532488926264	0.00205315909153294	HOLD_ID_CONFLICT	reports/COAD/current_catalog_v0_1/candidate_catalog.json
COAD	COAD	02_MAPPING	20260919T112700Z_shared_delivery_v1	coad_biochemical_v0.1_shared_view_v1	biochemical_annotation_view	KEGG:C00025	glutamate	PFAS	feature_gene_pair	NA	NA	NA	NA	NA	NA	NA	NA	NA	NA	NEEDS_REVIEW	IDENTITY_HOLD	reports/COAD/current_catalog_v0_1/candidate_catalog.json	hsa:5198	0.752532488926264	0.00205315909153294	HOLD_ID_CONFLICT	reports/COAD/current_catalog_v0_1/candidate_catalog.json
COAD	COAD	02_MAPPING	20260919T112700Z_shared_delivery_v1	coad_biochemical_v0.1_shared_view_v1	biochemical_annotation_view	KEGG:C00025	glutamate	PPAT	feature_gene_pair	NA	NA	NA	NA	NA	NA	NA	NA	NA	NA	NEEDS_REVIEW	IDENTITY_HOLD	reports/COAD/current_catalog_v0_1/candidate_catalog.json	hsa:5471	0.752532488926264	0.00205315909153294	HOLD_ID_CONFLICT	reports/COAD/current_catalog_v0_1/candidate_catalog.json
COAD	COAD	02_MAPPING	20260919T112700Z_shared_delivery_v1	coad_biochemical_v0.1_shared_view_v1	biochemical_annotation_view	KEGG:C00025	glutamate	PSAT1	feature_gene_pair	NA	NA	NA	NA	NA	NA	NA	NA	NA	NA	NEEDS_REVIEW	IDENTITY_HOLD	reports/COAD/current_catalog_v0_1/candidate_catalog.json	hsa:29968	0.752532488926264	0.00205315909153294	HOLD_ID_CONFLICT	reports/COAD/current_catalog_v0_1/candidate_catalog.json
COAD	COAD	02_MAPPING	20260919T112700Z_shared_delivery_v1	coad_biochemical_v0.1_shared_view_v1	biochemical_annotation_view	KEGG:C00025	glutamate	QRSL1	feature_gene_pair	NA	NA	NA	NA	NA	NA	NA	NA	NA	NA	NEEDS_REVIEW	IDENTITY_HOLD	reports/COAD/current_catalog_v0_1/candidate_catalog.json	hsa:55278	0.752532488926264	0.00205315909153294	HOLD_ID_CONFLICT	reports/COAD/current_catalog_v0_1/candidate_catalog.json
COAD	COAD	02_MAPPING	20260919T112700Z_shared_delivery_v1	coad_biochemical_v0.1_shared_view_v1	biochemical_annotation_view	KEGG:C00025	glutamate	RIMKLA	feature_gene_pair	NA	NA	NA	NA	NA	NA	NA	NA	NA	NA	NEEDS_REVIEW	IDENTITY_HOLD	reports/COAD/current_catalog_v0_1/candidate_catalog.json	hsa:284716	0.752532488926264	0.00205315909153294	HOLD_ID_CONFLICT	reports/COAD/current_catalog_v0_1/candidate_catalog.json
COAD	COAD	02_MAPPING	20260919T112700Z_shared_delivery_v1	coad_biochemical_v0.1_shared_view_v1	biochemical_annotation_view	KEGG:C00025	glutamate	RIMKLB	feature_gene_pair	NA	NA	NA	NA	NA	NA	NA	NA	NA	NA	NEEDS_REVIEW	IDENTITY_HOLD	reports/COAD/current_catalog_v0_1/candidate_catalog.json	hsa:57494	0.752532488926264	0.00205315909153294	HOLD_ID_CONFLICT	reports/COAD/current_catalog_v0_1/candidate_catalog.json
COAD	COAD	02_MAPPING	20260919T112700Z_shared_delivery_v1	coad_biochemical_v0.1_shared_view_v1	biochemical_annotation_view	KEGG:C00025	glutamate	SLC17A5	feature_gene_pair	NA	NA	NA	NA	NA	NA	NA	NA	NA	NA	NEEDS_REVIEW	IDENTITY_HOLD	reports/COAD/current_catalog_v0_1/candidate_catalog.json	hsa:26503	0.752532488926264	0.00205315909153294	HOLD_ID_CONFLICT	reports/COAD/current_catalog_v0_1/candidate_catalog.json
COAD	COAD	02_MAPPING	20260919T112700Z_shared_delivery_v1	coad_biochemical_v0.1_shared_view_v1	biochemical_annotation_view	KEGG:C00025	glutamate	SLC17A6	feature_gene_pair	NA	NA	NA	NA	NA	NA	NA	NA	NA	NA	NEEDS_REVIEW	IDENTITY_HOLD	reports/COAD/current_catalog_v0_1/candidate_catalog.json	hsa:57084	0.752532488926264	0.00205315909153294	HOLD_ID_CONFLICT	reports/COAD/current_catalog_v0_1/candidate_catalog.json
COAD	COAD	02_MAPPING	20260919T112700Z_shared_delivery_v1	coad_biochemical_v0.1_shared_view_v1	biochemical_annotation_view	KEGG:C00025	glutamate	SLC17A7	feature_gene_pair	NA	NA	NA	NA	NA	NA	NA	NA	NA	NA	NEEDS_REVIEW	IDENTITY_HOLD	reports/COAD/current_catalog_v0_1/candidate_catalog.json	hsa:57030	0.752532488926264	0.00205315909153294	HOLD_ID_CONFLICT	reports/COAD/current_catalog_v0_1/candidate_catalog.json
COAD	COAD	02_MAPPING	20260919T112700Z_shared_delivery_v1	coad_biochemical_v0.1_shared_view_v1	biochemical_annotation_view	KEGG:C00025	glutamate	SLC17A8	feature_gene_pair	NA	NA	NA	NA	NA	NA	NA	NA	NA	NA	NEEDS_REVIEW	IDENTITY_HOLD	reports/COAD/current_catalog_v0_1/candidate_catalog.json	hsa:246213	0.752532488926264	0.00205315909153294	HOLD_ID_CONFLICT	reports/COAD/current_catalog_v0_1/candidate_catalog.json
COAD	COAD	02_MAPPING	20260919T112700Z_shared_delivery_v1	coad_biochemical_v0.1_shared_view_v1	biochemical_annotation_view	KEGG:C00025	glutamate	SLC1A1	feature_gene_pair	NA	NA	NA	NA	NA	NA	NA	NA	NA	NA	NEEDS_REVIEW	IDENTITY_HOLD	reports/COAD/current_catalog_v0_1/candidate_catalog.json	hsa:6505	0.752532488926264	0.00205315909153294	HOLD_ID_CONFLICT	reports/COAD/current_catalog_v0_1/candidate_catalog.json
COAD	COAD	02_MAPPING	20260919T112700Z_shared_delivery_v1	coad_biochemical_v0.1_shared_view_v1	biochemical_annotation_view	KEGG:C00025	glutamate	SLC1A2	feature_gene_pair	NA	NA	NA	NA	NA	NA	NA	NA	NA	NA	NEEDS_REVIEW	IDENTITY_HOLD	reports/COAD/current_catalog_v0_1/candidate_catalog.json	hsa:6506	0.752532488926264	0.00205315909153294	HOLD_ID_CONFLICT	reports/COAD/current_catalog_v0_1/candidate_catalog.json
COAD	COAD	02_MAPPING	20260919T112700Z_shared_delivery_v1	coad_biochemical_v0.1_shared_view_v1	biochemical_annotation_view	KEGG:C00025	glutamate	SLC1A3	feature_gene_pair	NA	NA	NA	NA	NA	NA	NA	NA	NA	NA	NEEDS_REVIEW	IDENTITY_HOLD	reports/COAD/current_catalog_v0_1/candidate_catalog.json	hsa:6507	0.752532488926264	0.00205315909153294	HOLD_ID_CONFLICT	reports/COAD/current_catalog_v0_1/candidate_catalog.json
COAD	COAD	02_MAPPING	20260919T112700Z_shared_delivery_v1	coad_biochemical_v0.1_shared_view_v1	biochemical_annotation_view	KEGG:C00025	glutamate	SLC1A5	feature_gene_pair	NA	NA	NA	NA	NA	NA	NA	NA	NA	NA	NEEDS_REVIEW	IDENTITY_HOLD	reports/COAD/current_catalog_v0_1/candidate_catalog.json	hsa:6510	0.752532488926264	0.00205315909153294	HOLD_ID_CONFLICT	reports/COAD/current_catalog_v0_1/candidate_catalog.json
COAD	COAD	02_MAPPING	20260919T112700Z_shared_delivery_v1	coad_biochemical_v0.1_shared_view_v1	biochemical_annotation_view	KEGG:C00025	glutamate	SLC1A6	feature_gene_pair	NA	NA	NA	NA	NA	NA	NA	NA	NA	NA	NEEDS_REVIEW	IDENTITY_HOLD	reports/COAD/current_catalog_v0_1/candidate_catalog.json	hsa:6511	0.752532488926264	0.00205315909153294	HOLD_ID_CONFLICT	reports/COAD/current_catalog_v0_1/candidate_catalog.json
COAD	COAD	02_MAPPING	20260919T112700Z_shared_delivery_v1	coad_biochemical_v0.1_shared_view_v1	biochemical_annotation_view	KEGG:C00025	glutamate	SLC1A7	feature_gene_pair	NA	NA	NA	NA	NA	NA	NA	NA	NA	NA	NEEDS_REVIEW	IDENTITY_HOLD	reports/COAD/current_catalog_v0_1/candidate_catalog.json	hsa:6512	0.752532488926264	0.00205315909153294	HOLD_ID_CONFLICT	reports/COAD/current_catalog_v0_1/candidate_catalog.json
COAD	COAD	02_MAPPING	20260919T112700Z_shared_delivery_v1	coad_biochemical_v0.1_shared_view_v1	biochemical_annotation_view	KEGG:C00025	glutamate	SLC22A7	feature_gene_pair	NA	NA	NA	NA	NA	NA	NA	NA	NA	NA	NEEDS_REVIEW	IDENTITY_HOLD	reports/COAD/current_catalog_v0_1/candidate_catalog.json	hsa:10864	0.752532488926264	0.00205315909153294	HOLD_ID_CONFLICT	reports/COAD/current_catalog_v0_1/candidate_catalog.json
COAD	COAD	02_MAPPING	20260919T112700Z_shared_delivery_v1	coad_biochemical_v0.1_shared_view_v1	biochemical_annotation_view	KEGG:C00025	glutamate	SLC25A12	feature_gene_pair	NA	NA	NA	NA	NA	NA	NA	NA	NA	NA	NEEDS_REVIEW	IDENTITY_HOLD	reports/COAD/current_catalog_v0_1/candidate_catalog.json	hsa:8604	0.752532488926264	0.00205315909153294	HOLD_ID_CONFLICT	reports/COAD/current_catalog_v0_1/candidate_catalog.json
COAD	COAD	02_MAPPING	20260919T112700Z_shared_delivery_v1	coad_biochemical_v0.1_shared_view_v1	biochemical_annotation_view	KEGG:C00025	glutamate	SLC25A13	feature_gene_pair	NA	NA	NA	NA	NA	NA	NA	NA	NA	NA	NEEDS_REVIEW	IDENTITY_HOLD	reports/COAD/current_catalog_v0_1/candidate_catalog.json	hsa:10165	0.752532488926264	0.00205315909153294	HOLD_ID_CONFLICT	reports/COAD/current_catalog_v0_1/candidate_catalog.json
COAD	COAD	02_MAPPING	20260919T112700Z_shared_delivery_v1	coad_biochemical_v0.1_shared_view_v1	biochemical_annotation_view	KEGG:C00025	glutamate	SLC25A14	feature_gene_pair	NA	NA	NA	NA	NA	NA	NA	NA	NA	NA	NEEDS_REVIEW	IDENTITY_HOLD	reports/COAD/current_catalog_v0_1/candidate_catalog.json	hsa:9016	0.752532488926264	0.00205315909153294	HOLD_ID_CONFLICT	reports/COAD/current_catalog_v0_1/candidate_catalog.json
COAD	COAD	02_MAPPING	20260919T112700Z_shared_delivery_v1	coad_biochemical_v0.1_shared_view_v1	biochemical_annotation_view	KEGG:C00025	glutamate	SLC25A18	feature_gene_pair	NA	NA	NA	NA	NA	NA	NA	NA	NA	NA	NEEDS_REVIEW	IDENTITY_HOLD	reports/COAD/current_catalog_v0_1/candidate_catalog.json	hsa:83733	0.752532488926264	0.00205315909153294	HOLD_ID_CONFLICT	reports/COAD/current_catalog_v0_1/candidate_catalog.json
COAD	COAD	02_MAPPING	20260919T112700Z_shared_delivery_v1	coad_biochemical_v0.1_shared_view_v1	biochemical_annotation_view	KEGG:C00025	glutamate	SLC25A22	feature_gene_pair	NA	NA	NA	NA	NA	NA	NA	NA	NA	NA	NEEDS_REVIEW	IDENTITY_HOLD	reports/COAD/current_catalog_v0_1/candidate_catalog.json	hsa:79751	0.752532488926264	0.00205315909153294	HOLD_ID_CONFLICT	reports/COAD/current_catalog_v0_1/candidate_catalog.json
COAD	COAD	02_MAPPING	20260919T112700Z_shared_delivery_v1	coad_biochemical_v0.1_shared_view_v1	biochemical_annotation_view	KEGG:C00025	glutamate	SLC38A10	feature_gene_pair	NA	NA	NA	NA	NA	NA	NA	NA	NA	NA	NEEDS_REVIEW	IDENTITY_HOLD	reports/COAD/current_catalog_v0_1/candidate_catalog.json	hsa:124565	0.752532488926264	0.00205315909153294	HOLD_ID_CONFLICT	reports/COAD/current_catalog_v0_1/candidate_catalog.json
COAD	COAD	02_MAPPING	20260919T112700Z_shared_delivery_v1	coad_biochemical_v0.1_shared_view_v1	biochemical_annotation_view	KEGG:C00025	glutamate	SLC38A6	feature_gene_pair	NA	NA	NA	NA	NA	NA	NA	NA	NA	NA	NEEDS_REVIEW	IDENTITY_HOLD	reports/COAD/current_catalog_v0_1/candidate_catalog.json	hsa:145389	0.752532488926264	0.00205315909153294	HOLD_ID_CONFLICT	reports/COAD/current_catalog_v0_1/candidate_catalog.json
COAD	COAD	02_MAPPING	20260919T112700Z_shared_delivery_v1	coad_biochemical_v0.1_shared_view_v1	biochemical_annotation_view	KEGG:C00025	glutamate	SLC7A11	feature_gene_pair	NA	NA	NA	NA	NA	NA	NA	NA	NA	NA	NEEDS_REVIEW	IDENTITY_HOLD	reports/COAD/current_catalog_v0_1/candidate_catalog.json	hsa:23657	0.752532488926264	0.00205315909153294	HOLD_ID_CONFLICT	reports/COAD/current_catalog_v0_1/candidate_catalog.json
COAD	COAD	02_MAPPING	20260919T112700Z_shared_delivery_v1	coad_biochemical_v0.1_shared_view_v1	biochemical_annotation_view	KEGG:C00025	glutamate	SLC7A13	feature_gene_pair	NA	NA	NA	NA	NA	NA	NA	NA	NA	NA	NEEDS_REVIEW	IDENTITY_HOLD	reports/COAD/current_catalog_v0_1/candidate_catalog.json	hsa:157724	0.752532488926264	0.00205315909153294	HOLD_ID_CONFLICT	reports/COAD/current_catalog_v0_1/candidate_catalog.json
COAD	COAD	02_MAPPING	20260919T112700Z_shared_delivery_v1	coad_biochemical_v0.1_shared_view_v1	biochemical_annotation_view	KEGG:C00025	glutamate	SLCO4A1	feature_gene_pair	NA	NA	NA	NA	NA	NA	NA	NA	NA	NA	NEEDS_REVIEW	IDENTITY_HOLD	reports/COAD/current_catalog_v0_1/candidate_catalog.json	hsa:28231	0.752532488926264	0.00205315909153294	HOLD_ID_CONFLICT	reports/COAD/current_catalog_v0_1/candidate_catalog.json
COAD	COAD	02_MAPPING	20260919T112700Z_shared_delivery_v1	coad_biochemical_v0.1_shared_view_v1	biochemical_annotation_view	KEGG:C00025	glutamate	TAT	feature_gene_pair	NA	NA	NA	NA	NA	NA	NA	NA	NA	NA	NEEDS_REVIEW	IDENTITY_HOLD	reports/COAD/current_catalog_v0_1/candidate_catalog.json	hsa:6898	0.752532488926264	0.00205315909153294	HOLD_ID_CONFLICT	reports/COAD/current_catalog_v0_1/candidate_catalog.json
COAD	COAD	02_MAPPING	20260919T112700Z_shared_delivery_v1	coad_biochemical_v0.1_shared_view_v1	biochemical_annotation_view	KEGG:C00025	glutamate	TTYH1	feature_gene_pair	NA	NA	NA	NA	NA	NA	NA	NA	NA	NA	NEEDS_REVIEW	IDENTITY_HOLD	reports/COAD/current_catalog_v0_1/candidate_catalog.json	hsa:57348	0.752532488926264	0.00205315909153294	HOLD_ID_CONFLICT	reports/COAD/current_catalog_v0_1/candidate_catalog.json
COAD	COAD	02_MAPPING	20260919T112700Z_shared_delivery_v1	coad_biochemical_v0.1_shared_view_v1	biochemical_annotation_view	KEGG:C00025	glutamate	TTYH2	feature_gene_pair	NA	NA	NA	NA	NA	NA	NA	NA	NA	NA	NEEDS_REVIEW	IDENTITY_HOLD	reports/COAD/current_catalog_v0_1/candidate_catalog.json	hsa:94015	0.752532488926264	0.00205315909153294	HOLD_ID_CONFLICT	reports/COAD/current_catalog_v0_1/candidate_catalog.json
COAD	COAD	02_MAPPING	20260919T112700Z_shared_delivery_v1	coad_biochemical_v0.1_shared_view_v1	biochemical_annotation_view	KEGG:C00025	glutamate	TTYH3	feature_gene_pair	NA	NA	NA	NA	NA	NA	NA	NA	NA	NA	NEEDS_REVIEW	IDENTITY_HOLD	reports/COAD/current_catalog_v0_1/candidate_catalog.json	hsa:80727	0.752532488926264	0.00205315909153294	HOLD_ID_CONFLICT	reports/COAD/current_catalog_v0_1/candidate_catalog.json
COAD	COAD	02_MAPPING	20260919T112700Z_shared_delivery_v1	coad_biochemical_v0.1_shared_view_v1	biochemical_annotation_view	KEGG:C00025	glutamate	VDAC1	feature_gene_pair	NA	NA	NA	NA	NA	NA	NA	NA	NA	NA	NEEDS_REVIEW	IDENTITY_HOLD	reports/COAD/current_catalog_v0_1/candidate_catalog.json	hsa:7416	0.752532488926264	0.00205315909153294	HOLD_ID_CONFLICT	reports/COAD/current_catalog_v0_1/candidate_catalog.json
COAD	COAD	02_MAPPING	20260919T112700Z_shared_delivery_v1	coad_biochemical_v0.1_shared_view_v1	biochemical_annotation_view	KEGG:C00064	glutamine	ASNS	feature_gene_pair	NA	NA	NA	NA	NA	NA	NA	NA	NA	NA	NEEDS_REVIEW	REACTION_ANNOTATION_SUPPORTED_PROVISIONAL	reports/COAD/current_catalog_v0_1/candidate_catalog.json	hsa:440	-1.18517818312271	1.53194804029879e-05	ORIGINAL_KEGG_NAME_COMPATIBLE	reports/COAD/current_catalog_v0_1/candidate_catalog.json
COAD	COAD	02_MAPPING	20260919T112700Z_shared_delivery_v1	coad_biochemical_v0.1_shared_view_v1	biochemical_annotation_view	KEGG:C00064	glutamine	BEST2	feature_gene_pair	NA	NA	NA	NA	NA	NA	NA	NA	NA	NA	NEEDS_REVIEW	REACTION_ANNOTATION_SUPPORTED_PROVISIONAL	reports/COAD/current_catalog_v0_1/candidate_catalog.json	hsa:54831	-1.18517818312271	1.53194804029879e-05	ORIGINAL_KEGG_NAME_COMPATIBLE	reports/COAD/current_catalog_v0_1/candidate_catalog.json
COAD	COAD	02_MAPPING	20260919T112700Z_shared_delivery_v1	coad_biochemical_v0.1_shared_view_v1	biochemical_annotation_view	KEGG:C00064	glutamine	CAD	feature_gene_pair	NA	NA	NA	NA	NA	NA	NA	NA	NA	NA	NEEDS_REVIEW	REACTION_ANNOTATION_SUPPORTED_PROVISIONAL	reports/COAD/current_catalog_v0_1/candidate_catalog.json	hsa:790	-1.18517818312271	1.53194804029879e-05	ORIGINAL_KEGG_NAME_COMPATIBLE	reports/COAD/current_catalog_v0_1/candidate_catalog.json
COAD	COAD	02_MAPPING	20260919T112700Z_shared_delivery_v1	coad_biochemical_v0.1_shared_view_v1	biochemical_annotation_view	KEGG:C00064	glutamine	CTPS1	feature_gene_pair	NA	NA	NA	NA	NA	NA	NA	NA	NA	NA	NEEDS_REVIEW	REACTION_ANNOTATION_SUPPORTED_PROVISIONAL	reports/COAD/current_catalog_v0_1/candidate_catalog.json	hsa:1503	-1.18517818312271	1.53194804029879e-05	ORIGINAL_KEGG_NAME_COMPATIBLE	reports/COAD/current_catalog_v0_1/candidate_catalog.json
COAD	COAD	02_MAPPING	20260919T112700Z_shared_delivery_v1	coad_biochemical_v0.1_shared_view_v1	biochemical_annotation_view	KEGG:C00064	glutamine	CTPS2	feature_gene_pair	NA	NA	NA	NA	NA	NA	NA	NA	NA	NA	NEEDS_REVIEW	REACTION_ANNOTATION_SUPPORTED_PROVISIONAL	reports/COAD/current_catalog_v0_1/candidate_catalog.json	hsa:56474	-1.18517818312271	1.53194804029879e-05	ORIGINAL_KEGG_NAME_COMPATIBLE	reports/COAD/current_catalog_v0_1/candidate_catalog.json
COAD	COAD	02_MAPPING	20260919T112700Z_shared_delivery_v1	coad_biochemical_v0.1_shared_view_v1	biochemical_annotation_view	KEGG:C00064	glutamine	GATB	feature_gene_pair	NA	NA	NA	NA	NA	NA	NA	NA	NA	NA	NEEDS_REVIEW	REACTION_ANNOTATION_SUPPORTED_PROVISIONAL	reports/COAD/current_catalog_v0_1/candidate_catalog.json	hsa:5188	-1.18517818312271	1.53194804029879e-05	ORIGINAL_KEGG_NAME_COMPATIBLE	reports/COAD/current_catalog_v0_1/candidate_catalog.json
COAD	COAD	02_MAPPING	20260919T112700Z_shared_delivery_v1	coad_biochemical_v0.1_shared_view_v1	biochemical_annotation_view	KEGG:C00064	glutamine	GATC	feature_gene_pair	NA	NA	NA	NA	NA	NA	NA	NA	NA	NA	NEEDS_REVIEW	REACTION_SPECIFICITY_PENDING	reports/COAD/current_catalog_v0_1/candidate_catalog.json	hsa:283459	-1.18517818312271	1.53194804029879e-05	ORIGINAL_KEGG_NAME_COMPATIBLE	reports/COAD/current_catalog_v0_1/candidate_catalog.json
COAD	COAD	02_MAPPING	20260919T112700Z_shared_delivery_v1	coad_biochemical_v0.1_shared_view_v1	biochemical_annotation_view	KEGG:C00064	glutamine	GFPT1	feature_gene_pair	NA	NA	NA	NA	NA	NA	NA	NA	NA	NA	NEEDS_REVIEW	REACTION_ANNOTATION_SUPPORTED_PROVISIONAL	reports/COAD/current_catalog_v0_1/candidate_catalog.json	hsa:2673	-1.18517818312271	1.53194804029879e-05	ORIGINAL_KEGG_NAME_COMPATIBLE	reports/COAD/current_catalog_v0_1/candidate_catalog.json
COAD	COAD	02_MAPPING	20260919T112700Z_shared_delivery_v1	coad_biochemical_v0.1_shared_view_v1	biochemical_annotation_view	KEGG:C00064	glutamine	GFPT2	feature_gene_pair	NA	NA	NA	NA	NA	NA	NA	NA	NA	NA	NEEDS_REVIEW	REACTION_ANNOTATION_SUPPORTED_PROVISIONAL	reports/COAD/current_catalog_v0_1/candidate_catalog.json	hsa:9945	-1.18517818312271	1.53194804029879e-05	ORIGINAL_KEGG_NAME_COMPATIBLE	reports/COAD/current_catalog_v0_1/candidate_catalog.json
COAD	COAD	02_MAPPING	20260919T112700Z_shared_delivery_v1	coad_biochemical_v0.1_shared_view_v1	biochemical_annotation_view	KEGG:C00064	glutamine	GLS	feature_gene_pair	NA	NA	NA	NA	NA	NA	NA	NA	NA	NA	NEEDS_REVIEW	REACTION_ANNOTATION_SUPPORTED_PROVISIONAL	reports/COAD/current_catalog_v0_1/candidate_catalog.json	hsa:2744	-1.18517818312271	1.53194804029879e-05	ORIGINAL_KEGG_NAME_COMPATIBLE	reports/COAD/current_catalog_v0_1/candidate_catalog.json
COAD	COAD	02_MAPPING	20260919T112700Z_shared_delivery_v1	coad_biochemical_v0.1_shared_view_v1	biochemical_annotation_view	KEGG:C00064	glutamine	GLS2	feature_gene_pair	NA	NA	NA	NA	NA	NA	NA	NA	NA	NA	NEEDS_REVIEW	REACTION_ANNOTATION_SUPPORTED_PROVISIONAL	reports/COAD/current_catalog_v0_1/candidate_catalog.json	hsa:27165	-1.18517818312271	1.53194804029879e-05	ORIGINAL_KEGG_NAME_COMPATIBLE	reports/COAD/current_catalog_v0_1/candidate_catalog.json
COAD	COAD	02_MAPPING	20260919T112700Z_shared_delivery_v1	coad_biochemical_v0.1_shared_view_v1	biochemical_annotation_view	KEGG:C00064	glutamine	GLUL	feature_gene_pair	NA	NA	NA	NA	NA	NA	NA	NA	NA	NA	NEEDS_REVIEW	REACTION_ANNOTATION_SUPPORTED_PROVISIONAL	reports/COAD/current_catalog_v0_1/candidate_catalog.json	hsa:2752	-1.18517818312271	1.53194804029879e-05	ORIGINAL_KEGG_NAME_COMPATIBLE	reports/COAD/current_catalog_v0_1/candidate_catalog.json
COAD	COAD	02_MAPPING	20260919T112700Z_shared_delivery_v1	coad_biochemical_v0.1_shared_view_v1	biochemical_annotation_view	KEGG:C00064	glutamine	GMPS	feature_gene_pair	NA	NA	NA	NA	NA	NA	NA	NA	NA	NA	NEEDS_REVIEW	REACTION_ANNOTATION_SUPPORTED_PROVISIONAL	reports/COAD/current_catalog_v0_1/candidate_catalog.json	hsa:8833	-1.18517818312271	1.53194804029879e-05	ORIGINAL_KEGG_NAME_COMPATIBLE	reports/COAD/current_catalog_v0_1/candidate_catalog.json
COAD	COAD	02_MAPPING	20260919T112700Z_shared_delivery_v1	coad_biochemical_v0.1_shared_view_v1	biochemical_annotation_view	KEGG:C00064	glutamine	NADSYN1	feature_gene_pair	NA	NA	NA	NA	NA	NA	NA	NA	NA	NA	NEEDS_REVIEW	REACTION_ANNOTATION_SUPPORTED_PROVISIONAL	reports/COAD/current_catalog_v0_1/candidate_catalog.json	hsa:55191	-1.18517818312271	1.53194804029879e-05	ORIGINAL_KEGG_NAME_COMPATIBLE	reports/COAD/current_catalog_v0_1/candidate_catalog.json
COAD	COAD	02_MAPPING	20260919T112700Z_shared_delivery_v1	coad_biochemical_v0.1_shared_view_v1	biochemical_annotation_view	KEGG:C00064	glutamine	PFAS	feature_gene_pair	NA	NA	NA	NA	NA	NA	NA	NA	NA	NA	NEEDS_REVIEW	REACTION_ANNOTATION_SUPPORTED_PROVISIONAL	reports/COAD/current_catalog_v0_1/candidate_catalog.json	hsa:5198	-1.18517818312271	1.53194804029879e-05	ORIGINAL_KEGG_NAME_COMPATIBLE	reports/COAD/current_catalog_v0_1/candidate_catalog.json
COAD	COAD	02_MAPPING	20260919T112700Z_shared_delivery_v1	coad_biochemical_v0.1_shared_view_v1	biochemical_annotation_view	KEGG:C00064	glutamine	PPAT	feature_gene_pair	NA	NA	NA	NA	NA	NA	NA	NA	NA	NA	NEEDS_REVIEW	REACTION_ANNOTATION_SUPPORTED_PROVISIONAL	reports/COAD/current_catalog_v0_1/candidate_catalog.json	hsa:5471	-1.18517818312271	1.53194804029879e-05	ORIGINAL_KEGG_NAME_COMPATIBLE	reports/COAD/current_catalog_v0_1/candidate_catalog.json
COAD	COAD	02_MAPPING	20260919T112700Z_shared_delivery_v1	coad_biochemical_v0.1_shared_view_v1	biochemical_annotation_view	KEGG:C00064	glutamine	QARS1	feature_gene_pair	NA	NA	NA	NA	NA	NA	NA	NA	NA	NA	NEEDS_REVIEW	REACTION_ANNOTATION_SUPPORTED_PROVISIONAL	reports/COAD/current_catalog_v0_1/candidate_catalog.json	hsa:5859	-1.18517818312271	1.53194804029879e-05	ORIGINAL_KEGG_NAME_COMPATIBLE	reports/COAD/current_catalog_v0_1/candidate_catalog.json
COAD	COAD	02_MAPPING	20260919T112700Z_shared_delivery_v1	coad_biochemical_v0.1_shared_view_v1	biochemical_annotation_view	KEGG:C00064	glutamine	QRSL1	feature_gene_pair	NA	NA	NA	NA	NA	NA	NA	NA	NA	NA	NEEDS_REVIEW	REACTION_SPECIFICITY_PENDING	reports/COAD/current_catalog_v0_1/candidate_catalog.json	hsa:55278	-1.18517818312271	1.53194804029879e-05	ORIGINAL_KEGG_NAME_COMPATIBLE	reports/COAD/current_catalog_v0_1/candidate_catalog.json
COAD	COAD	02_MAPPING	20260919T112700Z_shared_delivery_v1	coad_biochemical_v0.1_shared_view_v1	biochemical_annotation_view	KEGG:C00064	glutamine	SLC1A5	feature_gene_pair	NA	NA	NA	NA	NA	NA	NA	NA	NA	NA	NEEDS_REVIEW	REACTION_ANNOTATION_SUPPORTED_PROVISIONAL	reports/COAD/current_catalog_v0_1/candidate_catalog.json	hsa:6510	-1.18517818312271	1.53194804029879e-05	ORIGINAL_KEGG_NAME_COMPATIBLE	reports/COAD/current_catalog_v0_1/candidate_catalog.json
COAD	COAD	02_MAPPING	20260919T112700Z_shared_delivery_v1	coad_biochemical_v0.1_shared_view_v1	biochemical_annotation_view	KEGG:C00064	glutamine	SLC38A1	feature_gene_pair	NA	NA	NA	NA	NA	NA	NA	NA	NA	NA	NEEDS_REVIEW	REACTION_ANNOTATION_SUPPORTED_PROVISIONAL	reports/COAD/current_catalog_v0_1/candidate_catalog.json	hsa:81539	-1.18517818312271	1.53194804029879e-05	ORIGINAL_KEGG_NAME_COMPATIBLE	reports/COAD/current_catalog_v0_1/candidate_catalog.json
COAD	COAD	02_MAPPING	20260919T112700Z_shared_delivery_v1	coad_biochemical_v0.1_shared_view_v1	biochemical_annotation_view	KEGG:C00064	glutamine	SLC38A10	feature_gene_pair	NA	NA	NA	NA	NA	NA	NA	NA	NA	NA	NEEDS_REVIEW	REACTION_ANNOTATION_SUPPORTED_PROVISIONAL	reports/COAD/current_catalog_v0_1/candidate_catalog.json	hsa:124565	-1.18517818312271	1.53194804029879e-05	ORIGINAL_KEGG_NAME_COMPATIBLE	reports/COAD/current_catalog_v0_1/candidate_catalog.json
COAD	COAD	02_MAPPING	20260919T112700Z_shared_delivery_v1	coad_biochemical_v0.1_shared_view_v1	biochemical_annotation_view	KEGG:C00064	glutamine	SLC38A2	feature_gene_pair	NA	NA	NA	NA	NA	NA	NA	NA	NA	NA	NEEDS_REVIEW	REACTION_ANNOTATION_SUPPORTED_PROVISIONAL	reports/COAD/current_catalog_v0_1/candidate_catalog.json	hsa:54407	-1.18517818312271	1.53194804029879e-05	ORIGINAL_KEGG_NAME_COMPATIBLE	reports/COAD/current_catalog_v0_1/candidate_catalog.json
COAD	COAD	02_MAPPING	20260919T112700Z_shared_delivery_v1	coad_biochemical_v0.1_shared_view_v1	biochemical_annotation_view	KEGG:C00064	glutamine	SLC38A3	feature_gene_pair	NA	NA	NA	NA	NA	NA	NA	NA	NA	NA	NEEDS_REVIEW	REACTION_ANNOTATION_SUPPORTED_PROVISIONAL	reports/COAD/current_catalog_v0_1/candidate_catalog.json	hsa:10991	-1.18517818312271	1.53194804029879e-05	ORIGINAL_KEGG_NAME_COMPATIBLE	reports/COAD/current_catalog_v0_1/candidate_catalog.json
COAD	COAD	02_MAPPING	20260919T112700Z_shared_delivery_v1	coad_biochemical_v0.1_shared_view_v1	biochemical_annotation_view	KEGG:C00064	glutamine	SLC38A4	feature_gene_pair	NA	NA	NA	NA	NA	NA	NA	NA	NA	NA	NEEDS_REVIEW	REACTION_ANNOTATION_SUPPORTED_PROVISIONAL	reports/COAD/current_catalog_v0_1/candidate_catalog.json	hsa:55089	-1.18517818312271	1.53194804029879e-05	ORIGINAL_KEGG_NAME_COMPATIBLE	reports/COAD/current_catalog_v0_1/candidate_catalog.json
COAD	COAD	02_MAPPING	20260919T112700Z_shared_delivery_v1	coad_biochemical_v0.1_shared_view_v1	biochemical_annotation_view	KEGG:C00064	glutamine	SLC38A6	feature_gene_pair	NA	NA	NA	NA	NA	NA	NA	NA	NA	NA	NEEDS_REVIEW	REACTION_ANNOTATION_SUPPORTED_PROVISIONAL	reports/COAD/current_catalog_v0_1/candidate_catalog.json	hsa:145389	-1.18517818312271	1.53194804029879e-05	ORIGINAL_KEGG_NAME_COMPATIBLE	reports/COAD/current_catalog_v0_1/candidate_catalog.json
COAD	COAD	02_MAPPING	20260919T112700Z_shared_delivery_v1	coad_biochemical_v0.1_shared_view_v1	biochemical_annotation_view	KEGG:C00064	glutamine	SLC38A7	feature_gene_pair	NA	NA	NA	NA	NA	NA	NA	NA	NA	NA	NEEDS_REVIEW	REACTION_ANNOTATION_SUPPORTED_PROVISIONAL	reports/COAD/current_catalog_v0_1/candidate_catalog.json	hsa:55238	-1.18517818312271	1.53194804029879e-05	ORIGINAL_KEGG_NAME_COMPATIBLE	reports/COAD/current_catalog_v0_1/candidate_catalog.json
COAD	COAD	02_MAPPING	20260919T112700Z_shared_delivery_v1	coad_biochemical_v0.1_shared_view_v1	biochemical_annotation_view	KEGG:C00064	glutamine	SLC38A8	feature_gene_pair	NA	NA	NA	NA	NA	NA	NA	NA	NA	NA	NEEDS_REVIEW	REACTION_ANNOTATION_SUPPORTED_PROVISIONAL	reports/COAD/current_catalog_v0_1/candidate_catalog.json	hsa:146167	-1.18517818312271	1.53194804029879e-05	ORIGINAL_KEGG_NAME_COMPATIBLE	reports/COAD/current_catalog_v0_1/candidate_catalog.json
COAD	COAD	02_MAPPING	20260919T112700Z_shared_delivery_v1	coad_biochemical_v0.1_shared_view_v1	biochemical_annotation_view	KEGG:C00064	glutamine	SLC38A9	feature_gene_pair	NA	NA	NA	NA	NA	NA	NA	NA	NA	NA	NEEDS_REVIEW	REACTION_ANNOTATION_SUPPORTED_PROVISIONAL	reports/COAD/current_catalog_v0_1/candidate_catalog.json	hsa:153129	-1.18517818312271	1.53194804029879e-05	ORIGINAL_KEGG_NAME_COMPATIBLE	reports/COAD/current_catalog_v0_1/candidate_catalog.json
COAD	COAD	02_MAPPING	20260919T112700Z_shared_delivery_v1	coad_biochemical_v0.1_shared_view_v1	biochemical_annotation_view	KEGG:C00064	glutamine	SLC6A14	feature_gene_pair	NA	NA	NA	NA	NA	NA	NA	NA	NA	NA	NEEDS_REVIEW	REACTION_ANNOTATION_SUPPORTED_PROVISIONAL	reports/COAD/current_catalog_v0_1/candidate_catalog.json	hsa:11254	-1.18517818312271	1.53194804029879e-05	ORIGINAL_KEGG_NAME_COMPATIBLE	reports/COAD/current_catalog_v0_1/candidate_catalog.json
COAD	COAD	02_MAPPING	20260919T112700Z_shared_delivery_v1	coad_biochemical_v0.1_shared_view_v1	biochemical_annotation_view	KEGG:C00064	glutamine	SLC6A15	feature_gene_pair	NA	NA	NA	NA	NA	NA	NA	NA	NA	NA	NEEDS_REVIEW	REACTION_ANNOTATION_SUPPORTED_PROVISIONAL	reports/COAD/current_catalog_v0_1/candidate_catalog.json	hsa:55117	-1.18517818312271	1.53194804029879e-05	ORIGINAL_KEGG_NAME_COMPATIBLE	reports/COAD/current_catalog_v0_1/candidate_catalog.json
COAD	COAD	02_MAPPING	20260919T112700Z_shared_delivery_v1	coad_biochemical_v0.1_shared_view_v1	biochemical_annotation_view	KEGG:C00064	glutamine	SLC6A17	feature_gene_pair	NA	NA	NA	NA	NA	NA	NA	NA	NA	NA	NEEDS_REVIEW	REACTION_ANNOTATION_SUPPORTED_PROVISIONAL	reports/COAD/current_catalog_v0_1/candidate_catalog.json	hsa:388662	-1.18517818312271	1.53194804029879e-05	ORIGINAL_KEGG_NAME_COMPATIBLE	reports/COAD/current_catalog_v0_1/candidate_catalog.json
COAD	COAD	02_MAPPING	20260919T112700Z_shared_delivery_v1	coad_biochemical_v0.1_shared_view_v1	biochemical_annotation_view	KEGG:C00064	glutamine	SLC6A19	feature_gene_pair	NA	NA	NA	NA	NA	NA	NA	NA	NA	NA	NEEDS_REVIEW	REACTION_ANNOTATION_SUPPORTED_PROVISIONAL	reports/COAD/current_catalog_v0_1/candidate_catalog.json	hsa:340024	-1.18517818312271	1.53194804029879e-05	ORIGINAL_KEGG_NAME_COMPATIBLE	reports/COAD/current_catalog_v0_1/candidate_catalog.json
COAD	COAD	02_MAPPING	20260919T112700Z_shared_delivery_v1	coad_biochemical_v0.1_shared_view_v1	biochemical_annotation_view	KEGG:C00064	glutamine	SLC7A13	feature_gene_pair	NA	NA	NA	NA	NA	NA	NA	NA	NA	NA	NEEDS_REVIEW	REACTION_ANNOTATION_SUPPORTED_PROVISIONAL	reports/COAD/current_catalog_v0_1/candidate_catalog.json	hsa:157724	-1.18517818312271	1.53194804029879e-05	ORIGINAL_KEGG_NAME_COMPATIBLE	reports/COAD/current_catalog_v0_1/candidate_catalog.json
COAD	COAD	02_MAPPING	20260919T112700Z_shared_delivery_v1	coad_biochemical_v0.1_shared_view_v1	biochemical_annotation_view	KEGG:C00064	glutamine	SLC7A5	feature_gene_pair	NA	NA	NA	NA	NA	NA	NA	NA	NA	NA	NEEDS_REVIEW	REACTION_ANNOTATION_SUPPORTED_PROVISIONAL	reports/COAD/current_catalog_v0_1/candidate_catalog.json	hsa:8140	-1.18517818312271	1.53194804029879e-05	ORIGINAL_KEGG_NAME_COMPATIBLE	reports/COAD/current_catalog_v0_1/candidate_catalog.json
COAD	COAD	02_MAPPING	20260919T112700Z_shared_delivery_v1	coad_biochemical_v0.1_shared_view_v1	biochemical_annotation_view	KEGG:C00064	glutamine	SLC7A6	feature_gene_pair	NA	NA	NA	NA	NA	NA	NA	NA	NA	NA	NEEDS_REVIEW	REACTION_ANNOTATION_SUPPORTED_PROVISIONAL	reports/COAD/current_catalog_v0_1/candidate_catalog.json	hsa:9057	-1.18517818312271	1.53194804029879e-05	ORIGINAL_KEGG_NAME_COMPATIBLE	reports/COAD/current_catalog_v0_1/candidate_catalog.json
COAD	COAD	02_MAPPING	20260919T112700Z_shared_delivery_v1	coad_biochemical_v0.1_shared_view_v1	biochemical_annotation_view	KEGG:C00064	glutamine	SLC7A8	feature_gene_pair	NA	NA	NA	NA	NA	NA	NA	NA	NA	NA	NEEDS_REVIEW	REACTION_ANNOTATION_SUPPORTED_PROVISIONAL	reports/COAD/current_catalog_v0_1/candidate_catalog.json	hsa:23428	-1.18517818312271	1.53194804029879e-05	ORIGINAL_KEGG_NAME_COMPATIBLE	reports/COAD/current_catalog_v0_1/candidate_catalog.json
COAD	COAD	02_MAPPING	20260919T112700Z_shared_delivery_v1	coad_biochemical_v0.1_shared_view_v1	biochemical_annotation_view	KEGG:C00051	glutathione, reduced (GSH)	ABCC1	feature_gene_pair	NA	NA	NA	NA	NA	NA	NA	NA	NA	NA	NEEDS_REVIEW	REACTION_ANNOTATION_SUPPORTED_PROVISIONAL	reports/COAD/current_catalog_v0_1/candidate_catalog.json	hsa:4363	0.723546364233653	0.00137962772378558	ORIGINAL_KEGG_NAME_COMPATIBLE	reports/COAD/current_catalog_v0_1/candidate_catalog.json
COAD	COAD	02_MAPPING	20260919T112700Z_shared_delivery_v1	coad_biochemical_v0.1_shared_view_v1	biochemical_annotation_view	KEGG:C00051	glutathione, reduced (GSH)	ABCC4	feature_gene_pair	NA	NA	NA	NA	NA	NA	NA	NA	NA	NA	NEEDS_REVIEW	REACTION_ANNOTATION_SUPPORTED_PROVISIONAL	reports/COAD/current_catalog_v0_1/candidate_catalog.json	hsa:10257	0.723546364233653	0.00137962772378558	ORIGINAL_KEGG_NAME_COMPATIBLE	reports/COAD/current_catalog_v0_1/candidate_catalog.json
COAD	COAD	02_MAPPING	20260919T112700Z_shared_delivery_v1	coad_biochemical_v0.1_shared_view_v1	biochemical_annotation_view	KEGG:C00051	glutathione, reduced (GSH)	CHAC1	feature_gene_pair	NA	NA	NA	NA	NA	NA	NA	NA	NA	NA	NEEDS_REVIEW	REACTION_ANNOTATION_SUPPORTED_PROVISIONAL	reports/COAD/current_catalog_v0_1/candidate_catalog.json	hsa:79094	0.723546364233653	0.00137962772378558	ORIGINAL_KEGG_NAME_COMPATIBLE	reports/COAD/current_catalog_v0_1/candidate_catalog.json
COAD	COAD	02_MAPPING	20260919T112700Z_shared_delivery_v1	coad_biochemical_v0.1_shared_view_v1	biochemical_annotation_view	KEGG:C00051	glutathione, reduced (GSH)	CHAC2	feature_gene_pair	NA	NA	NA	NA	NA	NA	NA	NA	NA	NA	NEEDS_REVIEW	REACTION_ANNOTATION_SUPPORTED_PROVISIONAL	reports/COAD/current_catalog_v0_1/candidate_catalog.json	hsa:494143	0.723546364233653	0.00137962772378558	ORIGINAL_KEGG_NAME_COMPATIBLE	reports/COAD/current_catalog_v0_1/candidate_catalog.json
COAD	COAD	02_MAPPING	20260919T112700Z_shared_delivery_v1	coad_biochemical_v0.1_shared_view_v1	biochemical_annotation_view	KEGG:C00051	glutathione, reduced (GSH)	ESD	feature_gene_pair	NA	NA	NA	NA	NA	NA	NA	NA	NA	NA	NEEDS_REVIEW	REACTION_ANNOTATION_SUPPORTED_PROVISIONAL	reports/COAD/current_catalog_v0_1/candidate_catalog.json	hsa:2098	0.723546364233653	0.00137962772378558	ORIGINAL_KEGG_NAME_COMPATIBLE	reports/COAD/current_catalog_v0_1/candidate_catalog.json
COAD	COAD	02_MAPPING	20260919T112700Z_shared_delivery_v1	coad_biochemical_v0.1_shared_view_v1	biochemical_annotation_view	KEGG:C00051	glutathione, reduced (GSH)	ETHE1	feature_gene_pair	NA	NA	NA	NA	NA	NA	NA	NA	NA	NA	NEEDS_REVIEW	REACTION_ANNOTATION_SUPPORTED_PROVISIONAL	reports/COAD/current_catalog_v0_1/candidate_catalog.json	hsa:23474	0.723546364233653	0.00137962772378558	ORIGINAL_KEGG_NAME_COMPATIBLE	reports/COAD/current_catalog_v0_1/candidate_catalog.json
COAD	COAD	02_MAPPING	20260919T112700Z_shared_delivery_v1	coad_biochemical_v0.1_shared_view_v1	biochemical_annotation_view	KEGG:C00051	glutathione, reduced (GSH)	GGT1	feature_gene_pair	NA	NA	NA	NA	NA	NA	NA	NA	NA	NA	NEEDS_REVIEW	REACTION_ANNOTATION_SUPPORTED_PROVISIONAL	reports/COAD/current_catalog_v0_1/candidate_catalog.json	hsa:2678	0.723546364233653	0.00137962772378558	ORIGINAL_KEGG_NAME_COMPATIBLE	reports/COAD/current_catalog_v0_1/candidate_catalog.json
COAD	COAD	02_MAPPING	20260919T112700Z_shared_delivery_v1	coad_biochemical_v0.1_shared_view_v1	biochemical_annotation_view	KEGG:C00051	glutathione, reduced (GSH)	GGT5	feature_gene_pair	NA	NA	NA	NA	NA	NA	NA	NA	NA	NA	NEEDS_REVIEW	REACTION_ANNOTATION_SUPPORTED_PROVISIONAL	reports/COAD/current_catalog_v0_1/candidate_catalog.json	hsa:2687	0.723546364233653	0.00137962772378558	ORIGINAL_KEGG_NAME_COMPATIBLE	reports/COAD/current_catalog_v0_1/candidate_catalog.json
COAD	COAD	02_MAPPING	20260919T112700Z_shared_delivery_v1	coad_biochemical_v0.1_shared_view_v1	biochemical_annotation_view	KEGG:C00051	glutathione, reduced (GSH)	GGT6	feature_gene_pair	NA	NA	NA	NA	NA	NA	NA	NA	NA	NA	NEEDS_REVIEW	REACTION_ANNOTATION_SUPPORTED_PROVISIONAL	reports/COAD/current_catalog_v0_1/candidate_catalog.json	hsa:124975	0.723546364233653	0.00137962772378558	ORIGINAL_KEGG_NAME_COMPATIBLE	reports/COAD/current_catalog_v0_1/candidate_catalog.json
COAD	COAD	02_MAPPING	20260919T112700Z_shared_delivery_v1	coad_biochemical_v0.1_shared_view_v1	biochemical_annotation_view	KEGG:C00051	glutathione, reduced (GSH)	GGT7	feature_gene_pair	NA	NA	NA	NA	NA	NA	NA	NA	NA	NA	NEEDS_REVIEW	REACTION_ANNOTATION_SUPPORTED_PROVISIONAL	reports/COAD/current_catalog_v0_1/candidate_catalog.json	hsa:2686	0.723546364233653	0.00137962772378558	ORIGINAL_KEGG_NAME_COMPATIBLE	reports/COAD/current_catalog_v0_1/candidate_catalog.json
COAD	COAD	02_MAPPING	20260919T112700Z_shared_delivery_v1	coad_biochemical_v0.1_shared_view_v1	biochemical_annotation_view	KEGG:C00051	glutathione, reduced (GSH)	GLO1	feature_gene_pair	NA	NA	NA	NA	NA	NA	NA	NA	NA	NA	NEEDS_REVIEW	REACTION_ANNOTATION_SUPPORTED_PROVISIONAL	reports/COAD/current_catalog_v0_1/candidate_catalog.json	hsa:2739	0.723546364233653	0.00137962772378558	ORIGINAL_KEGG_NAME_COMPATIBLE	reports/COAD/current_catalog_v0_1/candidate_catalog.json
COAD	COAD	02_MAPPING	20260919T112700Z_shared_delivery_v1	coad_biochemical_v0.1_shared_view_v1	biochemical_annotation_view	KEGG:C00051	glutathione, reduced (GSH)	GPX1	feature_gene_pair	NA	NA	NA	NA	NA	NA	NA	NA	NA	NA	NEEDS_REVIEW	REACTION_ANNOTATION_SUPPORTED_PROVISIONAL	reports/COAD/current_catalog_v0_1/candidate_catalog.json	hsa:2876	0.723546364233653	0.00137962772378558	ORIGINAL_KEGG_NAME_COMPATIBLE	reports/COAD/current_catalog_v0_1/candidate_catalog.json
COAD	COAD	02_MAPPING	20260919T112700Z_shared_delivery_v1	coad_biochemical_v0.1_shared_view_v1	biochemical_annotation_view	KEGG:C00051	glutathione, reduced (GSH)	GPX2	feature_gene_pair	NA	NA	NA	NA	NA	NA	NA	NA	NA	NA	NEEDS_REVIEW	REACTION_ANNOTATION_SUPPORTED_PROVISIONAL	reports/COAD/current_catalog_v0_1/candidate_catalog.json	hsa:2877	0.723546364233653	0.00137962772378558	ORIGINAL_KEGG_NAME_COMPATIBLE	reports/COAD/current_catalog_v0_1/candidate_catalog.json
COAD	COAD	02_MAPPING	20260919T112700Z_shared_delivery_v1	coad_biochemical_v0.1_shared_view_v1	biochemical_annotation_view	KEGG:C00051	glutathione, reduced (GSH)	GPX3	feature_gene_pair	NA	NA	NA	NA	NA	NA	NA	NA	NA	NA	NEEDS_REVIEW	REACTION_ANNOTATION_SUPPORTED_PROVISIONAL	reports/COAD/current_catalog_v0_1/candidate_catalog.json	hsa:2878	0.723546364233653	0.00137962772378558	ORIGINAL_KEGG_NAME_COMPATIBLE	reports/COAD/current_catalog_v0_1/candidate_catalog.json
COAD	COAD	02_MAPPING	20260919T112700Z_shared_delivery_v1	coad_biochemical_v0.1_shared_view_v1	biochemical_annotation_view	KEGG:C00051	glutathione, reduced (GSH)	GPX4	feature_gene_pair	NA	NA	NA	NA	NA	NA	NA	NA	NA	NA	NEEDS_REVIEW	REACTION_ANNOTATION_SUPPORTED_PROVISIONAL	reports/COAD/current_catalog_v0_1/candidate_catalog.json	hsa:2879	0.723546364233653	0.00137962772378558	ORIGINAL_KEGG_NAME_COMPATIBLE	reports/COAD/current_catalog_v0_1/candidate_catalog.json
COAD	COAD	02_MAPPING	20260919T112700Z_shared_delivery_v1	coad_biochemical_v0.1_shared_view_v1	biochemical_annotation_view	KEGG:C00051	glutathione, reduced (GSH)	GPX5	feature_gene_pair	NA	NA	NA	NA	NA	NA	NA	NA	NA	NA	NEEDS_REVIEW	REACTION_ANNOTATION_SUPPORTED_PROVISIONAL	reports/COAD/current_catalog_v0_1/candidate_catalog.json	hsa:2880	0.723546364233653	0.00137962772378558	ORIGINAL_KEGG_NAME_COMPATIBLE	reports/COAD/current_catalog_v0_1/candidate_catalog.json
COAD	COAD	02_MAPPING	20260919T112700Z_shared_delivery_v1	coad_biochemical_v0.1_shared_view_v1	biochemical_annotation_view	KEGG:C00051	glutathione, reduced (GSH)	GPX6	feature_gene_pair	NA	NA	NA	NA	NA	NA	NA	NA	NA	NA	NEEDS_REVIEW	REACTION_ANNOTATION_SUPPORTED_PROVISIONAL	reports/COAD/current_catalog_v0_1/candidate_catalog.json	hsa:257202	0.723546364233653	0.00137962772378558	ORIGINAL_KEGG_NAME_COMPATIBLE	reports/COAD/current_catalog_v0_1/candidate_catalog.json
COAD	COAD	02_MAPPING	20260919T112700Z_shared_delivery_v1	coad_biochemical_v0.1_shared_view_v1	biochemical_annotation_view	KEGG:C00051	glutathione, reduced (GSH)	GPX7	feature_gene_pair	NA	NA	NA	NA	NA	NA	NA	NA	NA	NA	NEEDS_REVIEW	REACTION_SPECIFICITY_PENDING	reports/COAD/current_catalog_v0_1/candidate_catalog.json	hsa:2882	0.723546364233653	0.00137962772378558	ORIGINAL_KEGG_NAME_COMPATIBLE	reports/COAD/current_catalog_v0_1/candidate_catalog.json
COAD	COAD	02_MAPPING	20260919T112700Z_shared_delivery_v1	coad_biochemical_v0.1_shared_view_v1	biochemical_annotation_view	KEGG:C00051	glutathione, reduced (GSH)	GPX8	feature_gene_pair	NA	NA	NA	NA	NA	NA	NA	NA	NA	NA	NEEDS_REVIEW	REACTION_SPECIFICITY_PENDING	reports/COAD/current_catalog_v0_1/candidate_catalog.json	hsa:493869	0.723546364233653	0.00137962772378558	ORIGINAL_KEGG_NAME_COMPATIBLE	reports/COAD/current_catalog_v0_1/candidate_catalog.json
COAD	COAD	02_MAPPING	20260919T112700Z_shared_delivery_v1	coad_biochemical_v0.1_shared_view_v1	biochemical_annotation_view	KEGG:C00051	glutathione, reduced (GSH)	GSR	feature_gene_pair	NA	NA	NA	NA	NA	NA	NA	NA	NA	NA	NEEDS_REVIEW	REACTION_ANNOTATION_SUPPORTED_PROVISIONAL	reports/COAD/current_catalog_v0_1/candidate_catalog.json	hsa:2936	0.723546364233653	0.00137962772378558	ORIGINAL_KEGG_NAME_COMPATIBLE	reports/COAD/current_catalog_v0_1/candidate_catalog.json
COAD	COAD	02_MAPPING	20260919T112700Z_shared_delivery_v1	coad_biochemical_v0.1_shared_view_v1	biochemical_annotation_view	KEGG:C00051	glutathione, reduced (GSH)	GSS	feature_gene_pair	NA	NA	NA	NA	NA	NA	NA	NA	NA	NA	NEEDS_REVIEW	REACTION_ANNOTATION_SUPPORTED_PROVISIONAL	reports/COAD/current_catalog_v0_1/candidate_catalog.json	hsa:2937	0.723546364233653	0.00137962772378558	ORIGINAL_KEGG_NAME_COMPATIBLE	reports/COAD/current_catalog_v0_1/candidate_catalog.json
COAD	COAD	02_MAPPING	20260919T112700Z_shared_delivery_v1	coad_biochemical_v0.1_shared_view_v1	biochemical_annotation_view	KEGG:C00051	glutathione, reduced (GSH)	GSTA1	feature_gene_pair	NA	NA	NA	NA	NA	NA	NA	NA	NA	NA	NEEDS_REVIEW	REACTION_ANNOTATION_SUPPORTED_PROVISIONAL	reports/COAD/current_catalog_v0_1/candidate_catalog.json	hsa:2938	0.723546364233653	0.00137962772378558	ORIGINAL_KEGG_NAME_COMPATIBLE	reports/COAD/current_catalog_v0_1/candidate_catalog.json
COAD	COAD	02_MAPPING	20260919T112700Z_shared_delivery_v1	coad_biochemical_v0.1_shared_view_v1	biochemical_annotation_view	KEGG:C00051	glutathione, reduced (GSH)	GSTA2	feature_gene_pair	NA	NA	NA	NA	NA	NA	NA	NA	NA	NA	NEEDS_REVIEW	REACTION_ANNOTATION_SUPPORTED_PROVISIONAL	reports/COAD/current_catalog_v0_1/candidate_catalog.json	hsa:2939	0.723546364233653	0.00137962772378558	ORIGINAL_KEGG_NAME_COMPATIBLE	reports/COAD/current_catalog_v0_1/candidate_catalog.json
COAD	COAD	02_MAPPING	20260919T112700Z_shared_delivery_v1	coad_biochemical_v0.1_shared_view_v1	biochemical_annotation_view	KEGG:C00051	glutathione, reduced (GSH)	GSTA3	feature_gene_pair	NA	NA	NA	NA	NA	NA	NA	NA	NA	NA	NEEDS_REVIEW	REACTION_ANNOTATION_SUPPORTED_PROVISIONAL	reports/COAD/current_catalog_v0_1/candidate_catalog.json	hsa:2940	0.723546364233653	0.00137962772378558	ORIGINAL_KEGG_NAME_COMPATIBLE	reports/COAD/current_catalog_v0_1/candidate_catalog.json
COAD	COAD	02_MAPPING	20260919T112700Z_shared_delivery_v1	coad_biochemical_v0.1_shared_view_v1	biochemical_annotation_view	KEGG:C00051	glutathione, reduced (GSH)	GSTA4	feature_gene_pair	NA	NA	NA	NA	NA	NA	NA	NA	NA	NA	NEEDS_REVIEW	REACTION_ANNOTATION_SUPPORTED_PROVISIONAL	reports/COAD/current_catalog_v0_1/candidate_catalog.json	hsa:2941	0.723546364233653	0.00137962772378558	ORIGINAL_KEGG_NAME_COMPATIBLE	reports/COAD/current_catalog_v0_1/candidate_catalog.json
COAD	COAD	02_MAPPING	20260919T112700Z_shared_delivery_v1	coad_biochemical_v0.1_shared_view_v1	biochemical_annotation_view	KEGG:C00051	glutathione, reduced (GSH)	GSTA5	feature_gene_pair	NA	NA	NA	NA	NA	NA	NA	NA	NA	NA	NEEDS_REVIEW	REACTION_ANNOTATION_SUPPORTED_PROVISIONAL	reports/COAD/current_catalog_v0_1/candidate_catalog.json	hsa:221357	0.723546364233653	0.00137962772378558	ORIGINAL_KEGG_NAME_COMPATIBLE	reports/COAD/current_catalog_v0_1/candidate_catalog.json
COAD	COAD	02_MAPPING	20260919T112700Z_shared_delivery_v1	coad_biochemical_v0.1_shared_view_v1	biochemical_annotation_view	KEGG:C00051	glutathione, reduced (GSH)	GSTK1	feature_gene_pair	NA	NA	NA	NA	NA	NA	NA	NA	NA	NA	NEEDS_REVIEW	REACTION_ANNOTATION_SUPPORTED_PROVISIONAL	reports/COAD/current_catalog_v0_1/candidate_catalog.json	hsa:373156	0.723546364233653	0.00137962772378558	ORIGINAL_KEGG_NAME_COMPATIBLE	reports/COAD/current_catalog_v0_1/candidate_catalog.json
COAD	COAD	02_MAPPING	20260919T112700Z_shared_delivery_v1	coad_biochemical_v0.1_shared_view_v1	biochemical_annotation_view	KEGG:C00051	glutathione, reduced (GSH)	GSTM1	feature_gene_pair	NA	NA	NA	NA	NA	NA	NA	NA	NA	NA	NEEDS_REVIEW	REACTION_ANNOTATION_SUPPORTED_PROVISIONAL	reports/COAD/current_catalog_v0_1/candidate_catalog.json	hsa:2944	0.723546364233653	0.00137962772378558	ORIGINAL_KEGG_NAME_COMPATIBLE	reports/COAD/current_catalog_v0_1/candidate_catalog.json
COAD	COAD	02_MAPPING	20260919T112700Z_shared_delivery_v1	coad_biochemical_v0.1_shared_view_v1	biochemical_annotation_view	KEGG:C00051	glutathione, reduced (GSH)	GSTM2	feature_gene_pair	NA	NA	NA	NA	NA	NA	NA	NA	NA	NA	NEEDS_REVIEW	REACTION_ANNOTATION_SUPPORTED_PROVISIONAL	reports/COAD/current_catalog_v0_1/candidate_catalog.json	hsa:2946	0.723546364233653	0.00137962772378558	ORIGINAL_KEGG_NAME_COMPATIBLE	reports/COAD/current_catalog_v0_1/candidate_catalog.json
COAD	COAD	02_MAPPING	20260919T112700Z_shared_delivery_v1	coad_biochemical_v0.1_shared_view_v1	biochemical_annotation_view	KEGG:C00051	glutathione, reduced (GSH)	GSTM3	feature_gene_pair	NA	NA	NA	NA	NA	NA	NA	NA	NA	NA	NEEDS_REVIEW	REACTION_ANNOTATION_SUPPORTED_PROVISIONAL	reports/COAD/current_catalog_v0_1/candidate_catalog.json	hsa:2947	0.723546364233653	0.00137962772378558	ORIGINAL_KEGG_NAME_COMPATIBLE	reports/COAD/current_catalog_v0_1/candidate_catalog.json
COAD	COAD	02_MAPPING	20260919T112700Z_shared_delivery_v1	coad_biochemical_v0.1_shared_view_v1	biochemical_annotation_view	KEGG:C00051	glutathione, reduced (GSH)	GSTM4	feature_gene_pair	NA	NA	NA	NA	NA	NA	NA	NA	NA	NA	NEEDS_REVIEW	REACTION_ANNOTATION_SUPPORTED_PROVISIONAL	reports/COAD/current_catalog_v0_1/candidate_catalog.json	hsa:2948	0.723546364233653	0.00137962772378558	ORIGINAL_KEGG_NAME_COMPATIBLE	reports/COAD/current_catalog_v0_1/candidate_catalog.json
COAD	COAD	02_MAPPING	20260919T112700Z_shared_delivery_v1	coad_biochemical_v0.1_shared_view_v1	biochemical_annotation_view	KEGG:C00051	glutathione, reduced (GSH)	GSTM5	feature_gene_pair	NA	NA	NA	NA	NA	NA	NA	NA	NA	NA	NEEDS_REVIEW	REACTION_ANNOTATION_SUPPORTED_PROVISIONAL	reports/COAD/current_catalog_v0_1/candidate_catalog.json	hsa:2949	0.723546364233653	0.00137962772378558	ORIGINAL_KEGG_NAME_COMPATIBLE	reports/COAD/current_catalog_v0_1/candidate_catalog.json
COAD	COAD	02_MAPPING	20260919T112700Z_shared_delivery_v1	coad_biochemical_v0.1_shared_view_v1	biochemical_annotation_view	KEGG:C00051	glutathione, reduced (GSH)	GSTO1	feature_gene_pair	NA	NA	NA	NA	NA	NA	NA	NA	NA	NA	NEEDS_REVIEW	REACTION_ANNOTATION_SUPPORTED_PROVISIONAL	reports/COAD/current_catalog_v0_1/candidate_catalog.json	hsa:9446	0.723546364233653	0.00137962772378558	ORIGINAL_KEGG_NAME_COMPATIBLE	reports/COAD/current_catalog_v0_1/candidate_catalog.json
COAD	COAD	02_MAPPING	20260919T112700Z_shared_delivery_v1	coad_biochemical_v0.1_shared_view_v1	biochemical_annotation_view	KEGG:C00051	glutathione, reduced (GSH)	GSTO2	feature_gene_pair	NA	NA	NA	NA	NA	NA	NA	NA	NA	NA	NEEDS_REVIEW	REACTION_ANNOTATION_SUPPORTED_PROVISIONAL	reports/COAD/current_catalog_v0_1/candidate_catalog.json	hsa:119391	0.723546364233653	0.00137962772378558	ORIGINAL_KEGG_NAME_COMPATIBLE	reports/COAD/current_catalog_v0_1/candidate_catalog.json
COAD	COAD	02_MAPPING	20260919T112700Z_shared_delivery_v1	coad_biochemical_v0.1_shared_view_v1	biochemical_annotation_view	KEGG:C00051	glutathione, reduced (GSH)	GSTP1	feature_gene_pair	NA	NA	NA	NA	NA	NA	NA	NA	NA	NA	NEEDS_REVIEW	REACTION_ANNOTATION_SUPPORTED_PROVISIONAL	reports/COAD/current_catalog_v0_1/candidate_catalog.json	hsa:2950	0.723546364233653	0.00137962772378558	ORIGINAL_KEGG_NAME_COMPATIBLE	reports/COAD/current_catalog_v0_1/candidate_catalog.json
COAD	COAD	02_MAPPING	20260919T112700Z_shared_delivery_v1	coad_biochemical_v0.1_shared_view_v1	biochemical_annotation_view	KEGG:C00051	glutathione, reduced (GSH)	GSTT1	feature_gene_pair	NA	NA	NA	NA	NA	NA	NA	NA	NA	NA	NEEDS_REVIEW	REACTION_ANNOTATION_SUPPORTED_PROVISIONAL	reports/COAD/current_catalog_v0_1/candidate_catalog.json	hsa:2952	0.723546364233653	0.00137962772378558	ORIGINAL_KEGG_NAME_COMPATIBLE	reports/COAD/current_catalog_v0_1/candidate_catalog.json
COAD	COAD	02_MAPPING	20260919T112700Z_shared_delivery_v1	coad_biochemical_v0.1_shared_view_v1	biochemical_annotation_view	KEGG:C00051	glutathione, reduced (GSH)	GSTT2	feature_gene_pair	NA	NA	NA	NA	NA	NA	NA	NA	NA	NA	NEEDS_REVIEW	REACTION_ANNOTATION_SUPPORTED_PROVISIONAL	reports/COAD/current_catalog_v0_1/candidate_catalog.json	hsa:2953	0.723546364233653	0.00137962772378558	ORIGINAL_KEGG_NAME_COMPATIBLE	reports/COAD/current_catalog_v0_1/candidate_catalog.json
COAD	COAD	02_MAPPING	20260919T112700Z_shared_delivery_v1	coad_biochemical_v0.1_shared_view_v1	biochemical_annotation_view	KEGG:C00051	glutathione, reduced (GSH)	GSTT2B	feature_gene_pair	NA	NA	NA	NA	NA	NA	NA	NA	NA	NA	NEEDS_REVIEW	REACTION_ANNOTATION_SUPPORTED_PROVISIONAL	reports/COAD/current_catalog_v0_1/candidate_catalog.json	hsa:653689	0.723546364233653	0.00137962772378558	ORIGINAL_KEGG_NAME_COMPATIBLE	reports/COAD/current_catalog_v0_1/candidate_catalog.json
COAD	COAD	02_MAPPING	20260919T112700Z_shared_delivery_v1	coad_biochemical_v0.1_shared_view_v1	biochemical_annotation_view	KEGG:C00051	glutathione, reduced (GSH)	GSTT4	feature_gene_pair	NA	NA	NA	NA	NA	NA	NA	NA	NA	NA	NEEDS_REVIEW	REACTION_ANNOTATION_SUPPORTED_PROVISIONAL	reports/COAD/current_catalog_v0_1/candidate_catalog.json	hsa:25774	0.723546364233653	0.00137962772378558	ORIGINAL_KEGG_NAME_COMPATIBLE	reports/COAD/current_catalog_v0_1/candidate_catalog.json
COAD	COAD	02_MAPPING	20260919T112700Z_shared_delivery_v1	coad_biochemical_v0.1_shared_view_v1	biochemical_annotation_view	KEGG:C00051	glutathione, reduced (GSH)	HAGH	feature_gene_pair	NA	NA	NA	NA	NA	NA	NA	NA	NA	NA	NEEDS_REVIEW	REACTION_ANNOTATION_SUPPORTED_PROVISIONAL	reports/COAD/current_catalog_v0_1/candidate_catalog.json	hsa:3029	0.723546364233653	0.00137962772378558	ORIGINAL_KEGG_NAME_COMPATIBLE	reports/COAD/current_catalog_v0_1/candidate_catalog.json
COAD	COAD	02_MAPPING	20260919T112700Z_shared_delivery_v1	coad_biochemical_v0.1_shared_view_v1	biochemical_annotation_view	KEGG:C00051	glutathione, reduced (GSH)	HPGDS	feature_gene_pair	NA	NA	NA	NA	NA	NA	NA	NA	NA	NA	NEEDS_REVIEW	REACTION_ANNOTATION_SUPPORTED_PROVISIONAL	reports/COAD/current_catalog_v0_1/candidate_catalog.json	hsa:27306	0.723546364233653	0.00137962772378558	ORIGINAL_KEGG_NAME_COMPATIBLE	reports/COAD/current_catalog_v0_1/candidate_catalog.json
COAD	COAD	02_MAPPING	20260919T112700Z_shared_delivery_v1	coad_biochemical_v0.1_shared_view_v1	biochemical_annotation_view	KEGG:C00051	glutathione, reduced (GSH)	LANCL1	feature_gene_pair	NA	NA	NA	NA	NA	NA	NA	NA	NA	NA	NEEDS_REVIEW	REACTION_ANNOTATION_SUPPORTED_PROVISIONAL	reports/COAD/current_catalog_v0_1/candidate_catalog.json	hsa:10314	0.723546364233653	0.00137962772378558	ORIGINAL_KEGG_NAME_COMPATIBLE	reports/COAD/current_catalog_v0_1/candidate_catalog.json
COAD	COAD	02_MAPPING	20260919T112700Z_shared_delivery_v1	coad_biochemical_v0.1_shared_view_v1	biochemical_annotation_view	KEGG:C00051	glutathione, reduced (GSH)	LTC4S	feature_gene_pair	NA	NA	NA	NA	NA	NA	NA	NA	NA	NA	NEEDS_REVIEW	REACTION_ANNOTATION_SUPPORTED_PROVISIONAL	reports/COAD/current_catalog_v0_1/candidate_catalog.json	hsa:4056	0.723546364233653	0.00137962772378558	ORIGINAL_KEGG_NAME_COMPATIBLE	reports/COAD/current_catalog_v0_1/candidate_catalog.json
COAD	COAD	02_MAPPING	20260919T112700Z_shared_delivery_v1	coad_biochemical_v0.1_shared_view_v1	biochemical_annotation_view	KEGG:C00051	glutathione, reduced (GSH)	MGST1	feature_gene_pair	NA	NA	NA	NA	NA	NA	NA	NA	NA	NA	NEEDS_REVIEW	REACTION_ANNOTATION_SUPPORTED_PROVISIONAL	reports/COAD/current_catalog_v0_1/candidate_catalog.json	hsa:4257	0.723546364233653	0.00137962772378558	ORIGINAL_KEGG_NAME_COMPATIBLE	reports/COAD/current_catalog_v0_1/candidate_catalog.json
COAD	COAD	02_MAPPING	20260919T112700Z_shared_delivery_v1	coad_biochemical_v0.1_shared_view_v1	biochemical_annotation_view	KEGG:C00051	glutathione, reduced (GSH)	MGST2	feature_gene_pair	NA	NA	NA	NA	NA	NA	NA	NA	NA	NA	NEEDS_REVIEW	REACTION_ANNOTATION_SUPPORTED_PROVISIONAL	reports/COAD/current_catalog_v0_1/candidate_catalog.json	hsa:4258	0.723546364233653	0.00137962772378558	ORIGINAL_KEGG_NAME_COMPATIBLE	reports/COAD/current_catalog_v0_1/candidate_catalog.json
COAD	COAD	02_MAPPING	20260919T112700Z_shared_delivery_v1	coad_biochemical_v0.1_shared_view_v1	biochemical_annotation_view	KEGG:C00051	glutathione, reduced (GSH)	MGST3	feature_gene_pair	NA	NA	NA	NA	NA	NA	NA	NA	NA	NA	NEEDS_REVIEW	REACTION_SPECIFICITY_PENDING	reports/COAD/current_catalog_v0_1/candidate_catalog.json	hsa:4259	0.723546364233653	0.00137962772378558	ORIGINAL_KEGG_NAME_COMPATIBLE	reports/COAD/current_catalog_v0_1/candidate_catalog.json
COAD	COAD	02_MAPPING	20260919T112700Z_shared_delivery_v1	coad_biochemical_v0.1_shared_view_v1	biochemical_annotation_view	KEGG:C00051	glutathione, reduced (GSH)	NA	feature_gene_pair	NA	NA	NA	NA	NA	NA	NA	NA	NA	NA	NOT_EVALUABLE	UNIPROT_RECORD_NOT_EVALUABLE	reports/COAD/current_catalog_v0_1/candidate_catalog.json	hsa:102724197	0.723546364233653	0.00137962772378558	ORIGINAL_KEGG_NAME_COMPATIBLE	reports/COAD/current_catalog_v0_1/candidate_catalog.json
COAD	COAD	02_MAPPING	20260919T112700Z_shared_delivery_v1	coad_biochemical_v0.1_shared_view_v1	biochemical_annotation_view	KEGG:C00051	glutathione, reduced (GSH)	PRDX6	feature_gene_pair	NA	NA	NA	NA	NA	NA	NA	NA	NA	NA	NEEDS_REVIEW	REACTION_SPECIFICITY_PENDING	reports/COAD/current_catalog_v0_1/candidate_catalog.json	hsa:9588	0.723546364233653	0.00137962772378558	ORIGINAL_KEGG_NAME_COMPATIBLE	reports/COAD/current_catalog_v0_1/candidate_catalog.json
COAD	COAD	02_MAPPING	20260919T112700Z_shared_delivery_v1	coad_biochemical_v0.1_shared_view_v1	biochemical_annotation_view	KEGG:C00051	glutathione, reduced (GSH)	SLC25A39	feature_gene_pair	NA	NA	NA	NA	NA	NA	NA	NA	NA	NA	NEEDS_REVIEW	REACTION_ANNOTATION_SUPPORTED_PROVISIONAL	reports/COAD/current_catalog_v0_1/candidate_catalog.json	hsa:51629	0.723546364233653	0.00137962772378558	ORIGINAL_KEGG_NAME_COMPATIBLE	reports/COAD/current_catalog_v0_1/candidate_catalog.json
COAD	COAD	02_MAPPING	20260919T112700Z_shared_delivery_v1	coad_biochemical_v0.1_shared_view_v1	biochemical_annotation_view	KEGG:C00051	glutathione, reduced (GSH)	SLC25A40	feature_gene_pair	NA	NA	NA	NA	NA	NA	NA	NA	NA	NA	NEEDS_REVIEW	REACTION_ANNOTATION_SUPPORTED_PROVISIONAL	reports/COAD/current_catalog_v0_1/candidate_catalog.json	hsa:55972	0.723546364233653	0.00137962772378558	ORIGINAL_KEGG_NAME_COMPATIBLE	reports/COAD/current_catalog_v0_1/candidate_catalog.json
COAD	COAD	02_MAPPING	20260919T112700Z_shared_delivery_v1	coad_biochemical_v0.1_shared_view_v1	biochemical_annotation_view	KEGG:C00051	glutathione, reduced (GSH)	SQOR	feature_gene_pair	NA	NA	NA	NA	NA	NA	NA	NA	NA	NA	NEEDS_REVIEW	REACTION_ANNOTATION_SUPPORTED_PROVISIONAL	reports/COAD/current_catalog_v0_1/candidate_catalog.json	hsa:58472	0.723546364233653	0.00137962772378558	ORIGINAL_KEGG_NAME_COMPATIBLE	reports/COAD/current_catalog_v0_1/candidate_catalog.json
COAD	COAD	02_MAPPING	20260919T112700Z_shared_delivery_v1	coad_biochemical_v0.1_shared_view_v1	biochemical_annotation_view	KEGG:C00051	glutathione, reduced (GSH)	TXNDC12	feature_gene_pair	NA	NA	NA	NA	NA	NA	NA	NA	NA	NA	NEEDS_REVIEW	REACTION_ANNOTATION_SUPPORTED_PROVISIONAL	reports/COAD/current_catalog_v0_1/candidate_catalog.json	hsa:51060	0.723546364233653	0.00137962772378558	ORIGINAL_KEGG_NAME_COMPATIBLE	reports/COAD/current_catalog_v0_1/candidate_catalog.json
COAD	COAD	02_MAPPING	20260919T112700Z_shared_delivery_v1	coad_biochemical_v0.1_shared_view_v1	biochemical_annotation_view	KEGG:C00670	glycerophosphorylcholine (GPC)	GDPD5	feature_gene_pair	NA	NA	NA	NA	NA	NA	NA	NA	NA	NA	NEEDS_REVIEW	REACTION_ANNOTATION_SUPPORTED_PROVISIONAL	reports/COAD/current_catalog_v0_1/candidate_catalog.json	hsa:81544	-0.671891137099271	0.0113140364356053	ORIGINAL_KEGG_NAME_COMPATIBLE	reports/COAD/current_catalog_v0_1/candidate_catalog.json
COAD	COAD	02_MAPPING	20260919T112700Z_shared_delivery_v1	coad_biochemical_v0.1_shared_view_v1	biochemical_annotation_view	KEGG:C00670	glycerophosphorylcholine (GPC)	GPCPD1	feature_gene_pair	NA	NA	NA	NA	NA	NA	NA	NA	NA	NA	NEEDS_REVIEW	REACTION_ANNOTATION_SUPPORTED_PROVISIONAL	reports/COAD/current_catalog_v0_1/candidate_catalog.json	hsa:56261	-0.671891137099271	0.0113140364356053	ORIGINAL_KEGG_NAME_COMPATIBLE	reports/COAD/current_catalog_v0_1/candidate_catalog.json
COAD	COAD	02_MAPPING	20260919T112700Z_shared_delivery_v1	coad_biochemical_v0.1_shared_view_v1	biochemical_annotation_view	KEGG:C00670	glycerophosphorylcholine (GPC)	LYPLA1	feature_gene_pair	NA	NA	NA	NA	NA	NA	NA	NA	NA	NA	NEEDS_REVIEW	REACTION_SPECIFICITY_PENDING	reports/COAD/current_catalog_v0_1/candidate_catalog.json	hsa:10434	-0.671891137099271	0.0113140364356053	ORIGINAL_KEGG_NAME_COMPATIBLE	reports/COAD/current_catalog_v0_1/candidate_catalog.json
COAD	COAD	02_MAPPING	20260919T112700Z_shared_delivery_v1	coad_biochemical_v0.1_shared_view_v1	biochemical_annotation_view	KEGG:C00670	glycerophosphorylcholine (GPC)	LYPLA2	feature_gene_pair	NA	NA	NA	NA	NA	NA	NA	NA	NA	NA	NEEDS_REVIEW	REACTION_SPECIFICITY_PENDING	reports/COAD/current_catalog_v0_1/candidate_catalog.json	hsa:11313	-0.671891137099271	0.0113140364356053	ORIGINAL_KEGG_NAME_COMPATIBLE	reports/COAD/current_catalog_v0_1/candidate_catalog.json
COAD	COAD	02_MAPPING	20260919T112700Z_shared_delivery_v1	coad_biochemical_v0.1_shared_view_v1	biochemical_annotation_view	KEGG:C00670	glycerophosphorylcholine (GPC)	PLA2G15	feature_gene_pair	NA	NA	NA	NA	NA	NA	NA	NA	NA	NA	NEEDS_REVIEW	REACTION_ANNOTATION_SUPPORTED_PROVISIONAL	reports/COAD/current_catalog_v0_1/candidate_catalog.json	hsa:23659	-0.671891137099271	0.0113140364356053	ORIGINAL_KEGG_NAME_COMPATIBLE	reports/COAD/current_catalog_v0_1/candidate_catalog.json
COAD	COAD	02_MAPPING	20260919T112700Z_shared_delivery_v1	coad_biochemical_v0.1_shared_view_v1	biochemical_annotation_view	KEGG:C00670	glycerophosphorylcholine (GPC)	PLB1	feature_gene_pair	NA	NA	NA	NA	NA	NA	NA	NA	NA	NA	NEEDS_REVIEW	REACTION_ANNOTATION_SUPPORTED_PROVISIONAL	reports/COAD/current_catalog_v0_1/candidate_catalog.json	hsa:151056	-0.671891137099271	0.0113140364356053	ORIGINAL_KEGG_NAME_COMPATIBLE	reports/COAD/current_catalog_v0_1/candidate_catalog.json
COAD	COAD	02_MAPPING	20260919T112700Z_shared_delivery_v1	coad_biochemical_v0.1_shared_view_v1	biochemical_annotation_view	KEGG:C00670	glycerophosphorylcholine (GPC)	PNPLA6	feature_gene_pair	NA	NA	NA	NA	NA	NA	NA	NA	NA	NA	NEEDS_REVIEW	REACTION_ANNOTATION_SUPPORTED_PROVISIONAL	reports/COAD/current_catalog_v0_1/candidate_catalog.json	hsa:10908	-0.671891137099271	0.0113140364356053	ORIGINAL_KEGG_NAME_COMPATIBLE	reports/COAD/current_catalog_v0_1/candidate_catalog.json
COAD	COAD	02_MAPPING	20260919T112700Z_shared_delivery_v1	coad_biochemical_v0.1_shared_view_v1	biochemical_annotation_view	KEGG:C00670	glycerophosphorylcholine (GPC)	PNPLA7	feature_gene_pair	NA	NA	NA	NA	NA	NA	NA	NA	NA	NA	NEEDS_REVIEW	REACTION_ANNOTATION_SUPPORTED_PROVISIONAL	reports/COAD/current_catalog_v0_1/candidate_catalog.json	hsa:375775	-0.671891137099271	0.0113140364356053	ORIGINAL_KEGG_NAME_COMPATIBLE	reports/COAD/current_catalog_v0_1/candidate_catalog.json
COAD	COAD	02_MAPPING	20260919T112700Z_shared_delivery_v1	coad_biochemical_v0.1_shared_view_v1	biochemical_annotation_view	KEGG:C00670	glycerophosphorylcholine (GPC)	TMEM86A	feature_gene_pair	NA	NA	NA	NA	NA	NA	NA	NA	NA	NA	NEEDS_REVIEW	REACTION_ANNOTATION_SUPPORTED_PROVISIONAL	reports/COAD/current_catalog_v0_1/candidate_catalog.json	hsa:144110	-0.671891137099271	0.0113140364356053	ORIGINAL_KEGG_NAME_COMPATIBLE	reports/COAD/current_catalog_v0_1/candidate_catalog.json
COAD	COAD	02_MAPPING	20260919T112700Z_shared_delivery_v1	coad_biochemical_v0.1_shared_view_v1	biochemical_annotation_view	KEGG:C00670	glycerophosphorylcholine (GPC)	TMEM86B	feature_gene_pair	NA	NA	NA	NA	NA	NA	NA	NA	NA	NA	NEEDS_REVIEW	REACTION_ANNOTATION_SUPPORTED_PROVISIONAL	reports/COAD/current_catalog_v0_1/candidate_catalog.json	hsa:255043	-0.671891137099271	0.0113140364356053	ORIGINAL_KEGG_NAME_COMPATIBLE	reports/COAD/current_catalog_v0_1/candidate_catalog.json
COAD	COAD	02_MAPPING	20260919T112700Z_shared_delivery_v1	coad_biochemical_v0.1_shared_view_v1	biochemical_annotation_view	KEGG:C00581	guanidinoacetate	GAMT	feature_gene_pair	NA	NA	NA	NA	NA	NA	NA	NA	NA	NA	NEEDS_REVIEW	REACTION_ANNOTATION_SUPPORTED_PROVISIONAL	reports/COAD/current_catalog_v0_1/candidate_catalog.json	hsa:2593	-0.522523018986262	0.0074791702312904	ORIGINAL_KEGG_NAME_COMPATIBLE	reports/COAD/current_catalog_v0_1/candidate_catalog.json
COAD	COAD	02_MAPPING	20260919T112700Z_shared_delivery_v1	coad_biochemical_v0.1_shared_view_v1	biochemical_annotation_view	KEGG:C00581	guanidinoacetate	GATM	feature_gene_pair	NA	NA	NA	NA	NA	NA	NA	NA	NA	NA	NEEDS_REVIEW	REACTION_ANNOTATION_SUPPORTED_PROVISIONAL	reports/COAD/current_catalog_v0_1/candidate_catalog.json	hsa:2628	-0.522523018986262	0.0074791702312904	ORIGINAL_KEGG_NAME_COMPATIBLE	reports/COAD/current_catalog_v0_1/candidate_catalog.json
COAD	COAD	02_MAPPING	20260919T112700Z_shared_delivery_v1	coad_biochemical_v0.1_shared_view_v1	biochemical_annotation_view	KEGG:C00242	guanine	GDA	feature_gene_pair	NA	NA	NA	NA	NA	NA	NA	NA	NA	NA	NEEDS_REVIEW	REACTION_ANNOTATION_SUPPORTED_PROVISIONAL	reports/COAD/current_catalog_v0_1/candidate_catalog.json	hsa:9615	-0.589713633659115	0.00340110367227365	ORIGINAL_KEGG_NAME_COMPATIBLE	reports/COAD/current_catalog_v0_1/candidate_catalog.json
COAD	COAD	02_MAPPING	20260919T112700Z_shared_delivery_v1	coad_biochemical_v0.1_shared_view_v1	biochemical_annotation_view	KEGG:C00242	guanine	HPRT1	feature_gene_pair	NA	NA	NA	NA	NA	NA	NA	NA	NA	NA	NEEDS_REVIEW	REACTION_ANNOTATION_SUPPORTED_PROVISIONAL	reports/COAD/current_catalog_v0_1/candidate_catalog.json	hsa:3251	-0.589713633659115	0.00340110367227365	ORIGINAL_KEGG_NAME_COMPATIBLE	reports/COAD/current_catalog_v0_1/candidate_catalog.json
COAD	COAD	02_MAPPING	20260919T112700Z_shared_delivery_v1	coad_biochemical_v0.1_shared_view_v1	biochemical_annotation_view	KEGG:C00242	guanine	LACC1	feature_gene_pair	NA	NA	NA	NA	NA	NA	NA	NA	NA	NA	NEEDS_REVIEW	REACTION_ANNOTATION_SUPPORTED_PROVISIONAL	reports/COAD/current_catalog_v0_1/candidate_catalog.json	hsa:144811	-0.589713633659115	0.00340110367227365	ORIGINAL_KEGG_NAME_COMPATIBLE	reports/COAD/current_catalog_v0_1/candidate_catalog.json
COAD	COAD	02_MAPPING	20260919T112700Z_shared_delivery_v1	coad_biochemical_v0.1_shared_view_v1	biochemical_annotation_view	KEGG:C00242	guanine	PNP	feature_gene_pair	NA	NA	NA	NA	NA	NA	NA	NA	NA	NA	NEEDS_REVIEW	REACTION_ANNOTATION_SUPPORTED_PROVISIONAL	reports/COAD/current_catalog_v0_1/candidate_catalog.json	hsa:4860	-0.589713633659115	0.00340110367227365	ORIGINAL_KEGG_NAME_COMPATIBLE	reports/COAD/current_catalog_v0_1/candidate_catalog.json
COAD	COAD	02_MAPPING	20260919T112700Z_shared_delivery_v1	coad_biochemical_v0.1_shared_view_v1	biochemical_annotation_view	KEGG:C00242	guanine	QTRT1	feature_gene_pair	NA	NA	NA	NA	NA	NA	NA	NA	NA	NA	NEEDS_REVIEW	REACTION_ANNOTATION_SUPPORTED_PROVISIONAL	reports/COAD/current_catalog_v0_1/candidate_catalog.json	hsa:81890	-0.589713633659115	0.00340110367227365	ORIGINAL_KEGG_NAME_COMPATIBLE	reports/COAD/current_catalog_v0_1/candidate_catalog.json
COAD	COAD	02_MAPPING	20260919T112700Z_shared_delivery_v1	coad_biochemical_v0.1_shared_view_v1	biochemical_annotation_view	KEGG:C00242	guanine	SLC29A1	feature_gene_pair	NA	NA	NA	NA	NA	NA	NA	NA	NA	NA	NEEDS_REVIEW	REACTION_ANNOTATION_SUPPORTED_PROVISIONAL	reports/COAD/current_catalog_v0_1/candidate_catalog.json	hsa:2030	-0.589713633659115	0.00340110367227365	ORIGINAL_KEGG_NAME_COMPATIBLE	reports/COAD/current_catalog_v0_1/candidate_catalog.json
COAD	COAD	02_MAPPING	20260919T112700Z_shared_delivery_v1	coad_biochemical_v0.1_shared_view_v1	biochemical_annotation_view	KEGG:C00242	guanine	SLC29A2	feature_gene_pair	NA	NA	NA	NA	NA	NA	NA	NA	NA	NA	NEEDS_REVIEW	REACTION_ANNOTATION_SUPPORTED_PROVISIONAL	reports/COAD/current_catalog_v0_1/candidate_catalog.json	hsa:3177	-0.589713633659115	0.00340110367227365	ORIGINAL_KEGG_NAME_COMPATIBLE	reports/COAD/current_catalog_v0_1/candidate_catalog.json
COAD	COAD	02_MAPPING	20260919T112700Z_shared_delivery_v1	coad_biochemical_v0.1_shared_view_v1	biochemical_annotation_view	KEGG:C00242	guanine	SLC29A3	feature_gene_pair	NA	NA	NA	NA	NA	NA	NA	NA	NA	NA	NEEDS_REVIEW	REACTION_ANNOTATION_SUPPORTED_PROVISIONAL	reports/COAD/current_catalog_v0_1/candidate_catalog.json	hsa:55315	-0.589713633659115	0.00340110367227365	ORIGINAL_KEGG_NAME_COMPATIBLE	reports/COAD/current_catalog_v0_1/candidate_catalog.json
COAD	COAD	02_MAPPING	20260919T112700Z_shared_delivery_v1	coad_biochemical_v0.1_shared_view_v1	biochemical_annotation_view	KEGG:C00242	guanine	SLC43A3	feature_gene_pair	NA	NA	NA	NA	NA	NA	NA	NA	NA	NA	NEEDS_REVIEW	REACTION_ANNOTATION_SUPPORTED_PROVISIONAL	reports/COAD/current_catalog_v0_1/candidate_catalog.json	hsa:29015	-0.589713633659115	0.00340110367227365	ORIGINAL_KEGG_NAME_COMPATIBLE	reports/COAD/current_catalog_v0_1/candidate_catalog.json
COAD	COAD	02_MAPPING	20260919T112700Z_shared_delivery_v1	coad_biochemical_v0.1_shared_view_v1	biochemical_annotation_view	KEGG:C00387	guanosine	LACC1	feature_gene_pair	NA	NA	NA	NA	NA	NA	NA	NA	NA	NA	NEEDS_REVIEW	REACTION_ANNOTATION_SUPPORTED_PROVISIONAL	reports/COAD/current_catalog_v0_1/candidate_catalog.json	hsa:144811	-1.10566416561374	7.94549647812405e-05	ORIGINAL_KEGG_NAME_COMPATIBLE	reports/COAD/current_catalog_v0_1/candidate_catalog.json
COAD	COAD	02_MAPPING	20260919T112700Z_shared_delivery_v1	coad_biochemical_v0.1_shared_view_v1	biochemical_annotation_view	KEGG:C00387	guanosine	NT5C	feature_gene_pair	NA	NA	NA	NA	NA	NA	NA	NA	NA	NA	NEEDS_REVIEW	REACTION_SPECIFICITY_PENDING	reports/COAD/current_catalog_v0_1/candidate_catalog.json	hsa:30833	-1.10566416561374	7.94549647812405e-05	ORIGINAL_KEGG_NAME_COMPATIBLE	reports/COAD/current_catalog_v0_1/candidate_catalog.json
COAD	COAD	02_MAPPING	20260919T112700Z_shared_delivery_v1	coad_biochemical_v0.1_shared_view_v1	biochemical_annotation_view	KEGG:C00387	guanosine	NT5C1A	feature_gene_pair	NA	NA	NA	NA	NA	NA	NA	NA	NA	NA	NEEDS_REVIEW	REACTION_SPECIFICITY_PENDING	reports/COAD/current_catalog_v0_1/candidate_catalog.json	hsa:84618	-1.10566416561374	7.94549647812405e-05	ORIGINAL_KEGG_NAME_COMPATIBLE	reports/COAD/current_catalog_v0_1/candidate_catalog.json
COAD	COAD	02_MAPPING	20260919T112700Z_shared_delivery_v1	coad_biochemical_v0.1_shared_view_v1	biochemical_annotation_view	KEGG:C00387	guanosine	NT5C1B	feature_gene_pair	NA	NA	NA	NA	NA	NA	NA	NA	NA	NA	NEEDS_REVIEW	REACTION_SPECIFICITY_PENDING	reports/COAD/current_catalog_v0_1/candidate_catalog.json	hsa:93034	-1.10566416561374	7.94549647812405e-05	ORIGINAL_KEGG_NAME_COMPATIBLE	reports/COAD/current_catalog_v0_1/candidate_catalog.json
COAD	COAD	02_MAPPING	20260919T112700Z_shared_delivery_v1	coad_biochemical_v0.1_shared_view_v1	biochemical_annotation_view	KEGG:C00387	guanosine	NT5C1B-RDH14	feature_gene_pair	NA	NA	NA	NA	NA	NA	NA	NA	NA	NA	NOT_EVALUABLE	UNIPROT_RECORD_NOT_EVALUABLE	reports/COAD/current_catalog_v0_1/candidate_catalog.json	hsa:100526794	-1.10566416561374	7.94549647812405e-05	ORIGINAL_KEGG_NAME_COMPATIBLE	reports/COAD/current_catalog_v0_1/candidate_catalog.json
COAD	COAD	02_MAPPING	20260919T112700Z_shared_delivery_v1	coad_biochemical_v0.1_shared_view_v1	biochemical_annotation_view	KEGG:C00387	guanosine	NT5C2	feature_gene_pair	NA	NA	NA	NA	NA	NA	NA	NA	NA	NA	NEEDS_REVIEW	REACTION_ANNOTATION_SUPPORTED_PROVISIONAL	reports/COAD/current_catalog_v0_1/candidate_catalog.json	hsa:22978	-1.10566416561374	7.94549647812405e-05	ORIGINAL_KEGG_NAME_COMPATIBLE	reports/COAD/current_catalog_v0_1/candidate_catalog.json
COAD	COAD	02_MAPPING	20260919T112700Z_shared_delivery_v1	coad_biochemical_v0.1_shared_view_v1	biochemical_annotation_view	KEGG:C00387	guanosine	NT5DC4	feature_gene_pair	NA	NA	NA	NA	NA	NA	NA	NA	NA	NA	NEEDS_REVIEW	REACTION_SPECIFICITY_PENDING	reports/COAD/current_catalog_v0_1/candidate_catalog.json	hsa:284958	-1.10566416561374	7.94549647812405e-05	ORIGINAL_KEGG_NAME_COMPATIBLE	reports/COAD/current_catalog_v0_1/candidate_catalog.json
COAD	COAD	02_MAPPING	20260919T112700Z_shared_delivery_v1	coad_biochemical_v0.1_shared_view_v1	biochemical_annotation_view	KEGG:C00387	guanosine	NT5E	feature_gene_pair	NA	NA	NA	NA	NA	NA	NA	NA	NA	NA	NEEDS_REVIEW	REACTION_ANNOTATION_SUPPORTED_PROVISIONAL	reports/COAD/current_catalog_v0_1/candidate_catalog.json	hsa:4907	-1.10566416561374	7.94549647812405e-05	ORIGINAL_KEGG_NAME_COMPATIBLE	reports/COAD/current_catalog_v0_1/candidate_catalog.json
COAD	COAD	02_MAPPING	20260919T112700Z_shared_delivery_v1	coad_biochemical_v0.1_shared_view_v1	biochemical_annotation_view	KEGG:C00387	guanosine	NT5M	feature_gene_pair	NA	NA	NA	NA	NA	NA	NA	NA	NA	NA	NEEDS_REVIEW	REACTION_SPECIFICITY_PENDING	reports/COAD/current_catalog_v0_1/candidate_catalog.json	hsa:56953	-1.10566416561374	7.94549647812405e-05	ORIGINAL_KEGG_NAME_COMPATIBLE	reports/COAD/current_catalog_v0_1/candidate_catalog.json
COAD	COAD	02_MAPPING	20260919T112700Z_shared_delivery_v1	coad_biochemical_v0.1_shared_view_v1	biochemical_annotation_view	KEGG:C00387	guanosine	PNP	feature_gene_pair	NA	NA	NA	NA	NA	NA	NA	NA	NA	NA	NEEDS_REVIEW	REACTION_ANNOTATION_SUPPORTED_PROVISIONAL	reports/COAD/current_catalog_v0_1/candidate_catalog.json	hsa:4860	-1.10566416561374	7.94549647812405e-05	ORIGINAL_KEGG_NAME_COMPATIBLE	reports/COAD/current_catalog_v0_1/candidate_catalog.json
COAD	COAD	02_MAPPING	20260919T112700Z_shared_delivery_v1	coad_biochemical_v0.1_shared_view_v1	biochemical_annotation_view	KEGG:C00387	guanosine	SLC22A7	feature_gene_pair	NA	NA	NA	NA	NA	NA	NA	NA	NA	NA	NEEDS_REVIEW	REACTION_ANNOTATION_SUPPORTED_PROVISIONAL	reports/COAD/current_catalog_v0_1/candidate_catalog.json	hsa:10864	-1.10566416561374	7.94549647812405e-05	ORIGINAL_KEGG_NAME_COMPATIBLE	reports/COAD/current_catalog_v0_1/candidate_catalog.json
COAD	COAD	02_MAPPING	20260919T112700Z_shared_delivery_v1	coad_biochemical_v0.1_shared_view_v1	biochemical_annotation_view	KEGG:C00387	guanosine	SLC28A2	feature_gene_pair	NA	NA	NA	NA	NA	NA	NA	NA	NA	NA	NEEDS_REVIEW	REACTION_ANNOTATION_SUPPORTED_PROVISIONAL	reports/COAD/current_catalog_v0_1/candidate_catalog.json	hsa:9153	-1.10566416561374	7.94549647812405e-05	ORIGINAL_KEGG_NAME_COMPATIBLE	reports/COAD/current_catalog_v0_1/candidate_catalog.json
COAD	COAD	02_MAPPING	20260919T112700Z_shared_delivery_v1	coad_biochemical_v0.1_shared_view_v1	biochemical_annotation_view	KEGG:C00387	guanosine	SLC28A3	feature_gene_pair	NA	NA	NA	NA	NA	NA	NA	NA	NA	NA	NEEDS_REVIEW	REACTION_ANNOTATION_SUPPORTED_PROVISIONAL	reports/COAD/current_catalog_v0_1/candidate_catalog.json	hsa:64078	-1.10566416561374	7.94549647812405e-05	ORIGINAL_KEGG_NAME_COMPATIBLE	reports/COAD/current_catalog_v0_1/candidate_catalog.json
COAD	COAD	02_MAPPING	20260919T112700Z_shared_delivery_v1	coad_biochemical_v0.1_shared_view_v1	biochemical_annotation_view	KEGG:C00387	guanosine	SLC29A1	feature_gene_pair	NA	NA	NA	NA	NA	NA	NA	NA	NA	NA	NEEDS_REVIEW	REACTION_ANNOTATION_SUPPORTED_PROVISIONAL	reports/COAD/current_catalog_v0_1/candidate_catalog.json	hsa:2030	-1.10566416561374	7.94549647812405e-05	ORIGINAL_KEGG_NAME_COMPATIBLE	reports/COAD/current_catalog_v0_1/candidate_catalog.json
COAD	COAD	02_MAPPING	20260919T112700Z_shared_delivery_v1	coad_biochemical_v0.1_shared_view_v1	biochemical_annotation_view	KEGG:C00387	guanosine	SLC29A2	feature_gene_pair	NA	NA	NA	NA	NA	NA	NA	NA	NA	NA	NEEDS_REVIEW	REACTION_ANNOTATION_SUPPORTED_PROVISIONAL	reports/COAD/current_catalog_v0_1/candidate_catalog.json	hsa:3177	-1.10566416561374	7.94549647812405e-05	ORIGINAL_KEGG_NAME_COMPATIBLE	reports/COAD/current_catalog_v0_1/candidate_catalog.json
COAD	COAD	02_MAPPING	20260919T112700Z_shared_delivery_v1	coad_biochemical_v0.1_shared_view_v1	biochemical_annotation_view	KEGG:C00387	guanosine	SLC29A3	feature_gene_pair	NA	NA	NA	NA	NA	NA	NA	NA	NA	NA	NEEDS_REVIEW	REACTION_ANNOTATION_SUPPORTED_PROVISIONAL	reports/COAD/current_catalog_v0_1/candidate_catalog.json	hsa:55315	-1.10566416561374	7.94549647812405e-05	ORIGINAL_KEGG_NAME_COMPATIBLE	reports/COAD/current_catalog_v0_1/candidate_catalog.json
COAD	COAD	02_MAPPING	20260919T112700Z_shared_delivery_v1	coad_biochemical_v0.1_shared_view_v1	biochemical_annotation_view	KEGG:C00388	histamine	AOC1	feature_gene_pair	NA	NA	NA	NA	NA	NA	NA	NA	NA	NA	NEEDS_REVIEW	REACTION_ANNOTATION_SUPPORTED_PROVISIONAL	reports/COAD/current_catalog_v0_1/candidate_catalog.json	hsa:26	-1.21651078686213	4.5885636815329e-06	ORIGINAL_KEGG_NAME_COMPATIBLE	reports/COAD/current_catalog_v0_1/candidate_catalog.json
COAD	COAD	02_MAPPING	20260919T112700Z_shared_delivery_v1	coad_biochemical_v0.1_shared_view_v1	biochemical_annotation_view	KEGG:C00388	histamine	HDC	feature_gene_pair	NA	NA	NA	NA	NA	NA	NA	NA	NA	NA	NEEDS_REVIEW	REACTION_ANNOTATION_SUPPORTED_PROVISIONAL	reports/COAD/current_catalog_v0_1/candidate_catalog.json	hsa:3067	-1.21651078686213	4.5885636815329e-06	ORIGINAL_KEGG_NAME_COMPATIBLE	reports/COAD/current_catalog_v0_1/candidate_catalog.json
COAD	COAD	02_MAPPING	20260919T112700Z_shared_delivery_v1	coad_biochemical_v0.1_shared_view_v1	biochemical_annotation_view	KEGG:C00388	histamine	HNMT	feature_gene_pair	NA	NA	NA	NA	NA	NA	NA	NA	NA	NA	NEEDS_REVIEW	REACTION_ANNOTATION_SUPPORTED_PROVISIONAL	reports/COAD/current_catalog_v0_1/candidate_catalog.json	hsa:3176	-1.21651078686213	4.5885636815329e-06	ORIGINAL_KEGG_NAME_COMPATIBLE	reports/COAD/current_catalog_v0_1/candidate_catalog.json
COAD	COAD	02_MAPPING	20260919T112700Z_shared_delivery_v1	coad_biochemical_v0.1_shared_view_v1	biochemical_annotation_view	KEGG:C00388	histamine	SLC18A2	feature_gene_pair	NA	NA	NA	NA	NA	NA	NA	NA	NA	NA	NEEDS_REVIEW	REACTION_ANNOTATION_SUPPORTED_PROVISIONAL	reports/COAD/current_catalog_v0_1/candidate_catalog.json	hsa:6571	-1.21651078686213	4.5885636815329e-06	ORIGINAL_KEGG_NAME_COMPATIBLE	reports/COAD/current_catalog_v0_1/candidate_catalog.json
COAD	COAD	02_MAPPING	20260919T112700Z_shared_delivery_v1	coad_biochemical_v0.1_shared_view_v1	biochemical_annotation_view	KEGG:C00388	histamine	SLC22A1	feature_gene_pair	NA	NA	NA	NA	NA	NA	NA	NA	NA	NA	NEEDS_REVIEW	REACTION_ANNOTATION_SUPPORTED_PROVISIONAL	reports/COAD/current_catalog_v0_1/candidate_catalog.json	hsa:6580	-1.21651078686213	4.5885636815329e-06	ORIGINAL_KEGG_NAME_COMPATIBLE	reports/COAD/current_catalog_v0_1/candidate_catalog.json
COAD	COAD	02_MAPPING	20260919T112700Z_shared_delivery_v1	coad_biochemical_v0.1_shared_view_v1	biochemical_annotation_view	KEGG:C00388	histamine	SLC22A2	feature_gene_pair	NA	NA	NA	NA	NA	NA	NA	NA	NA	NA	NEEDS_REVIEW	REACTION_ANNOTATION_SUPPORTED_PROVISIONAL	reports/COAD/current_catalog_v0_1/candidate_catalog.json	hsa:6582	-1.21651078686213	4.5885636815329e-06	ORIGINAL_KEGG_NAME_COMPATIBLE	reports/COAD/current_catalog_v0_1/candidate_catalog.json
COAD	COAD	02_MAPPING	20260919T112700Z_shared_delivery_v1	coad_biochemical_v0.1_shared_view_v1	biochemical_annotation_view	KEGG:C00388	histamine	SLC22A3	feature_gene_pair	NA	NA	NA	NA	NA	NA	NA	NA	NA	NA	NEEDS_REVIEW	REACTION_ANNOTATION_SUPPORTED_PROVISIONAL	reports/COAD/current_catalog_v0_1/candidate_catalog.json	hsa:6581	-1.21651078686213	4.5885636815329e-06	ORIGINAL_KEGG_NAME_COMPATIBLE	reports/COAD/current_catalog_v0_1/candidate_catalog.json
COAD	COAD	02_MAPPING	20260919T112700Z_shared_delivery_v1	coad_biochemical_v0.1_shared_view_v1	biochemical_annotation_view	KEGG:C00388	histamine	SLC29A4	feature_gene_pair	NA	NA	NA	NA	NA	NA	NA	NA	NA	NA	NEEDS_REVIEW	REACTION_ANNOTATION_SUPPORTED_PROVISIONAL	reports/COAD/current_catalog_v0_1/candidate_catalog.json	hsa:222962	-1.21651078686213	4.5885636815329e-06	ORIGINAL_KEGG_NAME_COMPATIBLE	reports/COAD/current_catalog_v0_1/candidate_catalog.json
COAD	COAD	02_MAPPING	20260919T112700Z_shared_delivery_v1	coad_biochemical_v0.1_shared_view_v1	biochemical_annotation_view	KEGG:C00519	hypotaurine	ADO	feature_gene_pair	NA	NA	NA	NA	NA	NA	NA	NA	NA	NA	NEEDS_REVIEW	REACTION_ANNOTATION_SUPPORTED_PROVISIONAL	reports/COAD/current_catalog_v0_1/candidate_catalog.json	hsa:84890	1.35836816796979	3.7774906946348e-08	ORIGINAL_KEGG_NAME_COMPATIBLE	reports/COAD/current_catalog_v0_1/candidate_catalog.json
COAD	COAD	02_MAPPING	20260919T112700Z_shared_delivery_v1	coad_biochemical_v0.1_shared_view_v1	biochemical_annotation_view	KEGG:C00519	hypotaurine	CSAD	feature_gene_pair	NA	NA	NA	NA	NA	NA	NA	NA	NA	NA	NEEDS_REVIEW	REACTION_ANNOTATION_SUPPORTED_PROVISIONAL	reports/COAD/current_catalog_v0_1/candidate_catalog.json	hsa:51380	1.35836816796979	3.7774906946348e-08	ORIGINAL_KEGG_NAME_COMPATIBLE	reports/COAD/current_catalog_v0_1/candidate_catalog.json
COAD	COAD	02_MAPPING	20260919T112700Z_shared_delivery_v1	coad_biochemical_v0.1_shared_view_v1	biochemical_annotation_view	KEGG:C00519	hypotaurine	FMO1	feature_gene_pair	NA	NA	NA	NA	NA	NA	NA	NA	NA	NA	NEEDS_REVIEW	REACTION_ANNOTATION_SUPPORTED_PROVISIONAL	reports/COAD/current_catalog_v0_1/candidate_catalog.json	hsa:2326	1.35836816796979	3.7774906946348e-08	ORIGINAL_KEGG_NAME_COMPATIBLE	reports/COAD/current_catalog_v0_1/candidate_catalog.json
COAD	COAD	02_MAPPING	20260919T112700Z_shared_delivery_v1	coad_biochemical_v0.1_shared_view_v1	biochemical_annotation_view	KEGG:C00519	hypotaurine	FMO2	feature_gene_pair	NA	NA	NA	NA	NA	NA	NA	NA	NA	NA	NEEDS_REVIEW	REACTION_SPECIFICITY_PENDING	reports/COAD/current_catalog_v0_1/candidate_catalog.json	hsa:2327	1.35836816796979	3.7774906946348e-08	ORIGINAL_KEGG_NAME_COMPATIBLE	reports/COAD/current_catalog_v0_1/candidate_catalog.json
COAD	COAD	02_MAPPING	20260919T112700Z_shared_delivery_v1	coad_biochemical_v0.1_shared_view_v1	biochemical_annotation_view	KEGG:C00519	hypotaurine	FMO3	feature_gene_pair	NA	NA	NA	NA	NA	NA	NA	NA	NA	NA	NEEDS_REVIEW	REACTION_ANNOTATION_SUPPORTED_PROVISIONAL	reports/COAD/current_catalog_v0_1/candidate_catalog.json	hsa:2328	1.35836816796979	3.7774906946348e-08	ORIGINAL_KEGG_NAME_COMPATIBLE	reports/COAD/current_catalog_v0_1/candidate_catalog.json
COAD	COAD	02_MAPPING	20260919T112700Z_shared_delivery_v1	coad_biochemical_v0.1_shared_view_v1	biochemical_annotation_view	KEGG:C00519	hypotaurine	FMO4	feature_gene_pair	NA	NA	NA	NA	NA	NA	NA	NA	NA	NA	NEEDS_REVIEW	REACTION_SPECIFICITY_PENDING	reports/COAD/current_catalog_v0_1/candidate_catalog.json	hsa:2329	1.35836816796979	3.7774906946348e-08	ORIGINAL_KEGG_NAME_COMPATIBLE	reports/COAD/current_catalog_v0_1/candidate_catalog.json
COAD	COAD	02_MAPPING	20260919T112700Z_shared_delivery_v1	coad_biochemical_v0.1_shared_view_v1	biochemical_annotation_view	KEGG:C00519	hypotaurine	FMO5	feature_gene_pair	NA	NA	NA	NA	NA	NA	NA	NA	NA	NA	NEEDS_REVIEW	REACTION_SPECIFICITY_PENDING	reports/COAD/current_catalog_v0_1/candidate_catalog.json	hsa:2330	1.35836816796979	3.7774906946348e-08	ORIGINAL_KEGG_NAME_COMPATIBLE	reports/COAD/current_catalog_v0_1/candidate_catalog.json
COAD	COAD	02_MAPPING	20260919T112700Z_shared_delivery_v1	coad_biochemical_v0.1_shared_view_v1	biochemical_annotation_view	KEGG:C00519	hypotaurine	GAD1	feature_gene_pair	NA	NA	NA	NA	NA	NA	NA	NA	NA	NA	NEEDS_REVIEW	REACTION_SPECIFICITY_PENDING	reports/COAD/current_catalog_v0_1/candidate_catalog.json	hsa:2571	1.35836816796979	3.7774906946348e-08	ORIGINAL_KEGG_NAME_COMPATIBLE	reports/COAD/current_catalog_v0_1/candidate_catalog.json
COAD	COAD	02_MAPPING	20260919T112700Z_shared_delivery_v1	coad_biochemical_v0.1_shared_view_v1	biochemical_annotation_view	KEGG:C00519	hypotaurine	GAD2	feature_gene_pair	NA	NA	NA	NA	NA	NA	NA	NA	NA	NA	NEEDS_REVIEW	REACTION_SPECIFICITY_PENDING	reports/COAD/current_catalog_v0_1/candidate_catalog.json	hsa:2572	1.35836816796979	3.7774906946348e-08	ORIGINAL_KEGG_NAME_COMPATIBLE	reports/COAD/current_catalog_v0_1/candidate_catalog.json
COAD	COAD	02_MAPPING	20260919T112700Z_shared_delivery_v1	coad_biochemical_v0.1_shared_view_v1	biochemical_annotation_view	KEGG:C00519	hypotaurine	GADL1	feature_gene_pair	NA	NA	NA	NA	NA	NA	NA	NA	NA	NA	NEEDS_REVIEW	REACTION_ANNOTATION_SUPPORTED_PROVISIONAL	reports/COAD/current_catalog_v0_1/candidate_catalog.json	hsa:339896	1.35836816796979	3.7774906946348e-08	ORIGINAL_KEGG_NAME_COMPATIBLE	reports/COAD/current_catalog_v0_1/candidate_catalog.json
COAD	COAD	02_MAPPING	20260919T112700Z_shared_delivery_v1	coad_biochemical_v0.1_shared_view_v1	biochemical_annotation_view	KEGG:C00519	hypotaurine	SLC6A1	feature_gene_pair	NA	NA	NA	NA	NA	NA	NA	NA	NA	NA	NEEDS_REVIEW	REACTION_ANNOTATION_SUPPORTED_PROVISIONAL	reports/COAD/current_catalog_v0_1/candidate_catalog.json	hsa:6529	1.35836816796979	3.7774906946348e-08	ORIGINAL_KEGG_NAME_COMPATIBLE	reports/COAD/current_catalog_v0_1/candidate_catalog.json
COAD	COAD	02_MAPPING	20260919T112700Z_shared_delivery_v1	coad_biochemical_v0.1_shared_view_v1	biochemical_annotation_view	KEGG:C00519	hypotaurine	SLC6A11	feature_gene_pair	NA	NA	NA	NA	NA	NA	NA	NA	NA	NA	NEEDS_REVIEW	REACTION_ANNOTATION_SUPPORTED_PROVISIONAL	reports/COAD/current_catalog_v0_1/candidate_catalog.json	hsa:6538	1.35836816796979	3.7774906946348e-08	ORIGINAL_KEGG_NAME_COMPATIBLE	reports/COAD/current_catalog_v0_1/candidate_catalog.json
COAD	COAD	02_MAPPING	20260919T112700Z_shared_delivery_v1	coad_biochemical_v0.1_shared_view_v1	biochemical_annotation_view	KEGG:C00519	hypotaurine	SLC6A13	feature_gene_pair	NA	NA	NA	NA	NA	NA	NA	NA	NA	NA	NEEDS_REVIEW	REACTION_ANNOTATION_SUPPORTED_PROVISIONAL	reports/COAD/current_catalog_v0_1/candidate_catalog.json	hsa:6540	1.35836816796979	3.7774906946348e-08	ORIGINAL_KEGG_NAME_COMPATIBLE	reports/COAD/current_catalog_v0_1/candidate_catalog.json
COAD	COAD	02_MAPPING	20260919T112700Z_shared_delivery_v1	coad_biochemical_v0.1_shared_view_v1	biochemical_annotation_view	KEGG:C00519	hypotaurine	SLC6A6	feature_gene_pair	NA	NA	NA	NA	NA	NA	NA	NA	NA	NA	NEEDS_REVIEW	REACTION_ANNOTATION_SUPPORTED_PROVISIONAL	reports/COAD/current_catalog_v0_1/candidate_catalog.json	hsa:6533	1.35836816796979	3.7774906946348e-08	ORIGINAL_KEGG_NAME_COMPATIBLE	reports/COAD/current_catalog_v0_1/candidate_catalog.json
COAD	COAD	02_MAPPING	20260919T112700Z_shared_delivery_v1	coad_biochemical_v0.1_shared_view_v1	biochemical_annotation_view	KEGG:C00262	hypoxanthine	HPRT1	feature_gene_pair	NA	NA	NA	NA	NA	NA	NA	NA	NA	NA	NEEDS_REVIEW	REACTION_ANNOTATION_SUPPORTED_PROVISIONAL	reports/COAD/current_catalog_v0_1/candidate_catalog.json	hsa:3251	1.13415428000986	7.85844714558742e-05	ORIGINAL_KEGG_NAME_COMPATIBLE	reports/COAD/current_catalog_v0_1/candidate_catalog.json
COAD	COAD	02_MAPPING	20260919T112700Z_shared_delivery_v1	coad_biochemical_v0.1_shared_view_v1	biochemical_annotation_view	KEGG:C00262	hypoxanthine	LACC1	feature_gene_pair	NA	NA	NA	NA	NA	NA	NA	NA	NA	NA	NEEDS_REVIEW	REACTION_ANNOTATION_SUPPORTED_PROVISIONAL	reports/COAD/current_catalog_v0_1/candidate_catalog.json	hsa:144811	1.13415428000986	7.85844714558742e-05	ORIGINAL_KEGG_NAME_COMPATIBLE	reports/COAD/current_catalog_v0_1/candidate_catalog.json
COAD	COAD	02_MAPPING	20260919T112700Z_shared_delivery_v1	coad_biochemical_v0.1_shared_view_v1	biochemical_annotation_view	KEGG:C00262	hypoxanthine	PNP	feature_gene_pair	NA	NA	NA	NA	NA	NA	NA	NA	NA	NA	NEEDS_REVIEW	REACTION_ANNOTATION_SUPPORTED_PROVISIONAL	reports/COAD/current_catalog_v0_1/candidate_catalog.json	hsa:4860	1.13415428000986	7.85844714558742e-05	ORIGINAL_KEGG_NAME_COMPATIBLE	reports/COAD/current_catalog_v0_1/candidate_catalog.json
COAD	COAD	02_MAPPING	20260919T112700Z_shared_delivery_v1	coad_biochemical_v0.1_shared_view_v1	biochemical_annotation_view	KEGG:C00262	hypoxanthine	SLC29A1	feature_gene_pair	NA	NA	NA	NA	NA	NA	NA	NA	NA	NA	NEEDS_REVIEW	REACTION_ANNOTATION_SUPPORTED_PROVISIONAL	reports/COAD/current_catalog_v0_1/candidate_catalog.json	hsa:2030	1.13415428000986	7.85844714558742e-05	ORIGINAL_KEGG_NAME_COMPATIBLE	reports/COAD/current_catalog_v0_1/candidate_catalog.json
COAD	COAD	02_MAPPING	20260919T112700Z_shared_delivery_v1	coad_biochemical_v0.1_shared_view_v1	biochemical_annotation_view	KEGG:C00262	hypoxanthine	SLC29A2	feature_gene_pair	NA	NA	NA	NA	NA	NA	NA	NA	NA	NA	NEEDS_REVIEW	REACTION_ANNOTATION_SUPPORTED_PROVISIONAL	reports/COAD/current_catalog_v0_1/candidate_catalog.json	hsa:3177	1.13415428000986	7.85844714558742e-05	ORIGINAL_KEGG_NAME_COMPATIBLE	reports/COAD/current_catalog_v0_1/candidate_catalog.json
COAD	COAD	02_MAPPING	20260919T112700Z_shared_delivery_v1	coad_biochemical_v0.1_shared_view_v1	biochemical_annotation_view	KEGG:C00262	hypoxanthine	SLC43A3	feature_gene_pair	NA	NA	NA	NA	NA	NA	NA	NA	NA	NA	NEEDS_REVIEW	REACTION_ANNOTATION_SUPPORTED_PROVISIONAL	reports/COAD/current_catalog_v0_1/candidate_catalog.json	hsa:29015	1.13415428000986	7.85844714558742e-05	ORIGINAL_KEGG_NAME_COMPATIBLE	reports/COAD/current_catalog_v0_1/candidate_catalog.json
COAD	COAD	02_MAPPING	20260919T112700Z_shared_delivery_v1	coad_biochemical_v0.1_shared_view_v1	biochemical_annotation_view	KEGG:C00262	hypoxanthine	XDH	feature_gene_pair	NA	NA	NA	NA	NA	NA	NA	NA	NA	NA	NEEDS_REVIEW	REACTION_ANNOTATION_SUPPORTED_PROVISIONAL	reports/COAD/current_catalog_v0_1/candidate_catalog.json	hsa:7498	1.13415428000986	7.85844714558742e-05	ORIGINAL_KEGG_NAME_COMPATIBLE	reports/COAD/current_catalog_v0_1/candidate_catalog.json
COAD	COAD	02_MAPPING	20260919T112700Z_shared_delivery_v1	coad_biochemical_v0.1_shared_view_v1	biochemical_annotation_view	KEGG:C00294	inosine	ADA	feature_gene_pair	NA	NA	NA	NA	NA	NA	NA	NA	NA	NA	NEEDS_REVIEW	REACTION_ANNOTATION_SUPPORTED_PROVISIONAL	reports/COAD/current_catalog_v0_1/candidate_catalog.json	hsa:100	-0.467146949402204	0.00317493716792095	ORIGINAL_KEGG_NAME_COMPATIBLE	reports/COAD/current_catalog_v0_1/candidate_catalog.json
COAD	COAD	02_MAPPING	20260919T112700Z_shared_delivery_v1	coad_biochemical_v0.1_shared_view_v1	biochemical_annotation_view	KEGG:C00294	inosine	ADA2	feature_gene_pair	NA	NA	NA	NA	NA	NA	NA	NA	NA	NA	NEEDS_REVIEW	REACTION_ANNOTATION_SUPPORTED_PROVISIONAL	reports/COAD/current_catalog_v0_1/candidate_catalog.json	hsa:51816	-0.467146949402204	0.00317493716792095	ORIGINAL_KEGG_NAME_COMPATIBLE	reports/COAD/current_catalog_v0_1/candidate_catalog.json
COAD	COAD	02_MAPPING	20260919T112700Z_shared_delivery_v1	coad_biochemical_v0.1_shared_view_v1	biochemical_annotation_view	KEGG:C00294	inosine	LACC1	feature_gene_pair	NA	NA	NA	NA	NA	NA	NA	NA	NA	NA	NEEDS_REVIEW	REACTION_ANNOTATION_SUPPORTED_PROVISIONAL	reports/COAD/current_catalog_v0_1/candidate_catalog.json	hsa:144811	-0.467146949402204	0.00317493716792095	ORIGINAL_KEGG_NAME_COMPATIBLE	reports/COAD/current_catalog_v0_1/candidate_catalog.json
COAD	COAD	02_MAPPING	20260919T112700Z_shared_delivery_v1	coad_biochemical_v0.1_shared_view_v1	biochemical_annotation_view	KEGG:C00294	inosine	NT5C	feature_gene_pair	NA	NA	NA	NA	NA	NA	NA	NA	NA	NA	NEEDS_REVIEW	REACTION_ANNOTATION_SUPPORTED_PROVISIONAL	reports/COAD/current_catalog_v0_1/candidate_catalog.json	hsa:30833	-0.467146949402204	0.00317493716792095	ORIGINAL_KEGG_NAME_COMPATIBLE	reports/COAD/current_catalog_v0_1/candidate_catalog.json
COAD	COAD	02_MAPPING	20260919T112700Z_shared_delivery_v1	coad_biochemical_v0.1_shared_view_v1	biochemical_annotation_view	KEGG:C00294	inosine	NT5C1A	feature_gene_pair	NA	NA	NA	NA	NA	NA	NA	NA	NA	NA	NEEDS_REVIEW	REACTION_ANNOTATION_SUPPORTED_PROVISIONAL	reports/COAD/current_catalog_v0_1/candidate_catalog.json	hsa:84618	-0.467146949402204	0.00317493716792095	ORIGINAL_KEGG_NAME_COMPATIBLE	reports/COAD/current_catalog_v0_1/candidate_catalog.json
COAD	COAD	02_MAPPING	20260919T112700Z_shared_delivery_v1	coad_biochemical_v0.1_shared_view_v1	biochemical_annotation_view	KEGG:C00294	inosine	NT5C1B	feature_gene_pair	NA	NA	NA	NA	NA	NA	NA	NA	NA	NA	NEEDS_REVIEW	REACTION_SPECIFICITY_PENDING	reports/COAD/current_catalog_v0_1/candidate_catalog.json	hsa:93034	-0.467146949402204	0.00317493716792095	ORIGINAL_KEGG_NAME_COMPATIBLE	reports/COAD/current_catalog_v0_1/candidate_catalog.json
COAD	COAD	02_MAPPING	20260919T112700Z_shared_delivery_v1	coad_biochemical_v0.1_shared_view_v1	biochemical_annotation_view	KEGG:C00294	inosine	NT5C1B-RDH14	feature_gene_pair	NA	NA	NA	NA	NA	NA	NA	NA	NA	NA	NOT_EVALUABLE	UNIPROT_RECORD_NOT_EVALUABLE	reports/COAD/current_catalog_v0_1/candidate_catalog.json	hsa:100526794	-0.467146949402204	0.00317493716792095	ORIGINAL_KEGG_NAME_COMPATIBLE	reports/COAD/current_catalog_v0_1/candidate_catalog.json
COAD	COAD	02_MAPPING	20260919T112700Z_shared_delivery_v1	coad_biochemical_v0.1_shared_view_v1	biochemical_annotation_view	KEGG:C00294	inosine	NT5C2	feature_gene_pair	NA	NA	NA	NA	NA	NA	NA	NA	NA	NA	NEEDS_REVIEW	REACTION_ANNOTATION_SUPPORTED_PROVISIONAL	reports/COAD/current_catalog_v0_1/candidate_catalog.json	hsa:22978	-0.467146949402204	0.00317493716792095	ORIGINAL_KEGG_NAME_COMPATIBLE	reports/COAD/current_catalog_v0_1/candidate_catalog.json
COAD	COAD	02_MAPPING	20260919T112700Z_shared_delivery_v1	coad_biochemical_v0.1_shared_view_v1	biochemical_annotation_view	KEGG:C00294	inosine	NT5DC4	feature_gene_pair	NA	NA	NA	NA	NA	NA	NA	NA	NA	NA	NEEDS_REVIEW	REACTION_SPECIFICITY_PENDING	reports/COAD/current_catalog_v0_1/candidate_catalog.json	hsa:284958	-0.467146949402204	0.00317493716792095	ORIGINAL_KEGG_NAME_COMPATIBLE	reports/COAD/current_catalog_v0_1/candidate_catalog.json
COAD	COAD	02_MAPPING	20260919T112700Z_shared_delivery_v1	coad_biochemical_v0.1_shared_view_v1	biochemical_annotation_view	KEGG:C00294	inosine	NT5E	feature_gene_pair	NA	NA	NA	NA	NA	NA	NA	NA	NA	NA	NEEDS_REVIEW	REACTION_ANNOTATION_SUPPORTED_PROVISIONAL	reports/COAD/current_catalog_v0_1/candidate_catalog.json	hsa:4907	-0.467146949402204	0.00317493716792095	ORIGINAL_KEGG_NAME_COMPATIBLE	reports/COAD/current_catalog_v0_1/candidate_catalog.json
COAD	COAD	02_MAPPING	20260919T112700Z_shared_delivery_v1	coad_biochemical_v0.1_shared_view_v1	biochemical_annotation_view	KEGG:C00294	inosine	NT5M	feature_gene_pair	NA	NA	NA	NA	NA	NA	NA	NA	NA	NA	NEEDS_REVIEW	REACTION_SPECIFICITY_PENDING	reports/COAD/current_catalog_v0_1/candidate_catalog.json	hsa:56953	-0.467146949402204	0.00317493716792095	ORIGINAL_KEGG_NAME_COMPATIBLE	reports/COAD/current_catalog_v0_1/candidate_catalog.json
COAD	COAD	02_MAPPING	20260919T112700Z_shared_delivery_v1	coad_biochemical_v0.1_shared_view_v1	biochemical_annotation_view	KEGG:C00294	inosine	PNP	feature_gene_pair	NA	NA	NA	NA	NA	NA	NA	NA	NA	NA	NEEDS_REVIEW	REACTION_ANNOTATION_SUPPORTED_PROVISIONAL	reports/COAD/current_catalog_v0_1/candidate_catalog.json	hsa:4860	-0.467146949402204	0.00317493716792095	ORIGINAL_KEGG_NAME_COMPATIBLE	reports/COAD/current_catalog_v0_1/candidate_catalog.json
COAD	COAD	02_MAPPING	20260919T112700Z_shared_delivery_v1	coad_biochemical_v0.1_shared_view_v1	biochemical_annotation_view	KEGG:C00294	inosine	SLC28A2	feature_gene_pair	NA	NA	NA	NA	NA	NA	NA	NA	NA	NA	NEEDS_REVIEW	REACTION_ANNOTATION_SUPPORTED_PROVISIONAL	reports/COAD/current_catalog_v0_1/candidate_catalog.json	hsa:9153	-0.467146949402204	0.00317493716792095	ORIGINAL_KEGG_NAME_COMPATIBLE	reports/COAD/current_catalog_v0_1/candidate_catalog.json
COAD	COAD	02_MAPPING	20260919T112700Z_shared_delivery_v1	coad_biochemical_v0.1_shared_view_v1	biochemical_annotation_view	KEGG:C00294	inosine	SLC28A3	feature_gene_pair	NA	NA	NA	NA	NA	NA	NA	NA	NA	NA	NEEDS_REVIEW	REACTION_ANNOTATION_SUPPORTED_PROVISIONAL	reports/COAD/current_catalog_v0_1/candidate_catalog.json	hsa:64078	-0.467146949402204	0.00317493716792095	ORIGINAL_KEGG_NAME_COMPATIBLE	reports/COAD/current_catalog_v0_1/candidate_catalog.json
COAD	COAD	02_MAPPING	20260919T112700Z_shared_delivery_v1	coad_biochemical_v0.1_shared_view_v1	biochemical_annotation_view	KEGG:C00294	inosine	SLC29A1	feature_gene_pair	NA	NA	NA	NA	NA	NA	NA	NA	NA	NA	NEEDS_REVIEW	REACTION_ANNOTATION_SUPPORTED_PROVISIONAL	reports/COAD/current_catalog_v0_1/candidate_catalog.json	hsa:2030	-0.467146949402204	0.00317493716792095	ORIGINAL_KEGG_NAME_COMPATIBLE	reports/COAD/current_catalog_v0_1/candidate_catalog.json
COAD	COAD	02_MAPPING	20260919T112700Z_shared_delivery_v1	coad_biochemical_v0.1_shared_view_v1	biochemical_annotation_view	KEGG:C00294	inosine	SLC29A2	feature_gene_pair	NA	NA	NA	NA	NA	NA	NA	NA	NA	NA	NEEDS_REVIEW	REACTION_ANNOTATION_SUPPORTED_PROVISIONAL	reports/COAD/current_catalog_v0_1/candidate_catalog.json	hsa:3177	-0.467146949402204	0.00317493716792095	ORIGINAL_KEGG_NAME_COMPATIBLE	reports/COAD/current_catalog_v0_1/candidate_catalog.json
COAD	COAD	02_MAPPING	20260919T112700Z_shared_delivery_v1	coad_biochemical_v0.1_shared_view_v1	biochemical_annotation_view	KEGG:C00294	inosine	SLC29A3	feature_gene_pair	NA	NA	NA	NA	NA	NA	NA	NA	NA	NA	NEEDS_REVIEW	REACTION_ANNOTATION_SUPPORTED_PROVISIONAL	reports/COAD/current_catalog_v0_1/candidate_catalog.json	hsa:55315	-0.467146949402204	0.00317493716792095	ORIGINAL_KEGG_NAME_COMPATIBLE	reports/COAD/current_catalog_v0_1/candidate_catalog.json
COAD	COAD	02_MAPPING	20260919T112700Z_shared_delivery_v1	coad_biochemical_v0.1_shared_view_v1	biochemical_annotation_view	KEGG:C00130	inosine 5'-monophosphate (IMP)	ADSS1	feature_gene_pair	NA	NA	NA	NA	NA	NA	NA	NA	NA	NA	NEEDS_REVIEW	REACTION_ANNOTATION_SUPPORTED_PROVISIONAL	reports/COAD/current_catalog_v0_1/candidate_catalog.json	hsa:122622	-0.889251406041119	0.00103594092695614	ORIGINAL_KEGG_NAME_COMPATIBLE	reports/COAD/current_catalog_v0_1/candidate_catalog.json
COAD	COAD	02_MAPPING	20260919T112700Z_shared_delivery_v1	coad_biochemical_v0.1_shared_view_v1	biochemical_annotation_view	KEGG:C00130	inosine 5'-monophosphate (IMP)	ADSS2	feature_gene_pair	NA	NA	NA	NA	NA	NA	NA	NA	NA	NA	NEEDS_REVIEW	REACTION_ANNOTATION_SUPPORTED_PROVISIONAL	reports/COAD/current_catalog_v0_1/candidate_catalog.json	hsa:159	-0.889251406041119	0.00103594092695614	ORIGINAL_KEGG_NAME_COMPATIBLE	reports/COAD/current_catalog_v0_1/candidate_catalog.json
COAD	COAD	02_MAPPING	20260919T112700Z_shared_delivery_v1	coad_biochemical_v0.1_shared_view_v1	biochemical_annotation_view	KEGG:C00130	inosine 5'-monophosphate (IMP)	AMPD1	feature_gene_pair	NA	NA	NA	NA	NA	NA	NA	NA	NA	NA	NEEDS_REVIEW	REACTION_ANNOTATION_SUPPORTED_PROVISIONAL	reports/COAD/current_catalog_v0_1/candidate_catalog.json	hsa:270	-0.889251406041119	0.00103594092695614	ORIGINAL_KEGG_NAME_COMPATIBLE	reports/COAD/current_catalog_v0_1/candidate_catalog.json
COAD	COAD	02_MAPPING	20260919T112700Z_shared_delivery_v1	coad_biochemical_v0.1_shared_view_v1	biochemical_annotation_view	KEGG:C00130	inosine 5'-monophosphate (IMP)	AMPD2	feature_gene_pair	NA	NA	NA	NA	NA	NA	NA	NA	NA	NA	NEEDS_REVIEW	REACTION_ANNOTATION_SUPPORTED_PROVISIONAL	reports/COAD/current_catalog_v0_1/candidate_catalog.json	hsa:271	-0.889251406041119	0.00103594092695614	ORIGINAL_KEGG_NAME_COMPATIBLE	reports/COAD/current_catalog_v0_1/candidate_catalog.json
COAD	COAD	02_MAPPING	20260919T112700Z_shared_delivery_v1	coad_biochemical_v0.1_shared_view_v1	biochemical_annotation_view	KEGG:C00130	inosine 5'-monophosphate (IMP)	AMPD3	feature_gene_pair	NA	NA	NA	NA	NA	NA	NA	NA	NA	NA	NEEDS_REVIEW	REACTION_ANNOTATION_SUPPORTED_PROVISIONAL	reports/COAD/current_catalog_v0_1/candidate_catalog.json	hsa:272	-0.889251406041119	0.00103594092695614	ORIGINAL_KEGG_NAME_COMPATIBLE	reports/COAD/current_catalog_v0_1/candidate_catalog.json
COAD	COAD	02_MAPPING	20260919T112700Z_shared_delivery_v1	coad_biochemical_v0.1_shared_view_v1	biochemical_annotation_view	KEGG:C00130	inosine 5'-monophosphate (IMP)	ATIC	feature_gene_pair	NA	NA	NA	NA	NA	NA	NA	NA	NA	NA	NEEDS_REVIEW	REACTION_ANNOTATION_SUPPORTED_PROVISIONAL	reports/COAD/current_catalog_v0_1/candidate_catalog.json	hsa:471	-0.889251406041119	0.00103594092695614	ORIGINAL_KEGG_NAME_COMPATIBLE	reports/COAD/current_catalog_v0_1/candidate_catalog.json
COAD	COAD	02_MAPPING	20260919T112700Z_shared_delivery_v1	coad_biochemical_v0.1_shared_view_v1	biochemical_annotation_view	KEGG:C00130	inosine 5'-monophosphate (IMP)	CANT1	feature_gene_pair	NA	NA	NA	NA	NA	NA	NA	NA	NA	NA	NEEDS_REVIEW	REACTION_ANNOTATION_SUPPORTED_PROVISIONAL	reports/COAD/current_catalog_v0_1/candidate_catalog.json	hsa:124583	-0.889251406041119	0.00103594092695614	ORIGINAL_KEGG_NAME_COMPATIBLE	reports/COAD/current_catalog_v0_1/candidate_catalog.json
COAD	COAD	02_MAPPING	20260919T112700Z_shared_delivery_v1	coad_biochemical_v0.1_shared_view_v1	biochemical_annotation_view	KEGG:C00130	inosine 5'-monophosphate (IMP)	ENTPD1	feature_gene_pair	NA	NA	NA	NA	NA	NA	NA	NA	NA	NA	NEEDS_REVIEW	REACTION_ANNOTATION_SUPPORTED_PROVISIONAL	reports/COAD/current_catalog_v0_1/candidate_catalog.json	hsa:953	-0.889251406041119	0.00103594092695614	ORIGINAL_KEGG_NAME_COMPATIBLE	reports/COAD/current_catalog_v0_1/candidate_catalog.json
COAD	COAD	02_MAPPING	20260919T112700Z_shared_delivery_v1	coad_biochemical_v0.1_shared_view_v1	biochemical_annotation_view	KEGG:C00130	inosine 5'-monophosphate (IMP)	ENTPD3	feature_gene_pair	NA	NA	NA	NA	NA	NA	NA	NA	NA	NA	NEEDS_REVIEW	REACTION_ANNOTATION_SUPPORTED_PROVISIONAL	reports/COAD/current_catalog_v0_1/candidate_catalog.json	hsa:956	-0.889251406041119	0.00103594092695614	ORIGINAL_KEGG_NAME_COMPATIBLE	reports/COAD/current_catalog_v0_1/candidate_catalog.json
COAD	COAD	02_MAPPING	20260919T112700Z_shared_delivery_v1	coad_biochemical_v0.1_shared_view_v1	biochemical_annotation_view	KEGG:C00130	inosine 5'-monophosphate (IMP)	ENTPD4	feature_gene_pair	NA	NA	NA	NA	NA	NA	NA	NA	NA	NA	NEEDS_REVIEW	REACTION_SPECIFICITY_PENDING	reports/COAD/current_catalog_v0_1/candidate_catalog.json	hsa:9583	-0.889251406041119	0.00103594092695614	ORIGINAL_KEGG_NAME_COMPATIBLE	reports/COAD/current_catalog_v0_1/candidate_catalog.json
COAD	COAD	02_MAPPING	20260919T112700Z_shared_delivery_v1	coad_biochemical_v0.1_shared_view_v1	biochemical_annotation_view	KEGG:C00130	inosine 5'-monophosphate (IMP)	ENTPD5	feature_gene_pair	NA	NA	NA	NA	NA	NA	NA	NA	NA	NA	NEEDS_REVIEW	REACTION_ANNOTATION_SUPPORTED_PROVISIONAL	reports/COAD/current_catalog_v0_1/candidate_catalog.json	hsa:957	-0.889251406041119	0.00103594092695614	ORIGINAL_KEGG_NAME_COMPATIBLE	reports/COAD/current_catalog_v0_1/candidate_catalog.json
COAD	COAD	02_MAPPING	20260919T112700Z_shared_delivery_v1	coad_biochemical_v0.1_shared_view_v1	biochemical_annotation_view	KEGG:C00130	inosine 5'-monophosphate (IMP)	ENTPD6	feature_gene_pair	NA	NA	NA	NA	NA	NA	NA	NA	NA	NA	NEEDS_REVIEW	REACTION_ANNOTATION_SUPPORTED_PROVISIONAL	reports/COAD/current_catalog_v0_1/candidate_catalog.json	hsa:955	-0.889251406041119	0.00103594092695614	ORIGINAL_KEGG_NAME_COMPATIBLE	reports/COAD/current_catalog_v0_1/candidate_catalog.json
COAD	COAD	02_MAPPING	20260919T112700Z_shared_delivery_v1	coad_biochemical_v0.1_shared_view_v1	biochemical_annotation_view	KEGG:C00130	inosine 5'-monophosphate (IMP)	ENTPD8	feature_gene_pair	NA	NA	NA	NA	NA	NA	NA	NA	NA	NA	NEEDS_REVIEW	REACTION_SPECIFICITY_PENDING	reports/COAD/current_catalog_v0_1/candidate_catalog.json	hsa:377841	-0.889251406041119	0.00103594092695614	ORIGINAL_KEGG_NAME_COMPATIBLE	reports/COAD/current_catalog_v0_1/candidate_catalog.json
COAD	COAD	02_MAPPING	20260919T112700Z_shared_delivery_v1	coad_biochemical_v0.1_shared_view_v1	biochemical_annotation_view	KEGG:C00130	inosine 5'-monophosphate (IMP)	GMPR	feature_gene_pair	NA	NA	NA	NA	NA	NA	NA	NA	NA	NA	NEEDS_REVIEW	REACTION_ANNOTATION_SUPPORTED_PROVISIONAL	reports/COAD/current_catalog_v0_1/candidate_catalog.json	hsa:2766	-0.889251406041119	0.00103594092695614	ORIGINAL_KEGG_NAME_COMPATIBLE	reports/COAD/current_catalog_v0_1/candidate_catalog.json
COAD	COAD	02_MAPPING	20260919T112700Z_shared_delivery_v1	coad_biochemical_v0.1_shared_view_v1	biochemical_annotation_view	KEGG:C00130	inosine 5'-monophosphate (IMP)	GMPR2	feature_gene_pair	NA	NA	NA	NA	NA	NA	NA	NA	NA	NA	NEEDS_REVIEW	REACTION_ANNOTATION_SUPPORTED_PROVISIONAL	reports/COAD/current_catalog_v0_1/candidate_catalog.json	hsa:51292	-0.889251406041119	0.00103594092695614	ORIGINAL_KEGG_NAME_COMPATIBLE	reports/COAD/current_catalog_v0_1/candidate_catalog.json
COAD	COAD	02_MAPPING	20260919T112700Z_shared_delivery_v1	coad_biochemical_v0.1_shared_view_v1	biochemical_annotation_view	KEGG:C00130	inosine 5'-monophosphate (IMP)	HPRT1	feature_gene_pair	NA	NA	NA	NA	NA	NA	NA	NA	NA	NA	NEEDS_REVIEW	REACTION_ANNOTATION_SUPPORTED_PROVISIONAL	reports/COAD/current_catalog_v0_1/candidate_catalog.json	hsa:3251	-0.889251406041119	0.00103594092695614	ORIGINAL_KEGG_NAME_COMPATIBLE	reports/COAD/current_catalog_v0_1/candidate_catalog.json
COAD	COAD	02_MAPPING	20260919T112700Z_shared_delivery_v1	coad_biochemical_v0.1_shared_view_v1	biochemical_annotation_view	KEGG:C00130	inosine 5'-monophosphate (IMP)	IMPDH1	feature_gene_pair	NA	NA	NA	NA	NA	NA	NA	NA	NA	NA	NEEDS_REVIEW	REACTION_ANNOTATION_SUPPORTED_PROVISIONAL	reports/COAD/current_catalog_v0_1/candidate_catalog.json	hsa:3614	-0.889251406041119	0.00103594092695614	ORIGINAL_KEGG_NAME_COMPATIBLE	reports/COAD/current_catalog_v0_1/candidate_catalog.json
COAD	COAD	02_MAPPING	20260919T112700Z_shared_delivery_v1	coad_biochemical_v0.1_shared_view_v1	biochemical_annotation_view	KEGG:C00130	inosine 5'-monophosphate (IMP)	IMPDH2	feature_gene_pair	NA	NA	NA	NA	NA	NA	NA	NA	NA	NA	NEEDS_REVIEW	REACTION_ANNOTATION_SUPPORTED_PROVISIONAL	reports/COAD/current_catalog_v0_1/candidate_catalog.json	hsa:3615	-0.889251406041119	0.00103594092695614	ORIGINAL_KEGG_NAME_COMPATIBLE	reports/COAD/current_catalog_v0_1/candidate_catalog.json
COAD	COAD	02_MAPPING	20260919T112700Z_shared_delivery_v1	coad_biochemical_v0.1_shared_view_v1	biochemical_annotation_view	KEGG:C00130	inosine 5'-monophosphate (IMP)	ITPA	feature_gene_pair	NA	NA	NA	NA	NA	NA	NA	NA	NA	NA	NEEDS_REVIEW	REACTION_ANNOTATION_SUPPORTED_PROVISIONAL	reports/COAD/current_catalog_v0_1/candidate_catalog.json	hsa:3704	-0.889251406041119	0.00103594092695614	ORIGINAL_KEGG_NAME_COMPATIBLE	reports/COAD/current_catalog_v0_1/candidate_catalog.json
COAD	COAD	02_MAPPING	20260919T112700Z_shared_delivery_v1	coad_biochemical_v0.1_shared_view_v1	biochemical_annotation_view	KEGG:C00130	inosine 5'-monophosphate (IMP)	NT5C	feature_gene_pair	NA	NA	NA	NA	NA	NA	NA	NA	NA	NA	NEEDS_REVIEW	REACTION_ANNOTATION_SUPPORTED_PROVISIONAL	reports/COAD/current_catalog_v0_1/candidate_catalog.json	hsa:30833	-0.889251406041119	0.00103594092695614	ORIGINAL_KEGG_NAME_COMPATIBLE	reports/COAD/current_catalog_v0_1/candidate_catalog.json
COAD	COAD	02_MAPPING	20260919T112700Z_shared_delivery_v1	coad_biochemical_v0.1_shared_view_v1	biochemical_annotation_view	KEGG:C00130	inosine 5'-monophosphate (IMP)	NT5C1A	feature_gene_pair	NA	NA	NA	NA	NA	NA	NA	NA	NA	NA	NEEDS_REVIEW	REACTION_ANNOTATION_SUPPORTED_PROVISIONAL	reports/COAD/current_catalog_v0_1/candidate_catalog.json	hsa:84618	-0.889251406041119	0.00103594092695614	ORIGINAL_KEGG_NAME_COMPATIBLE	reports/COAD/current_catalog_v0_1/candidate_catalog.json
COAD	COAD	02_MAPPING	20260919T112700Z_shared_delivery_v1	coad_biochemical_v0.1_shared_view_v1	biochemical_annotation_view	KEGG:C00130	inosine 5'-monophosphate (IMP)	NT5C1B	feature_gene_pair	NA	NA	NA	NA	NA	NA	NA	NA	NA	NA	NEEDS_REVIEW	REACTION_SPECIFICITY_PENDING	reports/COAD/current_catalog_v0_1/candidate_catalog.json	hsa:93034	-0.889251406041119	0.00103594092695614	ORIGINAL_KEGG_NAME_COMPATIBLE	reports/COAD/current_catalog_v0_1/candidate_catalog.json
COAD	COAD	02_MAPPING	20260919T112700Z_shared_delivery_v1	coad_biochemical_v0.1_shared_view_v1	biochemical_annotation_view	KEGG:C00130	inosine 5'-monophosphate (IMP)	NT5C1B-RDH14	feature_gene_pair	NA	NA	NA	NA	NA	NA	NA	NA	NA	NA	NOT_EVALUABLE	UNIPROT_RECORD_NOT_EVALUABLE	reports/COAD/current_catalog_v0_1/candidate_catalog.json	hsa:100526794	-0.889251406041119	0.00103594092695614	ORIGINAL_KEGG_NAME_COMPATIBLE	reports/COAD/current_catalog_v0_1/candidate_catalog.json
COAD	COAD	02_MAPPING	20260919T112700Z_shared_delivery_v1	coad_biochemical_v0.1_shared_view_v1	biochemical_annotation_view	KEGG:C00130	inosine 5'-monophosphate (IMP)	NT5C2	feature_gene_pair	NA	NA	NA	NA	NA	NA	NA	NA	NA	NA	NEEDS_REVIEW	REACTION_ANNOTATION_SUPPORTED_PROVISIONAL	reports/COAD/current_catalog_v0_1/candidate_catalog.json	hsa:22978	-0.889251406041119	0.00103594092695614	ORIGINAL_KEGG_NAME_COMPATIBLE	reports/COAD/current_catalog_v0_1/candidate_catalog.json
COAD	COAD	02_MAPPING	20260919T112700Z_shared_delivery_v1	coad_biochemical_v0.1_shared_view_v1	biochemical_annotation_view	KEGG:C00130	inosine 5'-monophosphate (IMP)	NT5DC4	feature_gene_pair	NA	NA	NA	NA	NA	NA	NA	NA	NA	NA	NEEDS_REVIEW	REACTION_SPECIFICITY_PENDING	reports/COAD/current_catalog_v0_1/candidate_catalog.json	hsa:284958	-0.889251406041119	0.00103594092695614	ORIGINAL_KEGG_NAME_COMPATIBLE	reports/COAD/current_catalog_v0_1/candidate_catalog.json
COAD	COAD	02_MAPPING	20260919T112700Z_shared_delivery_v1	coad_biochemical_v0.1_shared_view_v1	biochemical_annotation_view	KEGG:C00130	inosine 5'-monophosphate (IMP)	NT5E	feature_gene_pair	NA	NA	NA	NA	NA	NA	NA	NA	NA	NA	NEEDS_REVIEW	REACTION_ANNOTATION_SUPPORTED_PROVISIONAL	reports/COAD/current_catalog_v0_1/candidate_catalog.json	hsa:4907	-0.889251406041119	0.00103594092695614	ORIGINAL_KEGG_NAME_COMPATIBLE	reports/COAD/current_catalog_v0_1/candidate_catalog.json
COAD	COAD	02_MAPPING	20260919T112700Z_shared_delivery_v1	coad_biochemical_v0.1_shared_view_v1	biochemical_annotation_view	KEGG:C00130	inosine 5'-monophosphate (IMP)	NT5M	feature_gene_pair	NA	NA	NA	NA	NA	NA	NA	NA	NA	NA	NEEDS_REVIEW	REACTION_SPECIFICITY_PENDING	reports/COAD/current_catalog_v0_1/candidate_catalog.json	hsa:56953	-0.889251406041119	0.00103594092695614	ORIGINAL_KEGG_NAME_COMPATIBLE	reports/COAD/current_catalog_v0_1/candidate_catalog.json
COAD	COAD	02_MAPPING	20260919T112700Z_shared_delivery_v1	coad_biochemical_v0.1_shared_view_v1	biochemical_annotation_view	KEGG:C00130	inosine 5'-monophosphate (IMP)	NUDT16	feature_gene_pair	NA	NA	NA	NA	NA	NA	NA	NA	NA	NA	NEEDS_REVIEW	REACTION_ANNOTATION_SUPPORTED_PROVISIONAL	reports/COAD/current_catalog_v0_1/candidate_catalog.json	hsa:131870	-0.889251406041119	0.00103594092695614	ORIGINAL_KEGG_NAME_COMPATIBLE	reports/COAD/current_catalog_v0_1/candidate_catalog.json
COAD	COAD	02_MAPPING	20260919T112700Z_shared_delivery_v1	coad_biochemical_v0.1_shared_view_v1	biochemical_annotation_view	KEGG:C00130	inosine 5'-monophosphate (IMP)	SLC25A36	feature_gene_pair	NA	NA	NA	NA	NA	NA	NA	NA	NA	NA	NEEDS_REVIEW	REACTION_ANNOTATION_SUPPORTED_PROVISIONAL	reports/COAD/current_catalog_v0_1/candidate_catalog.json	hsa:55186	-0.889251406041119	0.00103594092695614	ORIGINAL_KEGG_NAME_COMPATIBLE	reports/COAD/current_catalog_v0_1/candidate_catalog.json
COAD	COAD	02_MAPPING	20260919T112700Z_shared_delivery_v1	coad_biochemical_v0.1_shared_view_v1	biochemical_annotation_view	KEGG:C00311	isocitrate	ACO1	feature_gene_pair	NA	NA	NA	NA	NA	NA	NA	NA	NA	NA	NEEDS_REVIEW	REACTION_ANNOTATION_SUPPORTED_PROVISIONAL	reports/COAD/current_catalog_v0_1/candidate_catalog.json	hsa:48	-0.94049325537887	0.000701295206824154	ORIGINAL_KEGG_NAME_COMPATIBLE	reports/COAD/current_catalog_v0_1/candidate_catalog.json
COAD	COAD	02_MAPPING	20260919T112700Z_shared_delivery_v1	coad_biochemical_v0.1_shared_view_v1	biochemical_annotation_view	KEGG:C00311	isocitrate	ACO2	feature_gene_pair	NA	NA	NA	NA	NA	NA	NA	NA	NA	NA	NEEDS_REVIEW	REACTION_ANNOTATION_SUPPORTED_PROVISIONAL	reports/COAD/current_catalog_v0_1/candidate_catalog.json	hsa:50	-0.94049325537887	0.000701295206824154	ORIGINAL_KEGG_NAME_COMPATIBLE	reports/COAD/current_catalog_v0_1/candidate_catalog.json
COAD	COAD	02_MAPPING	20260919T112700Z_shared_delivery_v1	coad_biochemical_v0.1_shared_view_v1	biochemical_annotation_view	KEGG:C00311	isocitrate	IDH1	feature_gene_pair	NA	NA	NA	NA	NA	NA	NA	NA	NA	NA	NEEDS_REVIEW	REACTION_ANNOTATION_SUPPORTED_PROVISIONAL	reports/COAD/current_catalog_v0_1/candidate_catalog.json	hsa:3417	-0.94049325537887	0.000701295206824154	ORIGINAL_KEGG_NAME_COMPATIBLE	reports/COAD/current_catalog_v0_1/candidate_catalog.json
COAD	COAD	02_MAPPING	20260919T112700Z_shared_delivery_v1	coad_biochemical_v0.1_shared_view_v1	biochemical_annotation_view	KEGG:C00311	isocitrate	IDH2	feature_gene_pair	NA	NA	NA	NA	NA	NA	NA	NA	NA	NA	NEEDS_REVIEW	REACTION_ANNOTATION_SUPPORTED_PROVISIONAL	reports/COAD/current_catalog_v0_1/candidate_catalog.json	hsa:3418	-0.94049325537887	0.000701295206824154	ORIGINAL_KEGG_NAME_COMPATIBLE	reports/COAD/current_catalog_v0_1/candidate_catalog.json
COAD	COAD	02_MAPPING	20260919T112700Z_shared_delivery_v1	coad_biochemical_v0.1_shared_view_v1	biochemical_annotation_view	KEGG:C00311	isocitrate	IDH3A	feature_gene_pair	NA	NA	NA	NA	NA	NA	NA	NA	NA	NA	NEEDS_REVIEW	REACTION_ANNOTATION_SUPPORTED_PROVISIONAL	reports/COAD/current_catalog_v0_1/candidate_catalog.json	hsa:3419	-0.94049325537887	0.000701295206824154	ORIGINAL_KEGG_NAME_COMPATIBLE	reports/COAD/current_catalog_v0_1/candidate_catalog.json
COAD	COAD	02_MAPPING	20260919T112700Z_shared_delivery_v1	coad_biochemical_v0.1_shared_view_v1	biochemical_annotation_view	KEGG:C00311	isocitrate	IDH3B	feature_gene_pair	NA	NA	NA	NA	NA	NA	NA	NA	NA	NA	NEEDS_REVIEW	REACTION_SPECIFICITY_PENDING	reports/COAD/current_catalog_v0_1/candidate_catalog.json	hsa:3420	-0.94049325537887	0.000701295206824154	ORIGINAL_KEGG_NAME_COMPATIBLE	reports/COAD/current_catalog_v0_1/candidate_catalog.json
COAD	COAD	02_MAPPING	20260919T112700Z_shared_delivery_v1	coad_biochemical_v0.1_shared_view_v1	biochemical_annotation_view	KEGG:C00311	isocitrate	IDH3G	feature_gene_pair	NA	NA	NA	NA	NA	NA	NA	NA	NA	NA	NEEDS_REVIEW	REACTION_SPECIFICITY_PENDING	reports/COAD/current_catalog_v0_1/candidate_catalog.json	hsa:3421	-0.94049325537887	0.000701295206824154	ORIGINAL_KEGG_NAME_COMPATIBLE	reports/COAD/current_catalog_v0_1/candidate_catalog.json
COAD	COAD	02_MAPPING	20260919T112700Z_shared_delivery_v1	coad_biochemical_v0.1_shared_view_v1	biochemical_annotation_view	KEGG:C00407	isoleucine	BCAT1	feature_gene_pair	NA	NA	NA	NA	NA	NA	NA	NA	NA	NA	NEEDS_REVIEW	REACTION_ANNOTATION_SUPPORTED_PROVISIONAL	reports/COAD/current_catalog_v0_1/candidate_catalog.json	hsa:586	0.567578731556765	0.0446064691375585	ORIGINAL_KEGG_NAME_COMPATIBLE	reports/COAD/current_catalog_v0_1/candidate_catalog.json
COAD	COAD	02_MAPPING	20260919T112700Z_shared_delivery_v1	coad_biochemical_v0.1_shared_view_v1	biochemical_annotation_view	KEGG:C00407	isoleucine	BCAT2	feature_gene_pair	NA	NA	NA	NA	NA	NA	NA	NA	NA	NA	NEEDS_REVIEW	REACTION_ANNOTATION_SUPPORTED_PROVISIONAL	reports/COAD/current_catalog_v0_1/candidate_catalog.json	hsa:587	0.567578731556765	0.0446064691375585	ORIGINAL_KEGG_NAME_COMPATIBLE	reports/COAD/current_catalog_v0_1/candidate_catalog.json
COAD	COAD	02_MAPPING	20260919T112700Z_shared_delivery_v1	coad_biochemical_v0.1_shared_view_v1	biochemical_annotation_view	KEGG:C00407	isoleucine	IARS1	feature_gene_pair	NA	NA	NA	NA	NA	NA	NA	NA	NA	NA	NEEDS_REVIEW	REACTION_ANNOTATION_SUPPORTED_PROVISIONAL	reports/COAD/current_catalog_v0_1/candidate_catalog.json	hsa:3376	0.567578731556765	0.0446064691375585	ORIGINAL_KEGG_NAME_COMPATIBLE	reports/COAD/current_catalog_v0_1/candidate_catalog.json
COAD	COAD	02_MAPPING	20260919T112700Z_shared_delivery_v1	coad_biochemical_v0.1_shared_view_v1	biochemical_annotation_view	KEGG:C00407	isoleucine	IARS2	feature_gene_pair	NA	NA	NA	NA	NA	NA	NA	NA	NA	NA	NEEDS_REVIEW	REACTION_ANNOTATION_SUPPORTED_PROVISIONAL	reports/COAD/current_catalog_v0_1/candidate_catalog.json	hsa:55699	0.567578731556765	0.0446064691375585	ORIGINAL_KEGG_NAME_COMPATIBLE	reports/COAD/current_catalog_v0_1/candidate_catalog.json
COAD	COAD	02_MAPPING	20260919T112700Z_shared_delivery_v1	coad_biochemical_v0.1_shared_view_v1	biochemical_annotation_view	KEGG:C00407	isoleucine	IL4I1	feature_gene_pair	NA	NA	NA	NA	NA	NA	NA	NA	NA	NA	NEEDS_REVIEW	REACTION_SPECIFICITY_PENDING	reports/COAD/current_catalog_v0_1/candidate_catalog.json	hsa:259307	0.567578731556765	0.0446064691375585	ORIGINAL_KEGG_NAME_COMPATIBLE	reports/COAD/current_catalog_v0_1/candidate_catalog.json
COAD	COAD	02_MAPPING	20260919T112700Z_shared_delivery_v1	coad_biochemical_v0.1_shared_view_v1	biochemical_annotation_view	KEGG:C00407	isoleucine	SLC43A1	feature_gene_pair	NA	NA	NA	NA	NA	NA	NA	NA	NA	NA	NEEDS_REVIEW	REACTION_ANNOTATION_SUPPORTED_PROVISIONAL	reports/COAD/current_catalog_v0_1/candidate_catalog.json	hsa:8501	0.567578731556765	0.0446064691375585	ORIGINAL_KEGG_NAME_COMPATIBLE	reports/COAD/current_catalog_v0_1/candidate_catalog.json
COAD	COAD	02_MAPPING	20260919T112700Z_shared_delivery_v1	coad_biochemical_v0.1_shared_view_v1	biochemical_annotation_view	KEGG:C00407	isoleucine	SLC43A2	feature_gene_pair	NA	NA	NA	NA	NA	NA	NA	NA	NA	NA	NEEDS_REVIEW	REACTION_ANNOTATION_SUPPORTED_PROVISIONAL	reports/COAD/current_catalog_v0_1/candidate_catalog.json	hsa:124935	0.567578731556765	0.0446064691375585	ORIGINAL_KEGG_NAME_COMPATIBLE	reports/COAD/current_catalog_v0_1/candidate_catalog.json
COAD	COAD	02_MAPPING	20260919T112700Z_shared_delivery_v1	coad_biochemical_v0.1_shared_view_v1	biochemical_annotation_view	KEGG:C00407	isoleucine	SLC6A14	feature_gene_pair	NA	NA	NA	NA	NA	NA	NA	NA	NA	NA	NEEDS_REVIEW	REACTION_ANNOTATION_SUPPORTED_PROVISIONAL	reports/COAD/current_catalog_v0_1/candidate_catalog.json	hsa:11254	0.567578731556765	0.0446064691375585	ORIGINAL_KEGG_NAME_COMPATIBLE	reports/COAD/current_catalog_v0_1/candidate_catalog.json
COAD	COAD	02_MAPPING	20260919T112700Z_shared_delivery_v1	coad_biochemical_v0.1_shared_view_v1	biochemical_annotation_view	KEGG:C00407	isoleucine	SLC6A15	feature_gene_pair	NA	NA	NA	NA	NA	NA	NA	NA	NA	NA	NEEDS_REVIEW	REACTION_ANNOTATION_SUPPORTED_PROVISIONAL	reports/COAD/current_catalog_v0_1/candidate_catalog.json	hsa:55117	0.567578731556765	0.0446064691375585	ORIGINAL_KEGG_NAME_COMPATIBLE	reports/COAD/current_catalog_v0_1/candidate_catalog.json
COAD	COAD	02_MAPPING	20260919T112700Z_shared_delivery_v1	coad_biochemical_v0.1_shared_view_v1	biochemical_annotation_view	KEGG:C00407	isoleucine	SLC6A19	feature_gene_pair	NA	NA	NA	NA	NA	NA	NA	NA	NA	NA	NEEDS_REVIEW	REACTION_ANNOTATION_SUPPORTED_PROVISIONAL	reports/COAD/current_catalog_v0_1/candidate_catalog.json	hsa:340024	0.567578731556765	0.0446064691375585	ORIGINAL_KEGG_NAME_COMPATIBLE	reports/COAD/current_catalog_v0_1/candidate_catalog.json
COAD	COAD	02_MAPPING	20260919T112700Z_shared_delivery_v1	coad_biochemical_v0.1_shared_view_v1	biochemical_annotation_view	KEGG:C00407	isoleucine	SLC7A5	feature_gene_pair	NA	NA	NA	NA	NA	NA	NA	NA	NA	NA	NEEDS_REVIEW	REACTION_ANNOTATION_SUPPORTED_PROVISIONAL	reports/COAD/current_catalog_v0_1/candidate_catalog.json	hsa:8140	0.567578731556765	0.0446064691375585	ORIGINAL_KEGG_NAME_COMPATIBLE	reports/COAD/current_catalog_v0_1/candidate_catalog.json
COAD	COAD	02_MAPPING	20260919T112700Z_shared_delivery_v1	coad_biochemical_v0.1_shared_view_v1	biochemical_annotation_view	KEGG:C00407	isoleucine	SLC7A8	feature_gene_pair	NA	NA	NA	NA	NA	NA	NA	NA	NA	NA	NEEDS_REVIEW	REACTION_ANNOTATION_SUPPORTED_PROVISIONAL	reports/COAD/current_catalog_v0_1/candidate_catalog.json	hsa:23428	0.567578731556765	0.0446064691375585	ORIGINAL_KEGG_NAME_COMPATIBLE	reports/COAD/current_catalog_v0_1/candidate_catalog.json
COAD	COAD	02_MAPPING	20260919T112700Z_shared_delivery_v1	coad_biochemical_v0.1_shared_view_v1	biochemical_annotation_view	KEGG:C00328	kynurenine	AADAT	feature_gene_pair	NA	NA	NA	NA	NA	NA	NA	NA	NA	NA	NEEDS_REVIEW	REACTION_SPECIFICITY_PENDING	reports/COAD/current_catalog_v0_1/candidate_catalog.json	hsa:51166	1.03558795953485	0.000218307827746403	ORIGINAL_KEGG_NAME_COMPATIBLE	reports/COAD/current_catalog_v0_1/candidate_catalog.json
COAD	COAD	02_MAPPING	20260919T112700Z_shared_delivery_v1	coad_biochemical_v0.1_shared_view_v1	biochemical_annotation_view	KEGG:C00328	kynurenine	AFMID	feature_gene_pair	NA	NA	NA	NA	NA	NA	NA	NA	NA	NA	NEEDS_REVIEW	REACTION_ANNOTATION_SUPPORTED_PROVISIONAL	reports/COAD/current_catalog_v0_1/candidate_catalog.json	hsa:125061	1.03558795953485	0.000218307827746403	ORIGINAL_KEGG_NAME_COMPATIBLE	reports/COAD/current_catalog_v0_1/candidate_catalog.json
COAD	COAD	02_MAPPING	20260919T112700Z_shared_delivery_v1	coad_biochemical_v0.1_shared_view_v1	biochemical_annotation_view	KEGG:C00328	kynurenine	KMO	feature_gene_pair	NA	NA	NA	NA	NA	NA	NA	NA	NA	NA	NEEDS_REVIEW	REACTION_ANNOTATION_SUPPORTED_PROVISIONAL	reports/COAD/current_catalog_v0_1/candidate_catalog.json	hsa:8564	1.03558795953485	0.000218307827746403	ORIGINAL_KEGG_NAME_COMPATIBLE	reports/COAD/current_catalog_v0_1/candidate_catalog.json
COAD	COAD	02_MAPPING	20260919T112700Z_shared_delivery_v1	coad_biochemical_v0.1_shared_view_v1	biochemical_annotation_view	KEGG:C00328	kynurenine	KYAT1	feature_gene_pair	NA	NA	NA	NA	NA	NA	NA	NA	NA	NA	NEEDS_REVIEW	REACTION_SPECIFICITY_PENDING	reports/COAD/current_catalog_v0_1/candidate_catalog.json	hsa:883	1.03558795953485	0.000218307827746403	ORIGINAL_KEGG_NAME_COMPATIBLE	reports/COAD/current_catalog_v0_1/candidate_catalog.json
COAD	COAD	02_MAPPING	20260919T112700Z_shared_delivery_v1	coad_biochemical_v0.1_shared_view_v1	biochemical_annotation_view	KEGG:C00328	kynurenine	KYAT3	feature_gene_pair	NA	NA	NA	NA	NA	NA	NA	NA	NA	NA	NEEDS_REVIEW	REACTION_SPECIFICITY_PENDING	reports/COAD/current_catalog_v0_1/candidate_catalog.json	hsa:56267	1.03558795953485	0.000218307827746403	ORIGINAL_KEGG_NAME_COMPATIBLE	reports/COAD/current_catalog_v0_1/candidate_catalog.json
COAD	COAD	02_MAPPING	20260919T112700Z_shared_delivery_v1	coad_biochemical_v0.1_shared_view_v1	biochemical_annotation_view	KEGG:C00328	kynurenine	KYNU	feature_gene_pair	NA	NA	NA	NA	NA	NA	NA	NA	NA	NA	NEEDS_REVIEW	REACTION_ANNOTATION_SUPPORTED_PROVISIONAL	reports/COAD/current_catalog_v0_1/candidate_catalog.json	hsa:8942	1.03558795953485	0.000218307827746403	ORIGINAL_KEGG_NAME_COMPATIBLE	reports/COAD/current_catalog_v0_1/candidate_catalog.json
COAD	COAD	02_MAPPING	20260919T112700Z_shared_delivery_v1	coad_biochemical_v0.1_shared_view_v1	biochemical_annotation_view	KEGG:C00328	kynurenine	SLC7A11	feature_gene_pair	NA	NA	NA	NA	NA	NA	NA	NA	NA	NA	NEEDS_REVIEW	REACTION_ANNOTATION_SUPPORTED_PROVISIONAL	reports/COAD/current_catalog_v0_1/candidate_catalog.json	hsa:23657	1.03558795953485	0.000218307827746403	ORIGINAL_KEGG_NAME_COMPATIBLE	reports/COAD/current_catalog_v0_1/candidate_catalog.json
COAD	COAD	02_MAPPING	20260919T112700Z_shared_delivery_v1	coad_biochemical_v0.1_shared_view_v1	biochemical_annotation_view	KEGG:C00328	kynurenine	SLC7A5	feature_gene_pair	NA	NA	NA	NA	NA	NA	NA	NA	NA	NA	NEEDS_REVIEW	REACTION_ANNOTATION_SUPPORTED_PROVISIONAL	reports/COAD/current_catalog_v0_1/candidate_catalog.json	hsa:8140	1.03558795953485	0.000218307827746403	ORIGINAL_KEGG_NAME_COMPATIBLE	reports/COAD/current_catalog_v0_1/candidate_catalog.json
COAD	COAD	02_MAPPING	20260919T112700Z_shared_delivery_v1	coad_biochemical_v0.1_shared_view_v1	biochemical_annotation_view	KEGG:C00123	leucine	BCAT1	feature_gene_pair	NA	NA	NA	NA	NA	NA	NA	NA	NA	NA	NEEDS_REVIEW	REACTION_ANNOTATION_SUPPORTED_PROVISIONAL	reports/COAD/current_catalog_v0_1/candidate_catalog.json	hsa:586	0.50839089312706	0.0398980189569739	ORIGINAL_KEGG_NAME_COMPATIBLE	reports/COAD/current_catalog_v0_1/candidate_catalog.json
COAD	COAD	02_MAPPING	20260919T112700Z_shared_delivery_v1	coad_biochemical_v0.1_shared_view_v1	biochemical_annotation_view	KEGG:C00123	leucine	BCAT2	feature_gene_pair	NA	NA	NA	NA	NA	NA	NA	NA	NA	NA	NEEDS_REVIEW	REACTION_ANNOTATION_SUPPORTED_PROVISIONAL	reports/COAD/current_catalog_v0_1/candidate_catalog.json	hsa:587	0.50839089312706	0.0398980189569739	ORIGINAL_KEGG_NAME_COMPATIBLE	reports/COAD/current_catalog_v0_1/candidate_catalog.json
COAD	COAD	02_MAPPING	20260919T112700Z_shared_delivery_v1	coad_biochemical_v0.1_shared_view_v1	biochemical_annotation_view	KEGG:C00123	leucine	LARS1	feature_gene_pair	NA	NA	NA	NA	NA	NA	NA	NA	NA	NA	NEEDS_REVIEW	REACTION_ANNOTATION_SUPPORTED_PROVISIONAL	reports/COAD/current_catalog_v0_1/candidate_catalog.json	hsa:51520	0.50839089312706	0.0398980189569739	ORIGINAL_KEGG_NAME_COMPATIBLE	reports/COAD/current_catalog_v0_1/candidate_catalog.json
COAD	COAD	02_MAPPING	20260919T112700Z_shared_delivery_v1	coad_biochemical_v0.1_shared_view_v1	biochemical_annotation_view	KEGG:C00123	leucine	LARS2	feature_gene_pair	NA	NA	NA	NA	NA	NA	NA	NA	NA	NA	NEEDS_REVIEW	REACTION_ANNOTATION_SUPPORTED_PROVISIONAL	reports/COAD/current_catalog_v0_1/candidate_catalog.json	hsa:23395	0.50839089312706	0.0398980189569739	ORIGINAL_KEGG_NAME_COMPATIBLE	reports/COAD/current_catalog_v0_1/candidate_catalog.json
COAD	COAD	02_MAPPING	20260919T112700Z_shared_delivery_v1	coad_biochemical_v0.1_shared_view_v1	biochemical_annotation_view	KEGG:C00123	leucine	SLC25A44	feature_gene_pair	NA	NA	NA	NA	NA	NA	NA	NA	NA	NA	NEEDS_REVIEW	REACTION_ANNOTATION_SUPPORTED_PROVISIONAL	reports/COAD/current_catalog_v0_1/candidate_catalog.json	hsa:9673	0.50839089312706	0.0398980189569739	ORIGINAL_KEGG_NAME_COMPATIBLE	reports/COAD/current_catalog_v0_1/candidate_catalog.json
COAD	COAD	02_MAPPING	20260919T112700Z_shared_delivery_v1	coad_biochemical_v0.1_shared_view_v1	biochemical_annotation_view	KEGG:C00123	leucine	SLC38A10	feature_gene_pair	NA	NA	NA	NA	NA	NA	NA	NA	NA	NA	NEEDS_REVIEW	REACTION_ANNOTATION_SUPPORTED_PROVISIONAL	reports/COAD/current_catalog_v0_1/candidate_catalog.json	hsa:124565	0.50839089312706	0.0398980189569739	ORIGINAL_KEGG_NAME_COMPATIBLE	reports/COAD/current_catalog_v0_1/candidate_catalog.json
COAD	COAD	02_MAPPING	20260919T112700Z_shared_delivery_v1	coad_biochemical_v0.1_shared_view_v1	biochemical_annotation_view	KEGG:C00123	leucine	SLC38A2	feature_gene_pair	NA	NA	NA	NA	NA	NA	NA	NA	NA	NA	NEEDS_REVIEW	REACTION_ANNOTATION_SUPPORTED_PROVISIONAL	reports/COAD/current_catalog_v0_1/candidate_catalog.json	hsa:54407	0.50839089312706	0.0398980189569739	ORIGINAL_KEGG_NAME_COMPATIBLE	reports/COAD/current_catalog_v0_1/candidate_catalog.json
COAD	COAD	02_MAPPING	20260919T112700Z_shared_delivery_v1	coad_biochemical_v0.1_shared_view_v1	biochemical_annotation_view	KEGG:C00123	leucine	SLC38A8	feature_gene_pair	NA	NA	NA	NA	NA	NA	NA	NA	NA	NA	NEEDS_REVIEW	REACTION_ANNOTATION_SUPPORTED_PROVISIONAL	reports/COAD/current_catalog_v0_1/candidate_catalog.json	hsa:146167	0.50839089312706	0.0398980189569739	ORIGINAL_KEGG_NAME_COMPATIBLE	reports/COAD/current_catalog_v0_1/candidate_catalog.json
COAD	COAD	02_MAPPING	20260919T112700Z_shared_delivery_v1	coad_biochemical_v0.1_shared_view_v1	biochemical_annotation_view	KEGG:C00123	leucine	SLC38A9	feature_gene_pair	NA	NA	NA	NA	NA	NA	NA	NA	NA	NA	NEEDS_REVIEW	REACTION_ANNOTATION_SUPPORTED_PROVISIONAL	reports/COAD/current_catalog_v0_1/candidate_catalog.json	hsa:153129	0.50839089312706	0.0398980189569739	ORIGINAL_KEGG_NAME_COMPATIBLE	reports/COAD/current_catalog_v0_1/candidate_catalog.json
COAD	COAD	02_MAPPING	20260919T112700Z_shared_delivery_v1	coad_biochemical_v0.1_shared_view_v1	biochemical_annotation_view	KEGG:C00123	leucine	SLC43A1	feature_gene_pair	NA	NA	NA	NA	NA	NA	NA	NA	NA	NA	NEEDS_REVIEW	REACTION_ANNOTATION_SUPPORTED_PROVISIONAL	reports/COAD/current_catalog_v0_1/candidate_catalog.json	hsa:8501	0.50839089312706	0.0398980189569739	ORIGINAL_KEGG_NAME_COMPATIBLE	reports/COAD/current_catalog_v0_1/candidate_catalog.json
COAD	COAD	02_MAPPING	20260919T112700Z_shared_delivery_v1	coad_biochemical_v0.1_shared_view_v1	biochemical_annotation_view	KEGG:C00123	leucine	SLC43A2	feature_gene_pair	NA	NA	NA	NA	NA	NA	NA	NA	NA	NA	NEEDS_REVIEW	REACTION_ANNOTATION_SUPPORTED_PROVISIONAL	reports/COAD/current_catalog_v0_1/candidate_catalog.json	hsa:124935	0.50839089312706	0.0398980189569739	ORIGINAL_KEGG_NAME_COMPATIBLE	reports/COAD/current_catalog_v0_1/candidate_catalog.json
COAD	COAD	02_MAPPING	20260919T112700Z_shared_delivery_v1	coad_biochemical_v0.1_shared_view_v1	biochemical_annotation_view	KEGG:C00123	leucine	SLC6A14	feature_gene_pair	NA	NA	NA	NA	NA	NA	NA	NA	NA	NA	NEEDS_REVIEW	REACTION_ANNOTATION_SUPPORTED_PROVISIONAL	reports/COAD/current_catalog_v0_1/candidate_catalog.json	hsa:11254	0.50839089312706	0.0398980189569739	ORIGINAL_KEGG_NAME_COMPATIBLE	reports/COAD/current_catalog_v0_1/candidate_catalog.json
COAD	COAD	02_MAPPING	20260919T112700Z_shared_delivery_v1	coad_biochemical_v0.1_shared_view_v1	biochemical_annotation_view	KEGG:C00123	leucine	SLC6A15	feature_gene_pair	NA	NA	NA	NA	NA	NA	NA	NA	NA	NA	NEEDS_REVIEW	REACTION_ANNOTATION_SUPPORTED_PROVISIONAL	reports/COAD/current_catalog_v0_1/candidate_catalog.json	hsa:55117	0.50839089312706	0.0398980189569739	ORIGINAL_KEGG_NAME_COMPATIBLE	reports/COAD/current_catalog_v0_1/candidate_catalog.json
COAD	COAD	02_MAPPING	20260919T112700Z_shared_delivery_v1	coad_biochemical_v0.1_shared_view_v1	biochemical_annotation_view	KEGG:C00123	leucine	SLC6A17	feature_gene_pair	NA	NA	NA	NA	NA	NA	NA	NA	NA	NA	NEEDS_REVIEW	REACTION_ANNOTATION_SUPPORTED_PROVISIONAL	reports/COAD/current_catalog_v0_1/candidate_catalog.json	hsa:388662	0.50839089312706	0.0398980189569739	ORIGINAL_KEGG_NAME_COMPATIBLE	reports/COAD/current_catalog_v0_1/candidate_catalog.json
COAD	COAD	02_MAPPING	20260919T112700Z_shared_delivery_v1	coad_biochemical_v0.1_shared_view_v1	biochemical_annotation_view	KEGG:C00123	leucine	SLC6A19	feature_gene_pair	NA	NA	NA	NA	NA	NA	NA	NA	NA	NA	NEEDS_REVIEW	REACTION_ANNOTATION_SUPPORTED_PROVISIONAL	reports/COAD/current_catalog_v0_1/candidate_catalog.json	hsa:340024	0.50839089312706	0.0398980189569739	ORIGINAL_KEGG_NAME_COMPATIBLE	reports/COAD/current_catalog_v0_1/candidate_catalog.json
COAD	COAD	02_MAPPING	20260919T112700Z_shared_delivery_v1	coad_biochemical_v0.1_shared_view_v1	biochemical_annotation_view	KEGG:C00123	leucine	SLC7A13	feature_gene_pair	NA	NA	NA	NA	NA	NA	NA	NA	NA	NA	NEEDS_REVIEW	REACTION_ANNOTATION_SUPPORTED_PROVISIONAL	reports/COAD/current_catalog_v0_1/candidate_catalog.json	hsa:157724	0.50839089312706	0.0398980189569739	ORIGINAL_KEGG_NAME_COMPATIBLE	reports/COAD/current_catalog_v0_1/candidate_catalog.json
COAD	COAD	02_MAPPING	20260919T112700Z_shared_delivery_v1	coad_biochemical_v0.1_shared_view_v1	biochemical_annotation_view	KEGG:C00123	leucine	SLC7A5	feature_gene_pair	NA	NA	NA	NA	NA	NA	NA	NA	NA	NA	NEEDS_REVIEW	REACTION_ANNOTATION_SUPPORTED_PROVISIONAL	reports/COAD/current_catalog_v0_1/candidate_catalog.json	hsa:8140	0.50839089312706	0.0398980189569739	ORIGINAL_KEGG_NAME_COMPATIBLE	reports/COAD/current_catalog_v0_1/candidate_catalog.json
COAD	COAD	02_MAPPING	20260919T112700Z_shared_delivery_v1	coad_biochemical_v0.1_shared_view_v1	biochemical_annotation_view	KEGG:C00123	leucine	SLC7A6	feature_gene_pair	NA	NA	NA	NA	NA	NA	NA	NA	NA	NA	NEEDS_REVIEW	REACTION_ANNOTATION_SUPPORTED_PROVISIONAL	reports/COAD/current_catalog_v0_1/candidate_catalog.json	hsa:9057	0.50839089312706	0.0398980189569739	ORIGINAL_KEGG_NAME_COMPATIBLE	reports/COAD/current_catalog_v0_1/candidate_catalog.json
COAD	COAD	02_MAPPING	20260919T112700Z_shared_delivery_v1	coad_biochemical_v0.1_shared_view_v1	biochemical_annotation_view	KEGG:C00123	leucine	SLC7A7	feature_gene_pair	NA	NA	NA	NA	NA	NA	NA	NA	NA	NA	NEEDS_REVIEW	REACTION_ANNOTATION_SUPPORTED_PROVISIONAL	reports/COAD/current_catalog_v0_1/candidate_catalog.json	hsa:9056	0.50839089312706	0.0398980189569739	ORIGINAL_KEGG_NAME_COMPATIBLE	reports/COAD/current_catalog_v0_1/candidate_catalog.json
COAD	COAD	02_MAPPING	20260919T112700Z_shared_delivery_v1	coad_biochemical_v0.1_shared_view_v1	biochemical_annotation_view	KEGG:C00123	leucine	SLC7A8	feature_gene_pair	NA	NA	NA	NA	NA	NA	NA	NA	NA	NA	NEEDS_REVIEW	REACTION_ANNOTATION_SUPPORTED_PROVISIONAL	reports/COAD/current_catalog_v0_1/candidate_catalog.json	hsa:23428	0.50839089312706	0.0398980189569739	ORIGINAL_KEGG_NAME_COMPATIBLE	reports/COAD/current_catalog_v0_1/candidate_catalog.json
COAD	COAD	02_MAPPING	20260919T112700Z_shared_delivery_v1	coad_biochemical_v0.1_shared_view_v1	biochemical_annotation_view	KEGG:C00123	leucine	SLC7A9	feature_gene_pair	NA	NA	NA	NA	NA	NA	NA	NA	NA	NA	NEEDS_REVIEW	REACTION_ANNOTATION_SUPPORTED_PROVISIONAL	reports/COAD/current_catalog_v0_1/candidate_catalog.json	hsa:11136	0.50839089312706	0.0398980189569739	ORIGINAL_KEGG_NAME_COMPATIBLE	reports/COAD/current_catalog_v0_1/candidate_catalog.json
COAD	COAD	02_MAPPING	20260919T112700Z_shared_delivery_v1	coad_biochemical_v0.1_shared_view_v1	biochemical_annotation_view	HMDB:HMDB05765	ophthalmate	GSS	feature_gene_pair	NA	NA	NA	NA	NA	NA	NA	NA	NA	NA	NEEDS_REVIEW	REACTION_ANNOTATION_SUPPORTED_PROVISIONAL	reports/COAD/current_catalog_v0_1/candidate_catalog.json	hsa:2937	-0.853784378285622	0.000312736900370037	PROVISIONAL_NEW_KEGG_ID	reports/COAD/current_catalog_v0_1/candidate_catalog.json
COAD	COAD	02_MAPPING	20260919T112700Z_shared_delivery_v1	coad_biochemical_v0.1_shared_view_v1	biochemical_annotation_view	KEGG:C00074	phosphoenolpyruvate (PEP)	ENO1	feature_gene_pair	NA	NA	NA	NA	NA	NA	NA	NA	NA	NA	NEEDS_REVIEW	REACTION_ANNOTATION_SUPPORTED_PROVISIONAL	reports/COAD/current_catalog_v0_1/candidate_catalog.json	hsa:2023	-0.681593834380287	0.00582518324469414	ORIGINAL_KEGG_NAME_COMPATIBLE	reports/COAD/current_catalog_v0_1/candidate_catalog.json
COAD	COAD	02_MAPPING	20260919T112700Z_shared_delivery_v1	coad_biochemical_v0.1_shared_view_v1	biochemical_annotation_view	KEGG:C00074	phosphoenolpyruvate (PEP)	ENO2	feature_gene_pair	NA	NA	NA	NA	NA	NA	NA	NA	NA	NA	NEEDS_REVIEW	REACTION_ANNOTATION_SUPPORTED_PROVISIONAL	reports/COAD/current_catalog_v0_1/candidate_catalog.json	hsa:2026	-0.681593834380287	0.00582518324469414	ORIGINAL_KEGG_NAME_COMPATIBLE	reports/COAD/current_catalog_v0_1/candidate_catalog.json
COAD	COAD	02_MAPPING	20260919T112700Z_shared_delivery_v1	coad_biochemical_v0.1_shared_view_v1	biochemical_annotation_view	KEGG:C00074	phosphoenolpyruvate (PEP)	ENO3	feature_gene_pair	NA	NA	NA	NA	NA	NA	NA	NA	NA	NA	NEEDS_REVIEW	REACTION_ANNOTATION_SUPPORTED_PROVISIONAL	reports/COAD/current_catalog_v0_1/candidate_catalog.json	hsa:2027	-0.681593834380287	0.00582518324469414	ORIGINAL_KEGG_NAME_COMPATIBLE	reports/COAD/current_catalog_v0_1/candidate_catalog.json
COAD	COAD	02_MAPPING	20260919T112700Z_shared_delivery_v1	coad_biochemical_v0.1_shared_view_v1	biochemical_annotation_view	KEGG:C00074	phosphoenolpyruvate (PEP)	ENO4	feature_gene_pair	NA	NA	NA	NA	NA	NA	NA	NA	NA	NA	NEEDS_REVIEW	REACTION_ANNOTATION_SUPPORTED_PROVISIONAL	reports/COAD/current_catalog_v0_1/candidate_catalog.json	hsa:387712	-0.681593834380287	0.00582518324469414	ORIGINAL_KEGG_NAME_COMPATIBLE	reports/COAD/current_catalog_v0_1/candidate_catalog.json
COAD	COAD	02_MAPPING	20260919T112700Z_shared_delivery_v1	coad_biochemical_v0.1_shared_view_v1	biochemical_annotation_view	KEGG:C00074	phosphoenolpyruvate (PEP)	NANS	feature_gene_pair	NA	NA	NA	NA	NA	NA	NA	NA	NA	NA	NEEDS_REVIEW	REACTION_ANNOTATION_SUPPORTED_PROVISIONAL	reports/COAD/current_catalog_v0_1/candidate_catalog.json	hsa:54187	-0.681593834380287	0.00582518324469414	ORIGINAL_KEGG_NAME_COMPATIBLE	reports/COAD/current_catalog_v0_1/candidate_catalog.json
COAD	COAD	02_MAPPING	20260919T112700Z_shared_delivery_v1	coad_biochemical_v0.1_shared_view_v1	biochemical_annotation_view	KEGG:C00074	phosphoenolpyruvate (PEP)	PCK1	feature_gene_pair	NA	NA	NA	NA	NA	NA	NA	NA	NA	NA	NEEDS_REVIEW	REACTION_ANNOTATION_SUPPORTED_PROVISIONAL	reports/COAD/current_catalog_v0_1/candidate_catalog.json	hsa:5105	-0.681593834380287	0.00582518324469414	ORIGINAL_KEGG_NAME_COMPATIBLE	reports/COAD/current_catalog_v0_1/candidate_catalog.json
COAD	COAD	02_MAPPING	20260919T112700Z_shared_delivery_v1	coad_biochemical_v0.1_shared_view_v1	biochemical_annotation_view	KEGG:C00074	phosphoenolpyruvate (PEP)	PCK2	feature_gene_pair	NA	NA	NA	NA	NA	NA	NA	NA	NA	NA	NEEDS_REVIEW	REACTION_ANNOTATION_SUPPORTED_PROVISIONAL	reports/COAD/current_catalog_v0_1/candidate_catalog.json	hsa:5106	-0.681593834380287	0.00582518324469414	ORIGINAL_KEGG_NAME_COMPATIBLE	reports/COAD/current_catalog_v0_1/candidate_catalog.json
COAD	COAD	02_MAPPING	20260919T112700Z_shared_delivery_v1	coad_biochemical_v0.1_shared_view_v1	biochemical_annotation_view	KEGG:C00074	phosphoenolpyruvate (PEP)	PKLR	feature_gene_pair	NA	NA	NA	NA	NA	NA	NA	NA	NA	NA	NEEDS_REVIEW	REACTION_ANNOTATION_SUPPORTED_PROVISIONAL	reports/COAD/current_catalog_v0_1/candidate_catalog.json	hsa:5313	-0.681593834380287	0.00582518324469414	ORIGINAL_KEGG_NAME_COMPATIBLE	reports/COAD/current_catalog_v0_1/candidate_catalog.json
COAD	COAD	02_MAPPING	20260919T112700Z_shared_delivery_v1	coad_biochemical_v0.1_shared_view_v1	biochemical_annotation_view	KEGG:C00074	phosphoenolpyruvate (PEP)	PKM	feature_gene_pair	NA	NA	NA	NA	NA	NA	NA	NA	NA	NA	NEEDS_REVIEW	REACTION_ANNOTATION_SUPPORTED_PROVISIONAL	reports/COAD/current_catalog_v0_1/candidate_catalog.json	hsa:5315	-0.681593834380287	0.00582518324469414	ORIGINAL_KEGG_NAME_COMPATIBLE	reports/COAD/current_catalog_v0_1/candidate_catalog.json
COAD	COAD	02_MAPPING	20260919T112700Z_shared_delivery_v1	coad_biochemical_v0.1_shared_view_v1	biochemical_annotation_view	KEGG:C00074	phosphoenolpyruvate (PEP)	SLC25A1	feature_gene_pair	NA	NA	NA	NA	NA	NA	NA	NA	NA	NA	NEEDS_REVIEW	REACTION_ANNOTATION_SUPPORTED_PROVISIONAL	reports/COAD/current_catalog_v0_1/candidate_catalog.json	hsa:6576	-0.681593834380287	0.00582518324469414	ORIGINAL_KEGG_NAME_COMPATIBLE	reports/COAD/current_catalog_v0_1/candidate_catalog.json
COAD	COAD	02_MAPPING	20260919T112700Z_shared_delivery_v1	coad_biochemical_v0.1_shared_view_v1	biochemical_annotation_view	KEGG:C00074	phosphoenolpyruvate (PEP)	SLC25A35	feature_gene_pair	NA	NA	NA	NA	NA	NA	NA	NA	NA	NA	NEEDS_REVIEW	REACTION_ANNOTATION_SUPPORTED_PROVISIONAL	reports/COAD/current_catalog_v0_1/candidate_catalog.json	hsa:399512	-0.681593834380287	0.00582518324469414	ORIGINAL_KEGG_NAME_COMPATIBLE	reports/COAD/current_catalog_v0_1/candidate_catalog.json
COAD	COAD	02_MAPPING	20260919T112700Z_shared_delivery_v1	coad_biochemical_v0.1_shared_view_v1	biochemical_annotation_view	KEGG:C00148	proline	EPRS1	feature_gene_pair	NA	NA	NA	NA	NA	NA	NA	NA	NA	NA	NEEDS_REVIEW	REACTION_ANNOTATION_SUPPORTED_PROVISIONAL	reports/COAD/current_catalog_v0_1/candidate_catalog.json	hsa:2058	1.83185674666479	3.7774906946348e-08	ORIGINAL_KEGG_NAME_COMPATIBLE	reports/COAD/current_catalog_v0_1/candidate_catalog.json
COAD	COAD	02_MAPPING	20260919T112700Z_shared_delivery_v1	coad_biochemical_v0.1_shared_view_v1	biochemical_annotation_view	KEGG:C00148	proline	LAP3	feature_gene_pair	NA	NA	NA	NA	NA	NA	NA	NA	NA	NA	NEEDS_REVIEW	REACTION_SPECIFICITY_PENDING	reports/COAD/current_catalog_v0_1/candidate_catalog.json	hsa:51056	1.83185674666479	3.7774906946348e-08	ORIGINAL_KEGG_NAME_COMPATIBLE	reports/COAD/current_catalog_v0_1/candidate_catalog.json
COAD	COAD	02_MAPPING	20260919T112700Z_shared_delivery_v1	coad_biochemical_v0.1_shared_view_v1	biochemical_annotation_view	KEGG:C00148	proline	P4HA1	feature_gene_pair	NA	NA	NA	NA	NA	NA	NA	NA	NA	NA	NEEDS_REVIEW	REACTION_SPECIFICITY_PENDING	reports/COAD/current_catalog_v0_1/candidate_catalog.json	hsa:5033	1.83185674666479	3.7774906946348e-08	ORIGINAL_KEGG_NAME_COMPATIBLE	reports/COAD/current_catalog_v0_1/candidate_catalog.json
COAD	COAD	02_MAPPING	20260919T112700Z_shared_delivery_v1	coad_biochemical_v0.1_shared_view_v1	biochemical_annotation_view	KEGG:C00148	proline	P4HA2	feature_gene_pair	NA	NA	NA	NA	NA	NA	NA	NA	NA	NA	NEEDS_REVIEW	REACTION_SPECIFICITY_PENDING	reports/COAD/current_catalog_v0_1/candidate_catalog.json	hsa:8974	1.83185674666479	3.7774906946348e-08	ORIGINAL_KEGG_NAME_COMPATIBLE	reports/COAD/current_catalog_v0_1/candidate_catalog.json
COAD	COAD	02_MAPPING	20260919T112700Z_shared_delivery_v1	coad_biochemical_v0.1_shared_view_v1	biochemical_annotation_view	KEGG:C00148	proline	P4HA3	feature_gene_pair	NA	NA	NA	NA	NA	NA	NA	NA	NA	NA	NEEDS_REVIEW	REACTION_SPECIFICITY_PENDING	reports/COAD/current_catalog_v0_1/candidate_catalog.json	hsa:283208	1.83185674666479	3.7774906946348e-08	ORIGINAL_KEGG_NAME_COMPATIBLE	reports/COAD/current_catalog_v0_1/candidate_catalog.json
COAD	COAD	02_MAPPING	20260919T112700Z_shared_delivery_v1	coad_biochemical_v0.1_shared_view_v1	biochemical_annotation_view	KEGG:C00148	proline	PARS2	feature_gene_pair	NA	NA	NA	NA	NA	NA	NA	NA	NA	NA	NEEDS_REVIEW	REACTION_ANNOTATION_SUPPORTED_PROVISIONAL	reports/COAD/current_catalog_v0_1/candidate_catalog.json	hsa:25973	1.83185674666479	3.7774906946348e-08	ORIGINAL_KEGG_NAME_COMPATIBLE	reports/COAD/current_catalog_v0_1/candidate_catalog.json
COAD	COAD	02_MAPPING	20260919T112700Z_shared_delivery_v1	coad_biochemical_v0.1_shared_view_v1	biochemical_annotation_view	KEGG:C00148	proline	PRODH	feature_gene_pair	NA	NA	NA	NA	NA	NA	NA	NA	NA	NA	NEEDS_REVIEW	REACTION_ANNOTATION_SUPPORTED_PROVISIONAL	reports/COAD/current_catalog_v0_1/candidate_catalog.json	hsa:5625	1.83185674666479	3.7774906946348e-08	ORIGINAL_KEGG_NAME_COMPATIBLE	reports/COAD/current_catalog_v0_1/candidate_catalog.json
COAD	COAD	02_MAPPING	20260919T112700Z_shared_delivery_v1	coad_biochemical_v0.1_shared_view_v1	biochemical_annotation_view	KEGG:C00148	proline	PYCR1	feature_gene_pair	NA	NA	NA	NA	NA	NA	NA	NA	NA	NA	NEEDS_REVIEW	REACTION_ANNOTATION_SUPPORTED_PROVISIONAL	reports/COAD/current_catalog_v0_1/candidate_catalog.json	hsa:5831	1.83185674666479	3.7774906946348e-08	ORIGINAL_KEGG_NAME_COMPATIBLE	reports/COAD/current_catalog_v0_1/candidate_catalog.json
COAD	COAD	02_MAPPING	20260919T112700Z_shared_delivery_v1	coad_biochemical_v0.1_shared_view_v1	biochemical_annotation_view	KEGG:C00148	proline	PYCR2	feature_gene_pair	NA	NA	NA	NA	NA	NA	NA	NA	NA	NA	NEEDS_REVIEW	REACTION_ANNOTATION_SUPPORTED_PROVISIONAL	reports/COAD/current_catalog_v0_1/candidate_catalog.json	hsa:29920	1.83185674666479	3.7774906946348e-08	ORIGINAL_KEGG_NAME_COMPATIBLE	reports/COAD/current_catalog_v0_1/candidate_catalog.json
COAD	COAD	02_MAPPING	20260919T112700Z_shared_delivery_v1	coad_biochemical_v0.1_shared_view_v1	biochemical_annotation_view	KEGG:C00148	proline	PYCR3	feature_gene_pair	NA	NA	NA	NA	NA	NA	NA	NA	NA	NA	NEEDS_REVIEW	REACTION_ANNOTATION_SUPPORTED_PROVISIONAL	reports/COAD/current_catalog_v0_1/candidate_catalog.json	hsa:65263	1.83185674666479	3.7774906946348e-08	ORIGINAL_KEGG_NAME_COMPATIBLE	reports/COAD/current_catalog_v0_1/candidate_catalog.json
COAD	COAD	02_MAPPING	20260919T112700Z_shared_delivery_v1	coad_biochemical_v0.1_shared_view_v1	biochemical_annotation_view	KEGG:C00148	proline	SLC1A4	feature_gene_pair	NA	NA	NA	NA	NA	NA	NA	NA	NA	NA	NEEDS_REVIEW	REACTION_ANNOTATION_SUPPORTED_PROVISIONAL	reports/COAD/current_catalog_v0_1/candidate_catalog.json	hsa:6509	1.83185674666479	3.7774906946348e-08	ORIGINAL_KEGG_NAME_COMPATIBLE	reports/COAD/current_catalog_v0_1/candidate_catalog.json
COAD	COAD	02_MAPPING	20260919T112700Z_shared_delivery_v1	coad_biochemical_v0.1_shared_view_v1	biochemical_annotation_view	KEGG:C00148	proline	SLC36A1	feature_gene_pair	NA	NA	NA	NA	NA	NA	NA	NA	NA	NA	NEEDS_REVIEW	REACTION_ANNOTATION_SUPPORTED_PROVISIONAL	reports/COAD/current_catalog_v0_1/candidate_catalog.json	hsa:206358	1.83185674666479	3.7774906946348e-08	ORIGINAL_KEGG_NAME_COMPATIBLE	reports/COAD/current_catalog_v0_1/candidate_catalog.json
COAD	COAD	02_MAPPING	20260919T112700Z_shared_delivery_v1	coad_biochemical_v0.1_shared_view_v1	biochemical_annotation_view	KEGG:C00148	proline	SLC36A2	feature_gene_pair	NA	NA	NA	NA	NA	NA	NA	NA	NA	NA	NEEDS_REVIEW	REACTION_ANNOTATION_SUPPORTED_PROVISIONAL	reports/COAD/current_catalog_v0_1/candidate_catalog.json	hsa:153201	1.83185674666479	3.7774906946348e-08	ORIGINAL_KEGG_NAME_COMPATIBLE	reports/COAD/current_catalog_v0_1/candidate_catalog.json
COAD	COAD	02_MAPPING	20260919T112700Z_shared_delivery_v1	coad_biochemical_v0.1_shared_view_v1	biochemical_annotation_view	KEGG:C00148	proline	SLC36A4	feature_gene_pair	NA	NA	NA	NA	NA	NA	NA	NA	NA	NA	NEEDS_REVIEW	REACTION_ANNOTATION_SUPPORTED_PROVISIONAL	reports/COAD/current_catalog_v0_1/candidate_catalog.json	hsa:120103	1.83185674666479	3.7774906946348e-08	ORIGINAL_KEGG_NAME_COMPATIBLE	reports/COAD/current_catalog_v0_1/candidate_catalog.json
COAD	COAD	02_MAPPING	20260919T112700Z_shared_delivery_v1	coad_biochemical_v0.1_shared_view_v1	biochemical_annotation_view	KEGG:C00148	proline	SLC38A1	feature_gene_pair	NA	NA	NA	NA	NA	NA	NA	NA	NA	NA	NEEDS_REVIEW	REACTION_ANNOTATION_SUPPORTED_PROVISIONAL	reports/COAD/current_catalog_v0_1/candidate_catalog.json	hsa:81539	1.83185674666479	3.7774906946348e-08	ORIGINAL_KEGG_NAME_COMPATIBLE	reports/COAD/current_catalog_v0_1/candidate_catalog.json
COAD	COAD	02_MAPPING	20260919T112700Z_shared_delivery_v1	coad_biochemical_v0.1_shared_view_v1	biochemical_annotation_view	KEGG:C00148	proline	SLC38A2	feature_gene_pair	NA	NA	NA	NA	NA	NA	NA	NA	NA	NA	NEEDS_REVIEW	REACTION_ANNOTATION_SUPPORTED_PROVISIONAL	reports/COAD/current_catalog_v0_1/candidate_catalog.json	hsa:54407	1.83185674666479	3.7774906946348e-08	ORIGINAL_KEGG_NAME_COMPATIBLE	reports/COAD/current_catalog_v0_1/candidate_catalog.json
COAD	COAD	02_MAPPING	20260919T112700Z_shared_delivery_v1	coad_biochemical_v0.1_shared_view_v1	biochemical_annotation_view	KEGG:C00148	proline	SLC38A4	feature_gene_pair	NA	NA	NA	NA	NA	NA	NA	NA	NA	NA	NEEDS_REVIEW	REACTION_ANNOTATION_SUPPORTED_PROVISIONAL	reports/COAD/current_catalog_v0_1/candidate_catalog.json	hsa:55089	1.83185674666479	3.7774906946348e-08	ORIGINAL_KEGG_NAME_COMPATIBLE	reports/COAD/current_catalog_v0_1/candidate_catalog.json
COAD	COAD	02_MAPPING	20260919T112700Z_shared_delivery_v1	coad_biochemical_v0.1_shared_view_v1	biochemical_annotation_view	KEGG:C00148	proline	SLC6A15	feature_gene_pair	NA	NA	NA	NA	NA	NA	NA	NA	NA	NA	NEEDS_REVIEW	REACTION_ANNOTATION_SUPPORTED_PROVISIONAL	reports/COAD/current_catalog_v0_1/candidate_catalog.json	hsa:55117	1.83185674666479	3.7774906946348e-08	ORIGINAL_KEGG_NAME_COMPATIBLE	reports/COAD/current_catalog_v0_1/candidate_catalog.json
COAD	COAD	02_MAPPING	20260919T112700Z_shared_delivery_v1	coad_biochemical_v0.1_shared_view_v1	biochemical_annotation_view	KEGG:C00148	proline	SLC6A17	feature_gene_pair	NA	NA	NA	NA	NA	NA	NA	NA	NA	NA	NEEDS_REVIEW	REACTION_ANNOTATION_SUPPORTED_PROVISIONAL	reports/COAD/current_catalog_v0_1/candidate_catalog.json	hsa:388662	1.83185674666479	3.7774906946348e-08	ORIGINAL_KEGG_NAME_COMPATIBLE	reports/COAD/current_catalog_v0_1/candidate_catalog.json
COAD	COAD	02_MAPPING	20260919T112700Z_shared_delivery_v1	coad_biochemical_v0.1_shared_view_v1	biochemical_annotation_view	KEGG:C00148	proline	SLC6A20	feature_gene_pair	NA	NA	NA	NA	NA	NA	NA	NA	NA	NA	NEEDS_REVIEW	REACTION_ANNOTATION_SUPPORTED_PROVISIONAL	reports/COAD/current_catalog_v0_1/candidate_catalog.json	hsa:54716	1.83185674666479	3.7774906946348e-08	ORIGINAL_KEGG_NAME_COMPATIBLE	reports/COAD/current_catalog_v0_1/candidate_catalog.json
COAD	COAD	02_MAPPING	20260919T112700Z_shared_delivery_v1	coad_biochemical_v0.1_shared_view_v1	biochemical_annotation_view	KEGG:C00148	proline	SLC6A7	feature_gene_pair	NA	NA	NA	NA	NA	NA	NA	NA	NA	NA	NEEDS_REVIEW	REACTION_ANNOTATION_SUPPORTED_PROVISIONAL	reports/COAD/current_catalog_v0_1/candidate_catalog.json	hsa:6534	1.83185674666479	3.7774906946348e-08	ORIGINAL_KEGG_NAME_COMPATIBLE	reports/COAD/current_catalog_v0_1/candidate_catalog.json
COAD	COAD	02_MAPPING	20260919T112700Z_shared_delivery_v1	coad_biochemical_v0.1_shared_view_v1	biochemical_annotation_view	KEGG:C00199	ribulose/xylulose 5-phosphate	FGGY	feature_gene_pair	NA	NA	NA	NA	NA	NA	NA	NA	NA	NA	NEEDS_REVIEW	IDENTITY_HOLD	reports/COAD/current_catalog_v0_1/candidate_catalog.json	hsa:55277	-1.38855897890463	2.1849625495186e-06	HOLD_COMBINED_FEATURE	reports/COAD/current_catalog_v0_1/candidate_catalog.json
COAD	COAD	02_MAPPING	20260919T112700Z_shared_delivery_v1	coad_biochemical_v0.1_shared_view_v1	biochemical_annotation_view	KEGG:C00199	ribulose/xylulose 5-phosphate	PGD	feature_gene_pair	NA	NA	NA	NA	NA	NA	NA	NA	NA	NA	NEEDS_REVIEW	IDENTITY_HOLD	reports/COAD/current_catalog_v0_1/candidate_catalog.json	hsa:5226	-1.38855897890463	2.1849625495186e-06	HOLD_COMBINED_FEATURE	reports/COAD/current_catalog_v0_1/candidate_catalog.json
COAD	COAD	02_MAPPING	20260919T112700Z_shared_delivery_v1	coad_biochemical_v0.1_shared_view_v1	biochemical_annotation_view	KEGG:C00199	ribulose/xylulose 5-phosphate	RPE	feature_gene_pair	NA	NA	NA	NA	NA	NA	NA	NA	NA	NA	NEEDS_REVIEW	IDENTITY_HOLD	reports/COAD/current_catalog_v0_1/candidate_catalog.json	hsa:6120	-1.38855897890463	2.1849625495186e-06	HOLD_COMBINED_FEATURE	reports/COAD/current_catalog_v0_1/candidate_catalog.json
COAD	COAD	02_MAPPING	20260919T112700Z_shared_delivery_v1	coad_biochemical_v0.1_shared_view_v1	biochemical_annotation_view	KEGG:C00199	ribulose/xylulose 5-phosphate	RPEL1	feature_gene_pair	NA	NA	NA	NA	NA	NA	NA	NA	NA	NA	NEEDS_REVIEW	IDENTITY_HOLD	reports/COAD/current_catalog_v0_1/candidate_catalog.json	hsa:729020	-1.38855897890463	2.1849625495186e-06	HOLD_COMBINED_FEATURE	reports/COAD/current_catalog_v0_1/candidate_catalog.json
COAD	COAD	02_MAPPING	20260919T112700Z_shared_delivery_v1	coad_biochemical_v0.1_shared_view_v1	biochemical_annotation_view	KEGG:C00199	ribulose/xylulose 5-phosphate	RPIA	feature_gene_pair	NA	NA	NA	NA	NA	NA	NA	NA	NA	NA	NEEDS_REVIEW	IDENTITY_HOLD	reports/COAD/current_catalog_v0_1/candidate_catalog.json	hsa:22934	-1.38855897890463	2.1849625495186e-06	HOLD_COMBINED_FEATURE	reports/COAD/current_catalog_v0_1/candidate_catalog.json
COAD	COAD	02_MAPPING	20260919T112700Z_shared_delivery_v1	coad_biochemical_v0.1_shared_view_v1	biochemical_annotation_view	KEGG:C00199	ribulose/xylulose 5-phosphate	TKT	feature_gene_pair	NA	NA	NA	NA	NA	NA	NA	NA	NA	NA	NEEDS_REVIEW	IDENTITY_HOLD	reports/COAD/current_catalog_v0_1/candidate_catalog.json	hsa:7086	-1.38855897890463	2.1849625495186e-06	HOLD_COMBINED_FEATURE	reports/COAD/current_catalog_v0_1/candidate_catalog.json
COAD	COAD	02_MAPPING	20260919T112700Z_shared_delivery_v1	coad_biochemical_v0.1_shared_view_v1	biochemical_annotation_view	KEGG:C00199	ribulose/xylulose 5-phosphate	TKTL1	feature_gene_pair	NA	NA	NA	NA	NA	NA	NA	NA	NA	NA	NEEDS_REVIEW	IDENTITY_HOLD	reports/COAD/current_catalog_v0_1/candidate_catalog.json	hsa:8277	-1.38855897890463	2.1849625495186e-06	HOLD_COMBINED_FEATURE	reports/COAD/current_catalog_v0_1/candidate_catalog.json
COAD	COAD	02_MAPPING	20260919T112700Z_shared_delivery_v1	coad_biochemical_v0.1_shared_view_v1	biochemical_annotation_view	KEGG:C00199	ribulose/xylulose 5-phosphate	TKTL2	feature_gene_pair	NA	NA	NA	NA	NA	NA	NA	NA	NA	NA	NEEDS_REVIEW	IDENTITY_HOLD	reports/COAD/current_catalog_v0_1/candidate_catalog.json	hsa:84076	-1.38855897890463	2.1849625495186e-06	HOLD_COMBINED_FEATURE	reports/COAD/current_catalog_v0_1/candidate_catalog.json
COAD	COAD	02_MAPPING	20260919T112700Z_shared_delivery_v1	coad_biochemical_v0.1_shared_view_v1	biochemical_annotation_view	KEGG:C00199	ribulose/xylulose 5-phosphate	XYLB	feature_gene_pair	NA	NA	NA	NA	NA	NA	NA	NA	NA	NA	NEEDS_REVIEW	IDENTITY_HOLD	reports/COAD/current_catalog_v0_1/candidate_catalog.json	hsa:9942	-1.38855897890463	2.1849625495186e-06	HOLD_COMBINED_FEATURE	reports/COAD/current_catalog_v0_1/candidate_catalog.json
COAD	COAD	02_MAPPING	20260919T112700Z_shared_delivery_v1	coad_biochemical_v0.1_shared_view_v1	biochemical_annotation_view	KEGG:C00780	serotonin (5HT)	AANAT	feature_gene_pair	NA	NA	NA	NA	NA	NA	NA	NA	NA	NA	NEEDS_REVIEW	REACTION_SPECIFICITY_PENDING	reports/COAD/current_catalog_v0_1/candidate_catalog.json	hsa:15	-2.57675115041992	5.92017690328805e-10	ORIGINAL_KEGG_NAME_COMPATIBLE	reports/COAD/current_catalog_v0_1/candidate_catalog.json
COAD	COAD	02_MAPPING	20260919T112700Z_shared_delivery_v1	coad_biochemical_v0.1_shared_view_v1	biochemical_annotation_view	KEGG:C00780	serotonin (5HT)	DDC	feature_gene_pair	NA	NA	NA	NA	NA	NA	NA	NA	NA	NA	NEEDS_REVIEW	REACTION_ANNOTATION_SUPPORTED_PROVISIONAL	reports/COAD/current_catalog_v0_1/candidate_catalog.json	hsa:1644	-2.57675115041992	5.92017690328805e-10	ORIGINAL_KEGG_NAME_COMPATIBLE	reports/COAD/current_catalog_v0_1/candidate_catalog.json
COAD	COAD	02_MAPPING	20260919T112700Z_shared_delivery_v1	coad_biochemical_v0.1_shared_view_v1	biochemical_annotation_view	KEGG:C00780	serotonin (5HT)	IDO1	feature_gene_pair	NA	NA	NA	NA	NA	NA	NA	NA	NA	NA	NEEDS_REVIEW	REACTION_SPECIFICITY_PENDING	reports/COAD/current_catalog_v0_1/candidate_catalog.json	hsa:3620	-2.57675115041992	5.92017690328805e-10	ORIGINAL_KEGG_NAME_COMPATIBLE	reports/COAD/current_catalog_v0_1/candidate_catalog.json
COAD	COAD	02_MAPPING	20260919T112700Z_shared_delivery_v1	coad_biochemical_v0.1_shared_view_v1	biochemical_annotation_view	KEGG:C00780	serotonin (5HT)	IDO2	feature_gene_pair	NA	NA	NA	NA	NA	NA	NA	NA	NA	NA	NEEDS_REVIEW	REACTION_SPECIFICITY_PENDING	reports/COAD/current_catalog_v0_1/candidate_catalog.json	hsa:169355	-2.57675115041992	5.92017690328805e-10	ORIGINAL_KEGG_NAME_COMPATIBLE	reports/COAD/current_catalog_v0_1/candidate_catalog.json
COAD	COAD	02_MAPPING	20260919T112700Z_shared_delivery_v1	coad_biochemical_v0.1_shared_view_v1	biochemical_annotation_view	KEGG:C00780	serotonin (5HT)	INMT	feature_gene_pair	NA	NA	NA	NA	NA	NA	NA	NA	NA	NA	NEEDS_REVIEW	REACTION_SPECIFICITY_PENDING	reports/COAD/current_catalog_v0_1/candidate_catalog.json	hsa:11185	-2.57675115041992	5.92017690328805e-10	ORIGINAL_KEGG_NAME_COMPATIBLE	reports/COAD/current_catalog_v0_1/candidate_catalog.json
COAD	COAD	02_MAPPING	20260919T112700Z_shared_delivery_v1	coad_biochemical_v0.1_shared_view_v1	biochemical_annotation_view	KEGG:C00780	serotonin (5HT)	MAOA	feature_gene_pair	NA	NA	NA	NA	NA	NA	NA	NA	NA	NA	NEEDS_REVIEW	REACTION_ANNOTATION_SUPPORTED_PROVISIONAL	reports/COAD/current_catalog_v0_1/candidate_catalog.json	hsa:4128	-2.57675115041992	5.92017690328805e-10	ORIGINAL_KEGG_NAME_COMPATIBLE	reports/COAD/current_catalog_v0_1/candidate_catalog.json
COAD	COAD	02_MAPPING	20260919T112700Z_shared_delivery_v1	coad_biochemical_v0.1_shared_view_v1	biochemical_annotation_view	KEGG:C00780	serotonin (5HT)	MAOB	feature_gene_pair	NA	NA	NA	NA	NA	NA	NA	NA	NA	NA	NEEDS_REVIEW	REACTION_SPECIFICITY_PENDING	reports/COAD/current_catalog_v0_1/candidate_catalog.json	hsa:4129	-2.57675115041992	5.92017690328805e-10	ORIGINAL_KEGG_NAME_COMPATIBLE	reports/COAD/current_catalog_v0_1/candidate_catalog.json
COAD	COAD	02_MAPPING	20260919T112700Z_shared_delivery_v1	coad_biochemical_v0.1_shared_view_v1	biochemical_annotation_view	KEGG:C00780	serotonin (5HT)	METTL6	feature_gene_pair	NA	NA	NA	NA	NA	NA	NA	NA	NA	NA	NEEDS_REVIEW	REACTION_SPECIFICITY_PENDING	reports/COAD/current_catalog_v0_1/candidate_catalog.json	hsa:131965	-2.57675115041992	5.92017690328805e-10	ORIGINAL_KEGG_NAME_COMPATIBLE	reports/COAD/current_catalog_v0_1/candidate_catalog.json
COAD	COAD	02_MAPPING	20260919T112700Z_shared_delivery_v1	coad_biochemical_v0.1_shared_view_v1	biochemical_annotation_view	KEGG:C00780	serotonin (5HT)	SLC18A1	feature_gene_pair	NA	NA	NA	NA	NA	NA	NA	NA	NA	NA	NEEDS_REVIEW	REACTION_ANNOTATION_SUPPORTED_PROVISIONAL	reports/COAD/current_catalog_v0_1/candidate_catalog.json	hsa:6570	-2.57675115041992	5.92017690328805e-10	ORIGINAL_KEGG_NAME_COMPATIBLE	reports/COAD/current_catalog_v0_1/candidate_catalog.json
COAD	COAD	02_MAPPING	20260919T112700Z_shared_delivery_v1	coad_biochemical_v0.1_shared_view_v1	biochemical_annotation_view	KEGG:C00780	serotonin (5HT)	SLC18A2	feature_gene_pair	NA	NA	NA	NA	NA	NA	NA	NA	NA	NA	NEEDS_REVIEW	REACTION_ANNOTATION_SUPPORTED_PROVISIONAL	reports/COAD/current_catalog_v0_1/candidate_catalog.json	hsa:6571	-2.57675115041992	5.92017690328805e-10	ORIGINAL_KEGG_NAME_COMPATIBLE	reports/COAD/current_catalog_v0_1/candidate_catalog.json
COAD	COAD	02_MAPPING	20260919T112700Z_shared_delivery_v1	coad_biochemical_v0.1_shared_view_v1	biochemical_annotation_view	KEGG:C00780	serotonin (5HT)	SLC18A3	feature_gene_pair	NA	NA	NA	NA	NA	NA	NA	NA	NA	NA	NEEDS_REVIEW	REACTION_ANNOTATION_SUPPORTED_PROVISIONAL	reports/COAD/current_catalog_v0_1/candidate_catalog.json	hsa:6572	-2.57675115041992	5.92017690328805e-10	ORIGINAL_KEGG_NAME_COMPATIBLE	reports/COAD/current_catalog_v0_1/candidate_catalog.json
COAD	COAD	02_MAPPING	20260919T112700Z_shared_delivery_v1	coad_biochemical_v0.1_shared_view_v1	biochemical_annotation_view	KEGG:C00780	serotonin (5HT)	SLC18B1	feature_gene_pair	NA	NA	NA	NA	NA	NA	NA	NA	NA	NA	NEEDS_REVIEW	REACTION_ANNOTATION_SUPPORTED_PROVISIONAL	reports/COAD/current_catalog_v0_1/candidate_catalog.json	hsa:116843	-2.57675115041992	5.92017690328805e-10	ORIGINAL_KEGG_NAME_COMPATIBLE	reports/COAD/current_catalog_v0_1/candidate_catalog.json
COAD	COAD	02_MAPPING	20260919T112700Z_shared_delivery_v1	coad_biochemical_v0.1_shared_view_v1	biochemical_annotation_view	KEGG:C00780	serotonin (5HT)	SLC22A1	feature_gene_pair	NA	NA	NA	NA	NA	NA	NA	NA	NA	NA	NEEDS_REVIEW	REACTION_ANNOTATION_SUPPORTED_PROVISIONAL	reports/COAD/current_catalog_v0_1/candidate_catalog.json	hsa:6580	-2.57675115041992	5.92017690328805e-10	ORIGINAL_KEGG_NAME_COMPATIBLE	reports/COAD/current_catalog_v0_1/candidate_catalog.json
COAD	COAD	02_MAPPING	20260919T112700Z_shared_delivery_v1	coad_biochemical_v0.1_shared_view_v1	biochemical_annotation_view	KEGG:C00780	serotonin (5HT)	SLC22A2	feature_gene_pair	NA	NA	NA	NA	NA	NA	NA	NA	NA	NA	NEEDS_REVIEW	REACTION_ANNOTATION_SUPPORTED_PROVISIONAL	reports/COAD/current_catalog_v0_1/candidate_catalog.json	hsa:6582	-2.57675115041992	5.92017690328805e-10	ORIGINAL_KEGG_NAME_COMPATIBLE	reports/COAD/current_catalog_v0_1/candidate_catalog.json
COAD	COAD	02_MAPPING	20260919T112700Z_shared_delivery_v1	coad_biochemical_v0.1_shared_view_v1	biochemical_annotation_view	KEGG:C00780	serotonin (5HT)	SLC22A3	feature_gene_pair	NA	NA	NA	NA	NA	NA	NA	NA	NA	NA	NEEDS_REVIEW	REACTION_ANNOTATION_SUPPORTED_PROVISIONAL	reports/COAD/current_catalog_v0_1/candidate_catalog.json	hsa:6581	-2.57675115041992	5.92017690328805e-10	ORIGINAL_KEGG_NAME_COMPATIBLE	reports/COAD/current_catalog_v0_1/candidate_catalog.json
COAD	COAD	02_MAPPING	20260919T112700Z_shared_delivery_v1	coad_biochemical_v0.1_shared_view_v1	biochemical_annotation_view	KEGG:C00780	serotonin (5HT)	SLC29A3	feature_gene_pair	NA	NA	NA	NA	NA	NA	NA	NA	NA	NA	NEEDS_REVIEW	REACTION_ANNOTATION_SUPPORTED_PROVISIONAL	reports/COAD/current_catalog_v0_1/candidate_catalog.json	hsa:55315	-2.57675115041992	5.92017690328805e-10	ORIGINAL_KEGG_NAME_COMPATIBLE	reports/COAD/current_catalog_v0_1/candidate_catalog.json
COAD	COAD	02_MAPPING	20260919T112700Z_shared_delivery_v1	coad_biochemical_v0.1_shared_view_v1	biochemical_annotation_view	KEGG:C00780	serotonin (5HT)	SLC29A4	feature_gene_pair	NA	NA	NA	NA	NA	NA	NA	NA	NA	NA	NEEDS_REVIEW	REACTION_ANNOTATION_SUPPORTED_PROVISIONAL	reports/COAD/current_catalog_v0_1/candidate_catalog.json	hsa:222962	-2.57675115041992	5.92017690328805e-10	ORIGINAL_KEGG_NAME_COMPATIBLE	reports/COAD/current_catalog_v0_1/candidate_catalog.json
COAD	COAD	02_MAPPING	20260919T112700Z_shared_delivery_v1	coad_biochemical_v0.1_shared_view_v1	biochemical_annotation_view	KEGG:C00780	serotonin (5HT)	SLC6A4	feature_gene_pair	NA	NA	NA	NA	NA	NA	NA	NA	NA	NA	NEEDS_REVIEW	REACTION_ANNOTATION_SUPPORTED_PROVISIONAL	reports/COAD/current_catalog_v0_1/candidate_catalog.json	hsa:6532	-2.57675115041992	5.92017690328805e-10	ORIGINAL_KEGG_NAME_COMPATIBLE	reports/COAD/current_catalog_v0_1/candidate_catalog.json
COAD	COAD	02_MAPPING	20260919T112700Z_shared_delivery_v1	coad_biochemical_v0.1_shared_view_v1	biochemical_annotation_view	KEGG:C00315	spermidine	ATP13A2	feature_gene_pair	NA	NA	NA	NA	NA	NA	NA	NA	NA	NA	NEEDS_REVIEW	REACTION_ANNOTATION_SUPPORTED_PROVISIONAL	reports/COAD/current_catalog_v0_1/candidate_catalog.json	hsa:23400	0.305948873264586	0.038270274465541	ORIGINAL_KEGG_NAME_COMPATIBLE	reports/COAD/current_catalog_v0_1/candidate_catalog.json
COAD	COAD	02_MAPPING	20260919T112700Z_shared_delivery_v1	coad_biochemical_v0.1_shared_view_v1	biochemical_annotation_view	KEGG:C00315	spermidine	PANX1	feature_gene_pair	NA	NA	NA	NA	NA	NA	NA	NA	NA	NA	NEEDS_REVIEW	REACTION_ANNOTATION_SUPPORTED_PROVISIONAL	reports/COAD/current_catalog_v0_1/candidate_catalog.json	hsa:24145	0.305948873264586	0.038270274465541	ORIGINAL_KEGG_NAME_COMPATIBLE	reports/COAD/current_catalog_v0_1/candidate_catalog.json
COAD	COAD	02_MAPPING	20260919T112700Z_shared_delivery_v1	coad_biochemical_v0.1_shared_view_v1	biochemical_annotation_view	KEGG:C00315	spermidine	PAOX	feature_gene_pair	NA	NA	NA	NA	NA	NA	NA	NA	NA	NA	NEEDS_REVIEW	REACTION_ANNOTATION_SUPPORTED_PROVISIONAL	reports/COAD/current_catalog_v0_1/candidate_catalog.json	hsa:196743	0.305948873264586	0.038270274465541	ORIGINAL_KEGG_NAME_COMPATIBLE	reports/COAD/current_catalog_v0_1/candidate_catalog.json
COAD	COAD	02_MAPPING	20260919T112700Z_shared_delivery_v1	coad_biochemical_v0.1_shared_view_v1	biochemical_annotation_view	KEGG:C00315	spermidine	SLC18B1	feature_gene_pair	NA	NA	NA	NA	NA	NA	NA	NA	NA	NA	NEEDS_REVIEW	REACTION_ANNOTATION_SUPPORTED_PROVISIONAL	reports/COAD/current_catalog_v0_1/candidate_catalog.json	hsa:116843	0.305948873264586	0.038270274465541	ORIGINAL_KEGG_NAME_COMPATIBLE	reports/COAD/current_catalog_v0_1/candidate_catalog.json
COAD	COAD	02_MAPPING	20260919T112700Z_shared_delivery_v1	coad_biochemical_v0.1_shared_view_v1	biochemical_annotation_view	KEGG:C00315	spermidine	SLC22A1	feature_gene_pair	NA	NA	NA	NA	NA	NA	NA	NA	NA	NA	NEEDS_REVIEW	REACTION_ANNOTATION_SUPPORTED_PROVISIONAL	reports/COAD/current_catalog_v0_1/candidate_catalog.json	hsa:6580	0.305948873264586	0.038270274465541	ORIGINAL_KEGG_NAME_COMPATIBLE	reports/COAD/current_catalog_v0_1/candidate_catalog.json
COAD	COAD	02_MAPPING	20260919T112700Z_shared_delivery_v1	coad_biochemical_v0.1_shared_view_v1	biochemical_annotation_view	KEGG:C00315	spermidine	SLC22A16	feature_gene_pair	NA	NA	NA	NA	NA	NA	NA	NA	NA	NA	NEEDS_REVIEW	REACTION_ANNOTATION_SUPPORTED_PROVISIONAL	reports/COAD/current_catalog_v0_1/candidate_catalog.json	hsa:85413	0.305948873264586	0.038270274465541	ORIGINAL_KEGG_NAME_COMPATIBLE	reports/COAD/current_catalog_v0_1/candidate_catalog.json
COAD	COAD	02_MAPPING	20260919T112700Z_shared_delivery_v1	coad_biochemical_v0.1_shared_view_v1	biochemical_annotation_view	KEGG:C00315	spermidine	SLC22A2	feature_gene_pair	NA	NA	NA	NA	NA	NA	NA	NA	NA	NA	NEEDS_REVIEW	REACTION_ANNOTATION_SUPPORTED_PROVISIONAL	reports/COAD/current_catalog_v0_1/candidate_catalog.json	hsa:6582	0.305948873264586	0.038270274465541	ORIGINAL_KEGG_NAME_COMPATIBLE	reports/COAD/current_catalog_v0_1/candidate_catalog.json
COAD	COAD	02_MAPPING	20260919T112700Z_shared_delivery_v1	coad_biochemical_v0.1_shared_view_v1	biochemical_annotation_view	KEGG:C00315	spermidine	SLC22A3	feature_gene_pair	NA	NA	NA	NA	NA	NA	NA	NA	NA	NA	NEEDS_REVIEW	REACTION_ANNOTATION_SUPPORTED_PROVISIONAL	reports/COAD/current_catalog_v0_1/candidate_catalog.json	hsa:6581	0.305948873264586	0.038270274465541	ORIGINAL_KEGG_NAME_COMPATIBLE	reports/COAD/current_catalog_v0_1/candidate_catalog.json
COAD	COAD	02_MAPPING	20260919T112700Z_shared_delivery_v1	coad_biochemical_v0.1_shared_view_v1	biochemical_annotation_view	KEGG:C00315	spermidine	SLC45A4	feature_gene_pair	NA	NA	NA	NA	NA	NA	NA	NA	NA	NA	NEEDS_REVIEW	REACTION_ANNOTATION_SUPPORTED_PROVISIONAL	reports/COAD/current_catalog_v0_1/candidate_catalog.json	hsa:57210	0.305948873264586	0.038270274465541	ORIGINAL_KEGG_NAME_COMPATIBLE	reports/COAD/current_catalog_v0_1/candidate_catalog.json
COAD	COAD	02_MAPPING	20260919T112700Z_shared_delivery_v1	coad_biochemical_v0.1_shared_view_v1	biochemical_annotation_view	KEGG:C00315	spermidine	SMOX	feature_gene_pair	NA	NA	NA	NA	NA	NA	NA	NA	NA	NA	NEEDS_REVIEW	REACTION_ANNOTATION_SUPPORTED_PROVISIONAL	reports/COAD/current_catalog_v0_1/candidate_catalog.json	hsa:54498	0.305948873264586	0.038270274465541	ORIGINAL_KEGG_NAME_COMPATIBLE	reports/COAD/current_catalog_v0_1/candidate_catalog.json
COAD	COAD	02_MAPPING	20260919T112700Z_shared_delivery_v1	coad_biochemical_v0.1_shared_view_v1	biochemical_annotation_view	KEGG:C00315	spermidine	SMS	feature_gene_pair	NA	NA	NA	NA	NA	NA	NA	NA	NA	NA	NEEDS_REVIEW	REACTION_ANNOTATION_SUPPORTED_PROVISIONAL	reports/COAD/current_catalog_v0_1/candidate_catalog.json	hsa:6611	0.305948873264586	0.038270274465541	ORIGINAL_KEGG_NAME_COMPATIBLE	reports/COAD/current_catalog_v0_1/candidate_catalog.json
COAD	COAD	02_MAPPING	20260919T112700Z_shared_delivery_v1	coad_biochemical_v0.1_shared_view_v1	biochemical_annotation_view	KEGG:C00315	spermidine	SRM	feature_gene_pair	NA	NA	NA	NA	NA	NA	NA	NA	NA	NA	NEEDS_REVIEW	REACTION_ANNOTATION_SUPPORTED_PROVISIONAL	reports/COAD/current_catalog_v0_1/candidate_catalog.json	hsa:6723	0.305948873264586	0.038270274465541	ORIGINAL_KEGG_NAME_COMPATIBLE	reports/COAD/current_catalog_v0_1/candidate_catalog.json
COAD	COAD	02_MAPPING	20260919T112700Z_shared_delivery_v1	coad_biochemical_v0.1_shared_view_v1	biochemical_annotation_view	KEGG:C00245	taurine	BAAT	feature_gene_pair	NA	NA	NA	NA	NA	NA	NA	NA	NA	NA	NEEDS_REVIEW	REACTION_ANNOTATION_SUPPORTED_PROVISIONAL	reports/COAD/current_catalog_v0_1/candidate_catalog.json	hsa:570	1.76824722222295	3.7774906946348e-08	ORIGINAL_KEGG_NAME_COMPATIBLE	reports/COAD/current_catalog_v0_1/candidate_catalog.json
COAD	COAD	02_MAPPING	20260919T112700Z_shared_delivery_v1	coad_biochemical_v0.1_shared_view_v1	biochemical_annotation_view	KEGG:C00245	taurine	CSAD	feature_gene_pair	NA	NA	NA	NA	NA	NA	NA	NA	NA	NA	NEEDS_REVIEW	REACTION_ANNOTATION_SUPPORTED_PROVISIONAL	reports/COAD/current_catalog_v0_1/candidate_catalog.json	hsa:51380	1.76824722222295	3.7774906946348e-08	ORIGINAL_KEGG_NAME_COMPATIBLE	reports/COAD/current_catalog_v0_1/candidate_catalog.json
COAD	COAD	02_MAPPING	20260919T112700Z_shared_delivery_v1	coad_biochemical_v0.1_shared_view_v1	biochemical_annotation_view	KEGG:C00245	taurine	FMO1	feature_gene_pair	NA	NA	NA	NA	NA	NA	NA	NA	NA	NA	NEEDS_REVIEW	REACTION_ANNOTATION_SUPPORTED_PROVISIONAL	reports/COAD/current_catalog_v0_1/candidate_catalog.json	hsa:2326	1.76824722222295	3.7774906946348e-08	ORIGINAL_KEGG_NAME_COMPATIBLE	reports/COAD/current_catalog_v0_1/candidate_catalog.json
COAD	COAD	02_MAPPING	20260919T112700Z_shared_delivery_v1	coad_biochemical_v0.1_shared_view_v1	biochemical_annotation_view	KEGG:C00245	taurine	FMO2	feature_gene_pair	NA	NA	NA	NA	NA	NA	NA	NA	NA	NA	NEEDS_REVIEW	REACTION_SPECIFICITY_PENDING	reports/COAD/current_catalog_v0_1/candidate_catalog.json	hsa:2327	1.76824722222295	3.7774906946348e-08	ORIGINAL_KEGG_NAME_COMPATIBLE	reports/COAD/current_catalog_v0_1/candidate_catalog.json
COAD	COAD	02_MAPPING	20260919T112700Z_shared_delivery_v1	coad_biochemical_v0.1_shared_view_v1	biochemical_annotation_view	KEGG:C00245	taurine	FMO3	feature_gene_pair	NA	NA	NA	NA	NA	NA	NA	NA	NA	NA	NEEDS_REVIEW	REACTION_ANNOTATION_SUPPORTED_PROVISIONAL	reports/COAD/current_catalog_v0_1/candidate_catalog.json	hsa:2328	1.76824722222295	3.7774906946348e-08	ORIGINAL_KEGG_NAME_COMPATIBLE	reports/COAD/current_catalog_v0_1/candidate_catalog.json
COAD	COAD	02_MAPPING	20260919T112700Z_shared_delivery_v1	coad_biochemical_v0.1_shared_view_v1	biochemical_annotation_view	KEGG:C00245	taurine	FMO4	feature_gene_pair	NA	NA	NA	NA	NA	NA	NA	NA	NA	NA	NEEDS_REVIEW	REACTION_SPECIFICITY_PENDING	reports/COAD/current_catalog_v0_1/candidate_catalog.json	hsa:2329	1.76824722222295	3.7774906946348e-08	ORIGINAL_KEGG_NAME_COMPATIBLE	reports/COAD/current_catalog_v0_1/candidate_catalog.json
COAD	COAD	02_MAPPING	20260919T112700Z_shared_delivery_v1	coad_biochemical_v0.1_shared_view_v1	biochemical_annotation_view	KEGG:C00245	taurine	FMO5	feature_gene_pair	NA	NA	NA	NA	NA	NA	NA	NA	NA	NA	NEEDS_REVIEW	REACTION_SPECIFICITY_PENDING	reports/COAD/current_catalog_v0_1/candidate_catalog.json	hsa:2330	1.76824722222295	3.7774906946348e-08	ORIGINAL_KEGG_NAME_COMPATIBLE	reports/COAD/current_catalog_v0_1/candidate_catalog.json
COAD	COAD	02_MAPPING	20260919T112700Z_shared_delivery_v1	coad_biochemical_v0.1_shared_view_v1	biochemical_annotation_view	KEGG:C00245	taurine	GAD1	feature_gene_pair	NA	NA	NA	NA	NA	NA	NA	NA	NA	NA	NEEDS_REVIEW	REACTION_SPECIFICITY_PENDING	reports/COAD/current_catalog_v0_1/candidate_catalog.json	hsa:2571	1.76824722222295	3.7774906946348e-08	ORIGINAL_KEGG_NAME_COMPATIBLE	reports/COAD/current_catalog_v0_1/candidate_catalog.json
COAD	COAD	02_MAPPING	20260919T112700Z_shared_delivery_v1	coad_biochemical_v0.1_shared_view_v1	biochemical_annotation_view	KEGG:C00245	taurine	GAD2	feature_gene_pair	NA	NA	NA	NA	NA	NA	NA	NA	NA	NA	NEEDS_REVIEW	REACTION_SPECIFICITY_PENDING	reports/COAD/current_catalog_v0_1/candidate_catalog.json	hsa:2572	1.76824722222295	3.7774906946348e-08	ORIGINAL_KEGG_NAME_COMPATIBLE	reports/COAD/current_catalog_v0_1/candidate_catalog.json
COAD	COAD	02_MAPPING	20260919T112700Z_shared_delivery_v1	coad_biochemical_v0.1_shared_view_v1	biochemical_annotation_view	KEGG:C00245	taurine	GADL1	feature_gene_pair	NA	NA	NA	NA	NA	NA	NA	NA	NA	NA	NEEDS_REVIEW	REACTION_ANNOTATION_SUPPORTED_PROVISIONAL	reports/COAD/current_catalog_v0_1/candidate_catalog.json	hsa:339896	1.76824722222295	3.7774906946348e-08	ORIGINAL_KEGG_NAME_COMPATIBLE	reports/COAD/current_catalog_v0_1/candidate_catalog.json
COAD	COAD	02_MAPPING	20260919T112700Z_shared_delivery_v1	coad_biochemical_v0.1_shared_view_v1	biochemical_annotation_view	KEGG:C00245	taurine	GGT1	feature_gene_pair	NA	NA	NA	NA	NA	NA	NA	NA	NA	NA	NEEDS_REVIEW	REACTION_SPECIFICITY_PENDING	reports/COAD/current_catalog_v0_1/candidate_catalog.json	hsa:2678	1.76824722222295	3.7774906946348e-08	ORIGINAL_KEGG_NAME_COMPATIBLE	reports/COAD/current_catalog_v0_1/candidate_catalog.json
COAD	COAD	02_MAPPING	20260919T112700Z_shared_delivery_v1	coad_biochemical_v0.1_shared_view_v1	biochemical_annotation_view	KEGG:C00245	taurine	GGT5	feature_gene_pair	NA	NA	NA	NA	NA	NA	NA	NA	NA	NA	NEEDS_REVIEW	REACTION_SPECIFICITY_PENDING	reports/COAD/current_catalog_v0_1/candidate_catalog.json	hsa:2687	1.76824722222295	3.7774906946348e-08	ORIGINAL_KEGG_NAME_COMPATIBLE	reports/COAD/current_catalog_v0_1/candidate_catalog.json
COAD	COAD	02_MAPPING	20260919T112700Z_shared_delivery_v1	coad_biochemical_v0.1_shared_view_v1	biochemical_annotation_view	KEGG:C00245	taurine	GGT6	feature_gene_pair	NA	NA	NA	NA	NA	NA	NA	NA	NA	NA	NEEDS_REVIEW	REACTION_SPECIFICITY_PENDING	reports/COAD/current_catalog_v0_1/candidate_catalog.json	hsa:124975	1.76824722222295	3.7774906946348e-08	ORIGINAL_KEGG_NAME_COMPATIBLE	reports/COAD/current_catalog_v0_1/candidate_catalog.json
COAD	COAD	02_MAPPING	20260919T112700Z_shared_delivery_v1	coad_biochemical_v0.1_shared_view_v1	biochemical_annotation_view	KEGG:C00245	taurine	GGT7	feature_gene_pair	NA	NA	NA	NA	NA	NA	NA	NA	NA	NA	NEEDS_REVIEW	REACTION_SPECIFICITY_PENDING	reports/COAD/current_catalog_v0_1/candidate_catalog.json	hsa:2686	1.76824722222295	3.7774906946348e-08	ORIGINAL_KEGG_NAME_COMPATIBLE	reports/COAD/current_catalog_v0_1/candidate_catalog.json
COAD	COAD	02_MAPPING	20260919T112700Z_shared_delivery_v1	coad_biochemical_v0.1_shared_view_v1	biochemical_annotation_view	KEGG:C00245	taurine	LRRC8A	feature_gene_pair	NA	NA	NA	NA	NA	NA	NA	NA	NA	NA	NEEDS_REVIEW	REACTION_ANNOTATION_SUPPORTED_PROVISIONAL	reports/COAD/current_catalog_v0_1/candidate_catalog.json	hsa:56262	1.76824722222295	3.7774906946348e-08	ORIGINAL_KEGG_NAME_COMPATIBLE	reports/COAD/current_catalog_v0_1/candidate_catalog.json
COAD	COAD	02_MAPPING	20260919T112700Z_shared_delivery_v1	coad_biochemical_v0.1_shared_view_v1	biochemical_annotation_view	KEGG:C00245	taurine	LRRC8B	feature_gene_pair	NA	NA	NA	NA	NA	NA	NA	NA	NA	NA	NEEDS_REVIEW	REACTION_ANNOTATION_SUPPORTED_PROVISIONAL	reports/COAD/current_catalog_v0_1/candidate_catalog.json	hsa:23507	1.76824722222295	3.7774906946348e-08	ORIGINAL_KEGG_NAME_COMPATIBLE	reports/COAD/current_catalog_v0_1/candidate_catalog.json
COAD	COAD	02_MAPPING	20260919T112700Z_shared_delivery_v1	coad_biochemical_v0.1_shared_view_v1	biochemical_annotation_view	KEGG:C00245	taurine	LRRC8C	feature_gene_pair	NA	NA	NA	NA	NA	NA	NA	NA	NA	NA	NEEDS_REVIEW	REACTION_ANNOTATION_SUPPORTED_PROVISIONAL	reports/COAD/current_catalog_v0_1/candidate_catalog.json	hsa:84230	1.76824722222295	3.7774906946348e-08	ORIGINAL_KEGG_NAME_COMPATIBLE	reports/COAD/current_catalog_v0_1/candidate_catalog.json
COAD	COAD	02_MAPPING	20260919T112700Z_shared_delivery_v1	coad_biochemical_v0.1_shared_view_v1	biochemical_annotation_view	KEGG:C00245	taurine	LRRC8D	feature_gene_pair	NA	NA	NA	NA	NA	NA	NA	NA	NA	NA	NEEDS_REVIEW	REACTION_ANNOTATION_SUPPORTED_PROVISIONAL	reports/COAD/current_catalog_v0_1/candidate_catalog.json	hsa:55144	1.76824722222295	3.7774906946348e-08	ORIGINAL_KEGG_NAME_COMPATIBLE	reports/COAD/current_catalog_v0_1/candidate_catalog.json
COAD	COAD	02_MAPPING	20260919T112700Z_shared_delivery_v1	coad_biochemical_v0.1_shared_view_v1	biochemical_annotation_view	KEGG:C00245	taurine	LRRC8E	feature_gene_pair	NA	NA	NA	NA	NA	NA	NA	NA	NA	NA	NEEDS_REVIEW	REACTION_ANNOTATION_SUPPORTED_PROVISIONAL	reports/COAD/current_catalog_v0_1/candidate_catalog.json	hsa:80131	1.76824722222295	3.7774906946348e-08	ORIGINAL_KEGG_NAME_COMPATIBLE	reports/COAD/current_catalog_v0_1/candidate_catalog.json
COAD	COAD	02_MAPPING	20260919T112700Z_shared_delivery_v1	coad_biochemical_v0.1_shared_view_v1	biochemical_annotation_view	KEGG:C00245	taurine	NA	feature_gene_pair	NA	NA	NA	NA	NA	NA	NA	NA	NA	NA	NOT_EVALUABLE	UNIPROT_RECORD_NOT_EVALUABLE	reports/COAD/current_catalog_v0_1/candidate_catalog.json	hsa:102724197	1.76824722222295	3.7774906946348e-08	ORIGINAL_KEGG_NAME_COMPATIBLE	reports/COAD/current_catalog_v0_1/candidate_catalog.json
COAD	COAD	02_MAPPING	20260919T112700Z_shared_delivery_v1	coad_biochemical_v0.1_shared_view_v1	biochemical_annotation_view	KEGG:C00245	taurine	SLC16A6	feature_gene_pair	NA	NA	NA	NA	NA	NA	NA	NA	NA	NA	NEEDS_REVIEW	REACTION_ANNOTATION_SUPPORTED_PROVISIONAL	reports/COAD/current_catalog_v0_1/candidate_catalog.json	hsa:9120	1.76824722222295	3.7774906946348e-08	ORIGINAL_KEGG_NAME_COMPATIBLE	reports/COAD/current_catalog_v0_1/candidate_catalog.json
COAD	COAD	02_MAPPING	20260919T112700Z_shared_delivery_v1	coad_biochemical_v0.1_shared_view_v1	biochemical_annotation_view	KEGG:C00245	taurine	SLC6A11	feature_gene_pair	NA	NA	NA	NA	NA	NA	NA	NA	NA	NA	NEEDS_REVIEW	REACTION_ANNOTATION_SUPPORTED_PROVISIONAL	reports/COAD/current_catalog_v0_1/candidate_catalog.json	hsa:6538	1.76824722222295	3.7774906946348e-08	ORIGINAL_KEGG_NAME_COMPATIBLE	reports/COAD/current_catalog_v0_1/candidate_catalog.json
COAD	COAD	02_MAPPING	20260919T112700Z_shared_delivery_v1	coad_biochemical_v0.1_shared_view_v1	biochemical_annotation_view	KEGG:C00245	taurine	SLC6A13	feature_gene_pair	NA	NA	NA	NA	NA	NA	NA	NA	NA	NA	NEEDS_REVIEW	REACTION_ANNOTATION_SUPPORTED_PROVISIONAL	reports/COAD/current_catalog_v0_1/candidate_catalog.json	hsa:6540	1.76824722222295	3.7774906946348e-08	ORIGINAL_KEGG_NAME_COMPATIBLE	reports/COAD/current_catalog_v0_1/candidate_catalog.json
COAD	COAD	02_MAPPING	20260919T112700Z_shared_delivery_v1	coad_biochemical_v0.1_shared_view_v1	biochemical_annotation_view	KEGG:C00245	taurine	SLC6A6	feature_gene_pair	NA	NA	NA	NA	NA	NA	NA	NA	NA	NA	NEEDS_REVIEW	REACTION_ANNOTATION_SUPPORTED_PROVISIONAL	reports/COAD/current_catalog_v0_1/candidate_catalog.json	hsa:6533	1.76824722222295	3.7774906946348e-08	ORIGINAL_KEGG_NAME_COMPATIBLE	reports/COAD/current_catalog_v0_1/candidate_catalog.json
COAD	COAD	02_MAPPING	20260919T112700Z_shared_delivery_v1	coad_biochemical_v0.1_shared_view_v1	biochemical_annotation_view	KEGG:C00082	tyrosine	DDC	feature_gene_pair	NA	NA	NA	NA	NA	NA	NA	NA	NA	NA	NEEDS_REVIEW	REACTION_SPECIFICITY_PENDING	reports/COAD/current_catalog_v0_1/candidate_catalog.json	hsa:1644	0.543601589293918	0.0398980189569739	ORIGINAL_KEGG_NAME_COMPATIBLE	reports/COAD/current_catalog_v0_1/candidate_catalog.json
COAD	COAD	02_MAPPING	20260919T112700Z_shared_delivery_v1	coad_biochemical_v0.1_shared_view_v1	biochemical_annotation_view	KEGG:C00082	tyrosine	GOT1	feature_gene_pair	NA	NA	NA	NA	NA	NA	NA	NA	NA	NA	NEEDS_REVIEW	REACTION_SPECIFICITY_PENDING	reports/COAD/current_catalog_v0_1/candidate_catalog.json	hsa:2805	0.543601589293918	0.0398980189569739	ORIGINAL_KEGG_NAME_COMPATIBLE	reports/COAD/current_catalog_v0_1/candidate_catalog.json
COAD	COAD	02_MAPPING	20260919T112700Z_shared_delivery_v1	coad_biochemical_v0.1_shared_view_v1	biochemical_annotation_view	KEGG:C00082	tyrosine	GOT1L1	feature_gene_pair	NA	NA	NA	NA	NA	NA	NA	NA	NA	NA	NEEDS_REVIEW	REACTION_SPECIFICITY_PENDING	reports/COAD/current_catalog_v0_1/candidate_catalog.json	hsa:137362	0.543601589293918	0.0398980189569739	ORIGINAL_KEGG_NAME_COMPATIBLE	reports/COAD/current_catalog_v0_1/candidate_catalog.json
COAD	COAD	02_MAPPING	20260919T112700Z_shared_delivery_v1	coad_biochemical_v0.1_shared_view_v1	biochemical_annotation_view	KEGG:C00082	tyrosine	GOT2	feature_gene_pair	NA	NA	NA	NA	NA	NA	NA	NA	NA	NA	NEEDS_REVIEW	REACTION_SPECIFICITY_PENDING	reports/COAD/current_catalog_v0_1/candidate_catalog.json	hsa:2806	0.543601589293918	0.0398980189569739	ORIGINAL_KEGG_NAME_COMPATIBLE	reports/COAD/current_catalog_v0_1/candidate_catalog.json
COAD	COAD	02_MAPPING	20260919T112700Z_shared_delivery_v1	coad_biochemical_v0.1_shared_view_v1	biochemical_annotation_view	KEGG:C00082	tyrosine	IL4I1	feature_gene_pair	NA	NA	NA	NA	NA	NA	NA	NA	NA	NA	NEEDS_REVIEW	REACTION_ANNOTATION_SUPPORTED_PROVISIONAL	reports/COAD/current_catalog_v0_1/candidate_catalog.json	hsa:259307	0.543601589293918	0.0398980189569739	ORIGINAL_KEGG_NAME_COMPATIBLE	reports/COAD/current_catalog_v0_1/candidate_catalog.json
COAD	COAD	02_MAPPING	20260919T112700Z_shared_delivery_v1	coad_biochemical_v0.1_shared_view_v1	biochemical_annotation_view	KEGG:C00082	tyrosine	PAH	feature_gene_pair	NA	NA	NA	NA	NA	NA	NA	NA	NA	NA	NEEDS_REVIEW	REACTION_ANNOTATION_SUPPORTED_PROVISIONAL	reports/COAD/current_catalog_v0_1/candidate_catalog.json	hsa:5053	0.543601589293918	0.0398980189569739	ORIGINAL_KEGG_NAME_COMPATIBLE	reports/COAD/current_catalog_v0_1/candidate_catalog.json
COAD	COAD	02_MAPPING	20260919T112700Z_shared_delivery_v1	coad_biochemical_v0.1_shared_view_v1	biochemical_annotation_view	KEGG:C00082	tyrosine	SLC16A10	feature_gene_pair	NA	NA	NA	NA	NA	NA	NA	NA	NA	NA	NEEDS_REVIEW	REACTION_ANNOTATION_SUPPORTED_PROVISIONAL	reports/COAD/current_catalog_v0_1/candidate_catalog.json	hsa:117247	0.543601589293918	0.0398980189569739	ORIGINAL_KEGG_NAME_COMPATIBLE	reports/COAD/current_catalog_v0_1/candidate_catalog.json
COAD	COAD	02_MAPPING	20260919T112700Z_shared_delivery_v1	coad_biochemical_v0.1_shared_view_v1	biochemical_annotation_view	KEGG:C00082	tyrosine	SLC38A9	feature_gene_pair	NA	NA	NA	NA	NA	NA	NA	NA	NA	NA	NEEDS_REVIEW	REACTION_ANNOTATION_SUPPORTED_PROVISIONAL	reports/COAD/current_catalog_v0_1/candidate_catalog.json	hsa:153129	0.543601589293918	0.0398980189569739	ORIGINAL_KEGG_NAME_COMPATIBLE	reports/COAD/current_catalog_v0_1/candidate_catalog.json
COAD	COAD	02_MAPPING	20260919T112700Z_shared_delivery_v1	coad_biochemical_v0.1_shared_view_v1	biochemical_annotation_view	KEGG:C00082	tyrosine	SLC6A14	feature_gene_pair	NA	NA	NA	NA	NA	NA	NA	NA	NA	NA	NEEDS_REVIEW	REACTION_ANNOTATION_SUPPORTED_PROVISIONAL	reports/COAD/current_catalog_v0_1/candidate_catalog.json	hsa:11254	0.543601589293918	0.0398980189569739	ORIGINAL_KEGG_NAME_COMPATIBLE	reports/COAD/current_catalog_v0_1/candidate_catalog.json
COAD	COAD	02_MAPPING	20260919T112700Z_shared_delivery_v1	coad_biochemical_v0.1_shared_view_v1	biochemical_annotation_view	KEGG:C00082	tyrosine	SLC6A19	feature_gene_pair	NA	NA	NA	NA	NA	NA	NA	NA	NA	NA	NEEDS_REVIEW	REACTION_ANNOTATION_SUPPORTED_PROVISIONAL	reports/COAD/current_catalog_v0_1/candidate_catalog.json	hsa:340024	0.543601589293918	0.0398980189569739	ORIGINAL_KEGG_NAME_COMPATIBLE	reports/COAD/current_catalog_v0_1/candidate_catalog.json
COAD	COAD	02_MAPPING	20260919T112700Z_shared_delivery_v1	coad_biochemical_v0.1_shared_view_v1	biochemical_annotation_view	KEGG:C00082	tyrosine	SLC7A13	feature_gene_pair	NA	NA	NA	NA	NA	NA	NA	NA	NA	NA	NEEDS_REVIEW	REACTION_ANNOTATION_SUPPORTED_PROVISIONAL	reports/COAD/current_catalog_v0_1/candidate_catalog.json	hsa:157724	0.543601589293918	0.0398980189569739	ORIGINAL_KEGG_NAME_COMPATIBLE	reports/COAD/current_catalog_v0_1/candidate_catalog.json
COAD	COAD	02_MAPPING	20260919T112700Z_shared_delivery_v1	coad_biochemical_v0.1_shared_view_v1	biochemical_annotation_view	KEGG:C00082	tyrosine	SLC7A5	feature_gene_pair	NA	NA	NA	NA	NA	NA	NA	NA	NA	NA	NEEDS_REVIEW	REACTION_ANNOTATION_SUPPORTED_PROVISIONAL	reports/COAD/current_catalog_v0_1/candidate_catalog.json	hsa:8140	0.543601589293918	0.0398980189569739	ORIGINAL_KEGG_NAME_COMPATIBLE	reports/COAD/current_catalog_v0_1/candidate_catalog.json
COAD	COAD	02_MAPPING	20260919T112700Z_shared_delivery_v1	coad_biochemical_v0.1_shared_view_v1	biochemical_annotation_view	KEGG:C00082	tyrosine	SLCO3A1	feature_gene_pair	NA	NA	NA	NA	NA	NA	NA	NA	NA	NA	NEEDS_REVIEW	REACTION_ANNOTATION_SUPPORTED_PROVISIONAL	reports/COAD/current_catalog_v0_1/candidate_catalog.json	hsa:28232	0.543601589293918	0.0398980189569739	ORIGINAL_KEGG_NAME_COMPATIBLE	reports/COAD/current_catalog_v0_1/candidate_catalog.json
COAD	COAD	02_MAPPING	20260919T112700Z_shared_delivery_v1	coad_biochemical_v0.1_shared_view_v1	biochemical_annotation_view	KEGG:C00082	tyrosine	TAT	feature_gene_pair	NA	NA	NA	NA	NA	NA	NA	NA	NA	NA	NEEDS_REVIEW	REACTION_ANNOTATION_SUPPORTED_PROVISIONAL	reports/COAD/current_catalog_v0_1/candidate_catalog.json	hsa:6898	0.543601589293918	0.0398980189569739	ORIGINAL_KEGG_NAME_COMPATIBLE	reports/COAD/current_catalog_v0_1/candidate_catalog.json
COAD	COAD	02_MAPPING	20260919T112700Z_shared_delivery_v1	coad_biochemical_v0.1_shared_view_v1	biochemical_annotation_view	KEGG:C00082	tyrosine	TH	feature_gene_pair	NA	NA	NA	NA	NA	NA	NA	NA	NA	NA	NEEDS_REVIEW	REACTION_ANNOTATION_SUPPORTED_PROVISIONAL	reports/COAD/current_catalog_v0_1/candidate_catalog.json	hsa:7054	0.543601589293918	0.0398980189569739	ORIGINAL_KEGG_NAME_COMPATIBLE	reports/COAD/current_catalog_v0_1/candidate_catalog.json
COAD	COAD	02_MAPPING	20260919T112700Z_shared_delivery_v1	coad_biochemical_v0.1_shared_view_v1	biochemical_annotation_view	KEGG:C00082	tyrosine	TPO	feature_gene_pair	NA	NA	NA	NA	NA	NA	NA	NA	NA	NA	NEEDS_REVIEW	REACTION_SPECIFICITY_PENDING	reports/COAD/current_catalog_v0_1/candidate_catalog.json	hsa:7173	0.543601589293918	0.0398980189569739	ORIGINAL_KEGG_NAME_COMPATIBLE	reports/COAD/current_catalog_v0_1/candidate_catalog.json
COAD	COAD	02_MAPPING	20260919T112700Z_shared_delivery_v1	coad_biochemical_v0.1_shared_view_v1	biochemical_annotation_view	KEGG:C00082	tyrosine	TYR	feature_gene_pair	NA	NA	NA	NA	NA	NA	NA	NA	NA	NA	NEEDS_REVIEW	REACTION_SPECIFICITY_PENDING	reports/COAD/current_catalog_v0_1/candidate_catalog.json	hsa:7299	0.543601589293918	0.0398980189569739	ORIGINAL_KEGG_NAME_COMPATIBLE	reports/COAD/current_catalog_v0_1/candidate_catalog.json
COAD	COAD	02_MAPPING	20260919T112700Z_shared_delivery_v1	coad_biochemical_v0.1_shared_view_v1	biochemical_annotation_view	KEGG:C00082	tyrosine	YARS1	feature_gene_pair	NA	NA	NA	NA	NA	NA	NA	NA	NA	NA	NEEDS_REVIEW	REACTION_ANNOTATION_SUPPORTED_PROVISIONAL	reports/COAD/current_catalog_v0_1/candidate_catalog.json	hsa:8565	0.543601589293918	0.0398980189569739	ORIGINAL_KEGG_NAME_COMPATIBLE	reports/COAD/current_catalog_v0_1/candidate_catalog.json
COAD	COAD	02_MAPPING	20260919T112700Z_shared_delivery_v1	coad_biochemical_v0.1_shared_view_v1	biochemical_annotation_view	KEGG:C00082	tyrosine	YARS2	feature_gene_pair	NA	NA	NA	NA	NA	NA	NA	NA	NA	NA	NEEDS_REVIEW	REACTION_ANNOTATION_SUPPORTED_PROVISIONAL	reports/COAD/current_catalog_v0_1/candidate_catalog.json	hsa:51067	0.543601589293918	0.0398980189569739	ORIGINAL_KEGG_NAME_COMPATIBLE	reports/COAD/current_catalog_v0_1/candidate_catalog.json
COAD	COAD	02_MAPPING	20260919T112700Z_shared_delivery_v1	coad_biochemical_v0.1_shared_view_v1	biochemical_annotation_view	KEGG:C00106	uracil	AQP9	feature_gene_pair	NA	NA	NA	NA	NA	NA	NA	NA	NA	NA	NEEDS_REVIEW	REACTION_ANNOTATION_SUPPORTED_PROVISIONAL	reports/COAD/current_catalog_v0_1/candidate_catalog.json	hsa:366	0.735231055609736	0.00317493716792095	ORIGINAL_KEGG_NAME_COMPATIBLE	reports/COAD/current_catalog_v0_1/candidate_catalog.json
COAD	COAD	02_MAPPING	20260919T112700Z_shared_delivery_v1	coad_biochemical_v0.1_shared_view_v1	biochemical_annotation_view	KEGG:C00106	uracil	DPYD	feature_gene_pair	NA	NA	NA	NA	NA	NA	NA	NA	NA	NA	NEEDS_REVIEW	REACTION_ANNOTATION_SUPPORTED_PROVISIONAL	reports/COAD/current_catalog_v0_1/candidate_catalog.json	hsa:1806	0.735231055609736	0.00317493716792095	ORIGINAL_KEGG_NAME_COMPATIBLE	reports/COAD/current_catalog_v0_1/candidate_catalog.json
COAD	COAD	02_MAPPING	20260919T112700Z_shared_delivery_v1	coad_biochemical_v0.1_shared_view_v1	biochemical_annotation_view	KEGG:C00106	uracil	SLC29A1	feature_gene_pair	NA	NA	NA	NA	NA	NA	NA	NA	NA	NA	NEEDS_REVIEW	REACTION_ANNOTATION_SUPPORTED_PROVISIONAL	reports/COAD/current_catalog_v0_1/candidate_catalog.json	hsa:2030	0.735231055609736	0.00317493716792095	ORIGINAL_KEGG_NAME_COMPATIBLE	reports/COAD/current_catalog_v0_1/candidate_catalog.json
COAD	COAD	02_MAPPING	20260919T112700Z_shared_delivery_v1	coad_biochemical_v0.1_shared_view_v1	biochemical_annotation_view	KEGG:C00106	uracil	SLC29A2	feature_gene_pair	NA	NA	NA	NA	NA	NA	NA	NA	NA	NA	NEEDS_REVIEW	REACTION_ANNOTATION_SUPPORTED_PROVISIONAL	reports/COAD/current_catalog_v0_1/candidate_catalog.json	hsa:3177	0.735231055609736	0.00317493716792095	ORIGINAL_KEGG_NAME_COMPATIBLE	reports/COAD/current_catalog_v0_1/candidate_catalog.json
COAD	COAD	02_MAPPING	20260919T112700Z_shared_delivery_v1	coad_biochemical_v0.1_shared_view_v1	biochemical_annotation_view	KEGG:C00106	uracil	SLC29A3	feature_gene_pair	NA	NA	NA	NA	NA	NA	NA	NA	NA	NA	NEEDS_REVIEW	REACTION_ANNOTATION_SUPPORTED_PROVISIONAL	reports/COAD/current_catalog_v0_1/candidate_catalog.json	hsa:55315	0.735231055609736	0.00317493716792095	ORIGINAL_KEGG_NAME_COMPATIBLE	reports/COAD/current_catalog_v0_1/candidate_catalog.json
COAD	COAD	02_MAPPING	20260919T112700Z_shared_delivery_v1	coad_biochemical_v0.1_shared_view_v1	biochemical_annotation_view	KEGG:C00106	uracil	TYMP	feature_gene_pair	NA	NA	NA	NA	NA	NA	NA	NA	NA	NA	NEEDS_REVIEW	REACTION_SPECIFICITY_PENDING	reports/COAD/current_catalog_v0_1/candidate_catalog.json	hsa:1890	0.735231055609736	0.00317493716792095	ORIGINAL_KEGG_NAME_COMPATIBLE	reports/COAD/current_catalog_v0_1/candidate_catalog.json
COAD	COAD	02_MAPPING	20260919T112700Z_shared_delivery_v1	coad_biochemical_v0.1_shared_view_v1	biochemical_annotation_view	KEGG:C00106	uracil	UPP1	feature_gene_pair	NA	NA	NA	NA	NA	NA	NA	NA	NA	NA	NEEDS_REVIEW	REACTION_ANNOTATION_SUPPORTED_PROVISIONAL	reports/COAD/current_catalog_v0_1/candidate_catalog.json	hsa:7378	0.735231055609736	0.00317493716792095	ORIGINAL_KEGG_NAME_COMPATIBLE	reports/COAD/current_catalog_v0_1/candidate_catalog.json
COAD	COAD	02_MAPPING	20260919T112700Z_shared_delivery_v1	coad_biochemical_v0.1_shared_view_v1	biochemical_annotation_view	KEGG:C00106	uracil	UPP2	feature_gene_pair	NA	NA	NA	NA	NA	NA	NA	NA	NA	NA	NEEDS_REVIEW	REACTION_ANNOTATION_SUPPORTED_PROVISIONAL	reports/COAD/current_catalog_v0_1/candidate_catalog.json	hsa:151531	0.735231055609736	0.00317493716792095	ORIGINAL_KEGG_NAME_COMPATIBLE	reports/COAD/current_catalog_v0_1/candidate_catalog.json
COAD	COAD	02_MAPPING	20260919T112700Z_shared_delivery_v1	coad_biochemical_v0.1_shared_view_v1	biochemical_annotation_view	KEGG:C00366	urate	ABCC4	feature_gene_pair	NA	NA	NA	NA	NA	NA	NA	NA	NA	NA	NEEDS_REVIEW	REACTION_ANNOTATION_SUPPORTED_PROVISIONAL	reports/COAD/current_catalog_v0_1/candidate_catalog.json	hsa:10257	-1.38171846699428	3.03664852373543e-06	ORIGINAL_KEGG_NAME_COMPATIBLE	reports/COAD/current_catalog_v0_1/candidate_catalog.json
COAD	COAD	02_MAPPING	20260919T112700Z_shared_delivery_v1	coad_biochemical_v0.1_shared_view_v1	biochemical_annotation_view	KEGG:C00366	urate	ABCG2	feature_gene_pair	NA	NA	NA	NA	NA	NA	NA	NA	NA	NA	NEEDS_REVIEW	REACTION_ANNOTATION_SUPPORTED_PROVISIONAL	reports/COAD/current_catalog_v0_1/candidate_catalog.json	hsa:9429	-1.38171846699428	3.03664852373543e-06	ORIGINAL_KEGG_NAME_COMPATIBLE	reports/COAD/current_catalog_v0_1/candidate_catalog.json
COAD	COAD	02_MAPPING	20260919T112700Z_shared_delivery_v1	coad_biochemical_v0.1_shared_view_v1	biochemical_annotation_view	KEGG:C00366	urate	SLC17A1	feature_gene_pair	NA	NA	NA	NA	NA	NA	NA	NA	NA	NA	NEEDS_REVIEW	REACTION_ANNOTATION_SUPPORTED_PROVISIONAL	reports/COAD/current_catalog_v0_1/candidate_catalog.json	hsa:6568	-1.38171846699428	3.03664852373543e-06	ORIGINAL_KEGG_NAME_COMPATIBLE	reports/COAD/current_catalog_v0_1/candidate_catalog.json
COAD	COAD	02_MAPPING	20260919T112700Z_shared_delivery_v1	coad_biochemical_v0.1_shared_view_v1	biochemical_annotation_view	KEGG:C00366	urate	SLC17A2	feature_gene_pair	NA	NA	NA	NA	NA	NA	NA	NA	NA	NA	NEEDS_REVIEW	REACTION_ANNOTATION_SUPPORTED_PROVISIONAL	reports/COAD/current_catalog_v0_1/candidate_catalog.json	hsa:10246	-1.38171846699428	3.03664852373543e-06	ORIGINAL_KEGG_NAME_COMPATIBLE	reports/COAD/current_catalog_v0_1/candidate_catalog.json
COAD	COAD	02_MAPPING	20260919T112700Z_shared_delivery_v1	coad_biochemical_v0.1_shared_view_v1	biochemical_annotation_view	KEGG:C00366	urate	SLC17A3	feature_gene_pair	NA	NA	NA	NA	NA	NA	NA	NA	NA	NA	NEEDS_REVIEW	REACTION_ANNOTATION_SUPPORTED_PROVISIONAL	reports/COAD/current_catalog_v0_1/candidate_catalog.json	hsa:10786	-1.38171846699428	3.03664852373543e-06	ORIGINAL_KEGG_NAME_COMPATIBLE	reports/COAD/current_catalog_v0_1/candidate_catalog.json
COAD	COAD	02_MAPPING	20260919T112700Z_shared_delivery_v1	coad_biochemical_v0.1_shared_view_v1	biochemical_annotation_view	KEGG:C00366	urate	SLC17A4	feature_gene_pair	NA	NA	NA	NA	NA	NA	NA	NA	NA	NA	NEEDS_REVIEW	REACTION_ANNOTATION_SUPPORTED_PROVISIONAL	reports/COAD/current_catalog_v0_1/candidate_catalog.json	hsa:10050	-1.38171846699428	3.03664852373543e-06	ORIGINAL_KEGG_NAME_COMPATIBLE	reports/COAD/current_catalog_v0_1/candidate_catalog.json
COAD	COAD	02_MAPPING	20260919T112700Z_shared_delivery_v1	coad_biochemical_v0.1_shared_view_v1	biochemical_annotation_view	KEGG:C00366	urate	SLC22A12	feature_gene_pair	NA	NA	NA	NA	NA	NA	NA	NA	NA	NA	NEEDS_REVIEW	REACTION_ANNOTATION_SUPPORTED_PROVISIONAL	reports/COAD/current_catalog_v0_1/candidate_catalog.json	hsa:116085	-1.38171846699428	3.03664852373543e-06	ORIGINAL_KEGG_NAME_COMPATIBLE	reports/COAD/current_catalog_v0_1/candidate_catalog.json
COAD	COAD	02_MAPPING	20260919T112700Z_shared_delivery_v1	coad_biochemical_v0.1_shared_view_v1	biochemical_annotation_view	KEGG:C00366	urate	SLC22A7	feature_gene_pair	NA	NA	NA	NA	NA	NA	NA	NA	NA	NA	NEEDS_REVIEW	REACTION_ANNOTATION_SUPPORTED_PROVISIONAL	reports/COAD/current_catalog_v0_1/candidate_catalog.json	hsa:10864	-1.38171846699428	3.03664852373543e-06	ORIGINAL_KEGG_NAME_COMPATIBLE	reports/COAD/current_catalog_v0_1/candidate_catalog.json
COAD	COAD	02_MAPPING	20260919T112700Z_shared_delivery_v1	coad_biochemical_v0.1_shared_view_v1	biochemical_annotation_view	KEGG:C00366	urate	SLC22A8	feature_gene_pair	NA	NA	NA	NA	NA	NA	NA	NA	NA	NA	NEEDS_REVIEW	REACTION_ANNOTATION_SUPPORTED_PROVISIONAL	reports/COAD/current_catalog_v0_1/candidate_catalog.json	hsa:9376	-1.38171846699428	3.03664852373543e-06	ORIGINAL_KEGG_NAME_COMPATIBLE	reports/COAD/current_catalog_v0_1/candidate_catalog.json
COAD	COAD	02_MAPPING	20260919T112700Z_shared_delivery_v1	coad_biochemical_v0.1_shared_view_v1	biochemical_annotation_view	KEGG:C00366	urate	SLC23A1	feature_gene_pair	NA	NA	NA	NA	NA	NA	NA	NA	NA	NA	NEEDS_REVIEW	REACTION_ANNOTATION_SUPPORTED_PROVISIONAL	reports/COAD/current_catalog_v0_1/candidate_catalog.json	hsa:9963	-1.38171846699428	3.03664852373543e-06	ORIGINAL_KEGG_NAME_COMPATIBLE	reports/COAD/current_catalog_v0_1/candidate_catalog.json
COAD	COAD	02_MAPPING	20260919T112700Z_shared_delivery_v1	coad_biochemical_v0.1_shared_view_v1	biochemical_annotation_view	KEGG:C00366	urate	SLC29A2	feature_gene_pair	NA	NA	NA	NA	NA	NA	NA	NA	NA	NA	NEEDS_REVIEW	REACTION_ANNOTATION_SUPPORTED_PROVISIONAL	reports/COAD/current_catalog_v0_1/candidate_catalog.json	hsa:3177	-1.38171846699428	3.03664852373543e-06	ORIGINAL_KEGG_NAME_COMPATIBLE	reports/COAD/current_catalog_v0_1/candidate_catalog.json
COAD	COAD	02_MAPPING	20260919T112700Z_shared_delivery_v1	coad_biochemical_v0.1_shared_view_v1	biochemical_annotation_view	KEGG:C00366	urate	SLC29A3	feature_gene_pair	NA	NA	NA	NA	NA	NA	NA	NA	NA	NA	NEEDS_REVIEW	REACTION_ANNOTATION_SUPPORTED_PROVISIONAL	reports/COAD/current_catalog_v0_1/candidate_catalog.json	hsa:55315	-1.38171846699428	3.03664852373543e-06	ORIGINAL_KEGG_NAME_COMPATIBLE	reports/COAD/current_catalog_v0_1/candidate_catalog.json
COAD	COAD	02_MAPPING	20260919T112700Z_shared_delivery_v1	coad_biochemical_v0.1_shared_view_v1	biochemical_annotation_view	KEGG:C00366	urate	SLC2A2	feature_gene_pair	NA	NA	NA	NA	NA	NA	NA	NA	NA	NA	NEEDS_REVIEW	REACTION_ANNOTATION_SUPPORTED_PROVISIONAL	reports/COAD/current_catalog_v0_1/candidate_catalog.json	hsa:6514	-1.38171846699428	3.03664852373543e-06	ORIGINAL_KEGG_NAME_COMPATIBLE	reports/COAD/current_catalog_v0_1/candidate_catalog.json
COAD	COAD	02_MAPPING	20260919T112700Z_shared_delivery_v1	coad_biochemical_v0.1_shared_view_v1	biochemical_annotation_view	KEGG:C00366	urate	XDH	feature_gene_pair	NA	NA	NA	NA	NA	NA	NA	NA	NA	NA	NEEDS_REVIEW	REACTION_ANNOTATION_SUPPORTED_PROVISIONAL	reports/COAD/current_catalog_v0_1/candidate_catalog.json	hsa:7498	-1.38171846699428	3.03664852373543e-06	ORIGINAL_KEGG_NAME_COMPATIBLE	reports/COAD/current_catalog_v0_1/candidate_catalog.json
COAD	COAD	02_MAPPING	20260919T112700Z_shared_delivery_v1	coad_biochemical_v0.1_shared_view_v1	biochemical_annotation_view	KEGG:C00086	urea	AGMAT	feature_gene_pair	NA	NA	NA	NA	NA	NA	NA	NA	NA	NA	NEEDS_REVIEW	REACTION_ANNOTATION_SUPPORTED_PROVISIONAL	reports/COAD/current_catalog_v0_1/candidate_catalog.json	hsa:79814	-0.857440071272848	0.00191710763837069	ORIGINAL_KEGG_NAME_COMPATIBLE	reports/COAD/current_catalog_v0_1/candidate_catalog.json
COAD	COAD	02_MAPPING	20260919T112700Z_shared_delivery_v1	coad_biochemical_v0.1_shared_view_v1	biochemical_annotation_view	KEGG:C00086	urea	ALLC	feature_gene_pair	NA	NA	NA	NA	NA	NA	NA	NA	NA	NA	NEEDS_REVIEW	REACTION_SPECIFICITY_PENDING	reports/COAD/current_catalog_v0_1/candidate_catalog.json	hsa:55821	-0.857440071272848	0.00191710763837069	ORIGINAL_KEGG_NAME_COMPATIBLE	reports/COAD/current_catalog_v0_1/candidate_catalog.json
COAD	COAD	02_MAPPING	20260919T112700Z_shared_delivery_v1	coad_biochemical_v0.1_shared_view_v1	biochemical_annotation_view	KEGG:C00086	urea	AQP10	feature_gene_pair	NA	NA	NA	NA	NA	NA	NA	NA	NA	NA	NEEDS_REVIEW	REACTION_ANNOTATION_SUPPORTED_PROVISIONAL	reports/COAD/current_catalog_v0_1/candidate_catalog.json	hsa:89872	-0.857440071272848	0.00191710763837069	ORIGINAL_KEGG_NAME_COMPATIBLE	reports/COAD/current_catalog_v0_1/candidate_catalog.json
COAD	COAD	02_MAPPING	20260919T112700Z_shared_delivery_v1	coad_biochemical_v0.1_shared_view_v1	biochemical_annotation_view	KEGG:C00086	urea	AQP3	feature_gene_pair	NA	NA	NA	NA	NA	NA	NA	NA	NA	NA	NEEDS_REVIEW	REACTION_ANNOTATION_SUPPORTED_PROVISIONAL	reports/COAD/current_catalog_v0_1/candidate_catalog.json	hsa:360	-0.857440071272848	0.00191710763837069	ORIGINAL_KEGG_NAME_COMPATIBLE	reports/COAD/current_catalog_v0_1/candidate_catalog.json
COAD	COAD	02_MAPPING	20260919T112700Z_shared_delivery_v1	coad_biochemical_v0.1_shared_view_v1	biochemical_annotation_view	KEGG:C00086	urea	AQP7	feature_gene_pair	NA	NA	NA	NA	NA	NA	NA	NA	NA	NA	NEEDS_REVIEW	REACTION_ANNOTATION_SUPPORTED_PROVISIONAL	reports/COAD/current_catalog_v0_1/candidate_catalog.json	hsa:364	-0.857440071272848	0.00191710763837069	ORIGINAL_KEGG_NAME_COMPATIBLE	reports/COAD/current_catalog_v0_1/candidate_catalog.json
COAD	COAD	02_MAPPING	20260919T112700Z_shared_delivery_v1	coad_biochemical_v0.1_shared_view_v1	biochemical_annotation_view	KEGG:C00086	urea	AQP9	feature_gene_pair	NA	NA	NA	NA	NA	NA	NA	NA	NA	NA	NEEDS_REVIEW	REACTION_ANNOTATION_SUPPORTED_PROVISIONAL	reports/COAD/current_catalog_v0_1/candidate_catalog.json	hsa:366	-0.857440071272848	0.00191710763837069	ORIGINAL_KEGG_NAME_COMPATIBLE	reports/COAD/current_catalog_v0_1/candidate_catalog.json
COAD	COAD	02_MAPPING	20260919T112700Z_shared_delivery_v1	coad_biochemical_v0.1_shared_view_v1	biochemical_annotation_view	KEGG:C00086	urea	ARG1	feature_gene_pair	NA	NA	NA	NA	NA	NA	NA	NA	NA	NA	NEEDS_REVIEW	REACTION_ANNOTATION_SUPPORTED_PROVISIONAL	reports/COAD/current_catalog_v0_1/candidate_catalog.json	hsa:383	-0.857440071272848	0.00191710763837069	ORIGINAL_KEGG_NAME_COMPATIBLE	reports/COAD/current_catalog_v0_1/candidate_catalog.json
COAD	COAD	02_MAPPING	20260919T112700Z_shared_delivery_v1	coad_biochemical_v0.1_shared_view_v1	biochemical_annotation_view	KEGG:C00086	urea	ARG2	feature_gene_pair	NA	NA	NA	NA	NA	NA	NA	NA	NA	NA	NEEDS_REVIEW	REACTION_ANNOTATION_SUPPORTED_PROVISIONAL	reports/COAD/current_catalog_v0_1/candidate_catalog.json	hsa:384	-0.857440071272848	0.00191710763837069	ORIGINAL_KEGG_NAME_COMPATIBLE	reports/COAD/current_catalog_v0_1/candidate_catalog.json
COAD	COAD	02_MAPPING	20260919T112700Z_shared_delivery_v1	coad_biochemical_v0.1_shared_view_v1	biochemical_annotation_view	KEGG:C00086	urea	SLC14A1	feature_gene_pair	NA	NA	NA	NA	NA	NA	NA	NA	NA	NA	NEEDS_REVIEW	REACTION_ANNOTATION_SUPPORTED_PROVISIONAL	reports/COAD/current_catalog_v0_1/candidate_catalog.json	hsa:6563	-0.857440071272848	0.00191710763837069	ORIGINAL_KEGG_NAME_COMPATIBLE	reports/COAD/current_catalog_v0_1/candidate_catalog.json
COAD	COAD	02_MAPPING	20260919T112700Z_shared_delivery_v1	coad_biochemical_v0.1_shared_view_v1	biochemical_annotation_view	KEGG:C00086	urea	SLC14A2	feature_gene_pair	NA	NA	NA	NA	NA	NA	NA	NA	NA	NA	NEEDS_REVIEW	REACTION_ANNOTATION_SUPPORTED_PROVISIONAL	reports/COAD/current_catalog_v0_1/candidate_catalog.json	hsa:8170	-0.857440071272848	0.00191710763837069	ORIGINAL_KEGG_NAME_COMPATIBLE	reports/COAD/current_catalog_v0_1/candidate_catalog.json
COAD	COAD	02_MAPPING	20260919T112700Z_shared_delivery_v1	coad_biochemical_v0.1_shared_view_v1	biochemical_annotation_view	KEGG:C00299	uridine	CDA	feature_gene_pair	NA	NA	NA	NA	NA	NA	NA	NA	NA	NA	NEEDS_REVIEW	REACTION_ANNOTATION_SUPPORTED_PROVISIONAL	reports/COAD/current_catalog_v0_1/candidate_catalog.json	hsa:978	-0.928810287622812	0.00111232647907128	ORIGINAL_KEGG_NAME_COMPATIBLE	reports/COAD/current_catalog_v0_1/candidate_catalog.json
COAD	COAD	02_MAPPING	20260919T112700Z_shared_delivery_v1	coad_biochemical_v0.1_shared_view_v1	biochemical_annotation_view	KEGG:C00299	uridine	CDADC1	feature_gene_pair	NA	NA	NA	NA	NA	NA	NA	NA	NA	NA	NEEDS_REVIEW	REACTION_SPECIFICITY_PENDING	reports/COAD/current_catalog_v0_1/candidate_catalog.json	hsa:81602	-0.928810287622812	0.00111232647907128	ORIGINAL_KEGG_NAME_COMPATIBLE	reports/COAD/current_catalog_v0_1/candidate_catalog.json
COAD	COAD	02_MAPPING	20260919T112700Z_shared_delivery_v1	coad_biochemical_v0.1_shared_view_v1	biochemical_annotation_view	KEGG:C00299	uridine	NT5C	feature_gene_pair	NA	NA	NA	NA	NA	NA	NA	NA	NA	NA	NEEDS_REVIEW	REACTION_ANNOTATION_SUPPORTED_PROVISIONAL	reports/COAD/current_catalog_v0_1/candidate_catalog.json	hsa:30833	-0.928810287622812	0.00111232647907128	ORIGINAL_KEGG_NAME_COMPATIBLE	reports/COAD/current_catalog_v0_1/candidate_catalog.json
COAD	COAD	02_MAPPING	20260919T112700Z_shared_delivery_v1	coad_biochemical_v0.1_shared_view_v1	biochemical_annotation_view	KEGG:C00299	uridine	NT5C1A	feature_gene_pair	NA	NA	NA	NA	NA	NA	NA	NA	NA	NA	NEEDS_REVIEW	REACTION_SPECIFICITY_PENDING	reports/COAD/current_catalog_v0_1/candidate_catalog.json	hsa:84618	-0.928810287622812	0.00111232647907128	ORIGINAL_KEGG_NAME_COMPATIBLE	reports/COAD/current_catalog_v0_1/candidate_catalog.json
COAD	COAD	02_MAPPING	20260919T112700Z_shared_delivery_v1	coad_biochemical_v0.1_shared_view_v1	biochemical_annotation_view	KEGG:C00299	uridine	NT5C1B	feature_gene_pair	NA	NA	NA	NA	NA	NA	NA	NA	NA	NA	NEEDS_REVIEW	REACTION_SPECIFICITY_PENDING	reports/COAD/current_catalog_v0_1/candidate_catalog.json	hsa:93034	-0.928810287622812	0.00111232647907128	ORIGINAL_KEGG_NAME_COMPATIBLE	reports/COAD/current_catalog_v0_1/candidate_catalog.json
COAD	COAD	02_MAPPING	20260919T112700Z_shared_delivery_v1	coad_biochemical_v0.1_shared_view_v1	biochemical_annotation_view	KEGG:C00299	uridine	NT5C1B-RDH14	feature_gene_pair	NA	NA	NA	NA	NA	NA	NA	NA	NA	NA	NOT_EVALUABLE	UNIPROT_RECORD_NOT_EVALUABLE	reports/COAD/current_catalog_v0_1/candidate_catalog.json	hsa:100526794	-0.928810287622812	0.00111232647907128	ORIGINAL_KEGG_NAME_COMPATIBLE	reports/COAD/current_catalog_v0_1/candidate_catalog.json
COAD	COAD	02_MAPPING	20260919T112700Z_shared_delivery_v1	coad_biochemical_v0.1_shared_view_v1	biochemical_annotation_view	KEGG:C00299	uridine	NT5C2	feature_gene_pair	NA	NA	NA	NA	NA	NA	NA	NA	NA	NA	NEEDS_REVIEW	REACTION_SPECIFICITY_PENDING	reports/COAD/current_catalog_v0_1/candidate_catalog.json	hsa:22978	-0.928810287622812	0.00111232647907128	ORIGINAL_KEGG_NAME_COMPATIBLE	reports/COAD/current_catalog_v0_1/candidate_catalog.json
COAD	COAD	02_MAPPING	20260919T112700Z_shared_delivery_v1	coad_biochemical_v0.1_shared_view_v1	biochemical_annotation_view	KEGG:C00299	uridine	NT5DC4	feature_gene_pair	NA	NA	NA	NA	NA	NA	NA	NA	NA	NA	NEEDS_REVIEW	REACTION_SPECIFICITY_PENDING	reports/COAD/current_catalog_v0_1/candidate_catalog.json	hsa:284958	-0.928810287622812	0.00111232647907128	ORIGINAL_KEGG_NAME_COMPATIBLE	reports/COAD/current_catalog_v0_1/candidate_catalog.json
COAD	COAD	02_MAPPING	20260919T112700Z_shared_delivery_v1	coad_biochemical_v0.1_shared_view_v1	biochemical_annotation_view	KEGG:C00299	uridine	NT5E	feature_gene_pair	NA	NA	NA	NA	NA	NA	NA	NA	NA	NA	NEEDS_REVIEW	REACTION_ANNOTATION_SUPPORTED_PROVISIONAL	reports/COAD/current_catalog_v0_1/candidate_catalog.json	hsa:4907	-0.928810287622812	0.00111232647907128	ORIGINAL_KEGG_NAME_COMPATIBLE	reports/COAD/current_catalog_v0_1/candidate_catalog.json
COAD	COAD	02_MAPPING	20260919T112700Z_shared_delivery_v1	coad_biochemical_v0.1_shared_view_v1	biochemical_annotation_view	KEGG:C00299	uridine	NT5M	feature_gene_pair	NA	NA	NA	NA	NA	NA	NA	NA	NA	NA	NEEDS_REVIEW	REACTION_ANNOTATION_SUPPORTED_PROVISIONAL	reports/COAD/current_catalog_v0_1/candidate_catalog.json	hsa:56953	-0.928810287622812	0.00111232647907128	ORIGINAL_KEGG_NAME_COMPATIBLE	reports/COAD/current_catalog_v0_1/candidate_catalog.json
COAD	COAD	02_MAPPING	20260919T112700Z_shared_delivery_v1	coad_biochemical_v0.1_shared_view_v1	biochemical_annotation_view	KEGG:C00299	uridine	SLC28A1	feature_gene_pair	NA	NA	NA	NA	NA	NA	NA	NA	NA	NA	NEEDS_REVIEW	REACTION_ANNOTATION_SUPPORTED_PROVISIONAL	reports/COAD/current_catalog_v0_1/candidate_catalog.json	hsa:9154	-0.928810287622812	0.00111232647907128	ORIGINAL_KEGG_NAME_COMPATIBLE	reports/COAD/current_catalog_v0_1/candidate_catalog.json
COAD	COAD	02_MAPPING	20260919T112700Z_shared_delivery_v1	coad_biochemical_v0.1_shared_view_v1	biochemical_annotation_view	KEGG:C00299	uridine	SLC28A2	feature_gene_pair	NA	NA	NA	NA	NA	NA	NA	NA	NA	NA	NEEDS_REVIEW	REACTION_ANNOTATION_SUPPORTED_PROVISIONAL	reports/COAD/current_catalog_v0_1/candidate_catalog.json	hsa:9153	-0.928810287622812	0.00111232647907128	ORIGINAL_KEGG_NAME_COMPATIBLE	reports/COAD/current_catalog_v0_1/candidate_catalog.json
COAD	COAD	02_MAPPING	20260919T112700Z_shared_delivery_v1	coad_biochemical_v0.1_shared_view_v1	biochemical_annotation_view	KEGG:C00299	uridine	SLC28A3	feature_gene_pair	NA	NA	NA	NA	NA	NA	NA	NA	NA	NA	NEEDS_REVIEW	REACTION_ANNOTATION_SUPPORTED_PROVISIONAL	reports/COAD/current_catalog_v0_1/candidate_catalog.json	hsa:64078	-0.928810287622812	0.00111232647907128	ORIGINAL_KEGG_NAME_COMPATIBLE	reports/COAD/current_catalog_v0_1/candidate_catalog.json
COAD	COAD	02_MAPPING	20260919T112700Z_shared_delivery_v1	coad_biochemical_v0.1_shared_view_v1	biochemical_annotation_view	KEGG:C00299	uridine	SLC29A1	feature_gene_pair	NA	NA	NA	NA	NA	NA	NA	NA	NA	NA	NEEDS_REVIEW	REACTION_ANNOTATION_SUPPORTED_PROVISIONAL	reports/COAD/current_catalog_v0_1/candidate_catalog.json	hsa:2030	-0.928810287622812	0.00111232647907128	ORIGINAL_KEGG_NAME_COMPATIBLE	reports/COAD/current_catalog_v0_1/candidate_catalog.json
COAD	COAD	02_MAPPING	20260919T112700Z_shared_delivery_v1	coad_biochemical_v0.1_shared_view_v1	biochemical_annotation_view	KEGG:C00299	uridine	SLC29A2	feature_gene_pair	NA	NA	NA	NA	NA	NA	NA	NA	NA	NA	NEEDS_REVIEW	REACTION_ANNOTATION_SUPPORTED_PROVISIONAL	reports/COAD/current_catalog_v0_1/candidate_catalog.json	hsa:3177	-0.928810287622812	0.00111232647907128	ORIGINAL_KEGG_NAME_COMPATIBLE	reports/COAD/current_catalog_v0_1/candidate_catalog.json
COAD	COAD	02_MAPPING	20260919T112700Z_shared_delivery_v1	coad_biochemical_v0.1_shared_view_v1	biochemical_annotation_view	KEGG:C00299	uridine	SLC29A3	feature_gene_pair	NA	NA	NA	NA	NA	NA	NA	NA	NA	NA	NEEDS_REVIEW	REACTION_ANNOTATION_SUPPORTED_PROVISIONAL	reports/COAD/current_catalog_v0_1/candidate_catalog.json	hsa:55315	-0.928810287622812	0.00111232647907128	ORIGINAL_KEGG_NAME_COMPATIBLE	reports/COAD/current_catalog_v0_1/candidate_catalog.json
COAD	COAD	02_MAPPING	20260919T112700Z_shared_delivery_v1	coad_biochemical_v0.1_shared_view_v1	biochemical_annotation_view	KEGG:C00299	uridine	UCK1	feature_gene_pair	NA	NA	NA	NA	NA	NA	NA	NA	NA	NA	NEEDS_REVIEW	REACTION_ANNOTATION_SUPPORTED_PROVISIONAL	reports/COAD/current_catalog_v0_1/candidate_catalog.json	hsa:83549	-0.928810287622812	0.00111232647907128	ORIGINAL_KEGG_NAME_COMPATIBLE	reports/COAD/current_catalog_v0_1/candidate_catalog.json
COAD	COAD	02_MAPPING	20260919T112700Z_shared_delivery_v1	coad_biochemical_v0.1_shared_view_v1	biochemical_annotation_view	KEGG:C00299	uridine	UCK2	feature_gene_pair	NA	NA	NA	NA	NA	NA	NA	NA	NA	NA	NEEDS_REVIEW	REACTION_ANNOTATION_SUPPORTED_PROVISIONAL	reports/COAD/current_catalog_v0_1/candidate_catalog.json	hsa:7371	-0.928810287622812	0.00111232647907128	ORIGINAL_KEGG_NAME_COMPATIBLE	reports/COAD/current_catalog_v0_1/candidate_catalog.json
COAD	COAD	02_MAPPING	20260919T112700Z_shared_delivery_v1	coad_biochemical_v0.1_shared_view_v1	biochemical_annotation_view	KEGG:C00299	uridine	UCKL1	feature_gene_pair	NA	NA	NA	NA	NA	NA	NA	NA	NA	NA	NEEDS_REVIEW	REACTION_ANNOTATION_SUPPORTED_PROVISIONAL	reports/COAD/current_catalog_v0_1/candidate_catalog.json	hsa:54963	-0.928810287622812	0.00111232647907128	ORIGINAL_KEGG_NAME_COMPATIBLE	reports/COAD/current_catalog_v0_1/candidate_catalog.json
COAD	COAD	02_MAPPING	20260919T112700Z_shared_delivery_v1	coad_biochemical_v0.1_shared_view_v1	biochemical_annotation_view	KEGG:C00299	uridine	UPP1	feature_gene_pair	NA	NA	NA	NA	NA	NA	NA	NA	NA	NA	NEEDS_REVIEW	REACTION_ANNOTATION_SUPPORTED_PROVISIONAL	reports/COAD/current_catalog_v0_1/candidate_catalog.json	hsa:7378	-0.928810287622812	0.00111232647907128	ORIGINAL_KEGG_NAME_COMPATIBLE	reports/COAD/current_catalog_v0_1/candidate_catalog.json
COAD	COAD	02_MAPPING	20260919T112700Z_shared_delivery_v1	coad_biochemical_v0.1_shared_view_v1	biochemical_annotation_view	KEGG:C00299	uridine	UPP2	feature_gene_pair	NA	NA	NA	NA	NA	NA	NA	NA	NA	NA	NEEDS_REVIEW	REACTION_ANNOTATION_SUPPORTED_PROVISIONAL	reports/COAD/current_catalog_v0_1/candidate_catalog.json	hsa:151531	-0.928810287622812	0.00111232647907128	ORIGINAL_KEGG_NAME_COMPATIBLE	reports/COAD/current_catalog_v0_1/candidate_catalog.json
COAD	COAD	02_MAPPING	20260919T112700Z_shared_delivery_v1	coad_biochemical_v0.1_shared_view_v1	biochemical_annotation_view	KEGG:C00015	uridine 5'-diphosphate (UDP)	AK3	feature_gene_pair	NA	NA	NA	NA	NA	NA	NA	NA	NA	NA	NEEDS_REVIEW	REACTION_SPECIFICITY_PENDING	reports/COAD/current_catalog_v0_1/candidate_catalog.json	hsa:50808	0.400708300009171	0.0458478582879108	ORIGINAL_KEGG_NAME_COMPATIBLE	reports/COAD/current_catalog_v0_1/candidate_catalog.json
COAD	COAD	02_MAPPING	20260919T112700Z_shared_delivery_v1	coad_biochemical_v0.1_shared_view_v1	biochemical_annotation_view	KEGG:C00015	uridine 5'-diphosphate (UDP)	AK9	feature_gene_pair	NA	NA	NA	NA	NA	NA	NA	NA	NA	NA	NEEDS_REVIEW	REACTION_ANNOTATION_SUPPORTED_PROVISIONAL	reports/COAD/current_catalog_v0_1/candidate_catalog.json	hsa:221264	0.400708300009171	0.0458478582879108	ORIGINAL_KEGG_NAME_COMPATIBLE	reports/COAD/current_catalog_v0_1/candidate_catalog.json
COAD	COAD	02_MAPPING	20260919T112700Z_shared_delivery_v1	coad_biochemical_v0.1_shared_view_v1	biochemical_annotation_view	KEGG:C00015	uridine 5'-diphosphate (UDP)	ALG5	feature_gene_pair	NA	NA	NA	NA	NA	NA	NA	NA	NA	NA	NEEDS_REVIEW	REACTION_ANNOTATION_SUPPORTED_PROVISIONAL	reports/COAD/current_catalog_v0_1/candidate_catalog.json	hsa:29880	0.400708300009171	0.0458478582879108	ORIGINAL_KEGG_NAME_COMPATIBLE	reports/COAD/current_catalog_v0_1/candidate_catalog.json
COAD	COAD	02_MAPPING	20260919T112700Z_shared_delivery_v1	coad_biochemical_v0.1_shared_view_v1	biochemical_annotation_view	KEGG:C00015	uridine 5'-diphosphate (UDP)	B3GALNT2	feature_gene_pair	NA	NA	NA	NA	NA	NA	NA	NA	NA	NA	NEEDS_REVIEW	REACTION_ANNOTATION_SUPPORTED_PROVISIONAL	reports/COAD/current_catalog_v0_1/candidate_catalog.json	hsa:148789	0.400708300009171	0.0458478582879108	ORIGINAL_KEGG_NAME_COMPATIBLE	reports/COAD/current_catalog_v0_1/candidate_catalog.json
COAD	COAD	02_MAPPING	20260919T112700Z_shared_delivery_v1	coad_biochemical_v0.1_shared_view_v1	biochemical_annotation_view	KEGG:C00015	uridine 5'-diphosphate (UDP)	B3GNT2	feature_gene_pair	NA	NA	NA	NA	NA	NA	NA	NA	NA	NA	NEEDS_REVIEW	REACTION_SPECIFICITY_PENDING	reports/COAD/current_catalog_v0_1/candidate_catalog.json	hsa:10678	0.400708300009171	0.0458478582879108	ORIGINAL_KEGG_NAME_COMPATIBLE	reports/COAD/current_catalog_v0_1/candidate_catalog.json
COAD	COAD	02_MAPPING	20260919T112700Z_shared_delivery_v1	coad_biochemical_v0.1_shared_view_v1	biochemical_annotation_view	KEGG:C00015	uridine 5'-diphosphate (UDP)	B3GNT3	feature_gene_pair	NA	NA	NA	NA	NA	NA	NA	NA	NA	NA	NEEDS_REVIEW	REACTION_ANNOTATION_SUPPORTED_PROVISIONAL	reports/COAD/current_catalog_v0_1/candidate_catalog.json	hsa:10331	0.400708300009171	0.0458478582879108	ORIGINAL_KEGG_NAME_COMPATIBLE	reports/COAD/current_catalog_v0_1/candidate_catalog.json
COAD	COAD	02_MAPPING	20260919T112700Z_shared_delivery_v1	coad_biochemical_v0.1_shared_view_v1	biochemical_annotation_view	KEGG:C00015	uridine 5'-diphosphate (UDP)	B3GNT4	feature_gene_pair	NA	NA	NA	NA	NA	NA	NA	NA	NA	NA	NEEDS_REVIEW	REACTION_SPECIFICITY_PENDING	reports/COAD/current_catalog_v0_1/candidate_catalog.json	hsa:79369	0.400708300009171	0.0458478582879108	ORIGINAL_KEGG_NAME_COMPATIBLE	reports/COAD/current_catalog_v0_1/candidate_catalog.json
COAD	COAD	02_MAPPING	20260919T112700Z_shared_delivery_v1	coad_biochemical_v0.1_shared_view_v1	biochemical_annotation_view	KEGG:C00015	uridine 5'-diphosphate (UDP)	B4GALNT1	feature_gene_pair	NA	NA	NA	NA	NA	NA	NA	NA	NA	NA	NEEDS_REVIEW	REACTION_SPECIFICITY_PENDING	reports/COAD/current_catalog_v0_1/candidate_catalog.json	hsa:2583	0.400708300009171	0.0458478582879108	ORIGINAL_KEGG_NAME_COMPATIBLE	reports/COAD/current_catalog_v0_1/candidate_catalog.json
COAD	COAD	02_MAPPING	20260919T112700Z_shared_delivery_v1	coad_biochemical_v0.1_shared_view_v1	biochemical_annotation_view	KEGG:C00015	uridine 5'-diphosphate (UDP)	B4GALT1	feature_gene_pair	NA	NA	NA	NA	NA	NA	NA	NA	NA	NA	NEEDS_REVIEW	REACTION_ANNOTATION_SUPPORTED_PROVISIONAL	reports/COAD/current_catalog_v0_1/candidate_catalog.json	hsa:2683	0.400708300009171	0.0458478582879108	ORIGINAL_KEGG_NAME_COMPATIBLE	reports/COAD/current_catalog_v0_1/candidate_catalog.json
COAD	COAD	02_MAPPING	20260919T112700Z_shared_delivery_v1	coad_biochemical_v0.1_shared_view_v1	biochemical_annotation_view	KEGG:C00015	uridine 5'-diphosphate (UDP)	B4GALT2	feature_gene_pair	NA	NA	NA	NA	NA	NA	NA	NA	NA	NA	NEEDS_REVIEW	REACTION_ANNOTATION_SUPPORTED_PROVISIONAL	reports/COAD/current_catalog_v0_1/candidate_catalog.json	hsa:8704	0.400708300009171	0.0458478582879108	ORIGINAL_KEGG_NAME_COMPATIBLE	reports/COAD/current_catalog_v0_1/candidate_catalog.json
COAD	COAD	02_MAPPING	20260919T112700Z_shared_delivery_v1	coad_biochemical_v0.1_shared_view_v1	biochemical_annotation_view	KEGG:C00015	uridine 5'-diphosphate (UDP)	B4GALT4	feature_gene_pair	NA	NA	NA	NA	NA	NA	NA	NA	NA	NA	NEEDS_REVIEW	REACTION_ANNOTATION_SUPPORTED_PROVISIONAL	reports/COAD/current_catalog_v0_1/candidate_catalog.json	hsa:8702	0.400708300009171	0.0458478582879108	ORIGINAL_KEGG_NAME_COMPATIBLE	reports/COAD/current_catalog_v0_1/candidate_catalog.json
COAD	COAD	02_MAPPING	20260919T112700Z_shared_delivery_v1	coad_biochemical_v0.1_shared_view_v1	biochemical_annotation_view	KEGG:C00015	uridine 5'-diphosphate (UDP)	B4GALT5	feature_gene_pair	NA	NA	NA	NA	NA	NA	NA	NA	NA	NA	NEEDS_REVIEW	REACTION_ANNOTATION_SUPPORTED_PROVISIONAL	reports/COAD/current_catalog_v0_1/candidate_catalog.json	hsa:9334	0.400708300009171	0.0458478582879108	ORIGINAL_KEGG_NAME_COMPATIBLE	reports/COAD/current_catalog_v0_1/candidate_catalog.json
COAD	COAD	02_MAPPING	20260919T112700Z_shared_delivery_v1	coad_biochemical_v0.1_shared_view_v1	biochemical_annotation_view	KEGG:C00015	uridine 5'-diphosphate (UDP)	B4GALT6	feature_gene_pair	NA	NA	NA	NA	NA	NA	NA	NA	NA	NA	NEEDS_REVIEW	REACTION_ANNOTATION_SUPPORTED_PROVISIONAL	reports/COAD/current_catalog_v0_1/candidate_catalog.json	hsa:9331	0.400708300009171	0.0458478582879108	ORIGINAL_KEGG_NAME_COMPATIBLE	reports/COAD/current_catalog_v0_1/candidate_catalog.json
COAD	COAD	02_MAPPING	20260919T112700Z_shared_delivery_v1	coad_biochemical_v0.1_shared_view_v1	biochemical_annotation_view	KEGG:C00015	uridine 5'-diphosphate (UDP)	CANT1	feature_gene_pair	NA	NA	NA	NA	NA	NA	NA	NA	NA	NA	NEEDS_REVIEW	REACTION_ANNOTATION_SUPPORTED_PROVISIONAL	reports/COAD/current_catalog_v0_1/candidate_catalog.json	hsa:124583	0.400708300009171	0.0458478582879108	ORIGINAL_KEGG_NAME_COMPATIBLE	reports/COAD/current_catalog_v0_1/candidate_catalog.json
COAD	COAD	02_MAPPING	20260919T112700Z_shared_delivery_v1	coad_biochemical_v0.1_shared_view_v1	biochemical_annotation_view	KEGG:C00015	uridine 5'-diphosphate (UDP)	CHPF	feature_gene_pair	NA	NA	NA	NA	NA	NA	NA	NA	NA	NA	NEEDS_REVIEW	REACTION_SPECIFICITY_PENDING	reports/COAD/current_catalog_v0_1/candidate_catalog.json	hsa:79586	0.400708300009171	0.0458478582879108	ORIGINAL_KEGG_NAME_COMPATIBLE	reports/COAD/current_catalog_v0_1/candidate_catalog.json
COAD	COAD	02_MAPPING	20260919T112700Z_shared_delivery_v1	coad_biochemical_v0.1_shared_view_v1	biochemical_annotation_view	KEGG:C00015	uridine 5'-diphosphate (UDP)	CHPF2	feature_gene_pair	NA	NA	NA	NA	NA	NA	NA	NA	NA	NA	NEEDS_REVIEW	REACTION_SPECIFICITY_PENDING	reports/COAD/current_catalog_v0_1/candidate_catalog.json	hsa:54480	0.400708300009171	0.0458478582879108	ORIGINAL_KEGG_NAME_COMPATIBLE	reports/COAD/current_catalog_v0_1/candidate_catalog.json
COAD	COAD	02_MAPPING	20260919T112700Z_shared_delivery_v1	coad_biochemical_v0.1_shared_view_v1	biochemical_annotation_view	KEGG:C00015	uridine 5'-diphosphate (UDP)	CHSY1	feature_gene_pair	NA	NA	NA	NA	NA	NA	NA	NA	NA	NA	NEEDS_REVIEW	REACTION_ANNOTATION_SUPPORTED_PROVISIONAL	reports/COAD/current_catalog_v0_1/candidate_catalog.json	hsa:22856	0.400708300009171	0.0458478582879108	ORIGINAL_KEGG_NAME_COMPATIBLE	reports/COAD/current_catalog_v0_1/candidate_catalog.json
COAD	COAD	02_MAPPING	20260919T112700Z_shared_delivery_v1	coad_biochemical_v0.1_shared_view_v1	biochemical_annotation_view	KEGG:C00015	uridine 5'-diphosphate (UDP)	CHSY3	feature_gene_pair	NA	NA	NA	NA	NA	NA	NA	NA	NA	NA	NEEDS_REVIEW	REACTION_ANNOTATION_SUPPORTED_PROVISIONAL	reports/COAD/current_catalog_v0_1/candidate_catalog.json	hsa:337876	0.400708300009171	0.0458478582879108	ORIGINAL_KEGG_NAME_COMPATIBLE	reports/COAD/current_catalog_v0_1/candidate_catalog.json
COAD	COAD	02_MAPPING	20260919T112700Z_shared_delivery_v1	coad_biochemical_v0.1_shared_view_v1	biochemical_annotation_view	KEGG:C00015	uridine 5'-diphosphate (UDP)	CMPK1	feature_gene_pair	NA	NA	NA	NA	NA	NA	NA	NA	NA	NA	NEEDS_REVIEW	REACTION_ANNOTATION_SUPPORTED_PROVISIONAL	reports/COAD/current_catalog_v0_1/candidate_catalog.json	hsa:51727	0.400708300009171	0.0458478582879108	ORIGINAL_KEGG_NAME_COMPATIBLE	reports/COAD/current_catalog_v0_1/candidate_catalog.json
COAD	COAD	02_MAPPING	20260919T112700Z_shared_delivery_v1	coad_biochemical_v0.1_shared_view_v1	biochemical_annotation_view	KEGG:C00015	uridine 5'-diphosphate (UDP)	CMPK2	feature_gene_pair	NA	NA	NA	NA	NA	NA	NA	NA	NA	NA	NEEDS_REVIEW	REACTION_SPECIFICITY_PENDING	reports/COAD/current_catalog_v0_1/candidate_catalog.json	hsa:129607	0.400708300009171	0.0458478582879108	ORIGINAL_KEGG_NAME_COMPATIBLE	reports/COAD/current_catalog_v0_1/candidate_catalog.json
COAD	COAD	02_MAPPING	20260919T112700Z_shared_delivery_v1	coad_biochemical_v0.1_shared_view_v1	biochemical_annotation_view	KEGG:C00015	uridine 5'-diphosphate (UDP)	COLGALT1	feature_gene_pair	NA	NA	NA	NA	NA	NA	NA	NA	NA	NA	NEEDS_REVIEW	REACTION_ANNOTATION_SUPPORTED_PROVISIONAL	reports/COAD/current_catalog_v0_1/candidate_catalog.json	hsa:79709	0.400708300009171	0.0458478582879108	ORIGINAL_KEGG_NAME_COMPATIBLE	reports/COAD/current_catalog_v0_1/candidate_catalog.json
COAD	COAD	02_MAPPING	20260919T112700Z_shared_delivery_v1	coad_biochemical_v0.1_shared_view_v1	biochemical_annotation_view	KEGG:C00015	uridine 5'-diphosphate (UDP)	COLGALT2	feature_gene_pair	NA	NA	NA	NA	NA	NA	NA	NA	NA	NA	NEEDS_REVIEW	REACTION_ANNOTATION_SUPPORTED_PROVISIONAL	reports/COAD/current_catalog_v0_1/candidate_catalog.json	hsa:23127	0.400708300009171	0.0458478582879108	ORIGINAL_KEGG_NAME_COMPATIBLE	reports/COAD/current_catalog_v0_1/candidate_catalog.json
COAD	COAD	02_MAPPING	20260919T112700Z_shared_delivery_v1	coad_biochemical_v0.1_shared_view_v1	biochemical_annotation_view	KEGG:C00015	uridine 5'-diphosphate (UDP)	ENTPD1	feature_gene_pair	NA	NA	NA	NA	NA	NA	NA	NA	NA	NA	NEEDS_REVIEW	REACTION_ANNOTATION_SUPPORTED_PROVISIONAL	reports/COAD/current_catalog_v0_1/candidate_catalog.json	hsa:953	0.400708300009171	0.0458478582879108	ORIGINAL_KEGG_NAME_COMPATIBLE	reports/COAD/current_catalog_v0_1/candidate_catalog.json
COAD	COAD	02_MAPPING	20260919T112700Z_shared_delivery_v1	coad_biochemical_v0.1_shared_view_v1	biochemical_annotation_view	KEGG:C00015	uridine 5'-diphosphate (UDP)	ENTPD3	feature_gene_pair	NA	NA	NA	NA	NA	NA	NA	NA	NA	NA	NEEDS_REVIEW	REACTION_ANNOTATION_SUPPORTED_PROVISIONAL	reports/COAD/current_catalog_v0_1/candidate_catalog.json	hsa:956	0.400708300009171	0.0458478582879108	ORIGINAL_KEGG_NAME_COMPATIBLE	reports/COAD/current_catalog_v0_1/candidate_catalog.json
COAD	COAD	02_MAPPING	20260919T112700Z_shared_delivery_v1	coad_biochemical_v0.1_shared_view_v1	biochemical_annotation_view	KEGG:C00015	uridine 5'-diphosphate (UDP)	ENTPD4	feature_gene_pair	NA	NA	NA	NA	NA	NA	NA	NA	NA	NA	NEEDS_REVIEW	REACTION_ANNOTATION_SUPPORTED_PROVISIONAL	reports/COAD/current_catalog_v0_1/candidate_catalog.json	hsa:9583	0.400708300009171	0.0458478582879108	ORIGINAL_KEGG_NAME_COMPATIBLE	reports/COAD/current_catalog_v0_1/candidate_catalog.json
COAD	COAD	02_MAPPING	20260919T112700Z_shared_delivery_v1	coad_biochemical_v0.1_shared_view_v1	biochemical_annotation_view	KEGG:C00015	uridine 5'-diphosphate (UDP)	ENTPD5	feature_gene_pair	NA	NA	NA	NA	NA	NA	NA	NA	NA	NA	NEEDS_REVIEW	REACTION_ANNOTATION_SUPPORTED_PROVISIONAL	reports/COAD/current_catalog_v0_1/candidate_catalog.json	hsa:957	0.400708300009171	0.0458478582879108	ORIGINAL_KEGG_NAME_COMPATIBLE	reports/COAD/current_catalog_v0_1/candidate_catalog.json
COAD	COAD	02_MAPPING	20260919T112700Z_shared_delivery_v1	coad_biochemical_v0.1_shared_view_v1	biochemical_annotation_view	KEGG:C00015	uridine 5'-diphosphate (UDP)	ENTPD6	feature_gene_pair	NA	NA	NA	NA	NA	NA	NA	NA	NA	NA	NEEDS_REVIEW	REACTION_ANNOTATION_SUPPORTED_PROVISIONAL	reports/COAD/current_catalog_v0_1/candidate_catalog.json	hsa:955	0.400708300009171	0.0458478582879108	ORIGINAL_KEGG_NAME_COMPATIBLE	reports/COAD/current_catalog_v0_1/candidate_catalog.json
COAD	COAD	02_MAPPING	20260919T112700Z_shared_delivery_v1	coad_biochemical_v0.1_shared_view_v1	biochemical_annotation_view	KEGG:C00015	uridine 5'-diphosphate (UDP)	ENTPD8	feature_gene_pair	NA	NA	NA	NA	NA	NA	NA	NA	NA	NA	NEEDS_REVIEW	REACTION_ANNOTATION_SUPPORTED_PROVISIONAL	reports/COAD/current_catalog_v0_1/candidate_catalog.json	hsa:377841	0.400708300009171	0.0458478582879108	ORIGINAL_KEGG_NAME_COMPATIBLE	reports/COAD/current_catalog_v0_1/candidate_catalog.json
COAD	COAD	02_MAPPING	20260919T112700Z_shared_delivery_v1	coad_biochemical_v0.1_shared_view_v1	biochemical_annotation_view	KEGG:C00015	uridine 5'-diphosphate (UDP)	EOGT	feature_gene_pair	NA	NA	NA	NA	NA	NA	NA	NA	NA	NA	NEEDS_REVIEW	REACTION_ANNOTATION_SUPPORTED_PROVISIONAL	reports/COAD/current_catalog_v0_1/candidate_catalog.json	hsa:285203	0.400708300009171	0.0458478582879108	ORIGINAL_KEGG_NAME_COMPATIBLE	reports/COAD/current_catalog_v0_1/candidate_catalog.json
COAD	COAD	02_MAPPING	20260919T112700Z_shared_delivery_v1	coad_biochemical_v0.1_shared_view_v1	biochemical_annotation_view	KEGG:C00015	uridine 5'-diphosphate (UDP)	GNE	feature_gene_pair	NA	NA	NA	NA	NA	NA	NA	NA	NA	NA	NEEDS_REVIEW	REACTION_ANNOTATION_SUPPORTED_PROVISIONAL	reports/COAD/current_catalog_v0_1/candidate_catalog.json	hsa:10020	0.400708300009171	0.0458478582879108	ORIGINAL_KEGG_NAME_COMPATIBLE	reports/COAD/current_catalog_v0_1/candidate_catalog.json
COAD	COAD	02_MAPPING	20260919T112700Z_shared_delivery_v1	coad_biochemical_v0.1_shared_view_v1	biochemical_annotation_view	KEGG:C00015	uridine 5'-diphosphate (UDP)	GYG1	feature_gene_pair	NA	NA	NA	NA	NA	NA	NA	NA	NA	NA	NEEDS_REVIEW	REACTION_ANNOTATION_SUPPORTED_PROVISIONAL	reports/COAD/current_catalog_v0_1/candidate_catalog.json	hsa:2992	0.400708300009171	0.0458478582879108	ORIGINAL_KEGG_NAME_COMPATIBLE	reports/COAD/current_catalog_v0_1/candidate_catalog.json
COAD	COAD	02_MAPPING	20260919T112700Z_shared_delivery_v1	coad_biochemical_v0.1_shared_view_v1	biochemical_annotation_view	KEGG:C00015	uridine 5'-diphosphate (UDP)	GYG2	feature_gene_pair	NA	NA	NA	NA	NA	NA	NA	NA	NA	NA	NEEDS_REVIEW	REACTION_ANNOTATION_SUPPORTED_PROVISIONAL	reports/COAD/current_catalog_v0_1/candidate_catalog.json	hsa:8908	0.400708300009171	0.0458478582879108	ORIGINAL_KEGG_NAME_COMPATIBLE	reports/COAD/current_catalog_v0_1/candidate_catalog.json
COAD	COAD	02_MAPPING	20260919T112700Z_shared_delivery_v1	coad_biochemical_v0.1_shared_view_v1	biochemical_annotation_view	KEGG:C00015	uridine 5'-diphosphate (UDP)	GYS1	feature_gene_pair	NA	NA	NA	NA	NA	NA	NA	NA	NA	NA	NEEDS_REVIEW	REACTION_ANNOTATION_SUPPORTED_PROVISIONAL	reports/COAD/current_catalog_v0_1/candidate_catalog.json	hsa:2997	0.400708300009171	0.0458478582879108	ORIGINAL_KEGG_NAME_COMPATIBLE	reports/COAD/current_catalog_v0_1/candidate_catalog.json
COAD	COAD	02_MAPPING	20260919T112700Z_shared_delivery_v1	coad_biochemical_v0.1_shared_view_v1	biochemical_annotation_view	KEGG:C00015	uridine 5'-diphosphate (UDP)	GYS2	feature_gene_pair	NA	NA	NA	NA	NA	NA	NA	NA	NA	NA	NEEDS_REVIEW	REACTION_ANNOTATION_SUPPORTED_PROVISIONAL	reports/COAD/current_catalog_v0_1/candidate_catalog.json	hsa:2998	0.400708300009171	0.0458478582879108	ORIGINAL_KEGG_NAME_COMPATIBLE	reports/COAD/current_catalog_v0_1/candidate_catalog.json
COAD	COAD	02_MAPPING	20260919T112700Z_shared_delivery_v1	coad_biochemical_v0.1_shared_view_v1	biochemical_annotation_view	KEGG:C00015	uridine 5'-diphosphate (UDP)	LALBA	feature_gene_pair	NA	NA	NA	NA	NA	NA	NA	NA	NA	NA	NEEDS_REVIEW	REACTION_SPECIFICITY_PENDING	reports/COAD/current_catalog_v0_1/candidate_catalog.json	hsa:3906	0.400708300009171	0.0458478582879108	ORIGINAL_KEGG_NAME_COMPATIBLE	reports/COAD/current_catalog_v0_1/candidate_catalog.json
COAD	COAD	02_MAPPING	20260919T112700Z_shared_delivery_v1	coad_biochemical_v0.1_shared_view_v1	biochemical_annotation_view	KEGG:C00015	uridine 5'-diphosphate (UDP)	NME1	feature_gene_pair	NA	NA	NA	NA	NA	NA	NA	NA	NA	NA	NEEDS_REVIEW	REACTION_ANNOTATION_SUPPORTED_PROVISIONAL	reports/COAD/current_catalog_v0_1/candidate_catalog.json	hsa:4830	0.400708300009171	0.0458478582879108	ORIGINAL_KEGG_NAME_COMPATIBLE	reports/COAD/current_catalog_v0_1/candidate_catalog.json
COAD	COAD	02_MAPPING	20260919T112700Z_shared_delivery_v1	coad_biochemical_v0.1_shared_view_v1	biochemical_annotation_view	KEGG:C00015	uridine 5'-diphosphate (UDP)	NME1-NME2	feature_gene_pair	NA	NA	NA	NA	NA	NA	NA	NA	NA	NA	NOT_EVALUABLE	UNIPROT_RECORD_NOT_EVALUABLE	reports/COAD/current_catalog_v0_1/candidate_catalog.json	hsa:654364	0.400708300009171	0.0458478582879108	ORIGINAL_KEGG_NAME_COMPATIBLE	reports/COAD/current_catalog_v0_1/candidate_catalog.json
COAD	COAD	02_MAPPING	20260919T112700Z_shared_delivery_v1	coad_biochemical_v0.1_shared_view_v1	biochemical_annotation_view	KEGG:C00015	uridine 5'-diphosphate (UDP)	NME2	feature_gene_pair	NA	NA	NA	NA	NA	NA	NA	NA	NA	NA	NEEDS_REVIEW	REACTION_ANNOTATION_SUPPORTED_PROVISIONAL	reports/COAD/current_catalog_v0_1/candidate_catalog.json	hsa:4831	0.400708300009171	0.0458478582879108	ORIGINAL_KEGG_NAME_COMPATIBLE	reports/COAD/current_catalog_v0_1/candidate_catalog.json
COAD	COAD	02_MAPPING	20260919T112700Z_shared_delivery_v1	coad_biochemical_v0.1_shared_view_v1	biochemical_annotation_view	KEGG:C00015	uridine 5'-diphosphate (UDP)	NME3	feature_gene_pair	NA	NA	NA	NA	NA	NA	NA	NA	NA	NA	NEEDS_REVIEW	REACTION_ANNOTATION_SUPPORTED_PROVISIONAL	reports/COAD/current_catalog_v0_1/candidate_catalog.json	hsa:4832	0.400708300009171	0.0458478582879108	ORIGINAL_KEGG_NAME_COMPATIBLE	reports/COAD/current_catalog_v0_1/candidate_catalog.json
COAD	COAD	02_MAPPING	20260919T112700Z_shared_delivery_v1	coad_biochemical_v0.1_shared_view_v1	biochemical_annotation_view	KEGG:C00015	uridine 5'-diphosphate (UDP)	NME4	feature_gene_pair	NA	NA	NA	NA	NA	NA	NA	NA	NA	NA	NEEDS_REVIEW	REACTION_ANNOTATION_SUPPORTED_PROVISIONAL	reports/COAD/current_catalog_v0_1/candidate_catalog.json	hsa:4833	0.400708300009171	0.0458478582879108	ORIGINAL_KEGG_NAME_COMPATIBLE	reports/COAD/current_catalog_v0_1/candidate_catalog.json
COAD	COAD	02_MAPPING	20260919T112700Z_shared_delivery_v1	coad_biochemical_v0.1_shared_view_v1	biochemical_annotation_view	KEGG:C00015	uridine 5'-diphosphate (UDP)	NME6	feature_gene_pair	NA	NA	NA	NA	NA	NA	NA	NA	NA	NA	NEEDS_REVIEW	REACTION_ANNOTATION_SUPPORTED_PROVISIONAL	reports/COAD/current_catalog_v0_1/candidate_catalog.json	hsa:10201	0.400708300009171	0.0458478582879108	ORIGINAL_KEGG_NAME_COMPATIBLE	reports/COAD/current_catalog_v0_1/candidate_catalog.json
COAD	COAD	02_MAPPING	20260919T112700Z_shared_delivery_v1	coad_biochemical_v0.1_shared_view_v1	biochemical_annotation_view	KEGG:C00015	uridine 5'-diphosphate (UDP)	NME7	feature_gene_pair	NA	NA	NA	NA	NA	NA	NA	NA	NA	NA	NEEDS_REVIEW	REACTION_SPECIFICITY_PENDING	reports/COAD/current_catalog_v0_1/candidate_catalog.json	hsa:29922	0.400708300009171	0.0458478582879108	ORIGINAL_KEGG_NAME_COMPATIBLE	reports/COAD/current_catalog_v0_1/candidate_catalog.json
COAD	COAD	02_MAPPING	20260919T112700Z_shared_delivery_v1	coad_biochemical_v0.1_shared_view_v1	biochemical_annotation_view	KEGG:C00015	uridine 5'-diphosphate (UDP)	OGT	feature_gene_pair	NA	NA	NA	NA	NA	NA	NA	NA	NA	NA	NEEDS_REVIEW	REACTION_ANNOTATION_SUPPORTED_PROVISIONAL	reports/COAD/current_catalog_v0_1/candidate_catalog.json	hsa:8473	0.400708300009171	0.0458478582879108	ORIGINAL_KEGG_NAME_COMPATIBLE	reports/COAD/current_catalog_v0_1/candidate_catalog.json
COAD	COAD	02_MAPPING	20260919T112700Z_shared_delivery_v1	coad_biochemical_v0.1_shared_view_v1	biochemical_annotation_view	KEGG:C00015	uridine 5'-diphosphate (UDP)	PFKL	feature_gene_pair	NA	NA	NA	NA	NA	NA	NA	NA	NA	NA	NEEDS_REVIEW	REACTION_SPECIFICITY_PENDING	reports/COAD/current_catalog_v0_1/candidate_catalog.json	hsa:5211	0.400708300009171	0.0458478582879108	ORIGINAL_KEGG_NAME_COMPATIBLE	reports/COAD/current_catalog_v0_1/candidate_catalog.json
COAD	COAD	02_MAPPING	20260919T112700Z_shared_delivery_v1	coad_biochemical_v0.1_shared_view_v1	biochemical_annotation_view	KEGG:C00015	uridine 5'-diphosphate (UDP)	PFKM	feature_gene_pair	NA	NA	NA	NA	NA	NA	NA	NA	NA	NA	NEEDS_REVIEW	REACTION_SPECIFICITY_PENDING	reports/COAD/current_catalog_v0_1/candidate_catalog.json	hsa:5213	0.400708300009171	0.0458478582879108	ORIGINAL_KEGG_NAME_COMPATIBLE	reports/COAD/current_catalog_v0_1/candidate_catalog.json
COAD	COAD	02_MAPPING	20260919T112700Z_shared_delivery_v1	coad_biochemical_v0.1_shared_view_v1	biochemical_annotation_view	KEGG:C00015	uridine 5'-diphosphate (UDP)	PFKP	feature_gene_pair	NA	NA	NA	NA	NA	NA	NA	NA	NA	NA	NEEDS_REVIEW	REACTION_SPECIFICITY_PENDING	reports/COAD/current_catalog_v0_1/candidate_catalog.json	hsa:5214	0.400708300009171	0.0458478582879108	ORIGINAL_KEGG_NAME_COMPATIBLE	reports/COAD/current_catalog_v0_1/candidate_catalog.json
COAD	COAD	02_MAPPING	20260919T112700Z_shared_delivery_v1	coad_biochemical_v0.1_shared_view_v1	biochemical_annotation_view	KEGG:C00015	uridine 5'-diphosphate (UDP)	PLOD3	feature_gene_pair	NA	NA	NA	NA	NA	NA	NA	NA	NA	NA	NEEDS_REVIEW	REACTION_ANNOTATION_SUPPORTED_PROVISIONAL	reports/COAD/current_catalog_v0_1/candidate_catalog.json	hsa:8985	0.400708300009171	0.0458478582879108	ORIGINAL_KEGG_NAME_COMPATIBLE	reports/COAD/current_catalog_v0_1/candidate_catalog.json
COAD	COAD	02_MAPPING	20260919T112700Z_shared_delivery_v1	coad_biochemical_v0.1_shared_view_v1	biochemical_annotation_view	KEGG:C00015	uridine 5'-diphosphate (UDP)	POMGNT2	feature_gene_pair	NA	NA	NA	NA	NA	NA	NA	NA	NA	NA	NEEDS_REVIEW	REACTION_ANNOTATION_SUPPORTED_PROVISIONAL	reports/COAD/current_catalog_v0_1/candidate_catalog.json	hsa:84892	0.400708300009171	0.0458478582879108	ORIGINAL_KEGG_NAME_COMPATIBLE	reports/COAD/current_catalog_v0_1/candidate_catalog.json
COAD	COAD	02_MAPPING	20260919T112700Z_shared_delivery_v1	coad_biochemical_v0.1_shared_view_v1	biochemical_annotation_view	KEGG:C00015	uridine 5'-diphosphate (UDP)	RRM1	feature_gene_pair	NA	NA	NA	NA	NA	NA	NA	NA	NA	NA	NEEDS_REVIEW	REACTION_SPECIFICITY_PENDING	reports/COAD/current_catalog_v0_1/candidate_catalog.json	hsa:6240	0.400708300009171	0.0458478582879108	ORIGINAL_KEGG_NAME_COMPATIBLE	reports/COAD/current_catalog_v0_1/candidate_catalog.json
COAD	COAD	02_MAPPING	20260919T112700Z_shared_delivery_v1	coad_biochemical_v0.1_shared_view_v1	biochemical_annotation_view	KEGG:C00015	uridine 5'-diphosphate (UDP)	RRM2	feature_gene_pair	NA	NA	NA	NA	NA	NA	NA	NA	NA	NA	NEEDS_REVIEW	REACTION_SPECIFICITY_PENDING	reports/COAD/current_catalog_v0_1/candidate_catalog.json	hsa:6241	0.400708300009171	0.0458478582879108	ORIGINAL_KEGG_NAME_COMPATIBLE	reports/COAD/current_catalog_v0_1/candidate_catalog.json
COAD	COAD	02_MAPPING	20260919T112700Z_shared_delivery_v1	coad_biochemical_v0.1_shared_view_v1	biochemical_annotation_view	KEGG:C00015	uridine 5'-diphosphate (UDP)	RRM2B	feature_gene_pair	NA	NA	NA	NA	NA	NA	NA	NA	NA	NA	NEEDS_REVIEW	REACTION_SPECIFICITY_PENDING	reports/COAD/current_catalog_v0_1/candidate_catalog.json	hsa:50484	0.400708300009171	0.0458478582879108	ORIGINAL_KEGG_NAME_COMPATIBLE	reports/COAD/current_catalog_v0_1/candidate_catalog.json
COAD	COAD	02_MAPPING	20260919T112700Z_shared_delivery_v1	coad_biochemical_v0.1_shared_view_v1	biochemical_annotation_view	KEGG:C00015	uridine 5'-diphosphate (UDP)	SLC25A33	feature_gene_pair	NA	NA	NA	NA	NA	NA	NA	NA	NA	NA	NEEDS_REVIEW	REACTION_ANNOTATION_SUPPORTED_PROVISIONAL	reports/COAD/current_catalog_v0_1/candidate_catalog.json	hsa:84275	0.400708300009171	0.0458478582879108	ORIGINAL_KEGG_NAME_COMPATIBLE	reports/COAD/current_catalog_v0_1/candidate_catalog.json
COAD	COAD	02_MAPPING	20260919T112700Z_shared_delivery_v1	coad_biochemical_v0.1_shared_view_v1	biochemical_annotation_view	KEGG:C00015	uridine 5'-diphosphate (UDP)	SLC25A36	feature_gene_pair	NA	NA	NA	NA	NA	NA	NA	NA	NA	NA	NEEDS_REVIEW	REACTION_ANNOTATION_SUPPORTED_PROVISIONAL	reports/COAD/current_catalog_v0_1/candidate_catalog.json	hsa:55186	0.400708300009171	0.0458478582879108	ORIGINAL_KEGG_NAME_COMPATIBLE	reports/COAD/current_catalog_v0_1/candidate_catalog.json
COAD	COAD	02_MAPPING	20260919T112700Z_shared_delivery_v1	coad_biochemical_v0.1_shared_view_v1	biochemical_annotation_view	KEGG:C00015	uridine 5'-diphosphate (UDP)	SLC35B1	feature_gene_pair	NA	NA	NA	NA	NA	NA	NA	NA	NA	NA	NEEDS_REVIEW	REACTION_ANNOTATION_SUPPORTED_PROVISIONAL	reports/COAD/current_catalog_v0_1/candidate_catalog.json	hsa:10237	0.400708300009171	0.0458478582879108	ORIGINAL_KEGG_NAME_COMPATIBLE	reports/COAD/current_catalog_v0_1/candidate_catalog.json
COAD	COAD	02_MAPPING	20260919T112700Z_shared_delivery_v1	coad_biochemical_v0.1_shared_view_v1	biochemical_annotation_view	KEGG:C00015	uridine 5'-diphosphate (UDP)	UGCG	feature_gene_pair	NA	NA	NA	NA	NA	NA	NA	NA	NA	NA	NEEDS_REVIEW	REACTION_ANNOTATION_SUPPORTED_PROVISIONAL	reports/COAD/current_catalog_v0_1/candidate_catalog.json	hsa:7357	0.400708300009171	0.0458478582879108	ORIGINAL_KEGG_NAME_COMPATIBLE	reports/COAD/current_catalog_v0_1/candidate_catalog.json
COAD	COAD	02_MAPPING	20260919T112700Z_shared_delivery_v1	coad_biochemical_v0.1_shared_view_v1	biochemical_annotation_view	KEGG:C00015	uridine 5'-diphosphate (UDP)	UGT1A1	feature_gene_pair	NA	NA	NA	NA	NA	NA	NA	NA	NA	NA	NEEDS_REVIEW	REACTION_ANNOTATION_SUPPORTED_PROVISIONAL	reports/COAD/current_catalog_v0_1/candidate_catalog.json	hsa:54658	0.400708300009171	0.0458478582879108	ORIGINAL_KEGG_NAME_COMPATIBLE	reports/COAD/current_catalog_v0_1/candidate_catalog.json
COAD	COAD	02_MAPPING	20260919T112700Z_shared_delivery_v1	coad_biochemical_v0.1_shared_view_v1	biochemical_annotation_view	KEGG:C00015	uridine 5'-diphosphate (UDP)	UGT1A10	feature_gene_pair	NA	NA	NA	NA	NA	NA	NA	NA	NA	NA	NEEDS_REVIEW	REACTION_ANNOTATION_SUPPORTED_PROVISIONAL	reports/COAD/current_catalog_v0_1/candidate_catalog.json	hsa:54575	0.400708300009171	0.0458478582879108	ORIGINAL_KEGG_NAME_COMPATIBLE	reports/COAD/current_catalog_v0_1/candidate_catalog.json
COAD	COAD	02_MAPPING	20260919T112700Z_shared_delivery_v1	coad_biochemical_v0.1_shared_view_v1	biochemical_annotation_view	KEGG:C00015	uridine 5'-diphosphate (UDP)	UGT1A3	feature_gene_pair	NA	NA	NA	NA	NA	NA	NA	NA	NA	NA	NEEDS_REVIEW	REACTION_ANNOTATION_SUPPORTED_PROVISIONAL	reports/COAD/current_catalog_v0_1/candidate_catalog.json	hsa:54659	0.400708300009171	0.0458478582879108	ORIGINAL_KEGG_NAME_COMPATIBLE	reports/COAD/current_catalog_v0_1/candidate_catalog.json
COAD	COAD	02_MAPPING	20260919T112700Z_shared_delivery_v1	coad_biochemical_v0.1_shared_view_v1	biochemical_annotation_view	KEGG:C00015	uridine 5'-diphosphate (UDP)	UGT1A4	feature_gene_pair	NA	NA	NA	NA	NA	NA	NA	NA	NA	NA	NEEDS_REVIEW	REACTION_ANNOTATION_SUPPORTED_PROVISIONAL	reports/COAD/current_catalog_v0_1/candidate_catalog.json	hsa:54657	0.400708300009171	0.0458478582879108	ORIGINAL_KEGG_NAME_COMPATIBLE	reports/COAD/current_catalog_v0_1/candidate_catalog.json
COAD	COAD	02_MAPPING	20260919T112700Z_shared_delivery_v1	coad_biochemical_v0.1_shared_view_v1	biochemical_annotation_view	KEGG:C00015	uridine 5'-diphosphate (UDP)	UGT1A5	feature_gene_pair	NA	NA	NA	NA	NA	NA	NA	NA	NA	NA	NEEDS_REVIEW	REACTION_ANNOTATION_SUPPORTED_PROVISIONAL	reports/COAD/current_catalog_v0_1/candidate_catalog.json	hsa:54579	0.400708300009171	0.0458478582879108	ORIGINAL_KEGG_NAME_COMPATIBLE	reports/COAD/current_catalog_v0_1/candidate_catalog.json
COAD	COAD	02_MAPPING	20260919T112700Z_shared_delivery_v1	coad_biochemical_v0.1_shared_view_v1	biochemical_annotation_view	KEGG:C00015	uridine 5'-diphosphate (UDP)	UGT1A6	feature_gene_pair	NA	NA	NA	NA	NA	NA	NA	NA	NA	NA	NEEDS_REVIEW	REACTION_ANNOTATION_SUPPORTED_PROVISIONAL	reports/COAD/current_catalog_v0_1/candidate_catalog.json	hsa:54578	0.400708300009171	0.0458478582879108	ORIGINAL_KEGG_NAME_COMPATIBLE	reports/COAD/current_catalog_v0_1/candidate_catalog.json
COAD	COAD	02_MAPPING	20260919T112700Z_shared_delivery_v1	coad_biochemical_v0.1_shared_view_v1	biochemical_annotation_view	KEGG:C00015	uridine 5'-diphosphate (UDP)	UGT1A7	feature_gene_pair	NA	NA	NA	NA	NA	NA	NA	NA	NA	NA	NEEDS_REVIEW	REACTION_ANNOTATION_SUPPORTED_PROVISIONAL	reports/COAD/current_catalog_v0_1/candidate_catalog.json	hsa:54577	0.400708300009171	0.0458478582879108	ORIGINAL_KEGG_NAME_COMPATIBLE	reports/COAD/current_catalog_v0_1/candidate_catalog.json
COAD	COAD	02_MAPPING	20260919T112700Z_shared_delivery_v1	coad_biochemical_v0.1_shared_view_v1	biochemical_annotation_view	KEGG:C00015	uridine 5'-diphosphate (UDP)	UGT1A8	feature_gene_pair	NA	NA	NA	NA	NA	NA	NA	NA	NA	NA	NEEDS_REVIEW	REACTION_ANNOTATION_SUPPORTED_PROVISIONAL	reports/COAD/current_catalog_v0_1/candidate_catalog.json	hsa:54576	0.400708300009171	0.0458478582879108	ORIGINAL_KEGG_NAME_COMPATIBLE	reports/COAD/current_catalog_v0_1/candidate_catalog.json
COAD	COAD	02_MAPPING	20260919T112700Z_shared_delivery_v1	coad_biochemical_v0.1_shared_view_v1	biochemical_annotation_view	KEGG:C00015	uridine 5'-diphosphate (UDP)	UGT1A9	feature_gene_pair	NA	NA	NA	NA	NA	NA	NA	NA	NA	NA	NEEDS_REVIEW	REACTION_ANNOTATION_SUPPORTED_PROVISIONAL	reports/COAD/current_catalog_v0_1/candidate_catalog.json	hsa:54600	0.400708300009171	0.0458478582879108	ORIGINAL_KEGG_NAME_COMPATIBLE	reports/COAD/current_catalog_v0_1/candidate_catalog.json
COAD	COAD	02_MAPPING	20260919T112700Z_shared_delivery_v1	coad_biochemical_v0.1_shared_view_v1	biochemical_annotation_view	KEGG:C00015	uridine 5'-diphosphate (UDP)	UGT2A1	feature_gene_pair	NA	NA	NA	NA	NA	NA	NA	NA	NA	NA	NEEDS_REVIEW	REACTION_ANNOTATION_SUPPORTED_PROVISIONAL	reports/COAD/current_catalog_v0_1/candidate_catalog.json	hsa:10941	0.400708300009171	0.0458478582879108	ORIGINAL_KEGG_NAME_COMPATIBLE	reports/COAD/current_catalog_v0_1/candidate_catalog.json
COAD	COAD	02_MAPPING	20260919T112700Z_shared_delivery_v1	coad_biochemical_v0.1_shared_view_v1	biochemical_annotation_view	KEGG:C00015	uridine 5'-diphosphate (UDP)	UGT2A2	feature_gene_pair	NA	NA	NA	NA	NA	NA	NA	NA	NA	NA	NEEDS_REVIEW	REACTION_ANNOTATION_SUPPORTED_PROVISIONAL	reports/COAD/current_catalog_v0_1/candidate_catalog.json	hsa:574537	0.400708300009171	0.0458478582879108	ORIGINAL_KEGG_NAME_COMPATIBLE	reports/COAD/current_catalog_v0_1/candidate_catalog.json
COAD	COAD	02_MAPPING	20260919T112700Z_shared_delivery_v1	coad_biochemical_v0.1_shared_view_v1	biochemical_annotation_view	KEGG:C00015	uridine 5'-diphosphate (UDP)	UGT2A3	feature_gene_pair	NA	NA	NA	NA	NA	NA	NA	NA	NA	NA	NEEDS_REVIEW	REACTION_ANNOTATION_SUPPORTED_PROVISIONAL	reports/COAD/current_catalog_v0_1/candidate_catalog.json	hsa:79799	0.400708300009171	0.0458478582879108	ORIGINAL_KEGG_NAME_COMPATIBLE	reports/COAD/current_catalog_v0_1/candidate_catalog.json
COAD	COAD	02_MAPPING	20260919T112700Z_shared_delivery_v1	coad_biochemical_v0.1_shared_view_v1	biochemical_annotation_view	KEGG:C00015	uridine 5'-diphosphate (UDP)	UGT2B10	feature_gene_pair	NA	NA	NA	NA	NA	NA	NA	NA	NA	NA	NEEDS_REVIEW	REACTION_ANNOTATION_SUPPORTED_PROVISIONAL	reports/COAD/current_catalog_v0_1/candidate_catalog.json	hsa:7365	0.400708300009171	0.0458478582879108	ORIGINAL_KEGG_NAME_COMPATIBLE	reports/COAD/current_catalog_v0_1/candidate_catalog.json
COAD	COAD	02_MAPPING	20260919T112700Z_shared_delivery_v1	coad_biochemical_v0.1_shared_view_v1	biochemical_annotation_view	KEGG:C00015	uridine 5'-diphosphate (UDP)	UGT2B11	feature_gene_pair	NA	NA	NA	NA	NA	NA	NA	NA	NA	NA	NEEDS_REVIEW	REACTION_ANNOTATION_SUPPORTED_PROVISIONAL	reports/COAD/current_catalog_v0_1/candidate_catalog.json	hsa:10720	0.400708300009171	0.0458478582879108	ORIGINAL_KEGG_NAME_COMPATIBLE	reports/COAD/current_catalog_v0_1/candidate_catalog.json
COAD	COAD	02_MAPPING	20260919T112700Z_shared_delivery_v1	coad_biochemical_v0.1_shared_view_v1	biochemical_annotation_view	KEGG:C00015	uridine 5'-diphosphate (UDP)	UGT2B15	feature_gene_pair	NA	NA	NA	NA	NA	NA	NA	NA	NA	NA	NEEDS_REVIEW	REACTION_ANNOTATION_SUPPORTED_PROVISIONAL	reports/COAD/current_catalog_v0_1/candidate_catalog.json	hsa:7366	0.400708300009171	0.0458478582879108	ORIGINAL_KEGG_NAME_COMPATIBLE	reports/COAD/current_catalog_v0_1/candidate_catalog.json
COAD	COAD	02_MAPPING	20260919T112700Z_shared_delivery_v1	coad_biochemical_v0.1_shared_view_v1	biochemical_annotation_view	KEGG:C00015	uridine 5'-diphosphate (UDP)	UGT2B17	feature_gene_pair	NA	NA	NA	NA	NA	NA	NA	NA	NA	NA	NEEDS_REVIEW	REACTION_ANNOTATION_SUPPORTED_PROVISIONAL	reports/COAD/current_catalog_v0_1/candidate_catalog.json	hsa:7367	0.400708300009171	0.0458478582879108	ORIGINAL_KEGG_NAME_COMPATIBLE	reports/COAD/current_catalog_v0_1/candidate_catalog.json
COAD	COAD	02_MAPPING	20260919T112700Z_shared_delivery_v1	coad_biochemical_v0.1_shared_view_v1	biochemical_annotation_view	KEGG:C00015	uridine 5'-diphosphate (UDP)	UGT2B28	feature_gene_pair	NA	NA	NA	NA	NA	NA	NA	NA	NA	NA	NEEDS_REVIEW	REACTION_ANNOTATION_SUPPORTED_PROVISIONAL	reports/COAD/current_catalog_v0_1/candidate_catalog.json	hsa:54490	0.400708300009171	0.0458478582879108	ORIGINAL_KEGG_NAME_COMPATIBLE	reports/COAD/current_catalog_v0_1/candidate_catalog.json
COAD	COAD	02_MAPPING	20260919T112700Z_shared_delivery_v1	coad_biochemical_v0.1_shared_view_v1	biochemical_annotation_view	KEGG:C00015	uridine 5'-diphosphate (UDP)	UGT2B4	feature_gene_pair	NA	NA	NA	NA	NA	NA	NA	NA	NA	NA	NEEDS_REVIEW	REACTION_ANNOTATION_SUPPORTED_PROVISIONAL	reports/COAD/current_catalog_v0_1/candidate_catalog.json	hsa:7363	0.400708300009171	0.0458478582879108	ORIGINAL_KEGG_NAME_COMPATIBLE	reports/COAD/current_catalog_v0_1/candidate_catalog.json
COAD	COAD	02_MAPPING	20260919T112700Z_shared_delivery_v1	coad_biochemical_v0.1_shared_view_v1	biochemical_annotation_view	KEGG:C00015	uridine 5'-diphosphate (UDP)	UGT2B7	feature_gene_pair	NA	NA	NA	NA	NA	NA	NA	NA	NA	NA	NEEDS_REVIEW	REACTION_ANNOTATION_SUPPORTED_PROVISIONAL	reports/COAD/current_catalog_v0_1/candidate_catalog.json	hsa:7364	0.400708300009171	0.0458478582879108	ORIGINAL_KEGG_NAME_COMPATIBLE	reports/COAD/current_catalog_v0_1/candidate_catalog.json
COAD	COAD	02_MAPPING	20260919T112700Z_shared_delivery_v1	coad_biochemical_v0.1_shared_view_v1	biochemical_annotation_view	KEGG:C00015	uridine 5'-diphosphate (UDP)	UGT8	feature_gene_pair	NA	NA	NA	NA	NA	NA	NA	NA	NA	NA	NEEDS_REVIEW	REACTION_ANNOTATION_SUPPORTED_PROVISIONAL	reports/COAD/current_catalog_v0_1/candidate_catalog.json	hsa:7368	0.400708300009171	0.0458478582879108	ORIGINAL_KEGG_NAME_COMPATIBLE	reports/COAD/current_catalog_v0_1/candidate_catalog.json
