cancer	cohort	stage_id	run_id	analysis_version	analysis_type	metabolite_key	metabolite_name	gene	unit	n	n_reference	effect_type	effect	ci_lower	ci_upper	p_value	q_value	test_family	family_n_evaluable	status	reason	source_id	stable_gene_id	partition	celltype	n_source_labels_total	n_source_labels_eligible	n_cells_total	n_cells_eligible	mean_detection_fraction	median_donor_mean	q25	q75	annotation_origin	normalization	bootstrap_first_frequency	row_scaled
PDAC	GSE278688	06_EXTERNAL	20260922T131800Z_author_identity_v4	PDAC_author_cell_identity_v4	sc_expression_source	NA	NA	SLC6A13	author_source_label	2	13	equal_donor_mean_cellwise_log1p10k	NA	NA	NA	NA	NA	SC_SOURCE_DESCRIPTIVE	NA	NOT_EVALUABLE	GENE_MISSING_OR_LT3_ELIGIBLE_LABELS	GSE278688	UniProtKB:Q9NSD5	primary_tumor	Acinar	7	2	284	245	NA	NA	NA	NA	Author labels,predeclared coarse mapping	mean_donor(mean_cell(log1p(10000*counts/all_gene_library)))	NA	NA
PDAC	GSE278688	06_EXTERNAL	20260922T131800Z_author_identity_v4	PDAC_author_cell_identity_v4	sc_expression_source	NA	NA	SLC6A13	author_source_label	11	13	equal_donor_mean_cellwise_log1p10k	0.0002629462763649	NA	NA	NA	NA	SC_SOURCE_DESCRIPTIVE	NA	DONE	Donor-equal descriptive expression	GSE278688	UniProtKB:Q9NSD5	primary_tumor	B/Plasma	13	11	7721	7703	0.0001848937918172	0.0	0.0	0.0	Author labels,predeclared coarse mapping	mean_donor(mean_cell(log1p(10000*counts/all_gene_library)))	NA	0.10000563328151583
PDAC	GSE278688	06_EXTERNAL	20260922T131800Z_author_identity_v4	PDAC_author_cell_identity_v4	sc_expression_source	NA	NA	SLC6A13	author_source_label	0	13	equal_donor_mean_cellwise_log1p10k	NA	NA	NA	NA	NA	SC_SOURCE_DESCRIPTIVE	NA	NOT_EVALUABLE	GENE_MISSING_OR_LT3_ELIGIBLE_LABELS	GSE278688	UniProtKB:Q9NSD5	primary_tumor	Endocrine	12	0	37	0	NA	NA	NA	NA	Author labels,predeclared coarse mapping	mean_donor(mean_cell(log1p(10000*counts/all_gene_library)))	NA	NA
PDAC	GSE278688	06_EXTERNAL	20260922T131800Z_author_identity_v4	PDAC_author_cell_identity_v4	sc_expression_source	NA	NA	SLC6A13	author_source_label	13	13	equal_donor_mean_cellwise_log1p10k	0.0011851023536962	NA	NA	NA	NA	SC_SOURCE_DESCRIPTIVE	NA	DONE	Donor-equal descriptive expression	GSE278688	UniProtKB:Q9NSD5	primary_tumor	Endothelial	13	13	2011	2011	0.0013495276653171	0.0	0.0	0.0	Author labels,predeclared coarse mapping	mean_donor(mean_cell(log1p(10000*counts/all_gene_library)))	NA	0.4507267150660589
PDAC	GSE278688	06_EXTERNAL	20260922T131800Z_author_identity_v4	PDAC_author_cell_identity_v4	sc_expression_source	NA	NA	SLC6A13	author_source_label	12	13	equal_donor_mean_cellwise_log1p10k	0.0003533662464931	NA	NA	NA	NA	SC_SOURCE_DESCRIPTIVE	NA	DONE	Donor-equal descriptive expression	GSE278688	UniProtKB:Q9NSD5	primary_tumor	Ductal (unresolved)	13	12	8370	8351	0.0003801121672311	0.0	0.0	0.0	Author labels,predeclared coarse mapping	mean_donor(mean_cell(log1p(10000*counts/all_gene_library)))	NA	0.1343948115538781
PDAC	GSE278688	06_EXTERNAL	20260922T131800Z_author_identity_v4	PDAC_author_cell_identity_v4	sc_expression_source	NA	NA	SLC6A13	author_source_label	13	13	equal_donor_mean_cellwise_log1p10k	0.002629314646953	NA	NA	NA	NA	SC_SOURCE_DESCRIPTIVE	NA	DONE	Donor-equal descriptive expression	GSE278688	UniProtKB:Q9NSD5	primary_tumor	Fibroblast/CAF	13	13	4948	4948	0.0025220680958385	0.0	0.0	0.0	Author labels,predeclared coarse mapping	mean_donor(mean_cell(log1p(10000*counts/all_gene_library)))	NA	1.0
PDAC	GSE278688	06_EXTERNAL	20260922T131800Z_author_identity_v4	PDAC_author_cell_identity_v4	sc_expression_source	NA	NA	SLC6A13	author_source_label	13	13	equal_donor_mean_cellwise_log1p10k	0.0004394195210759	NA	NA	NA	NA	SC_SOURCE_DESCRIPTIVE	NA	DONE	Donor-equal descriptive expression	GSE278688	UniProtKB:Q9NSD5	primary_tumor	Myeloid	13	13	5654	5654	0.0006099410662782	0.0	0.0	0.0	Author labels,predeclared coarse mapping	mean_donor(mean_cell(log1p(10000*counts/all_gene_library)))	NA	0.16712321653291837
PDAC	GSE278688	06_EXTERNAL	20260922T131800Z_author_identity_v4	PDAC_author_cell_identity_v4	sc_expression_source	NA	NA	SLC6A13	author_source_label	2	13	equal_donor_mean_cellwise_log1p10k	NA	NA	NA	NA	NA	SC_SOURCE_DESCRIPTIVE	NA	NOT_EVALUABLE	GENE_MISSING_OR_LT3_ELIGIBLE_LABELS	GSE278688	UniProtKB:Q9NSD5	primary_tumor	Schwann	12	2	221	154	NA	NA	NA	NA	Author labels,predeclared coarse mapping	mean_donor(mean_cell(log1p(10000*counts/all_gene_library)))	NA	NA
PDAC	GSE278688	06_EXTERNAL	20260922T131800Z_author_identity_v4	PDAC_author_cell_identity_v4	sc_expression_source	NA	NA	SLC6A13	author_source_label	13	13	equal_donor_mean_cellwise_log1p10k	0.0005279450195586	NA	NA	NA	NA	SC_SOURCE_DESCRIPTIVE	NA	DONE	Donor-equal descriptive expression	GSE278688	UniProtKB:Q9NSD5	primary_tumor	T/NK	13	13	42168	42168	0.0003385746799382	0.0	0.0	0.000558086936217	Author labels,predeclared coarse mapping	mean_donor(mean_cell(log1p(10000*counts/all_gene_library)))	NA	0.2007918756206728
PDAC	GSE278688	06_EXTERNAL	20260922T131800Z_author_identity_v4	PDAC_author_cell_identity_v4	sc_expression_source	NA	NA	SLC6A14	author_source_label	2	13	equal_donor_mean_cellwise_log1p10k	NA	NA	NA	NA	NA	SC_SOURCE_DESCRIPTIVE	NA	NOT_EVALUABLE	GENE_MISSING_OR_LT3_ELIGIBLE_LABELS	GSE278688	UniProtKB:Q9UN76	primary_tumor	Acinar	7	2	284	245	NA	NA	NA	NA	Author labels,predeclared coarse mapping	mean_donor(mean_cell(log1p(10000*counts/all_gene_library)))	NA	NA
PDAC	GSE278688	06_EXTERNAL	20260922T131800Z_author_identity_v4	PDAC_author_cell_identity_v4	sc_expression_source	NA	NA	SLC6A14	author_source_label	11	13	equal_donor_mean_cellwise_log1p10k	0.0	NA	NA	NA	NA	SC_SOURCE_DESCRIPTIVE	NA	DONE	Donor-equal descriptive expression	GSE278688	UniProtKB:Q9UN76	primary_tumor	B/Plasma	13	11	7721	7703	0.0	0.0	0.0	0.0	Author labels,predeclared coarse mapping	mean_donor(mean_cell(log1p(10000*counts/all_gene_library)))	0.0	0.0
PDAC	GSE278688	06_EXTERNAL	20260922T131800Z_author_identity_v4	PDAC_author_cell_identity_v4	sc_expression_source	NA	NA	SLC6A14	author_source_label	0	13	equal_donor_mean_cellwise_log1p10k	NA	NA	NA	NA	NA	SC_SOURCE_DESCRIPTIVE	NA	NOT_EVALUABLE	GENE_MISSING_OR_LT3_ELIGIBLE_LABELS	GSE278688	UniProtKB:Q9UN76	primary_tumor	Endocrine	12	0	37	0	NA	NA	NA	NA	Author labels,predeclared coarse mapping	mean_donor(mean_cell(log1p(10000*counts/all_gene_library)))	NA	NA
PDAC	GSE278688	06_EXTERNAL	20260922T131800Z_author_identity_v4	PDAC_author_cell_identity_v4	sc_expression_source	NA	NA	SLC6A14	author_source_label	13	13	equal_donor_mean_cellwise_log1p10k	0.0005652655243699	NA	NA	NA	NA	SC_SOURCE_DESCRIPTIVE	NA	DONE	Donor-equal descriptive expression	GSE278688	UniProtKB:Q9UN76	primary_tumor	Endothelial	13	13	2011	2011	0.0005719187875321	0.0	0.0	0.0	Author labels,predeclared coarse mapping	mean_donor(mean_cell(log1p(10000*counts/all_gene_library)))	0.0	0.006610017260439586
PDAC	GSE278688	06_EXTERNAL	20260922T131800Z_author_identity_v4	PDAC_author_cell_identity_v4	sc_expression_source	NA	NA	SLC6A14	author_source_label	12	13	equal_donor_mean_cellwise_log1p10k	0.0855164974761818	NA	NA	NA	NA	SC_SOURCE_DESCRIPTIVE	NA	DONE	Donor-equal descriptive expression	GSE278688	UniProtKB:Q9UN76	primary_tumor	Ductal (unresolved)	13	12	8370	8351	0.0657585329379484	0.0661158896328848	0.0221344268910237	0.1435524041397292	Author labels,predeclared coarse mapping	mean_donor(mean_cell(log1p(10000*counts/all_gene_library)))	1.0	1.0
PDAC	GSE278688	06_EXTERNAL	20260922T131800Z_author_identity_v4	PDAC_author_cell_identity_v4	sc_expression_source	NA	NA	SLC6A14	author_source_label	13	13	equal_donor_mean_cellwise_log1p10k	0.0007881309431148	NA	NA	NA	NA	SC_SOURCE_DESCRIPTIVE	NA	DONE	Donor-equal descriptive expression	GSE278688	UniProtKB:Q9UN76	primary_tumor	Fibroblast/CAF	13	13	4948	4948	0.0007069997671501	0.0	0.0	0.0	Author labels,predeclared coarse mapping	mean_donor(mean_cell(log1p(10000*counts/all_gene_library)))	0.0	0.009216127488550517
PDAC	GSE278688	06_EXTERNAL	20260922T131800Z_author_identity_v4	PDAC_author_cell_identity_v4	sc_expression_source	NA	NA	SLC6A14	author_source_label	13	13	equal_donor_mean_cellwise_log1p10k	0.0003745723111804	NA	NA	NA	NA	SC_SOURCE_DESCRIPTIVE	NA	DONE	Donor-equal descriptive expression	GSE278688	UniProtKB:Q9UN76	primary_tumor	Myeloid	13	13	5654	5654	0.00034972800831	0.0	0.0	0.0	Author labels,predeclared coarse mapping	mean_donor(mean_cell(log1p(10000*counts/all_gene_library)))	0.0	0.004380117547315669
PDAC	GSE278688	06_EXTERNAL	20260922T131800Z_author_identity_v4	PDAC_author_cell_identity_v4	sc_expression_source	NA	NA	SLC6A14	author_source_label	2	13	equal_donor_mean_cellwise_log1p10k	NA	NA	NA	NA	NA	SC_SOURCE_DESCRIPTIVE	NA	NOT_EVALUABLE	GENE_MISSING_OR_LT3_ELIGIBLE_LABELS	GSE278688	UniProtKB:Q9UN76	primary_tumor	Schwann	12	2	221	154	NA	NA	NA	NA	Author labels,predeclared coarse mapping	mean_donor(mean_cell(log1p(10000*counts/all_gene_library)))	NA	NA
PDAC	GSE278688	06_EXTERNAL	20260922T131800Z_author_identity_v4	PDAC_author_cell_identity_v4	sc_expression_source	NA	NA	SLC6A14	author_source_label	13	13	equal_donor_mean_cellwise_log1p10k	0.0001819914586561	NA	NA	NA	NA	SC_SOURCE_DESCRIPTIVE	NA	DONE	Donor-equal descriptive expression	GSE278688	UniProtKB:Q9UN76	primary_tumor	T/NK	13	13	42168	42168	0.0001363890164054	0.0	0.0	0.0003835734110894	Author labels,predeclared coarse mapping	mean_donor(mean_cell(log1p(10000*counts/all_gene_library)))	0.0	0.0021281444402793575
PDAC	GSE278688	06_EXTERNAL	20260922T131800Z_author_identity_v4	PDAC_author_cell_identity_v4	sc_expression_source	NA	NA	SLC6A15	author_source_label	2	13	equal_donor_mean_cellwise_log1p10k	NA	NA	NA	NA	NA	SC_SOURCE_DESCRIPTIVE	NA	NOT_EVALUABLE	GENE_MISSING_OR_LT3_ELIGIBLE_LABELS	GSE278688	UniProtKB:Q9H2J7	primary_tumor	Acinar	7	2	284	245	NA	NA	NA	NA	Author labels,predeclared coarse mapping	mean_donor(mean_cell(log1p(10000*counts/all_gene_library)))	NA	NA
PDAC	GSE278688	06_EXTERNAL	20260922T131800Z_author_identity_v4	PDAC_author_cell_identity_v4	sc_expression_source	NA	NA	SLC6A15	author_source_label	11	13	equal_donor_mean_cellwise_log1p10k	0.0007007506670472	NA	NA	NA	NA	SC_SOURCE_DESCRIPTIVE	NA	DONE	Donor-equal descriptive expression	GSE278688	UniProtKB:Q9H2J7	primary_tumor	B/Plasma	13	11	7721	7703	0.0008030164280164	0.0	0.0	0.0	Author labels,predeclared coarse mapping	mean_donor(mean_cell(log1p(10000*counts/all_gene_library)))	NA	1.0
PDAC	GSE278688	06_EXTERNAL	20260922T131800Z_author_identity_v4	PDAC_author_cell_identity_v4	sc_expression_source	NA	NA	SLC6A15	author_source_label	0	13	equal_donor_mean_cellwise_log1p10k	NA	NA	NA	NA	NA	SC_SOURCE_DESCRIPTIVE	NA	NOT_EVALUABLE	GENE_MISSING_OR_LT3_ELIGIBLE_LABELS	GSE278688	UniProtKB:Q9H2J7	primary_tumor	Endocrine	12	0	37	0	NA	NA	NA	NA	Author labels,predeclared coarse mapping	mean_donor(mean_cell(log1p(10000*counts/all_gene_library)))	NA	NA
PDAC	GSE278688	06_EXTERNAL	20260922T131800Z_author_identity_v4	PDAC_author_cell_identity_v4	sc_expression_source	NA	NA	SLC6A15	author_source_label	13	13	equal_donor_mean_cellwise_log1p10k	0.0	NA	NA	NA	NA	SC_SOURCE_DESCRIPTIVE	NA	DONE	Donor-equal descriptive expression	GSE278688	UniProtKB:Q9H2J7	primary_tumor	Endothelial	13	13	2011	2011	0.0	0.0	0.0	0.0	Author labels,predeclared coarse mapping	mean_donor(mean_cell(log1p(10000*counts/all_gene_library)))	NA	0.0
PDAC	GSE278688	06_EXTERNAL	20260922T131800Z_author_identity_v4	PDAC_author_cell_identity_v4	sc_expression_source	NA	NA	SLC6A15	author_source_label	12	13	equal_donor_mean_cellwise_log1p10k	0.0	NA	NA	NA	NA	SC_SOURCE_DESCRIPTIVE	NA	DONE	Donor-equal descriptive expression	GSE278688	UniProtKB:Q9H2J7	primary_tumor	Ductal (unresolved)	13	12	8370	8351	0.0	0.0	0.0	0.0	Author labels,predeclared coarse mapping	mean_donor(mean_cell(log1p(10000*counts/all_gene_library)))	NA	0.0
PDAC	GSE278688	06_EXTERNAL	20260922T131800Z_author_identity_v4	PDAC_author_cell_identity_v4	sc_expression_source	NA	NA	SLC6A15	author_source_label	13	13	equal_donor_mean_cellwise_log1p10k	0.0001752898465405	NA	NA	NA	NA	SC_SOURCE_DESCRIPTIVE	NA	DONE	Donor-equal descriptive expression	GSE278688	UniProtKB:Q9H2J7	primary_tumor	Fibroblast/CAF	13	13	4948	4948	0.0003602954422626	0.0	0.0	0.0	Author labels,predeclared coarse mapping	mean_donor(mean_cell(log1p(10000*counts/all_gene_library)))	NA	0.2501458147433959
PDAC	GSE278688	06_EXTERNAL	20260922T131800Z_author_identity_v4	PDAC_author_cell_identity_v4	sc_expression_source	NA	NA	SLC6A15	author_source_label	13	13	equal_donor_mean_cellwise_log1p10k	0.0	NA	NA	NA	NA	SC_SOURCE_DESCRIPTIVE	NA	DONE	Donor-equal descriptive expression	GSE278688	UniProtKB:Q9H2J7	primary_tumor	Myeloid	13	13	5654	5654	0.0	0.0	0.0	0.0	Author labels,predeclared coarse mapping	mean_donor(mean_cell(log1p(10000*counts/all_gene_library)))	NA	0.0
PDAC	GSE278688	06_EXTERNAL	20260922T131800Z_author_identity_v4	PDAC_author_cell_identity_v4	sc_expression_source	NA	NA	SLC6A15	author_source_label	2	13	equal_donor_mean_cellwise_log1p10k	NA	NA	NA	NA	NA	SC_SOURCE_DESCRIPTIVE	NA	NOT_EVALUABLE	GENE_MISSING_OR_LT3_ELIGIBLE_LABELS	GSE278688	UniProtKB:Q9H2J7	primary_tumor	Schwann	12	2	221	154	NA	NA	NA	NA	Author labels,predeclared coarse mapping	mean_donor(mean_cell(log1p(10000*counts/all_gene_library)))	NA	NA
PDAC	GSE278688	06_EXTERNAL	20260922T131800Z_author_identity_v4	PDAC_author_cell_identity_v4	sc_expression_source	NA	NA	SLC6A15	author_source_label	13	13	equal_donor_mean_cellwise_log1p10k	0.0	NA	NA	NA	NA	SC_SOURCE_DESCRIPTIVE	NA	DONE	Donor-equal descriptive expression	GSE278688	UniProtKB:Q9H2J7	primary_tumor	T/NK	13	13	42168	42168	0.0	0.0	0.0	0.0	Author labels,predeclared coarse mapping	mean_donor(mean_cell(log1p(10000*counts/all_gene_library)))	NA	0.0
PDAC	GSE278688	06_EXTERNAL	20260922T131800Z_author_identity_v4	PDAC_author_cell_identity_v4	sc_expression_source	NA	NA	SLC6A17	author_source_label	2	13	equal_donor_mean_cellwise_log1p10k	NA	NA	NA	NA	NA	SC_SOURCE_DESCRIPTIVE	NA	NOT_EVALUABLE	GENE_MISSING_OR_LT3_ELIGIBLE_LABELS	GSE278688	UniProtKB:Q9H1V8	primary_tumor	Acinar	7	2	284	245	NA	NA	NA	NA	Author labels,predeclared coarse mapping	mean_donor(mean_cell(log1p(10000*counts/all_gene_library)))	NA	NA
PDAC	GSE278688	06_EXTERNAL	20260922T131800Z_author_identity_v4	PDAC_author_cell_identity_v4	sc_expression_source	NA	NA	SLC6A17	author_source_label	11	13	equal_donor_mean_cellwise_log1p10k	0.0	NA	NA	NA	NA	SC_SOURCE_DESCRIPTIVE	NA	DONE	Donor-equal descriptive expression	GSE278688	UniProtKB:Q9H1V8	primary_tumor	B/Plasma	13	11	7721	7703	0.0	0.0	0.0	0.0	Author labels,predeclared coarse mapping	mean_donor(mean_cell(log1p(10000*counts/all_gene_library)))	NA	0.0
PDAC	GSE278688	06_EXTERNAL	20260922T131800Z_author_identity_v4	PDAC_author_cell_identity_v4	sc_expression_source	NA	NA	SLC6A17	author_source_label	0	13	equal_donor_mean_cellwise_log1p10k	NA	NA	NA	NA	NA	SC_SOURCE_DESCRIPTIVE	NA	NOT_EVALUABLE	GENE_MISSING_OR_LT3_ELIGIBLE_LABELS	GSE278688	UniProtKB:Q9H1V8	primary_tumor	Endocrine	12	0	37	0	NA	NA	NA	NA	Author labels,predeclared coarse mapping	mean_donor(mean_cell(log1p(10000*counts/all_gene_library)))	NA	NA
PDAC	GSE278688	06_EXTERNAL	20260922T131800Z_author_identity_v4	PDAC_author_cell_identity_v4	sc_expression_source	NA	NA	SLC6A17	author_source_label	13	13	equal_donor_mean_cellwise_log1p10k	0.002465872708039	NA	NA	NA	NA	SC_SOURCE_DESCRIPTIVE	NA	DONE	Donor-equal descriptive expression	GSE278688	UniProtKB:Q9H1V8	primary_tumor	Endothelial	13	13	2011	2011	0.002578234198494	0.0	0.0	0.0044078209785815	Author labels,predeclared coarse mapping	mean_donor(mean_cell(log1p(10000*counts/all_gene_library)))	NA	0.9343596044620777
PDAC	GSE278688	06_EXTERNAL	20260922T131800Z_author_identity_v4	PDAC_author_cell_identity_v4	sc_expression_source	NA	NA	SLC6A17	author_source_label	12	13	equal_donor_mean_cellwise_log1p10k	0.000236795482188	NA	NA	NA	NA	SC_SOURCE_DESCRIPTIVE	NA	DONE	Donor-equal descriptive expression	GSE278688	UniProtKB:Q9H1V8	primary_tumor	Ductal (unresolved)	13	12	8370	8351	0.0003443526170798	0.0	0.0	0.0	Author labels,predeclared coarse mapping	mean_donor(mean_cell(log1p(10000*counts/all_gene_library)))	NA	0.08972569117387195
PDAC	GSE278688	06_EXTERNAL	20260922T131800Z_author_identity_v4	PDAC_author_cell_identity_v4	sc_expression_source	NA	NA	SLC6A17	author_source_label	13	13	equal_donor_mean_cellwise_log1p10k	0.0026391045762928	NA	NA	NA	NA	SC_SOURCE_DESCRIPTIVE	NA	DONE	Donor-equal descriptive expression	GSE278688	UniProtKB:Q9H1V8	primary_tumor	Fibroblast/CAF	13	13	4948	4948	0.0020837483539688	0.0012806260615315	0.0	0.0042266680657949	Author labels,predeclared coarse mapping	mean_donor(mean_cell(log1p(10000*counts/all_gene_library)))	NA	1.0
PDAC	GSE278688	06_EXTERNAL	20260922T131800Z_author_identity_v4	PDAC_author_cell_identity_v4	sc_expression_source	NA	NA	SLC6A17	author_source_label	13	13	equal_donor_mean_cellwise_log1p10k	0.0001199233962007	NA	NA	NA	NA	SC_SOURCE_DESCRIPTIVE	NA	DONE	Donor-equal descriptive expression	GSE278688	UniProtKB:Q9H1V8	primary_tumor	Myeloid	13	13	5654	5654	0.0001709401709401	0.0	0.0	0.0	Author labels,predeclared coarse mapping	mean_donor(mean_cell(log1p(10000*counts/all_gene_library)))	NA	0.04544094132456041
PDAC	GSE278688	06_EXTERNAL	20260922T131800Z_author_identity_v4	PDAC_author_cell_identity_v4	sc_expression_source	NA	NA	SLC6A17	author_source_label	2	13	equal_donor_mean_cellwise_log1p10k	NA	NA	NA	NA	NA	SC_SOURCE_DESCRIPTIVE	NA	NOT_EVALUABLE	GENE_MISSING_OR_LT3_ELIGIBLE_LABELS	GSE278688	UniProtKB:Q9H1V8	primary_tumor	Schwann	12	2	221	154	NA	NA	NA	NA	Author labels,predeclared coarse mapping	mean_donor(mean_cell(log1p(10000*counts/all_gene_library)))	NA	NA
PDAC	GSE278688	06_EXTERNAL	20260922T131800Z_author_identity_v4	PDAC_author_cell_identity_v4	sc_expression_source	NA	NA	SLC6A17	author_source_label	13	13	equal_donor_mean_cellwise_log1p10k	0.0	NA	NA	NA	NA	SC_SOURCE_DESCRIPTIVE	NA	DONE	Donor-equal descriptive expression	GSE278688	UniProtKB:Q9H1V8	primary_tumor	T/NK	13	13	42168	42168	0.0	0.0	0.0	0.0	Author labels,predeclared coarse mapping	mean_donor(mean_cell(log1p(10000*counts/all_gene_library)))	NA	0.0
PDAC	GSE278688	06_EXTERNAL	20260922T131800Z_author_identity_v4	PDAC_author_cell_identity_v4	sc_expression_source	NA	NA	SLC6A19	author_source_label	2	13	equal_donor_mean_cellwise_log1p10k	NA	NA	NA	NA	NA	SC_SOURCE_DESCRIPTIVE	NA	NOT_EVALUABLE	GENE_MISSING_OR_LT3_ELIGIBLE_LABELS	GSE278688	UniProtKB:Q695T7	primary_tumor	Acinar	7	2	284	245	NA	NA	NA	NA	Author labels,predeclared coarse mapping	mean_donor(mean_cell(log1p(10000*counts/all_gene_library)))	NA	NA
PDAC	GSE278688	06_EXTERNAL	20260922T131800Z_author_identity_v4	PDAC_author_cell_identity_v4	sc_expression_source	NA	NA	SLC6A19	author_source_label	11	13	equal_donor_mean_cellwise_log1p10k	0.0	NA	NA	NA	NA	SC_SOURCE_DESCRIPTIVE	NA	DONE	Donor-equal descriptive expression	GSE278688	UniProtKB:Q695T7	primary_tumor	B/Plasma	13	11	7721	7703	0.0	0.0	0.0	0.0	Author labels,predeclared coarse mapping	mean_donor(mean_cell(log1p(10000*counts/all_gene_library)))	NA	0.0
PDAC	GSE278688	06_EXTERNAL	20260922T131800Z_author_identity_v4	PDAC_author_cell_identity_v4	sc_expression_source	NA	NA	SLC6A19	author_source_label	0	13	equal_donor_mean_cellwise_log1p10k	NA	NA	NA	NA	NA	SC_SOURCE_DESCRIPTIVE	NA	NOT_EVALUABLE	GENE_MISSING_OR_LT3_ELIGIBLE_LABELS	GSE278688	UniProtKB:Q695T7	primary_tumor	Endocrine	12	0	37	0	NA	NA	NA	NA	Author labels,predeclared coarse mapping	mean_donor(mean_cell(log1p(10000*counts/all_gene_library)))	NA	NA
PDAC	GSE278688	06_EXTERNAL	20260922T131800Z_author_identity_v4	PDAC_author_cell_identity_v4	sc_expression_source	NA	NA	SLC6A19	author_source_label	13	13	equal_donor_mean_cellwise_log1p10k	0.0	NA	NA	NA	NA	SC_SOURCE_DESCRIPTIVE	NA	DONE	Donor-equal descriptive expression	GSE278688	UniProtKB:Q695T7	primary_tumor	Endothelial	13	13	2011	2011	0.0	0.0	0.0	0.0	Author labels,predeclared coarse mapping	mean_donor(mean_cell(log1p(10000*counts/all_gene_library)))	NA	0.0
PDAC	GSE278688	06_EXTERNAL	20260922T131800Z_author_identity_v4	PDAC_author_cell_identity_v4	sc_expression_source	NA	NA	SLC6A19	author_source_label	12	13	equal_donor_mean_cellwise_log1p10k	0.0010096129895043	NA	NA	NA	NA	SC_SOURCE_DESCRIPTIVE	NA	DONE	Donor-equal descriptive expression	GSE278688	UniProtKB:Q695T7	primary_tumor	Ductal (unresolved)	13	12	8370	8351	0.000924805616449	0.0	0.0	0.0007749392606719	Author labels,predeclared coarse mapping	mean_donor(mean_cell(log1p(10000*counts/all_gene_library)))	NA	1.0
PDAC	GSE278688	06_EXTERNAL	20260922T131800Z_author_identity_v4	PDAC_author_cell_identity_v4	sc_expression_source	NA	NA	SLC6A19	author_source_label	13	13	equal_donor_mean_cellwise_log1p10k	0.0	NA	NA	NA	NA	SC_SOURCE_DESCRIPTIVE	NA	DONE	Donor-equal descriptive expression	GSE278688	UniProtKB:Q695T7	primary_tumor	Fibroblast/CAF	13	13	4948	4948	0.0	0.0	0.0	0.0	Author labels,predeclared coarse mapping	mean_donor(mean_cell(log1p(10000*counts/all_gene_library)))	NA	0.0
PDAC	GSE278688	06_EXTERNAL	20260922T131800Z_author_identity_v4	PDAC_author_cell_identity_v4	sc_expression_source	NA	NA	SLC6A19	author_source_label	13	13	equal_donor_mean_cellwise_log1p10k	8.196570839759914e-05	NA	NA	NA	NA	SC_SOURCE_DESCRIPTIVE	NA	DONE	Donor-equal descriptive expression	GSE278688	UniProtKB:Q695T7	primary_tumor	Myeloid	13	13	5654	5654	5.467169646274124e-05	0.0	0.0	0.0	Author labels,predeclared coarse mapping	mean_donor(mean_cell(log1p(10000*counts/all_gene_library)))	NA	0.08118527519920549
PDAC	GSE278688	06_EXTERNAL	20260922T131800Z_author_identity_v4	PDAC_author_cell_identity_v4	sc_expression_source	NA	NA	SLC6A19	author_source_label	2	13	equal_donor_mean_cellwise_log1p10k	NA	NA	NA	NA	NA	SC_SOURCE_DESCRIPTIVE	NA	NOT_EVALUABLE	GENE_MISSING_OR_LT3_ELIGIBLE_LABELS	GSE278688	UniProtKB:Q695T7	primary_tumor	Schwann	12	2	221	154	NA	NA	NA	NA	Author labels,predeclared coarse mapping	mean_donor(mean_cell(log1p(10000*counts/all_gene_library)))	NA	NA
PDAC	GSE278688	06_EXTERNAL	20260922T131800Z_author_identity_v4	PDAC_author_cell_identity_v4	sc_expression_source	NA	NA	SLC6A19	author_source_label	13	13	equal_donor_mean_cellwise_log1p10k	0.0	NA	NA	NA	NA	SC_SOURCE_DESCRIPTIVE	NA	DONE	Donor-equal descriptive expression	GSE278688	UniProtKB:Q695T7	primary_tumor	T/NK	13	13	42168	42168	0.0	0.0	0.0	0.0	Author labels,predeclared coarse mapping	mean_donor(mean_cell(log1p(10000*counts/all_gene_library)))	NA	0.0
PDAC	GSE278688	06_EXTERNAL	20260922T131800Z_author_identity_v4	PDAC_author_cell_identity_v4	sc_expression_source	NA	NA	SLC6A20	author_source_label	2	13	equal_donor_mean_cellwise_log1p10k	NA	NA	NA	NA	NA	SC_SOURCE_DESCRIPTIVE	NA	NOT_EVALUABLE	GENE_MISSING_OR_LT3_ELIGIBLE_LABELS	GSE278688	UniProtKB:Q9NP91	primary_tumor	Acinar	7	2	284	245	NA	NA	NA	NA	Author labels,predeclared coarse mapping	mean_donor(mean_cell(log1p(10000*counts/all_gene_library)))	NA	NA
PDAC	GSE278688	06_EXTERNAL	20260922T131800Z_author_identity_v4	PDAC_author_cell_identity_v4	sc_expression_source	NA	NA	SLC6A20	author_source_label	11	13	equal_donor_mean_cellwise_log1p10k	0.0019690935181213	NA	NA	NA	NA	SC_SOURCE_DESCRIPTIVE	NA	DONE	Donor-equal descriptive expression	GSE278688	UniProtKB:Q9NP91	primary_tumor	B/Plasma	13	11	7721	7703	0.0018462848952392	0.0005188594949044	0.0	0.002100953560459	Author labels,predeclared coarse mapping	mean_donor(mean_cell(log1p(10000*counts/all_gene_library)))	0.0	0.011611052983904073
PDAC	GSE278688	06_EXTERNAL	20260922T131800Z_author_identity_v4	PDAC_author_cell_identity_v4	sc_expression_source	NA	NA	SLC6A20	author_source_label	0	13	equal_donor_mean_cellwise_log1p10k	NA	NA	NA	NA	NA	SC_SOURCE_DESCRIPTIVE	NA	NOT_EVALUABLE	GENE_MISSING_OR_LT3_ELIGIBLE_LABELS	GSE278688	UniProtKB:Q9NP91	primary_tumor	Endocrine	12	0	37	0	NA	NA	NA	NA	Author labels,predeclared coarse mapping	mean_donor(mean_cell(log1p(10000*counts/all_gene_library)))	NA	NA
PDAC	GSE278688	06_EXTERNAL	20260922T131800Z_author_identity_v4	PDAC_author_cell_identity_v4	sc_expression_source	NA	NA	SLC6A20	author_source_label	13	13	equal_donor_mean_cellwise_log1p10k	0.0006913316666937	NA	NA	NA	NA	SC_SOURCE_DESCRIPTIVE	NA	DONE	Donor-equal descriptive expression	GSE278688	UniProtKB:Q9NP91	primary_tumor	Endothelial	13	13	2011	2011	0.001054008548912	0.0	0.0	0.0	Author labels,predeclared coarse mapping	mean_donor(mean_cell(log1p(10000*counts/all_gene_library)))	0.0	0.0040765400614846655
PDAC	GSE278688	06_EXTERNAL	20260922T131800Z_author_identity_v4	PDAC_author_cell_identity_v4	sc_expression_source	NA	NA	SLC6A20	author_source_label	12	13	equal_donor_mean_cellwise_log1p10k	0.1695878505464555	NA	NA	NA	NA	SC_SOURCE_DESCRIPTIVE	NA	DONE	Donor-equal descriptive expression	GSE278688	UniProtKB:Q9NP91	primary_tumor	Ductal (unresolved)	13	12	8370	8351	0.1450198356775748	0.171525199436112	0.0963289358094035	0.2076369246304326	Author labels,predeclared coarse mapping	mean_donor(mean_cell(log1p(10000*counts/all_gene_library)))	1.0	1.0
PDAC	GSE278688	06_EXTERNAL	20260922T131800Z_author_identity_v4	PDAC_author_cell_identity_v4	sc_expression_source	NA	NA	SLC6A20	author_source_label	13	13	equal_donor_mean_cellwise_log1p10k	0.0241127636239483	NA	NA	NA	NA	SC_SOURCE_DESCRIPTIVE	NA	DONE	Donor-equal descriptive expression	GSE278688	UniProtKB:Q9NP91	primary_tumor	Fibroblast/CAF	13	13	4948	4948	0.0234983394047533	0.0180349647883007	0.0136378313287577	0.0358506631807211	Author labels,predeclared coarse mapping	mean_donor(mean_cell(log1p(10000*counts/all_gene_library)))	0.0	0.1421844993391378
PDAC	GSE278688	06_EXTERNAL	20260922T131800Z_author_identity_v4	PDAC_author_cell_identity_v4	sc_expression_source	NA	NA	SLC6A20	author_source_label	13	13	equal_donor_mean_cellwise_log1p10k	0.000327598025533	NA	NA	NA	NA	SC_SOURCE_DESCRIPTIVE	NA	DONE	Donor-equal descriptive expression	GSE278688	UniProtKB:Q9NP91	primary_tumor	Myeloid	13	13	5654	5654	0.0003044219462129	0.0	0.0	0.0	Author labels,predeclared coarse mapping	mean_donor(mean_cell(log1p(10000*counts/all_gene_library)))	0.0	0.001931730512990142
PDAC	GSE278688	06_EXTERNAL	20260922T131800Z_author_identity_v4	PDAC_author_cell_identity_v4	sc_expression_source	NA	NA	SLC6A20	author_source_label	2	13	equal_donor_mean_cellwise_log1p10k	NA	NA	NA	NA	NA	SC_SOURCE_DESCRIPTIVE	NA	NOT_EVALUABLE	GENE_MISSING_OR_LT3_ELIGIBLE_LABELS	GSE278688	UniProtKB:Q9NP91	primary_tumor	Schwann	12	2	221	154	NA	NA	NA	NA	Author labels,predeclared coarse mapping	mean_donor(mean_cell(log1p(10000*counts/all_gene_library)))	NA	NA
PDAC	GSE278688	06_EXTERNAL	20260922T131800Z_author_identity_v4	PDAC_author_cell_identity_v4	sc_expression_source	NA	NA	SLC6A20	author_source_label	13	13	equal_donor_mean_cellwise_log1p10k	0.0031728579121638	NA	NA	NA	NA	SC_SOURCE_DESCRIPTIVE	NA	DONE	Donor-equal descriptive expression	GSE278688	UniProtKB:Q9NP91	primary_tumor	T/NK	13	13	42168	42168	0.0026262319429506	0.003131836193829	0.001282116256307	0.0043414293129095	Author labels,predeclared coarse mapping	mean_donor(mean_cell(log1p(10000*counts/all_gene_library)))	0.0	0.018709228886031864
PDAC	GSE278688	06_EXTERNAL	20260922T131800Z_author_identity_v4	PDAC_author_cell_identity_v4	sc_expression_source	NA	NA	SLC6A6	author_source_label	2	13	equal_donor_mean_cellwise_log1p10k	NA	NA	NA	NA	NA	SC_SOURCE_DESCRIPTIVE	NA	NOT_EVALUABLE	GENE_MISSING_OR_LT3_ELIGIBLE_LABELS	GSE278688	UniProtKB:P31641	primary_tumor	Acinar	7	2	284	245	NA	NA	NA	NA	Author labels,predeclared coarse mapping	mean_donor(mean_cell(log1p(10000*counts/all_gene_library)))	NA	NA
PDAC	GSE278688	06_EXTERNAL	20260922T131800Z_author_identity_v4	PDAC_author_cell_identity_v4	sc_expression_source	NA	NA	SLC6A6	author_source_label	11	13	equal_donor_mean_cellwise_log1p10k	0.1202533960996728	NA	NA	NA	NA	SC_SOURCE_DESCRIPTIVE	NA	DONE	Donor-equal descriptive expression	GSE278688	UniProtKB:P31641	primary_tumor	B/Plasma	13	11	7721	7703	0.0904759297772002	0.1317564812153305	0.0965592797591245	0.1385129752987074	Author labels,predeclared coarse mapping	mean_donor(mean_cell(log1p(10000*counts/all_gene_library)))	0.0	0.38969215289315967
PDAC	GSE278688	06_EXTERNAL	20260922T131800Z_author_identity_v4	PDAC_author_cell_identity_v4	sc_expression_source	NA	NA	SLC6A6	author_source_label	0	13	equal_donor_mean_cellwise_log1p10k	NA	NA	NA	NA	NA	SC_SOURCE_DESCRIPTIVE	NA	NOT_EVALUABLE	GENE_MISSING_OR_LT3_ELIGIBLE_LABELS	GSE278688	UniProtKB:P31641	primary_tumor	Endocrine	12	0	37	0	NA	NA	NA	NA	Author labels,predeclared coarse mapping	mean_donor(mean_cell(log1p(10000*counts/all_gene_library)))	NA	NA
PDAC	GSE278688	06_EXTERNAL	20260922T131800Z_author_identity_v4	PDAC_author_cell_identity_v4	sc_expression_source	NA	NA	SLC6A6	author_source_label	13	13	equal_donor_mean_cellwise_log1p10k	0.2587469408301985	NA	NA	NA	NA	SC_SOURCE_DESCRIPTIVE	NA	DONE	Donor-equal descriptive expression	GSE278688	UniProtKB:P31641	primary_tumor	Endothelial	13	13	2011	2011	0.1957925300340621	0.1984427701770452	0.1669221515456745	0.2302950593233677	Author labels,predeclared coarse mapping	mean_donor(mean_cell(log1p(10000*counts/all_gene_library)))	0.208	0.8384931793781866
PDAC	GSE278688	06_EXTERNAL	20260922T131800Z_author_identity_v4	PDAC_author_cell_identity_v4	sc_expression_source	NA	NA	SLC6A6	author_source_label	12	13	equal_donor_mean_cellwise_log1p10k	0.0941982879668806	NA	NA	NA	NA	SC_SOURCE_DESCRIPTIVE	NA	DONE	Donor-equal descriptive expression	GSE278688	UniProtKB:P31641	primary_tumor	Ductal (unresolved)	13	12	8370	8351	0.0886383402269111	0.0923195722527927	0.079852580044715	0.1088563969157811	Author labels,predeclared coarse mapping	mean_donor(mean_cell(log1p(10000*counts/all_gene_library)))	0.0	0.305258186689693
PDAC	GSE278688	06_EXTERNAL	20260922T131800Z_author_identity_v4	PDAC_author_cell_identity_v4	sc_expression_source	NA	NA	SLC6A6	author_source_label	13	13	equal_donor_mean_cellwise_log1p10k	0.1783295472601938	NA	NA	NA	NA	SC_SOURCE_DESCRIPTIVE	NA	DONE	Donor-equal descriptive expression	GSE278688	UniProtKB:P31641	primary_tumor	Fibroblast/CAF	13	13	4948	4948	0.1508595977606599	0.1663813834657525	0.1367699157829694	0.2047661523017385	Author labels,predeclared coarse mapping	mean_donor(mean_cell(log1p(10000*counts/all_gene_library)))	0.0	0.577893244184864
PDAC	GSE278688	06_EXTERNAL	20260922T131800Z_author_identity_v4	PDAC_author_cell_identity_v4	sc_expression_source	NA	NA	SLC6A6	author_source_label	13	13	equal_donor_mean_cellwise_log1p10k	0.3085856238235369	NA	NA	NA	NA	SC_SOURCE_DESCRIPTIVE	NA	DONE	Donor-equal descriptive expression	GSE278688	UniProtKB:P31641	primary_tumor	Myeloid	13	13	5654	5654	0.2852231819735533	0.2688132145685626	0.2494238101972926	0.3577824013211593	Author labels,predeclared coarse mapping	mean_donor(mean_cell(log1p(10000*counts/all_gene_library)))	0.791	1.0
PDAC	GSE278688	06_EXTERNAL	20260922T131800Z_author_identity_v4	PDAC_author_cell_identity_v4	sc_expression_source	NA	NA	SLC6A6	author_source_label	2	13	equal_donor_mean_cellwise_log1p10k	NA	NA	NA	NA	NA	SC_SOURCE_DESCRIPTIVE	NA	NOT_EVALUABLE	GENE_MISSING_OR_LT3_ELIGIBLE_LABELS	GSE278688	UniProtKB:P31641	primary_tumor	Schwann	12	2	221	154	NA	NA	NA	NA	Author labels,predeclared coarse mapping	mean_donor(mean_cell(log1p(10000*counts/all_gene_library)))	NA	NA
PDAC	GSE278688	06_EXTERNAL	20260922T131800Z_author_identity_v4	PDAC_author_cell_identity_v4	sc_expression_source	NA	NA	SLC6A6	author_source_label	13	13	equal_donor_mean_cellwise_log1p10k	0.2376933427688741	NA	NA	NA	NA	SC_SOURCE_DESCRIPTIVE	NA	DONE	Donor-equal descriptive expression	GSE278688	UniProtKB:P31641	primary_tumor	T/NK	13	13	42168	42168	0.172453687284288	0.2332405103730701	0.2312809976617068	0.2431461738324232	Author labels,predeclared coarse mapping	mean_donor(mean_cell(log1p(10000*counts/all_gene_library)))	0.001	0.7702670650166057
PDAC	GSE278688	06_EXTERNAL	20260922T131800Z_author_identity_v4	PDAC_author_cell_identity_v4	sc_expression_source	NA	NA	SLC6A7	author_source_label	2	13	equal_donor_mean_cellwise_log1p10k	NA	NA	NA	NA	NA	SC_SOURCE_DESCRIPTIVE	NA	NOT_EVALUABLE	GENE_MISSING_OR_LT3_ELIGIBLE_LABELS	GSE278688	UniProtKB:Q99884	primary_tumor	Acinar	7	2	284	245	NA	NA	NA	NA	Author labels,predeclared coarse mapping	mean_donor(mean_cell(log1p(10000*counts/all_gene_library)))	NA	NA
PDAC	GSE278688	06_EXTERNAL	20260922T131800Z_author_identity_v4	PDAC_author_cell_identity_v4	sc_expression_source	NA	NA	SLC6A7	author_source_label	11	13	equal_donor_mean_cellwise_log1p10k	0.0	NA	NA	NA	NA	SC_SOURCE_DESCRIPTIVE	NA	DONE	Donor-equal descriptive expression	GSE278688	UniProtKB:Q99884	primary_tumor	B/Plasma	13	11	7721	7703	0.0	0.0	0.0	0.0	Author labels,predeclared coarse mapping	mean_donor(mean_cell(log1p(10000*counts/all_gene_library)))	NA	0.0
PDAC	GSE278688	06_EXTERNAL	20260922T131800Z_author_identity_v4	PDAC_author_cell_identity_v4	sc_expression_source	NA	NA	SLC6A7	author_source_label	0	13	equal_donor_mean_cellwise_log1p10k	NA	NA	NA	NA	NA	SC_SOURCE_DESCRIPTIVE	NA	NOT_EVALUABLE	GENE_MISSING_OR_LT3_ELIGIBLE_LABELS	GSE278688	UniProtKB:Q99884	primary_tumor	Endocrine	12	0	37	0	NA	NA	NA	NA	Author labels,predeclared coarse mapping	mean_donor(mean_cell(log1p(10000*counts/all_gene_library)))	NA	NA
PDAC	GSE278688	06_EXTERNAL	20260922T131800Z_author_identity_v4	PDAC_author_cell_identity_v4	sc_expression_source	NA	NA	SLC6A7	author_source_label	13	13	equal_donor_mean_cellwise_log1p10k	0.0	NA	NA	NA	NA	SC_SOURCE_DESCRIPTIVE	NA	DONE	Donor-equal descriptive expression	GSE278688	UniProtKB:Q99884	primary_tumor	Endothelial	13	13	2011	2011	0.0	0.0	0.0	0.0	Author labels,predeclared coarse mapping	mean_donor(mean_cell(log1p(10000*counts/all_gene_library)))	NA	0.0
PDAC	GSE278688	06_EXTERNAL	20260922T131800Z_author_identity_v4	PDAC_author_cell_identity_v4	sc_expression_source	NA	NA	SLC6A7	author_source_label	12	13	equal_donor_mean_cellwise_log1p10k	0.0021119848689245	NA	NA	NA	NA	SC_SOURCE_DESCRIPTIVE	NA	DONE	Donor-equal descriptive expression	GSE278688	UniProtKB:Q99884	primary_tumor	Ductal (unresolved)	13	12	8370	8351	0.0023670581358826	0.0	0.0	0.0021550365998324	Author labels,predeclared coarse mapping	mean_donor(mean_cell(log1p(10000*counts/all_gene_library)))	NA	0.5885082294133402
PDAC	GSE278688	06_EXTERNAL	20260922T131800Z_author_identity_v4	PDAC_author_cell_identity_v4	sc_expression_source	NA	NA	SLC6A7	author_source_label	13	13	equal_donor_mean_cellwise_log1p10k	0.0035887091520026	NA	NA	NA	NA	SC_SOURCE_DESCRIPTIVE	NA	DONE	Donor-equal descriptive expression	GSE278688	UniProtKB:Q99884	primary_tumor	Fibroblast/CAF	13	13	4948	4948	0.0041512630732039	0.0	0.0	0.0049911444265169	Author labels,predeclared coarse mapping	mean_donor(mean_cell(log1p(10000*counts/all_gene_library)))	NA	1.0
PDAC	GSE278688	06_EXTERNAL	20260922T131800Z_author_identity_v4	PDAC_author_cell_identity_v4	sc_expression_source	NA	NA	SLC6A7	author_source_label	13	13	equal_donor_mean_cellwise_log1p10k	0.0013252532757209	NA	NA	NA	NA	SC_SOURCE_DESCRIPTIVE	NA	DONE	Donor-equal descriptive expression	GSE278688	UniProtKB:Q99884	primary_tumor	Myeloid	13	13	5654	5654	0.0015108988819241	0.0	0.0	0.001702806397755	Author labels,predeclared coarse mapping	mean_donor(mean_cell(log1p(10000*counts/all_gene_library)))	NA	0.3692841129188114
PDAC	GSE278688	06_EXTERNAL	20260922T131800Z_author_identity_v4	PDAC_author_cell_identity_v4	sc_expression_source	NA	NA	SLC6A7	author_source_label	2	13	equal_donor_mean_cellwise_log1p10k	NA	NA	NA	NA	NA	SC_SOURCE_DESCRIPTIVE	NA	NOT_EVALUABLE	GENE_MISSING_OR_LT3_ELIGIBLE_LABELS	GSE278688	UniProtKB:Q99884	primary_tumor	Schwann	12	2	221	154	NA	NA	NA	NA	Author labels,predeclared coarse mapping	mean_donor(mean_cell(log1p(10000*counts/all_gene_library)))	NA	NA
PDAC	GSE278688	06_EXTERNAL	20260922T131800Z_author_identity_v4	PDAC_author_cell_identity_v4	sc_expression_source	NA	NA	SLC6A7	author_source_label	13	13	equal_donor_mean_cellwise_log1p10k	0.0	NA	NA	NA	NA	SC_SOURCE_DESCRIPTIVE	NA	DONE	Donor-equal descriptive expression	GSE278688	UniProtKB:Q99884	primary_tumor	T/NK	13	13	42168	42168	0.0	0.0	0.0	0.0	Author labels,predeclared coarse mapping	mean_donor(mean_cell(log1p(10000*counts/all_gene_library)))	NA	0.0
PDAC	GSE278688	06_EXTERNAL	20260922T131800Z_author_identity_v4	PDAC_author_cell_identity_v4	sc_expression_source	NA	NA	SLC7A1	author_source_label	2	13	equal_donor_mean_cellwise_log1p10k	NA	NA	NA	NA	NA	SC_SOURCE_DESCRIPTIVE	NA	NOT_EVALUABLE	GENE_MISSING_OR_LT3_ELIGIBLE_LABELS	GSE278688	UniProtKB:P30825	primary_tumor	Acinar	7	2	284	245	NA	NA	NA	NA	Author labels,predeclared coarse mapping	mean_donor(mean_cell(log1p(10000*counts/all_gene_library)))	NA	NA
PDAC	GSE278688	06_EXTERNAL	20260922T131800Z_author_identity_v4	PDAC_author_cell_identity_v4	sc_expression_source	NA	NA	SLC7A1	author_source_label	11	13	equal_donor_mean_cellwise_log1p10k	0.1353986346809956	NA	NA	NA	NA	SC_SOURCE_DESCRIPTIVE	NA	DONE	Donor-equal descriptive expression	GSE278688	UniProtKB:P30825	primary_tumor	B/Plasma	13	11	7721	7703	0.1092799647089838	0.1262394617557667	0.0946180559556132	0.1813457006843101	Author labels,predeclared coarse mapping	mean_donor(mean_cell(log1p(10000*counts/all_gene_library)))	0.002	0.7235584911166746
PDAC	GSE278688	06_EXTERNAL	20260922T131800Z_author_identity_v4	PDAC_author_cell_identity_v4	sc_expression_source	NA	NA	SLC7A1	author_source_label	0	13	equal_donor_mean_cellwise_log1p10k	NA	NA	NA	NA	NA	SC_SOURCE_DESCRIPTIVE	NA	NOT_EVALUABLE	GENE_MISSING_OR_LT3_ELIGIBLE_LABELS	GSE278688	UniProtKB:P30825	primary_tumor	Endocrine	12	0	37	0	NA	NA	NA	NA	Author labels,predeclared coarse mapping	mean_donor(mean_cell(log1p(10000*counts/all_gene_library)))	NA	NA
PDAC	GSE278688	06_EXTERNAL	20260922T131800Z_author_identity_v4	PDAC_author_cell_identity_v4	sc_expression_source	NA	NA	SLC7A1	author_source_label	13	13	equal_donor_mean_cellwise_log1p10k	0.1561758448329301	NA	NA	NA	NA	SC_SOURCE_DESCRIPTIVE	NA	DONE	Donor-equal descriptive expression	GSE278688	UniProtKB:P30825	primary_tumor	Endothelial	13	13	2011	2011	0.1500921614719398	0.1217688577839458	0.0763201738741165	0.1665505933470268	Author labels,predeclared coarse mapping	mean_donor(mean_cell(log1p(10000*counts/all_gene_library)))	0.214	0.8345900894970226
PDAC	GSE278688	06_EXTERNAL	20260922T131800Z_author_identity_v4	PDAC_author_cell_identity_v4	sc_expression_source	NA	NA	SLC7A1	author_source_label	12	13	equal_donor_mean_cellwise_log1p10k	0.1871288034669231	NA	NA	NA	NA	SC_SOURCE_DESCRIPTIVE	NA	DONE	Donor-equal descriptive expression	GSE278688	UniProtKB:P30825	primary_tumor	Ductal (unresolved)	13	12	8370	8351	0.1586525752372886	0.1669345380784926	0.1375403825947373	0.2127415336650631	Author labels,predeclared coarse mapping	mean_donor(mean_cell(log1p(10000*counts/all_gene_library)))	0.687	1.0
PDAC	GSE278688	06_EXTERNAL	20260922T131800Z_author_identity_v4	PDAC_author_cell_identity_v4	sc_expression_source	NA	NA	SLC7A1	author_source_label	13	13	equal_donor_mean_cellwise_log1p10k	0.0616573831871692	NA	NA	NA	NA	SC_SOURCE_DESCRIPTIVE	NA	DONE	Donor-equal descriptive expression	GSE278688	UniProtKB:P30825	primary_tumor	Fibroblast/CAF	13	13	4948	4948	0.0725806015780406	0.0593863609673669	0.0412055928987072	0.0710606577036335	Author labels,predeclared coarse mapping	mean_donor(mean_cell(log1p(10000*counts/all_gene_library)))	0.0	0.3294916765609938
PDAC	GSE278688	06_EXTERNAL	20260922T131800Z_author_identity_v4	PDAC_author_cell_identity_v4	sc_expression_source	NA	NA	SLC7A1	author_source_label	13	13	equal_donor_mean_cellwise_log1p10k	0.1084725829546218	NA	NA	NA	NA	SC_SOURCE_DESCRIPTIVE	NA	DONE	Donor-equal descriptive expression	GSE278688	UniProtKB:P30825	primary_tumor	Myeloid	13	13	5654	5654	0.1224025030679792	0.1088047739853733	0.081086921037015	0.1432347326862476	Author labels,predeclared coarse mapping	mean_donor(mean_cell(log1p(10000*counts/all_gene_library)))	0.0	0.5796680198075195
PDAC	GSE278688	06_EXTERNAL	20260922T131800Z_author_identity_v4	PDAC_author_cell_identity_v4	sc_expression_source	NA	NA	SLC7A1	author_source_label	2	13	equal_donor_mean_cellwise_log1p10k	NA	NA	NA	NA	NA	SC_SOURCE_DESCRIPTIVE	NA	NOT_EVALUABLE	GENE_MISSING_OR_LT3_ELIGIBLE_LABELS	GSE278688	UniProtKB:P30825	primary_tumor	Schwann	12	2	221	154	NA	NA	NA	NA	Author labels,predeclared coarse mapping	mean_donor(mean_cell(log1p(10000*counts/all_gene_library)))	NA	NA
PDAC	GSE278688	06_EXTERNAL	20260922T131800Z_author_identity_v4	PDAC_author_cell_identity_v4	sc_expression_source	NA	NA	SLC7A1	author_source_label	13	13	equal_donor_mean_cellwise_log1p10k	0.1591253267809612	NA	NA	NA	NA	SC_SOURCE_DESCRIPTIVE	NA	DONE	Donor-equal descriptive expression	GSE278688	UniProtKB:P30825	primary_tumor	T/NK	13	13	42168	42168	0.1201653698895831	0.1612176170390777	0.1247967959317207	0.1866912893252007	Author labels,predeclared coarse mapping	mean_donor(mean_cell(log1p(10000*counts/all_gene_library)))	0.097	0.8503518637048743
PDAC	GSE278688	06_EXTERNAL	20260922T131800Z_author_identity_v4	PDAC_author_cell_identity_v4	sc_expression_source	NA	NA	SLC7A13	author_source_label	2	13	equal_donor_mean_cellwise_log1p10k	NA	NA	NA	NA	NA	SC_SOURCE_DESCRIPTIVE	NA	NOT_EVALUABLE	GENE_MISSING_OR_LT3_ELIGIBLE_LABELS	GSE278688	UniProtKB:Q8TCU3	primary_tumor	Acinar	7	2	284	245	NA	NA	NA	NA	Author labels,predeclared coarse mapping	mean_donor(mean_cell(log1p(10000*counts/all_gene_library)))	NA	NA
PDAC	GSE278688	06_EXTERNAL	20260922T131800Z_author_identity_v4	PDAC_author_cell_identity_v4	sc_expression_source	NA	NA	SLC7A13	author_source_label	11	13	equal_donor_mean_cellwise_log1p10k	0.0	NA	NA	NA	NA	SC_SOURCE_DESCRIPTIVE	NA	DONE	Donor-equal descriptive expression	GSE278688	UniProtKB:Q8TCU3	primary_tumor	B/Plasma	13	11	7721	7703	0.0	0.0	0.0	0.0	Author labels,predeclared coarse mapping	mean_donor(mean_cell(log1p(10000*counts/all_gene_library)))	NA	0.0
PDAC	GSE278688	06_EXTERNAL	20260922T131800Z_author_identity_v4	PDAC_author_cell_identity_v4	sc_expression_source	NA	NA	SLC7A13	author_source_label	0	13	equal_donor_mean_cellwise_log1p10k	NA	NA	NA	NA	NA	SC_SOURCE_DESCRIPTIVE	NA	NOT_EVALUABLE	GENE_MISSING_OR_LT3_ELIGIBLE_LABELS	GSE278688	UniProtKB:Q8TCU3	primary_tumor	Endocrine	12	0	37	0	NA	NA	NA	NA	Author labels,predeclared coarse mapping	mean_donor(mean_cell(log1p(10000*counts/all_gene_library)))	NA	NA
PDAC	GSE278688	06_EXTERNAL	20260922T131800Z_author_identity_v4	PDAC_author_cell_identity_v4	sc_expression_source	NA	NA	SLC7A13	author_source_label	13	13	equal_donor_mean_cellwise_log1p10k	0.0	NA	NA	NA	NA	SC_SOURCE_DESCRIPTIVE	NA	DONE	Donor-equal descriptive expression	GSE278688	UniProtKB:Q8TCU3	primary_tumor	Endothelial	13	13	2011	2011	0.0	0.0	0.0	0.0	Author labels,predeclared coarse mapping	mean_donor(mean_cell(log1p(10000*counts/all_gene_library)))	NA	0.0
PDAC	GSE278688	06_EXTERNAL	20260922T131800Z_author_identity_v4	PDAC_author_cell_identity_v4	sc_expression_source	NA	NA	SLC7A13	author_source_label	12	13	equal_donor_mean_cellwise_log1p10k	0.0	NA	NA	NA	NA	SC_SOURCE_DESCRIPTIVE	NA	DONE	Donor-equal descriptive expression	GSE278688	UniProtKB:Q8TCU3	primary_tumor	Ductal (unresolved)	13	12	8370	8351	0.0	0.0	0.0	0.0	Author labels,predeclared coarse mapping	mean_donor(mean_cell(log1p(10000*counts/all_gene_library)))	NA	0.0
PDAC	GSE278688	06_EXTERNAL	20260922T131800Z_author_identity_v4	PDAC_author_cell_identity_v4	sc_expression_source	NA	NA	SLC7A13	author_source_label	13	13	equal_donor_mean_cellwise_log1p10k	0.0	NA	NA	NA	NA	SC_SOURCE_DESCRIPTIVE	NA	DONE	Donor-equal descriptive expression	GSE278688	UniProtKB:Q8TCU3	primary_tumor	Fibroblast/CAF	13	13	4948	4948	0.0	0.0	0.0	0.0	Author labels,predeclared coarse mapping	mean_donor(mean_cell(log1p(10000*counts/all_gene_library)))	NA	0.0
PDAC	GSE278688	06_EXTERNAL	20260922T131800Z_author_identity_v4	PDAC_author_cell_identity_v4	sc_expression_source	NA	NA	SLC7A13	author_source_label	13	13	equal_donor_mean_cellwise_log1p10k	0.0	NA	NA	NA	NA	SC_SOURCE_DESCRIPTIVE	NA	DONE	Donor-equal descriptive expression	GSE278688	UniProtKB:Q8TCU3	primary_tumor	Myeloid	13	13	5654	5654	0.0	0.0	0.0	0.0	Author labels,predeclared coarse mapping	mean_donor(mean_cell(log1p(10000*counts/all_gene_library)))	NA	0.0
PDAC	GSE278688	06_EXTERNAL	20260922T131800Z_author_identity_v4	PDAC_author_cell_identity_v4	sc_expression_source	NA	NA	SLC7A13	author_source_label	2	13	equal_donor_mean_cellwise_log1p10k	NA	NA	NA	NA	NA	SC_SOURCE_DESCRIPTIVE	NA	NOT_EVALUABLE	GENE_MISSING_OR_LT3_ELIGIBLE_LABELS	GSE278688	UniProtKB:Q8TCU3	primary_tumor	Schwann	12	2	221	154	NA	NA	NA	NA	Author labels,predeclared coarse mapping	mean_donor(mean_cell(log1p(10000*counts/all_gene_library)))	NA	NA
PDAC	GSE278688	06_EXTERNAL	20260922T131800Z_author_identity_v4	PDAC_author_cell_identity_v4	sc_expression_source	NA	NA	SLC7A13	author_source_label	13	13	equal_donor_mean_cellwise_log1p10k	0.0	NA	NA	NA	NA	SC_SOURCE_DESCRIPTIVE	NA	DONE	Donor-equal descriptive expression	GSE278688	UniProtKB:Q8TCU3	primary_tumor	T/NK	13	13	42168	42168	0.0	0.0	0.0	0.0	Author labels,predeclared coarse mapping	mean_donor(mean_cell(log1p(10000*counts/all_gene_library)))	NA	0.0
PDAC	GSE278688	06_EXTERNAL	20260922T131800Z_author_identity_v4	PDAC_author_cell_identity_v4	sc_expression_source	NA	NA	SLC7A14	author_source_label	2	13	equal_donor_mean_cellwise_log1p10k	NA	NA	NA	NA	NA	SC_SOURCE_DESCRIPTIVE	NA	NOT_EVALUABLE	GENE_MISSING_OR_LT3_ELIGIBLE_LABELS	GSE278688	UniProtKB:Q8TBB6	primary_tumor	Acinar	7	2	284	245	NA	NA	NA	NA	Author labels,predeclared coarse mapping	mean_donor(mean_cell(log1p(10000*counts/all_gene_library)))	NA	NA
PDAC	GSE278688	06_EXTERNAL	20260922T131800Z_author_identity_v4	PDAC_author_cell_identity_v4	sc_expression_source	NA	NA	SLC7A14	author_source_label	11	13	equal_donor_mean_cellwise_log1p10k	0.0001262758667051	NA	NA	NA	NA	SC_SOURCE_DESCRIPTIVE	NA	DONE	Donor-equal descriptive expression	GSE278688	UniProtKB:Q8TBB6	primary_tumor	B/Plasma	13	11	7721	7703	0.000202922077922	0.0	0.0	0.0	Author labels,predeclared coarse mapping	mean_donor(mean_cell(log1p(10000*counts/all_gene_library)))	NA	0.8256487861199787
PDAC	GSE278688	06_EXTERNAL	20260922T131800Z_author_identity_v4	PDAC_author_cell_identity_v4	sc_expression_source	NA	NA	SLC7A14	author_source_label	0	13	equal_donor_mean_cellwise_log1p10k	NA	NA	NA	NA	NA	SC_SOURCE_DESCRIPTIVE	NA	NOT_EVALUABLE	GENE_MISSING_OR_LT3_ELIGIBLE_LABELS	GSE278688	UniProtKB:Q8TBB6	primary_tumor	Endocrine	12	0	37	0	NA	NA	NA	NA	Author labels,predeclared coarse mapping	mean_donor(mean_cell(log1p(10000*counts/all_gene_library)))	NA	NA
PDAC	GSE278688	06_EXTERNAL	20260922T131800Z_author_identity_v4	PDAC_author_cell_identity_v4	sc_expression_source	NA	NA	SLC7A14	author_source_label	13	13	equal_donor_mean_cellwise_log1p10k	0.0	NA	NA	NA	NA	SC_SOURCE_DESCRIPTIVE	NA	DONE	Donor-equal descriptive expression	GSE278688	UniProtKB:Q8TBB6	primary_tumor	Endothelial	13	13	2011	2011	0.0	0.0	0.0	0.0	Author labels,predeclared coarse mapping	mean_donor(mean_cell(log1p(10000*counts/all_gene_library)))	NA	0.0
PDAC	GSE278688	06_EXTERNAL	20260922T131800Z_author_identity_v4	PDAC_author_cell_identity_v4	sc_expression_source	NA	NA	SLC7A14	author_source_label	12	13	equal_donor_mean_cellwise_log1p10k	0.0	NA	NA	NA	NA	SC_SOURCE_DESCRIPTIVE	NA	DONE	Donor-equal descriptive expression	GSE278688	UniProtKB:Q8TBB6	primary_tumor	Ductal (unresolved)	13	12	8370	8351	0.0	0.0	0.0	0.0	Author labels,predeclared coarse mapping	mean_donor(mean_cell(log1p(10000*counts/all_gene_library)))	NA	0.0
PDAC	GSE278688	06_EXTERNAL	20260922T131800Z_author_identity_v4	PDAC_author_cell_identity_v4	sc_expression_source	NA	NA	SLC7A14	author_source_label	13	13	equal_donor_mean_cellwise_log1p10k	0.0001529413823746	NA	NA	NA	NA	SC_SOURCE_DESCRIPTIVE	NA	DONE	Donor-equal descriptive expression	GSE278688	UniProtKB:Q8TBB6	primary_tumor	Fibroblast/CAF	13	13	4948	4948	0.0002878831229843	0.0	0.0	0.0	Author labels,predeclared coarse mapping	mean_donor(mean_cell(log1p(10000*counts/all_gene_library)))	NA	1.0
PDAC	GSE278688	06_EXTERNAL	20260922T131800Z_author_identity_v4	PDAC_author_cell_identity_v4	sc_expression_source	NA	NA	SLC7A14	author_source_label	13	13	equal_donor_mean_cellwise_log1p10k	0.0	NA	NA	NA	NA	SC_SOURCE_DESCRIPTIVE	NA	DONE	Donor-equal descriptive expression	GSE278688	UniProtKB:Q8TBB6	primary_tumor	Myeloid	13	13	5654	5654	0.0	0.0	0.0	0.0	Author labels,predeclared coarse mapping	mean_donor(mean_cell(log1p(10000*counts/all_gene_library)))	NA	0.0
PDAC	GSE278688	06_EXTERNAL	20260922T131800Z_author_identity_v4	PDAC_author_cell_identity_v4	sc_expression_source	NA	NA	SLC7A14	author_source_label	2	13	equal_donor_mean_cellwise_log1p10k	NA	NA	NA	NA	NA	SC_SOURCE_DESCRIPTIVE	NA	NOT_EVALUABLE	GENE_MISSING_OR_LT3_ELIGIBLE_LABELS	GSE278688	UniProtKB:Q8TBB6	primary_tumor	Schwann	12	2	221	154	NA	NA	NA	NA	Author labels,predeclared coarse mapping	mean_donor(mean_cell(log1p(10000*counts/all_gene_library)))	NA	NA
PDAC	GSE278688	06_EXTERNAL	20260922T131800Z_author_identity_v4	PDAC_author_cell_identity_v4	sc_expression_source	NA	NA	SLC7A14	author_source_label	13	13	equal_donor_mean_cellwise_log1p10k	0.0	NA	NA	NA	NA	SC_SOURCE_DESCRIPTIVE	NA	DONE	Donor-equal descriptive expression	GSE278688	UniProtKB:Q8TBB6	primary_tumor	T/NK	13	13	42168	42168	0.0	0.0	0.0	0.0	Author labels,predeclared coarse mapping	mean_donor(mean_cell(log1p(10000*counts/all_gene_library)))	NA	0.0
PDAC	GSE278688	06_EXTERNAL	20260922T131800Z_author_identity_v4	PDAC_author_cell_identity_v4	sc_expression_source	NA	NA	SLC7A2	author_source_label	2	13	equal_donor_mean_cellwise_log1p10k	NA	NA	NA	NA	NA	SC_SOURCE_DESCRIPTIVE	NA	NOT_EVALUABLE	GENE_MISSING_OR_LT3_ELIGIBLE_LABELS	GSE278688	UniProtKB:P52569	primary_tumor	Acinar	7	2	284	245	NA	NA	NA	NA	Author labels,predeclared coarse mapping	mean_donor(mean_cell(log1p(10000*counts/all_gene_library)))	NA	NA
PDAC	GSE278688	06_EXTERNAL	20260922T131800Z_author_identity_v4	PDAC_author_cell_identity_v4	sc_expression_source	NA	NA	SLC7A2	author_source_label	11	13	equal_donor_mean_cellwise_log1p10k	5.779911951961464e-05	NA	NA	NA	NA	SC_SOURCE_DESCRIPTIVE	NA	DONE	Donor-equal descriptive expression	GSE278688	UniProtKB:P52569	primary_tumor	B/Plasma	13	11	7721	7703	4.568296025582458e-05	0.0	0.0	0.0	Author labels,predeclared coarse mapping	mean_donor(mean_cell(log1p(10000*counts/all_gene_library)))	0.0	0.00022302611418434877
PDAC	GSE278688	06_EXTERNAL	20260922T131800Z_author_identity_v4	PDAC_author_cell_identity_v4	sc_expression_source	NA	NA	SLC7A2	author_source_label	0	13	equal_donor_mean_cellwise_log1p10k	NA	NA	NA	NA	NA	SC_SOURCE_DESCRIPTIVE	NA	NOT_EVALUABLE	GENE_MISSING_OR_LT3_ELIGIBLE_LABELS	GSE278688	UniProtKB:P52569	primary_tumor	Endocrine	12	0	37	0	NA	NA	NA	NA	Author labels,predeclared coarse mapping	mean_donor(mean_cell(log1p(10000*counts/all_gene_library)))	NA	NA
PDAC	GSE278688	06_EXTERNAL	20260922T131800Z_author_identity_v4	PDAC_author_cell_identity_v4	sc_expression_source	NA	NA	SLC7A2	author_source_label	13	13	equal_donor_mean_cellwise_log1p10k	0.0086717729891165	NA	NA	NA	NA	SC_SOURCE_DESCRIPTIVE	NA	DONE	Donor-equal descriptive expression	GSE278688	UniProtKB:P52569	primary_tumor	Endothelial	13	13	2011	2011	0.009330641083949	0.0	0.0	0.0162262512989497	Author labels,predeclared coarse mapping	mean_donor(mean_cell(log1p(10000*counts/all_gene_library)))	0.0	0.03346126807684531
PDAC	GSE278688	06_EXTERNAL	20260922T131800Z_author_identity_v4	PDAC_author_cell_identity_v4	sc_expression_source	NA	NA	SLC7A2	author_source_label	12	13	equal_donor_mean_cellwise_log1p10k	0.0688115397744413	NA	NA	NA	NA	SC_SOURCE_DESCRIPTIVE	NA	DONE	Donor-equal descriptive expression	GSE278688	UniProtKB:P52569	primary_tumor	Ductal (unresolved)	13	12	8370	8351	0.0686627108577433	0.0368594309076407	0.0179718777829815	0.0718903666382745	Author labels,predeclared coarse mapping	mean_donor(mean_cell(log1p(10000*counts/all_gene_library)))	0.0	0.2655191022715725
PDAC	GSE278688	06_EXTERNAL	20260922T131800Z_author_identity_v4	PDAC_author_cell_identity_v4	sc_expression_source	NA	NA	SLC7A2	author_source_label	13	13	equal_donor_mean_cellwise_log1p10k	0.2591585282781687	NA	NA	NA	NA	SC_SOURCE_DESCRIPTIVE	NA	DONE	Donor-equal descriptive expression	GSE278688	UniProtKB:P52569	primary_tumor	Fibroblast/CAF	13	13	4948	4948	0.2186161774930234	0.2490035302239144	0.1666936797656868	0.3018385384071841	Author labels,predeclared coarse mapping	mean_donor(mean_cell(log1p(10000*counts/all_gene_library)))	1.0	1.0
PDAC	GSE278688	06_EXTERNAL	20260922T131800Z_author_identity_v4	PDAC_author_cell_identity_v4	sc_expression_source	NA	NA	SLC7A2	author_source_label	13	13	equal_donor_mean_cellwise_log1p10k	0.0001177091581625	NA	NA	NA	NA	SC_SOURCE_DESCRIPTIVE	NA	DONE	Donor-equal descriptive expression	GSE278688	UniProtKB:P52569	primary_tumor	Myeloid	13	13	5654	5654	0.0001640150893882	0.0	0.0	0.0	Author labels,predeclared coarse mapping	mean_donor(mean_cell(log1p(10000*counts/all_gene_library)))	0.0	0.00045419750970400816
PDAC	GSE278688	06_EXTERNAL	20260922T131800Z_author_identity_v4	PDAC_author_cell_identity_v4	sc_expression_source	NA	NA	SLC7A2	author_source_label	2	13	equal_donor_mean_cellwise_log1p10k	NA	NA	NA	NA	NA	SC_SOURCE_DESCRIPTIVE	NA	NOT_EVALUABLE	GENE_MISSING_OR_LT3_ELIGIBLE_LABELS	GSE278688	UniProtKB:P52569	primary_tumor	Schwann	12	2	221	154	NA	NA	NA	NA	Author labels,predeclared coarse mapping	mean_donor(mean_cell(log1p(10000*counts/all_gene_library)))	NA	NA
PDAC	GSE278688	06_EXTERNAL	20260922T131800Z_author_identity_v4	PDAC_author_cell_identity_v4	sc_expression_source	NA	NA	SLC7A2	author_source_label	13	13	equal_donor_mean_cellwise_log1p10k	0.0003902330828457	NA	NA	NA	NA	SC_SOURCE_DESCRIPTIVE	NA	DONE	Donor-equal descriptive expression	GSE278688	UniProtKB:P52569	primary_tumor	T/NK	13	13	42168	42168	0.0002793201470563	0.0	0.0	0.0006466400619008	Author labels,predeclared coarse mapping	mean_donor(mean_cell(log1p(10000*counts/all_gene_library)))	0.0	0.0015057697905539963
PDAC	GSE278688	06_EXTERNAL	20260922T131800Z_author_identity_v4	PDAC_author_cell_identity_v4	sc_expression_source	NA	NA	SLC7A3	author_source_label	2	13	equal_donor_mean_cellwise_log1p10k	NA	NA	NA	NA	NA	SC_SOURCE_DESCRIPTIVE	NA	NOT_EVALUABLE	GENE_MISSING_OR_LT3_ELIGIBLE_LABELS	GSE278688	UniProtKB:Q8WY07	primary_tumor	Acinar	7	2	284	245	NA	NA	NA	NA	Author labels,predeclared coarse mapping	mean_donor(mean_cell(log1p(10000*counts/all_gene_library)))	NA	NA
PDAC	GSE278688	06_EXTERNAL	20260922T131800Z_author_identity_v4	PDAC_author_cell_identity_v4	sc_expression_source	NA	NA	SLC7A3	author_source_label	11	13	equal_donor_mean_cellwise_log1p10k	0.0007166854606039	NA	NA	NA	NA	SC_SOURCE_DESCRIPTIVE	NA	DONE	Donor-equal descriptive expression	GSE278688	UniProtKB:Q8WY07	primary_tumor	B/Plasma	13	11	7721	7703	0.0007313126271643	0.0	0.0	0.0005197091825626	Author labels,predeclared coarse mapping	mean_donor(mean_cell(log1p(10000*counts/all_gene_library)))	NA	0.0859818435779459
PDAC	GSE278688	06_EXTERNAL	20260922T131800Z_author_identity_v4	PDAC_author_cell_identity_v4	sc_expression_source	NA	NA	SLC7A3	author_source_label	0	13	equal_donor_mean_cellwise_log1p10k	NA	NA	NA	NA	NA	SC_SOURCE_DESCRIPTIVE	NA	NOT_EVALUABLE	GENE_MISSING_OR_LT3_ELIGIBLE_LABELS	GSE278688	UniProtKB:Q8WY07	primary_tumor	Endocrine	12	0	37	0	NA	NA	NA	NA	Author labels,predeclared coarse mapping	mean_donor(mean_cell(log1p(10000*counts/all_gene_library)))	NA	NA
PDAC	GSE278688	06_EXTERNAL	20260922T131800Z_author_identity_v4	PDAC_author_cell_identity_v4	sc_expression_source	NA	NA	SLC7A3	author_source_label	13	13	equal_donor_mean_cellwise_log1p10k	0.0	NA	NA	NA	NA	SC_SOURCE_DESCRIPTIVE	NA	DONE	Donor-equal descriptive expression	GSE278688	UniProtKB:Q8WY07	primary_tumor	Endothelial	13	13	2011	2011	0.0	0.0	0.0	0.0	Author labels,predeclared coarse mapping	mean_donor(mean_cell(log1p(10000*counts/all_gene_library)))	NA	0.0
PDAC	GSE278688	06_EXTERNAL	20260922T131800Z_author_identity_v4	PDAC_author_cell_identity_v4	sc_expression_source	NA	NA	SLC7A3	author_source_label	12	13	equal_donor_mean_cellwise_log1p10k	0.0011110292489643	NA	NA	NA	NA	SC_SOURCE_DESCRIPTIVE	NA	DONE	Donor-equal descriptive expression	GSE278688	UniProtKB:Q8WY07	primary_tumor	Ductal (unresolved)	13	12	8370	8351	0.000548245614035	0.0	0.0	0.0	Author labels,predeclared coarse mapping	mean_donor(mean_cell(log1p(10000*counts/all_gene_library)))	NA	0.13329186699905451
PDAC	GSE278688	06_EXTERNAL	20260922T131800Z_author_identity_v4	PDAC_author_cell_identity_v4	sc_expression_source	NA	NA	SLC7A3	author_source_label	13	13	equal_donor_mean_cellwise_log1p10k	0.0083353116283695	NA	NA	NA	NA	SC_SOURCE_DESCRIPTIVE	NA	DONE	Donor-equal descriptive expression	GSE278688	UniProtKB:Q8WY07	primary_tumor	Fibroblast/CAF	13	13	4948	4948	0.0085621261335486	0.0056595465088217	0.0	0.0081137809347788	Author labels,predeclared coarse mapping	mean_donor(mean_cell(log1p(10000*counts/all_gene_library)))	NA	1.0
PDAC	GSE278688	06_EXTERNAL	20260922T131800Z_author_identity_v4	PDAC_author_cell_identity_v4	sc_expression_source	NA	NA	SLC7A3	author_source_label	13	13	equal_donor_mean_cellwise_log1p10k	0.0	NA	NA	NA	NA	SC_SOURCE_DESCRIPTIVE	NA	DONE	Donor-equal descriptive expression	GSE278688	UniProtKB:Q8WY07	primary_tumor	Myeloid	13	13	5654	5654	0.0	0.0	0.0	0.0	Author labels,predeclared coarse mapping	mean_donor(mean_cell(log1p(10000*counts/all_gene_library)))	NA	0.0
PDAC	GSE278688	06_EXTERNAL	20260922T131800Z_author_identity_v4	PDAC_author_cell_identity_v4	sc_expression_source	NA	NA	SLC7A3	author_source_label	2	13	equal_donor_mean_cellwise_log1p10k	NA	NA	NA	NA	NA	SC_SOURCE_DESCRIPTIVE	NA	NOT_EVALUABLE	GENE_MISSING_OR_LT3_ELIGIBLE_LABELS	GSE278688	UniProtKB:Q8WY07	primary_tumor	Schwann	12	2	221	154	NA	NA	NA	NA	Author labels,predeclared coarse mapping	mean_donor(mean_cell(log1p(10000*counts/all_gene_library)))	NA	NA
PDAC	GSE278688	06_EXTERNAL	20260922T131800Z_author_identity_v4	PDAC_author_cell_identity_v4	sc_expression_source	NA	NA	SLC7A3	author_source_label	13	13	equal_donor_mean_cellwise_log1p10k	3.655646065600517e-05	NA	NA	NA	NA	SC_SOURCE_DESCRIPTIVE	NA	DONE	Donor-equal descriptive expression	GSE278688	UniProtKB:Q8WY07	primary_tumor	T/NK	13	13	42168	42168	2.623570154265925e-05	0.0	0.0	0.0	Author labels,predeclared coarse mapping	mean_donor(mean_cell(log1p(10000*counts/all_gene_library)))	NA	0.0043857341255945466
PDAC	GSE278688	06_EXTERNAL	20260922T131800Z_author_identity_v4	PDAC_author_cell_identity_v4	sc_expression_source	NA	NA	SLC7A5	author_source_label	2	13	equal_donor_mean_cellwise_log1p10k	NA	NA	NA	NA	NA	SC_SOURCE_DESCRIPTIVE	NA	NOT_EVALUABLE	GENE_MISSING_OR_LT3_ELIGIBLE_LABELS	GSE278688	UniProtKB:Q01650	primary_tumor	Acinar	7	2	284	245	NA	NA	NA	NA	Author labels,predeclared coarse mapping	mean_donor(mean_cell(log1p(10000*counts/all_gene_library)))	NA	NA
PDAC	GSE278688	06_EXTERNAL	20260922T131800Z_author_identity_v4	PDAC_author_cell_identity_v4	sc_expression_source	NA	NA	SLC7A5	author_source_label	11	13	equal_donor_mean_cellwise_log1p10k	0.2004755434058243	NA	NA	NA	NA	SC_SOURCE_DESCRIPTIVE	NA	DONE	Donor-equal descriptive expression	GSE278688	UniProtKB:Q01650	primary_tumor	B/Plasma	13	11	7721	7703	0.147861026836288	0.1659864857904131	0.1448583090230709	0.2494173755333783	Author labels,predeclared coarse mapping	mean_donor(mean_cell(log1p(10000*counts/all_gene_library)))	0.0	0.2707921229706973
PDAC	GSE278688	06_EXTERNAL	20260922T131800Z_author_identity_v4	PDAC_author_cell_identity_v4	sc_expression_source	NA	NA	SLC7A5	author_source_label	0	13	equal_donor_mean_cellwise_log1p10k	NA	NA	NA	NA	NA	SC_SOURCE_DESCRIPTIVE	NA	NOT_EVALUABLE	GENE_MISSING_OR_LT3_ELIGIBLE_LABELS	GSE278688	UniProtKB:Q01650	primary_tumor	Endocrine	12	0	37	0	NA	NA	NA	NA	Author labels,predeclared coarse mapping	mean_donor(mean_cell(log1p(10000*counts/all_gene_library)))	NA	NA
PDAC	GSE278688	06_EXTERNAL	20260922T131800Z_author_identity_v4	PDAC_author_cell_identity_v4	sc_expression_source	NA	NA	SLC7A5	author_source_label	13	13	equal_donor_mean_cellwise_log1p10k	0.0773033149226711	NA	NA	NA	NA	SC_SOURCE_DESCRIPTIVE	NA	DONE	Donor-equal descriptive expression	GSE278688	UniProtKB:Q01650	primary_tumor	Endothelial	13	13	2011	2011	0.0663858502411289	0.0752847351027646	0.0705571714341253	0.0992809272471387	Author labels,predeclared coarse mapping	mean_donor(mean_cell(log1p(10000*counts/all_gene_library)))	0.0	0.10441736884686922
PDAC	GSE278688	06_EXTERNAL	20260922T131800Z_author_identity_v4	PDAC_author_cell_identity_v4	sc_expression_source	NA	NA	SLC7A5	author_source_label	12	13	equal_donor_mean_cellwise_log1p10k	0.2229622937053331	NA	NA	NA	NA	SC_SOURCE_DESCRIPTIVE	NA	DONE	Donor-equal descriptive expression	GSE278688	UniProtKB:Q01650	primary_tumor	Ductal (unresolved)	13	12	8370	8351	0.142443404660589	0.2106513860469436	0.1250243453080546	0.2531769888614834	Author labels,predeclared coarse mapping	mean_donor(mean_cell(log1p(10000*counts/all_gene_library)))	0.0	0.3011660765655728
PDAC	GSE278688	06_EXTERNAL	20260922T131800Z_author_identity_v4	PDAC_author_cell_identity_v4	sc_expression_source	NA	NA	SLC7A5	author_source_label	13	13	equal_donor_mean_cellwise_log1p10k	0.1043334174859309	NA	NA	NA	NA	SC_SOURCE_DESCRIPTIVE	NA	DONE	Donor-equal descriptive expression	GSE278688	UniProtKB:Q01650	primary_tumor	Fibroblast/CAF	13	13	4948	4948	0.1074225735494027	0.1008312243034655	0.0762247039086305	0.1279267760935995	Author labels,predeclared coarse mapping	mean_donor(mean_cell(log1p(10000*counts/all_gene_library)))	0.0	0.14092825058770983
PDAC	GSE278688	06_EXTERNAL	20260922T131800Z_author_identity_v4	PDAC_author_cell_identity_v4	sc_expression_source	NA	NA	SLC7A5	author_source_label	13	13	equal_donor_mean_cellwise_log1p10k	0.5739016442414409	NA	NA	NA	NA	SC_SOURCE_DESCRIPTIVE	NA	DONE	Donor-equal descriptive expression	GSE278688	UniProtKB:Q01650	primary_tumor	Myeloid	13	13	5654	5654	0.4002819329844242	0.5785036182345227	0.5424481813171632	0.6501947309264513	Author labels,predeclared coarse mapping	mean_donor(mean_cell(log1p(10000*counts/all_gene_library)))	0.005	0.775197023937827
PDAC	GSE278688	06_EXTERNAL	20260922T131800Z_author_identity_v4	PDAC_author_cell_identity_v4	sc_expression_source	NA	NA	SLC7A5	author_source_label	2	13	equal_donor_mean_cellwise_log1p10k	NA	NA	NA	NA	NA	SC_SOURCE_DESCRIPTIVE	NA	NOT_EVALUABLE	GENE_MISSING_OR_LT3_ELIGIBLE_LABELS	GSE278688	UniProtKB:Q01650	primary_tumor	Schwann	12	2	221	154	NA	NA	NA	NA	Author labels,predeclared coarse mapping	mean_donor(mean_cell(log1p(10000*counts/all_gene_library)))	NA	NA
PDAC	GSE278688	06_EXTERNAL	20260922T131800Z_author_identity_v4	PDAC_author_cell_identity_v4	sc_expression_source	NA	NA	SLC7A5	author_source_label	13	13	equal_donor_mean_cellwise_log1p10k	0.7403300406471496	NA	NA	NA	NA	SC_SOURCE_DESCRIPTIVE	NA	DONE	Donor-equal descriptive expression	GSE278688	UniProtKB:Q01650	primary_tumor	T/NK	13	13	42168	42168	0.4359133717705144	0.8098598089596832	0.582161036860881	0.9500258104847804	Author labels,predeclared coarse mapping	mean_donor(mean_cell(log1p(10000*counts/all_gene_library)))	0.995	1.0
PDAC	GSE278688	06_EXTERNAL	20260922T131800Z_author_identity_v4	PDAC_author_cell_identity_v4	sc_expression_source	NA	NA	SLC7A6	author_source_label	2	13	equal_donor_mean_cellwise_log1p10k	NA	NA	NA	NA	NA	SC_SOURCE_DESCRIPTIVE	NA	NOT_EVALUABLE	GENE_MISSING_OR_LT3_ELIGIBLE_LABELS	GSE278688	UniProtKB:Q92536	primary_tumor	Acinar	7	2	284	245	NA	NA	NA	NA	Author labels,predeclared coarse mapping	mean_donor(mean_cell(log1p(10000*counts/all_gene_library)))	NA	NA
PDAC	GSE278688	06_EXTERNAL	20260922T131800Z_author_identity_v4	PDAC_author_cell_identity_v4	sc_expression_source	NA	NA	SLC7A6	author_source_label	11	13	equal_donor_mean_cellwise_log1p10k	0.1777348628128774	NA	NA	NA	NA	SC_SOURCE_DESCRIPTIVE	NA	DONE	Donor-equal descriptive expression	GSE278688	UniProtKB:Q92536	primary_tumor	B/Plasma	13	11	7721	7703	0.1320114019629212	0.1776202313569669	0.1253568460051938	0.2445508448571432	Author labels,predeclared coarse mapping	mean_donor(mean_cell(log1p(10000*counts/all_gene_library)))	0.048	0.8757289858387398
PDAC	GSE278688	06_EXTERNAL	20260922T131800Z_author_identity_v4	PDAC_author_cell_identity_v4	sc_expression_source	NA	NA	SLC7A6	author_source_label	0	13	equal_donor_mean_cellwise_log1p10k	NA	NA	NA	NA	NA	SC_SOURCE_DESCRIPTIVE	NA	NOT_EVALUABLE	GENE_MISSING_OR_LT3_ELIGIBLE_LABELS	GSE278688	UniProtKB:Q92536	primary_tumor	Endocrine	12	0	37	0	NA	NA	NA	NA	Author labels,predeclared coarse mapping	mean_donor(mean_cell(log1p(10000*counts/all_gene_library)))	NA	NA
PDAC	GSE278688	06_EXTERNAL	20260922T131800Z_author_identity_v4	PDAC_author_cell_identity_v4	sc_expression_source	NA	NA	SLC7A6	author_source_label	13	13	equal_donor_mean_cellwise_log1p10k	0.1961755998354121	NA	NA	NA	NA	SC_SOURCE_DESCRIPTIVE	NA	DONE	Donor-equal descriptive expression	GSE278688	UniProtKB:Q92536	primary_tumor	Endothelial	13	13	2011	2011	0.1861727049571951	0.1968081353408801	0.1597292222512731	0.2328887290429462	Author labels,predeclared coarse mapping	mean_donor(mean_cell(log1p(10000*counts/all_gene_library)))	0.318	0.9665895388854726
PDAC	GSE278688	06_EXTERNAL	20260922T131800Z_author_identity_v4	PDAC_author_cell_identity_v4	sc_expression_source	NA	NA	SLC7A6	author_source_label	12	13	equal_donor_mean_cellwise_log1p10k	0.0433512608813911	NA	NA	NA	NA	SC_SOURCE_DESCRIPTIVE	NA	DONE	Donor-equal descriptive expression	GSE278688	UniProtKB:Q92536	primary_tumor	Ductal (unresolved)	13	12	8370	8351	0.0460592393853008	0.0206678935808716	0.0123232465585041	0.0293631112714297	Author labels,predeclared coarse mapping	mean_donor(mean_cell(log1p(10000*counts/all_gene_library)))	0.0	0.2135988130053046
PDAC	GSE278688	06_EXTERNAL	20260922T131800Z_author_identity_v4	PDAC_author_cell_identity_v4	sc_expression_source	NA	NA	SLC7A6	author_source_label	13	13	equal_donor_mean_cellwise_log1p10k	0.0926767765900457	NA	NA	NA	NA	SC_SOURCE_DESCRIPTIVE	NA	DONE	Donor-equal descriptive expression	GSE278688	UniProtKB:Q92536	primary_tumor	Fibroblast/CAF	13	13	4948	4948	0.1066682079137515	0.0797189644720118	0.0569854786489082	0.1181675221348136	Author labels,predeclared coarse mapping	mean_donor(mean_cell(log1p(10000*counts/all_gene_library)))	0.0	0.45663376497750297
PDAC	GSE278688	06_EXTERNAL	20260922T131800Z_author_identity_v4	PDAC_author_cell_identity_v4	sc_expression_source	NA	NA	SLC7A6	author_source_label	13	13	equal_donor_mean_cellwise_log1p10k	0.0837123484784709	NA	NA	NA	NA	SC_SOURCE_DESCRIPTIVE	NA	DONE	Donor-equal descriptive expression	GSE278688	UniProtKB:Q92536	primary_tumor	Myeloid	13	13	5654	5654	0.09730179717266	0.0701731872372574	0.0603509438669248	0.0995163418101041	Author labels,predeclared coarse mapping	mean_donor(mean_cell(log1p(10000*counts/all_gene_library)))	0.0	0.41246454901991814
PDAC	GSE278688	06_EXTERNAL	20260922T131800Z_author_identity_v4	PDAC_author_cell_identity_v4	sc_expression_source	NA	NA	SLC7A6	author_source_label	2	13	equal_donor_mean_cellwise_log1p10k	NA	NA	NA	NA	NA	SC_SOURCE_DESCRIPTIVE	NA	NOT_EVALUABLE	GENE_MISSING_OR_LT3_ELIGIBLE_LABELS	GSE278688	UniProtKB:Q92536	primary_tumor	Schwann	12	2	221	154	NA	NA	NA	NA	Author labels,predeclared coarse mapping	mean_donor(mean_cell(log1p(10000*counts/all_gene_library)))	NA	NA
PDAC	GSE278688	06_EXTERNAL	20260922T131800Z_author_identity_v4	PDAC_author_cell_identity_v4	sc_expression_source	NA	NA	SLC7A6	author_source_label	13	13	equal_donor_mean_cellwise_log1p10k	0.202956469052637	NA	NA	NA	NA	SC_SOURCE_DESCRIPTIVE	NA	DONE	Donor-equal descriptive expression	GSE278688	UniProtKB:Q92536	primary_tumor	T/NK	13	13	42168	42168	0.1512699648753255	0.2096047697698447	0.1640634776825838	0.2458119384829317	Author labels,predeclared coarse mapping	mean_donor(mean_cell(log1p(10000*counts/all_gene_library)))	0.634	1.0
PDAC	GSE278688	06_EXTERNAL	20260922T131800Z_author_identity_v4	PDAC_author_cell_identity_v4	sc_expression_source	NA	NA	SLC7A7	author_source_label	2	13	equal_donor_mean_cellwise_log1p10k	NA	NA	NA	NA	NA	SC_SOURCE_DESCRIPTIVE	NA	NOT_EVALUABLE	GENE_MISSING_OR_LT3_ELIGIBLE_LABELS	GSE278688	UniProtKB:Q9UM01	primary_tumor	Acinar	7	2	284	245	NA	NA	NA	NA	Author labels,predeclared coarse mapping	mean_donor(mean_cell(log1p(10000*counts/all_gene_library)))	NA	NA
PDAC	GSE278688	06_EXTERNAL	20260922T131800Z_author_identity_v4	PDAC_author_cell_identity_v4	sc_expression_source	NA	NA	SLC7A7	author_source_label	11	13	equal_donor_mean_cellwise_log1p10k	0.0686177584636266	NA	NA	NA	NA	SC_SOURCE_DESCRIPTIVE	NA	DONE	Donor-equal descriptive expression	GSE278688	UniProtKB:Q9UM01	primary_tumor	B/Plasma	13	11	7721	7703	0.0648771955385498	0.0729804527730763	0.0384692592500353	0.092943706024472	Author labels,predeclared coarse mapping	mean_donor(mean_cell(log1p(10000*counts/all_gene_library)))	0.0	0.16165061799505853
PDAC	GSE278688	06_EXTERNAL	20260922T131800Z_author_identity_v4	PDAC_author_cell_identity_v4	sc_expression_source	NA	NA	SLC7A7	author_source_label	0	13	equal_donor_mean_cellwise_log1p10k	NA	NA	NA	NA	NA	SC_SOURCE_DESCRIPTIVE	NA	NOT_EVALUABLE	GENE_MISSING_OR_LT3_ELIGIBLE_LABELS	GSE278688	UniProtKB:Q9UM01	primary_tumor	Endocrine	12	0	37	0	NA	NA	NA	NA	Author labels,predeclared coarse mapping	mean_donor(mean_cell(log1p(10000*counts/all_gene_library)))	NA	NA
PDAC	GSE278688	06_EXTERNAL	20260922T131800Z_author_identity_v4	PDAC_author_cell_identity_v4	sc_expression_source	NA	NA	SLC7A7	author_source_label	13	13	equal_donor_mean_cellwise_log1p10k	0.0267000147889664	NA	NA	NA	NA	SC_SOURCE_DESCRIPTIVE	NA	DONE	Donor-equal descriptive expression	GSE278688	UniProtKB:Q9UM01	primary_tumor	Endothelial	13	13	2011	2011	0.029384259635017	0.0261699214514565	0.0196858868423205	0.0281912805383265	Author labels,predeclared coarse mapping	mean_donor(mean_cell(log1p(10000*counts/all_gene_library)))	0.0	0.06290024605513042
PDAC	GSE278688	06_EXTERNAL	20260922T131800Z_author_identity_v4	PDAC_author_cell_identity_v4	sc_expression_source	NA	NA	SLC7A7	author_source_label	12	13	equal_donor_mean_cellwise_log1p10k	0.0945692673739612	NA	NA	NA	NA	SC_SOURCE_DESCRIPTIVE	NA	DONE	Donor-equal descriptive expression	GSE278688	UniProtKB:Q9UM01	primary_tumor	Ductal (unresolved)	13	12	8370	8351	0.0895414789031521	0.0763598228460289	0.0587081243121647	0.1211213893789889	Author labels,predeclared coarse mapping	mean_donor(mean_cell(log1p(10000*counts/all_gene_library)))	0.0	0.22278752405536964
PDAC	GSE278688	06_EXTERNAL	20260922T131800Z_author_identity_v4	PDAC_author_cell_identity_v4	sc_expression_source	NA	NA	SLC7A7	author_source_label	13	13	equal_donor_mean_cellwise_log1p10k	0.0375177486676537	NA	NA	NA	NA	SC_SOURCE_DESCRIPTIVE	NA	DONE	Donor-equal descriptive expression	GSE278688	UniProtKB:Q9UM01	primary_tumor	Fibroblast/CAF	13	13	4948	4948	0.0494686422879208	0.0318289517324309	0.0239604594699057	0.0394619858947443	Author labels,predeclared coarse mapping	mean_donor(mean_cell(log1p(10000*counts/all_gene_library)))	0.0	0.08838480582434591
PDAC	GSE278688	06_EXTERNAL	20260922T131800Z_author_identity_v4	PDAC_author_cell_identity_v4	sc_expression_source	NA	NA	SLC7A7	author_source_label	13	13	equal_donor_mean_cellwise_log1p10k	0.4244818814470858	NA	NA	NA	NA	SC_SOURCE_DESCRIPTIVE	NA	DONE	Donor-equal descriptive expression	GSE278688	UniProtKB:Q9UM01	primary_tumor	Myeloid	13	13	5654	5654	0.3541048771528805	0.4567120564861461	0.3439849870312656	0.4779190877643917	Author labels,predeclared coarse mapping	mean_donor(mean_cell(log1p(10000*counts/all_gene_library)))	1.0	1.0
PDAC	GSE278688	06_EXTERNAL	20260922T131800Z_author_identity_v4	PDAC_author_cell_identity_v4	sc_expression_source	NA	NA	SLC7A7	author_source_label	2	13	equal_donor_mean_cellwise_log1p10k	NA	NA	NA	NA	NA	SC_SOURCE_DESCRIPTIVE	NA	NOT_EVALUABLE	GENE_MISSING_OR_LT3_ELIGIBLE_LABELS	GSE278688	UniProtKB:Q9UM01	primary_tumor	Schwann	12	2	221	154	NA	NA	NA	NA	Author labels,predeclared coarse mapping	mean_donor(mean_cell(log1p(10000*counts/all_gene_library)))	NA	NA
PDAC	GSE278688	06_EXTERNAL	20260922T131800Z_author_identity_v4	PDAC_author_cell_identity_v4	sc_expression_source	NA	NA	SLC7A7	author_source_label	13	13	equal_donor_mean_cellwise_log1p10k	0.0015849643479067	NA	NA	NA	NA	SC_SOURCE_DESCRIPTIVE	NA	DONE	Donor-equal descriptive expression	GSE278688	UniProtKB:Q9UM01	primary_tumor	T/NK	13	13	42168	42168	0.0012917491233472	0.0011006983324685	0.0008693688129768	0.0017795092977927	Author labels,predeclared coarse mapping	mean_donor(mean_cell(log1p(10000*counts/all_gene_library)))	0.0	0.0037338798596148687
PDAC	GSE278688	06_EXTERNAL	20260922T131800Z_author_identity_v4	PDAC_author_cell_identity_v4	sc_expression_source	NA	NA	SLC7A8	author_source_label	2	13	equal_donor_mean_cellwise_log1p10k	NA	NA	NA	NA	NA	SC_SOURCE_DESCRIPTIVE	NA	NOT_EVALUABLE	GENE_MISSING_OR_LT3_ELIGIBLE_LABELS	GSE278688	UniProtKB:Q9UHI5	primary_tumor	Acinar	7	2	284	245	NA	NA	NA	NA	Author labels,predeclared coarse mapping	mean_donor(mean_cell(log1p(10000*counts/all_gene_library)))	NA	NA
PDAC	GSE278688	06_EXTERNAL	20260922T131800Z_author_identity_v4	PDAC_author_cell_identity_v4	sc_expression_source	NA	NA	SLC7A8	author_source_label	11	13	equal_donor_mean_cellwise_log1p10k	0.0048104459236476	NA	NA	NA	NA	SC_SOURCE_DESCRIPTIVE	NA	DONE	Donor-equal descriptive expression	GSE278688	UniProtKB:Q9UHI5	primary_tumor	B/Plasma	13	11	7721	7703	0.0032927194829882	0.0040625074503774	0.0	0.00853764968362	Author labels,predeclared coarse mapping	mean_donor(mean_cell(log1p(10000*counts/all_gene_library)))	0.0	0.06478995498605267
PDAC	GSE278688	06_EXTERNAL	20260922T131800Z_author_identity_v4	PDAC_author_cell_identity_v4	sc_expression_source	NA	NA	SLC7A8	author_source_label	0	13	equal_donor_mean_cellwise_log1p10k	NA	NA	NA	NA	NA	SC_SOURCE_DESCRIPTIVE	NA	NOT_EVALUABLE	GENE_MISSING_OR_LT3_ELIGIBLE_LABELS	GSE278688	UniProtKB:Q9UHI5	primary_tumor	Endocrine	12	0	37	0	NA	NA	NA	NA	Author labels,predeclared coarse mapping	mean_donor(mean_cell(log1p(10000*counts/all_gene_library)))	NA	NA
PDAC	GSE278688	06_EXTERNAL	20260922T131800Z_author_identity_v4	PDAC_author_cell_identity_v4	sc_expression_source	NA	NA	SLC7A8	author_source_label	13	13	equal_donor_mean_cellwise_log1p10k	0.0025134473705589	NA	NA	NA	NA	SC_SOURCE_DESCRIPTIVE	NA	DONE	Donor-equal descriptive expression	GSE278688	UniProtKB:Q9UHI5	primary_tumor	Endothelial	13	13	2011	2011	0.0033672558989501	0.0	0.0	0.0053981174196732	Author labels,predeclared coarse mapping	mean_donor(mean_cell(log1p(10000*counts/all_gene_library)))	0.0	0.03385260838247669
PDAC	GSE278688	06_EXTERNAL	20260922T131800Z_author_identity_v4	PDAC_author_cell_identity_v4	sc_expression_source	NA	NA	SLC7A8	author_source_label	12	13	equal_donor_mean_cellwise_log1p10k	0.0388724224377303	NA	NA	NA	NA	SC_SOURCE_DESCRIPTIVE	NA	DONE	Donor-equal descriptive expression	GSE278688	UniProtKB:Q9UHI5	primary_tumor	Ductal (unresolved)	13	12	8370	8351	0.037716939784767	0.0261341267024173	0.0222764310551203	0.0425212650135922	Author labels,predeclared coarse mapping	mean_donor(mean_cell(log1p(10000*counts/all_gene_library)))	0.0	0.5235569716226315
PDAC	GSE278688	06_EXTERNAL	20260922T131800Z_author_identity_v4	PDAC_author_cell_identity_v4	sc_expression_source	NA	NA	SLC7A8	author_source_label	13	13	equal_donor_mean_cellwise_log1p10k	0.0687485562954866	NA	NA	NA	NA	SC_SOURCE_DESCRIPTIVE	NA	DONE	Donor-equal descriptive expression	GSE278688	UniProtKB:Q9UHI5	primary_tumor	Fibroblast/CAF	13	13	4948	4948	0.0806418446215986	0.070271905853472	0.0393745563828503	0.0856602880422224	Author labels,predeclared coarse mapping	mean_donor(mean_cell(log1p(10000*counts/all_gene_library)))	0.252	0.9259465626345097
PDAC	GSE278688	06_EXTERNAL	20260922T131800Z_author_identity_v4	PDAC_author_cell_identity_v4	sc_expression_source	NA	NA	SLC7A8	author_source_label	13	13	equal_donor_mean_cellwise_log1p10k	0.0742467860130964	NA	NA	NA	NA	SC_SOURCE_DESCRIPTIVE	NA	DONE	Donor-equal descriptive expression	GSE278688	UniProtKB:Q9UHI5	primary_tumor	Myeloid	13	13	5654	5654	0.0744668725955139	0.0798465296552557	0.0490795016137598	0.0920003882755412	Author labels,predeclared coarse mapping	mean_donor(mean_cell(log1p(10000*counts/all_gene_library)))	0.748	1.0
PDAC	GSE278688	06_EXTERNAL	20260922T131800Z_author_identity_v4	PDAC_author_cell_identity_v4	sc_expression_source	NA	NA	SLC7A8	author_source_label	2	13	equal_donor_mean_cellwise_log1p10k	NA	NA	NA	NA	NA	SC_SOURCE_DESCRIPTIVE	NA	NOT_EVALUABLE	GENE_MISSING_OR_LT3_ELIGIBLE_LABELS	GSE278688	UniProtKB:Q9UHI5	primary_tumor	Schwann	12	2	221	154	NA	NA	NA	NA	Author labels,predeclared coarse mapping	mean_donor(mean_cell(log1p(10000*counts/all_gene_library)))	NA	NA
PDAC	GSE278688	06_EXTERNAL	20260922T131800Z_author_identity_v4	PDAC_author_cell_identity_v4	sc_expression_source	NA	NA	SLC7A8	author_source_label	13	13	equal_donor_mean_cellwise_log1p10k	0.0030165197089717	NA	NA	NA	NA	SC_SOURCE_DESCRIPTIVE	NA	DONE	Donor-equal descriptive expression	GSE278688	UniProtKB:Q9UHI5	primary_tumor	T/NK	13	13	42168	42168	0.0025864708842419	0.0013639318064369	0.0009817749457836	0.0048828776149061	Author labels,predeclared coarse mapping	mean_donor(mean_cell(log1p(10000*counts/all_gene_library)))	0.0	0.04062828670374521
PDAC	GSE278688	06_EXTERNAL	20260922T131800Z_author_identity_v4	PDAC_author_cell_identity_v4	sc_expression_source	NA	NA	SLC7A9	author_source_label	2	13	equal_donor_mean_cellwise_log1p10k	NA	NA	NA	NA	NA	SC_SOURCE_DESCRIPTIVE	NA	NOT_EVALUABLE	GENE_MISSING_OR_LT3_ELIGIBLE_LABELS	GSE278688	UniProtKB:P82251	primary_tumor	Acinar	7	2	284	245	NA	NA	NA	NA	Author labels,predeclared coarse mapping	mean_donor(mean_cell(log1p(10000*counts/all_gene_library)))	NA	NA
PDAC	GSE278688	06_EXTERNAL	20260922T131800Z_author_identity_v4	PDAC_author_cell_identity_v4	sc_expression_source	NA	NA	SLC7A9	author_source_label	11	13	equal_donor_mean_cellwise_log1p10k	0.0001515906178109	NA	NA	NA	NA	SC_SOURCE_DESCRIPTIVE	NA	DONE	Donor-equal descriptive expression	GSE278688	UniProtKB:P82251	primary_tumor	B/Plasma	13	11	7721	7703	0.000151412687161	0.0	0.0	0.0	Author labels,predeclared coarse mapping	mean_donor(mean_cell(log1p(10000*counts/all_gene_library)))	NA	0.04677524794024
PDAC	GSE278688	06_EXTERNAL	20260922T131800Z_author_identity_v4	PDAC_author_cell_identity_v4	sc_expression_source	NA	NA	SLC7A9	author_source_label	0	13	equal_donor_mean_cellwise_log1p10k	NA	NA	NA	NA	NA	SC_SOURCE_DESCRIPTIVE	NA	NOT_EVALUABLE	GENE_MISSING_OR_LT3_ELIGIBLE_LABELS	GSE278688	UniProtKB:P82251	primary_tumor	Endocrine	12	0	37	0	NA	NA	NA	NA	Author labels,predeclared coarse mapping	mean_donor(mean_cell(log1p(10000*counts/all_gene_library)))	NA	NA
PDAC	GSE278688	06_EXTERNAL	20260922T131800Z_author_identity_v4	PDAC_author_cell_identity_v4	sc_expression_source	NA	NA	SLC7A9	author_source_label	13	13	equal_donor_mean_cellwise_log1p10k	0.0003154506263523	NA	NA	NA	NA	SC_SOURCE_DESCRIPTIVE	NA	DONE	Donor-equal descriptive expression	GSE278688	UniProtKB:P82251	primary_tumor	Endothelial	13	13	2011	2011	0.0005448878812021	0.0	0.0	0.0	Author labels,predeclared coarse mapping	mean_donor(mean_cell(log1p(10000*counts/all_gene_library)))	NA	0.09733637525601452
PDAC	GSE278688	06_EXTERNAL	20260922T131800Z_author_identity_v4	PDAC_author_cell_identity_v4	sc_expression_source	NA	NA	SLC7A9	author_source_label	12	13	equal_donor_mean_cellwise_log1p10k	0.0032408298082048	NA	NA	NA	NA	SC_SOURCE_DESCRIPTIVE	NA	DONE	Donor-equal descriptive expression	GSE278688	UniProtKB:P82251	primary_tumor	Ductal (unresolved)	13	12	8370	8351	0.0029339799848283	0.0005087488437678	0.0	0.0052044930716584	Author labels,predeclared coarse mapping	mean_donor(mean_cell(log1p(10000*counts/all_gene_library)))	NA	1.0
PDAC	GSE278688	06_EXTERNAL	20260922T131800Z_author_identity_v4	PDAC_author_cell_identity_v4	sc_expression_source	NA	NA	SLC7A9	author_source_label	13	13	equal_donor_mean_cellwise_log1p10k	0.000452163051596	NA	NA	NA	NA	SC_SOURCE_DESCRIPTIVE	NA	DONE	Donor-equal descriptive expression	GSE278688	UniProtKB:P82251	primary_tumor	Fibroblast/CAF	13	13	4948	4948	0.0006373645029107	0.0	0.0	0.0	Author labels,predeclared coarse mapping	mean_donor(mean_cell(log1p(10000*counts/all_gene_library)))	NA	0.13952076423490675
PDAC	GSE278688	06_EXTERNAL	20260922T131800Z_author_identity_v4	PDAC_author_cell_identity_v4	sc_expression_source	NA	NA	SLC7A9	author_source_label	13	13	equal_donor_mean_cellwise_log1p10k	0.0	NA	NA	NA	NA	SC_SOURCE_DESCRIPTIVE	NA	DONE	Donor-equal descriptive expression	GSE278688	UniProtKB:P82251	primary_tumor	Myeloid	13	13	5654	5654	0.0	0.0	0.0	0.0	Author labels,predeclared coarse mapping	mean_donor(mean_cell(log1p(10000*counts/all_gene_library)))	NA	0.0
PDAC	GSE278688	06_EXTERNAL	20260922T131800Z_author_identity_v4	PDAC_author_cell_identity_v4	sc_expression_source	NA	NA	SLC7A9	author_source_label	2	13	equal_donor_mean_cellwise_log1p10k	NA	NA	NA	NA	NA	SC_SOURCE_DESCRIPTIVE	NA	NOT_EVALUABLE	GENE_MISSING_OR_LT3_ELIGIBLE_LABELS	GSE278688	UniProtKB:P82251	primary_tumor	Schwann	12	2	221	154	NA	NA	NA	NA	Author labels,predeclared coarse mapping	mean_donor(mean_cell(log1p(10000*counts/all_gene_library)))	NA	NA
PDAC	GSE278688	06_EXTERNAL	20260922T131800Z_author_identity_v4	PDAC_author_cell_identity_v4	sc_expression_source	NA	NA	SLC7A9	author_source_label	13	13	equal_donor_mean_cellwise_log1p10k	0.0002500177906572	NA	NA	NA	NA	SC_SOURCE_DESCRIPTIVE	NA	DONE	Donor-equal descriptive expression	GSE278688	UniProtKB:P82251	primary_tumor	T/NK	13	13	42168	42168	0.0002187606943337	0.0	0.0	0.0002007160968992	Author labels,predeclared coarse mapping	mean_donor(mean_cell(log1p(10000*counts/all_gene_library)))	NA	0.07714622656957505
PDAC	GSE278688	06_EXTERNAL	20260922T131800Z_author_identity_v4	PDAC_author_cell_identity_v4	sc_expression_source	NA	NA	SLCO3A1	author_source_label	2	13	equal_donor_mean_cellwise_log1p10k	NA	NA	NA	NA	NA	SC_SOURCE_DESCRIPTIVE	NA	NOT_EVALUABLE	GENE_MISSING_OR_LT3_ELIGIBLE_LABELS	GSE278688	UniProtKB:Q9UIG8	primary_tumor	Acinar	7	2	284	245	NA	NA	NA	NA	Author labels,predeclared coarse mapping	mean_donor(mean_cell(log1p(10000*counts/all_gene_library)))	NA	NA
PDAC	GSE278688	06_EXTERNAL	20260922T131800Z_author_identity_v4	PDAC_author_cell_identity_v4	sc_expression_source	NA	NA	SLCO3A1	author_source_label	11	13	equal_donor_mean_cellwise_log1p10k	0.0165752689649497	NA	NA	NA	NA	SC_SOURCE_DESCRIPTIVE	NA	DONE	Donor-equal descriptive expression	GSE278688	UniProtKB:Q9UIG8	primary_tumor	B/Plasma	13	11	7721	7703	0.0161314258788143	0.0102688147117227	0.005579206395726	0.0220734261183598	Author labels,predeclared coarse mapping	mean_donor(mean_cell(log1p(10000*counts/all_gene_library)))	0.0	0.05200598994557793
PDAC	GSE278688	06_EXTERNAL	20260922T131800Z_author_identity_v4	PDAC_author_cell_identity_v4	sc_expression_source	NA	NA	SLCO3A1	author_source_label	0	13	equal_donor_mean_cellwise_log1p10k	NA	NA	NA	NA	NA	SC_SOURCE_DESCRIPTIVE	NA	NOT_EVALUABLE	GENE_MISSING_OR_LT3_ELIGIBLE_LABELS	GSE278688	UniProtKB:Q9UIG8	primary_tumor	Endocrine	12	0	37	0	NA	NA	NA	NA	Author labels,predeclared coarse mapping	mean_donor(mean_cell(log1p(10000*counts/all_gene_library)))	NA	NA
PDAC	GSE278688	06_EXTERNAL	20260922T131800Z_author_identity_v4	PDAC_author_cell_identity_v4	sc_expression_source	NA	NA	SLCO3A1	author_source_label	13	13	equal_donor_mean_cellwise_log1p10k	0.290941817472562	NA	NA	NA	NA	SC_SOURCE_DESCRIPTIVE	NA	DONE	Donor-equal descriptive expression	GSE278688	UniProtKB:Q9UIG8	primary_tumor	Endothelial	13	13	2011	2011	0.2619320832975255	0.2160242920309719	0.1921456593774796	0.2940873657170875	Author labels,predeclared coarse mapping	mean_donor(mean_cell(log1p(10000*counts/all_gene_library)))	0.143	0.9128489719365555
PDAC	GSE278688	06_EXTERNAL	20260922T131800Z_author_identity_v4	PDAC_author_cell_identity_v4	sc_expression_source	NA	NA	SLCO3A1	author_source_label	12	13	equal_donor_mean_cellwise_log1p10k	0.1359519345421026	NA	NA	NA	NA	SC_SOURCE_DESCRIPTIVE	NA	DONE	Donor-equal descriptive expression	GSE278688	UniProtKB:Q9UIG8	primary_tumor	Ductal (unresolved)	13	12	8370	8351	0.1250418320011078	0.1225817696569422	0.0811168522374018	0.1551313942626244	Author labels,predeclared coarse mapping	mean_donor(mean_cell(log1p(10000*counts/all_gene_library)))	0.0	0.4265580821541687
PDAC	GSE278688	06_EXTERNAL	20260922T131800Z_author_identity_v4	PDAC_author_cell_identity_v4	sc_expression_source	NA	NA	SLCO3A1	author_source_label	13	13	equal_donor_mean_cellwise_log1p10k	0.3187184588216669	NA	NA	NA	NA	SC_SOURCE_DESCRIPTIVE	NA	DONE	Donor-equal descriptive expression	GSE278688	UniProtKB:Q9UIG8	primary_tumor	Fibroblast/CAF	13	13	4948	4948	0.2911906940697956	0.2755973832245086	0.2310367422761524	0.3660438522476213	Author labels,predeclared coarse mapping	mean_donor(mean_cell(log1p(10000*counts/all_gene_library)))	0.857	1.0
PDAC	GSE278688	06_EXTERNAL	20260922T131800Z_author_identity_v4	PDAC_author_cell_identity_v4	sc_expression_source	NA	NA	SLCO3A1	author_source_label	13	13	equal_donor_mean_cellwise_log1p10k	0.207507882528946	NA	NA	NA	NA	SC_SOURCE_DESCRIPTIVE	NA	DONE	Donor-equal descriptive expression	GSE278688	UniProtKB:Q9UIG8	primary_tumor	Myeloid	13	13	5654	5654	0.1964966967546881	0.1644466170542056	0.1343503918841752	0.2224511576919693	Author labels,predeclared coarse mapping	mean_donor(mean_cell(log1p(10000*counts/all_gene_library)))	0.0	0.651069546759616
PDAC	GSE278688	06_EXTERNAL	20260922T131800Z_author_identity_v4	PDAC_author_cell_identity_v4	sc_expression_source	NA	NA	SLCO3A1	author_source_label	2	13	equal_donor_mean_cellwise_log1p10k	NA	NA	NA	NA	NA	SC_SOURCE_DESCRIPTIVE	NA	NOT_EVALUABLE	GENE_MISSING_OR_LT3_ELIGIBLE_LABELS	GSE278688	UniProtKB:Q9UIG8	primary_tumor	Schwann	12	2	221	154	NA	NA	NA	NA	Author labels,predeclared coarse mapping	mean_donor(mean_cell(log1p(10000*counts/all_gene_library)))	NA	NA
PDAC	GSE278688	06_EXTERNAL	20260922T131800Z_author_identity_v4	PDAC_author_cell_identity_v4	sc_expression_source	NA	NA	SLCO3A1	author_source_label	13	13	equal_donor_mean_cellwise_log1p10k	0.0925646399068245	NA	NA	NA	NA	SC_SOURCE_DESCRIPTIVE	NA	DONE	Donor-equal descriptive expression	GSE278688	UniProtKB:Q9UIG8	primary_tumor	T/NK	13	13	42168	42168	0.0722855196433028	0.0746824319106926	0.0575812448967972	0.1013178910345791	Author labels,predeclared coarse mapping	mean_donor(mean_cell(log1p(10000*counts/all_gene_library)))	0.0	0.2904276088967202
PDAC	GSE278688	06_EXTERNAL	20260922T131800Z_author_identity_v4	PDAC_author_cell_identity_v4	sc_expression_source	NA	NA	SMYD1	author_source_label	2	13	equal_donor_mean_cellwise_log1p10k	NA	NA	NA	NA	NA	SC_SOURCE_DESCRIPTIVE	NA	NOT_EVALUABLE	GENE_MISSING_OR_LT3_ELIGIBLE_LABELS	GSE278688	UniProtKB:Q8NB12	primary_tumor	Acinar	7	2	284	245	NA	NA	NA	NA	Author labels,predeclared coarse mapping	mean_donor(mean_cell(log1p(10000*counts/all_gene_library)))	NA	NA
PDAC	GSE278688	06_EXTERNAL	20260922T131800Z_author_identity_v4	PDAC_author_cell_identity_v4	sc_expression_source	NA	NA	SMYD1	author_source_label	11	13	equal_donor_mean_cellwise_log1p10k	0.0	NA	NA	NA	NA	SC_SOURCE_DESCRIPTIVE	NA	DONE	Donor-equal descriptive expression	GSE278688	UniProtKB:Q8NB12	primary_tumor	B/Plasma	13	11	7721	7703	0.0	0.0	0.0	0.0	Author labels,predeclared coarse mapping	mean_donor(mean_cell(log1p(10000*counts/all_gene_library)))	NA	0.0
PDAC	GSE278688	06_EXTERNAL	20260922T131800Z_author_identity_v4	PDAC_author_cell_identity_v4	sc_expression_source	NA	NA	SMYD1	author_source_label	0	13	equal_donor_mean_cellwise_log1p10k	NA	NA	NA	NA	NA	SC_SOURCE_DESCRIPTIVE	NA	NOT_EVALUABLE	GENE_MISSING_OR_LT3_ELIGIBLE_LABELS	GSE278688	UniProtKB:Q8NB12	primary_tumor	Endocrine	12	0	37	0	NA	NA	NA	NA	Author labels,predeclared coarse mapping	mean_donor(mean_cell(log1p(10000*counts/all_gene_library)))	NA	NA
PDAC	GSE278688	06_EXTERNAL	20260922T131800Z_author_identity_v4	PDAC_author_cell_identity_v4	sc_expression_source	NA	NA	SMYD1	author_source_label	13	13	equal_donor_mean_cellwise_log1p10k	0.0	NA	NA	NA	NA	SC_SOURCE_DESCRIPTIVE	NA	DONE	Donor-equal descriptive expression	GSE278688	UniProtKB:Q8NB12	primary_tumor	Endothelial	13	13	2011	2011	0.0	0.0	0.0	0.0	Author labels,predeclared coarse mapping	mean_donor(mean_cell(log1p(10000*counts/all_gene_library)))	NA	0.0
PDAC	GSE278688	06_EXTERNAL	20260922T131800Z_author_identity_v4	PDAC_author_cell_identity_v4	sc_expression_source	NA	NA	SMYD1	author_source_label	12	13	equal_donor_mean_cellwise_log1p10k	0.0	NA	NA	NA	NA	SC_SOURCE_DESCRIPTIVE	NA	DONE	Donor-equal descriptive expression	GSE278688	UniProtKB:Q8NB12	primary_tumor	Ductal (unresolved)	13	12	8370	8351	0.0	0.0	0.0	0.0	Author labels,predeclared coarse mapping	mean_donor(mean_cell(log1p(10000*counts/all_gene_library)))	NA	0.0
PDAC	GSE278688	06_EXTERNAL	20260922T131800Z_author_identity_v4	PDAC_author_cell_identity_v4	sc_expression_source	NA	NA	SMYD1	author_source_label	13	13	equal_donor_mean_cellwise_log1p10k	0.0	NA	NA	NA	NA	SC_SOURCE_DESCRIPTIVE	NA	DONE	Donor-equal descriptive expression	GSE278688	UniProtKB:Q8NB12	primary_tumor	Fibroblast/CAF	13	13	4948	4948	0.0	0.0	0.0	0.0	Author labels,predeclared coarse mapping	mean_donor(mean_cell(log1p(10000*counts/all_gene_library)))	NA	0.0
PDAC	GSE278688	06_EXTERNAL	20260922T131800Z_author_identity_v4	PDAC_author_cell_identity_v4	sc_expression_source	NA	NA	SMYD1	author_source_label	13	13	equal_donor_mean_cellwise_log1p10k	0.0	NA	NA	NA	NA	SC_SOURCE_DESCRIPTIVE	NA	DONE	Donor-equal descriptive expression	GSE278688	UniProtKB:Q8NB12	primary_tumor	Myeloid	13	13	5654	5654	0.0	0.0	0.0	0.0	Author labels,predeclared coarse mapping	mean_donor(mean_cell(log1p(10000*counts/all_gene_library)))	NA	0.0
PDAC	GSE278688	06_EXTERNAL	20260922T131800Z_author_identity_v4	PDAC_author_cell_identity_v4	sc_expression_source	NA	NA	SMYD1	author_source_label	2	13	equal_donor_mean_cellwise_log1p10k	NA	NA	NA	NA	NA	SC_SOURCE_DESCRIPTIVE	NA	NOT_EVALUABLE	GENE_MISSING_OR_LT3_ELIGIBLE_LABELS	GSE278688	UniProtKB:Q8NB12	primary_tumor	Schwann	12	2	221	154	NA	NA	NA	NA	Author labels,predeclared coarse mapping	mean_donor(mean_cell(log1p(10000*counts/all_gene_library)))	NA	NA
PDAC	GSE278688	06_EXTERNAL	20260922T131800Z_author_identity_v4	PDAC_author_cell_identity_v4	sc_expression_source	NA	NA	SMYD1	author_source_label	13	13	equal_donor_mean_cellwise_log1p10k	0.0	NA	NA	NA	NA	SC_SOURCE_DESCRIPTIVE	NA	DONE	Donor-equal descriptive expression	GSE278688	UniProtKB:Q8NB12	primary_tumor	T/NK	13	13	42168	42168	0.0	0.0	0.0	0.0	Author labels,predeclared coarse mapping	mean_donor(mean_cell(log1p(10000*counts/all_gene_library)))	NA	0.0
PDAC	GSE278688	06_EXTERNAL	20260922T131800Z_author_identity_v4	PDAC_author_cell_identity_v4	sc_expression_source	NA	NA	SMYD2	author_source_label	2	13	equal_donor_mean_cellwise_log1p10k	NA	NA	NA	NA	NA	SC_SOURCE_DESCRIPTIVE	NA	NOT_EVALUABLE	GENE_MISSING_OR_LT3_ELIGIBLE_LABELS	GSE278688	UniProtKB:Q9NRG4	primary_tumor	Acinar	7	2	284	245	NA	NA	NA	NA	Author labels,predeclared coarse mapping	mean_donor(mean_cell(log1p(10000*counts/all_gene_library)))	NA	NA
PDAC	GSE278688	06_EXTERNAL	20260922T131800Z_author_identity_v4	PDAC_author_cell_identity_v4	sc_expression_source	NA	NA	SMYD2	author_source_label	11	13	equal_donor_mean_cellwise_log1p10k	0.0877568813839138	NA	NA	NA	NA	SC_SOURCE_DESCRIPTIVE	NA	DONE	Donor-equal descriptive expression	GSE278688	UniProtKB:Q9NRG4	primary_tumor	B/Plasma	13	11	7721	7703	0.0702098298377578	0.0936356364853484	0.0811901064966344	0.1007903744125163	Author labels,predeclared coarse mapping	mean_donor(mean_cell(log1p(10000*counts/all_gene_library)))	0.0	0.543732186339923
PDAC	GSE278688	06_EXTERNAL	20260922T131800Z_author_identity_v4	PDAC_author_cell_identity_v4	sc_expression_source	NA	NA	SMYD2	author_source_label	0	13	equal_donor_mean_cellwise_log1p10k	NA	NA	NA	NA	NA	SC_SOURCE_DESCRIPTIVE	NA	NOT_EVALUABLE	GENE_MISSING_OR_LT3_ELIGIBLE_LABELS	GSE278688	UniProtKB:Q9NRG4	primary_tumor	Endocrine	12	0	37	0	NA	NA	NA	NA	Author labels,predeclared coarse mapping	mean_donor(mean_cell(log1p(10000*counts/all_gene_library)))	NA	NA
PDAC	GSE278688	06_EXTERNAL	20260922T131800Z_author_identity_v4	PDAC_author_cell_identity_v4	sc_expression_source	NA	NA	SMYD2	author_source_label	13	13	equal_donor_mean_cellwise_log1p10k	0.0787626582301412	NA	NA	NA	NA	SC_SOURCE_DESCRIPTIVE	NA	DONE	Donor-equal descriptive expression	GSE278688	UniProtKB:Q9NRG4	primary_tumor	Endothelial	13	13	2011	2011	0.0875996106334196	0.076392725921815	0.059230462297718	0.0939348091750579	Author labels,predeclared coarse mapping	mean_donor(mean_cell(log1p(10000*counts/all_gene_library)))	0.0	0.4880049482851034
PDAC	GSE278688	06_EXTERNAL	20260922T131800Z_author_identity_v4	PDAC_author_cell_identity_v4	sc_expression_source	NA	NA	SMYD2	author_source_label	12	13	equal_donor_mean_cellwise_log1p10k	0.1613972532592565	NA	NA	NA	NA	SC_SOURCE_DESCRIPTIVE	NA	DONE	Donor-equal descriptive expression	GSE278688	UniProtKB:Q9NRG4	primary_tumor	Ductal (unresolved)	13	12	8370	8351	0.1654769631875914	0.1513226547754926	0.1086911530659497	0.1834517817137766	Author labels,predeclared coarse mapping	mean_donor(mean_cell(log1p(10000*counts/all_gene_library)))	0.666	1.0
PDAC	GSE278688	06_EXTERNAL	20260922T131800Z_author_identity_v4	PDAC_author_cell_identity_v4	sc_expression_source	NA	NA	SMYD2	author_source_label	13	13	equal_donor_mean_cellwise_log1p10k	0.0900256230024387	NA	NA	NA	NA	SC_SOURCE_DESCRIPTIVE	NA	DONE	Donor-equal descriptive expression	GSE278688	UniProtKB:Q9NRG4	primary_tumor	Fibroblast/CAF	13	13	4948	4948	0.1140820305576092	0.0892661769834278	0.058989668100622	0.1162404921518691	Author labels,predeclared coarse mapping	mean_donor(mean_cell(log1p(10000*counts/all_gene_library)))	0.0	0.5577890650829619
PDAC	GSE278688	06_EXTERNAL	20260922T131800Z_author_identity_v4	PDAC_author_cell_identity_v4	sc_expression_source	NA	NA	SMYD2	author_source_label	13	13	equal_donor_mean_cellwise_log1p10k	0.0885159145247372	NA	NA	NA	NA	SC_SOURCE_DESCRIPTIVE	NA	DONE	Donor-equal descriptive expression	GSE278688	UniProtKB:Q9NRG4	primary_tumor	Myeloid	13	13	5654	5654	0.1056753683284468	0.0943540434003328	0.0807620776925294	0.0979404783481423	Author labels,predeclared coarse mapping	mean_donor(mean_cell(log1p(10000*counts/all_gene_library)))	0.0	0.5484350739386614
PDAC	GSE278688	06_EXTERNAL	20260922T131800Z_author_identity_v4	PDAC_author_cell_identity_v4	sc_expression_source	NA	NA	SMYD2	author_source_label	2	13	equal_donor_mean_cellwise_log1p10k	NA	NA	NA	NA	NA	SC_SOURCE_DESCRIPTIVE	NA	NOT_EVALUABLE	GENE_MISSING_OR_LT3_ELIGIBLE_LABELS	GSE278688	UniProtKB:Q9NRG4	primary_tumor	Schwann	12	2	221	154	NA	NA	NA	NA	Author labels,predeclared coarse mapping	mean_donor(mean_cell(log1p(10000*counts/all_gene_library)))	NA	NA
PDAC	GSE278688	06_EXTERNAL	20260922T131800Z_author_identity_v4	PDAC_author_cell_identity_v4	sc_expression_source	NA	NA	SMYD2	author_source_label	13	13	equal_donor_mean_cellwise_log1p10k	0.1519643264488917	NA	NA	NA	NA	SC_SOURCE_DESCRIPTIVE	NA	DONE	Donor-equal descriptive expression	GSE278688	UniProtKB:Q9NRG4	primary_tumor	T/NK	13	13	42168	42168	0.1153783864436866	0.1436057457681764	0.1373665064733921	0.1690051057479167	Author labels,predeclared coarse mapping	mean_donor(mean_cell(log1p(10000*counts/all_gene_library)))	0.334	0.9415546013338131
PDAC	GSE278688	06_EXTERNAL	20260922T131800Z_author_identity_v4	PDAC_author_cell_identity_v4	sc_expression_source	NA	NA	SMYD3	author_source_label	2	13	equal_donor_mean_cellwise_log1p10k	NA	NA	NA	NA	NA	SC_SOURCE_DESCRIPTIVE	NA	NOT_EVALUABLE	GENE_MISSING_OR_LT3_ELIGIBLE_LABELS	GSE278688	UniProtKB:Q9H7B4	primary_tumor	Acinar	7	2	284	245	NA	NA	NA	NA	Author labels,predeclared coarse mapping	mean_donor(mean_cell(log1p(10000*counts/all_gene_library)))	NA	NA
PDAC	GSE278688	06_EXTERNAL	20260922T131800Z_author_identity_v4	PDAC_author_cell_identity_v4	sc_expression_source	NA	NA	SMYD3	author_source_label	11	13	equal_donor_mean_cellwise_log1p10k	0.2300933157534458	NA	NA	NA	NA	SC_SOURCE_DESCRIPTIVE	NA	DONE	Donor-equal descriptive expression	GSE278688	UniProtKB:Q9H7B4	primary_tumor	B/Plasma	13	11	7721	7703	0.1630628063562016	0.1459350131651064	0.1236517295712988	0.2960307309527675	Author labels,predeclared coarse mapping	mean_donor(mean_cell(log1p(10000*counts/all_gene_library)))	0.043	0.8607634815868174
PDAC	GSE278688	06_EXTERNAL	20260922T131800Z_author_identity_v4	PDAC_author_cell_identity_v4	sc_expression_source	NA	NA	SMYD3	author_source_label	0	13	equal_donor_mean_cellwise_log1p10k	NA	NA	NA	NA	NA	SC_SOURCE_DESCRIPTIVE	NA	NOT_EVALUABLE	GENE_MISSING_OR_LT3_ELIGIBLE_LABELS	GSE278688	UniProtKB:Q9H7B4	primary_tumor	Endocrine	12	0	37	0	NA	NA	NA	NA	Author labels,predeclared coarse mapping	mean_donor(mean_cell(log1p(10000*counts/all_gene_library)))	NA	NA
PDAC	GSE278688	06_EXTERNAL	20260922T131800Z_author_identity_v4	PDAC_author_cell_identity_v4	sc_expression_source	NA	NA	SMYD3	author_source_label	13	13	equal_donor_mean_cellwise_log1p10k	0.2533684660780163	NA	NA	NA	NA	SC_SOURCE_DESCRIPTIVE	NA	DONE	Donor-equal descriptive expression	GSE278688	UniProtKB:Q9H7B4	primary_tumor	Endothelial	13	13	2011	2011	0.2327914787209455	0.1406863111394741	0.1190529309476927	0.25541918805997	Author labels,predeclared coarse mapping	mean_donor(mean_cell(log1p(10000*counts/all_gene_library)))	0.294	0.9478342396496091
PDAC	GSE278688	06_EXTERNAL	20260922T131800Z_author_identity_v4	PDAC_author_cell_identity_v4	sc_expression_source	NA	NA	SMYD3	author_source_label	12	13	equal_donor_mean_cellwise_log1p10k	0.2042822438407897	NA	NA	NA	NA	SC_SOURCE_DESCRIPTIVE	NA	DONE	Donor-equal descriptive expression	GSE278688	UniProtKB:Q9H7B4	primary_tumor	Ductal (unresolved)	13	12	8370	8351	0.1800335292913921	0.14139161080574	0.1035448078043876	0.2349346730706519	Author labels,predeclared coarse mapping	mean_donor(mean_cell(log1p(10000*counts/all_gene_library)))	0.078	0.7642060129342633
PDAC	GSE278688	06_EXTERNAL	20260922T131800Z_author_identity_v4	PDAC_author_cell_identity_v4	sc_expression_source	NA	NA	SMYD3	author_source_label	13	13	equal_donor_mean_cellwise_log1p10k	0.1899999708756662	NA	NA	NA	NA	SC_SOURCE_DESCRIPTIVE	NA	DONE	Donor-equal descriptive expression	GSE278688	UniProtKB:Q9H7B4	primary_tumor	Fibroblast/CAF	13	13	4948	4948	0.1963194662516618	0.1309729136056148	0.1192756890230802	0.2104733291768838	Author labels,predeclared coarse mapping	mean_donor(mean_cell(log1p(10000*counts/all_gene_library)))	0.0	0.710776998874567
PDAC	GSE278688	06_EXTERNAL	20260922T131800Z_author_identity_v4	PDAC_author_cell_identity_v4	sc_expression_source	NA	NA	SMYD3	author_source_label	13	13	equal_donor_mean_cellwise_log1p10k	0.2673130548350736	NA	NA	NA	NA	SC_SOURCE_DESCRIPTIVE	NA	DONE	Donor-equal descriptive expression	GSE278688	UniProtKB:Q9H7B4	primary_tumor	Myeloid	13	13	5654	5654	0.1971455262872819	0.149308009744518	0.1086984021921083	0.3037144153003569	Author labels,predeclared coarse mapping	mean_donor(mean_cell(log1p(10000*counts/all_gene_library)))	0.585	1.0
PDAC	GSE278688	06_EXTERNAL	20260922T131800Z_author_identity_v4	PDAC_author_cell_identity_v4	sc_expression_source	NA	NA	SMYD3	author_source_label	2	13	equal_donor_mean_cellwise_log1p10k	NA	NA	NA	NA	NA	SC_SOURCE_DESCRIPTIVE	NA	NOT_EVALUABLE	GENE_MISSING_OR_LT3_ELIGIBLE_LABELS	GSE278688	UniProtKB:Q9H7B4	primary_tumor	Schwann	12	2	221	154	NA	NA	NA	NA	Author labels,predeclared coarse mapping	mean_donor(mean_cell(log1p(10000*counts/all_gene_library)))	NA	NA
PDAC	GSE278688	06_EXTERNAL	20260922T131800Z_author_identity_v4	PDAC_author_cell_identity_v4	sc_expression_source	NA	NA	SMYD3	author_source_label	13	13	equal_donor_mean_cellwise_log1p10k	0.1964902375847318	NA	NA	NA	NA	SC_SOURCE_DESCRIPTIVE	NA	DONE	Donor-equal descriptive expression	GSE278688	UniProtKB:Q9H7B4	primary_tumor	T/NK	13	13	42168	42168	0.1436222791895139	0.1243503483896236	0.1183557519824084	0.1727575545586626	Author labels,predeclared coarse mapping	mean_donor(mean_cell(log1p(10000*counts/all_gene_library)))	0.0	0.7350566462455866
PDAC	GSE278688	06_EXTERNAL	20260922T131800Z_author_identity_v4	PDAC_author_cell_identity_v4	sc_expression_source	NA	NA	SMYD4	author_source_label	2	13	equal_donor_mean_cellwise_log1p10k	NA	NA	NA	NA	NA	SC_SOURCE_DESCRIPTIVE	NA	NOT_EVALUABLE	GENE_MISSING_OR_LT3_ELIGIBLE_LABELS	GSE278688	UniProtKB:Q8IYR2	primary_tumor	Acinar	7	2	284	245	NA	NA	NA	NA	Author labels,predeclared coarse mapping	mean_donor(mean_cell(log1p(10000*counts/all_gene_library)))	NA	NA
PDAC	GSE278688	06_EXTERNAL	20260922T131800Z_author_identity_v4	PDAC_author_cell_identity_v4	sc_expression_source	NA	NA	SMYD4	author_source_label	11	13	equal_donor_mean_cellwise_log1p10k	0.0522388620768161	NA	NA	NA	NA	SC_SOURCE_DESCRIPTIVE	NA	DONE	Donor-equal descriptive expression	GSE278688	UniProtKB:Q8IYR2	primary_tumor	B/Plasma	13	11	7721	7703	0.0393569075517869	0.0531347269323456	0.0334871523579016	0.0704214460645044	Author labels,predeclared coarse mapping	mean_donor(mean_cell(log1p(10000*counts/all_gene_library)))	0.0	0.61020402735447
PDAC	GSE278688	06_EXTERNAL	20260922T131800Z_author_identity_v4	PDAC_author_cell_identity_v4	sc_expression_source	NA	NA	SMYD4	author_source_label	0	13	equal_donor_mean_cellwise_log1p10k	NA	NA	NA	NA	NA	SC_SOURCE_DESCRIPTIVE	NA	NOT_EVALUABLE	GENE_MISSING_OR_LT3_ELIGIBLE_LABELS	GSE278688	UniProtKB:Q8IYR2	primary_tumor	Endocrine	12	0	37	0	NA	NA	NA	NA	Author labels,predeclared coarse mapping	mean_donor(mean_cell(log1p(10000*counts/all_gene_library)))	NA	NA
PDAC	GSE278688	06_EXTERNAL	20260922T131800Z_author_identity_v4	PDAC_author_cell_identity_v4	sc_expression_source	NA	NA	SMYD4	author_source_label	13	13	equal_donor_mean_cellwise_log1p10k	0.0827086772171646	NA	NA	NA	NA	SC_SOURCE_DESCRIPTIVE	NA	DONE	Donor-equal descriptive expression	GSE278688	UniProtKB:Q8IYR2	primary_tumor	Endothelial	13	13	2011	2011	0.0824556683981939	0.0741605253930274	0.0595151356514815	0.1143234307256279	Author labels,predeclared coarse mapping	mean_donor(mean_cell(log1p(10000*counts/all_gene_library)))	0.353	0.9661230342433748
PDAC	GSE278688	06_EXTERNAL	20260922T131800Z_author_identity_v4	PDAC_author_cell_identity_v4	sc_expression_source	NA	NA	SMYD4	author_source_label	12	13	equal_donor_mean_cellwise_log1p10k	0.0336314965826155	NA	NA	NA	NA	SC_SOURCE_DESCRIPTIVE	NA	DONE	Donor-equal descriptive expression	GSE278688	UniProtKB:Q8IYR2	primary_tumor	Ductal (unresolved)	13	12	8370	8351	0.0333374640230481	0.0315332499213594	0.0225575213392521	0.0476861126190468	Author labels,predeclared coarse mapping	mean_donor(mean_cell(log1p(10000*counts/all_gene_library)))	0.0	0.39285072156611706
PDAC	GSE278688	06_EXTERNAL	20260922T131800Z_author_identity_v4	PDAC_author_cell_identity_v4	sc_expression_source	NA	NA	SMYD4	author_source_label	13	13	equal_donor_mean_cellwise_log1p10k	0.0856088451321714	NA	NA	NA	NA	SC_SOURCE_DESCRIPTIVE	NA	DONE	Donor-equal descriptive expression	GSE278688	UniProtKB:Q8IYR2	primary_tumor	Fibroblast/CAF	13	13	4948	4948	0.0971456202553893	0.0928065951247541	0.073891929516808	0.097210810538465	Author labels,predeclared coarse mapping	mean_donor(mean_cell(log1p(10000*counts/all_gene_library)))	0.647	1.0
PDAC	GSE278688	06_EXTERNAL	20260922T131800Z_author_identity_v4	PDAC_author_cell_identity_v4	sc_expression_source	NA	NA	SMYD4	author_source_label	13	13	equal_donor_mean_cellwise_log1p10k	0.0494971898242962	NA	NA	NA	NA	SC_SOURCE_DESCRIPTIVE	NA	DONE	Donor-equal descriptive expression	GSE278688	UniProtKB:Q8IYR2	primary_tumor	Myeloid	13	13	5654	5654	0.0566336062726513	0.0440072341343292	0.0294943372875819	0.0554583547752227	Author labels,predeclared coarse mapping	mean_donor(mean_cell(log1p(10000*counts/all_gene_library)))	0.0	0.5781784551336668
PDAC	GSE278688	06_EXTERNAL	20260922T131800Z_author_identity_v4	PDAC_author_cell_identity_v4	sc_expression_source	NA	NA	SMYD4	author_source_label	2	13	equal_donor_mean_cellwise_log1p10k	NA	NA	NA	NA	NA	SC_SOURCE_DESCRIPTIVE	NA	NOT_EVALUABLE	GENE_MISSING_OR_LT3_ELIGIBLE_LABELS	GSE278688	UniProtKB:Q8IYR2	primary_tumor	Schwann	12	2	221	154	NA	NA	NA	NA	Author labels,predeclared coarse mapping	mean_donor(mean_cell(log1p(10000*counts/all_gene_library)))	NA	NA
PDAC	GSE278688	06_EXTERNAL	20260922T131800Z_author_identity_v4	PDAC_author_cell_identity_v4	sc_expression_source	NA	NA	SMYD4	author_source_label	13	13	equal_donor_mean_cellwise_log1p10k	0.0437530979937672	NA	NA	NA	NA	SC_SOURCE_DESCRIPTIVE	NA	DONE	Donor-equal descriptive expression	GSE278688	UniProtKB:Q8IYR2	primary_tumor	T/NK	13	13	42168	42168	0.0333664234884895	0.0449633065283366	0.0346898621708835	0.0493561319221128	Author labels,predeclared coarse mapping	mean_donor(mean_cell(log1p(10000*counts/all_gene_library)))	0.0	0.511081511801927
PDAC	GSE278688	06_EXTERNAL	20260922T131800Z_author_identity_v4	PDAC_author_cell_identity_v4	sc_expression_source	NA	NA	SMYD5	author_source_label	2	13	equal_donor_mean_cellwise_log1p10k	NA	NA	NA	NA	NA	SC_SOURCE_DESCRIPTIVE	NA	NOT_EVALUABLE	GENE_MISSING_OR_LT3_ELIGIBLE_LABELS	GSE278688	UniProtKB:Q6GMV2	primary_tumor	Acinar	7	2	284	245	NA	NA	NA	NA	Author labels,predeclared coarse mapping	mean_donor(mean_cell(log1p(10000*counts/all_gene_library)))	NA	NA
PDAC	GSE278688	06_EXTERNAL	20260922T131800Z_author_identity_v4	PDAC_author_cell_identity_v4	sc_expression_source	NA	NA	SMYD5	author_source_label	11	13	equal_donor_mean_cellwise_log1p10k	0.0305733797437165	NA	NA	NA	NA	SC_SOURCE_DESCRIPTIVE	NA	DONE	Donor-equal descriptive expression	GSE278688	UniProtKB:Q6GMV2	primary_tumor	B/Plasma	13	11	7721	7703	0.0254195208898271	0.0343333210413877	0.0233847257593064	0.0416529791595339	Author labels,predeclared coarse mapping	mean_donor(mean_cell(log1p(10000*counts/all_gene_library)))	0.008	0.6828683571648042
PDAC	GSE278688	06_EXTERNAL	20260922T131800Z_author_identity_v4	PDAC_author_cell_identity_v4	sc_expression_source	NA	NA	SMYD5	author_source_label	0	13	equal_donor_mean_cellwise_log1p10k	NA	NA	NA	NA	NA	SC_SOURCE_DESCRIPTIVE	NA	NOT_EVALUABLE	GENE_MISSING_OR_LT3_ELIGIBLE_LABELS	GSE278688	UniProtKB:Q6GMV2	primary_tumor	Endocrine	12	0	37	0	NA	NA	NA	NA	Author labels,predeclared coarse mapping	mean_donor(mean_cell(log1p(10000*counts/all_gene_library)))	NA	NA
PDAC	GSE278688	06_EXTERNAL	20260922T131800Z_author_identity_v4	PDAC_author_cell_identity_v4	sc_expression_source	NA	NA	SMYD5	author_source_label	13	13	equal_donor_mean_cellwise_log1p10k	0.0346006908728726	NA	NA	NA	NA	SC_SOURCE_DESCRIPTIVE	NA	DONE	Donor-equal descriptive expression	GSE278688	UniProtKB:Q6GMV2	primary_tumor	Endothelial	13	13	2011	2011	0.0392308903282624	0.0360211283036927	0.0214533425317088	0.0460083963339239	Author labels,predeclared coarse mapping	mean_donor(mean_cell(log1p(10000*counts/all_gene_library)))	0.101	0.7728199214868209
PDAC	GSE278688	06_EXTERNAL	20260922T131800Z_author_identity_v4	PDAC_author_cell_identity_v4	sc_expression_source	NA	NA	SMYD5	author_source_label	12	13	equal_donor_mean_cellwise_log1p10k	0.0447719965684951	NA	NA	NA	NA	SC_SOURCE_DESCRIPTIVE	NA	DONE	Donor-equal descriptive expression	GSE278688	UniProtKB:Q6GMV2	primary_tumor	Ductal (unresolved)	13	12	8370	8351	0.0497874561646914	0.042359134386478	0.0305075081841241	0.0568980961635688	Author labels,predeclared coarse mapping	mean_donor(mean_cell(log1p(10000*counts/all_gene_library)))	0.891	1.0
PDAC	GSE278688	06_EXTERNAL	20260922T131800Z_author_identity_v4	PDAC_author_cell_identity_v4	sc_expression_source	NA	NA	SMYD5	author_source_label	13	13	equal_donor_mean_cellwise_log1p10k	0.0295624149045039	NA	NA	NA	NA	SC_SOURCE_DESCRIPTIVE	NA	DONE	Donor-equal descriptive expression	GSE278688	UniProtKB:Q6GMV2	primary_tumor	Fibroblast/CAF	13	13	4948	4948	0.036462870856696	0.0286011140684138	0.0219067375901555	0.0341535256507068	Author labels,predeclared coarse mapping	mean_donor(mean_cell(log1p(10000*counts/all_gene_library)))	0.0	0.6602880633048697
PDAC	GSE278688	06_EXTERNAL	20260922T131800Z_author_identity_v4	PDAC_author_cell_identity_v4	sc_expression_source	NA	NA	SMYD5	author_source_label	13	13	equal_donor_mean_cellwise_log1p10k	0.0165453773860053	NA	NA	NA	NA	SC_SOURCE_DESCRIPTIVE	NA	DONE	Donor-equal descriptive expression	GSE278688	UniProtKB:Q6GMV2	primary_tumor	Myeloid	13	13	5654	5654	0.0219007315484224	0.0122910297580014	0.0101555825814646	0.0241633532294642	Author labels,predeclared coarse mapping	mean_donor(mean_cell(log1p(10000*counts/all_gene_library)))	0.0	0.36954745497429653
PDAC	GSE278688	06_EXTERNAL	20260922T131800Z_author_identity_v4	PDAC_author_cell_identity_v4	sc_expression_source	NA	NA	SMYD5	author_source_label	2	13	equal_donor_mean_cellwise_log1p10k	NA	NA	NA	NA	NA	SC_SOURCE_DESCRIPTIVE	NA	NOT_EVALUABLE	GENE_MISSING_OR_LT3_ELIGIBLE_LABELS	GSE278688	UniProtKB:Q6GMV2	primary_tumor	Schwann	12	2	221	154	NA	NA	NA	NA	Author labels,predeclared coarse mapping	mean_donor(mean_cell(log1p(10000*counts/all_gene_library)))	NA	NA
PDAC	GSE278688	06_EXTERNAL	20260922T131800Z_author_identity_v4	PDAC_author_cell_identity_v4	sc_expression_source	NA	NA	SMYD5	author_source_label	13	13	equal_donor_mean_cellwise_log1p10k	0.0197283214681745	NA	NA	NA	NA	SC_SOURCE_DESCRIPTIVE	NA	DONE	Donor-equal descriptive expression	GSE278688	UniProtKB:Q6GMV2	primary_tumor	T/NK	13	13	42168	42168	0.0158602017509826	0.0190652026720839	0.0155690672641404	0.024320154875249	Author labels,predeclared coarse mapping	mean_donor(mean_cell(log1p(10000*counts/all_gene_library)))	0.0	0.4406397520823722
PDAC	GSE278688	06_EXTERNAL	20260922T131800Z_author_identity_v4	PDAC_author_cell_identity_v4	sc_expression_source	NA	NA	SORD	author_source_label	2	13	equal_donor_mean_cellwise_log1p10k	NA	NA	NA	NA	NA	SC_SOURCE_DESCRIPTIVE	NA	NOT_EVALUABLE	GENE_MISSING_OR_LT3_ELIGIBLE_LABELS	GSE278688	UniProtKB:Q00796	primary_tumor	Acinar	7	2	284	245	NA	NA	NA	NA	Author labels,predeclared coarse mapping	mean_donor(mean_cell(log1p(10000*counts/all_gene_library)))	NA	NA
PDAC	GSE278688	06_EXTERNAL	20260922T131800Z_author_identity_v4	PDAC_author_cell_identity_v4	sc_expression_source	NA	NA	SORD	author_source_label	11	13	equal_donor_mean_cellwise_log1p10k	0.0472594223354673	NA	NA	NA	NA	SC_SOURCE_DESCRIPTIVE	NA	DONE	Donor-equal descriptive expression	GSE278688	UniProtKB:Q00796	primary_tumor	B/Plasma	13	11	7721	7703	0.0367154454111881	0.0523893942880017	0.0312362358991119	0.0556441875489443	Author labels,predeclared coarse mapping	mean_donor(mean_cell(log1p(10000*counts/all_gene_library)))	0.0	0.3015529026134794
PDAC	GSE278688	06_EXTERNAL	20260922T131800Z_author_identity_v4	PDAC_author_cell_identity_v4	sc_expression_source	NA	NA	SORD	author_source_label	0	13	equal_donor_mean_cellwise_log1p10k	NA	NA	NA	NA	NA	SC_SOURCE_DESCRIPTIVE	NA	NOT_EVALUABLE	GENE_MISSING_OR_LT3_ELIGIBLE_LABELS	GSE278688	UniProtKB:Q00796	primary_tumor	Endocrine	12	0	37	0	NA	NA	NA	NA	Author labels,predeclared coarse mapping	mean_donor(mean_cell(log1p(10000*counts/all_gene_library)))	NA	NA
PDAC	GSE278688	06_EXTERNAL	20260922T131800Z_author_identity_v4	PDAC_author_cell_identity_v4	sc_expression_source	NA	NA	SORD	author_source_label	13	13	equal_donor_mean_cellwise_log1p10k	0.023387546207297	NA	NA	NA	NA	SC_SOURCE_DESCRIPTIVE	NA	DONE	Donor-equal descriptive expression	GSE278688	UniProtKB:Q00796	primary_tumor	Endothelial	13	13	2011	2011	0.0322562583712012	0.0235965920478022	0.0134961358617371	0.0295440632354984	Author labels,predeclared coarse mapping	mean_donor(mean_cell(log1p(10000*counts/all_gene_library)))	0.0	0.14923124522672068
PDAC	GSE278688	06_EXTERNAL	20260922T131800Z_author_identity_v4	PDAC_author_cell_identity_v4	sc_expression_source	NA	NA	SORD	author_source_label	12	13	equal_donor_mean_cellwise_log1p10k	0.1567201705766463	NA	NA	NA	NA	SC_SOURCE_DESCRIPTIVE	NA	DONE	Donor-equal descriptive expression	GSE278688	UniProtKB:Q00796	primary_tumor	Ductal (unresolved)	13	12	8370	8351	0.1453313702776547	0.1393279930858533	0.1089373509720835	0.1983915756555478	Author labels,predeclared coarse mapping	mean_donor(mean_cell(log1p(10000*counts/all_gene_library)))	1.0	1.0
PDAC	GSE278688	06_EXTERNAL	20260922T131800Z_author_identity_v4	PDAC_author_cell_identity_v4	sc_expression_source	NA	NA	SORD	author_source_label	13	13	equal_donor_mean_cellwise_log1p10k	0.0486502943758601	NA	NA	NA	NA	SC_SOURCE_DESCRIPTIVE	NA	DONE	Donor-equal descriptive expression	GSE278688	UniProtKB:Q00796	primary_tumor	Fibroblast/CAF	13	13	4948	4948	0.0636272375676357	0.042698401158462	0.0399082014382579	0.0612478981841063	Author labels,predeclared coarse mapping	mean_donor(mean_cell(log1p(10000*counts/all_gene_library)))	0.0	0.3104277783571385
PDAC	GSE278688	06_EXTERNAL	20260922T131800Z_author_identity_v4	PDAC_author_cell_identity_v4	sc_expression_source	NA	NA	SORD	author_source_label	13	13	equal_donor_mean_cellwise_log1p10k	0.0586207299340596	NA	NA	NA	NA	SC_SOURCE_DESCRIPTIVE	NA	DONE	Donor-equal descriptive expression	GSE278688	UniProtKB:Q00796	primary_tumor	Myeloid	13	13	5654	5654	0.0702070200662245	0.0539719930295437	0.0477520962880331	0.0697082976050729	Author labels,predeclared coarse mapping	mean_donor(mean_cell(log1p(10000*counts/all_gene_library)))	0.0	0.3740471294688278
PDAC	GSE278688	06_EXTERNAL	20260922T131800Z_author_identity_v4	PDAC_author_cell_identity_v4	sc_expression_source	NA	NA	SORD	author_source_label	2	13	equal_donor_mean_cellwise_log1p10k	NA	NA	NA	NA	NA	SC_SOURCE_DESCRIPTIVE	NA	NOT_EVALUABLE	GENE_MISSING_OR_LT3_ELIGIBLE_LABELS	GSE278688	UniProtKB:Q00796	primary_tumor	Schwann	12	2	221	154	NA	NA	NA	NA	Author labels,predeclared coarse mapping	mean_donor(mean_cell(log1p(10000*counts/all_gene_library)))	NA	NA
PDAC	GSE278688	06_EXTERNAL	20260922T131800Z_author_identity_v4	PDAC_author_cell_identity_v4	sc_expression_source	NA	NA	SORD	author_source_label	13	13	equal_donor_mean_cellwise_log1p10k	0.020680094606166	NA	NA	NA	NA	SC_SOURCE_DESCRIPTIVE	NA	DONE	Donor-equal descriptive expression	GSE278688	UniProtKB:Q00796	primary_tumor	T/NK	13	13	42168	42168	0.0168610800286336	0.0206250653306225	0.0161238361351946	0.0234862319283096	Author labels,predeclared coarse mapping	mean_donor(mean_cell(log1p(10000*counts/all_gene_library)))	0.0	0.13195553916304661
PDAC	GSE278688	06_EXTERNAL	20260922T131800Z_author_identity_v4	PDAC_author_cell_identity_v4	sc_expression_source	NA	NA	SPOUT1	author_source_label	2	13	equal_donor_mean_cellwise_log1p10k	NA	NA	NA	NA	NA	SC_SOURCE_DESCRIPTIVE	NA	NOT_EVALUABLE	GENE_MISSING_OR_LT3_ELIGIBLE_LABELS	GSE278688	UniProtKB:Q5T280	primary_tumor	Acinar	7	2	284	245	NA	NA	NA	NA	Author labels,predeclared coarse mapping	mean_donor(mean_cell(log1p(10000*counts/all_gene_library)))	NA	NA
PDAC	GSE278688	06_EXTERNAL	20260922T131800Z_author_identity_v4	PDAC_author_cell_identity_v4	sc_expression_source	NA	NA	SPOUT1	author_source_label	11	13	equal_donor_mean_cellwise_log1p10k	0.062955233769473	NA	NA	NA	NA	SC_SOURCE_DESCRIPTIVE	NA	DONE	Donor-equal descriptive expression	GSE278688	UniProtKB:Q5T280	primary_tumor	B/Plasma	13	11	7721	7703	0.0534081994499297	0.0553040724593176	0.0515486747441855	0.0817154534697548	Author labels,predeclared coarse mapping	mean_donor(mean_cell(log1p(10000*counts/all_gene_library)))	0.054	0.9368089586823697
PDAC	GSE278688	06_EXTERNAL	20260922T131800Z_author_identity_v4	PDAC_author_cell_identity_v4	sc_expression_source	NA	NA	SPOUT1	author_source_label	0	13	equal_donor_mean_cellwise_log1p10k	NA	NA	NA	NA	NA	SC_SOURCE_DESCRIPTIVE	NA	NOT_EVALUABLE	GENE_MISSING_OR_LT3_ELIGIBLE_LABELS	GSE278688	UniProtKB:Q5T280	primary_tumor	Endocrine	12	0	37	0	NA	NA	NA	NA	Author labels,predeclared coarse mapping	mean_donor(mean_cell(log1p(10000*counts/all_gene_library)))	NA	NA
PDAC	GSE278688	06_EXTERNAL	20260922T131800Z_author_identity_v4	PDAC_author_cell_identity_v4	sc_expression_source	NA	NA	SPOUT1	author_source_label	13	13	equal_donor_mean_cellwise_log1p10k	0.0672017845111346	NA	NA	NA	NA	SC_SOURCE_DESCRIPTIVE	NA	DONE	Donor-equal descriptive expression	GSE278688	UniProtKB:Q5T280	primary_tumor	Endothelial	13	13	2011	2011	0.0800276855121357	0.0694220709838067	0.0580390643978701	0.0756558247751107	Author labels,predeclared coarse mapping	mean_donor(mean_cell(log1p(10000*counts/all_gene_library)))	0.357	1.0
PDAC	GSE278688	06_EXTERNAL	20260922T131800Z_author_identity_v4	PDAC_author_cell_identity_v4	sc_expression_source	NA	NA	SPOUT1	author_source_label	12	13	equal_donor_mean_cellwise_log1p10k	0.0668793763791462	NA	NA	NA	NA	SC_SOURCE_DESCRIPTIVE	NA	DONE	Donor-equal descriptive expression	GSE278688	UniProtKB:Q5T280	primary_tumor	Ductal (unresolved)	13	12	8370	8351	0.0717877382208137	0.074158724908435	0.0386113433979678	0.094478258346618	Author labels,predeclared coarse mapping	mean_donor(mean_cell(log1p(10000*counts/all_gene_library)))	0.353	0.9952023873423336
PDAC	GSE278688	06_EXTERNAL	20260922T131800Z_author_identity_v4	PDAC_author_cell_identity_v4	sc_expression_source	NA	NA	SPOUT1	author_source_label	13	13	equal_donor_mean_cellwise_log1p10k	0.0612297081098909	NA	NA	NA	NA	SC_SOURCE_DESCRIPTIVE	NA	DONE	Donor-equal descriptive expression	GSE278688	UniProtKB:Q5T280	primary_tumor	Fibroblast/CAF	13	13	4948	4948	0.0752321907806165	0.0536297268339843	0.0489827025217798	0.0692634855854761	Author labels,predeclared coarse mapping	mean_donor(mean_cell(log1p(10000*counts/all_gene_library)))	0.089	0.911132175362781
PDAC	GSE278688	06_EXTERNAL	20260922T131800Z_author_identity_v4	PDAC_author_cell_identity_v4	sc_expression_source	NA	NA	SPOUT1	author_source_label	13	13	equal_donor_mean_cellwise_log1p10k	0.0524171065857226	NA	NA	NA	NA	SC_SOURCE_DESCRIPTIVE	NA	DONE	Donor-equal descriptive expression	GSE278688	UniProtKB:Q5T280	primary_tumor	Myeloid	13	13	5654	5654	0.0620751562541699	0.0456469234419536	0.0393530707851	0.0664390347314175	Author labels,predeclared coarse mapping	mean_donor(mean_cell(log1p(10000*counts/all_gene_library)))	0.0	0.7799957540865252
PDAC	GSE278688	06_EXTERNAL	20260922T131800Z_author_identity_v4	PDAC_author_cell_identity_v4	sc_expression_source	NA	NA	SPOUT1	author_source_label	2	13	equal_donor_mean_cellwise_log1p10k	NA	NA	NA	NA	NA	SC_SOURCE_DESCRIPTIVE	NA	NOT_EVALUABLE	GENE_MISSING_OR_LT3_ELIGIBLE_LABELS	GSE278688	UniProtKB:Q5T280	primary_tumor	Schwann	12	2	221	154	NA	NA	NA	NA	Author labels,predeclared coarse mapping	mean_donor(mean_cell(log1p(10000*counts/all_gene_library)))	NA	NA
PDAC	GSE278688	06_EXTERNAL	20260922T131800Z_author_identity_v4	PDAC_author_cell_identity_v4	sc_expression_source	NA	NA	SPOUT1	author_source_label	13	13	equal_donor_mean_cellwise_log1p10k	0.0664411430627585	NA	NA	NA	NA	SC_SOURCE_DESCRIPTIVE	NA	DONE	Donor-equal descriptive expression	GSE278688	UniProtKB:Q5T280	primary_tumor	T/NK	13	13	42168	42168	0.0527053159244121	0.0727869687734419	0.0480439423431069	0.0758425438277947	Author labels,predeclared coarse mapping	mean_donor(mean_cell(log1p(10000*counts/all_gene_library)))	0.147	0.988681231400186
