cancer	cohort	stage_id	run_id	analysis_version	analysis_type	metabolite_key	metabolite_name	gene	unit	n	n_reference	effect_type	effect	ci_lower	ci_upper	p_value	q_value	test_family	family_n_evaluable	status	reason	source_id	stable_gene_id	partition	celltype	n_source_labels_total	n_source_labels_eligible	n_cells_total	n_cells_eligible	mean_detection_fraction	median_donor_mean	q25	q75	annotation_origin	normalization	bootstrap_first_frequency	row_scaled
PDAC	GSE278688	06_EXTERNAL	20260922T131800Z_author_identity_v4	PDAC_author_cell_identity_v4	sc_expression_source	NA	NA	SLC28A1	author_source_label	2	13	equal_donor_mean_cellwise_log1p10k	NA	NA	NA	NA	NA	SC_SOURCE_DESCRIPTIVE	NA	NOT_EVALUABLE	GENE_MISSING_OR_LT3_ELIGIBLE_LABELS	GSE278688	UniProtKB:O00337	primary_tumor	Acinar	7	2	284	245	NA	NA	NA	NA	Author labels,predeclared coarse mapping	mean_donor(mean_cell(log1p(10000*counts/all_gene_library)))	NA	NA
PDAC	GSE278688	06_EXTERNAL	20260922T131800Z_author_identity_v4	PDAC_author_cell_identity_v4	sc_expression_source	NA	NA	SLC28A1	author_source_label	11	13	equal_donor_mean_cellwise_log1p10k	0.0	NA	NA	NA	NA	SC_SOURCE_DESCRIPTIVE	NA	DONE	Donor-equal descriptive expression	GSE278688	UniProtKB:O00337	primary_tumor	B/Plasma	13	11	7721	7703	0.0	0.0	0.0	0.0	Author labels,predeclared coarse mapping	mean_donor(mean_cell(log1p(10000*counts/all_gene_library)))	NA	0.0
PDAC	GSE278688	06_EXTERNAL	20260922T131800Z_author_identity_v4	PDAC_author_cell_identity_v4	sc_expression_source	NA	NA	SLC28A1	author_source_label	0	13	equal_donor_mean_cellwise_log1p10k	NA	NA	NA	NA	NA	SC_SOURCE_DESCRIPTIVE	NA	NOT_EVALUABLE	GENE_MISSING_OR_LT3_ELIGIBLE_LABELS	GSE278688	UniProtKB:O00337	primary_tumor	Endocrine	12	0	37	0	NA	NA	NA	NA	Author labels,predeclared coarse mapping	mean_donor(mean_cell(log1p(10000*counts/all_gene_library)))	NA	NA
PDAC	GSE278688	06_EXTERNAL	20260922T131800Z_author_identity_v4	PDAC_author_cell_identity_v4	sc_expression_source	NA	NA	SLC28A1	author_source_label	13	13	equal_donor_mean_cellwise_log1p10k	0.0003329570192266	NA	NA	NA	NA	SC_SOURCE_DESCRIPTIVE	NA	DONE	Donor-equal descriptive expression	GSE278688	UniProtKB:O00337	primary_tumor	Endothelial	13	13	2011	2011	0.0003544842254519	0.0	0.0	0.0	Author labels,predeclared coarse mapping	mean_donor(mean_cell(log1p(10000*counts/all_gene_library)))	NA	0.30761964699864774
PDAC	GSE278688	06_EXTERNAL	20260922T131800Z_author_identity_v4	PDAC_author_cell_identity_v4	sc_expression_source	NA	NA	SLC28A1	author_source_label	12	13	equal_donor_mean_cellwise_log1p10k	0.0010823659102244	NA	NA	NA	NA	SC_SOURCE_DESCRIPTIVE	NA	DONE	Donor-equal descriptive expression	GSE278688	UniProtKB:O00337	primary_tumor	Ductal (unresolved)	13	12	8370	8351	0.0013666153188004	0.0	0.0	0.0006874210805629	Author labels,predeclared coarse mapping	mean_donor(mean_cell(log1p(10000*counts/all_gene_library)))	NA	1.0
PDAC	GSE278688	06_EXTERNAL	20260922T131800Z_author_identity_v4	PDAC_author_cell_identity_v4	sc_expression_source	NA	NA	SLC28A1	author_source_label	13	13	equal_donor_mean_cellwise_log1p10k	0.0008024157851422	NA	NA	NA	NA	SC_SOURCE_DESCRIPTIVE	NA	DONE	Donor-equal descriptive expression	GSE278688	UniProtKB:O00337	primary_tumor	Fibroblast/CAF	13	13	4948	4948	0.0009734313305741	0.0	0.0	0.0	Author labels,predeclared coarse mapping	mean_donor(mean_cell(log1p(10000*counts/all_gene_library)))	NA	0.7413535270857156
PDAC	GSE278688	06_EXTERNAL	20260922T131800Z_author_identity_v4	PDAC_author_cell_identity_v4	sc_expression_source	NA	NA	SLC28A1	author_source_label	13	13	equal_donor_mean_cellwise_log1p10k	0.0006744628492979	NA	NA	NA	NA	SC_SOURCE_DESCRIPTIVE	NA	DONE	Donor-equal descriptive expression	GSE278688	UniProtKB:O00337	primary_tumor	Myeloid	13	13	5654	5654	0.0006313131313131	0.0	0.0	0.0	Author labels,predeclared coarse mapping	mean_donor(mean_cell(log1p(10000*counts/all_gene_library)))	NA	0.6231375572037999
PDAC	GSE278688	06_EXTERNAL	20260922T131800Z_author_identity_v4	PDAC_author_cell_identity_v4	sc_expression_source	NA	NA	SLC28A1	author_source_label	2	13	equal_donor_mean_cellwise_log1p10k	NA	NA	NA	NA	NA	SC_SOURCE_DESCRIPTIVE	NA	NOT_EVALUABLE	GENE_MISSING_OR_LT3_ELIGIBLE_LABELS	GSE278688	UniProtKB:O00337	primary_tumor	Schwann	12	2	221	154	NA	NA	NA	NA	Author labels,predeclared coarse mapping	mean_donor(mean_cell(log1p(10000*counts/all_gene_library)))	NA	NA
PDAC	GSE278688	06_EXTERNAL	20260922T131800Z_author_identity_v4	PDAC_author_cell_identity_v4	sc_expression_source	NA	NA	SLC28A1	author_source_label	13	13	equal_donor_mean_cellwise_log1p10k	0.0	NA	NA	NA	NA	SC_SOURCE_DESCRIPTIVE	NA	DONE	Donor-equal descriptive expression	GSE278688	UniProtKB:O00337	primary_tumor	T/NK	13	13	42168	42168	0.0	0.0	0.0	0.0	Author labels,predeclared coarse mapping	mean_donor(mean_cell(log1p(10000*counts/all_gene_library)))	NA	0.0
PDAC	GSE278688	06_EXTERNAL	20260922T131800Z_author_identity_v4	PDAC_author_cell_identity_v4	sc_expression_source	NA	NA	SLC28A2	author_source_label	2	13	equal_donor_mean_cellwise_log1p10k	NA	NA	NA	NA	NA	SC_SOURCE_DESCRIPTIVE	NA	NOT_EVALUABLE	GENE_MISSING_OR_LT3_ELIGIBLE_LABELS	GSE278688	UniProtKB:O43868	primary_tumor	Acinar	7	2	284	245	NA	NA	NA	NA	Author labels,predeclared coarse mapping	mean_donor(mean_cell(log1p(10000*counts/all_gene_library)))	NA	NA
PDAC	GSE278688	06_EXTERNAL	20260922T131800Z_author_identity_v4	PDAC_author_cell_identity_v4	sc_expression_source	NA	NA	SLC28A2	author_source_label	11	13	equal_donor_mean_cellwise_log1p10k	0.0	NA	NA	NA	NA	SC_SOURCE_DESCRIPTIVE	NA	DONE	Donor-equal descriptive expression	GSE278688	UniProtKB:O43868	primary_tumor	B/Plasma	13	11	7721	7703	0.0	0.0	0.0	0.0	Author labels,predeclared coarse mapping	mean_donor(mean_cell(log1p(10000*counts/all_gene_library)))	0.0003333333333333	0.0
PDAC	GSE278688	06_EXTERNAL	20260922T131800Z_author_identity_v4	PDAC_author_cell_identity_v4	sc_expression_source	NA	NA	SLC28A2	author_source_label	0	13	equal_donor_mean_cellwise_log1p10k	NA	NA	NA	NA	NA	SC_SOURCE_DESCRIPTIVE	NA	NOT_EVALUABLE	GENE_MISSING_OR_LT3_ELIGIBLE_LABELS	GSE278688	UniProtKB:O43868	primary_tumor	Endocrine	12	0	37	0	NA	NA	NA	NA	Author labels,predeclared coarse mapping	mean_donor(mean_cell(log1p(10000*counts/all_gene_library)))	NA	NA
PDAC	GSE278688	06_EXTERNAL	20260922T131800Z_author_identity_v4	PDAC_author_cell_identity_v4	sc_expression_source	NA	NA	SLC28A2	author_source_label	13	13	equal_donor_mean_cellwise_log1p10k	0.0007144497478705	NA	NA	NA	NA	SC_SOURCE_DESCRIPTIVE	NA	DONE	Donor-equal descriptive expression	GSE278688	UniProtKB:O43868	primary_tumor	Endothelial	13	13	2011	2011	0.00069952432346	0.0	0.0	0.0	Author labels,predeclared coarse mapping	mean_donor(mean_cell(log1p(10000*counts/all_gene_library)))	0.0003333333333333	0.03780945503647099
PDAC	GSE278688	06_EXTERNAL	20260922T131800Z_author_identity_v4	PDAC_author_cell_identity_v4	sc_expression_source	NA	NA	SLC28A2	author_source_label	12	13	equal_donor_mean_cellwise_log1p10k	0.0188960604478785	NA	NA	NA	NA	SC_SOURCE_DESCRIPTIVE	NA	DONE	Donor-equal descriptive expression	GSE278688	UniProtKB:O43868	primary_tumor	Ductal (unresolved)	13	12	8370	8351	0.0130261894154687	0.0	0.0	0.0227416430435853	Author labels,predeclared coarse mapping	mean_donor(mean_cell(log1p(10000*counts/all_gene_library)))	0.9983333333333334	1.0
PDAC	GSE278688	06_EXTERNAL	20260922T131800Z_author_identity_v4	PDAC_author_cell_identity_v4	sc_expression_source	NA	NA	SLC28A2	author_source_label	13	13	equal_donor_mean_cellwise_log1p10k	0.000230539329887	NA	NA	NA	NA	SC_SOURCE_DESCRIPTIVE	NA	DONE	Donor-equal descriptive expression	GSE278688	UniProtKB:O43868	primary_tumor	Fibroblast/CAF	13	13	4948	4948	0.0001788908765652	0.0	0.0	0.0	Author labels,predeclared coarse mapping	mean_donor(mean_cell(log1p(10000*counts/all_gene_library)))	0.0003333333333333	0.012200391215031444
PDAC	GSE278688	06_EXTERNAL	20260922T131800Z_author_identity_v4	PDAC_author_cell_identity_v4	sc_expression_source	NA	NA	SLC28A2	author_source_label	13	13	equal_donor_mean_cellwise_log1p10k	3.428153338886798e-05	NA	NA	NA	NA	SC_SOURCE_DESCRIPTIVE	NA	DONE	Donor-equal descriptive expression	GSE278688	UniProtKB:O43868	primary_tumor	Myeloid	13	13	5654	5654	5.467169646274124e-05	0.0	0.0	0.0	Author labels,predeclared coarse mapping	mean_donor(mean_cell(log1p(10000*counts/all_gene_library)))	0.0003333333333333	0.0018142159040731073
PDAC	GSE278688	06_EXTERNAL	20260922T131800Z_author_identity_v4	PDAC_author_cell_identity_v4	sc_expression_source	NA	NA	SLC28A2	author_source_label	2	13	equal_donor_mean_cellwise_log1p10k	NA	NA	NA	NA	NA	SC_SOURCE_DESCRIPTIVE	NA	NOT_EVALUABLE	GENE_MISSING_OR_LT3_ELIGIBLE_LABELS	GSE278688	UniProtKB:O43868	primary_tumor	Schwann	12	2	221	154	NA	NA	NA	NA	Author labels,predeclared coarse mapping	mean_donor(mean_cell(log1p(10000*counts/all_gene_library)))	NA	NA
PDAC	GSE278688	06_EXTERNAL	20260922T131800Z_author_identity_v4	PDAC_author_cell_identity_v4	sc_expression_source	NA	NA	SLC28A2	author_source_label	13	13	equal_donor_mean_cellwise_log1p10k	2.1996101030272785e-05	NA	NA	NA	NA	SC_SOURCE_DESCRIPTIVE	NA	DONE	Donor-equal descriptive expression	GSE278688	UniProtKB:O43868	primary_tumor	T/NK	13	13	42168	42168	2.3574341686508404e-05	0.0	0.0	0.0	Author labels,predeclared coarse mapping	mean_donor(mean_cell(log1p(10000*counts/all_gene_library)))	0.0003333333333333	0.0011640575076982426
PDAC	GSE278688	06_EXTERNAL	20260922T131800Z_author_identity_v4	PDAC_author_cell_identity_v4	sc_expression_source	NA	NA	SLC28A3	author_source_label	2	13	equal_donor_mean_cellwise_log1p10k	NA	NA	NA	NA	NA	SC_SOURCE_DESCRIPTIVE	NA	NOT_EVALUABLE	GENE_MISSING_OR_LT3_ELIGIBLE_LABELS	GSE278688	UniProtKB:Q9HAS3	primary_tumor	Acinar	7	2	284	245	NA	NA	NA	NA	Author labels,predeclared coarse mapping	mean_donor(mean_cell(log1p(10000*counts/all_gene_library)))	NA	NA
PDAC	GSE278688	06_EXTERNAL	20260922T131800Z_author_identity_v4	PDAC_author_cell_identity_v4	sc_expression_source	NA	NA	SLC28A3	author_source_label	11	13	equal_donor_mean_cellwise_log1p10k	0.0012356325349195	NA	NA	NA	NA	SC_SOURCE_DESCRIPTIVE	NA	DONE	Donor-equal descriptive expression	GSE278688	UniProtKB:Q9HAS3	primary_tumor	B/Plasma	13	11	7721	7703	0.0010366550642808	0.0	0.0	0.0003648521728715	Author labels,predeclared coarse mapping	mean_donor(mean_cell(log1p(10000*counts/all_gene_library)))	0.0	0.00883887679024065
PDAC	GSE278688	06_EXTERNAL	20260922T131800Z_author_identity_v4	PDAC_author_cell_identity_v4	sc_expression_source	NA	NA	SLC28A3	author_source_label	0	13	equal_donor_mean_cellwise_log1p10k	NA	NA	NA	NA	NA	SC_SOURCE_DESCRIPTIVE	NA	NOT_EVALUABLE	GENE_MISSING_OR_LT3_ELIGIBLE_LABELS	GSE278688	UniProtKB:Q9HAS3	primary_tumor	Endocrine	12	0	37	0	NA	NA	NA	NA	Author labels,predeclared coarse mapping	mean_donor(mean_cell(log1p(10000*counts/all_gene_library)))	NA	NA
PDAC	GSE278688	06_EXTERNAL	20260922T131800Z_author_identity_v4	PDAC_author_cell_identity_v4	sc_expression_source	NA	NA	SLC28A3	author_source_label	13	13	equal_donor_mean_cellwise_log1p10k	0.0008502235247248	NA	NA	NA	NA	SC_SOURCE_DESCRIPTIVE	NA	DONE	Donor-equal descriptive expression	GSE278688	UniProtKB:Q9HAS3	primary_tumor	Endothelial	13	13	2011	2011	0.0009264030129841	0.0	0.0	0.0	Author labels,predeclared coarse mapping	mean_donor(mean_cell(log1p(10000*counts/all_gene_library)))	0.0	0.00608192222754658
PDAC	GSE278688	06_EXTERNAL	20260922T131800Z_author_identity_v4	PDAC_author_cell_identity_v4	sc_expression_source	NA	NA	SLC28A3	author_source_label	12	13	equal_donor_mean_cellwise_log1p10k	0.1397951984446497	NA	NA	NA	NA	SC_SOURCE_DESCRIPTIVE	NA	DONE	Donor-equal descriptive expression	GSE278688	UniProtKB:Q9HAS3	primary_tumor	Ductal (unresolved)	13	12	8370	8351	0.1266221589795514	0.1211538472539411	0.0855950792520658	0.1656528438834515	Author labels,predeclared coarse mapping	mean_donor(mean_cell(log1p(10000*counts/all_gene_library)))	1.0	1.0
PDAC	GSE278688	06_EXTERNAL	20260922T131800Z_author_identity_v4	PDAC_author_cell_identity_v4	sc_expression_source	NA	NA	SLC28A3	author_source_label	13	13	equal_donor_mean_cellwise_log1p10k	0.0023770180816349	NA	NA	NA	NA	SC_SOURCE_DESCRIPTIVE	NA	DONE	Donor-equal descriptive expression	GSE278688	UniProtKB:Q9HAS3	primary_tumor	Fibroblast/CAF	13	13	4948	4948	0.0033574720327597	0.0025704644627446	0.0	0.0036091027400366	Author labels,predeclared coarse mapping	mean_donor(mean_cell(log1p(10000*counts/all_gene_library)))	0.0	0.017003574572527633
PDAC	GSE278688	06_EXTERNAL	20260922T131800Z_author_identity_v4	PDAC_author_cell_identity_v4	sc_expression_source	NA	NA	SLC28A3	author_source_label	13	13	equal_donor_mean_cellwise_log1p10k	0.0033152375557596	NA	NA	NA	NA	SC_SOURCE_DESCRIPTIVE	NA	DONE	Donor-equal descriptive expression	GSE278688	UniProtKB:Q9HAS3	primary_tumor	Myeloid	13	13	5654	5654	0.0040023980271328	0.0026843788955458	0.0	0.0064931960991535	Author labels,predeclared coarse mapping	mean_donor(mean_cell(log1p(10000*counts/all_gene_library)))	0.0	0.023714960117691242
PDAC	GSE278688	06_EXTERNAL	20260922T131800Z_author_identity_v4	PDAC_author_cell_identity_v4	sc_expression_source	NA	NA	SLC28A3	author_source_label	2	13	equal_donor_mean_cellwise_log1p10k	NA	NA	NA	NA	NA	SC_SOURCE_DESCRIPTIVE	NA	NOT_EVALUABLE	GENE_MISSING_OR_LT3_ELIGIBLE_LABELS	GSE278688	UniProtKB:Q9HAS3	primary_tumor	Schwann	12	2	221	154	NA	NA	NA	NA	Author labels,predeclared coarse mapping	mean_donor(mean_cell(log1p(10000*counts/all_gene_library)))	NA	NA
PDAC	GSE278688	06_EXTERNAL	20260922T131800Z_author_identity_v4	PDAC_author_cell_identity_v4	sc_expression_source	NA	NA	SLC28A3	author_source_label	13	13	equal_donor_mean_cellwise_log1p10k	0.0012672081013417	NA	NA	NA	NA	SC_SOURCE_DESCRIPTIVE	NA	DONE	Donor-equal descriptive expression	GSE278688	UniProtKB:Q9HAS3	primary_tumor	T/NK	13	13	42168	42168	0.0010919437648814	0.0011200424042819	0.0005239792393642	0.0015750113941352	Author labels,predeclared coarse mapping	mean_donor(mean_cell(log1p(10000*counts/all_gene_library)))	0.0	0.009064746968712494
PDAC	GSE278688	06_EXTERNAL	20260922T131800Z_author_identity_v4	PDAC_author_cell_identity_v4	sc_expression_source	NA	NA	SLC29A1	author_source_label	2	13	equal_donor_mean_cellwise_log1p10k	NA	NA	NA	NA	NA	SC_SOURCE_DESCRIPTIVE	NA	NOT_EVALUABLE	GENE_MISSING_OR_LT3_ELIGIBLE_LABELS	GSE278688	UniProtKB:Q99808	primary_tumor	Acinar	7	2	284	245	NA	NA	NA	NA	Author labels,predeclared coarse mapping	mean_donor(mean_cell(log1p(10000*counts/all_gene_library)))	NA	NA
PDAC	GSE278688	06_EXTERNAL	20260922T131800Z_author_identity_v4	PDAC_author_cell_identity_v4	sc_expression_source	NA	NA	SLC29A1	author_source_label	11	13	equal_donor_mean_cellwise_log1p10k	0.0361022252230697	NA	NA	NA	NA	SC_SOURCE_DESCRIPTIVE	NA	DONE	Donor-equal descriptive expression	GSE278688	UniProtKB:Q99808	primary_tumor	B/Plasma	13	11	7721	7703	0.0361365338601916	0.0303069541075886	0.0239749465666655	0.0382741449298609	Author labels,predeclared coarse mapping	mean_donor(mean_cell(log1p(10000*counts/all_gene_library)))	0.0	0.06746123007813276
PDAC	GSE278688	06_EXTERNAL	20260922T131800Z_author_identity_v4	PDAC_author_cell_identity_v4	sc_expression_source	NA	NA	SLC29A1	author_source_label	0	13	equal_donor_mean_cellwise_log1p10k	NA	NA	NA	NA	NA	SC_SOURCE_DESCRIPTIVE	NA	NOT_EVALUABLE	GENE_MISSING_OR_LT3_ELIGIBLE_LABELS	GSE278688	UniProtKB:Q99808	primary_tumor	Endocrine	12	0	37	0	NA	NA	NA	NA	Author labels,predeclared coarse mapping	mean_donor(mean_cell(log1p(10000*counts/all_gene_library)))	NA	NA
PDAC	GSE278688	06_EXTERNAL	20260922T131800Z_author_identity_v4	PDAC_author_cell_identity_v4	sc_expression_source	NA	NA	SLC29A1	author_source_label	13	13	equal_donor_mean_cellwise_log1p10k	0.5351551577292106	NA	NA	NA	NA	SC_SOURCE_DESCRIPTIVE	NA	DONE	Donor-equal descriptive expression	GSE278688	UniProtKB:Q99808	primary_tumor	Endothelial	13	13	2011	2011	0.4471113220374917	0.5564908484716963	0.4546150898813185	0.6147495297792472	Author labels,predeclared coarse mapping	mean_donor(mean_cell(log1p(10000*counts/all_gene_library)))	1.0	1.0
PDAC	GSE278688	06_EXTERNAL	20260922T131800Z_author_identity_v4	PDAC_author_cell_identity_v4	sc_expression_source	NA	NA	SLC29A1	author_source_label	12	13	equal_donor_mean_cellwise_log1p10k	0.1707946940471671	NA	NA	NA	NA	SC_SOURCE_DESCRIPTIVE	NA	DONE	Donor-equal descriptive expression	GSE278688	UniProtKB:Q99808	primary_tumor	Ductal (unresolved)	13	12	8370	8351	0.1493087139031379	0.1763409643080508	0.1395547458330774	0.2210631108276031	Author labels,predeclared coarse mapping	mean_donor(mean_cell(log1p(10000*counts/all_gene_library)))	0.0	0.3191498607093487
PDAC	GSE278688	06_EXTERNAL	20260922T131800Z_author_identity_v4	PDAC_author_cell_identity_v4	sc_expression_source	NA	NA	SLC29A1	author_source_label	13	13	equal_donor_mean_cellwise_log1p10k	0.2862596106913642	NA	NA	NA	NA	SC_SOURCE_DESCRIPTIVE	NA	DONE	Donor-equal descriptive expression	GSE278688	UniProtKB:Q99808	primary_tumor	Fibroblast/CAF	13	13	4948	4948	0.264279935161526	0.288464877422061	0.2246326537090828	0.3621997565245381	Author labels,predeclared coarse mapping	mean_donor(mean_cell(log1p(10000*counts/all_gene_library)))	0.0	0.5349095613803502
PDAC	GSE278688	06_EXTERNAL	20260922T131800Z_author_identity_v4	PDAC_author_cell_identity_v4	sc_expression_source	NA	NA	SLC29A1	author_source_label	13	13	equal_donor_mean_cellwise_log1p10k	0.211682905400294	NA	NA	NA	NA	SC_SOURCE_DESCRIPTIVE	NA	DONE	Donor-equal descriptive expression	GSE278688	UniProtKB:Q99808	primary_tumor	Myeloid	13	13	5654	5654	0.2082624546065168	0.2115026310549357	0.1538134218981909	0.267092608054944	Author labels,predeclared coarse mapping	mean_donor(mean_cell(log1p(10000*counts/all_gene_library)))	0.0	0.39555426560497786
PDAC	GSE278688	06_EXTERNAL	20260922T131800Z_author_identity_v4	PDAC_author_cell_identity_v4	sc_expression_source	NA	NA	SLC29A1	author_source_label	2	13	equal_donor_mean_cellwise_log1p10k	NA	NA	NA	NA	NA	SC_SOURCE_DESCRIPTIVE	NA	NOT_EVALUABLE	GENE_MISSING_OR_LT3_ELIGIBLE_LABELS	GSE278688	UniProtKB:Q99808	primary_tumor	Schwann	12	2	221	154	NA	NA	NA	NA	Author labels,predeclared coarse mapping	mean_donor(mean_cell(log1p(10000*counts/all_gene_library)))	NA	NA
PDAC	GSE278688	06_EXTERNAL	20260922T131800Z_author_identity_v4	PDAC_author_cell_identity_v4	sc_expression_source	NA	NA	SLC29A1	author_source_label	13	13	equal_donor_mean_cellwise_log1p10k	0.0320607035611068	NA	NA	NA	NA	SC_SOURCE_DESCRIPTIVE	NA	DONE	Donor-equal descriptive expression	GSE278688	UniProtKB:Q99808	primary_tumor	T/NK	13	13	42168	42168	0.0278615322632231	0.0293981533830272	0.0240337086834399	0.0378656146362843	Author labels,predeclared coarse mapping	mean_donor(mean_cell(log1p(10000*counts/all_gene_library)))	0.0	0.05990917418631994
PDAC	GSE278688	06_EXTERNAL	20260922T131800Z_author_identity_v4	PDAC_author_cell_identity_v4	sc_expression_source	NA	NA	SLC29A2	author_source_label	2	13	equal_donor_mean_cellwise_log1p10k	NA	NA	NA	NA	NA	SC_SOURCE_DESCRIPTIVE	NA	NOT_EVALUABLE	GENE_MISSING_OR_LT3_ELIGIBLE_LABELS	GSE278688	UniProtKB:Q14542	primary_tumor	Acinar	7	2	284	245	NA	NA	NA	NA	Author labels,predeclared coarse mapping	mean_donor(mean_cell(log1p(10000*counts/all_gene_library)))	NA	NA
PDAC	GSE278688	06_EXTERNAL	20260922T131800Z_author_identity_v4	PDAC_author_cell_identity_v4	sc_expression_source	NA	NA	SLC29A2	author_source_label	11	13	equal_donor_mean_cellwise_log1p10k	0.0157151115056518	NA	NA	NA	NA	SC_SOURCE_DESCRIPTIVE	NA	DONE	Donor-equal descriptive expression	GSE278688	UniProtKB:Q14542	primary_tumor	B/Plasma	13	11	7721	7703	0.012260980508272	0.0166668273494939	0.0137413938636612	0.0208604430264638	Author labels,predeclared coarse mapping	mean_donor(mean_cell(log1p(10000*counts/all_gene_library)))	0.0	0.2641399616455832
PDAC	GSE278688	06_EXTERNAL	20260922T131800Z_author_identity_v4	PDAC_author_cell_identity_v4	sc_expression_source	NA	NA	SLC29A2	author_source_label	0	13	equal_donor_mean_cellwise_log1p10k	NA	NA	NA	NA	NA	SC_SOURCE_DESCRIPTIVE	NA	NOT_EVALUABLE	GENE_MISSING_OR_LT3_ELIGIBLE_LABELS	GSE278688	UniProtKB:Q14542	primary_tumor	Endocrine	12	0	37	0	NA	NA	NA	NA	Author labels,predeclared coarse mapping	mean_donor(mean_cell(log1p(10000*counts/all_gene_library)))	NA	NA
PDAC	GSE278688	06_EXTERNAL	20260922T131800Z_author_identity_v4	PDAC_author_cell_identity_v4	sc_expression_source	NA	NA	SLC29A2	author_source_label	13	13	equal_donor_mean_cellwise_log1p10k	0.0052722341811428	NA	NA	NA	NA	SC_SOURCE_DESCRIPTIVE	NA	DONE	Donor-equal descriptive expression	GSE278688	UniProtKB:Q14542	primary_tumor	Endothelial	13	13	2011	2011	0.0062486623438746	0.0025078160404241	0.0	0.0122926837550247	Author labels,predeclared coarse mapping	mean_donor(mean_cell(log1p(10000*counts/all_gene_library)))	0.0	0.08861583539466156
PDAC	GSE278688	06_EXTERNAL	20260922T131800Z_author_identity_v4	PDAC_author_cell_identity_v4	sc_expression_source	NA	NA	SLC29A2	author_source_label	12	13	equal_donor_mean_cellwise_log1p10k	0.0594953955764481	NA	NA	NA	NA	SC_SOURCE_DESCRIPTIVE	NA	DONE	Donor-equal descriptive expression	GSE278688	UniProtKB:Q14542	primary_tumor	Ductal (unresolved)	13	12	8370	8351	0.0591525175868111	0.0585723791797766	0.0512378045531607	0.0669469668931297	Author labels,predeclared coarse mapping	mean_donor(mean_cell(log1p(10000*counts/all_gene_library)))	1.0	1.0
PDAC	GSE278688	06_EXTERNAL	20260922T131800Z_author_identity_v4	PDAC_author_cell_identity_v4	sc_expression_source	NA	NA	SLC29A2	author_source_label	13	13	equal_donor_mean_cellwise_log1p10k	0.0059594663558866	NA	NA	NA	NA	SC_SOURCE_DESCRIPTIVE	NA	DONE	Donor-equal descriptive expression	GSE278688	UniProtKB:Q14542	primary_tumor	Fibroblast/CAF	13	13	4948	4948	0.0071616883665596	0.0052926532664222	0.0034420702304799	0.007884663152625	Author labels,predeclared coarse mapping	mean_donor(mean_cell(log1p(10000*counts/all_gene_library)))	0.0	0.10016684985696137
PDAC	GSE278688	06_EXTERNAL	20260922T131800Z_author_identity_v4	PDAC_author_cell_identity_v4	sc_expression_source	NA	NA	SLC29A2	author_source_label	13	13	equal_donor_mean_cellwise_log1p10k	0.0026298111156423	NA	NA	NA	NA	SC_SOURCE_DESCRIPTIVE	NA	DONE	Donor-equal descriptive expression	GSE278688	UniProtKB:Q14542	primary_tumor	Myeloid	13	13	5654	5654	0.0028215640494519	0.0022024940450485	0.0	0.0026444856547628	Author labels,predeclared coarse mapping	mean_donor(mean_cell(log1p(10000*counts/all_gene_library)))	0.0	0.04420192672327301
PDAC	GSE278688	06_EXTERNAL	20260922T131800Z_author_identity_v4	PDAC_author_cell_identity_v4	sc_expression_source	NA	NA	SLC29A2	author_source_label	2	13	equal_donor_mean_cellwise_log1p10k	NA	NA	NA	NA	NA	SC_SOURCE_DESCRIPTIVE	NA	NOT_EVALUABLE	GENE_MISSING_OR_LT3_ELIGIBLE_LABELS	GSE278688	UniProtKB:Q14542	primary_tumor	Schwann	12	2	221	154	NA	NA	NA	NA	Author labels,predeclared coarse mapping	mean_donor(mean_cell(log1p(10000*counts/all_gene_library)))	NA	NA
PDAC	GSE278688	06_EXTERNAL	20260922T131800Z_author_identity_v4	PDAC_author_cell_identity_v4	sc_expression_source	NA	NA	SLC29A2	author_source_label	13	13	equal_donor_mean_cellwise_log1p10k	0.0105112480554764	NA	NA	NA	NA	SC_SOURCE_DESCRIPTIVE	NA	DONE	Donor-equal descriptive expression	GSE278688	UniProtKB:Q14542	primary_tumor	T/NK	13	13	42168	42168	0.0081402814050888	0.0095410338670408	0.0071082823070893	0.0151355598900549	Author labels,predeclared coarse mapping	mean_donor(mean_cell(log1p(10000*counts/all_gene_library)))	0.0	0.17667330309570028
PDAC	GSE278688	06_EXTERNAL	20260922T131800Z_author_identity_v4	PDAC_author_cell_identity_v4	sc_expression_source	NA	NA	SLC29A3	author_source_label	2	13	equal_donor_mean_cellwise_log1p10k	NA	NA	NA	NA	NA	SC_SOURCE_DESCRIPTIVE	NA	NOT_EVALUABLE	GENE_MISSING_OR_LT3_ELIGIBLE_LABELS	GSE278688	UniProtKB:Q9BZD2	primary_tumor	Acinar	7	2	284	245	NA	NA	NA	NA	Author labels,predeclared coarse mapping	mean_donor(mean_cell(log1p(10000*counts/all_gene_library)))	NA	NA
PDAC	GSE278688	06_EXTERNAL	20260922T131800Z_author_identity_v4	PDAC_author_cell_identity_v4	sc_expression_source	NA	NA	SLC29A3	author_source_label	11	13	equal_donor_mean_cellwise_log1p10k	0.027445768713998	NA	NA	NA	NA	SC_SOURCE_DESCRIPTIVE	NA	DONE	Donor-equal descriptive expression	GSE278688	UniProtKB:Q9BZD2	primary_tumor	B/Plasma	13	11	7721	7703	0.0233477315600391	0.025167490202522	0.0222083237499971	0.0312555982487287	Author labels,predeclared coarse mapping	mean_donor(mean_cell(log1p(10000*counts/all_gene_library)))	0.0	0.32968645087223025
PDAC	GSE278688	06_EXTERNAL	20260922T131800Z_author_identity_v4	PDAC_author_cell_identity_v4	sc_expression_source	NA	NA	SLC29A3	author_source_label	0	13	equal_donor_mean_cellwise_log1p10k	NA	NA	NA	NA	NA	SC_SOURCE_DESCRIPTIVE	NA	NOT_EVALUABLE	GENE_MISSING_OR_LT3_ELIGIBLE_LABELS	GSE278688	UniProtKB:Q9BZD2	primary_tumor	Endocrine	12	0	37	0	NA	NA	NA	NA	Author labels,predeclared coarse mapping	mean_donor(mean_cell(log1p(10000*counts/all_gene_library)))	NA	NA
PDAC	GSE278688	06_EXTERNAL	20260922T131800Z_author_identity_v4	PDAC_author_cell_identity_v4	sc_expression_source	NA	NA	SLC29A3	author_source_label	13	13	equal_donor_mean_cellwise_log1p10k	0.0258399757736389	NA	NA	NA	NA	SC_SOURCE_DESCRIPTIVE	NA	DONE	Donor-equal descriptive expression	GSE278688	UniProtKB:Q9BZD2	primary_tumor	Endothelial	13	13	2011	2011	0.0322997828768445	0.0175409711535122	0.0130783618604818	0.0443414672605061	Author labels,predeclared coarse mapping	mean_donor(mean_cell(log1p(10000*counts/all_gene_library)))	0.0	0.31039720520163394
PDAC	GSE278688	06_EXTERNAL	20260922T131800Z_author_identity_v4	PDAC_author_cell_identity_v4	sc_expression_source	NA	NA	SLC29A3	author_source_label	12	13	equal_donor_mean_cellwise_log1p10k	0.0320320757719654	NA	NA	NA	NA	SC_SOURCE_DESCRIPTIVE	NA	DONE	Donor-equal descriptive expression	GSE278688	UniProtKB:Q9BZD2	primary_tumor	Ductal (unresolved)	13	12	8370	8351	0.0349841148034914	0.031545298116066	0.0253531834881249	0.0353066200964175	Author labels,predeclared coarse mapping	mean_donor(mean_cell(log1p(10000*counts/all_gene_library)))	0.0	0.38477848754673427
PDAC	GSE278688	06_EXTERNAL	20260922T131800Z_author_identity_v4	PDAC_author_cell_identity_v4	sc_expression_source	NA	NA	SLC29A3	author_source_label	13	13	equal_donor_mean_cellwise_log1p10k	0.0312227196324706	NA	NA	NA	NA	SC_SOURCE_DESCRIPTIVE	NA	DONE	Donor-equal descriptive expression	GSE278688	UniProtKB:Q9BZD2	primary_tumor	Fibroblast/CAF	13	13	4948	4948	0.0411993688071228	0.0311479543952638	0.0184709913588214	0.035346222874638	Author labels,predeclared coarse mapping	mean_donor(mean_cell(log1p(10000*counts/all_gene_library)))	0.0	0.3750562693096623
PDAC	GSE278688	06_EXTERNAL	20260922T131800Z_author_identity_v4	PDAC_author_cell_identity_v4	sc_expression_source	NA	NA	SLC29A3	author_source_label	13	13	equal_donor_mean_cellwise_log1p10k	0.0832480941858135	NA	NA	NA	NA	SC_SOURCE_DESCRIPTIVE	NA	DONE	Donor-equal descriptive expression	GSE278688	UniProtKB:Q9BZD2	primary_tumor	Myeloid	13	13	5654	5654	0.0943217386834092	0.0779055817533611	0.0696106027938799	0.0887111213748848	Author labels,predeclared coarse mapping	mean_donor(mean_cell(log1p(10000*counts/all_gene_library)))	1.0	1.0
PDAC	GSE278688	06_EXTERNAL	20260922T131800Z_author_identity_v4	PDAC_author_cell_identity_v4	sc_expression_source	NA	NA	SLC29A3	author_source_label	2	13	equal_donor_mean_cellwise_log1p10k	NA	NA	NA	NA	NA	SC_SOURCE_DESCRIPTIVE	NA	NOT_EVALUABLE	GENE_MISSING_OR_LT3_ELIGIBLE_LABELS	GSE278688	UniProtKB:Q9BZD2	primary_tumor	Schwann	12	2	221	154	NA	NA	NA	NA	Author labels,predeclared coarse mapping	mean_donor(mean_cell(log1p(10000*counts/all_gene_library)))	NA	NA
PDAC	GSE278688	06_EXTERNAL	20260922T131800Z_author_identity_v4	PDAC_author_cell_identity_v4	sc_expression_source	NA	NA	SLC29A3	author_source_label	13	13	equal_donor_mean_cellwise_log1p10k	0.0323276893461034	NA	NA	NA	NA	SC_SOURCE_DESCRIPTIVE	NA	DONE	Donor-equal descriptive expression	GSE278688	UniProtKB:Q9BZD2	primary_tumor	T/NK	13	13	42168	42168	0.0251870433912061	0.0320001228592733	0.0266835172505319	0.0357993416487115	Author labels,predeclared coarse mapping	mean_donor(mean_cell(log1p(10000*counts/all_gene_library)))	0.0	0.3883294826419274
PDAC	GSE278688	06_EXTERNAL	20260922T131800Z_author_identity_v4	PDAC_author_cell_identity_v4	sc_expression_source	NA	NA	SLC32A1	author_source_label	2	13	equal_donor_mean_cellwise_log1p10k	NA	NA	NA	NA	NA	SC_SOURCE_DESCRIPTIVE	NA	NOT_EVALUABLE	GENE_MISSING_OR_LT3_ELIGIBLE_LABELS	GSE278688	UniProtKB:Q9H598	primary_tumor	Acinar	7	2	284	245	NA	NA	NA	NA	Author labels,predeclared coarse mapping	mean_donor(mean_cell(log1p(10000*counts/all_gene_library)))	NA	NA
PDAC	GSE278688	06_EXTERNAL	20260922T131800Z_author_identity_v4	PDAC_author_cell_identity_v4	sc_expression_source	NA	NA	SLC32A1	author_source_label	11	13	equal_donor_mean_cellwise_log1p10k	6.606462992432936e-05	NA	NA	NA	NA	SC_SOURCE_DESCRIPTIVE	NA	DONE	Donor-equal descriptive expression	GSE278688	UniProtKB:Q9H598	primary_tumor	B/Plasma	13	11	7721	7703	4.568296025582458e-05	0.0	0.0	0.0	Author labels,predeclared coarse mapping	mean_donor(mean_cell(log1p(10000*counts/all_gene_library)))	NA	0.018496254941455213
PDAC	GSE278688	06_EXTERNAL	20260922T131800Z_author_identity_v4	PDAC_author_cell_identity_v4	sc_expression_source	NA	NA	SLC32A1	author_source_label	0	13	equal_donor_mean_cellwise_log1p10k	NA	NA	NA	NA	NA	SC_SOURCE_DESCRIPTIVE	NA	NOT_EVALUABLE	GENE_MISSING_OR_LT3_ELIGIBLE_LABELS	GSE278688	UniProtKB:Q9H598	primary_tumor	Endocrine	12	0	37	0	NA	NA	NA	NA	Author labels,predeclared coarse mapping	mean_donor(mean_cell(log1p(10000*counts/all_gene_library)))	NA	NA
PDAC	GSE278688	06_EXTERNAL	20260922T131800Z_author_identity_v4	PDAC_author_cell_identity_v4	sc_expression_source	NA	NA	SLC32A1	author_source_label	13	13	equal_donor_mean_cellwise_log1p10k	0.0003987776613625	NA	NA	NA	NA	SC_SOURCE_DESCRIPTIVE	NA	DONE	Donor-equal descriptive expression	GSE278688	UniProtKB:Q9H598	primary_tumor	Endothelial	13	13	2011	2011	0.000285959393766	0.0	0.0	0.0	Author labels,predeclared coarse mapping	mean_donor(mean_cell(log1p(10000*counts/all_gene_library)))	NA	0.11164662994353357
PDAC	GSE278688	06_EXTERNAL	20260922T131800Z_author_identity_v4	PDAC_author_cell_identity_v4	sc_expression_source	NA	NA	SLC32A1	author_source_label	12	13	equal_donor_mean_cellwise_log1p10k	0.0	NA	NA	NA	NA	SC_SOURCE_DESCRIPTIVE	NA	DONE	Donor-equal descriptive expression	GSE278688	UniProtKB:Q9H598	primary_tumor	Ductal (unresolved)	13	12	8370	8351	0.0	0.0	0.0	0.0	Author labels,predeclared coarse mapping	mean_donor(mean_cell(log1p(10000*counts/all_gene_library)))	NA	0.0
PDAC	GSE278688	06_EXTERNAL	20260922T131800Z_author_identity_v4	PDAC_author_cell_identity_v4	sc_expression_source	NA	NA	SLC32A1	author_source_label	13	13	equal_donor_mean_cellwise_log1p10k	0.0001267022242317	NA	NA	NA	NA	SC_SOURCE_DESCRIPTIVE	NA	DONE	Donor-equal descriptive expression	GSE278688	UniProtKB:Q9H598	primary_tumor	Fibroblast/CAF	13	13	4948	4948	0.0002442002442002	0.0	0.0	0.0	Author labels,predeclared coarse mapping	mean_donor(mean_cell(log1p(10000*counts/all_gene_library)))	NA	0.0354730911793984
PDAC	GSE278688	06_EXTERNAL	20260922T131800Z_author_identity_v4	PDAC_author_cell_identity_v4	sc_expression_source	NA	NA	SLC32A1	author_source_label	13	13	equal_donor_mean_cellwise_log1p10k	0.0035717841332442	NA	NA	NA	NA	SC_SOURCE_DESCRIPTIVE	NA	DONE	Donor-equal descriptive expression	GSE278688	UniProtKB:Q9H598	primary_tumor	Myeloid	13	13	5654	5654	0.0031096938524122	0.0	0.0	0.0	Author labels,predeclared coarse mapping	mean_donor(mean_cell(log1p(10000*counts/all_gene_library)))	NA	1.0
PDAC	GSE278688	06_EXTERNAL	20260922T131800Z_author_identity_v4	PDAC_author_cell_identity_v4	sc_expression_source	NA	NA	SLC32A1	author_source_label	2	13	equal_donor_mean_cellwise_log1p10k	NA	NA	NA	NA	NA	SC_SOURCE_DESCRIPTIVE	NA	NOT_EVALUABLE	GENE_MISSING_OR_LT3_ELIGIBLE_LABELS	GSE278688	UniProtKB:Q9H598	primary_tumor	Schwann	12	2	221	154	NA	NA	NA	NA	Author labels,predeclared coarse mapping	mean_donor(mean_cell(log1p(10000*counts/all_gene_library)))	NA	NA
PDAC	GSE278688	06_EXTERNAL	20260922T131800Z_author_identity_v4	PDAC_author_cell_identity_v4	sc_expression_source	NA	NA	SLC32A1	author_source_label	13	13	equal_donor_mean_cellwise_log1p10k	0.0001893261559731	NA	NA	NA	NA	SC_SOURCE_DESCRIPTIVE	NA	DONE	Donor-equal descriptive expression	GSE278688	UniProtKB:Q9H598	primary_tumor	T/NK	13	13	42168	42168	0.0001116254645382	0.0	0.0	0.0	Author labels,predeclared coarse mapping	mean_donor(mean_cell(log1p(10000*counts/all_gene_library)))	NA	0.0530060465331475
PDAC	GSE278688	06_EXTERNAL	20260922T131800Z_author_identity_v4	PDAC_author_cell_identity_v4	sc_expression_source	NA	NA	SLC35G1	author_source_label	2	13	equal_donor_mean_cellwise_log1p10k	NA	NA	NA	NA	NA	SC_SOURCE_DESCRIPTIVE	NA	NOT_EVALUABLE	GENE_MISSING_OR_LT3_ELIGIBLE_LABELS	GSE278688	UniProtKB:Q2M3R5	primary_tumor	Acinar	7	2	284	245	NA	NA	NA	NA	Author labels,predeclared coarse mapping	mean_donor(mean_cell(log1p(10000*counts/all_gene_library)))	NA	NA
PDAC	GSE278688	06_EXTERNAL	20260922T131800Z_author_identity_v4	PDAC_author_cell_identity_v4	sc_expression_source	NA	NA	SLC35G1	author_source_label	11	13	equal_donor_mean_cellwise_log1p10k	0.0150953036229353	NA	NA	NA	NA	SC_SOURCE_DESCRIPTIVE	NA	DONE	Donor-equal descriptive expression	GSE278688	UniProtKB:Q2M3R5	primary_tumor	B/Plasma	13	11	7721	7703	0.0120299349059791	0.0168426259015408	0.0102641488310504	0.0178466979719412	Author labels,predeclared coarse mapping	mean_donor(mean_cell(log1p(10000*counts/all_gene_library)))	0.0	0.32568663697244776
PDAC	GSE278688	06_EXTERNAL	20260922T131800Z_author_identity_v4	PDAC_author_cell_identity_v4	sc_expression_source	NA	NA	SLC35G1	author_source_label	0	13	equal_donor_mean_cellwise_log1p10k	NA	NA	NA	NA	NA	SC_SOURCE_DESCRIPTIVE	NA	NOT_EVALUABLE	GENE_MISSING_OR_LT3_ELIGIBLE_LABELS	GSE278688	UniProtKB:Q2M3R5	primary_tumor	Endocrine	12	0	37	0	NA	NA	NA	NA	Author labels,predeclared coarse mapping	mean_donor(mean_cell(log1p(10000*counts/all_gene_library)))	NA	NA
PDAC	GSE278688	06_EXTERNAL	20260922T131800Z_author_identity_v4	PDAC_author_cell_identity_v4	sc_expression_source	NA	NA	SLC35G1	author_source_label	13	13	equal_donor_mean_cellwise_log1p10k	0.0463491648391221	NA	NA	NA	NA	SC_SOURCE_DESCRIPTIVE	NA	DONE	Donor-equal descriptive expression	GSE278688	UniProtKB:Q2M3R5	primary_tumor	Endothelial	13	13	2011	2011	0.0467423488349649	0.0382926039876791	0.0337068109358683	0.0556278827990268	Author labels,predeclared coarse mapping	mean_donor(mean_cell(log1p(10000*counts/all_gene_library)))	0.993	1.0
PDAC	GSE278688	06_EXTERNAL	20260922T131800Z_author_identity_v4	PDAC_author_cell_identity_v4	sc_expression_source	NA	NA	SLC35G1	author_source_label	12	13	equal_donor_mean_cellwise_log1p10k	0.0211070837713929	NA	NA	NA	NA	SC_SOURCE_DESCRIPTIVE	NA	DONE	Donor-equal descriptive expression	GSE278688	UniProtKB:Q2M3R5	primary_tumor	Ductal (unresolved)	13	12	8370	8351	0.0203949004186533	0.0162663272209042	0.0079696246703499	0.0293077984301995	Author labels,predeclared coarse mapping	mean_donor(mean_cell(log1p(10000*counts/all_gene_library)))	0.0	0.4553929686684876
PDAC	GSE278688	06_EXTERNAL	20260922T131800Z_author_identity_v4	PDAC_author_cell_identity_v4	sc_expression_source	NA	NA	SLC35G1	author_source_label	13	13	equal_donor_mean_cellwise_log1p10k	0.0257445555420736	NA	NA	NA	NA	SC_SOURCE_DESCRIPTIVE	NA	DONE	Donor-equal descriptive expression	GSE278688	UniProtKB:Q2M3R5	primary_tumor	Fibroblast/CAF	13	13	4948	4948	0.0302048821964854	0.0230766696654036	0.0157375115931401	0.0349959827508677	Author labels,predeclared coarse mapping	mean_donor(mean_cell(log1p(10000*counts/all_gene_library)))	0.007	0.5554480999049912
PDAC	GSE278688	06_EXTERNAL	20260922T131800Z_author_identity_v4	PDAC_author_cell_identity_v4	sc_expression_source	NA	NA	SLC35G1	author_source_label	13	13	equal_donor_mean_cellwise_log1p10k	0.0049879968003416	NA	NA	NA	NA	SC_SOURCE_DESCRIPTIVE	NA	DONE	Donor-equal descriptive expression	GSE278688	UniProtKB:Q2M3R5	primary_tumor	Myeloid	13	13	5654	5654	0.0062665960813899	0.0035112178471277	0.0020643265804931	0.0064122323228547	Author labels,predeclared coarse mapping	mean_donor(mean_cell(log1p(10000*counts/all_gene_library)))	0.0	0.10761783556737066
PDAC	GSE278688	06_EXTERNAL	20260922T131800Z_author_identity_v4	PDAC_author_cell_identity_v4	sc_expression_source	NA	NA	SLC35G1	author_source_label	2	13	equal_donor_mean_cellwise_log1p10k	NA	NA	NA	NA	NA	SC_SOURCE_DESCRIPTIVE	NA	NOT_EVALUABLE	GENE_MISSING_OR_LT3_ELIGIBLE_LABELS	GSE278688	UniProtKB:Q2M3R5	primary_tumor	Schwann	12	2	221	154	NA	NA	NA	NA	Author labels,predeclared coarse mapping	mean_donor(mean_cell(log1p(10000*counts/all_gene_library)))	NA	NA
PDAC	GSE278688	06_EXTERNAL	20260922T131800Z_author_identity_v4	PDAC_author_cell_identity_v4	sc_expression_source	NA	NA	SLC35G1	author_source_label	13	13	equal_donor_mean_cellwise_log1p10k	0.0235506087767579	NA	NA	NA	NA	SC_SOURCE_DESCRIPTIVE	NA	DONE	Donor-equal descriptive expression	GSE278688	UniProtKB:Q2M3R5	primary_tumor	T/NK	13	13	42168	42168	0.0182222963724124	0.0213302114743756	0.0183187225468177	0.0279154617821945	Author labels,predeclared coarse mapping	mean_donor(mean_cell(log1p(10000*counts/all_gene_library)))	0.0	0.5081129046985429
PDAC	GSE278688	06_EXTERNAL	20260922T131800Z_author_identity_v4	PDAC_author_cell_identity_v4	sc_expression_source	NA	NA	SLC36A1	author_source_label	2	13	equal_donor_mean_cellwise_log1p10k	NA	NA	NA	NA	NA	SC_SOURCE_DESCRIPTIVE	NA	NOT_EVALUABLE	GENE_MISSING_OR_LT3_ELIGIBLE_LABELS	GSE278688	UniProtKB:Q7Z2H8	primary_tumor	Acinar	7	2	284	245	NA	NA	NA	NA	Author labels,predeclared coarse mapping	mean_donor(mean_cell(log1p(10000*counts/all_gene_library)))	NA	NA
PDAC	GSE278688	06_EXTERNAL	20260922T131800Z_author_identity_v4	PDAC_author_cell_identity_v4	sc_expression_source	NA	NA	SLC36A1	author_source_label	11	13	equal_donor_mean_cellwise_log1p10k	0.027265495246796	NA	NA	NA	NA	SC_SOURCE_DESCRIPTIVE	NA	DONE	Donor-equal descriptive expression	GSE278688	UniProtKB:Q7Z2H8	primary_tumor	B/Plasma	13	11	7721	7703	0.0204574120380532	0.0262606904174383	0.0158783594788217	0.0376224701572525	Author labels,predeclared coarse mapping	mean_donor(mean_cell(log1p(10000*counts/all_gene_library)))	0.0	0.3080475993751311
PDAC	GSE278688	06_EXTERNAL	20260922T131800Z_author_identity_v4	PDAC_author_cell_identity_v4	sc_expression_source	NA	NA	SLC36A1	author_source_label	0	13	equal_donor_mean_cellwise_log1p10k	NA	NA	NA	NA	NA	SC_SOURCE_DESCRIPTIVE	NA	NOT_EVALUABLE	GENE_MISSING_OR_LT3_ELIGIBLE_LABELS	GSE278688	UniProtKB:Q7Z2H8	primary_tumor	Endocrine	12	0	37	0	NA	NA	NA	NA	Author labels,predeclared coarse mapping	mean_donor(mean_cell(log1p(10000*counts/all_gene_library)))	NA	NA
PDAC	GSE278688	06_EXTERNAL	20260922T131800Z_author_identity_v4	PDAC_author_cell_identity_v4	sc_expression_source	NA	NA	SLC36A1	author_source_label	13	13	equal_donor_mean_cellwise_log1p10k	0.0286215674027492	NA	NA	NA	NA	SC_SOURCE_DESCRIPTIVE	NA	DONE	Donor-equal descriptive expression	GSE278688	UniProtKB:Q7Z2H8	primary_tumor	Endothelial	13	13	2011	2011	0.0311821426253459	0.0247253037676889	0.0187186222922163	0.0304813130192553	Author labels,predeclared coarse mapping	mean_donor(mean_cell(log1p(10000*counts/all_gene_library)))	0.0	0.32336860375959864
PDAC	GSE278688	06_EXTERNAL	20260922T131800Z_author_identity_v4	PDAC_author_cell_identity_v4	sc_expression_source	NA	NA	SLC36A1	author_source_label	12	13	equal_donor_mean_cellwise_log1p10k	0.0272122450472309	NA	NA	NA	NA	SC_SOURCE_DESCRIPTIVE	NA	DONE	Donor-equal descriptive expression	GSE278688	UniProtKB:Q7Z2H8	primary_tumor	Ductal (unresolved)	13	12	8370	8351	0.0289989147802467	0.0298613865999705	0.0178592441775699	0.0375739755511408	Author labels,predeclared coarse mapping	mean_donor(mean_cell(log1p(10000*counts/all_gene_library)))	0.0	0.30744597464784124
PDAC	GSE278688	06_EXTERNAL	20260922T131800Z_author_identity_v4	PDAC_author_cell_identity_v4	sc_expression_source	NA	NA	SLC36A1	author_source_label	13	13	equal_donor_mean_cellwise_log1p10k	0.0859873675609228	NA	NA	NA	NA	SC_SOURCE_DESCRIPTIVE	NA	DONE	Donor-equal descriptive expression	GSE278688	UniProtKB:Q7Z2H8	primary_tumor	Fibroblast/CAF	13	13	4948	4948	0.0979017590716624	0.0527321578734862	0.0490204111842131	0.1282314942293451	Author labels,predeclared coarse mapping	mean_donor(mean_cell(log1p(10000*counts/all_gene_library)))	0.398	0.9714916935844746
PDAC	GSE278688	06_EXTERNAL	20260922T131800Z_author_identity_v4	PDAC_author_cell_identity_v4	sc_expression_source	NA	NA	SLC36A1	author_source_label	13	13	equal_donor_mean_cellwise_log1p10k	0.0885106564768028	NA	NA	NA	NA	SC_SOURCE_DESCRIPTIVE	NA	DONE	Donor-equal descriptive expression	GSE278688	UniProtKB:Q7Z2H8	primary_tumor	Myeloid	13	13	5654	5654	0.09576754190154	0.0828322846676804	0.0602451928844058	0.1132575997275649	Author labels,predeclared coarse mapping	mean_donor(mean_cell(log1p(10000*counts/all_gene_library)))	0.602	1.0
PDAC	GSE278688	06_EXTERNAL	20260922T131800Z_author_identity_v4	PDAC_author_cell_identity_v4	sc_expression_source	NA	NA	SLC36A1	author_source_label	2	13	equal_donor_mean_cellwise_log1p10k	NA	NA	NA	NA	NA	SC_SOURCE_DESCRIPTIVE	NA	NOT_EVALUABLE	GENE_MISSING_OR_LT3_ELIGIBLE_LABELS	GSE278688	UniProtKB:Q7Z2H8	primary_tumor	Schwann	12	2	221	154	NA	NA	NA	NA	Author labels,predeclared coarse mapping	mean_donor(mean_cell(log1p(10000*counts/all_gene_library)))	NA	NA
PDAC	GSE278688	06_EXTERNAL	20260922T131800Z_author_identity_v4	PDAC_author_cell_identity_v4	sc_expression_source	NA	NA	SLC36A1	author_source_label	13	13	equal_donor_mean_cellwise_log1p10k	0.0258212004426815	NA	NA	NA	NA	SC_SOURCE_DESCRIPTIVE	NA	DONE	Donor-equal descriptive expression	GSE278688	UniProtKB:Q7Z2H8	primary_tumor	T/NK	13	13	42168	42168	0.0209854509518957	0.0259891906481421	0.0179993276733794	0.0341499466426341	Author labels,predeclared coarse mapping	mean_donor(mean_cell(log1p(10000*counts/all_gene_library)))	0.0	0.29172984893009823
PDAC	GSE278688	06_EXTERNAL	20260922T131800Z_author_identity_v4	PDAC_author_cell_identity_v4	sc_expression_source	NA	NA	SLC36A2	author_source_label	2	13	equal_donor_mean_cellwise_log1p10k	NA	NA	NA	NA	NA	SC_SOURCE_DESCRIPTIVE	NA	NOT_EVALUABLE	GENE_MISSING_OR_LT3_ELIGIBLE_LABELS	GSE278688	UniProtKB:Q495M3	primary_tumor	Acinar	7	2	284	245	NA	NA	NA	NA	Author labels,predeclared coarse mapping	mean_donor(mean_cell(log1p(10000*counts/all_gene_library)))	NA	NA
PDAC	GSE278688	06_EXTERNAL	20260922T131800Z_author_identity_v4	PDAC_author_cell_identity_v4	sc_expression_source	NA	NA	SLC36A2	author_source_label	11	13	equal_donor_mean_cellwise_log1p10k	0.0	NA	NA	NA	NA	SC_SOURCE_DESCRIPTIVE	NA	DONE	Donor-equal descriptive expression	GSE278688	UniProtKB:Q495M3	primary_tumor	B/Plasma	13	11	7721	7703	0.0	0.0	0.0	0.0	Author labels,predeclared coarse mapping	mean_donor(mean_cell(log1p(10000*counts/all_gene_library)))	NA	0.0
PDAC	GSE278688	06_EXTERNAL	20260922T131800Z_author_identity_v4	PDAC_author_cell_identity_v4	sc_expression_source	NA	NA	SLC36A2	author_source_label	0	13	equal_donor_mean_cellwise_log1p10k	NA	NA	NA	NA	NA	SC_SOURCE_DESCRIPTIVE	NA	NOT_EVALUABLE	GENE_MISSING_OR_LT3_ELIGIBLE_LABELS	GSE278688	UniProtKB:Q495M3	primary_tumor	Endocrine	12	0	37	0	NA	NA	NA	NA	Author labels,predeclared coarse mapping	mean_donor(mean_cell(log1p(10000*counts/all_gene_library)))	NA	NA
PDAC	GSE278688	06_EXTERNAL	20260922T131800Z_author_identity_v4	PDAC_author_cell_identity_v4	sc_expression_source	NA	NA	SLC36A2	author_source_label	13	13	equal_donor_mean_cellwise_log1p10k	0.0	NA	NA	NA	NA	SC_SOURCE_DESCRIPTIVE	NA	DONE	Donor-equal descriptive expression	GSE278688	UniProtKB:Q495M3	primary_tumor	Endothelial	13	13	2011	2011	0.0	0.0	0.0	0.0	Author labels,predeclared coarse mapping	mean_donor(mean_cell(log1p(10000*counts/all_gene_library)))	NA	0.0
PDAC	GSE278688	06_EXTERNAL	20260922T131800Z_author_identity_v4	PDAC_author_cell_identity_v4	sc_expression_source	NA	NA	SLC36A2	author_source_label	12	13	equal_donor_mean_cellwise_log1p10k	0.0	NA	NA	NA	NA	SC_SOURCE_DESCRIPTIVE	NA	DONE	Donor-equal descriptive expression	GSE278688	UniProtKB:Q495M3	primary_tumor	Ductal (unresolved)	13	12	8370	8351	0.0	0.0	0.0	0.0	Author labels,predeclared coarse mapping	mean_donor(mean_cell(log1p(10000*counts/all_gene_library)))	NA	0.0
PDAC	GSE278688	06_EXTERNAL	20260922T131800Z_author_identity_v4	PDAC_author_cell_identity_v4	sc_expression_source	NA	NA	SLC36A2	author_source_label	13	13	equal_donor_mean_cellwise_log1p10k	0.0	NA	NA	NA	NA	SC_SOURCE_DESCRIPTIVE	NA	DONE	Donor-equal descriptive expression	GSE278688	UniProtKB:Q495M3	primary_tumor	Fibroblast/CAF	13	13	4948	4948	0.0	0.0	0.0	0.0	Author labels,predeclared coarse mapping	mean_donor(mean_cell(log1p(10000*counts/all_gene_library)))	NA	0.0
PDAC	GSE278688	06_EXTERNAL	20260922T131800Z_author_identity_v4	PDAC_author_cell_identity_v4	sc_expression_source	NA	NA	SLC36A2	author_source_label	13	13	equal_donor_mean_cellwise_log1p10k	0.0	NA	NA	NA	NA	SC_SOURCE_DESCRIPTIVE	NA	DONE	Donor-equal descriptive expression	GSE278688	UniProtKB:Q495M3	primary_tumor	Myeloid	13	13	5654	5654	0.0	0.0	0.0	0.0	Author labels,predeclared coarse mapping	mean_donor(mean_cell(log1p(10000*counts/all_gene_library)))	NA	0.0
PDAC	GSE278688	06_EXTERNAL	20260922T131800Z_author_identity_v4	PDAC_author_cell_identity_v4	sc_expression_source	NA	NA	SLC36A2	author_source_label	2	13	equal_donor_mean_cellwise_log1p10k	NA	NA	NA	NA	NA	SC_SOURCE_DESCRIPTIVE	NA	NOT_EVALUABLE	GENE_MISSING_OR_LT3_ELIGIBLE_LABELS	GSE278688	UniProtKB:Q495M3	primary_tumor	Schwann	12	2	221	154	NA	NA	NA	NA	Author labels,predeclared coarse mapping	mean_donor(mean_cell(log1p(10000*counts/all_gene_library)))	NA	NA
PDAC	GSE278688	06_EXTERNAL	20260922T131800Z_author_identity_v4	PDAC_author_cell_identity_v4	sc_expression_source	NA	NA	SLC36A2	author_source_label	13	13	equal_donor_mean_cellwise_log1p10k	0.0	NA	NA	NA	NA	SC_SOURCE_DESCRIPTIVE	NA	DONE	Donor-equal descriptive expression	GSE278688	UniProtKB:Q495M3	primary_tumor	T/NK	13	13	42168	42168	0.0	0.0	0.0	0.0	Author labels,predeclared coarse mapping	mean_donor(mean_cell(log1p(10000*counts/all_gene_library)))	NA	0.0
PDAC	GSE278688	06_EXTERNAL	20260922T131800Z_author_identity_v4	PDAC_author_cell_identity_v4	sc_expression_source	NA	NA	SLC36A4	author_source_label	2	13	equal_donor_mean_cellwise_log1p10k	NA	NA	NA	NA	NA	SC_SOURCE_DESCRIPTIVE	NA	NOT_EVALUABLE	GENE_MISSING_OR_LT3_ELIGIBLE_LABELS	GSE278688	UniProtKB:Q6YBV0	primary_tumor	Acinar	7	2	284	245	NA	NA	NA	NA	Author labels,predeclared coarse mapping	mean_donor(mean_cell(log1p(10000*counts/all_gene_library)))	NA	NA
PDAC	GSE278688	06_EXTERNAL	20260922T131800Z_author_identity_v4	PDAC_author_cell_identity_v4	sc_expression_source	NA	NA	SLC36A4	author_source_label	11	13	equal_donor_mean_cellwise_log1p10k	0.1665460082079304	NA	NA	NA	NA	SC_SOURCE_DESCRIPTIVE	NA	DONE	Donor-equal descriptive expression	GSE278688	UniProtKB:Q6YBV0	primary_tumor	B/Plasma	13	11	7721	7703	0.1275050015720873	0.1588295023674358	0.1319050158369512	0.1787141783209774	Author labels,predeclared coarse mapping	mean_donor(mean_cell(log1p(10000*counts/all_gene_library)))	0.845	1.0
PDAC	GSE278688	06_EXTERNAL	20260922T131800Z_author_identity_v4	PDAC_author_cell_identity_v4	sc_expression_source	NA	NA	SLC36A4	author_source_label	0	13	equal_donor_mean_cellwise_log1p10k	NA	NA	NA	NA	NA	SC_SOURCE_DESCRIPTIVE	NA	NOT_EVALUABLE	GENE_MISSING_OR_LT3_ELIGIBLE_LABELS	GSE278688	UniProtKB:Q6YBV0	primary_tumor	Endocrine	12	0	37	0	NA	NA	NA	NA	Author labels,predeclared coarse mapping	mean_donor(mean_cell(log1p(10000*counts/all_gene_library)))	NA	NA
PDAC	GSE278688	06_EXTERNAL	20260922T131800Z_author_identity_v4	PDAC_author_cell_identity_v4	sc_expression_source	NA	NA	SLC36A4	author_source_label	13	13	equal_donor_mean_cellwise_log1p10k	0.1379687482175565	NA	NA	NA	NA	SC_SOURCE_DESCRIPTIVE	NA	DONE	Donor-equal descriptive expression	GSE278688	UniProtKB:Q6YBV0	primary_tumor	Endothelial	13	13	2011	2011	0.1530871300090774	0.1125567809326255	0.1031186077613129	0.170914625180333	Author labels,predeclared coarse mapping	mean_donor(mean_cell(log1p(10000*counts/all_gene_library)))	0.087	0.8284122189545632
PDAC	GSE278688	06_EXTERNAL	20260922T131800Z_author_identity_v4	PDAC_author_cell_identity_v4	sc_expression_source	NA	NA	SLC36A4	author_source_label	12	13	equal_donor_mean_cellwise_log1p10k	0.0573776092666451	NA	NA	NA	NA	SC_SOURCE_DESCRIPTIVE	NA	DONE	Donor-equal descriptive expression	GSE278688	UniProtKB:Q6YBV0	primary_tumor	Ductal (unresolved)	13	12	8370	8351	0.0638899188107011	0.0495231863502753	0.0386295709373277	0.0763075239240727	Author labels,predeclared coarse mapping	mean_donor(mean_cell(log1p(10000*counts/all_gene_library)))	0.0	0.344515067542237
PDAC	GSE278688	06_EXTERNAL	20260922T131800Z_author_identity_v4	PDAC_author_cell_identity_v4	sc_expression_source	NA	NA	SLC36A4	author_source_label	13	13	equal_donor_mean_cellwise_log1p10k	0.1003264080189868	NA	NA	NA	NA	SC_SOURCE_DESCRIPTIVE	NA	DONE	Donor-equal descriptive expression	GSE278688	UniProtKB:Q6YBV0	primary_tumor	Fibroblast/CAF	13	13	4948	4948	0.1217168943338478	0.0998172485032099	0.0834000477086218	0.1083384554152838	Author labels,predeclared coarse mapping	mean_donor(mean_cell(log1p(10000*counts/all_gene_library)))	0.0	0.6023945521031682
PDAC	GSE278688	06_EXTERNAL	20260922T131800Z_author_identity_v4	PDAC_author_cell_identity_v4	sc_expression_source	NA	NA	SLC36A4	author_source_label	13	13	equal_donor_mean_cellwise_log1p10k	0.1406719381971769	NA	NA	NA	NA	SC_SOURCE_DESCRIPTIVE	NA	DONE	Donor-equal descriptive expression	GSE278688	UniProtKB:Q6YBV0	primary_tumor	Myeloid	13	13	5654	5654	0.1508717667487511	0.1134252545142879	0.103574341705161	0.1699129854523149	Author labels,predeclared coarse mapping	mean_donor(mean_cell(log1p(10000*counts/all_gene_library)))	0.068	0.8446431091974894
PDAC	GSE278688	06_EXTERNAL	20260922T131800Z_author_identity_v4	PDAC_author_cell_identity_v4	sc_expression_source	NA	NA	SLC36A4	author_source_label	2	13	equal_donor_mean_cellwise_log1p10k	NA	NA	NA	NA	NA	SC_SOURCE_DESCRIPTIVE	NA	NOT_EVALUABLE	GENE_MISSING_OR_LT3_ELIGIBLE_LABELS	GSE278688	UniProtKB:Q6YBV0	primary_tumor	Schwann	12	2	221	154	NA	NA	NA	NA	Author labels,predeclared coarse mapping	mean_donor(mean_cell(log1p(10000*counts/all_gene_library)))	NA	NA
PDAC	GSE278688	06_EXTERNAL	20260922T131800Z_author_identity_v4	PDAC_author_cell_identity_v4	sc_expression_source	NA	NA	SLC36A4	author_source_label	13	13	equal_donor_mean_cellwise_log1p10k	0.0848527439668276	NA	NA	NA	NA	SC_SOURCE_DESCRIPTIVE	NA	DONE	Donor-equal descriptive expression	GSE278688	UniProtKB:Q6YBV0	primary_tumor	T/NK	13	13	42168	42168	0.064221425748762	0.0787444896460391	0.0728142895207824	0.0913333165394277	Author labels,predeclared coarse mapping	mean_donor(mean_cell(log1p(10000*counts/all_gene_library)))	0.0	0.5094853060716419
PDAC	GSE278688	06_EXTERNAL	20260922T131800Z_author_identity_v4	PDAC_author_cell_identity_v4	sc_expression_source	NA	NA	SLC38A10	author_source_label	2	13	equal_donor_mean_cellwise_log1p10k	NA	NA	NA	NA	NA	SC_SOURCE_DESCRIPTIVE	NA	NOT_EVALUABLE	GENE_MISSING_OR_LT3_ELIGIBLE_LABELS	GSE278688	UniProtKB:Q9HBR0	primary_tumor	Acinar	7	2	284	245	NA	NA	NA	NA	Author labels,predeclared coarse mapping	mean_donor(mean_cell(log1p(10000*counts/all_gene_library)))	NA	NA
PDAC	GSE278688	06_EXTERNAL	20260922T131800Z_author_identity_v4	PDAC_author_cell_identity_v4	sc_expression_source	NA	NA	SLC38A10	author_source_label	11	13	equal_donor_mean_cellwise_log1p10k	0.1711186503678624	NA	NA	NA	NA	SC_SOURCE_DESCRIPTIVE	NA	DONE	Donor-equal descriptive expression	GSE278688	UniProtKB:Q9HBR0	primary_tumor	B/Plasma	13	11	7721	7703	0.1432348269919862	0.1711760987741405	0.1439311360242758	0.1942030699195275	Author labels,predeclared coarse mapping	mean_donor(mean_cell(log1p(10000*counts/all_gene_library)))	0.0	0.616694424192187
PDAC	GSE278688	06_EXTERNAL	20260922T131800Z_author_identity_v4	PDAC_author_cell_identity_v4	sc_expression_source	NA	NA	SLC38A10	author_source_label	0	13	equal_donor_mean_cellwise_log1p10k	NA	NA	NA	NA	NA	SC_SOURCE_DESCRIPTIVE	NA	NOT_EVALUABLE	GENE_MISSING_OR_LT3_ELIGIBLE_LABELS	GSE278688	UniProtKB:Q9HBR0	primary_tumor	Endocrine	12	0	37	0	NA	NA	NA	NA	Author labels,predeclared coarse mapping	mean_donor(mean_cell(log1p(10000*counts/all_gene_library)))	NA	NA
PDAC	GSE278688	06_EXTERNAL	20260922T131800Z_author_identity_v4	PDAC_author_cell_identity_v4	sc_expression_source	NA	NA	SLC38A10	author_source_label	13	13	equal_donor_mean_cellwise_log1p10k	0.2774772134384255	NA	NA	NA	NA	SC_SOURCE_DESCRIPTIVE	NA	DONE	Donor-equal descriptive expression	GSE278688	UniProtKB:Q9HBR0	primary_tumor	Endothelial	13	13	2011	2011	0.2639793579146107	0.2652116265684837	0.2565246458928097	0.2989974140999328	Author labels,predeclared coarse mapping	mean_donor(mean_cell(log1p(10000*counts/all_gene_library)))	0.568	1.0
PDAC	GSE278688	06_EXTERNAL	20260922T131800Z_author_identity_v4	PDAC_author_cell_identity_v4	sc_expression_source	NA	NA	SLC38A10	author_source_label	12	13	equal_donor_mean_cellwise_log1p10k	0.2699433379293648	NA	NA	NA	NA	SC_SOURCE_DESCRIPTIVE	NA	DONE	Donor-equal descriptive expression	GSE278688	UniProtKB:Q9HBR0	primary_tumor	Ductal (unresolved)	13	12	8370	8351	0.2337451435092515	0.3050917535442602	0.2061703334457169	0.3427621512818514	Author labels,predeclared coarse mapping	mean_donor(mean_cell(log1p(10000*counts/all_gene_library)))	0.432	0.9728486695692851
PDAC	GSE278688	06_EXTERNAL	20260922T131800Z_author_identity_v4	PDAC_author_cell_identity_v4	sc_expression_source	NA	NA	SLC38A10	author_source_label	13	13	equal_donor_mean_cellwise_log1p10k	0.2199430473319704	NA	NA	NA	NA	SC_SOURCE_DESCRIPTIVE	NA	DONE	Donor-equal descriptive expression	GSE278688	UniProtKB:Q9HBR0	primary_tumor	Fibroblast/CAF	13	13	4948	4948	0.2453225351775128	0.2243000506687437	0.2088694156356344	0.2385835334662901	Author labels,predeclared coarse mapping	mean_donor(mean_cell(log1p(10000*counts/all_gene_library)))	0.0	0.792652645622656
PDAC	GSE278688	06_EXTERNAL	20260922T131800Z_author_identity_v4	PDAC_author_cell_identity_v4	sc_expression_source	NA	NA	SLC38A10	author_source_label	13	13	equal_donor_mean_cellwise_log1p10k	0.1925472009073579	NA	NA	NA	NA	SC_SOURCE_DESCRIPTIVE	NA	DONE	Donor-equal descriptive expression	GSE278688	UniProtKB:Q9HBR0	primary_tumor	Myeloid	13	13	5654	5654	0.2087329248874641	0.1950568328160216	0.161193084088352	0.2419428310965999	Author labels,predeclared coarse mapping	mean_donor(mean_cell(log1p(10000*counts/all_gene_library)))	0.0	0.6939207674798339
PDAC	GSE278688	06_EXTERNAL	20260922T131800Z_author_identity_v4	PDAC_author_cell_identity_v4	sc_expression_source	NA	NA	SLC38A10	author_source_label	2	13	equal_donor_mean_cellwise_log1p10k	NA	NA	NA	NA	NA	SC_SOURCE_DESCRIPTIVE	NA	NOT_EVALUABLE	GENE_MISSING_OR_LT3_ELIGIBLE_LABELS	GSE278688	UniProtKB:Q9HBR0	primary_tumor	Schwann	12	2	221	154	NA	NA	NA	NA	Author labels,predeclared coarse mapping	mean_donor(mean_cell(log1p(10000*counts/all_gene_library)))	NA	NA
PDAC	GSE278688	06_EXTERNAL	20260922T131800Z_author_identity_v4	PDAC_author_cell_identity_v4	sc_expression_source	NA	NA	SLC38A10	author_source_label	13	13	equal_donor_mean_cellwise_log1p10k	0.1577989127108823	NA	NA	NA	NA	SC_SOURCE_DESCRIPTIVE	NA	DONE	Donor-equal descriptive expression	GSE278688	UniProtKB:Q9HBR0	primary_tumor	T/NK	13	13	42168	42168	0.1198369660201127	0.1509457541647936	0.1349943306070588	0.1806497479940378	Author labels,predeclared coarse mapping	mean_donor(mean_cell(log1p(10000*counts/all_gene_library)))	0.0	0.5686914278671001
PDAC	GSE278688	06_EXTERNAL	20260922T131800Z_author_identity_v4	PDAC_author_cell_identity_v4	sc_expression_source	NA	NA	SLC38A2	author_source_label	2	13	equal_donor_mean_cellwise_log1p10k	NA	NA	NA	NA	NA	SC_SOURCE_DESCRIPTIVE	NA	NOT_EVALUABLE	GENE_MISSING_OR_LT3_ELIGIBLE_LABELS	GSE278688	UniProtKB:Q96QD8	primary_tumor	Acinar	7	2	284	245	NA	NA	NA	NA	Author labels,predeclared coarse mapping	mean_donor(mean_cell(log1p(10000*counts/all_gene_library)))	NA	NA
PDAC	GSE278688	06_EXTERNAL	20260922T131800Z_author_identity_v4	PDAC_author_cell_identity_v4	sc_expression_source	NA	NA	SLC38A2	author_source_label	11	13	equal_donor_mean_cellwise_log1p10k	0.6167278310839347	NA	NA	NA	NA	SC_SOURCE_DESCRIPTIVE	NA	DONE	Donor-equal descriptive expression	GSE278688	UniProtKB:Q96QD8	primary_tumor	B/Plasma	13	11	7721	7703	0.3850616508040042	0.6104142672204168	0.5201966977196748	0.6679543376502382	Author labels,predeclared coarse mapping	mean_donor(mean_cell(log1p(10000*counts/all_gene_library)))	0.0	0.5425966896920784
PDAC	GSE278688	06_EXTERNAL	20260922T131800Z_author_identity_v4	PDAC_author_cell_identity_v4	sc_expression_source	NA	NA	SLC38A2	author_source_label	0	13	equal_donor_mean_cellwise_log1p10k	NA	NA	NA	NA	NA	SC_SOURCE_DESCRIPTIVE	NA	NOT_EVALUABLE	GENE_MISSING_OR_LT3_ELIGIBLE_LABELS	GSE278688	UniProtKB:Q96QD8	primary_tumor	Endocrine	12	0	37	0	NA	NA	NA	NA	Author labels,predeclared coarse mapping	mean_donor(mean_cell(log1p(10000*counts/all_gene_library)))	NA	NA
PDAC	GSE278688	06_EXTERNAL	20260922T131800Z_author_identity_v4	PDAC_author_cell_identity_v4	sc_expression_source	NA	NA	SLC38A2	author_source_label	13	13	equal_donor_mean_cellwise_log1p10k	1.136622914957195	NA	NA	NA	NA	SC_SOURCE_DESCRIPTIVE	NA	DONE	Donor-equal descriptive expression	GSE278688	UniProtKB:Q96QD8	primary_tumor	Endothelial	13	13	2011	2011	0.6925482753816569	1.1797645543797708	1.0540864065332416	1.2894222278124785	Author labels,predeclared coarse mapping	mean_donor(mean_cell(log1p(10000*counts/all_gene_library)))	0.994	1.0
PDAC	GSE278688	06_EXTERNAL	20260922T131800Z_author_identity_v4	PDAC_author_cell_identity_v4	sc_expression_source	NA	NA	SLC38A2	author_source_label	12	13	equal_donor_mean_cellwise_log1p10k	0.6564810366724839	NA	NA	NA	NA	SC_SOURCE_DESCRIPTIVE	NA	DONE	Donor-equal descriptive expression	GSE278688	UniProtKB:Q96QD8	primary_tumor	Ductal (unresolved)	13	12	8370	8351	0.3933916878138323	0.6188214598133992	0.5012592067332375	0.8117089402538475	Author labels,predeclared coarse mapping	mean_donor(mean_cell(log1p(10000*counts/all_gene_library)))	0.0	0.5775715305697553
PDAC	GSE278688	06_EXTERNAL	20260922T131800Z_author_identity_v4	PDAC_author_cell_identity_v4	sc_expression_source	NA	NA	SLC38A2	author_source_label	13	13	equal_donor_mean_cellwise_log1p10k	0.9297014589272448	NA	NA	NA	NA	SC_SOURCE_DESCRIPTIVE	NA	DONE	Donor-equal descriptive expression	GSE278688	UniProtKB:Q96QD8	primary_tumor	Fibroblast/CAF	13	13	4948	4948	0.6191670852468173	0.8948249724878442	0.8698113175027566	1.007280206281559	Author labels,predeclared coarse mapping	mean_donor(mean_cell(log1p(10000*counts/all_gene_library)))	0.0	0.8179506560117673
PDAC	GSE278688	06_EXTERNAL	20260922T131800Z_author_identity_v4	PDAC_author_cell_identity_v4	sc_expression_source	NA	NA	SLC38A2	author_source_label	13	13	equal_donor_mean_cellwise_log1p10k	0.7408346105237993	NA	NA	NA	NA	SC_SOURCE_DESCRIPTIVE	NA	DONE	Donor-equal descriptive expression	GSE278688	UniProtKB:Q96QD8	primary_tumor	Myeloid	13	13	5654	5654	0.5102240272224363	0.7855673941906757	0.715666731235314	0.826710405240087	Author labels,predeclared coarse mapping	mean_donor(mean_cell(log1p(10000*counts/all_gene_library)))	0.0	0.6517857424612093
PDAC	GSE278688	06_EXTERNAL	20260922T131800Z_author_identity_v4	PDAC_author_cell_identity_v4	sc_expression_source	NA	NA	SLC38A2	author_source_label	2	13	equal_donor_mean_cellwise_log1p10k	NA	NA	NA	NA	NA	SC_SOURCE_DESCRIPTIVE	NA	NOT_EVALUABLE	GENE_MISSING_OR_LT3_ELIGIBLE_LABELS	GSE278688	UniProtKB:Q96QD8	primary_tumor	Schwann	12	2	221	154	NA	NA	NA	NA	Author labels,predeclared coarse mapping	mean_donor(mean_cell(log1p(10000*counts/all_gene_library)))	NA	NA
PDAC	GSE278688	06_EXTERNAL	20260922T131800Z_author_identity_v4	PDAC_author_cell_identity_v4	sc_expression_source	NA	NA	SLC38A2	author_source_label	13	13	equal_donor_mean_cellwise_log1p10k	0.9846295319587086	NA	NA	NA	NA	SC_SOURCE_DESCRIPTIVE	NA	DONE	Donor-equal descriptive expression	GSE278688	UniProtKB:Q96QD8	primary_tumor	T/NK	13	13	42168	42168	0.5613032816571075	0.9812464744904696	0.8870766774047225	1.0639744940945	Author labels,predeclared coarse mapping	mean_donor(mean_cell(log1p(10000*counts/all_gene_library)))	0.006	0.8662763340432826
PDAC	GSE278688	06_EXTERNAL	20260922T131800Z_author_identity_v4	PDAC_author_cell_identity_v4	sc_expression_source	NA	NA	SLC38A3	author_source_label	2	13	equal_donor_mean_cellwise_log1p10k	NA	NA	NA	NA	NA	SC_SOURCE_DESCRIPTIVE	NA	NOT_EVALUABLE	GENE_MISSING_OR_LT3_ELIGIBLE_LABELS	GSE278688	UniProtKB:Q99624	primary_tumor	Acinar	7	2	284	245	NA	NA	NA	NA	Author labels,predeclared coarse mapping	mean_donor(mean_cell(log1p(10000*counts/all_gene_library)))	NA	NA
PDAC	GSE278688	06_EXTERNAL	20260922T131800Z_author_identity_v4	PDAC_author_cell_identity_v4	sc_expression_source	NA	NA	SLC38A3	author_source_label	11	13	equal_donor_mean_cellwise_log1p10k	0.0	NA	NA	NA	NA	SC_SOURCE_DESCRIPTIVE	NA	DONE	Donor-equal descriptive expression	GSE278688	UniProtKB:Q99624	primary_tumor	B/Plasma	13	11	7721	7703	0.0	0.0	0.0	0.0	Author labels,predeclared coarse mapping	mean_donor(mean_cell(log1p(10000*counts/all_gene_library)))	0.0	0.0
PDAC	GSE278688	06_EXTERNAL	20260922T131800Z_author_identity_v4	PDAC_author_cell_identity_v4	sc_expression_source	NA	NA	SLC38A3	author_source_label	0	13	equal_donor_mean_cellwise_log1p10k	NA	NA	NA	NA	NA	SC_SOURCE_DESCRIPTIVE	NA	NOT_EVALUABLE	GENE_MISSING_OR_LT3_ELIGIBLE_LABELS	GSE278688	UniProtKB:Q99624	primary_tumor	Endocrine	12	0	37	0	NA	NA	NA	NA	Author labels,predeclared coarse mapping	mean_donor(mean_cell(log1p(10000*counts/all_gene_library)))	NA	NA
PDAC	GSE278688	06_EXTERNAL	20260922T131800Z_author_identity_v4	PDAC_author_cell_identity_v4	sc_expression_source	NA	NA	SLC38A3	author_source_label	13	13	equal_donor_mean_cellwise_log1p10k	0.0013785353174006	NA	NA	NA	NA	SC_SOURCE_DESCRIPTIVE	NA	DONE	Donor-equal descriptive expression	GSE278688	UniProtKB:Q99624	primary_tumor	Endothelial	13	13	2011	2011	0.0018701420682232	0.0	0.0	0.0013962032095244	Author labels,predeclared coarse mapping	mean_donor(mean_cell(log1p(10000*counts/all_gene_library)))	0.0	0.029717104618068847
PDAC	GSE278688	06_EXTERNAL	20260922T131800Z_author_identity_v4	PDAC_author_cell_identity_v4	sc_expression_source	NA	NA	SLC38A3	author_source_label	12	13	equal_donor_mean_cellwise_log1p10k	0.0463886147428512	NA	NA	NA	NA	SC_SOURCE_DESCRIPTIVE	NA	DONE	Donor-equal descriptive expression	GSE278688	UniProtKB:Q99624	primary_tumor	Ductal (unresolved)	13	12	8370	8351	0.04614261367331	0.0286201333417292	0.0059607005656833	0.0755801525719117	Author labels,predeclared coarse mapping	mean_donor(mean_cell(log1p(10000*counts/all_gene_library)))	1.0	1.0
PDAC	GSE278688	06_EXTERNAL	20260922T131800Z_author_identity_v4	PDAC_author_cell_identity_v4	sc_expression_source	NA	NA	SLC38A3	author_source_label	13	13	equal_donor_mean_cellwise_log1p10k	0.0035909574026162	NA	NA	NA	NA	SC_SOURCE_DESCRIPTIVE	NA	DONE	Donor-equal descriptive expression	GSE278688	UniProtKB:Q99624	primary_tumor	Fibroblast/CAF	13	13	4948	4948	0.0038202709313139	0.0016994317302091	0.0	0.0036345000703119	Author labels,predeclared coarse mapping	mean_donor(mean_cell(log1p(10000*counts/all_gene_library)))	0.0	0.07741031765061687
PDAC	GSE278688	06_EXTERNAL	20260922T131800Z_author_identity_v4	PDAC_author_cell_identity_v4	sc_expression_source	NA	NA	SLC38A3	author_source_label	13	13	equal_donor_mean_cellwise_log1p10k	0.0003889233603737	NA	NA	NA	NA	SC_SOURCE_DESCRIPTIVE	NA	DONE	Donor-equal descriptive expression	GSE278688	UniProtKB:Q99624	primary_tumor	Myeloid	13	13	5654	5654	0.0004355547833808	0.0	0.0	0.0	Author labels,predeclared coarse mapping	mean_donor(mean_cell(log1p(10000*counts/all_gene_library)))	0.0	0.008384026178182779
PDAC	GSE278688	06_EXTERNAL	20260922T131800Z_author_identity_v4	PDAC_author_cell_identity_v4	sc_expression_source	NA	NA	SLC38A3	author_source_label	2	13	equal_donor_mean_cellwise_log1p10k	NA	NA	NA	NA	NA	SC_SOURCE_DESCRIPTIVE	NA	NOT_EVALUABLE	GENE_MISSING_OR_LT3_ELIGIBLE_LABELS	GSE278688	UniProtKB:Q99624	primary_tumor	Schwann	12	2	221	154	NA	NA	NA	NA	Author labels,predeclared coarse mapping	mean_donor(mean_cell(log1p(10000*counts/all_gene_library)))	NA	NA
PDAC	GSE278688	06_EXTERNAL	20260922T131800Z_author_identity_v4	PDAC_author_cell_identity_v4	sc_expression_source	NA	NA	SLC38A3	author_source_label	13	13	equal_donor_mean_cellwise_log1p10k	0.0005724454907963	NA	NA	NA	NA	SC_SOURCE_DESCRIPTIVE	NA	DONE	Donor-equal descriptive expression	GSE278688	UniProtKB:Q99624	primary_tumor	T/NK	13	13	42168	42168	0.0005705393675477	0.0003466295567062	0.0	0.0012081062940736	Author labels,predeclared coarse mapping	mean_donor(mean_cell(log1p(10000*counts/all_gene_library)))	0.0	0.012340215243968191
PDAC	GSE278688	06_EXTERNAL	20260922T131800Z_author_identity_v4	PDAC_author_cell_identity_v4	sc_expression_source	NA	NA	SLC38A4	author_source_label	2	13	equal_donor_mean_cellwise_log1p10k	NA	NA	NA	NA	NA	SC_SOURCE_DESCRIPTIVE	NA	NOT_EVALUABLE	GENE_MISSING_OR_LT3_ELIGIBLE_LABELS	GSE278688	UniProtKB:Q969I6	primary_tumor	Acinar	7	2	284	245	NA	NA	NA	NA	Author labels,predeclared coarse mapping	mean_donor(mean_cell(log1p(10000*counts/all_gene_library)))	NA	NA
PDAC	GSE278688	06_EXTERNAL	20260922T131800Z_author_identity_v4	PDAC_author_cell_identity_v4	sc_expression_source	NA	NA	SLC38A4	author_source_label	11	13	equal_donor_mean_cellwise_log1p10k	0.0002492711187421	NA	NA	NA	NA	SC_SOURCE_DESCRIPTIVE	NA	DONE	Donor-equal descriptive expression	GSE278688	UniProtKB:Q969I6	primary_tumor	B/Plasma	13	11	7721	7703	0.0002809128166611	0.0	0.0	0.0	Author labels,predeclared coarse mapping	mean_donor(mean_cell(log1p(10000*counts/all_gene_library)))	0.0	0.02310691119968053
PDAC	GSE278688	06_EXTERNAL	20260922T131800Z_author_identity_v4	PDAC_author_cell_identity_v4	sc_expression_source	NA	NA	SLC38A4	author_source_label	0	13	equal_donor_mean_cellwise_log1p10k	NA	NA	NA	NA	NA	SC_SOURCE_DESCRIPTIVE	NA	NOT_EVALUABLE	GENE_MISSING_OR_LT3_ELIGIBLE_LABELS	GSE278688	UniProtKB:Q969I6	primary_tumor	Endocrine	12	0	37	0	NA	NA	NA	NA	Author labels,predeclared coarse mapping	mean_donor(mean_cell(log1p(10000*counts/all_gene_library)))	NA	NA
PDAC	GSE278688	06_EXTERNAL	20260922T131800Z_author_identity_v4	PDAC_author_cell_identity_v4	sc_expression_source	NA	NA	SLC38A4	author_source_label	13	13	equal_donor_mean_cellwise_log1p10k	0.0023511789997688	NA	NA	NA	NA	SC_SOURCE_DESCRIPTIVE	NA	DONE	Donor-equal descriptive expression	GSE278688	UniProtKB:Q969I6	primary_tumor	Endothelial	13	13	2011	2011	0.0029436129820951	0.0	0.0	0.0037822691961984	Author labels,predeclared coarse mapping	mean_donor(mean_cell(log1p(10000*counts/all_gene_library)))	0.127	0.21794937430525393
PDAC	GSE278688	06_EXTERNAL	20260922T131800Z_author_identity_v4	PDAC_author_cell_identity_v4	sc_expression_source	NA	NA	SLC38A4	author_source_label	12	13	equal_donor_mean_cellwise_log1p10k	0.0015593502484269	NA	NA	NA	NA	SC_SOURCE_DESCRIPTIVE	NA	DONE	Donor-equal descriptive expression	GSE278688	UniProtKB:Q969I6	primary_tumor	Ductal (unresolved)	13	12	8370	8351	0.0016503043813799	0.0003999879277701	0.0	0.0032881769437766	Author labels,predeclared coarse mapping	mean_donor(mean_cell(log1p(10000*counts/all_gene_library)))	0.007	0.14454850566494715
PDAC	GSE278688	06_EXTERNAL	20260922T131800Z_author_identity_v4	PDAC_author_cell_identity_v4	sc_expression_source	NA	NA	SLC38A4	author_source_label	13	13	equal_donor_mean_cellwise_log1p10k	0.010787729982082	NA	NA	NA	NA	SC_SOURCE_DESCRIPTIVE	NA	DONE	Donor-equal descriptive expression	GSE278688	UniProtKB:Q969I6	primary_tumor	Fibroblast/CAF	13	13	4948	4948	0.0141846701676119	0.0010515650928741	0.0	0.005323996741901	Author labels,predeclared coarse mapping	mean_donor(mean_cell(log1p(10000*counts/all_gene_library)))	0.866	1.0
PDAC	GSE278688	06_EXTERNAL	20260922T131800Z_author_identity_v4	PDAC_author_cell_identity_v4	sc_expression_source	NA	NA	SLC38A4	author_source_label	13	13	equal_donor_mean_cellwise_log1p10k	0.0003314578104562	NA	NA	NA	NA	SC_SOURCE_DESCRIPTIVE	NA	DONE	Donor-equal descriptive expression	GSE278688	UniProtKB:Q969I6	primary_tumor	Myeloid	13	13	5654	5654	0.0005909332832409	0.0	0.0	0.0	Author labels,predeclared coarse mapping	mean_donor(mean_cell(log1p(10000*counts/all_gene_library)))	0.0	0.03072544557629256
PDAC	GSE278688	06_EXTERNAL	20260922T131800Z_author_identity_v4	PDAC_author_cell_identity_v4	sc_expression_source	NA	NA	SLC38A4	author_source_label	2	13	equal_donor_mean_cellwise_log1p10k	NA	NA	NA	NA	NA	SC_SOURCE_DESCRIPTIVE	NA	NOT_EVALUABLE	GENE_MISSING_OR_LT3_ELIGIBLE_LABELS	GSE278688	UniProtKB:Q969I6	primary_tumor	Schwann	12	2	221	154	NA	NA	NA	NA	Author labels,predeclared coarse mapping	mean_donor(mean_cell(log1p(10000*counts/all_gene_library)))	NA	NA
PDAC	GSE278688	06_EXTERNAL	20260922T131800Z_author_identity_v4	PDAC_author_cell_identity_v4	sc_expression_source	NA	NA	SLC38A4	author_source_label	13	13	equal_donor_mean_cellwise_log1p10k	7.664831532431606e-05	NA	NA	NA	NA	SC_SOURCE_DESCRIPTIVE	NA	DONE	Donor-equal descriptive expression	GSE278688	UniProtKB:Q969I6	primary_tumor	T/NK	13	13	42168	42168	7.064399907376543e-05	0.0	0.0	0.0	Author labels,predeclared coarse mapping	mean_donor(mean_cell(log1p(10000*counts/all_gene_library)))	0.0	0.007105138472285265
PDAC	GSE278688	06_EXTERNAL	20260922T131800Z_author_identity_v4	PDAC_author_cell_identity_v4	sc_expression_source	NA	NA	SLC38A7	author_source_label	2	13	equal_donor_mean_cellwise_log1p10k	NA	NA	NA	NA	NA	SC_SOURCE_DESCRIPTIVE	NA	NOT_EVALUABLE	GENE_MISSING_OR_LT3_ELIGIBLE_LABELS	GSE278688	UniProtKB:Q9NVC3	primary_tumor	Acinar	7	2	284	245	NA	NA	NA	NA	Author labels,predeclared coarse mapping	mean_donor(mean_cell(log1p(10000*counts/all_gene_library)))	NA	NA
PDAC	GSE278688	06_EXTERNAL	20260922T131800Z_author_identity_v4	PDAC_author_cell_identity_v4	sc_expression_source	NA	NA	SLC38A7	author_source_label	11	13	equal_donor_mean_cellwise_log1p10k	0.010433012038519	NA	NA	NA	NA	SC_SOURCE_DESCRIPTIVE	NA	DONE	Donor-equal descriptive expression	GSE278688	UniProtKB:Q9NVC3	primary_tumor	B/Plasma	13	11	7721	7703	0.0083468165121097	0.0131007189594104	0.0046014427473263	0.0138702572679043	Author labels,predeclared coarse mapping	mean_donor(mean_cell(log1p(10000*counts/all_gene_library)))	0.0	0.17618158401915268
PDAC	GSE278688	06_EXTERNAL	20260922T131800Z_author_identity_v4	PDAC_author_cell_identity_v4	sc_expression_source	NA	NA	SLC38A7	author_source_label	0	13	equal_donor_mean_cellwise_log1p10k	NA	NA	NA	NA	NA	SC_SOURCE_DESCRIPTIVE	NA	NOT_EVALUABLE	GENE_MISSING_OR_LT3_ELIGIBLE_LABELS	GSE278688	UniProtKB:Q9NVC3	primary_tumor	Endocrine	12	0	37	0	NA	NA	NA	NA	Author labels,predeclared coarse mapping	mean_donor(mean_cell(log1p(10000*counts/all_gene_library)))	NA	NA
PDAC	GSE278688	06_EXTERNAL	20260922T131800Z_author_identity_v4	PDAC_author_cell_identity_v4	sc_expression_source	NA	NA	SLC38A7	author_source_label	13	13	equal_donor_mean_cellwise_log1p10k	0.055525973248556	NA	NA	NA	NA	SC_SOURCE_DESCRIPTIVE	NA	DONE	Donor-equal descriptive expression	GSE278688	UniProtKB:Q9NVC3	primary_tumor	Endothelial	13	13	2011	2011	0.0644157801429483	0.0456627259474363	0.0242558906383679	0.0676785281804149	Author labels,predeclared coarse mapping	mean_donor(mean_cell(log1p(10000*counts/all_gene_library)))	0.348	0.9376634365049935
PDAC	GSE278688	06_EXTERNAL	20260922T131800Z_author_identity_v4	PDAC_author_cell_identity_v4	sc_expression_source	NA	NA	SLC38A7	author_source_label	12	13	equal_donor_mean_cellwise_log1p10k	0.0381380151585893	NA	NA	NA	NA	SC_SOURCE_DESCRIPTIVE	NA	DONE	Donor-equal descriptive expression	GSE278688	UniProtKB:Q9NVC3	primary_tumor	Ductal (unresolved)	13	12	8370	8351	0.0405728774120037	0.0454834786391619	0.0288755837410473	0.0498698701270216	Author labels,predeclared coarse mapping	mean_donor(mean_cell(log1p(10000*counts/all_gene_library)))	0.0	0.644034138672434
PDAC	GSE278688	06_EXTERNAL	20260922T131800Z_author_identity_v4	PDAC_author_cell_identity_v4	sc_expression_source	NA	NA	SLC38A7	author_source_label	13	13	equal_donor_mean_cellwise_log1p10k	0.041312259008502	NA	NA	NA	NA	SC_SOURCE_DESCRIPTIVE	NA	DONE	Donor-equal descriptive expression	GSE278688	UniProtKB:Q9NVC3	primary_tumor	Fibroblast/CAF	13	13	4948	4948	0.0526764399026736	0.0335593249999564	0.0291688029076953	0.0526023235251502	Author labels,predeclared coarse mapping	mean_donor(mean_cell(log1p(10000*counts/all_gene_library)))	0.003	0.6976373845496486
PDAC	GSE278688	06_EXTERNAL	20260922T131800Z_author_identity_v4	PDAC_author_cell_identity_v4	sc_expression_source	NA	NA	SLC38A7	author_source_label	13	13	equal_donor_mean_cellwise_log1p10k	0.0592173812978366	NA	NA	NA	NA	SC_SOURCE_DESCRIPTIVE	NA	DONE	Donor-equal descriptive expression	GSE278688	UniProtKB:Q9NVC3	primary_tumor	Myeloid	13	13	5654	5654	0.0724379373159937	0.0628518486619616	0.0493377434670921	0.0844498974910154	Author labels,predeclared coarse mapping	mean_donor(mean_cell(log1p(10000*counts/all_gene_library)))	0.649	1.0
PDAC	GSE278688	06_EXTERNAL	20260922T131800Z_author_identity_v4	PDAC_author_cell_identity_v4	sc_expression_source	NA	NA	SLC38A7	author_source_label	2	13	equal_donor_mean_cellwise_log1p10k	NA	NA	NA	NA	NA	SC_SOURCE_DESCRIPTIVE	NA	NOT_EVALUABLE	GENE_MISSING_OR_LT3_ELIGIBLE_LABELS	GSE278688	UniProtKB:Q9NVC3	primary_tumor	Schwann	12	2	221	154	NA	NA	NA	NA	Author labels,predeclared coarse mapping	mean_donor(mean_cell(log1p(10000*counts/all_gene_library)))	NA	NA
PDAC	GSE278688	06_EXTERNAL	20260922T131800Z_author_identity_v4	PDAC_author_cell_identity_v4	sc_expression_source	NA	NA	SLC38A7	author_source_label	13	13	equal_donor_mean_cellwise_log1p10k	0.0140798065942131	NA	NA	NA	NA	SC_SOURCE_DESCRIPTIVE	NA	DONE	Donor-equal descriptive expression	GSE278688	UniProtKB:Q9NVC3	primary_tumor	T/NK	13	13	42168	42168	0.0110312786850586	0.0142184248401965	0.0112124870504048	0.0168422000287294	Author labels,predeclared coarse mapping	mean_donor(mean_cell(log1p(10000*counts/all_gene_library)))	0.0	0.23776476239970917
PDAC	GSE278688	06_EXTERNAL	20260922T131800Z_author_identity_v4	PDAC_author_cell_identity_v4	sc_expression_source	NA	NA	SLC38A8	author_source_label	2	13	equal_donor_mean_cellwise_log1p10k	NA	NA	NA	NA	NA	SC_SOURCE_DESCRIPTIVE	NA	NOT_EVALUABLE	GENE_MISSING_OR_LT3_ELIGIBLE_LABELS	GSE278688	UniProtKB:A6NNN8	primary_tumor	Acinar	7	2	284	245	NA	NA	NA	NA	Author labels,predeclared coarse mapping	mean_donor(mean_cell(log1p(10000*counts/all_gene_library)))	NA	NA
PDAC	GSE278688	06_EXTERNAL	20260922T131800Z_author_identity_v4	PDAC_author_cell_identity_v4	sc_expression_source	NA	NA	SLC38A8	author_source_label	11	13	equal_donor_mean_cellwise_log1p10k	0.0	NA	NA	NA	NA	SC_SOURCE_DESCRIPTIVE	NA	DONE	Donor-equal descriptive expression	GSE278688	UniProtKB:A6NNN8	primary_tumor	B/Plasma	13	11	7721	7703	0.0	0.0	0.0	0.0	Author labels,predeclared coarse mapping	mean_donor(mean_cell(log1p(10000*counts/all_gene_library)))	NA	0.0
PDAC	GSE278688	06_EXTERNAL	20260922T131800Z_author_identity_v4	PDAC_author_cell_identity_v4	sc_expression_source	NA	NA	SLC38A8	author_source_label	0	13	equal_donor_mean_cellwise_log1p10k	NA	NA	NA	NA	NA	SC_SOURCE_DESCRIPTIVE	NA	NOT_EVALUABLE	GENE_MISSING_OR_LT3_ELIGIBLE_LABELS	GSE278688	UniProtKB:A6NNN8	primary_tumor	Endocrine	12	0	37	0	NA	NA	NA	NA	Author labels,predeclared coarse mapping	mean_donor(mean_cell(log1p(10000*counts/all_gene_library)))	NA	NA
PDAC	GSE278688	06_EXTERNAL	20260922T131800Z_author_identity_v4	PDAC_author_cell_identity_v4	sc_expression_source	NA	NA	SLC38A8	author_source_label	13	13	equal_donor_mean_cellwise_log1p10k	0.0	NA	NA	NA	NA	SC_SOURCE_DESCRIPTIVE	NA	DONE	Donor-equal descriptive expression	GSE278688	UniProtKB:A6NNN8	primary_tumor	Endothelial	13	13	2011	2011	0.0	0.0	0.0	0.0	Author labels,predeclared coarse mapping	mean_donor(mean_cell(log1p(10000*counts/all_gene_library)))	NA	0.0
PDAC	GSE278688	06_EXTERNAL	20260922T131800Z_author_identity_v4	PDAC_author_cell_identity_v4	sc_expression_source	NA	NA	SLC38A8	author_source_label	12	13	equal_donor_mean_cellwise_log1p10k	0.0004984645924198	NA	NA	NA	NA	SC_SOURCE_DESCRIPTIVE	NA	DONE	Donor-equal descriptive expression	GSE278688	UniProtKB:A6NNN8	primary_tumor	Ductal (unresolved)	13	12	8370	8351	0.0002458210422812	0.0	0.0	0.0	Author labels,predeclared coarse mapping	mean_donor(mean_cell(log1p(10000*counts/all_gene_library)))	NA	1.0
PDAC	GSE278688	06_EXTERNAL	20260922T131800Z_author_identity_v4	PDAC_author_cell_identity_v4	sc_expression_source	NA	NA	SLC38A8	author_source_label	13	13	equal_donor_mean_cellwise_log1p10k	0.0	NA	NA	NA	NA	SC_SOURCE_DESCRIPTIVE	NA	DONE	Donor-equal descriptive expression	GSE278688	UniProtKB:A6NNN8	primary_tumor	Fibroblast/CAF	13	13	4948	4948	0.0	0.0	0.0	0.0	Author labels,predeclared coarse mapping	mean_donor(mean_cell(log1p(10000*counts/all_gene_library)))	NA	0.0
PDAC	GSE278688	06_EXTERNAL	20260922T131800Z_author_identity_v4	PDAC_author_cell_identity_v4	sc_expression_source	NA	NA	SLC38A8	author_source_label	13	13	equal_donor_mean_cellwise_log1p10k	0.0	NA	NA	NA	NA	SC_SOURCE_DESCRIPTIVE	NA	DONE	Donor-equal descriptive expression	GSE278688	UniProtKB:A6NNN8	primary_tumor	Myeloid	13	13	5654	5654	0.0	0.0	0.0	0.0	Author labels,predeclared coarse mapping	mean_donor(mean_cell(log1p(10000*counts/all_gene_library)))	NA	0.0
PDAC	GSE278688	06_EXTERNAL	20260922T131800Z_author_identity_v4	PDAC_author_cell_identity_v4	sc_expression_source	NA	NA	SLC38A8	author_source_label	2	13	equal_donor_mean_cellwise_log1p10k	NA	NA	NA	NA	NA	SC_SOURCE_DESCRIPTIVE	NA	NOT_EVALUABLE	GENE_MISSING_OR_LT3_ELIGIBLE_LABELS	GSE278688	UniProtKB:A6NNN8	primary_tumor	Schwann	12	2	221	154	NA	NA	NA	NA	Author labels,predeclared coarse mapping	mean_donor(mean_cell(log1p(10000*counts/all_gene_library)))	NA	NA
PDAC	GSE278688	06_EXTERNAL	20260922T131800Z_author_identity_v4	PDAC_author_cell_identity_v4	sc_expression_source	NA	NA	SLC38A8	author_source_label	13	13	equal_donor_mean_cellwise_log1p10k	0.0	NA	NA	NA	NA	SC_SOURCE_DESCRIPTIVE	NA	DONE	Donor-equal descriptive expression	GSE278688	UniProtKB:A6NNN8	primary_tumor	T/NK	13	13	42168	42168	0.0	0.0	0.0	0.0	Author labels,predeclared coarse mapping	mean_donor(mean_cell(log1p(10000*counts/all_gene_library)))	NA	0.0
PDAC	GSE278688	06_EXTERNAL	20260922T131800Z_author_identity_v4	PDAC_author_cell_identity_v4	sc_expression_source	NA	NA	SLC38A9	author_source_label	2	13	equal_donor_mean_cellwise_log1p10k	NA	NA	NA	NA	NA	SC_SOURCE_DESCRIPTIVE	NA	NOT_EVALUABLE	GENE_MISSING_OR_LT3_ELIGIBLE_LABELS	GSE278688	UniProtKB:Q8NBW4	primary_tumor	Acinar	7	2	284	245	NA	NA	NA	NA	Author labels,predeclared coarse mapping	mean_donor(mean_cell(log1p(10000*counts/all_gene_library)))	NA	NA
PDAC	GSE278688	06_EXTERNAL	20260922T131800Z_author_identity_v4	PDAC_author_cell_identity_v4	sc_expression_source	NA	NA	SLC38A9	author_source_label	11	13	equal_donor_mean_cellwise_log1p10k	0.091108910675013	NA	NA	NA	NA	SC_SOURCE_DESCRIPTIVE	NA	DONE	Donor-equal descriptive expression	GSE278688	UniProtKB:Q8NBW4	primary_tumor	B/Plasma	13	11	7721	7703	0.0758274166098909	0.0940351256596545	0.0717411710189623	0.1058843608732838	Author labels,predeclared coarse mapping	mean_donor(mean_cell(log1p(10000*counts/all_gene_library)))	0.299	0.9443656529268428
PDAC	GSE278688	06_EXTERNAL	20260922T131800Z_author_identity_v4	PDAC_author_cell_identity_v4	sc_expression_source	NA	NA	SLC38A9	author_source_label	0	13	equal_donor_mean_cellwise_log1p10k	NA	NA	NA	NA	NA	SC_SOURCE_DESCRIPTIVE	NA	NOT_EVALUABLE	GENE_MISSING_OR_LT3_ELIGIBLE_LABELS	GSE278688	UniProtKB:Q8NBW4	primary_tumor	Endocrine	12	0	37	0	NA	NA	NA	NA	Author labels,predeclared coarse mapping	mean_donor(mean_cell(log1p(10000*counts/all_gene_library)))	NA	NA
PDAC	GSE278688	06_EXTERNAL	20260922T131800Z_author_identity_v4	PDAC_author_cell_identity_v4	sc_expression_source	NA	NA	SLC38A9	author_source_label	13	13	equal_donor_mean_cellwise_log1p10k	0.0964763070243417	NA	NA	NA	NA	SC_SOURCE_DESCRIPTIVE	NA	DONE	Donor-equal descriptive expression	GSE278688	UniProtKB:Q8NBW4	primary_tumor	Endothelial	13	13	2011	2011	0.1056909989708563	0.0873898150801608	0.0704541674210029	0.1340599033984947	Author labels,predeclared coarse mapping	mean_donor(mean_cell(log1p(10000*counts/all_gene_library)))	0.701	1.0
PDAC	GSE278688	06_EXTERNAL	20260922T131800Z_author_identity_v4	PDAC_author_cell_identity_v4	sc_expression_source	NA	NA	SLC38A9	author_source_label	12	13	equal_donor_mean_cellwise_log1p10k	0.0664607877247003	NA	NA	NA	NA	SC_SOURCE_DESCRIPTIVE	NA	DONE	Donor-equal descriptive expression	GSE278688	UniProtKB:Q8NBW4	primary_tumor	Ductal (unresolved)	13	12	8370	8351	0.0712217030449034	0.0593250883806931	0.0547506325389814	0.0711588047643946	Author labels,predeclared coarse mapping	mean_donor(mean_cell(log1p(10000*counts/all_gene_library)))	0.0	0.6888819625727561
PDAC	GSE278688	06_EXTERNAL	20260922T131800Z_author_identity_v4	PDAC_author_cell_identity_v4	sc_expression_source	NA	NA	SLC38A9	author_source_label	13	13	equal_donor_mean_cellwise_log1p10k	0.0628319800069866	NA	NA	NA	NA	SC_SOURCE_DESCRIPTIVE	NA	DONE	Donor-equal descriptive expression	GSE278688	UniProtKB:Q8NBW4	primary_tumor	Fibroblast/CAF	13	13	4948	4948	0.0724469963529472	0.0605089875063614	0.0416857606001552	0.0732055214151618	Author labels,predeclared coarse mapping	mean_donor(mean_cell(log1p(10000*counts/all_gene_library)))	0.0	0.6512685025467819
PDAC	GSE278688	06_EXTERNAL	20260922T131800Z_author_identity_v4	PDAC_author_cell_identity_v4	sc_expression_source	NA	NA	SLC38A9	author_source_label	13	13	equal_donor_mean_cellwise_log1p10k	0.0543082733982885	NA	NA	NA	NA	SC_SOURCE_DESCRIPTIVE	NA	DONE	Donor-equal descriptive expression	GSE278688	UniProtKB:Q8NBW4	primary_tumor	Myeloid	13	13	5654	5654	0.068304659291291	0.0485213717471904	0.0412953206190446	0.0687828040950483	Author labels,predeclared coarse mapping	mean_donor(mean_cell(log1p(10000*counts/all_gene_library)))	0.0	0.562918244627524
PDAC	GSE278688	06_EXTERNAL	20260922T131800Z_author_identity_v4	PDAC_author_cell_identity_v4	sc_expression_source	NA	NA	SLC38A9	author_source_label	2	13	equal_donor_mean_cellwise_log1p10k	NA	NA	NA	NA	NA	SC_SOURCE_DESCRIPTIVE	NA	NOT_EVALUABLE	GENE_MISSING_OR_LT3_ELIGIBLE_LABELS	GSE278688	UniProtKB:Q8NBW4	primary_tumor	Schwann	12	2	221	154	NA	NA	NA	NA	Author labels,predeclared coarse mapping	mean_donor(mean_cell(log1p(10000*counts/all_gene_library)))	NA	NA
PDAC	GSE278688	06_EXTERNAL	20260922T131800Z_author_identity_v4	PDAC_author_cell_identity_v4	sc_expression_source	NA	NA	SLC38A9	author_source_label	13	13	equal_donor_mean_cellwise_log1p10k	0.0685141276241644	NA	NA	NA	NA	SC_SOURCE_DESCRIPTIVE	NA	DONE	Donor-equal descriptive expression	GSE278688	UniProtKB:Q8NBW4	primary_tumor	T/NK	13	13	42168	42168	0.052468043952591	0.0682713798502755	0.0598819752353538	0.0710909530122271	Author labels,predeclared coarse mapping	mean_donor(mean_cell(log1p(10000*counts/all_gene_library)))	0.0	0.7101653218015254
PDAC	GSE278688	06_EXTERNAL	20260922T131800Z_author_identity_v4	PDAC_author_cell_identity_v4	sc_expression_source	NA	NA	SLC43A1	author_source_label	2	13	equal_donor_mean_cellwise_log1p10k	NA	NA	NA	NA	NA	SC_SOURCE_DESCRIPTIVE	NA	NOT_EVALUABLE	GENE_MISSING_OR_LT3_ELIGIBLE_LABELS	GSE278688	UniProtKB:O75387	primary_tumor	Acinar	7	2	284	245	NA	NA	NA	NA	Author labels,predeclared coarse mapping	mean_donor(mean_cell(log1p(10000*counts/all_gene_library)))	NA	NA
PDAC	GSE278688	06_EXTERNAL	20260922T131800Z_author_identity_v4	PDAC_author_cell_identity_v4	sc_expression_source	NA	NA	SLC43A1	author_source_label	11	13	equal_donor_mean_cellwise_log1p10k	0.0161622666464445	NA	NA	NA	NA	SC_SOURCE_DESCRIPTIVE	NA	DONE	Donor-equal descriptive expression	GSE278688	UniProtKB:O75387	primary_tumor	B/Plasma	13	11	7721	7703	0.0173598408995757	0.0174959160598528	0.0108470311355973	0.0181836950848098	Author labels,predeclared coarse mapping	mean_donor(mean_cell(log1p(10000*counts/all_gene_library)))	0.0	0.19190378707505568
PDAC	GSE278688	06_EXTERNAL	20260922T131800Z_author_identity_v4	PDAC_author_cell_identity_v4	sc_expression_source	NA	NA	SLC43A1	author_source_label	0	13	equal_donor_mean_cellwise_log1p10k	NA	NA	NA	NA	NA	SC_SOURCE_DESCRIPTIVE	NA	NOT_EVALUABLE	GENE_MISSING_OR_LT3_ELIGIBLE_LABELS	GSE278688	UniProtKB:O75387	primary_tumor	Endocrine	12	0	37	0	NA	NA	NA	NA	Author labels,predeclared coarse mapping	mean_donor(mean_cell(log1p(10000*counts/all_gene_library)))	NA	NA
PDAC	GSE278688	06_EXTERNAL	20260922T131800Z_author_identity_v4	PDAC_author_cell_identity_v4	sc_expression_source	NA	NA	SLC43A1	author_source_label	13	13	equal_donor_mean_cellwise_log1p10k	0.0391584213168588	NA	NA	NA	NA	SC_SOURCE_DESCRIPTIVE	NA	DONE	Donor-equal descriptive expression	GSE278688	UniProtKB:O75387	primary_tumor	Endothelial	13	13	2011	2011	0.0445333792693728	0.0355001078749748	0.0262496469785177	0.0473733311321983	Author labels,predeclared coarse mapping	mean_donor(mean_cell(log1p(10000*counts/all_gene_library)))	0.0	0.4649502146556234
PDAC	GSE278688	06_EXTERNAL	20260922T131800Z_author_identity_v4	PDAC_author_cell_identity_v4	sc_expression_source	NA	NA	SLC43A1	author_source_label	12	13	equal_donor_mean_cellwise_log1p10k	0.0255847228276839	NA	NA	NA	NA	SC_SOURCE_DESCRIPTIVE	NA	DONE	Donor-equal descriptive expression	GSE278688	UniProtKB:O75387	primary_tumor	Ductal (unresolved)	13	12	8370	8351	0.0282064927983102	0.0167882480290702	0.0120573340926744	0.046316904581462	Author labels,predeclared coarse mapping	mean_donor(mean_cell(log1p(10000*counts/all_gene_library)))	0.0	0.30378197002326185
PDAC	GSE278688	06_EXTERNAL	20260922T131800Z_author_identity_v4	PDAC_author_cell_identity_v4	sc_expression_source	NA	NA	SLC43A1	author_source_label	13	13	equal_donor_mean_cellwise_log1p10k	0.0842206758542147	NA	NA	NA	NA	SC_SOURCE_DESCRIPTIVE	NA	DONE	Donor-equal descriptive expression	GSE278688	UniProtKB:O75387	primary_tumor	Fibroblast/CAF	13	13	4948	4948	0.1031500495562764	0.0821729007982267	0.0688848848062543	0.0906312097432004	Author labels,predeclared coarse mapping	mean_donor(mean_cell(log1p(10000*counts/all_gene_library)))	1.0	1.0
PDAC	GSE278688	06_EXTERNAL	20260922T131800Z_author_identity_v4	PDAC_author_cell_identity_v4	sc_expression_source	NA	NA	SLC43A1	author_source_label	13	13	equal_donor_mean_cellwise_log1p10k	0.0267173455395438	NA	NA	NA	NA	SC_SOURCE_DESCRIPTIVE	NA	DONE	Donor-equal descriptive expression	GSE278688	UniProtKB:O75387	primary_tumor	Myeloid	13	13	5654	5654	0.0286624899760347	0.020259555227483	0.0166064968360851	0.0301675921800124	Author labels,predeclared coarse mapping	mean_donor(mean_cell(log1p(10000*counts/all_gene_library)))	0.0	0.31723024386305454
PDAC	GSE278688	06_EXTERNAL	20260922T131800Z_author_identity_v4	PDAC_author_cell_identity_v4	sc_expression_source	NA	NA	SLC43A1	author_source_label	2	13	equal_donor_mean_cellwise_log1p10k	NA	NA	NA	NA	NA	SC_SOURCE_DESCRIPTIVE	NA	NOT_EVALUABLE	GENE_MISSING_OR_LT3_ELIGIBLE_LABELS	GSE278688	UniProtKB:O75387	primary_tumor	Schwann	12	2	221	154	NA	NA	NA	NA	Author labels,predeclared coarse mapping	mean_donor(mean_cell(log1p(10000*counts/all_gene_library)))	NA	NA
PDAC	GSE278688	06_EXTERNAL	20260922T131800Z_author_identity_v4	PDAC_author_cell_identity_v4	sc_expression_source	NA	NA	SLC43A1	author_source_label	13	13	equal_donor_mean_cellwise_log1p10k	0.0429498275083077	NA	NA	NA	NA	SC_SOURCE_DESCRIPTIVE	NA	DONE	Donor-equal descriptive expression	GSE278688	UniProtKB:O75387	primary_tumor	T/NK	13	13	42168	42168	0.0338001349922178	0.0448445098864051	0.0391463112454759	0.0473961412931667	Author labels,predeclared coarse mapping	mean_donor(mean_cell(log1p(10000*counts/all_gene_library)))	0.0	0.50996773740754
PDAC	GSE278688	06_EXTERNAL	20260922T131800Z_author_identity_v4	PDAC_author_cell_identity_v4	sc_expression_source	NA	NA	SLC43A2	author_source_label	2	13	equal_donor_mean_cellwise_log1p10k	NA	NA	NA	NA	NA	SC_SOURCE_DESCRIPTIVE	NA	NOT_EVALUABLE	GENE_MISSING_OR_LT3_ELIGIBLE_LABELS	GSE278688	UniProtKB:Q8N370	primary_tumor	Acinar	7	2	284	245	NA	NA	NA	NA	Author labels,predeclared coarse mapping	mean_donor(mean_cell(log1p(10000*counts/all_gene_library)))	NA	NA
PDAC	GSE278688	06_EXTERNAL	20260922T131800Z_author_identity_v4	PDAC_author_cell_identity_v4	sc_expression_source	NA	NA	SLC43A2	author_source_label	11	13	equal_donor_mean_cellwise_log1p10k	0.0818616981914385	NA	NA	NA	NA	SC_SOURCE_DESCRIPTIVE	NA	DONE	Donor-equal descriptive expression	GSE278688	UniProtKB:Q8N370	primary_tumor	B/Plasma	13	11	7721	7703	0.0620626802342709	0.0718679178593344	0.0564291980189088	0.1027797660794248	Author labels,predeclared coarse mapping	mean_donor(mean_cell(log1p(10000*counts/all_gene_library)))	0.0	0.20393478838003745
PDAC	GSE278688	06_EXTERNAL	20260922T131800Z_author_identity_v4	PDAC_author_cell_identity_v4	sc_expression_source	NA	NA	SLC43A2	author_source_label	0	13	equal_donor_mean_cellwise_log1p10k	NA	NA	NA	NA	NA	SC_SOURCE_DESCRIPTIVE	NA	NOT_EVALUABLE	GENE_MISSING_OR_LT3_ELIGIBLE_LABELS	GSE278688	UniProtKB:Q8N370	primary_tumor	Endocrine	12	0	37	0	NA	NA	NA	NA	Author labels,predeclared coarse mapping	mean_donor(mean_cell(log1p(10000*counts/all_gene_library)))	NA	NA
PDAC	GSE278688	06_EXTERNAL	20260922T131800Z_author_identity_v4	PDAC_author_cell_identity_v4	sc_expression_source	NA	NA	SLC43A2	author_source_label	13	13	equal_donor_mean_cellwise_log1p10k	0.0328635425700976	NA	NA	NA	NA	SC_SOURCE_DESCRIPTIVE	NA	DONE	Donor-equal descriptive expression	GSE278688	UniProtKB:Q8N370	primary_tumor	Endothelial	13	13	2011	2011	0.036654953031638	0.0313350171278417	0.0196410394636665	0.0423715761852001	Author labels,predeclared coarse mapping	mean_donor(mean_cell(log1p(10000*counts/all_gene_library)))	0.0	0.0818700289331664
PDAC	GSE278688	06_EXTERNAL	20260922T131800Z_author_identity_v4	PDAC_author_cell_identity_v4	sc_expression_source	NA	NA	SLC43A2	author_source_label	12	13	equal_donor_mean_cellwise_log1p10k	0.0433404231798325	NA	NA	NA	NA	SC_SOURCE_DESCRIPTIVE	NA	DONE	Donor-equal descriptive expression	GSE278688	UniProtKB:Q8N370	primary_tumor	Ductal (unresolved)	13	12	8370	8351	0.0473822145241518	0.0335732645484206	0.0224293603536073	0.0447710157545947	Author labels,predeclared coarse mapping	mean_donor(mean_cell(log1p(10000*counts/all_gene_library)))	0.0	0.10797015240034193
PDAC	GSE278688	06_EXTERNAL	20260922T131800Z_author_identity_v4	PDAC_author_cell_identity_v4	sc_expression_source	NA	NA	SLC43A2	author_source_label	13	13	equal_donor_mean_cellwise_log1p10k	0.0262547676986343	NA	NA	NA	NA	SC_SOURCE_DESCRIPTIVE	NA	DONE	Donor-equal descriptive expression	GSE278688	UniProtKB:Q8N370	primary_tumor	Fibroblast/CAF	13	13	4948	4948	0.0339810617537559	0.0242551242027158	0.0131265206520185	0.0330996409892791	Author labels,predeclared coarse mapping	mean_donor(mean_cell(log1p(10000*counts/all_gene_library)))	0.0	0.06540617422896321
PDAC	GSE278688	06_EXTERNAL	20260922T131800Z_author_identity_v4	PDAC_author_cell_identity_v4	sc_expression_source	NA	NA	SLC43A2	author_source_label	13	13	equal_donor_mean_cellwise_log1p10k	0.4014111512886523	NA	NA	NA	NA	SC_SOURCE_DESCRIPTIVE	NA	DONE	Donor-equal descriptive expression	GSE278688	UniProtKB:Q8N370	primary_tumor	Myeloid	13	13	5654	5654	0.32414794303852	0.3775682236962292	0.2919654513842399	0.4556964703432142	Author labels,predeclared coarse mapping	mean_donor(mean_cell(log1p(10000*counts/all_gene_library)))	1.0	1.0
PDAC	GSE278688	06_EXTERNAL	20260922T131800Z_author_identity_v4	PDAC_author_cell_identity_v4	sc_expression_source	NA	NA	SLC43A2	author_source_label	2	13	equal_donor_mean_cellwise_log1p10k	NA	NA	NA	NA	NA	SC_SOURCE_DESCRIPTIVE	NA	NOT_EVALUABLE	GENE_MISSING_OR_LT3_ELIGIBLE_LABELS	GSE278688	UniProtKB:Q8N370	primary_tumor	Schwann	12	2	221	154	NA	NA	NA	NA	Author labels,predeclared coarse mapping	mean_donor(mean_cell(log1p(10000*counts/all_gene_library)))	NA	NA
PDAC	GSE278688	06_EXTERNAL	20260922T131800Z_author_identity_v4	PDAC_author_cell_identity_v4	sc_expression_source	NA	NA	SLC43A2	author_source_label	13	13	equal_donor_mean_cellwise_log1p10k	0.0183184284390458	NA	NA	NA	NA	SC_SOURCE_DESCRIPTIVE	NA	DONE	Donor-equal descriptive expression	GSE278688	UniProtKB:Q8N370	primary_tumor	T/NK	13	13	42168	42168	0.0151534249264052	0.0187786482797166	0.0124550020502644	0.0213899846474821	Author labels,predeclared coarse mapping	mean_donor(mean_cell(log1p(10000*counts/all_gene_library)))	0.0	0.045635076106476005
PDAC	GSE278688	06_EXTERNAL	20260922T131800Z_author_identity_v4	PDAC_author_cell_identity_v4	sc_expression_source	NA	NA	SLC45A4	author_source_label	2	13	equal_donor_mean_cellwise_log1p10k	NA	NA	NA	NA	NA	SC_SOURCE_DESCRIPTIVE	NA	NOT_EVALUABLE	GENE_MISSING_OR_LT3_ELIGIBLE_LABELS	GSE278688	UniProtKB:Q5BKX6	primary_tumor	Acinar	7	2	284	245	NA	NA	NA	NA	Author labels,predeclared coarse mapping	mean_donor(mean_cell(log1p(10000*counts/all_gene_library)))	NA	NA
PDAC	GSE278688	06_EXTERNAL	20260922T131800Z_author_identity_v4	PDAC_author_cell_identity_v4	sc_expression_source	NA	NA	SLC45A4	author_source_label	11	13	equal_donor_mean_cellwise_log1p10k	0.0677201611713521	NA	NA	NA	NA	SC_SOURCE_DESCRIPTIVE	NA	DONE	Donor-equal descriptive expression	GSE278688	UniProtKB:Q5BKX6	primary_tumor	B/Plasma	13	11	7721	7703	0.0570089098169909	0.0539578151977839	0.034527216596546	0.0899023101436951	Author labels,predeclared coarse mapping	mean_donor(mean_cell(log1p(10000*counts/all_gene_library)))	0.0	0.28582724086095274
PDAC	GSE278688	06_EXTERNAL	20260922T131800Z_author_identity_v4	PDAC_author_cell_identity_v4	sc_expression_source	NA	NA	SLC45A4	author_source_label	0	13	equal_donor_mean_cellwise_log1p10k	NA	NA	NA	NA	NA	SC_SOURCE_DESCRIPTIVE	NA	NOT_EVALUABLE	GENE_MISSING_OR_LT3_ELIGIBLE_LABELS	GSE278688	UniProtKB:Q5BKX6	primary_tumor	Endocrine	12	0	37	0	NA	NA	NA	NA	Author labels,predeclared coarse mapping	mean_donor(mean_cell(log1p(10000*counts/all_gene_library)))	NA	NA
PDAC	GSE278688	06_EXTERNAL	20260922T131800Z_author_identity_v4	PDAC_author_cell_identity_v4	sc_expression_source	NA	NA	SLC45A4	author_source_label	13	13	equal_donor_mean_cellwise_log1p10k	0.1056672008291426	NA	NA	NA	NA	SC_SOURCE_DESCRIPTIVE	NA	DONE	Donor-equal descriptive expression	GSE278688	UniProtKB:Q5BKX6	primary_tumor	Endothelial	13	13	2011	2011	0.0881540498757183	0.101812979719391	0.0676043437270761	0.1161835477067205	Author labels,predeclared coarse mapping	mean_donor(mean_cell(log1p(10000*counts/all_gene_library)))	0.0	0.44599073510874493
PDAC	GSE278688	06_EXTERNAL	20260922T131800Z_author_identity_v4	PDAC_author_cell_identity_v4	sc_expression_source	NA	NA	SLC45A4	author_source_label	12	13	equal_donor_mean_cellwise_log1p10k	0.2369268967064484	NA	NA	NA	NA	SC_SOURCE_DESCRIPTIVE	NA	DONE	Donor-equal descriptive expression	GSE278688	UniProtKB:Q5BKX6	primary_tumor	Ductal (unresolved)	13	12	8370	8351	0.1771716914774402	0.2523404782510967	0.1399379771451217	0.2974706075440245	Author labels,predeclared coarse mapping	mean_donor(mean_cell(log1p(10000*counts/all_gene_library)))	0.994	1.0
PDAC	GSE278688	06_EXTERNAL	20260922T131800Z_author_identity_v4	PDAC_author_cell_identity_v4	sc_expression_source	NA	NA	SLC45A4	author_source_label	13	13	equal_donor_mean_cellwise_log1p10k	0.0304371425872052	NA	NA	NA	NA	SC_SOURCE_DESCRIPTIVE	NA	DONE	Donor-equal descriptive expression	GSE278688	UniProtKB:Q5BKX6	primary_tumor	Fibroblast/CAF	13	13	4948	4948	0.0388004625651488	0.0228511209080029	0.0184692794681256	0.0429707045242947	Author labels,predeclared coarse mapping	mean_donor(mean_cell(log1p(10000*counts/all_gene_library)))	0.0	0.12846638777747854
PDAC	GSE278688	06_EXTERNAL	20260922T131800Z_author_identity_v4	PDAC_author_cell_identity_v4	sc_expression_source	NA	NA	SLC45A4	author_source_label	13	13	equal_donor_mean_cellwise_log1p10k	0.1411559750837693	NA	NA	NA	NA	SC_SOURCE_DESCRIPTIVE	NA	DONE	Donor-equal descriptive expression	GSE278688	UniProtKB:Q5BKX6	primary_tumor	Myeloid	13	13	5654	5654	0.127869637545191	0.1209382681202459	0.0799813160453042	0.1650994232496375	Author labels,predeclared coarse mapping	mean_donor(mean_cell(log1p(10000*counts/all_gene_library)))	0.006	0.595778601104378
PDAC	GSE278688	06_EXTERNAL	20260922T131800Z_author_identity_v4	PDAC_author_cell_identity_v4	sc_expression_source	NA	NA	SLC45A4	author_source_label	2	13	equal_donor_mean_cellwise_log1p10k	NA	NA	NA	NA	NA	SC_SOURCE_DESCRIPTIVE	NA	NOT_EVALUABLE	GENE_MISSING_OR_LT3_ELIGIBLE_LABELS	GSE278688	UniProtKB:Q5BKX6	primary_tumor	Schwann	12	2	221	154	NA	NA	NA	NA	Author labels,predeclared coarse mapping	mean_donor(mean_cell(log1p(10000*counts/all_gene_library)))	NA	NA
PDAC	GSE278688	06_EXTERNAL	20260922T131800Z_author_identity_v4	PDAC_author_cell_identity_v4	sc_expression_source	NA	NA	SLC45A4	author_source_label	13	13	equal_donor_mean_cellwise_log1p10k	0.0965591893674275	NA	NA	NA	NA	SC_SOURCE_DESCRIPTIVE	NA	DONE	Donor-equal descriptive expression	GSE278688	UniProtKB:Q5BKX6	primary_tumor	T/NK	13	13	42168	42168	0.073570738591156	0.092858903598036	0.0690326321384207	0.1209905206503796	Author labels,predeclared coarse mapping	mean_donor(mean_cell(log1p(10000*counts/all_gene_library)))	0.0	0.40754844937282064
PDAC	GSE278688	06_EXTERNAL	20260922T131800Z_author_identity_v4	PDAC_author_cell_identity_v4	sc_expression_source	NA	NA	SLC5A12	author_source_label	2	13	equal_donor_mean_cellwise_log1p10k	NA	NA	NA	NA	NA	SC_SOURCE_DESCRIPTIVE	NA	NOT_EVALUABLE	GENE_MISSING_OR_LT3_ELIGIBLE_LABELS	GSE278688	UniProtKB:Q1EHB4	primary_tumor	Acinar	7	2	284	245	NA	NA	NA	NA	Author labels,predeclared coarse mapping	mean_donor(mean_cell(log1p(10000*counts/all_gene_library)))	NA	NA
PDAC	GSE278688	06_EXTERNAL	20260922T131800Z_author_identity_v4	PDAC_author_cell_identity_v4	sc_expression_source	NA	NA	SLC5A12	author_source_label	11	13	equal_donor_mean_cellwise_log1p10k	0.0	NA	NA	NA	NA	SC_SOURCE_DESCRIPTIVE	NA	DONE	Donor-equal descriptive expression	GSE278688	UniProtKB:Q1EHB4	primary_tumor	B/Plasma	13	11	7721	7703	0.0	0.0	0.0	0.0	Author labels,predeclared coarse mapping	mean_donor(mean_cell(log1p(10000*counts/all_gene_library)))	NA	0.0
PDAC	GSE278688	06_EXTERNAL	20260922T131800Z_author_identity_v4	PDAC_author_cell_identity_v4	sc_expression_source	NA	NA	SLC5A12	author_source_label	0	13	equal_donor_mean_cellwise_log1p10k	NA	NA	NA	NA	NA	SC_SOURCE_DESCRIPTIVE	NA	NOT_EVALUABLE	GENE_MISSING_OR_LT3_ELIGIBLE_LABELS	GSE278688	UniProtKB:Q1EHB4	primary_tumor	Endocrine	12	0	37	0	NA	NA	NA	NA	Author labels,predeclared coarse mapping	mean_donor(mean_cell(log1p(10000*counts/all_gene_library)))	NA	NA
PDAC	GSE278688	06_EXTERNAL	20260922T131800Z_author_identity_v4	PDAC_author_cell_identity_v4	sc_expression_source	NA	NA	SLC5A12	author_source_label	13	13	equal_donor_mean_cellwise_log1p10k	0.0	NA	NA	NA	NA	SC_SOURCE_DESCRIPTIVE	NA	DONE	Donor-equal descriptive expression	GSE278688	UniProtKB:Q1EHB4	primary_tumor	Endothelial	13	13	2011	2011	0.0	0.0	0.0	0.0	Author labels,predeclared coarse mapping	mean_donor(mean_cell(log1p(10000*counts/all_gene_library)))	NA	0.0
PDAC	GSE278688	06_EXTERNAL	20260922T131800Z_author_identity_v4	PDAC_author_cell_identity_v4	sc_expression_source	NA	NA	SLC5A12	author_source_label	12	13	equal_donor_mean_cellwise_log1p10k	0.0003721189946889	NA	NA	NA	NA	SC_SOURCE_DESCRIPTIVE	NA	DONE	Donor-equal descriptive expression	GSE278688	UniProtKB:Q1EHB4	primary_tumor	Ductal (unresolved)	13	12	8370	8351	0.0008603736479842	0.0	0.0	0.0	Author labels,predeclared coarse mapping	mean_donor(mean_cell(log1p(10000*counts/all_gene_library)))	NA	1.0
PDAC	GSE278688	06_EXTERNAL	20260922T131800Z_author_identity_v4	PDAC_author_cell_identity_v4	sc_expression_source	NA	NA	SLC5A12	author_source_label	13	13	equal_donor_mean_cellwise_log1p10k	0.0	NA	NA	NA	NA	SC_SOURCE_DESCRIPTIVE	NA	DONE	Donor-equal descriptive expression	GSE278688	UniProtKB:Q1EHB4	primary_tumor	Fibroblast/CAF	13	13	4948	4948	0.0	0.0	0.0	0.0	Author labels,predeclared coarse mapping	mean_donor(mean_cell(log1p(10000*counts/all_gene_library)))	NA	0.0
PDAC	GSE278688	06_EXTERNAL	20260922T131800Z_author_identity_v4	PDAC_author_cell_identity_v4	sc_expression_source	NA	NA	SLC5A12	author_source_label	13	13	equal_donor_mean_cellwise_log1p10k	0.0	NA	NA	NA	NA	SC_SOURCE_DESCRIPTIVE	NA	DONE	Donor-equal descriptive expression	GSE278688	UniProtKB:Q1EHB4	primary_tumor	Myeloid	13	13	5654	5654	0.0	0.0	0.0	0.0	Author labels,predeclared coarse mapping	mean_donor(mean_cell(log1p(10000*counts/all_gene_library)))	NA	0.0
PDAC	GSE278688	06_EXTERNAL	20260922T131800Z_author_identity_v4	PDAC_author_cell_identity_v4	sc_expression_source	NA	NA	SLC5A12	author_source_label	2	13	equal_donor_mean_cellwise_log1p10k	NA	NA	NA	NA	NA	SC_SOURCE_DESCRIPTIVE	NA	NOT_EVALUABLE	GENE_MISSING_OR_LT3_ELIGIBLE_LABELS	GSE278688	UniProtKB:Q1EHB4	primary_tumor	Schwann	12	2	221	154	NA	NA	NA	NA	Author labels,predeclared coarse mapping	mean_donor(mean_cell(log1p(10000*counts/all_gene_library)))	NA	NA
PDAC	GSE278688	06_EXTERNAL	20260922T131800Z_author_identity_v4	PDAC_author_cell_identity_v4	sc_expression_source	NA	NA	SLC5A12	author_source_label	13	13	equal_donor_mean_cellwise_log1p10k	0.0	NA	NA	NA	NA	SC_SOURCE_DESCRIPTIVE	NA	DONE	Donor-equal descriptive expression	GSE278688	UniProtKB:Q1EHB4	primary_tumor	T/NK	13	13	42168	42168	0.0	0.0	0.0	0.0	Author labels,predeclared coarse mapping	mean_donor(mean_cell(log1p(10000*counts/all_gene_library)))	NA	0.0
PDAC	GSE278688	06_EXTERNAL	20260922T131800Z_author_identity_v4	PDAC_author_cell_identity_v4	sc_expression_source	NA	NA	SLC5A8	author_source_label	2	13	equal_donor_mean_cellwise_log1p10k	NA	NA	NA	NA	NA	SC_SOURCE_DESCRIPTIVE	NA	NOT_EVALUABLE	GENE_MISSING_OR_LT3_ELIGIBLE_LABELS	GSE278688	UniProtKB:Q8N695	primary_tumor	Acinar	7	2	284	245	NA	NA	NA	NA	Author labels,predeclared coarse mapping	mean_donor(mean_cell(log1p(10000*counts/all_gene_library)))	NA	NA
PDAC	GSE278688	06_EXTERNAL	20260922T131800Z_author_identity_v4	PDAC_author_cell_identity_v4	sc_expression_source	NA	NA	SLC5A8	author_source_label	11	13	equal_donor_mean_cellwise_log1p10k	0.0	NA	NA	NA	NA	SC_SOURCE_DESCRIPTIVE	NA	DONE	Donor-equal descriptive expression	GSE278688	UniProtKB:Q8N695	primary_tumor	B/Plasma	13	11	7721	7703	0.0	0.0	0.0	0.0	Author labels,predeclared coarse mapping	mean_donor(mean_cell(log1p(10000*counts/all_gene_library)))	NA	0.0
PDAC	GSE278688	06_EXTERNAL	20260922T131800Z_author_identity_v4	PDAC_author_cell_identity_v4	sc_expression_source	NA	NA	SLC5A8	author_source_label	0	13	equal_donor_mean_cellwise_log1p10k	NA	NA	NA	NA	NA	SC_SOURCE_DESCRIPTIVE	NA	NOT_EVALUABLE	GENE_MISSING_OR_LT3_ELIGIBLE_LABELS	GSE278688	UniProtKB:Q8N695	primary_tumor	Endocrine	12	0	37	0	NA	NA	NA	NA	Author labels,predeclared coarse mapping	mean_donor(mean_cell(log1p(10000*counts/all_gene_library)))	NA	NA
PDAC	GSE278688	06_EXTERNAL	20260922T131800Z_author_identity_v4	PDAC_author_cell_identity_v4	sc_expression_source	NA	NA	SLC5A8	author_source_label	13	13	equal_donor_mean_cellwise_log1p10k	0.0	NA	NA	NA	NA	SC_SOURCE_DESCRIPTIVE	NA	DONE	Donor-equal descriptive expression	GSE278688	UniProtKB:Q8N695	primary_tumor	Endothelial	13	13	2011	2011	0.0	0.0	0.0	0.0	Author labels,predeclared coarse mapping	mean_donor(mean_cell(log1p(10000*counts/all_gene_library)))	NA	0.0
PDAC	GSE278688	06_EXTERNAL	20260922T131800Z_author_identity_v4	PDAC_author_cell_identity_v4	sc_expression_source	NA	NA	SLC5A8	author_source_label	12	13	equal_donor_mean_cellwise_log1p10k	0.0	NA	NA	NA	NA	SC_SOURCE_DESCRIPTIVE	NA	DONE	Donor-equal descriptive expression	GSE278688	UniProtKB:Q8N695	primary_tumor	Ductal (unresolved)	13	12	8370	8351	0.0	0.0	0.0	0.0	Author labels,predeclared coarse mapping	mean_donor(mean_cell(log1p(10000*counts/all_gene_library)))	NA	0.0
PDAC	GSE278688	06_EXTERNAL	20260922T131800Z_author_identity_v4	PDAC_author_cell_identity_v4	sc_expression_source	NA	NA	SLC5A8	author_source_label	13	13	equal_donor_mean_cellwise_log1p10k	0.0	NA	NA	NA	NA	SC_SOURCE_DESCRIPTIVE	NA	DONE	Donor-equal descriptive expression	GSE278688	UniProtKB:Q8N695	primary_tumor	Fibroblast/CAF	13	13	4948	4948	0.0	0.0	0.0	0.0	Author labels,predeclared coarse mapping	mean_donor(mean_cell(log1p(10000*counts/all_gene_library)))	NA	0.0
PDAC	GSE278688	06_EXTERNAL	20260922T131800Z_author_identity_v4	PDAC_author_cell_identity_v4	sc_expression_source	NA	NA	SLC5A8	author_source_label	13	13	equal_donor_mean_cellwise_log1p10k	0.0	NA	NA	NA	NA	SC_SOURCE_DESCRIPTIVE	NA	DONE	Donor-equal descriptive expression	GSE278688	UniProtKB:Q8N695	primary_tumor	Myeloid	13	13	5654	5654	0.0	0.0	0.0	0.0	Author labels,predeclared coarse mapping	mean_donor(mean_cell(log1p(10000*counts/all_gene_library)))	NA	0.0
PDAC	GSE278688	06_EXTERNAL	20260922T131800Z_author_identity_v4	PDAC_author_cell_identity_v4	sc_expression_source	NA	NA	SLC5A8	author_source_label	2	13	equal_donor_mean_cellwise_log1p10k	NA	NA	NA	NA	NA	SC_SOURCE_DESCRIPTIVE	NA	NOT_EVALUABLE	GENE_MISSING_OR_LT3_ELIGIBLE_LABELS	GSE278688	UniProtKB:Q8N695	primary_tumor	Schwann	12	2	221	154	NA	NA	NA	NA	Author labels,predeclared coarse mapping	mean_donor(mean_cell(log1p(10000*counts/all_gene_library)))	NA	NA
PDAC	GSE278688	06_EXTERNAL	20260922T131800Z_author_identity_v4	PDAC_author_cell_identity_v4	sc_expression_source	NA	NA	SLC5A8	author_source_label	13	13	equal_donor_mean_cellwise_log1p10k	0.0	NA	NA	NA	NA	SC_SOURCE_DESCRIPTIVE	NA	DONE	Donor-equal descriptive expression	GSE278688	UniProtKB:Q8N695	primary_tumor	T/NK	13	13	42168	42168	0.0	0.0	0.0	0.0	Author labels,predeclared coarse mapping	mean_donor(mean_cell(log1p(10000*counts/all_gene_library)))	NA	0.0
PDAC	GSE278688	06_EXTERNAL	20260922T131800Z_author_identity_v4	PDAC_author_cell_identity_v4	sc_expression_source	NA	NA	SLC6A1	author_source_label	2	13	equal_donor_mean_cellwise_log1p10k	NA	NA	NA	NA	NA	SC_SOURCE_DESCRIPTIVE	NA	NOT_EVALUABLE	GENE_MISSING_OR_LT3_ELIGIBLE_LABELS	GSE278688	UniProtKB:P30531	primary_tumor	Acinar	7	2	284	245	NA	NA	NA	NA	Author labels,predeclared coarse mapping	mean_donor(mean_cell(log1p(10000*counts/all_gene_library)))	NA	NA
PDAC	GSE278688	06_EXTERNAL	20260922T131800Z_author_identity_v4	PDAC_author_cell_identity_v4	sc_expression_source	NA	NA	SLC6A1	author_source_label	11	13	equal_donor_mean_cellwise_log1p10k	0.0	NA	NA	NA	NA	SC_SOURCE_DESCRIPTIVE	NA	DONE	Donor-equal descriptive expression	GSE278688	UniProtKB:P30531	primary_tumor	B/Plasma	13	11	7721	7703	0.0	0.0	0.0	0.0	Author labels,predeclared coarse mapping	mean_donor(mean_cell(log1p(10000*counts/all_gene_library)))	0.0	0.0
PDAC	GSE278688	06_EXTERNAL	20260922T131800Z_author_identity_v4	PDAC_author_cell_identity_v4	sc_expression_source	NA	NA	SLC6A1	author_source_label	0	13	equal_donor_mean_cellwise_log1p10k	NA	NA	NA	NA	NA	SC_SOURCE_DESCRIPTIVE	NA	NOT_EVALUABLE	GENE_MISSING_OR_LT3_ELIGIBLE_LABELS	GSE278688	UniProtKB:P30531	primary_tumor	Endocrine	12	0	37	0	NA	NA	NA	NA	Author labels,predeclared coarse mapping	mean_donor(mean_cell(log1p(10000*counts/all_gene_library)))	NA	NA
PDAC	GSE278688	06_EXTERNAL	20260922T131800Z_author_identity_v4	PDAC_author_cell_identity_v4	sc_expression_source	NA	NA	SLC6A1	author_source_label	13	13	equal_donor_mean_cellwise_log1p10k	0.0001462127781006	NA	NA	NA	NA	SC_SOURCE_DESCRIPTIVE	NA	DONE	Donor-equal descriptive expression	GSE278688	UniProtKB:P30531	primary_tumor	Endothelial	13	13	2011	2011	0.000285959393766	0.0	0.0	0.0	Author labels,predeclared coarse mapping	mean_donor(mean_cell(log1p(10000*counts/all_gene_library)))	0.0	0.004266711110085541
PDAC	GSE278688	06_EXTERNAL	20260922T131800Z_author_identity_v4	PDAC_author_cell_identity_v4	sc_expression_source	NA	NA	SLC6A1	author_source_label	12	13	equal_donor_mean_cellwise_log1p10k	0.0007120145573401	NA	NA	NA	NA	SC_SOURCE_DESCRIPTIVE	NA	DONE	Donor-equal descriptive expression	GSE278688	UniProtKB:P30531	primary_tumor	Ductal (unresolved)	13	12	8370	8351	0.001041870017038	0.0	0.0	0.0002590875273891	Author labels,predeclared coarse mapping	mean_donor(mean_cell(log1p(10000*counts/all_gene_library)))	0.0	0.02077766705352804
PDAC	GSE278688	06_EXTERNAL	20260922T131800Z_author_identity_v4	PDAC_author_cell_identity_v4	sc_expression_source	NA	NA	SLC6A1	author_source_label	13	13	equal_donor_mean_cellwise_log1p10k	0.0342682629144931	NA	NA	NA	NA	SC_SOURCE_DESCRIPTIVE	NA	DONE	Donor-equal descriptive expression	GSE278688	UniProtKB:P30531	primary_tumor	Fibroblast/CAF	13	13	4948	4948	0.0374128058690598	0.0321775775142924	0.0275596037603355	0.0356712838660821	Author labels,predeclared coarse mapping	mean_donor(mean_cell(log1p(10000*counts/all_gene_library)))	1.0	1.0
PDAC	GSE278688	06_EXTERNAL	20260922T131800Z_author_identity_v4	PDAC_author_cell_identity_v4	sc_expression_source	NA	NA	SLC6A1	author_source_label	13	13	equal_donor_mean_cellwise_log1p10k	0.0	NA	NA	NA	NA	SC_SOURCE_DESCRIPTIVE	NA	DONE	Donor-equal descriptive expression	GSE278688	UniProtKB:P30531	primary_tumor	Myeloid	13	13	5654	5654	0.0	0.0	0.0	0.0	Author labels,predeclared coarse mapping	mean_donor(mean_cell(log1p(10000*counts/all_gene_library)))	0.0	0.0
PDAC	GSE278688	06_EXTERNAL	20260922T131800Z_author_identity_v4	PDAC_author_cell_identity_v4	sc_expression_source	NA	NA	SLC6A1	author_source_label	2	13	equal_donor_mean_cellwise_log1p10k	NA	NA	NA	NA	NA	SC_SOURCE_DESCRIPTIVE	NA	NOT_EVALUABLE	GENE_MISSING_OR_LT3_ELIGIBLE_LABELS	GSE278688	UniProtKB:P30531	primary_tumor	Schwann	12	2	221	154	NA	NA	NA	NA	Author labels,predeclared coarse mapping	mean_donor(mean_cell(log1p(10000*counts/all_gene_library)))	NA	NA
PDAC	GSE278688	06_EXTERNAL	20260922T131800Z_author_identity_v4	PDAC_author_cell_identity_v4	sc_expression_source	NA	NA	SLC6A1	author_source_label	13	13	equal_donor_mean_cellwise_log1p10k	1.1946384414321122e-05	NA	NA	NA	NA	SC_SOURCE_DESCRIPTIVE	NA	DONE	Donor-equal descriptive expression	GSE278688	UniProtKB:P30531	primary_tumor	T/NK	13	13	42168	42168	1.73406395227856e-05	0.0	0.0	0.0	Author labels,predeclared coarse mapping	mean_donor(mean_cell(log1p(10000*counts/all_gene_library)))	0.0	0.0003486136558520633
PDAC	GSE278688	06_EXTERNAL	20260922T131800Z_author_identity_v4	PDAC_author_cell_identity_v4	sc_expression_source	NA	NA	SLC6A11	author_source_label	2	13	equal_donor_mean_cellwise_log1p10k	NA	NA	NA	NA	NA	SC_SOURCE_DESCRIPTIVE	NA	NOT_EVALUABLE	GENE_MISSING_OR_LT3_ELIGIBLE_LABELS	GSE278688	UniProtKB:P48066	primary_tumor	Acinar	7	2	284	245	NA	NA	NA	NA	Author labels,predeclared coarse mapping	mean_donor(mean_cell(log1p(10000*counts/all_gene_library)))	NA	NA
PDAC	GSE278688	06_EXTERNAL	20260922T131800Z_author_identity_v4	PDAC_author_cell_identity_v4	sc_expression_source	NA	NA	SLC6A11	author_source_label	11	13	equal_donor_mean_cellwise_log1p10k	0.0	NA	NA	NA	NA	SC_SOURCE_DESCRIPTIVE	NA	DONE	Donor-equal descriptive expression	GSE278688	UniProtKB:P48066	primary_tumor	B/Plasma	13	11	7721	7703	0.0	0.0	0.0	0.0	Author labels,predeclared coarse mapping	mean_donor(mean_cell(log1p(10000*counts/all_gene_library)))	NA	0.0
PDAC	GSE278688	06_EXTERNAL	20260922T131800Z_author_identity_v4	PDAC_author_cell_identity_v4	sc_expression_source	NA	NA	SLC6A11	author_source_label	0	13	equal_donor_mean_cellwise_log1p10k	NA	NA	NA	NA	NA	SC_SOURCE_DESCRIPTIVE	NA	NOT_EVALUABLE	GENE_MISSING_OR_LT3_ELIGIBLE_LABELS	GSE278688	UniProtKB:P48066	primary_tumor	Endocrine	12	0	37	0	NA	NA	NA	NA	Author labels,predeclared coarse mapping	mean_donor(mean_cell(log1p(10000*counts/all_gene_library)))	NA	NA
PDAC	GSE278688	06_EXTERNAL	20260922T131800Z_author_identity_v4	PDAC_author_cell_identity_v4	sc_expression_source	NA	NA	SLC6A11	author_source_label	13	13	equal_donor_mean_cellwise_log1p10k	0.0005215950248249	NA	NA	NA	NA	SC_SOURCE_DESCRIPTIVE	NA	DONE	Donor-equal descriptive expression	GSE278688	UniProtKB:P48066	primary_tumor	Endothelial	13	13	2011	2011	0.0005889688211547	0.0	0.0	0.0	Author labels,predeclared coarse mapping	mean_donor(mean_cell(log1p(10000*counts/all_gene_library)))	NA	0.3499438540591268
PDAC	GSE278688	06_EXTERNAL	20260922T131800Z_author_identity_v4	PDAC_author_cell_identity_v4	sc_expression_source	NA	NA	SLC6A11	author_source_label	12	13	equal_donor_mean_cellwise_log1p10k	5.140666260470858e-05	NA	NA	NA	NA	SC_SOURCE_DESCRIPTIVE	NA	DONE	Donor-equal descriptive expression	GSE278688	UniProtKB:P48066	primary_tumor	Ductal (unresolved)	13	12	8370	8351	0.0001030078285949	0.0	0.0	0.0	Author labels,predeclared coarse mapping	mean_donor(mean_cell(log1p(10000*counts/all_gene_library)))	NA	0.034489296829945774
PDAC	GSE278688	06_EXTERNAL	20260922T131800Z_author_identity_v4	PDAC_author_cell_identity_v4	sc_expression_source	NA	NA	SLC6A11	author_source_label	13	13	equal_donor_mean_cellwise_log1p10k	0.0014905106027002	NA	NA	NA	NA	SC_SOURCE_DESCRIPTIVE	NA	DONE	Donor-equal descriptive expression	GSE278688	UniProtKB:P48066	primary_tumor	Fibroblast/CAF	13	13	4948	4948	0.0019437111901146	0.0	0.0	0.0	Author labels,predeclared coarse mapping	mean_donor(mean_cell(log1p(10000*counts/all_gene_library)))	NA	1.0
PDAC	GSE278688	06_EXTERNAL	20260922T131800Z_author_identity_v4	PDAC_author_cell_identity_v4	sc_expression_source	NA	NA	SLC6A11	author_source_label	13	13	equal_donor_mean_cellwise_log1p10k	0.000745093171134	NA	NA	NA	NA	SC_SOURCE_DESCRIPTIVE	NA	DONE	Donor-equal descriptive expression	GSE278688	UniProtKB:P48066	primary_tumor	Myeloid	13	13	5654	5654	0.0012659604077514	0.0	0.0	0.0	Author labels,predeclared coarse mapping	mean_donor(mean_cell(log1p(10000*counts/all_gene_library)))	NA	0.4998912250501229
PDAC	GSE278688	06_EXTERNAL	20260922T131800Z_author_identity_v4	PDAC_author_cell_identity_v4	sc_expression_source	NA	NA	SLC6A11	author_source_label	2	13	equal_donor_mean_cellwise_log1p10k	NA	NA	NA	NA	NA	SC_SOURCE_DESCRIPTIVE	NA	NOT_EVALUABLE	GENE_MISSING_OR_LT3_ELIGIBLE_LABELS	GSE278688	UniProtKB:P48066	primary_tumor	Schwann	12	2	221	154	NA	NA	NA	NA	Author labels,predeclared coarse mapping	mean_donor(mean_cell(log1p(10000*counts/all_gene_library)))	NA	NA
PDAC	GSE278688	06_EXTERNAL	20260922T131800Z_author_identity_v4	PDAC_author_cell_identity_v4	sc_expression_source	NA	NA	SLC6A11	author_source_label	13	13	equal_donor_mean_cellwise_log1p10k	0.0	NA	NA	NA	NA	SC_SOURCE_DESCRIPTIVE	NA	DONE	Donor-equal descriptive expression	GSE278688	UniProtKB:P48066	primary_tumor	T/NK	13	13	42168	42168	0.0	0.0	0.0	0.0	Author labels,predeclared coarse mapping	mean_donor(mean_cell(log1p(10000*counts/all_gene_library)))	NA	0.0
PDAC	GSE278688	06_EXTERNAL	20260922T131800Z_author_identity_v4	PDAC_author_cell_identity_v4	sc_expression_source	NA	NA	SLC6A12	author_source_label	2	13	equal_donor_mean_cellwise_log1p10k	NA	NA	NA	NA	NA	SC_SOURCE_DESCRIPTIVE	NA	NOT_EVALUABLE	GENE_MISSING_OR_LT3_ELIGIBLE_LABELS	GSE278688	UniProtKB:P48065	primary_tumor	Acinar	7	2	284	245	NA	NA	NA	NA	Author labels,predeclared coarse mapping	mean_donor(mean_cell(log1p(10000*counts/all_gene_library)))	NA	NA
PDAC	GSE278688	06_EXTERNAL	20260922T131800Z_author_identity_v4	PDAC_author_cell_identity_v4	sc_expression_source	NA	NA	SLC6A12	author_source_label	11	13	equal_donor_mean_cellwise_log1p10k	0.0002523213669625	NA	NA	NA	NA	SC_SOURCE_DESCRIPTIVE	NA	DONE	Donor-equal descriptive expression	GSE278688	UniProtKB:P48065	primary_tumor	B/Plasma	13	11	7721	7703	0.0001733252448219	0.0	0.0	0.0	Author labels,predeclared coarse mapping	mean_donor(mean_cell(log1p(10000*counts/all_gene_library)))	0.0	0.015406041958328644
PDAC	GSE278688	06_EXTERNAL	20260922T131800Z_author_identity_v4	PDAC_author_cell_identity_v4	sc_expression_source	NA	NA	SLC6A12	author_source_label	0	13	equal_donor_mean_cellwise_log1p10k	NA	NA	NA	NA	NA	SC_SOURCE_DESCRIPTIVE	NA	NOT_EVALUABLE	GENE_MISSING_OR_LT3_ELIGIBLE_LABELS	GSE278688	UniProtKB:P48065	primary_tumor	Endocrine	12	0	37	0	NA	NA	NA	NA	Author labels,predeclared coarse mapping	mean_donor(mean_cell(log1p(10000*counts/all_gene_library)))	NA	NA
PDAC	GSE278688	06_EXTERNAL	20260922T131800Z_author_identity_v4	PDAC_author_cell_identity_v4	sc_expression_source	NA	NA	SLC6A12	author_source_label	13	13	equal_donor_mean_cellwise_log1p10k	0.002159252597369	NA	NA	NA	NA	SC_SOURCE_DESCRIPTIVE	NA	DONE	Donor-equal descriptive expression	GSE278688	UniProtKB:P48065	primary_tumor	Endothelial	13	13	2011	2011	0.0013037809647979	0.0	0.0	0.0	Author labels,predeclared coarse mapping	mean_donor(mean_cell(log1p(10000*counts/all_gene_library)))	0.0	0.13183796724849245
PDAC	GSE278688	06_EXTERNAL	20260922T131800Z_author_identity_v4	PDAC_author_cell_identity_v4	sc_expression_source	NA	NA	SLC6A12	author_source_label	12	13	equal_donor_mean_cellwise_log1p10k	0.0045435714914643	NA	NA	NA	NA	SC_SOURCE_DESCRIPTIVE	NA	DONE	Donor-equal descriptive expression	GSE278688	UniProtKB:P48065	primary_tumor	Ductal (unresolved)	13	12	8370	8351	0.0035969410261611	0.0018994185721175	0.0	0.005529855387867	Author labels,predeclared coarse mapping	mean_donor(mean_cell(log1p(10000*counts/all_gene_library)))	0.0	0.27741785755531373
PDAC	GSE278688	06_EXTERNAL	20260922T131800Z_author_identity_v4	PDAC_author_cell_identity_v4	sc_expression_source	NA	NA	SLC6A12	author_source_label	13	13	equal_donor_mean_cellwise_log1p10k	0.0021297191301118	NA	NA	NA	NA	SC_SOURCE_DESCRIPTIVE	NA	DONE	Donor-equal descriptive expression	GSE278688	UniProtKB:P48065	primary_tumor	Fibroblast/CAF	13	13	4948	4948	0.0030868796084739	0.0	0.0	0.002581013358709	Author labels,predeclared coarse mapping	mean_donor(mean_cell(log1p(10000*counts/all_gene_library)))	0.0	0.13003473575360694
PDAC	GSE278688	06_EXTERNAL	20260922T131800Z_author_identity_v4	PDAC_author_cell_identity_v4	sc_expression_source	NA	NA	SLC6A12	author_source_label	13	13	equal_donor_mean_cellwise_log1p10k	0.016378078655439	NA	NA	NA	NA	SC_SOURCE_DESCRIPTIVE	NA	DONE	Donor-equal descriptive expression	GSE278688	UniProtKB:P48065	primary_tumor	Myeloid	13	13	5654	5654	0.0195916639103587	0.0151095714590397	0.0135868998066939	0.0183682597203606	Author labels,predeclared coarse mapping	mean_donor(mean_cell(log1p(10000*counts/all_gene_library)))	1.0	1.0
PDAC	GSE278688	06_EXTERNAL	20260922T131800Z_author_identity_v4	PDAC_author_cell_identity_v4	sc_expression_source	NA	NA	SLC6A12	author_source_label	2	13	equal_donor_mean_cellwise_log1p10k	NA	NA	NA	NA	NA	SC_SOURCE_DESCRIPTIVE	NA	NOT_EVALUABLE	GENE_MISSING_OR_LT3_ELIGIBLE_LABELS	GSE278688	UniProtKB:P48065	primary_tumor	Schwann	12	2	221	154	NA	NA	NA	NA	Author labels,predeclared coarse mapping	mean_donor(mean_cell(log1p(10000*counts/all_gene_library)))	NA	NA
PDAC	GSE278688	06_EXTERNAL	20260922T131800Z_author_identity_v4	PDAC_author_cell_identity_v4	sc_expression_source	NA	NA	SLC6A12	author_source_label	13	13	equal_donor_mean_cellwise_log1p10k	0.0001028088789289	NA	NA	NA	NA	SC_SOURCE_DESCRIPTIVE	NA	DONE	Donor-equal descriptive expression	GSE278688	UniProtKB:P48065	primary_tumor	T/NK	13	13	42168	42168	7.754248741207379e-05	0.0	0.0	0.0	Author labels,predeclared coarse mapping	mean_donor(mean_cell(log1p(10000*counts/all_gene_library)))	0.0	0.006277224642266458
