cancer	cohort	stage_id	run_id	analysis_version	analysis_type	metabolite_key	metabolite_name	gene	unit	n	n_reference	effect_type	effect	ci_lower	ci_upper	p_value	q_value	test_family	family_n_evaluable	status	reason	source_id	stable_gene_id	partition	celltype	n_source_labels_total	n_source_labels_eligible	n_cells_total	n_cells_eligible	mean_detection_fraction	median_donor_mean	q25	q75	annotation_origin	normalization	bootstrap_first_frequency	row_scaled
PDAC	GSE242230	06_EXTERNAL	20260922T131800Z_author_identity_v4	PDAC_author_cell_identity_v4	sc_expression_source	NA	NA	SRM	author_source_label	1	25	equal_donor_mean_cellwise_log1p10k	NA	NA	NA	NA	NA	SC_SOURCE_DESCRIPTIVE	NA	NOT_EVALUABLE	GENE_MISSING_OR_LT3_ELIGIBLE_LABELS	GSE242230	UniProtKB:P19623	primary_tumor	Acinar	17	1	91	20	NA	NA	NA	NA	Author labels,predeclared coarse mapping	mean_donor(mean_cell(log1p(10000*counts/all_gene_library)))	NA	NA
PDAC	GSE242230	06_EXTERNAL	20260922T131800Z_author_identity_v4	PDAC_author_cell_identity_v4	sc_expression_source	NA	NA	SRM	author_source_label	15	25	equal_donor_mean_cellwise_log1p10k	0.1195456479231615	NA	NA	NA	NA	SC_SOURCE_DESCRIPTIVE	NA	DONE	Donor-equal descriptive expression	GSE242230	UniProtKB:P19623	primary_tumor	B/Plasma	23	15	1740	1675	0.0918159603980163	0.0721578412039459	0.0397837664339806	0.1967595351040059	Author labels,predeclared coarse mapping	mean_donor(mean_cell(log1p(10000*counts/all_gene_library)))	0.0	0.36508447689489615
PDAC	GSE242230	06_EXTERNAL	20260922T131800Z_author_identity_v4	PDAC_author_cell_identity_v4	sc_expression_source	NA	NA	SRM	author_source_label	3	25	equal_donor_mean_cellwise_log1p10k	0.2801669007784129	NA	NA	NA	NA	SC_SOURCE_DESCRIPTIVE	NA	DONE	Donor-equal descriptive expression	GSE242230	UniProtKB:P19623	primary_tumor	Endothelial	18	3	274	186	0.2447399527186761	0.3775283301106886	0.2251618815612368	0.383852634661727	Author labels,predeclared coarse mapping	mean_donor(mean_cell(log1p(10000*counts/all_gene_library)))	0.146	0.8556111258830185
PDAC	GSE242230	06_EXTERNAL	20260922T131800Z_author_identity_v4	PDAC_author_cell_identity_v4	sc_expression_source	NA	NA	SRM	author_source_label	3	25	equal_donor_mean_cellwise_log1p10k	0.000351668000206	NA	NA	NA	NA	SC_SOURCE_DESCRIPTIVE	NA	DONE	Donor-equal descriptive expression	GSE242230	UniProtKB:P19623	primary_tumor	Erythrocyte	12	3	1199	1158	0.0005979073243647	0.0	0.0	0.0005275020003091	Author labels,predeclared coarse mapping	mean_donor(mean_cell(log1p(10000*counts/all_gene_library)))	0.0	0.0010739707394317195
PDAC	GSE242230	06_EXTERNAL	20260922T131800Z_author_identity_v4	PDAC_author_cell_identity_v4	sc_expression_source	NA	NA	SRM	author_source_label	7	25	equal_donor_mean_cellwise_log1p10k	0.3274465376888029	NA	NA	NA	NA	SC_SOURCE_DESCRIPTIVE	NA	DONE	Donor-equal descriptive expression	GSE242230	UniProtKB:P19623	primary_tumor	Fibroblast/CAF	20	7	911	810	0.3311812336864821	0.3022765013669528	0.2314516051174868	0.4724631938927825	Author labels,predeclared coarse mapping	mean_donor(mean_cell(log1p(10000*counts/all_gene_library)))	0.846	1.0
PDAC	GSE242230	06_EXTERNAL	20260922T131800Z_author_identity_v4	PDAC_author_cell_identity_v4	sc_expression_source	NA	NA	SRM	author_source_label	23	25	equal_donor_mean_cellwise_log1p10k	0.1250159615074909	NA	NA	NA	NA	SC_SOURCE_DESCRIPTIVE	NA	DONE	Donor-equal descriptive expression	GSE242230	UniProtKB:P19623	primary_tumor	Malignant (author)	25	23	10783	10759	0.1927264354512966	0.1031459208042132	0.0722152820442476	0.1478171281057257	Author labels,predeclared coarse mapping	mean_donor(mean_cell(log1p(10000*counts/all_gene_library)))	0.0	0.3817904516257337
PDAC	GSE242230	06_EXTERNAL	20260922T131800Z_author_identity_v4	PDAC_author_cell_identity_v4	sc_expression_source	NA	NA	SRM	author_source_label	1	25	equal_donor_mean_cellwise_log1p10k	NA	NA	NA	NA	NA	SC_SOURCE_DESCRIPTIVE	NA	NOT_EVALUABLE	GENE_MISSING_OR_LT3_ELIGIBLE_LABELS	GSE242230	UniProtKB:P19623	primary_tumor	Mast	11	1	91	23	NA	NA	NA	NA	Author labels,predeclared coarse mapping	mean_donor(mean_cell(log1p(10000*counts/all_gene_library)))	NA	NA
PDAC	GSE242230	06_EXTERNAL	20260922T131800Z_author_identity_v4	PDAC_author_cell_identity_v4	sc_expression_source	NA	NA	SRM	author_source_label	20	25	equal_donor_mean_cellwise_log1p10k	0.1526824974259532	NA	NA	NA	NA	SC_SOURCE_DESCRIPTIVE	NA	DONE	Donor-equal descriptive expression	GSE242230	UniProtKB:P19623	primary_tumor	Myeloid	25	20	6246	6224	0.1668457391267637	0.1162364495228128	0.061293103950018	0.1993300642323072	Author labels,predeclared coarse mapping	mean_donor(mean_cell(log1p(10000*counts/all_gene_library)))	0.006	0.46628221664404607
PDAC	GSE242230	06_EXTERNAL	20260922T131800Z_author_identity_v4	PDAC_author_cell_identity_v4	sc_expression_source	NA	NA	SRM	author_source_label	6	25	equal_donor_mean_cellwise_log1p10k	0.1342176517709196	NA	NA	NA	NA	SC_SOURCE_DESCRIPTIVE	NA	DONE	Donor-equal descriptive expression	GSE242230	UniProtKB:P19623	primary_tumor	Normal epithelial (author)	21	6	350	291	0.2323581264923093	0.1282555868727203	0.0829496001165891	0.1654129622127143	Author labels,predeclared coarse mapping	mean_donor(mean_cell(log1p(10000*counts/all_gene_library)))	0.002	0.4098918031574264
PDAC	GSE242230	06_EXTERNAL	20260922T131800Z_author_identity_v4	PDAC_author_cell_identity_v4	sc_expression_source	NA	NA	SRM	author_source_label	2	25	equal_donor_mean_cellwise_log1p10k	NA	NA	NA	NA	NA	SC_SOURCE_DESCRIPTIVE	NA	NOT_EVALUABLE	GENE_MISSING_OR_LT3_ELIGIBLE_LABELS	GSE242230	UniProtKB:P19623	primary_tumor	Platelet	13	2	122	64	NA	NA	NA	NA	Author labels,predeclared coarse mapping	mean_donor(mean_cell(log1p(10000*counts/all_gene_library)))	NA	NA
PDAC	GSE242230	06_EXTERNAL	20260922T131800Z_author_identity_v4	PDAC_author_cell_identity_v4	sc_expression_source	NA	NA	SRM	author_source_label	21	25	equal_donor_mean_cellwise_log1p10k	0.1179856990877508	NA	NA	NA	NA	SC_SOURCE_DESCRIPTIVE	NA	DONE	Donor-equal descriptive expression	GSE242230	UniProtKB:P19623	primary_tumor	T/NK	25	21	9408	9383	0.0918314763720447	0.0599893204010361	0.0478622853367298	0.2425528586500275	Author labels,predeclared coarse mapping	mean_donor(mean_cell(log1p(10000*counts/all_gene_library)))	0.0	0.36032049665427063
PDAC	GSE242230	06_EXTERNAL	20260922T131800Z_author_identity_v4	PDAC_author_cell_identity_v4	sc_expression_source	NA	NA	SRR	author_source_label	1	25	equal_donor_mean_cellwise_log1p10k	NA	NA	NA	NA	NA	SC_SOURCE_DESCRIPTIVE	NA	NOT_EVALUABLE	GENE_MISSING_OR_LT3_ELIGIBLE_LABELS	GSE242230	UniProtKB:Q9GZT4	primary_tumor	Acinar	17	1	91	20	NA	NA	NA	NA	Author labels,predeclared coarse mapping	mean_donor(mean_cell(log1p(10000*counts/all_gene_library)))	NA	NA
PDAC	GSE242230	06_EXTERNAL	20260922T131800Z_author_identity_v4	PDAC_author_cell_identity_v4	sc_expression_source	NA	NA	SRR	author_source_label	15	25	equal_donor_mean_cellwise_log1p10k	0.0107953933589166	NA	NA	NA	NA	SC_SOURCE_DESCRIPTIVE	NA	DONE	Donor-equal descriptive expression	GSE242230	UniProtKB:Q9GZT4	primary_tumor	B/Plasma	23	15	1740	1675	0.010146434333624	0.0024177858622422	0.0	0.011551929974363	Author labels,predeclared coarse mapping	mean_donor(mean_cell(log1p(10000*counts/all_gene_library)))	0.004	0.3269484227254422
PDAC	GSE242230	06_EXTERNAL	20260922T131800Z_author_identity_v4	PDAC_author_cell_identity_v4	sc_expression_source	NA	NA	SRR	author_source_label	3	25	equal_donor_mean_cellwise_log1p10k	0.0208413908200304	NA	NA	NA	NA	SC_SOURCE_DESCRIPTIVE	NA	DONE	Donor-equal descriptive expression	GSE242230	UniProtKB:Q9GZT4	primary_tumor	Endothelial	18	3	274	186	0.0260869565217391	0.0	0.0	0.0312620862300457	Author labels,predeclared coarse mapping	mean_donor(mean_cell(log1p(10000*counts/all_gene_library)))	0.112	0.6312007010272845
PDAC	GSE242230	06_EXTERNAL	20260922T131800Z_author_identity_v4	PDAC_author_cell_identity_v4	sc_expression_source	NA	NA	SRR	author_source_label	3	25	equal_donor_mean_cellwise_log1p10k	0.0	NA	NA	NA	NA	SC_SOURCE_DESCRIPTIVE	NA	DONE	Donor-equal descriptive expression	GSE242230	UniProtKB:Q9GZT4	primary_tumor	Erythrocyte	12	3	1199	1158	0.0	0.0	0.0	0.0	Author labels,predeclared coarse mapping	mean_donor(mean_cell(log1p(10000*counts/all_gene_library)))	0.0	0.0
PDAC	GSE242230	06_EXTERNAL	20260922T131800Z_author_identity_v4	PDAC_author_cell_identity_v4	sc_expression_source	NA	NA	SRR	author_source_label	7	25	equal_donor_mean_cellwise_log1p10k	0.0330186433350135	NA	NA	NA	NA	SC_SOURCE_DESCRIPTIVE	NA	DONE	Donor-equal descriptive expression	GSE242230	UniProtKB:Q9GZT4	primary_tumor	Fibroblast/CAF	20	7	911	810	0.050151704349391	0.0337043430960992	0.0176527335890459	0.0422061316257934	Author labels,predeclared coarse mapping	mean_donor(mean_cell(log1p(10000*counts/all_gene_library)))	0.596	1.0
PDAC	GSE242230	06_EXTERNAL	20260922T131800Z_author_identity_v4	PDAC_author_cell_identity_v4	sc_expression_source	NA	NA	SRR	author_source_label	23	25	equal_donor_mean_cellwise_log1p10k	0.0074296424400583	NA	NA	NA	NA	SC_SOURCE_DESCRIPTIVE	NA	DONE	Donor-equal descriptive expression	GSE242230	UniProtKB:Q9GZT4	primary_tumor	Malignant (author)	25	23	10783	10759	0.0183438703318897	0.0040408551766361	0.0	0.0082385203816806	Author labels,predeclared coarse mapping	mean_donor(mean_cell(log1p(10000*counts/all_gene_library)))	0.0	0.22501355869396933
PDAC	GSE242230	06_EXTERNAL	20260922T131800Z_author_identity_v4	PDAC_author_cell_identity_v4	sc_expression_source	NA	NA	SRR	author_source_label	1	25	equal_donor_mean_cellwise_log1p10k	NA	NA	NA	NA	NA	SC_SOURCE_DESCRIPTIVE	NA	NOT_EVALUABLE	GENE_MISSING_OR_LT3_ELIGIBLE_LABELS	GSE242230	UniProtKB:Q9GZT4	primary_tumor	Mast	11	1	91	23	NA	NA	NA	NA	Author labels,predeclared coarse mapping	mean_donor(mean_cell(log1p(10000*counts/all_gene_library)))	NA	NA
PDAC	GSE242230	06_EXTERNAL	20260922T131800Z_author_identity_v4	PDAC_author_cell_identity_v4	sc_expression_source	NA	NA	SRR	author_source_label	20	25	equal_donor_mean_cellwise_log1p10k	0.0182142119118206	NA	NA	NA	NA	SC_SOURCE_DESCRIPTIVE	NA	DONE	Donor-equal descriptive expression	GSE242230	UniProtKB:Q9GZT4	primary_tumor	Myeloid	25	20	6246	6224	0.0242659758996211	0.0139691751260998	0.0082094037623626	0.0290647663515241	Author labels,predeclared coarse mapping	mean_donor(mean_cell(log1p(10000*counts/all_gene_library)))	0.004	0.5516341700358705
PDAC	GSE242230	06_EXTERNAL	20260922T131800Z_author_identity_v4	PDAC_author_cell_identity_v4	sc_expression_source	NA	NA	SRR	author_source_label	6	25	equal_donor_mean_cellwise_log1p10k	0.026763314784071	NA	NA	NA	NA	SC_SOURCE_DESCRIPTIVE	NA	DONE	Donor-equal descriptive expression	GSE242230	UniProtKB:Q9GZT4	primary_tumor	Normal epithelial (author)	21	6	350	291	0.055745578065668	0.0237889839656953	0.0147527232118386	0.0340989645890993	Author labels,predeclared coarse mapping	mean_donor(mean_cell(log1p(10000*counts/all_gene_library)))	0.284	0.8105516181426736
PDAC	GSE242230	06_EXTERNAL	20260922T131800Z_author_identity_v4	PDAC_author_cell_identity_v4	sc_expression_source	NA	NA	SRR	author_source_label	2	25	equal_donor_mean_cellwise_log1p10k	NA	NA	NA	NA	NA	SC_SOURCE_DESCRIPTIVE	NA	NOT_EVALUABLE	GENE_MISSING_OR_LT3_ELIGIBLE_LABELS	GSE242230	UniProtKB:Q9GZT4	primary_tumor	Platelet	13	2	122	64	NA	NA	NA	NA	Author labels,predeclared coarse mapping	mean_donor(mean_cell(log1p(10000*counts/all_gene_library)))	NA	NA
PDAC	GSE242230	06_EXTERNAL	20260922T131800Z_author_identity_v4	PDAC_author_cell_identity_v4	sc_expression_source	NA	NA	SRR	author_source_label	21	25	equal_donor_mean_cellwise_log1p10k	0.0143512957076717	NA	NA	NA	NA	SC_SOURCE_DESCRIPTIVE	NA	DONE	Donor-equal descriptive expression	GSE242230	UniProtKB:Q9GZT4	primary_tumor	T/NK	25	21	9408	9383	0.0105932421787012	0.0116826169059377	0.0047216712693311	0.017648764350748	Author labels,predeclared coarse mapping	mean_donor(mean_cell(log1p(10000*counts/all_gene_library)))	0.0	0.4346421978050611
PDAC	GSE242230	06_EXTERNAL	20260922T131800Z_author_identity_v4	PDAC_author_cell_identity_v4	sc_expression_source	NA	NA	SUV39H1	author_source_label	1	25	equal_donor_mean_cellwise_log1p10k	NA	NA	NA	NA	NA	SC_SOURCE_DESCRIPTIVE	NA	NOT_EVALUABLE	GENE_MISSING_OR_LT3_ELIGIBLE_LABELS	GSE242230	UniProtKB:O43463	primary_tumor	Acinar	17	1	91	20	NA	NA	NA	NA	Author labels,predeclared coarse mapping	mean_donor(mean_cell(log1p(10000*counts/all_gene_library)))	NA	NA
PDAC	GSE242230	06_EXTERNAL	20260922T131800Z_author_identity_v4	PDAC_author_cell_identity_v4	sc_expression_source	NA	NA	SUV39H1	author_source_label	15	25	equal_donor_mean_cellwise_log1p10k	0.0148476467968169	NA	NA	NA	NA	SC_SOURCE_DESCRIPTIVE	NA	DONE	Donor-equal descriptive expression	GSE242230	UniProtKB:O43463	primary_tumor	B/Plasma	23	15	1740	1675	0.0130355004332164	0.012131473577049	0.0	0.022106270368291	Author labels,predeclared coarse mapping	mean_donor(mean_cell(log1p(10000*counts/all_gene_library)))	0.041	0.5899683792818903
PDAC	GSE242230	06_EXTERNAL	20260922T131800Z_author_identity_v4	PDAC_author_cell_identity_v4	sc_expression_source	NA	NA	SUV39H1	author_source_label	3	25	equal_donor_mean_cellwise_log1p10k	0.0083031193154541	NA	NA	NA	NA	SC_SOURCE_DESCRIPTIVE	NA	DONE	Donor-equal descriptive expression	GSE242230	UniProtKB:O43463	primary_tumor	Endothelial	18	3	274	186	0.008695652173913	0.0	0.0	0.0124546789731811	Author labels,predeclared coarse mapping	mean_donor(mean_cell(log1p(10000*counts/all_gene_library)))	0.007	0.32992284316547665
PDAC	GSE242230	06_EXTERNAL	20260922T131800Z_author_identity_v4	PDAC_author_cell_identity_v4	sc_expression_source	NA	NA	SUV39H1	author_source_label	3	25	equal_donor_mean_cellwise_log1p10k	0.0	NA	NA	NA	NA	SC_SOURCE_DESCRIPTIVE	NA	DONE	Donor-equal descriptive expression	GSE242230	UniProtKB:O43463	primary_tumor	Erythrocyte	12	3	1199	1158	0.0	0.0	0.0	0.0	Author labels,predeclared coarse mapping	mean_donor(mean_cell(log1p(10000*counts/all_gene_library)))	0.0	0.0
PDAC	GSE242230	06_EXTERNAL	20260922T131800Z_author_identity_v4	PDAC_author_cell_identity_v4	sc_expression_source	NA	NA	SUV39H1	author_source_label	7	25	equal_donor_mean_cellwise_log1p10k	0.0168785427580839	NA	NA	NA	NA	SC_SOURCE_DESCRIPTIVE	NA	DONE	Donor-equal descriptive expression	GSE242230	UniProtKB:O43463	primary_tumor	Fibroblast/CAF	20	7	911	810	0.0248623597807288	0.0112385453042931	0.0053995328346512	0.0157850919082638	Author labels,predeclared coarse mapping	mean_donor(mean_cell(log1p(10000*counts/all_gene_library)))	0.148	0.6706656382586931
PDAC	GSE242230	06_EXTERNAL	20260922T131800Z_author_identity_v4	PDAC_author_cell_identity_v4	sc_expression_source	NA	NA	SUV39H1	author_source_label	23	25	equal_donor_mean_cellwise_log1p10k	0.0175554617341399	NA	NA	NA	NA	SC_SOURCE_DESCRIPTIVE	NA	DONE	Donor-equal descriptive expression	GSE242230	UniProtKB:O43463	primary_tumor	Malignant (author)	25	23	10783	10759	0.0352890286031323	0.0157766358526969	0.0073031081051423	0.0247907225945304	Author labels,predeclared coarse mapping	mean_donor(mean_cell(log1p(10000*counts/all_gene_library)))	0.01	0.6975628830998439
PDAC	GSE242230	06_EXTERNAL	20260922T131800Z_author_identity_v4	PDAC_author_cell_identity_v4	sc_expression_source	NA	NA	SUV39H1	author_source_label	1	25	equal_donor_mean_cellwise_log1p10k	NA	NA	NA	NA	NA	SC_SOURCE_DESCRIPTIVE	NA	NOT_EVALUABLE	GENE_MISSING_OR_LT3_ELIGIBLE_LABELS	GSE242230	UniProtKB:O43463	primary_tumor	Mast	11	1	91	23	NA	NA	NA	NA	Author labels,predeclared coarse mapping	mean_donor(mean_cell(log1p(10000*counts/all_gene_library)))	NA	NA
PDAC	GSE242230	06_EXTERNAL	20260922T131800Z_author_identity_v4	PDAC_author_cell_identity_v4	sc_expression_source	NA	NA	SUV39H1	author_source_label	20	25	equal_donor_mean_cellwise_log1p10k	0.0150576809133913	NA	NA	NA	NA	SC_SOURCE_DESCRIPTIVE	NA	DONE	Donor-equal descriptive expression	GSE242230	UniProtKB:O43463	primary_tumor	Myeloid	25	20	6246	6224	0.0199400565129621	0.0078345548563568	0.0066281639642359	0.0232560125318055	Author labels,predeclared coarse mapping	mean_donor(mean_cell(log1p(10000*counts/all_gene_library)))	0.014	0.5983140443589897
PDAC	GSE242230	06_EXTERNAL	20260922T131800Z_author_identity_v4	PDAC_author_cell_identity_v4	sc_expression_source	NA	NA	SUV39H1	author_source_label	6	25	equal_donor_mean_cellwise_log1p10k	0.0142132939998871	NA	NA	NA	NA	SC_SOURCE_DESCRIPTIVE	NA	DONE	Donor-equal descriptive expression	GSE242230	UniProtKB:O43463	primary_tumor	Normal epithelial (author)	21	6	350	291	0.0403474544778892	0.0203653432368265	0.004937678167577	0.021285978958108	Author labels,predeclared coarse mapping	mean_donor(mean_cell(log1p(10000*counts/all_gene_library)))	0.005	0.564762493351344
PDAC	GSE242230	06_EXTERNAL	20260922T131800Z_author_identity_v4	PDAC_author_cell_identity_v4	sc_expression_source	NA	NA	SUV39H1	author_source_label	2	25	equal_donor_mean_cellwise_log1p10k	NA	NA	NA	NA	NA	SC_SOURCE_DESCRIPTIVE	NA	NOT_EVALUABLE	GENE_MISSING_OR_LT3_ELIGIBLE_LABELS	GSE242230	UniProtKB:O43463	primary_tumor	Platelet	13	2	122	64	NA	NA	NA	NA	Author labels,predeclared coarse mapping	mean_donor(mean_cell(log1p(10000*counts/all_gene_library)))	NA	NA
PDAC	GSE242230	06_EXTERNAL	20260922T131800Z_author_identity_v4	PDAC_author_cell_identity_v4	sc_expression_source	NA	NA	SUV39H1	author_source_label	21	25	equal_donor_mean_cellwise_log1p10k	0.0251668518487202	NA	NA	NA	NA	SC_SOURCE_DESCRIPTIVE	NA	DONE	Donor-equal descriptive expression	GSE242230	UniProtKB:O43463	primary_tumor	T/NK	25	21	9408	9383	0.0203842815263962	0.0256043305228037	0.0179490629013724	0.0300196716368187	Author labels,predeclared coarse mapping	mean_donor(mean_cell(log1p(10000*counts/all_gene_library)))	0.775	1.0
PDAC	GSE242230	06_EXTERNAL	20260922T131800Z_author_identity_v4	PDAC_author_cell_identity_v4	sc_expression_source	NA	NA	SUV39H2	author_source_label	1	25	equal_donor_mean_cellwise_log1p10k	NA	NA	NA	NA	NA	SC_SOURCE_DESCRIPTIVE	NA	NOT_EVALUABLE	GENE_MISSING_OR_LT3_ELIGIBLE_LABELS	GSE242230	UniProtKB:Q9H5I1	primary_tumor	Acinar	17	1	91	20	NA	NA	NA	NA	Author labels,predeclared coarse mapping	mean_donor(mean_cell(log1p(10000*counts/all_gene_library)))	NA	NA
PDAC	GSE242230	06_EXTERNAL	20260922T131800Z_author_identity_v4	PDAC_author_cell_identity_v4	sc_expression_source	NA	NA	SUV39H2	author_source_label	15	25	equal_donor_mean_cellwise_log1p10k	0.0058066496482752	NA	NA	NA	NA	SC_SOURCE_DESCRIPTIVE	NA	DONE	Donor-equal descriptive expression	GSE242230	UniProtKB:Q9H5I1	primary_tumor	B/Plasma	23	15	1740	1675	0.007508023378338	0.0	0.0	0.009114279792125	Author labels,predeclared coarse mapping	mean_donor(mean_cell(log1p(10000*counts/all_gene_library)))	0.0	0.28294595683954965
PDAC	GSE242230	06_EXTERNAL	20260922T131800Z_author_identity_v4	PDAC_author_cell_identity_v4	sc_expression_source	NA	NA	SUV39H2	author_source_label	3	25	equal_donor_mean_cellwise_log1p10k	0.004838446978871	NA	NA	NA	NA	SC_SOURCE_DESCRIPTIVE	NA	DONE	Donor-equal descriptive expression	GSE242230	UniProtKB:Q9H5I1	primary_tumor	Endothelial	18	3	274	186	0.008695652173913	0.0	0.0	0.0072576704683066	Author labels,predeclared coarse mapping	mean_donor(mean_cell(log1p(10000*counts/all_gene_library)))	0.0	0.23576745506950553
PDAC	GSE242230	06_EXTERNAL	20260922T131800Z_author_identity_v4	PDAC_author_cell_identity_v4	sc_expression_source	NA	NA	SUV39H2	author_source_label	3	25	equal_donor_mean_cellwise_log1p10k	0.0	NA	NA	NA	NA	SC_SOURCE_DESCRIPTIVE	NA	DONE	Donor-equal descriptive expression	GSE242230	UniProtKB:Q9H5I1	primary_tumor	Erythrocyte	12	3	1199	1158	0.0	0.0	0.0	0.0	Author labels,predeclared coarse mapping	mean_donor(mean_cell(log1p(10000*counts/all_gene_library)))	0.0	0.0
PDAC	GSE242230	06_EXTERNAL	20260922T131800Z_author_identity_v4	PDAC_author_cell_identity_v4	sc_expression_source	NA	NA	SUV39H2	author_source_label	7	25	equal_donor_mean_cellwise_log1p10k	0.0205221156475757	NA	NA	NA	NA	SC_SOURCE_DESCRIPTIVE	NA	DONE	Donor-equal descriptive expression	GSE242230	UniProtKB:Q9H5I1	primary_tumor	Fibroblast/CAF	20	7	911	810	0.0341071999259579	0.0191676087412161	0.009780777306564	0.0236450703945494	Author labels,predeclared coarse mapping	mean_donor(mean_cell(log1p(10000*counts/all_gene_library)))	0.609	1.0
PDAC	GSE242230	06_EXTERNAL	20260922T131800Z_author_identity_v4	PDAC_author_cell_identity_v4	sc_expression_source	NA	NA	SUV39H2	author_source_label	23	25	equal_donor_mean_cellwise_log1p10k	0.014520194001971	NA	NA	NA	NA	SC_SOURCE_DESCRIPTIVE	NA	DONE	Donor-equal descriptive expression	GSE242230	UniProtKB:Q9H5I1	primary_tumor	Malignant (author)	25	23	10783	10759	0.0302520940211399	0.0123619269085577	0.0023551792131004	0.0204101468622757	Author labels,predeclared coarse mapping	mean_donor(mean_cell(log1p(10000*counts/all_gene_library)))	0.111	0.7075388449867881
PDAC	GSE242230	06_EXTERNAL	20260922T131800Z_author_identity_v4	PDAC_author_cell_identity_v4	sc_expression_source	NA	NA	SUV39H2	author_source_label	1	25	equal_donor_mean_cellwise_log1p10k	NA	NA	NA	NA	NA	SC_SOURCE_DESCRIPTIVE	NA	NOT_EVALUABLE	GENE_MISSING_OR_LT3_ELIGIBLE_LABELS	GSE242230	UniProtKB:Q9H5I1	primary_tumor	Mast	11	1	91	23	NA	NA	NA	NA	Author labels,predeclared coarse mapping	mean_donor(mean_cell(log1p(10000*counts/all_gene_library)))	NA	NA
PDAC	GSE242230	06_EXTERNAL	20260922T131800Z_author_identity_v4	PDAC_author_cell_identity_v4	sc_expression_source	NA	NA	SUV39H2	author_source_label	20	25	equal_donor_mean_cellwise_log1p10k	0.0062811654107975	NA	NA	NA	NA	SC_SOURCE_DESCRIPTIVE	NA	DONE	Donor-equal descriptive expression	GSE242230	UniProtKB:Q9H5I1	primary_tumor	Myeloid	25	20	6246	6224	0.0118134792607207	0.0050809419621956	0.0018444828307978	0.0096155354524826	Author labels,predeclared coarse mapping	mean_donor(mean_cell(log1p(10000*counts/all_gene_library)))	0.0	0.3060681227346802
PDAC	GSE242230	06_EXTERNAL	20260922T131800Z_author_identity_v4	PDAC_author_cell_identity_v4	sc_expression_source	NA	NA	SUV39H2	author_source_label	6	25	equal_donor_mean_cellwise_log1p10k	0.015708143680341	NA	NA	NA	NA	SC_SOURCE_DESCRIPTIVE	NA	DONE	Donor-equal descriptive expression	GSE242230	UniProtKB:Q9H5I1	primary_tumor	Normal epithelial (author)	21	6	350	291	0.0387386968908708	0.0107728137321492	0.0	0.0306407843238566	Author labels,predeclared coarse mapping	mean_donor(mean_cell(log1p(10000*counts/all_gene_library)))	0.28	0.7654251613281704
PDAC	GSE242230	06_EXTERNAL	20260922T131800Z_author_identity_v4	PDAC_author_cell_identity_v4	sc_expression_source	NA	NA	SUV39H2	author_source_label	2	25	equal_donor_mean_cellwise_log1p10k	NA	NA	NA	NA	NA	SC_SOURCE_DESCRIPTIVE	NA	NOT_EVALUABLE	GENE_MISSING_OR_LT3_ELIGIBLE_LABELS	GSE242230	UniProtKB:Q9H5I1	primary_tumor	Platelet	13	2	122	64	NA	NA	NA	NA	Author labels,predeclared coarse mapping	mean_donor(mean_cell(log1p(10000*counts/all_gene_library)))	NA	NA
PDAC	GSE242230	06_EXTERNAL	20260922T131800Z_author_identity_v4	PDAC_author_cell_identity_v4	sc_expression_source	NA	NA	SUV39H2	author_source_label	21	25	equal_donor_mean_cellwise_log1p10k	0.0088899749317254	NA	NA	NA	NA	SC_SOURCE_DESCRIPTIVE	NA	DONE	Donor-equal descriptive expression	GSE242230	UniProtKB:Q9H5I1	primary_tumor	T/NK	25	21	9408	9383	0.0090216923320556	0.0088905546651692	0.0040828755284807	0.0133416111986404	Author labels,predeclared coarse mapping	mean_donor(mean_cell(log1p(10000*counts/all_gene_library)))	0.0	0.4331899831572961
PDAC	GSE242230	06_EXTERNAL	20260922T131800Z_author_identity_v4	PDAC_author_cell_identity_v4	sc_expression_source	NA	NA	TARBP1	author_source_label	1	25	equal_donor_mean_cellwise_log1p10k	NA	NA	NA	NA	NA	SC_SOURCE_DESCRIPTIVE	NA	NOT_EVALUABLE	GENE_MISSING_OR_LT3_ELIGIBLE_LABELS	GSE242230	UniProtKB:Q13395	primary_tumor	Acinar	17	1	91	20	NA	NA	NA	NA	Author labels,predeclared coarse mapping	mean_donor(mean_cell(log1p(10000*counts/all_gene_library)))	NA	NA
PDAC	GSE242230	06_EXTERNAL	20260922T131800Z_author_identity_v4	PDAC_author_cell_identity_v4	sc_expression_source	NA	NA	TARBP1	author_source_label	15	25	equal_donor_mean_cellwise_log1p10k	0.0351984873362114	NA	NA	NA	NA	SC_SOURCE_DESCRIPTIVE	NA	DONE	Donor-equal descriptive expression	GSE242230	UniProtKB:Q13395	primary_tumor	B/Plasma	23	15	1740	1675	0.0305071400723141	0.0264927148176077	0.0128424615449472	0.0455189264314691	Author labels,predeclared coarse mapping	mean_donor(mean_cell(log1p(10000*counts/all_gene_library)))	0.0	0.3312753246262416
PDAC	GSE242230	06_EXTERNAL	20260922T131800Z_author_identity_v4	PDAC_author_cell_identity_v4	sc_expression_source	NA	NA	TARBP1	author_source_label	3	25	equal_donor_mean_cellwise_log1p10k	0.0943794961780312	NA	NA	NA	NA	SC_SOURCE_DESCRIPTIVE	NA	DONE	Donor-equal descriptive expression	GSE242230	UniProtKB:Q13395	primary_tumor	Endothelial	18	3	274	186	0.074845821769966	0.0899313286183663	0.0745163036052716	0.1120186049709583	Author labels,predeclared coarse mapping	mean_donor(mean_cell(log1p(10000*counts/all_gene_library)))	0.192	0.8882653943561114
PDAC	GSE242230	06_EXTERNAL	20260922T131800Z_author_identity_v4	PDAC_author_cell_identity_v4	sc_expression_source	NA	NA	TARBP1	author_source_label	3	25	equal_donor_mean_cellwise_log1p10k	0.0	NA	NA	NA	NA	SC_SOURCE_DESCRIPTIVE	NA	DONE	Donor-equal descriptive expression	GSE242230	UniProtKB:Q13395	primary_tumor	Erythrocyte	12	3	1199	1158	0.0	0.0	0.0	0.0	Author labels,predeclared coarse mapping	mean_donor(mean_cell(log1p(10000*counts/all_gene_library)))	0.0	0.0
PDAC	GSE242230	06_EXTERNAL	20260922T131800Z_author_identity_v4	PDAC_author_cell_identity_v4	sc_expression_source	NA	NA	TARBP1	author_source_label	7	25	equal_donor_mean_cellwise_log1p10k	0.0396846324265411	NA	NA	NA	NA	SC_SOURCE_DESCRIPTIVE	NA	DONE	Donor-equal descriptive expression	GSE242230	UniProtKB:Q13395	primary_tumor	Fibroblast/CAF	20	7	911	810	0.0662817112998605	0.0449405726051342	0.0244428336116607	0.0572074854468818	Author labels,predeclared coarse mapping	mean_donor(mean_cell(log1p(10000*counts/all_gene_library)))	0.0	0.3734972859544057
PDAC	GSE242230	06_EXTERNAL	20260922T131800Z_author_identity_v4	PDAC_author_cell_identity_v4	sc_expression_source	NA	NA	TARBP1	author_source_label	23	25	equal_donor_mean_cellwise_log1p10k	0.0979243673768056	NA	NA	NA	NA	SC_SOURCE_DESCRIPTIVE	NA	DONE	Donor-equal descriptive expression	GSE242230	UniProtKB:Q13395	primary_tumor	Malignant (author)	25	23	10783	10759	0.1565959154376527	0.0783563530307925	0.0661273818260765	0.115703989171175	Author labels,predeclared coarse mapping	mean_donor(mean_cell(log1p(10000*counts/all_gene_library)))	0.308	0.9216284291341453
PDAC	GSE242230	06_EXTERNAL	20260922T131800Z_author_identity_v4	PDAC_author_cell_identity_v4	sc_expression_source	NA	NA	TARBP1	author_source_label	1	25	equal_donor_mean_cellwise_log1p10k	NA	NA	NA	NA	NA	SC_SOURCE_DESCRIPTIVE	NA	NOT_EVALUABLE	GENE_MISSING_OR_LT3_ELIGIBLE_LABELS	GSE242230	UniProtKB:Q13395	primary_tumor	Mast	11	1	91	23	NA	NA	NA	NA	Author labels,predeclared coarse mapping	mean_donor(mean_cell(log1p(10000*counts/all_gene_library)))	NA	NA
PDAC	GSE242230	06_EXTERNAL	20260922T131800Z_author_identity_v4	PDAC_author_cell_identity_v4	sc_expression_source	NA	NA	TARBP1	author_source_label	20	25	equal_donor_mean_cellwise_log1p10k	0.0527529771249732	NA	NA	NA	NA	SC_SOURCE_DESCRIPTIVE	NA	DONE	Donor-equal descriptive expression	GSE242230	UniProtKB:Q13395	primary_tumor	Myeloid	25	20	6246	6224	0.0645077024483076	0.0410215335966831	0.0301411843296743	0.0645235408392363	Author labels,predeclared coarse mapping	mean_donor(mean_cell(log1p(10000*counts/all_gene_library)))	0.0	0.4964917797503625
PDAC	GSE242230	06_EXTERNAL	20260922T131800Z_author_identity_v4	PDAC_author_cell_identity_v4	sc_expression_source	NA	NA	TARBP1	author_source_label	6	25	equal_donor_mean_cellwise_log1p10k	0.1062514613061621	NA	NA	NA	NA	SC_SOURCE_DESCRIPTIVE	NA	DONE	Donor-equal descriptive expression	GSE242230	UniProtKB:Q13395	primary_tumor	Normal epithelial (author)	21	6	350	291	0.1706007573136508	0.0788510968441213	0.035977049594192	0.1512688977685135	Author labels,predeclared coarse mapping	mean_donor(mean_cell(log1p(10000*counts/all_gene_library)))	0.5	1.0
PDAC	GSE242230	06_EXTERNAL	20260922T131800Z_author_identity_v4	PDAC_author_cell_identity_v4	sc_expression_source	NA	NA	TARBP1	author_source_label	2	25	equal_donor_mean_cellwise_log1p10k	NA	NA	NA	NA	NA	SC_SOURCE_DESCRIPTIVE	NA	NOT_EVALUABLE	GENE_MISSING_OR_LT3_ELIGIBLE_LABELS	GSE242230	UniProtKB:Q13395	primary_tumor	Platelet	13	2	122	64	NA	NA	NA	NA	Author labels,predeclared coarse mapping	mean_donor(mean_cell(log1p(10000*counts/all_gene_library)))	NA	NA
PDAC	GSE242230	06_EXTERNAL	20260922T131800Z_author_identity_v4	PDAC_author_cell_identity_v4	sc_expression_source	NA	NA	TARBP1	author_source_label	21	25	equal_donor_mean_cellwise_log1p10k	0.0542582766875258	NA	NA	NA	NA	SC_SOURCE_DESCRIPTIVE	NA	DONE	Donor-equal descriptive expression	GSE242230	UniProtKB:Q13395	primary_tumor	T/NK	25	21	9408	9383	0.04181934108821	0.0482565298315085	0.0291478310845942	0.0744372479977207	Author labels,predeclared coarse mapping	mean_donor(mean_cell(log1p(10000*counts/all_gene_library)))	0.0	0.5106591101950244
PDAC	GSE242230	06_EXTERNAL	20260922T131800Z_author_identity_v4	PDAC_author_cell_identity_v4	sc_expression_source	NA	NA	TAT	author_source_label	1	25	equal_donor_mean_cellwise_log1p10k	NA	NA	NA	NA	NA	SC_SOURCE_DESCRIPTIVE	NA	NOT_EVALUABLE	GENE_MISSING_OR_LT3_ELIGIBLE_LABELS	GSE242230	UniProtKB:P17735	primary_tumor	Acinar	17	1	91	20	NA	NA	NA	NA	Author labels,predeclared coarse mapping	mean_donor(mean_cell(log1p(10000*counts/all_gene_library)))	NA	NA
PDAC	GSE242230	06_EXTERNAL	20260922T131800Z_author_identity_v4	PDAC_author_cell_identity_v4	sc_expression_source	NA	NA	TAT	author_source_label	15	25	equal_donor_mean_cellwise_log1p10k	0.000589437305134	NA	NA	NA	NA	SC_SOURCE_DESCRIPTIVE	NA	DONE	Donor-equal descriptive expression	GSE242230	UniProtKB:P17735	primary_tumor	B/Plasma	23	15	1740	1675	0.000501253132832	0.0	0.0	0.0	Author labels,predeclared coarse mapping	mean_donor(mean_cell(log1p(10000*counts/all_gene_library)))	NA	0.5704027230387746
PDAC	GSE242230	06_EXTERNAL	20260922T131800Z_author_identity_v4	PDAC_author_cell_identity_v4	sc_expression_source	NA	NA	TAT	author_source_label	3	25	equal_donor_mean_cellwise_log1p10k	0.0	NA	NA	NA	NA	SC_SOURCE_DESCRIPTIVE	NA	DONE	Donor-equal descriptive expression	GSE242230	UniProtKB:P17735	primary_tumor	Endothelial	18	3	274	186	0.0	0.0	0.0	0.0	Author labels,predeclared coarse mapping	mean_donor(mean_cell(log1p(10000*counts/all_gene_library)))	NA	0.0
PDAC	GSE242230	06_EXTERNAL	20260922T131800Z_author_identity_v4	PDAC_author_cell_identity_v4	sc_expression_source	NA	NA	TAT	author_source_label	3	25	equal_donor_mean_cellwise_log1p10k	0.0	NA	NA	NA	NA	SC_SOURCE_DESCRIPTIVE	NA	DONE	Donor-equal descriptive expression	GSE242230	UniProtKB:P17735	primary_tumor	Erythrocyte	12	3	1199	1158	0.0	0.0	0.0	0.0	Author labels,predeclared coarse mapping	mean_donor(mean_cell(log1p(10000*counts/all_gene_library)))	NA	0.0
PDAC	GSE242230	06_EXTERNAL	20260922T131800Z_author_identity_v4	PDAC_author_cell_identity_v4	sc_expression_source	NA	NA	TAT	author_source_label	7	25	equal_donor_mean_cellwise_log1p10k	0.0	NA	NA	NA	NA	SC_SOURCE_DESCRIPTIVE	NA	DONE	Donor-equal descriptive expression	GSE242230	UniProtKB:P17735	primary_tumor	Fibroblast/CAF	20	7	911	810	0.0	0.0	0.0	0.0	Author labels,predeclared coarse mapping	mean_donor(mean_cell(log1p(10000*counts/all_gene_library)))	NA	0.0
PDAC	GSE242230	06_EXTERNAL	20260922T131800Z_author_identity_v4	PDAC_author_cell_identity_v4	sc_expression_source	NA	NA	TAT	author_source_label	23	25	equal_donor_mean_cellwise_log1p10k	0.0009058477179012	NA	NA	NA	NA	SC_SOURCE_DESCRIPTIVE	NA	DONE	Donor-equal descriptive expression	GSE242230	UniProtKB:P17735	primary_tumor	Malignant (author)	25	23	10783	10759	0.0023118064865486	0.0	0.0	0.0	Author labels,predeclared coarse mapping	mean_donor(mean_cell(log1p(10000*counts/all_gene_library)))	NA	0.8765953570445297
PDAC	GSE242230	06_EXTERNAL	20260922T131800Z_author_identity_v4	PDAC_author_cell_identity_v4	sc_expression_source	NA	NA	TAT	author_source_label	1	25	equal_donor_mean_cellwise_log1p10k	NA	NA	NA	NA	NA	SC_SOURCE_DESCRIPTIVE	NA	NOT_EVALUABLE	GENE_MISSING_OR_LT3_ELIGIBLE_LABELS	GSE242230	UniProtKB:P17735	primary_tumor	Mast	11	1	91	23	NA	NA	NA	NA	Author labels,predeclared coarse mapping	mean_donor(mean_cell(log1p(10000*counts/all_gene_library)))	NA	NA
PDAC	GSE242230	06_EXTERNAL	20260922T131800Z_author_identity_v4	PDAC_author_cell_identity_v4	sc_expression_source	NA	NA	TAT	author_source_label	20	25	equal_donor_mean_cellwise_log1p10k	0.0002682845272789	NA	NA	NA	NA	SC_SOURCE_DESCRIPTIVE	NA	DONE	Donor-equal descriptive expression	GSE242230	UniProtKB:P17735	primary_tumor	Myeloid	25	20	6246	6224	0.0003048780487804	0.0	0.0	0.0	Author labels,predeclared coarse mapping	mean_donor(mean_cell(log1p(10000*counts/all_gene_library)))	NA	0.2596208682011834
PDAC	GSE242230	06_EXTERNAL	20260922T131800Z_author_identity_v4	PDAC_author_cell_identity_v4	sc_expression_source	NA	NA	TAT	author_source_label	6	25	equal_donor_mean_cellwise_log1p10k	0.0010333704264135	NA	NA	NA	NA	SC_SOURCE_DESCRIPTIVE	NA	DONE	Donor-equal descriptive expression	GSE242230	UniProtKB:P17735	primary_tumor	Normal epithelial (author)	21	6	350	291	0.002415458937198	0.0	0.0	0.0	Author labels,predeclared coarse mapping	mean_donor(mean_cell(log1p(10000*counts/all_gene_library)))	NA	1.0
PDAC	GSE242230	06_EXTERNAL	20260922T131800Z_author_identity_v4	PDAC_author_cell_identity_v4	sc_expression_source	NA	NA	TAT	author_source_label	2	25	equal_donor_mean_cellwise_log1p10k	NA	NA	NA	NA	NA	SC_SOURCE_DESCRIPTIVE	NA	NOT_EVALUABLE	GENE_MISSING_OR_LT3_ELIGIBLE_LABELS	GSE242230	UniProtKB:P17735	primary_tumor	Platelet	13	2	122	64	NA	NA	NA	NA	Author labels,predeclared coarse mapping	mean_donor(mean_cell(log1p(10000*counts/all_gene_library)))	NA	NA
PDAC	GSE242230	06_EXTERNAL	20260922T131800Z_author_identity_v4	PDAC_author_cell_identity_v4	sc_expression_source	NA	NA	TAT	author_source_label	21	25	equal_donor_mean_cellwise_log1p10k	0.0001436032195955	NA	NA	NA	NA	SC_SOURCE_DESCRIPTIVE	NA	DONE	Donor-equal descriptive expression	GSE242230	UniProtKB:P17735	primary_tumor	T/NK	25	21	9408	9383	6.851661527920521e-05	0.0	0.0	0.0	Author labels,predeclared coarse mapping	mean_donor(mean_cell(log1p(10000*counts/all_gene_library)))	NA	0.13896586928068097
PDAC	GSE242230	06_EXTERNAL	20260922T131800Z_author_identity_v4	PDAC_author_cell_identity_v4	sc_expression_source	NA	NA	TDO2	author_source_label	1	25	equal_donor_mean_cellwise_log1p10k	NA	NA	NA	NA	NA	SC_SOURCE_DESCRIPTIVE	NA	NOT_EVALUABLE	GENE_MISSING_OR_LT3_ELIGIBLE_LABELS	GSE242230	UniProtKB:P48775	primary_tumor	Acinar	17	1	91	20	NA	NA	NA	NA	Author labels,predeclared coarse mapping	mean_donor(mean_cell(log1p(10000*counts/all_gene_library)))	NA	NA
PDAC	GSE242230	06_EXTERNAL	20260922T131800Z_author_identity_v4	PDAC_author_cell_identity_v4	sc_expression_source	NA	NA	TDO2	author_source_label	15	25	equal_donor_mean_cellwise_log1p10k	0.0	NA	NA	NA	NA	SC_SOURCE_DESCRIPTIVE	NA	DONE	Donor-equal descriptive expression	GSE242230	UniProtKB:P48775	primary_tumor	B/Plasma	23	15	1740	1675	0.0	0.0	0.0	0.0	Author labels,predeclared coarse mapping	mean_donor(mean_cell(log1p(10000*counts/all_gene_library)))	0.0	0.0
PDAC	GSE242230	06_EXTERNAL	20260922T131800Z_author_identity_v4	PDAC_author_cell_identity_v4	sc_expression_source	NA	NA	TDO2	author_source_label	3	25	equal_donor_mean_cellwise_log1p10k	0.0036177344469171	NA	NA	NA	NA	SC_SOURCE_DESCRIPTIVE	NA	DONE	Donor-equal descriptive expression	GSE242230	UniProtKB:P48775	primary_tumor	Endothelial	18	3	274	186	0.0057971014492753	0.0	0.0	0.0054266016703756	Author labels,predeclared coarse mapping	mean_donor(mean_cell(log1p(10000*counts/all_gene_library)))	0.004	0.03575045443276032
PDAC	GSE242230	06_EXTERNAL	20260922T131800Z_author_identity_v4	PDAC_author_cell_identity_v4	sc_expression_source	NA	NA	TDO2	author_source_label	3	25	equal_donor_mean_cellwise_log1p10k	0.0	NA	NA	NA	NA	SC_SOURCE_DESCRIPTIVE	NA	DONE	Donor-equal descriptive expression	GSE242230	UniProtKB:P48775	primary_tumor	Erythrocyte	12	3	1199	1158	0.0	0.0	0.0	0.0	Author labels,predeclared coarse mapping	mean_donor(mean_cell(log1p(10000*counts/all_gene_library)))	0.0	0.0
PDAC	GSE242230	06_EXTERNAL	20260922T131800Z_author_identity_v4	PDAC_author_cell_identity_v4	sc_expression_source	NA	NA	TDO2	author_source_label	7	25	equal_donor_mean_cellwise_log1p10k	0.1011940828254745	NA	NA	NA	NA	SC_SOURCE_DESCRIPTIVE	NA	DONE	Donor-equal descriptive expression	GSE242230	UniProtKB:P48775	primary_tumor	Fibroblast/CAF	20	7	911	810	0.0937519198992207	0.0759249204179908	0.0434583159754371	0.1465304594686208	Author labels,predeclared coarse mapping	mean_donor(mean_cell(log1p(10000*counts/all_gene_library)))	0.979	1.0
PDAC	GSE242230	06_EXTERNAL	20260922T131800Z_author_identity_v4	PDAC_author_cell_identity_v4	sc_expression_source	NA	NA	TDO2	author_source_label	23	25	equal_donor_mean_cellwise_log1p10k	0.0018876343474591	NA	NA	NA	NA	SC_SOURCE_DESCRIPTIVE	NA	DONE	Donor-equal descriptive expression	GSE242230	UniProtKB:P48775	primary_tumor	Malignant (author)	25	23	10783	10759	0.0038154424719511	0.0	0.0	0.0	Author labels,predeclared coarse mapping	mean_donor(mean_cell(log1p(10000*counts/all_gene_library)))	0.011	0.018653603992978815
PDAC	GSE242230	06_EXTERNAL	20260922T131800Z_author_identity_v4	PDAC_author_cell_identity_v4	sc_expression_source	NA	NA	TDO2	author_source_label	1	25	equal_donor_mean_cellwise_log1p10k	NA	NA	NA	NA	NA	SC_SOURCE_DESCRIPTIVE	NA	NOT_EVALUABLE	GENE_MISSING_OR_LT3_ELIGIBLE_LABELS	GSE242230	UniProtKB:P48775	primary_tumor	Mast	11	1	91	23	NA	NA	NA	NA	Author labels,predeclared coarse mapping	mean_donor(mean_cell(log1p(10000*counts/all_gene_library)))	NA	NA
PDAC	GSE242230	06_EXTERNAL	20260922T131800Z_author_identity_v4	PDAC_author_cell_identity_v4	sc_expression_source	NA	NA	TDO2	author_source_label	20	25	equal_donor_mean_cellwise_log1p10k	0.0005744912620278	NA	NA	NA	NA	SC_SOURCE_DESCRIPTIVE	NA	DONE	Donor-equal descriptive expression	GSE242230	UniProtKB:P48775	primary_tumor	Myeloid	25	20	6246	6224	0.0005354635860625	0.0	0.0	0.0	Author labels,predeclared coarse mapping	mean_donor(mean_cell(log1p(10000*counts/all_gene_library)))	0.002	0.005677123068733206
PDAC	GSE242230	06_EXTERNAL	20260922T131800Z_author_identity_v4	PDAC_author_cell_identity_v4	sc_expression_source	NA	NA	TDO2	author_source_label	6	25	equal_donor_mean_cellwise_log1p10k	0.0011726123823572	NA	NA	NA	NA	SC_SOURCE_DESCRIPTIVE	NA	DONE	Donor-equal descriptive expression	GSE242230	UniProtKB:P48775	primary_tumor	Normal epithelial (author)	21	6	350	291	0.0016025641025641	0.0	0.0	0.0	Author labels,predeclared coarse mapping	mean_donor(mean_cell(log1p(10000*counts/all_gene_library)))	0.004	0.011587756414370185
PDAC	GSE242230	06_EXTERNAL	20260922T131800Z_author_identity_v4	PDAC_author_cell_identity_v4	sc_expression_source	NA	NA	TDO2	author_source_label	2	25	equal_donor_mean_cellwise_log1p10k	NA	NA	NA	NA	NA	SC_SOURCE_DESCRIPTIVE	NA	NOT_EVALUABLE	GENE_MISSING_OR_LT3_ELIGIBLE_LABELS	GSE242230	UniProtKB:P48775	primary_tumor	Platelet	13	2	122	64	NA	NA	NA	NA	Author labels,predeclared coarse mapping	mean_donor(mean_cell(log1p(10000*counts/all_gene_library)))	NA	NA
PDAC	GSE242230	06_EXTERNAL	20260922T131800Z_author_identity_v4	PDAC_author_cell_identity_v4	sc_expression_source	NA	NA	TDO2	author_source_label	21	25	equal_donor_mean_cellwise_log1p10k	0.0	NA	NA	NA	NA	SC_SOURCE_DESCRIPTIVE	NA	DONE	Donor-equal descriptive expression	GSE242230	UniProtKB:P48775	primary_tumor	T/NK	25	21	9408	9383	0.0	0.0	0.0	0.0	Author labels,predeclared coarse mapping	mean_donor(mean_cell(log1p(10000*counts/all_gene_library)))	0.0	0.0
PDAC	GSE242230	06_EXTERNAL	20260922T131800Z_author_identity_v4	PDAC_author_cell_identity_v4	sc_expression_source	NA	NA	TET1	author_source_label	1	25	equal_donor_mean_cellwise_log1p10k	NA	NA	NA	NA	NA	SC_SOURCE_DESCRIPTIVE	NA	NOT_EVALUABLE	GENE_MISSING_OR_LT3_ELIGIBLE_LABELS	GSE242230	UniProtKB:Q8NFU7	primary_tumor	Acinar	17	1	91	20	NA	NA	NA	NA	Author labels,predeclared coarse mapping	mean_donor(mean_cell(log1p(10000*counts/all_gene_library)))	NA	NA
PDAC	GSE242230	06_EXTERNAL	20260922T131800Z_author_identity_v4	PDAC_author_cell_identity_v4	sc_expression_source	NA	NA	TET1	author_source_label	15	25	equal_donor_mean_cellwise_log1p10k	0.003236883158385	NA	NA	NA	NA	SC_SOURCE_DESCRIPTIVE	NA	DONE	Donor-equal descriptive expression	GSE242230	UniProtKB:Q8NFU7	primary_tumor	B/Plasma	23	15	1740	1675	0.004048048048048	0.0	0.0	0.0	Author labels,predeclared coarse mapping	mean_donor(mean_cell(log1p(10000*counts/all_gene_library)))	0.0	0.09988904202056831
PDAC	GSE242230	06_EXTERNAL	20260922T131800Z_author_identity_v4	PDAC_author_cell_identity_v4	sc_expression_source	NA	NA	TET1	author_source_label	3	25	equal_donor_mean_cellwise_log1p10k	0.0119590522279829	NA	NA	NA	NA	SC_SOURCE_DESCRIPTIVE	NA	DONE	Donor-equal descriptive expression	GSE242230	UniProtKB:Q8NFU7	primary_tumor	Endothelial	18	3	274	186	0.017391304347826	0.0	0.0	0.0179385783419744	Author labels,predeclared coarse mapping	mean_donor(mean_cell(log1p(10000*counts/all_gene_library)))	0.007	0.36905202074800064
PDAC	GSE242230	06_EXTERNAL	20260922T131800Z_author_identity_v4	PDAC_author_cell_identity_v4	sc_expression_source	NA	NA	TET1	author_source_label	3	25	equal_donor_mean_cellwise_log1p10k	0.0	NA	NA	NA	NA	SC_SOURCE_DESCRIPTIVE	NA	DONE	Donor-equal descriptive expression	GSE242230	UniProtKB:Q8NFU7	primary_tumor	Erythrocyte	12	3	1199	1158	0.0	0.0	0.0	0.0	Author labels,predeclared coarse mapping	mean_donor(mean_cell(log1p(10000*counts/all_gene_library)))	0.0	0.0
PDAC	GSE242230	06_EXTERNAL	20260922T131800Z_author_identity_v4	PDAC_author_cell_identity_v4	sc_expression_source	NA	NA	TET1	author_source_label	7	25	equal_donor_mean_cellwise_log1p10k	0.0324047872810562	NA	NA	NA	NA	SC_SOURCE_DESCRIPTIVE	NA	DONE	Donor-equal descriptive expression	GSE242230	UniProtKB:Q8NFU7	primary_tumor	Fibroblast/CAF	20	7	911	810	0.0428553486794215	0.0349168727800645	0.0242146737224109	0.0402949006068675	Author labels,predeclared coarse mapping	mean_donor(mean_cell(log1p(10000*counts/all_gene_library)))	0.981	1.0
PDAC	GSE242230	06_EXTERNAL	20260922T131800Z_author_identity_v4	PDAC_author_cell_identity_v4	sc_expression_source	NA	NA	TET1	author_source_label	23	25	equal_donor_mean_cellwise_log1p10k	0.0059451299573949	NA	NA	NA	NA	SC_SOURCE_DESCRIPTIVE	NA	DONE	Donor-equal descriptive expression	GSE242230	UniProtKB:Q8NFU7	primary_tumor	Malignant (author)	25	23	10783	10759	0.0143685934487741	0.0009150909363975	0.0	0.0058672332607305	Author labels,predeclared coarse mapping	mean_donor(mean_cell(log1p(10000*counts/all_gene_library)))	0.0	0.18346455743810472
PDAC	GSE242230	06_EXTERNAL	20260922T131800Z_author_identity_v4	PDAC_author_cell_identity_v4	sc_expression_source	NA	NA	TET1	author_source_label	1	25	equal_donor_mean_cellwise_log1p10k	NA	NA	NA	NA	NA	SC_SOURCE_DESCRIPTIVE	NA	NOT_EVALUABLE	GENE_MISSING_OR_LT3_ELIGIBLE_LABELS	GSE242230	UniProtKB:Q8NFU7	primary_tumor	Mast	11	1	91	23	NA	NA	NA	NA	Author labels,predeclared coarse mapping	mean_donor(mean_cell(log1p(10000*counts/all_gene_library)))	NA	NA
PDAC	GSE242230	06_EXTERNAL	20260922T131800Z_author_identity_v4	PDAC_author_cell_identity_v4	sc_expression_source	NA	NA	TET1	author_source_label	20	25	equal_donor_mean_cellwise_log1p10k	0.0008488345635872	NA	NA	NA	NA	SC_SOURCE_DESCRIPTIVE	NA	DONE	Donor-equal descriptive expression	GSE242230	UniProtKB:Q8NFU7	primary_tumor	Myeloid	25	20	6246	6224	0.0009552760139736	0.0	0.0	0.0	Author labels,predeclared coarse mapping	mean_donor(mean_cell(log1p(10000*counts/all_gene_library)))	0.0	0.02619472722425269
PDAC	GSE242230	06_EXTERNAL	20260922T131800Z_author_identity_v4	PDAC_author_cell_identity_v4	sc_expression_source	NA	NA	TET1	author_source_label	6	25	equal_donor_mean_cellwise_log1p10k	0.0046184252571934	NA	NA	NA	NA	SC_SOURCE_DESCRIPTIVE	NA	DONE	Donor-equal descriptive expression	GSE242230	UniProtKB:Q8NFU7	primary_tumor	Normal epithelial (author)	21	6	350	291	0.0157933853586027	0.0024145638553372	0.0	0.0088843803658917	Author labels,predeclared coarse mapping	mean_donor(mean_cell(log1p(10000*counts/all_gene_library)))	0.0	0.1425229308600747
PDAC	GSE242230	06_EXTERNAL	20260922T131800Z_author_identity_v4	PDAC_author_cell_identity_v4	sc_expression_source	NA	NA	TET1	author_source_label	2	25	equal_donor_mean_cellwise_log1p10k	NA	NA	NA	NA	NA	SC_SOURCE_DESCRIPTIVE	NA	NOT_EVALUABLE	GENE_MISSING_OR_LT3_ELIGIBLE_LABELS	GSE242230	UniProtKB:Q8NFU7	primary_tumor	Platelet	13	2	122	64	NA	NA	NA	NA	Author labels,predeclared coarse mapping	mean_donor(mean_cell(log1p(10000*counts/all_gene_library)))	NA	NA
PDAC	GSE242230	06_EXTERNAL	20260922T131800Z_author_identity_v4	PDAC_author_cell_identity_v4	sc_expression_source	NA	NA	TET1	author_source_label	21	25	equal_donor_mean_cellwise_log1p10k	0.0141641568689421	NA	NA	NA	NA	SC_SOURCE_DESCRIPTIVE	NA	DONE	Donor-equal descriptive expression	GSE242230	UniProtKB:Q8NFU7	primary_tumor	T/NK	25	21	9408	9383	0.0121530325768895	0.0086314342921434	0.0051881479920073	0.0165275737696006	Author labels,predeclared coarse mapping	mean_donor(mean_cell(log1p(10000*counts/all_gene_library)))	0.012	0.4371007513825727
PDAC	GSE242230	06_EXTERNAL	20260922T131800Z_author_identity_v4	PDAC_author_cell_identity_v4	sc_expression_source	NA	NA	TET2	author_source_label	1	25	equal_donor_mean_cellwise_log1p10k	NA	NA	NA	NA	NA	SC_SOURCE_DESCRIPTIVE	NA	NOT_EVALUABLE	GENE_MISSING_OR_LT3_ELIGIBLE_LABELS	GSE242230	UniProtKB:Q6N021	primary_tumor	Acinar	17	1	91	20	NA	NA	NA	NA	Author labels,predeclared coarse mapping	mean_donor(mean_cell(log1p(10000*counts/all_gene_library)))	NA	NA
PDAC	GSE242230	06_EXTERNAL	20260922T131800Z_author_identity_v4	PDAC_author_cell_identity_v4	sc_expression_source	NA	NA	TET2	author_source_label	15	25	equal_donor_mean_cellwise_log1p10k	0.0643511534587994	NA	NA	NA	NA	SC_SOURCE_DESCRIPTIVE	NA	DONE	Donor-equal descriptive expression	GSE242230	UniProtKB:Q6N021	primary_tumor	B/Plasma	23	15	1740	1675	0.050322739019541	0.0590534275183335	0.0355922559996492	0.0893250099614496	Author labels,predeclared coarse mapping	mean_donor(mean_cell(log1p(10000*counts/all_gene_library)))	0.0	0.23553810669860326
PDAC	GSE242230	06_EXTERNAL	20260922T131800Z_author_identity_v4	PDAC_author_cell_identity_v4	sc_expression_source	NA	NA	TET2	author_source_label	3	25	equal_donor_mean_cellwise_log1p10k	0.1323656365606723	NA	NA	NA	NA	SC_SOURCE_DESCRIPTIVE	NA	DONE	Donor-equal descriptive expression	GSE242230	UniProtKB:Q6N021	primary_tumor	Endothelial	18	3	274	186	0.111231884057971	0.192764637137336	0.096382318568668	0.1985484548410085	Author labels,predeclared coarse mapping	mean_donor(mean_cell(log1p(10000*counts/all_gene_library)))	0.0	0.48448473339980197
PDAC	GSE242230	06_EXTERNAL	20260922T131800Z_author_identity_v4	PDAC_author_cell_identity_v4	sc_expression_source	NA	NA	TET2	author_source_label	3	25	equal_donor_mean_cellwise_log1p10k	0.0422253670546384	NA	NA	NA	NA	SC_SOURCE_DESCRIPTIVE	NA	DONE	Donor-equal descriptive expression	GSE242230	UniProtKB:Q6N021	primary_tumor	Erythrocyte	12	3	1199	1158	0.0335510495873139	0.0568943491642746	0.0316020885828307	0.0601831365812643	Author labels,predeclared coarse mapping	mean_donor(mean_cell(log1p(10000*counts/all_gene_library)))	0.0	0.15455329821043215
PDAC	GSE242230	06_EXTERNAL	20260922T131800Z_author_identity_v4	PDAC_author_cell_identity_v4	sc_expression_source	NA	NA	TET2	author_source_label	7	25	equal_donor_mean_cellwise_log1p10k	0.0568537433491906	NA	NA	NA	NA	SC_SOURCE_DESCRIPTIVE	NA	DONE	Donor-equal descriptive expression	GSE242230	UniProtKB:Q6N021	primary_tumor	Fibroblast/CAF	20	7	911	810	0.0934687881673701	0.0508809726307282	0.0344649993851536	0.0837439122442632	Author labels,predeclared coarse mapping	mean_donor(mean_cell(log1p(10000*counts/all_gene_library)))	0.0	0.20809608449008368
PDAC	GSE242230	06_EXTERNAL	20260922T131800Z_author_identity_v4	PDAC_author_cell_identity_v4	sc_expression_source	NA	NA	TET2	author_source_label	23	25	equal_donor_mean_cellwise_log1p10k	0.1024553732029946	NA	NA	NA	NA	SC_SOURCE_DESCRIPTIVE	NA	DONE	Donor-equal descriptive expression	GSE242230	UniProtKB:Q6N021	primary_tumor	Malignant (author)	25	23	10783	10759	0.156138448061004	0.0694992356315834	0.0511390149843686	0.1301524471068278	Author labels,predeclared coarse mapping	mean_donor(mean_cell(log1p(10000*counts/all_gene_library)))	0.0	0.3750071805749788
PDAC	GSE242230	06_EXTERNAL	20260922T131800Z_author_identity_v4	PDAC_author_cell_identity_v4	sc_expression_source	NA	NA	TET2	author_source_label	1	25	equal_donor_mean_cellwise_log1p10k	NA	NA	NA	NA	NA	SC_SOURCE_DESCRIPTIVE	NA	NOT_EVALUABLE	GENE_MISSING_OR_LT3_ELIGIBLE_LABELS	GSE242230	UniProtKB:Q6N021	primary_tumor	Mast	11	1	91	23	NA	NA	NA	NA	Author labels,predeclared coarse mapping	mean_donor(mean_cell(log1p(10000*counts/all_gene_library)))	NA	NA
PDAC	GSE242230	06_EXTERNAL	20260922T131800Z_author_identity_v4	PDAC_author_cell_identity_v4	sc_expression_source	NA	NA	TET2	author_source_label	20	25	equal_donor_mean_cellwise_log1p10k	0.2732090970789017	NA	NA	NA	NA	SC_SOURCE_DESCRIPTIVE	NA	DONE	Donor-equal descriptive expression	GSE242230	UniProtKB:Q6N021	primary_tumor	Myeloid	25	20	6246	6224	0.2523317821827857	0.2375624251809634	0.1948308192396554	0.3001556651911482	Author labels,predeclared coarse mapping	mean_donor(mean_cell(log1p(10000*counts/all_gene_library)))	1.0	1.0
PDAC	GSE242230	06_EXTERNAL	20260922T131800Z_author_identity_v4	PDAC_author_cell_identity_v4	sc_expression_source	NA	NA	TET2	author_source_label	6	25	equal_donor_mean_cellwise_log1p10k	0.111901221159523	NA	NA	NA	NA	SC_SOURCE_DESCRIPTIVE	NA	DONE	Donor-equal descriptive expression	GSE242230	UniProtKB:Q6N021	primary_tumor	Normal epithelial (author)	21	6	350	291	0.2134385798553714	0.094336609922159	0.0904776994641008	0.1103527892391707	Author labels,predeclared coarse mapping	mean_donor(mean_cell(log1p(10000*counts/all_gene_library)))	0.0	0.40958087543917465
PDAC	GSE242230	06_EXTERNAL	20260922T131800Z_author_identity_v4	PDAC_author_cell_identity_v4	sc_expression_source	NA	NA	TET2	author_source_label	2	25	equal_donor_mean_cellwise_log1p10k	NA	NA	NA	NA	NA	SC_SOURCE_DESCRIPTIVE	NA	NOT_EVALUABLE	GENE_MISSING_OR_LT3_ELIGIBLE_LABELS	GSE242230	UniProtKB:Q6N021	primary_tumor	Platelet	13	2	122	64	NA	NA	NA	NA	Author labels,predeclared coarse mapping	mean_donor(mean_cell(log1p(10000*counts/all_gene_library)))	NA	NA
PDAC	GSE242230	06_EXTERNAL	20260922T131800Z_author_identity_v4	PDAC_author_cell_identity_v4	sc_expression_source	NA	NA	TET2	author_source_label	21	25	equal_donor_mean_cellwise_log1p10k	0.0686530706843999	NA	NA	NA	NA	SC_SOURCE_DESCRIPTIVE	NA	DONE	Donor-equal descriptive expression	GSE242230	UniProtKB:Q6N021	primary_tumor	T/NK	25	21	9408	9383	0.0494417769446212	0.0598873297992683	0.0445385639592391	0.0944054759713603	Author labels,predeclared coarse mapping	mean_donor(mean_cell(log1p(10000*counts/all_gene_library)))	0.0	0.251283985117718
PDAC	GSE242230	06_EXTERNAL	20260922T131800Z_author_identity_v4	PDAC_author_cell_identity_v4	sc_expression_source	NA	NA	TET3	author_source_label	1	25	equal_donor_mean_cellwise_log1p10k	NA	NA	NA	NA	NA	SC_SOURCE_DESCRIPTIVE	NA	NOT_EVALUABLE	GENE_MISSING_OR_LT3_ELIGIBLE_LABELS	GSE242230	UniProtKB:O43151	primary_tumor	Acinar	17	1	91	20	NA	NA	NA	NA	Author labels,predeclared coarse mapping	mean_donor(mean_cell(log1p(10000*counts/all_gene_library)))	NA	NA
PDAC	GSE242230	06_EXTERNAL	20260922T131800Z_author_identity_v4	PDAC_author_cell_identity_v4	sc_expression_source	NA	NA	TET3	author_source_label	15	25	equal_donor_mean_cellwise_log1p10k	0.0232240753818119	NA	NA	NA	NA	SC_SOURCE_DESCRIPTIVE	NA	DONE	Donor-equal descriptive expression	GSE242230	UniProtKB:O43151	primary_tumor	B/Plasma	23	15	1740	1675	0.0201750748723106	0.0141571398399962	0.0	0.0359778951164564	Author labels,predeclared coarse mapping	mean_donor(mean_cell(log1p(10000*counts/all_gene_library)))	0.0	0.2584141235421589
PDAC	GSE242230	06_EXTERNAL	20260922T131800Z_author_identity_v4	PDAC_author_cell_identity_v4	sc_expression_source	NA	NA	TET3	author_source_label	3	25	equal_donor_mean_cellwise_log1p10k	0.0280219766241258	NA	NA	NA	NA	SC_SOURCE_DESCRIPTIVE	NA	DONE	Donor-equal descriptive expression	GSE242230	UniProtKB:O43151	primary_tumor	Endothelial	18	3	274	186	0.0383723918182752	0.0279155280181136	0.0247888866647274	0.0312018422805182	Author labels,predeclared coarse mapping	mean_donor(mean_cell(log1p(10000*counts/all_gene_library)))	0.0	0.3118003369431616
PDAC	GSE242230	06_EXTERNAL	20260922T131800Z_author_identity_v4	PDAC_author_cell_identity_v4	sc_expression_source	NA	NA	TET3	author_source_label	3	25	equal_donor_mean_cellwise_log1p10k	0.0053513801020021	NA	NA	NA	NA	SC_SOURCE_DESCRIPTIVE	NA	DONE	Donor-equal descriptive expression	GSE242230	UniProtKB:O43151	primary_tumor	Erythrocyte	12	3	1199	1158	0.0056801195814648	0.0	0.0	0.0080270701530031	Author labels,predeclared coarse mapping	mean_donor(mean_cell(log1p(10000*counts/all_gene_library)))	0.0	0.05954476878260686
PDAC	GSE242230	06_EXTERNAL	20260922T131800Z_author_identity_v4	PDAC_author_cell_identity_v4	sc_expression_source	NA	NA	TET3	author_source_label	7	25	equal_donor_mean_cellwise_log1p10k	0.0362036447321857	NA	NA	NA	NA	SC_SOURCE_DESCRIPTIVE	NA	DONE	Donor-equal descriptive expression	GSE242230	UniProtKB:O43151	primary_tumor	Fibroblast/CAF	20	7	911	810	0.0449321353885517	0.031585238993274	0.0114534783355444	0.0565971317769368	Author labels,predeclared coarse mapping	mean_donor(mean_cell(log1p(10000*counts/all_gene_library)))	0.0	0.402837700476391
PDAC	GSE242230	06_EXTERNAL	20260922T131800Z_author_identity_v4	PDAC_author_cell_identity_v4	sc_expression_source	NA	NA	TET3	author_source_label	23	25	equal_donor_mean_cellwise_log1p10k	0.0649428132425902	NA	NA	NA	NA	SC_SOURCE_DESCRIPTIVE	NA	DONE	Donor-equal descriptive expression	GSE242230	UniProtKB:O43151	primary_tumor	Malignant (author)	25	23	10783	10759	0.1068373508590275	0.0675023421868659	0.0263391927023661	0.0817908157721394	Author labels,predeclared coarse mapping	mean_donor(mean_cell(log1p(10000*counts/all_gene_library)))	0.034	0.7226182264973663
PDAC	GSE242230	06_EXTERNAL	20260922T131800Z_author_identity_v4	PDAC_author_cell_identity_v4	sc_expression_source	NA	NA	TET3	author_source_label	1	25	equal_donor_mean_cellwise_log1p10k	NA	NA	NA	NA	NA	SC_SOURCE_DESCRIPTIVE	NA	NOT_EVALUABLE	GENE_MISSING_OR_LT3_ELIGIBLE_LABELS	GSE242230	UniProtKB:O43151	primary_tumor	Mast	11	1	91	23	NA	NA	NA	NA	Author labels,predeclared coarse mapping	mean_donor(mean_cell(log1p(10000*counts/all_gene_library)))	NA	NA
PDAC	GSE242230	06_EXTERNAL	20260922T131800Z_author_identity_v4	PDAC_author_cell_identity_v4	sc_expression_source	NA	NA	TET3	author_source_label	20	25	equal_donor_mean_cellwise_log1p10k	0.0898715405469044	NA	NA	NA	NA	SC_SOURCE_DESCRIPTIVE	NA	DONE	Donor-equal descriptive expression	GSE242230	UniProtKB:O43151	primary_tumor	Myeloid	25	20	6246	6224	0.0992228637862648	0.0884129612888424	0.0725443456305639	0.1076755760964675	Author labels,predeclared coarse mapping	mean_donor(mean_cell(log1p(10000*counts/all_gene_library)))	0.966	1.0
PDAC	GSE242230	06_EXTERNAL	20260922T131800Z_author_identity_v4	PDAC_author_cell_identity_v4	sc_expression_source	NA	NA	TET3	author_source_label	6	25	equal_donor_mean_cellwise_log1p10k	0.0269121917980826	NA	NA	NA	NA	SC_SOURCE_DESCRIPTIVE	NA	DONE	Donor-equal descriptive expression	GSE242230	UniProtKB:O43151	primary_tumor	Normal epithelial (author)	21	6	350	291	0.0599173169825343	0.0232509821690519	0.0053355955793243	0.0479791366762752	Author labels,predeclared coarse mapping	mean_donor(mean_cell(log1p(10000*counts/all_gene_library)))	0.0	0.2994517689839421
PDAC	GSE242230	06_EXTERNAL	20260922T131800Z_author_identity_v4	PDAC_author_cell_identity_v4	sc_expression_source	NA	NA	TET3	author_source_label	2	25	equal_donor_mean_cellwise_log1p10k	NA	NA	NA	NA	NA	SC_SOURCE_DESCRIPTIVE	NA	NOT_EVALUABLE	GENE_MISSING_OR_LT3_ELIGIBLE_LABELS	GSE242230	UniProtKB:O43151	primary_tumor	Platelet	13	2	122	64	NA	NA	NA	NA	Author labels,predeclared coarse mapping	mean_donor(mean_cell(log1p(10000*counts/all_gene_library)))	NA	NA
PDAC	GSE242230	06_EXTERNAL	20260922T131800Z_author_identity_v4	PDAC_author_cell_identity_v4	sc_expression_source	NA	NA	TET3	author_source_label	21	25	equal_donor_mean_cellwise_log1p10k	0.0307843565359915	NA	NA	NA	NA	SC_SOURCE_DESCRIPTIVE	NA	DONE	Donor-equal descriptive expression	GSE242230	UniProtKB:O43151	primary_tumor	T/NK	25	21	9408	9383	0.0190826505032452	0.0187849919342242	0.010664128857658	0.0277371095785286	Author labels,predeclared coarse mapping	mean_donor(mean_cell(log1p(10000*counts/all_gene_library)))	0.0	0.3425373188070031
PDAC	GSE242230	06_EXTERNAL	20260922T131800Z_author_identity_v4	PDAC_author_cell_identity_v4	sc_expression_source	NA	NA	TFB1M	author_source_label	1	25	equal_donor_mean_cellwise_log1p10k	NA	NA	NA	NA	NA	SC_SOURCE_DESCRIPTIVE	NA	NOT_EVALUABLE	GENE_MISSING_OR_LT3_ELIGIBLE_LABELS	GSE242230	UniProtKB:Q8WVM0	primary_tumor	Acinar	17	1	91	20	NA	NA	NA	NA	Author labels,predeclared coarse mapping	mean_donor(mean_cell(log1p(10000*counts/all_gene_library)))	NA	NA
PDAC	GSE242230	06_EXTERNAL	20260922T131800Z_author_identity_v4	PDAC_author_cell_identity_v4	sc_expression_source	NA	NA	TFB1M	author_source_label	15	25	equal_donor_mean_cellwise_log1p10k	0.0995557892383792	NA	NA	NA	NA	SC_SOURCE_DESCRIPTIVE	NA	DONE	Donor-equal descriptive expression	GSE242230	UniProtKB:Q8WVM0	primary_tumor	B/Plasma	23	15	1740	1675	0.0829557038296584	0.0838329065609211	0.0699612410150861	0.116180739194503	Author labels,predeclared coarse mapping	mean_donor(mean_cell(log1p(10000*counts/all_gene_library)))	0.141	0.8665869793022694
PDAC	GSE242230	06_EXTERNAL	20260922T131800Z_author_identity_v4	PDAC_author_cell_identity_v4	sc_expression_source	NA	NA	TFB1M	author_source_label	3	25	equal_donor_mean_cellwise_log1p10k	0.0440773726617159	NA	NA	NA	NA	SC_SOURCE_DESCRIPTIVE	NA	DONE	Donor-equal descriptive expression	GSE242230	UniProtKB:Q8WVM0	primary_tumor	Endothelial	18	3	274	186	0.0512616918491109	0.0561540277300921	0.0347263439142608	0.0594667289433591	Author labels,predeclared coarse mapping	mean_donor(mean_cell(log1p(10000*counts/all_gene_library)))	0.0	0.3836730894577826
PDAC	GSE242230	06_EXTERNAL	20260922T131800Z_author_identity_v4	PDAC_author_cell_identity_v4	sc_expression_source	NA	NA	TFB1M	author_source_label	3	25	equal_donor_mean_cellwise_log1p10k	0.0001830719162428	NA	NA	NA	NA	SC_SOURCE_DESCRIPTIVE	NA	DONE	Donor-equal descriptive expression	GSE242230	UniProtKB:Q8WVM0	primary_tumor	Erythrocyte	12	3	1199	1158	0.0002989536621823	0.0	0.0	0.0002746078743643	Author labels,predeclared coarse mapping	mean_donor(mean_cell(log1p(10000*counts/all_gene_library)))	0.0	0.001593556136771268
PDAC	GSE242230	06_EXTERNAL	20260922T131800Z_author_identity_v4	PDAC_author_cell_identity_v4	sc_expression_source	NA	NA	TFB1M	author_source_label	7	25	equal_donor_mean_cellwise_log1p10k	0.0852020728079068	NA	NA	NA	NA	SC_SOURCE_DESCRIPTIVE	NA	DONE	Donor-equal descriptive expression	GSE242230	UniProtKB:Q8WVM0	primary_tumor	Fibroblast/CAF	20	7	911	810	0.1318483437832962	0.0912787553517657	0.0717682883838761	0.1053124603112748	Author labels,predeclared coarse mapping	mean_donor(mean_cell(log1p(10000*counts/all_gene_library)))	0.031	0.7416445338814336
PDAC	GSE242230	06_EXTERNAL	20260922T131800Z_author_identity_v4	PDAC_author_cell_identity_v4	sc_expression_source	NA	NA	TFB1M	author_source_label	23	25	equal_donor_mean_cellwise_log1p10k	0.0642438555676575	NA	NA	NA	NA	SC_SOURCE_DESCRIPTIVE	NA	DONE	Donor-equal descriptive expression	GSE242230	UniProtKB:Q8WVM0	primary_tumor	Malignant (author)	25	23	10783	10759	0.1226782277259146	0.0620531458606269	0.0366955982789627	0.0926057818420118	Author labels,predeclared coarse mapping	mean_donor(mean_cell(log1p(10000*counts/all_gene_library)))	0.0	0.5592129715510854
PDAC	GSE242230	06_EXTERNAL	20260922T131800Z_author_identity_v4	PDAC_author_cell_identity_v4	sc_expression_source	NA	NA	TFB1M	author_source_label	1	25	equal_donor_mean_cellwise_log1p10k	NA	NA	NA	NA	NA	SC_SOURCE_DESCRIPTIVE	NA	NOT_EVALUABLE	GENE_MISSING_OR_LT3_ELIGIBLE_LABELS	GSE242230	UniProtKB:Q8WVM0	primary_tumor	Mast	11	1	91	23	NA	NA	NA	NA	Author labels,predeclared coarse mapping	mean_donor(mean_cell(log1p(10000*counts/all_gene_library)))	NA	NA
PDAC	GSE242230	06_EXTERNAL	20260922T131800Z_author_identity_v4	PDAC_author_cell_identity_v4	sc_expression_source	NA	NA	TFB1M	author_source_label	20	25	equal_donor_mean_cellwise_log1p10k	0.0517104261582375	NA	NA	NA	NA	SC_SOURCE_DESCRIPTIVE	NA	DONE	Donor-equal descriptive expression	GSE242230	UniProtKB:Q8WVM0	primary_tumor	Myeloid	25	20	6246	6224	0.0669114125994156	0.0464021147675561	0.0371124778343389	0.0653118962690773	Author labels,predeclared coarse mapping	mean_donor(mean_cell(log1p(10000*counts/all_gene_library)))	0.0	0.450115280544881
PDAC	GSE242230	06_EXTERNAL	20260922T131800Z_author_identity_v4	PDAC_author_cell_identity_v4	sc_expression_source	NA	NA	TFB1M	author_source_label	6	25	equal_donor_mean_cellwise_log1p10k	0.0952522493161281	NA	NA	NA	NA	SC_SOURCE_DESCRIPTIVE	NA	DONE	Donor-equal descriptive expression	GSE242230	UniProtKB:Q8WVM0	primary_tumor	Normal epithelial (author)	21	6	350	291	0.2110538213799083	0.0806259623524669	0.0589542173849639	0.1400696948839794	Author labels,predeclared coarse mapping	mean_donor(mean_cell(log1p(10000*counts/all_gene_library)))	0.218	0.829126659916919
PDAC	GSE242230	06_EXTERNAL	20260922T131800Z_author_identity_v4	PDAC_author_cell_identity_v4	sc_expression_source	NA	NA	TFB1M	author_source_label	2	25	equal_donor_mean_cellwise_log1p10k	NA	NA	NA	NA	NA	SC_SOURCE_DESCRIPTIVE	NA	NOT_EVALUABLE	GENE_MISSING_OR_LT3_ELIGIBLE_LABELS	GSE242230	UniProtKB:Q8WVM0	primary_tumor	Platelet	13	2	122	64	NA	NA	NA	NA	Author labels,predeclared coarse mapping	mean_donor(mean_cell(log1p(10000*counts/all_gene_library)))	NA	NA
PDAC	GSE242230	06_EXTERNAL	20260922T131800Z_author_identity_v4	PDAC_author_cell_identity_v4	sc_expression_source	NA	NA	TFB1M	author_source_label	21	25	equal_donor_mean_cellwise_log1p10k	0.114882627614064	NA	NA	NA	NA	SC_SOURCE_DESCRIPTIVE	NA	DONE	Donor-equal descriptive expression	GSE242230	UniProtKB:Q8WVM0	primary_tumor	T/NK	25	21	9408	9383	0.0885787772066264	0.1183040303248347	0.0890798602281948	0.1454720400835741	Author labels,predeclared coarse mapping	mean_donor(mean_cell(log1p(10000*counts/all_gene_library)))	0.61	1.0
PDAC	GSE242230	06_EXTERNAL	20260922T131800Z_author_identity_v4	PDAC_author_cell_identity_v4	sc_expression_source	NA	NA	TFB2M	author_source_label	1	25	equal_donor_mean_cellwise_log1p10k	NA	NA	NA	NA	NA	SC_SOURCE_DESCRIPTIVE	NA	NOT_EVALUABLE	GENE_MISSING_OR_LT3_ELIGIBLE_LABELS	GSE242230	UniProtKB:Q9H5Q4	primary_tumor	Acinar	17	1	91	20	NA	NA	NA	NA	Author labels,predeclared coarse mapping	mean_donor(mean_cell(log1p(10000*counts/all_gene_library)))	NA	NA
PDAC	GSE242230	06_EXTERNAL	20260922T131800Z_author_identity_v4	PDAC_author_cell_identity_v4	sc_expression_source	NA	NA	TFB2M	author_source_label	15	25	equal_donor_mean_cellwise_log1p10k	0.0537275862565109	NA	NA	NA	NA	SC_SOURCE_DESCRIPTIVE	NA	DONE	Donor-equal descriptive expression	GSE242230	UniProtKB:Q9H5Q4	primary_tumor	B/Plasma	23	15	1740	1675	0.0466241123609937	0.0506525673050609	0.0299377082420317	0.0706358483141512	Author labels,predeclared coarse mapping	mean_donor(mean_cell(log1p(10000*counts/all_gene_library)))	0.002	0.47200693573448826
PDAC	GSE242230	06_EXTERNAL	20260922T131800Z_author_identity_v4	PDAC_author_cell_identity_v4	sc_expression_source	NA	NA	TFB2M	author_source_label	3	25	equal_donor_mean_cellwise_log1p10k	0.0798423319649156	NA	NA	NA	NA	SC_SOURCE_DESCRIPTIVE	NA	DONE	Donor-equal descriptive expression	GSE242230	UniProtKB:Q9H5Q4	primary_tumor	Endothelial	18	3	274	186	0.0851449275362318	0.1078657224010683	0.0539328612005341	0.1197634979473735	Author labels,predeclared coarse mapping	mean_donor(mean_cell(log1p(10000*counts/all_gene_library)))	0.106	0.7014298813412385
PDAC	GSE242230	06_EXTERNAL	20260922T131800Z_author_identity_v4	PDAC_author_cell_identity_v4	sc_expression_source	NA	NA	TFB2M	author_source_label	3	25	equal_donor_mean_cellwise_log1p10k	0.0	NA	NA	NA	NA	SC_SOURCE_DESCRIPTIVE	NA	DONE	Donor-equal descriptive expression	GSE242230	UniProtKB:Q9H5Q4	primary_tumor	Erythrocyte	12	3	1199	1158	0.0	0.0	0.0	0.0	Author labels,predeclared coarse mapping	mean_donor(mean_cell(log1p(10000*counts/all_gene_library)))	0.0	0.0
PDAC	GSE242230	06_EXTERNAL	20260922T131800Z_author_identity_v4	PDAC_author_cell_identity_v4	sc_expression_source	NA	NA	TFB2M	author_source_label	7	25	equal_donor_mean_cellwise_log1p10k	0.0526711613870256	NA	NA	NA	NA	SC_SOURCE_DESCRIPTIVE	NA	DONE	Donor-equal descriptive expression	GSE242230	UniProtKB:Q9H5Q4	primary_tumor	Fibroblast/CAF	20	7	911	810	0.0919401190911255	0.0536292382121871	0.0405244827217948	0.0706521548292163	Author labels,predeclared coarse mapping	mean_donor(mean_cell(log1p(10000*counts/all_gene_library)))	0.0	0.4627260448510078
PDAC	GSE242230	06_EXTERNAL	20260922T131800Z_author_identity_v4	PDAC_author_cell_identity_v4	sc_expression_source	NA	NA	TFB2M	author_source_label	23	25	equal_donor_mean_cellwise_log1p10k	0.0819600020656571	NA	NA	NA	NA	SC_SOURCE_DESCRIPTIVE	NA	DONE	Donor-equal descriptive expression	GSE242230	UniProtKB:Q9H5Q4	primary_tumor	Malignant (author)	25	23	10783	10759	0.150906086803799	0.0958313474592985	0.0374609760645296	0.1164018338583162	Author labels,predeclared coarse mapping	mean_donor(mean_cell(log1p(10000*counts/all_gene_library)))	0.03	0.7200340108916593
PDAC	GSE242230	06_EXTERNAL	20260922T131800Z_author_identity_v4	PDAC_author_cell_identity_v4	sc_expression_source	NA	NA	TFB2M	author_source_label	1	25	equal_donor_mean_cellwise_log1p10k	NA	NA	NA	NA	NA	SC_SOURCE_DESCRIPTIVE	NA	NOT_EVALUABLE	GENE_MISSING_OR_LT3_ELIGIBLE_LABELS	GSE242230	UniProtKB:Q9H5Q4	primary_tumor	Mast	11	1	91	23	NA	NA	NA	NA	Author labels,predeclared coarse mapping	mean_donor(mean_cell(log1p(10000*counts/all_gene_library)))	NA	NA
PDAC	GSE242230	06_EXTERNAL	20260922T131800Z_author_identity_v4	PDAC_author_cell_identity_v4	sc_expression_source	NA	NA	TFB2M	author_source_label	20	25	equal_donor_mean_cellwise_log1p10k	0.0359506689789271	NA	NA	NA	NA	SC_SOURCE_DESCRIPTIVE	NA	DONE	Donor-equal descriptive expression	GSE242230	UniProtKB:Q9H5Q4	primary_tumor	Myeloid	25	20	6246	6224	0.0535335416530418	0.037880565043707	0.0214410674778835	0.0461973198257853	Author labels,predeclared coarse mapping	mean_donor(mean_cell(log1p(10000*counts/all_gene_library)))	0.0	0.31583337880346235
PDAC	GSE242230	06_EXTERNAL	20260922T131800Z_author_identity_v4	PDAC_author_cell_identity_v4	sc_expression_source	NA	NA	TFB2M	author_source_label	6	25	equal_donor_mean_cellwise_log1p10k	0.1138279592712035	NA	NA	NA	NA	SC_SOURCE_DESCRIPTIVE	NA	DONE	Donor-equal descriptive expression	GSE242230	UniProtKB:Q9H5Q4	primary_tumor	Normal epithelial (author)	21	6	350	291	0.2420799215776727	0.1109559574126366	0.1033798804082125	0.1225596356201175	Author labels,predeclared coarse mapping	mean_donor(mean_cell(log1p(10000*counts/all_gene_library)))	0.862	1.0
PDAC	GSE242230	06_EXTERNAL	20260922T131800Z_author_identity_v4	PDAC_author_cell_identity_v4	sc_expression_source	NA	NA	TFB2M	author_source_label	2	25	equal_donor_mean_cellwise_log1p10k	NA	NA	NA	NA	NA	SC_SOURCE_DESCRIPTIVE	NA	NOT_EVALUABLE	GENE_MISSING_OR_LT3_ELIGIBLE_LABELS	GSE242230	UniProtKB:Q9H5Q4	primary_tumor	Platelet	13	2	122	64	NA	NA	NA	NA	Author labels,predeclared coarse mapping	mean_donor(mean_cell(log1p(10000*counts/all_gene_library)))	NA	NA
PDAC	GSE242230	06_EXTERNAL	20260922T131800Z_author_identity_v4	PDAC_author_cell_identity_v4	sc_expression_source	NA	NA	TFB2M	author_source_label	21	25	equal_donor_mean_cellwise_log1p10k	0.0523114919561123	NA	NA	NA	NA	SC_SOURCE_DESCRIPTIVE	NA	DONE	Donor-equal descriptive expression	GSE242230	UniProtKB:Q9H5Q4	primary_tumor	T/NK	25	21	9408	9383	0.0420686342768278	0.0469410192768122	0.0372246702344261	0.0714575156087765	Author labels,predeclared coarse mapping	mean_donor(mean_cell(log1p(10000*counts/all_gene_library)))	0.0	0.4595662813516345
PDAC	GSE242230	06_EXTERNAL	20260922T131800Z_author_identity_v4	PDAC_author_cell_identity_v4	sc_expression_source	NA	NA	TGS1	author_source_label	1	25	equal_donor_mean_cellwise_log1p10k	NA	NA	NA	NA	NA	SC_SOURCE_DESCRIPTIVE	NA	NOT_EVALUABLE	GENE_MISSING_OR_LT3_ELIGIBLE_LABELS	GSE242230	UniProtKB:Q96RS0	primary_tumor	Acinar	17	1	91	20	NA	NA	NA	NA	Author labels,predeclared coarse mapping	mean_donor(mean_cell(log1p(10000*counts/all_gene_library)))	NA	NA
PDAC	GSE242230	06_EXTERNAL	20260922T131800Z_author_identity_v4	PDAC_author_cell_identity_v4	sc_expression_source	NA	NA	TGS1	author_source_label	15	25	equal_donor_mean_cellwise_log1p10k	0.1431010517827695	NA	NA	NA	NA	SC_SOURCE_DESCRIPTIVE	NA	DONE	Donor-equal descriptive expression	GSE242230	UniProtKB:Q96RS0	primary_tumor	B/Plasma	23	15	1740	1675	0.1124200985531271	0.1201613243088728	0.0978251791423373	0.1940722114963884	Author labels,predeclared coarse mapping	mean_donor(mean_cell(log1p(10000*counts/all_gene_library)))	0.016	0.7800110031749975
PDAC	GSE242230	06_EXTERNAL	20260922T131800Z_author_identity_v4	PDAC_author_cell_identity_v4	sc_expression_source	NA	NA	TGS1	author_source_label	3	25	equal_donor_mean_cellwise_log1p10k	0.1834602988935842	NA	NA	NA	NA	SC_SOURCE_DESCRIPTIVE	NA	DONE	Donor-equal descriptive expression	GSE242230	UniProtKB:Q96RS0	primary_tumor	Endothelial	18	3	274	186	0.1595950251824442	0.1848493641888253	0.1405557237320404	0.2270594067027486	Author labels,predeclared coarse mapping	mean_donor(mean_cell(log1p(10000*counts/all_gene_library)))	0.297	1.0
PDAC	GSE242230	06_EXTERNAL	20260922T131800Z_author_identity_v4	PDAC_author_cell_identity_v4	sc_expression_source	NA	NA	TGS1	author_source_label	3	25	equal_donor_mean_cellwise_log1p10k	0.0144072666081583	NA	NA	NA	NA	SC_SOURCE_DESCRIPTIVE	NA	DONE	Donor-equal descriptive expression	GSE242230	UniProtKB:Q96RS0	primary_tumor	Erythrocyte	12	3	1199	1158	0.0172645739910313	0.0015052809238684	0.0007526404619342	0.0216108999122375	Author labels,predeclared coarse mapping	mean_donor(mean_cell(log1p(10000*counts/all_gene_library)))	0.0	0.07853070498110988
PDAC	GSE242230	06_EXTERNAL	20260922T131800Z_author_identity_v4	PDAC_author_cell_identity_v4	sc_expression_source	NA	NA	TGS1	author_source_label	7	25	equal_donor_mean_cellwise_log1p10k	0.1334989023773905	NA	NA	NA	NA	SC_SOURCE_DESCRIPTIVE	NA	DONE	Donor-equal descriptive expression	GSE242230	UniProtKB:Q96RS0	primary_tumor	Fibroblast/CAF	20	7	911	810	0.1965987535009633	0.1498130736539859	0.1179638150065543	0.1652877487280986	Author labels,predeclared coarse mapping	mean_donor(mean_cell(log1p(10000*counts/all_gene_library)))	0.002	0.7276718896812999
PDAC	GSE242230	06_EXTERNAL	20260922T131800Z_author_identity_v4	PDAC_author_cell_identity_v4	sc_expression_source	NA	NA	TGS1	author_source_label	23	25	equal_donor_mean_cellwise_log1p10k	0.1570977196716606	NA	NA	NA	NA	SC_SOURCE_DESCRIPTIVE	NA	DONE	Donor-equal descriptive expression	GSE242230	UniProtKB:Q96RS0	primary_tumor	Malignant (author)	25	23	10783	10759	0.2342919419865554	0.1617057713285283	0.0890137560885766	0.2107940157037542	Author labels,predeclared coarse mapping	mean_donor(mean_cell(log1p(10000*counts/all_gene_library)))	0.057	0.8563036287365086
PDAC	GSE242230	06_EXTERNAL	20260922T131800Z_author_identity_v4	PDAC_author_cell_identity_v4	sc_expression_source	NA	NA	TGS1	author_source_label	1	25	equal_donor_mean_cellwise_log1p10k	NA	NA	NA	NA	NA	SC_SOURCE_DESCRIPTIVE	NA	NOT_EVALUABLE	GENE_MISSING_OR_LT3_ELIGIBLE_LABELS	GSE242230	UniProtKB:Q96RS0	primary_tumor	Mast	11	1	91	23	NA	NA	NA	NA	Author labels,predeclared coarse mapping	mean_donor(mean_cell(log1p(10000*counts/all_gene_library)))	NA	NA
PDAC	GSE242230	06_EXTERNAL	20260922T131800Z_author_identity_v4	PDAC_author_cell_identity_v4	sc_expression_source	NA	NA	TGS1	author_source_label	20	25	equal_donor_mean_cellwise_log1p10k	0.1000403066938723	NA	NA	NA	NA	SC_SOURCE_DESCRIPTIVE	NA	DONE	Donor-equal descriptive expression	GSE242230	UniProtKB:Q96RS0	primary_tumor	Myeloid	25	20	6246	6224	0.1177562381664811	0.0999546916909468	0.0721797809086286	0.1231829819820204	Author labels,predeclared coarse mapping	mean_donor(mean_cell(log1p(10000*counts/all_gene_library)))	0.0	0.5452967606462938
PDAC	GSE242230	06_EXTERNAL	20260922T131800Z_author_identity_v4	PDAC_author_cell_identity_v4	sc_expression_source	NA	NA	TGS1	author_source_label	6	25	equal_donor_mean_cellwise_log1p10k	0.1473710259263156	NA	NA	NA	NA	SC_SOURCE_DESCRIPTIVE	NA	DONE	Donor-equal descriptive expression	GSE242230	UniProtKB:Q96RS0	primary_tumor	Normal epithelial (author)	21	6	350	291	0.2702355019071661	0.1311854858735711	0.1222549780822754	0.1647641392407724	Author labels,predeclared coarse mapping	mean_donor(mean_cell(log1p(10000*counts/all_gene_library)))	0.024	0.8032856526184877
PDAC	GSE242230	06_EXTERNAL	20260922T131800Z_author_identity_v4	PDAC_author_cell_identity_v4	sc_expression_source	NA	NA	TGS1	author_source_label	2	25	equal_donor_mean_cellwise_log1p10k	NA	NA	NA	NA	NA	SC_SOURCE_DESCRIPTIVE	NA	NOT_EVALUABLE	GENE_MISSING_OR_LT3_ELIGIBLE_LABELS	GSE242230	UniProtKB:Q96RS0	primary_tumor	Platelet	13	2	122	64	NA	NA	NA	NA	Author labels,predeclared coarse mapping	mean_donor(mean_cell(log1p(10000*counts/all_gene_library)))	NA	NA
PDAC	GSE242230	06_EXTERNAL	20260922T131800Z_author_identity_v4	PDAC_author_cell_identity_v4	sc_expression_source	NA	NA	TGS1	author_source_label	21	25	equal_donor_mean_cellwise_log1p10k	0.1821798503737792	NA	NA	NA	NA	SC_SOURCE_DESCRIPTIVE	NA	DONE	Donor-equal descriptive expression	GSE242230	UniProtKB:Q96RS0	primary_tumor	T/NK	25	21	9408	9383	0.1394230741846775	0.1761277722909651	0.151215718295143	0.2039106907042398	Author labels,predeclared coarse mapping	mean_donor(mean_cell(log1p(10000*counts/all_gene_library)))	0.604	0.9930205688776964
PDAC	GSE242230	06_EXTERNAL	20260922T131800Z_author_identity_v4	PDAC_author_cell_identity_v4	sc_expression_source	NA	NA	THEM4	author_source_label	1	25	equal_donor_mean_cellwise_log1p10k	NA	NA	NA	NA	NA	SC_SOURCE_DESCRIPTIVE	NA	NOT_EVALUABLE	GENE_MISSING_OR_LT3_ELIGIBLE_LABELS	GSE242230	UniProtKB:Q5T1C6	primary_tumor	Acinar	17	1	91	20	NA	NA	NA	NA	Author labels,predeclared coarse mapping	mean_donor(mean_cell(log1p(10000*counts/all_gene_library)))	NA	NA
PDAC	GSE242230	06_EXTERNAL	20260922T131800Z_author_identity_v4	PDAC_author_cell_identity_v4	sc_expression_source	NA	NA	THEM4	author_source_label	15	25	equal_donor_mean_cellwise_log1p10k	0.0746549449492759	NA	NA	NA	NA	SC_SOURCE_DESCRIPTIVE	NA	DONE	Donor-equal descriptive expression	GSE242230	UniProtKB:Q5T1C6	primary_tumor	B/Plasma	23	15	1740	1675	0.0614484146814522	0.0685804040439869	0.0446772998731875	0.1110280179360193	Author labels,predeclared coarse mapping	mean_donor(mean_cell(log1p(10000*counts/all_gene_library)))	0.0	0.2219629292215725
PDAC	GSE242230	06_EXTERNAL	20260922T131800Z_author_identity_v4	PDAC_author_cell_identity_v4	sc_expression_source	NA	NA	THEM4	author_source_label	3	25	equal_donor_mean_cellwise_log1p10k	0.1002272689525354	NA	NA	NA	NA	SC_SOURCE_DESCRIPTIVE	NA	DONE	Donor-equal descriptive expression	GSE242230	UniProtKB:Q5T1C6	primary_tumor	Endothelial	18	3	274	186	0.1038313290163428	0.1375036385152605	0.0796593328721334	0.1394333898142999	Author labels,predeclared coarse mapping	mean_donor(mean_cell(log1p(10000*counts/all_gene_library)))	0.0	0.2979941679643407
PDAC	GSE242230	06_EXTERNAL	20260922T131800Z_author_identity_v4	PDAC_author_cell_identity_v4	sc_expression_source	NA	NA	THEM4	author_source_label	3	25	equal_donor_mean_cellwise_log1p10k	0.0	NA	NA	NA	NA	SC_SOURCE_DESCRIPTIVE	NA	DONE	Donor-equal descriptive expression	GSE242230	UniProtKB:Q5T1C6	primary_tumor	Erythrocyte	12	3	1199	1158	0.0	0.0	0.0	0.0	Author labels,predeclared coarse mapping	mean_donor(mean_cell(log1p(10000*counts/all_gene_library)))	0.0	0.0
PDAC	GSE242230	06_EXTERNAL	20260922T131800Z_author_identity_v4	PDAC_author_cell_identity_v4	sc_expression_source	NA	NA	THEM4	author_source_label	7	25	equal_donor_mean_cellwise_log1p10k	0.0890834534420341	NA	NA	NA	NA	SC_SOURCE_DESCRIPTIVE	NA	DONE	Donor-equal descriptive expression	GSE242230	UniProtKB:Q5T1C6	primary_tumor	Fibroblast/CAF	20	7	911	810	0.1311252084366128	0.0975881056743593	0.0649475205499595	0.1138284079910886	Author labels,predeclared coarse mapping	mean_donor(mean_cell(log1p(10000*counts/all_gene_library)))	0.0	0.2648615478131064
PDAC	GSE242230	06_EXTERNAL	20260922T131800Z_author_identity_v4	PDAC_author_cell_identity_v4	sc_expression_source	NA	NA	THEM4	author_source_label	23	25	equal_donor_mean_cellwise_log1p10k	0.1275940382503231	NA	NA	NA	NA	SC_SOURCE_DESCRIPTIVE	NA	DONE	Donor-equal descriptive expression	GSE242230	UniProtKB:Q5T1C6	primary_tumor	Malignant (author)	25	23	10783	10759	0.1995612385171551	0.1130774163802162	0.087253615834262	0.1477697508008992	Author labels,predeclared coarse mapping	mean_donor(mean_cell(log1p(10000*counts/all_gene_library)))	0.0	0.37936062374024665
PDAC	GSE242230	06_EXTERNAL	20260922T131800Z_author_identity_v4	PDAC_author_cell_identity_v4	sc_expression_source	NA	NA	THEM4	author_source_label	1	25	equal_donor_mean_cellwise_log1p10k	NA	NA	NA	NA	NA	SC_SOURCE_DESCRIPTIVE	NA	NOT_EVALUABLE	GENE_MISSING_OR_LT3_ELIGIBLE_LABELS	GSE242230	UniProtKB:Q5T1C6	primary_tumor	Mast	11	1	91	23	NA	NA	NA	NA	Author labels,predeclared coarse mapping	mean_donor(mean_cell(log1p(10000*counts/all_gene_library)))	NA	NA
PDAC	GSE242230	06_EXTERNAL	20260922T131800Z_author_identity_v4	PDAC_author_cell_identity_v4	sc_expression_source	NA	NA	THEM4	author_source_label	20	25	equal_donor_mean_cellwise_log1p10k	0.0465496919771535	NA	NA	NA	NA	SC_SOURCE_DESCRIPTIVE	NA	DONE	Donor-equal descriptive expression	GSE242230	UniProtKB:Q5T1C6	primary_tumor	Myeloid	25	20	6246	6224	0.0615823851616491	0.0365817022043911	0.0247322556243403	0.0604733095289646	Author labels,predeclared coarse mapping	mean_donor(mean_cell(log1p(10000*counts/all_gene_library)))	0.0	0.1384008251915688
PDAC	GSE242230	06_EXTERNAL	20260922T131800Z_author_identity_v4	PDAC_author_cell_identity_v4	sc_expression_source	NA	NA	THEM4	author_source_label	6	25	equal_donor_mean_cellwise_log1p10k	0.2249353853647359	NA	NA	NA	NA	SC_SOURCE_DESCRIPTIVE	NA	DONE	Donor-equal descriptive expression	GSE242230	UniProtKB:Q5T1C6	primary_tumor	Normal epithelial (author)	21	6	350	291	0.3461170589918716	0.2277464396921795	0.1894149753735918	0.2834904441605982	Author labels,predeclared coarse mapping	mean_donor(mean_cell(log1p(10000*counts/all_gene_library)))	0.004	0.6687744134707083
PDAC	GSE242230	06_EXTERNAL	20260922T131800Z_author_identity_v4	PDAC_author_cell_identity_v4	sc_expression_source	NA	NA	THEM4	author_source_label	2	25	equal_donor_mean_cellwise_log1p10k	NA	NA	NA	NA	NA	SC_SOURCE_DESCRIPTIVE	NA	NOT_EVALUABLE	GENE_MISSING_OR_LT3_ELIGIBLE_LABELS	GSE242230	UniProtKB:Q5T1C6	primary_tumor	Platelet	13	2	122	64	NA	NA	NA	NA	Author labels,predeclared coarse mapping	mean_donor(mean_cell(log1p(10000*counts/all_gene_library)))	NA	NA
PDAC	GSE242230	06_EXTERNAL	20260922T131800Z_author_identity_v4	PDAC_author_cell_identity_v4	sc_expression_source	NA	NA	THEM4	author_source_label	21	25	equal_donor_mean_cellwise_log1p10k	0.3363396996565686	NA	NA	NA	NA	SC_SOURCE_DESCRIPTIVE	NA	DONE	Donor-equal descriptive expression	GSE242230	UniProtKB:Q5T1C6	primary_tumor	T/NK	25	21	9408	9383	0.2326385992651964	0.3704909682195569	0.2749204022827314	0.3977524676875045	Author labels,predeclared coarse mapping	mean_donor(mean_cell(log1p(10000*counts/all_gene_library)))	0.996	1.0
PDAC	GSE242230	06_EXTERNAL	20260922T131800Z_author_identity_v4	PDAC_author_cell_identity_v4	sc_expression_source	NA	NA	THUMPD2	author_source_label	1	25	equal_donor_mean_cellwise_log1p10k	NA	NA	NA	NA	NA	SC_SOURCE_DESCRIPTIVE	NA	NOT_EVALUABLE	GENE_MISSING_OR_LT3_ELIGIBLE_LABELS	GSE242230	UniProtKB:Q9BTF0	primary_tumor	Acinar	17	1	91	20	NA	NA	NA	NA	Author labels,predeclared coarse mapping	mean_donor(mean_cell(log1p(10000*counts/all_gene_library)))	NA	NA
PDAC	GSE242230	06_EXTERNAL	20260922T131800Z_author_identity_v4	PDAC_author_cell_identity_v4	sc_expression_source	NA	NA	THUMPD2	author_source_label	15	25	equal_donor_mean_cellwise_log1p10k	0.0751078755797801	NA	NA	NA	NA	SC_SOURCE_DESCRIPTIVE	NA	DONE	Donor-equal descriptive expression	GSE242230	UniProtKB:Q9BTF0	primary_tumor	B/Plasma	23	15	1740	1675	0.0612116391497026	0.0734603401033441	0.0483838204485846	0.1098054206945517	Author labels,predeclared coarse mapping	mean_donor(mean_cell(log1p(10000*counts/all_gene_library)))	0.0	0.5450879755736598
PDAC	GSE242230	06_EXTERNAL	20260922T131800Z_author_identity_v4	PDAC_author_cell_identity_v4	sc_expression_source	NA	NA	THUMPD2	author_source_label	3	25	equal_donor_mean_cellwise_log1p10k	0.1332317165572748	NA	NA	NA	NA	SC_SOURCE_DESCRIPTIVE	NA	DONE	Donor-equal descriptive expression	GSE242230	UniProtKB:Q9BTF0	primary_tumor	Endothelial	18	3	274	186	0.113513721862473	0.1112423682556887	0.1043039894094571	0.1511647695542995	Author labels,predeclared coarse mapping	mean_donor(mean_cell(log1p(10000*counts/all_gene_library)))	0.254	0.966916000483437
PDAC	GSE242230	06_EXTERNAL	20260922T131800Z_author_identity_v4	PDAC_author_cell_identity_v4	sc_expression_source	NA	NA	THUMPD2	author_source_label	3	25	equal_donor_mean_cellwise_log1p10k	0.0002698942798824	NA	NA	NA	NA	SC_SOURCE_DESCRIPTIVE	NA	DONE	Donor-equal descriptive expression	GSE242230	UniProtKB:Q9BTF0	primary_tumor	Erythrocyte	12	3	1199	1158	0.0002989536621823	0.0	0.0	0.0004048414198236	Author labels,predeclared coarse mapping	mean_donor(mean_cell(log1p(10000*counts/all_gene_library)))	0.0	0.0019587310319240806
PDAC	GSE242230	06_EXTERNAL	20260922T131800Z_author_identity_v4	PDAC_author_cell_identity_v4	sc_expression_source	NA	NA	THUMPD2	author_source_label	7	25	equal_donor_mean_cellwise_log1p10k	0.1029915105040433	NA	NA	NA	NA	SC_SOURCE_DESCRIPTIVE	NA	DONE	Donor-equal descriptive expression	GSE242230	UniProtKB:Q9BTF0	primary_tumor	Fibroblast/CAF	20	7	911	810	0.1387619228523401	0.0783946920220782	0.0749986044737369	0.1211817783986057	Author labels,predeclared coarse mapping	mean_donor(mean_cell(log1p(10000*counts/all_gene_library)))	0.09	0.7474506971281671
PDAC	GSE242230	06_EXTERNAL	20260922T131800Z_author_identity_v4	PDAC_author_cell_identity_v4	sc_expression_source	NA	NA	THUMPD2	author_source_label	23	25	equal_donor_mean_cellwise_log1p10k	0.0997371781516783	NA	NA	NA	NA	SC_SOURCE_DESCRIPTIVE	NA	DONE	Donor-equal descriptive expression	GSE242230	UniProtKB:Q9BTF0	primary_tumor	Malignant (author)	25	23	10783	10759	0.1619790053698648	0.0943145693655331	0.0573228536750865	0.1339824686089181	Author labels,predeclared coarse mapping	mean_donor(mean_cell(log1p(10000*counts/all_gene_library)))	0.02	0.7238327020763665
PDAC	GSE242230	06_EXTERNAL	20260922T131800Z_author_identity_v4	PDAC_author_cell_identity_v4	sc_expression_source	NA	NA	THUMPD2	author_source_label	1	25	equal_donor_mean_cellwise_log1p10k	NA	NA	NA	NA	NA	SC_SOURCE_DESCRIPTIVE	NA	NOT_EVALUABLE	GENE_MISSING_OR_LT3_ELIGIBLE_LABELS	GSE242230	UniProtKB:Q9BTF0	primary_tumor	Mast	11	1	91	23	NA	NA	NA	NA	Author labels,predeclared coarse mapping	mean_donor(mean_cell(log1p(10000*counts/all_gene_library)))	NA	NA
PDAC	GSE242230	06_EXTERNAL	20260922T131800Z_author_identity_v4	PDAC_author_cell_identity_v4	sc_expression_source	NA	NA	THUMPD2	author_source_label	20	25	equal_donor_mean_cellwise_log1p10k	0.0519533167861617	NA	NA	NA	NA	SC_SOURCE_DESCRIPTIVE	NA	DONE	Donor-equal descriptive expression	GSE242230	UniProtKB:Q9BTF0	primary_tumor	Myeloid	25	20	6246	6224	0.0635809942907829	0.0527983812002021	0.0317178653754579	0.0632930465388956	Author labels,predeclared coarse mapping	mean_donor(mean_cell(log1p(10000*counts/all_gene_library)))	0.0	0.37704605612530134
PDAC	GSE242230	06_EXTERNAL	20260922T131800Z_author_identity_v4	PDAC_author_cell_identity_v4	sc_expression_source	NA	NA	THUMPD2	author_source_label	6	25	equal_donor_mean_cellwise_log1p10k	0.1377903731975289	NA	NA	NA	NA	SC_SOURCE_DESCRIPTIVE	NA	DONE	Donor-equal descriptive expression	GSE242230	UniProtKB:Q9BTF0	primary_tumor	Normal epithelial (author)	21	6	350	291	0.2396540511795384	0.1316133670034213	0.0892447171835777	0.1774482229609682	Author labels,predeclared coarse mapping	mean_donor(mean_cell(log1p(10000*counts/all_gene_library)))	0.613	1.0
PDAC	GSE242230	06_EXTERNAL	20260922T131800Z_author_identity_v4	PDAC_author_cell_identity_v4	sc_expression_source	NA	NA	THUMPD2	author_source_label	2	25	equal_donor_mean_cellwise_log1p10k	NA	NA	NA	NA	NA	SC_SOURCE_DESCRIPTIVE	NA	NOT_EVALUABLE	GENE_MISSING_OR_LT3_ELIGIBLE_LABELS	GSE242230	UniProtKB:Q9BTF0	primary_tumor	Platelet	13	2	122	64	NA	NA	NA	NA	Author labels,predeclared coarse mapping	mean_donor(mean_cell(log1p(10000*counts/all_gene_library)))	NA	NA
PDAC	GSE242230	06_EXTERNAL	20260922T131800Z_author_identity_v4	PDAC_author_cell_identity_v4	sc_expression_source	NA	NA	THUMPD2	author_source_label	21	25	equal_donor_mean_cellwise_log1p10k	0.0960743402343368	NA	NA	NA	NA	SC_SOURCE_DESCRIPTIVE	NA	DONE	Donor-equal descriptive expression	GSE242230	UniProtKB:Q9BTF0	primary_tumor	T/NK	25	21	9408	9383	0.0658430097380174	0.0603036762638937	0.0548937867374383	0.0900114996433688	Author labels,predeclared coarse mapping	mean_donor(mean_cell(log1p(10000*counts/all_gene_library)))	0.023	0.6972500183057764
PDAC	GSE242230	06_EXTERNAL	20260922T131800Z_author_identity_v4	PDAC_author_cell_identity_v4	sc_expression_source	NA	NA	THUMPD3	author_source_label	1	25	equal_donor_mean_cellwise_log1p10k	NA	NA	NA	NA	NA	SC_SOURCE_DESCRIPTIVE	NA	NOT_EVALUABLE	GENE_MISSING_OR_LT3_ELIGIBLE_LABELS	GSE242230	UniProtKB:Q9BV44	primary_tumor	Acinar	17	1	91	20	NA	NA	NA	NA	Author labels,predeclared coarse mapping	mean_donor(mean_cell(log1p(10000*counts/all_gene_library)))	NA	NA
PDAC	GSE242230	06_EXTERNAL	20260922T131800Z_author_identity_v4	PDAC_author_cell_identity_v4	sc_expression_source	NA	NA	THUMPD3	author_source_label	15	25	equal_donor_mean_cellwise_log1p10k	0.0521334088709544	NA	NA	NA	NA	SC_SOURCE_DESCRIPTIVE	NA	DONE	Donor-equal descriptive expression	GSE242230	UniProtKB:Q9BV44	primary_tumor	B/Plasma	23	15	1740	1675	0.0435716434556292	0.0427015322661655	0.0212536618271882	0.0795530778622719	Author labels,predeclared coarse mapping	mean_donor(mean_cell(log1p(10000*counts/all_gene_library)))	0.0	0.3722744747170941
PDAC	GSE242230	06_EXTERNAL	20260922T131800Z_author_identity_v4	PDAC_author_cell_identity_v4	sc_expression_source	NA	NA	THUMPD3	author_source_label	3	25	equal_donor_mean_cellwise_log1p10k	0.0748890859600735	NA	NA	NA	NA	SC_SOURCE_DESCRIPTIVE	NA	DONE	Donor-equal descriptive expression	GSE242230	UniProtKB:Q9BV44	primary_tumor	Endothelial	18	3	274	186	0.0663583102065988	0.0881993964554362	0.0440996982277181	0.1123336289401103	Author labels,predeclared coarse mapping	mean_donor(mean_cell(log1p(10000*counts/all_gene_library)))	0.03	0.5347683134789664
PDAC	GSE242230	06_EXTERNAL	20260922T131800Z_author_identity_v4	PDAC_author_cell_identity_v4	sc_expression_source	NA	NA	THUMPD3	author_source_label	3	25	equal_donor_mean_cellwise_log1p10k	0.0139055063002021	NA	NA	NA	NA	SC_SOURCE_DESCRIPTIVE	NA	DONE	Donor-equal descriptive expression	GSE242230	UniProtKB:Q9BV44	primary_tumor	Erythrocyte	12	3	1199	1158	0.0166666666666666	0.0	0.0	0.0208582594503032	Author labels,predeclared coarse mapping	mean_donor(mean_cell(log1p(10000*counts/all_gene_library)))	0.0	0.09929650037650053
PDAC	GSE242230	06_EXTERNAL	20260922T131800Z_author_identity_v4	PDAC_author_cell_identity_v4	sc_expression_source	NA	NA	THUMPD3	author_source_label	7	25	equal_donor_mean_cellwise_log1p10k	0.0974252792656892	NA	NA	NA	NA	SC_SOURCE_DESCRIPTIVE	NA	DONE	Donor-equal descriptive expression	GSE242230	UniProtKB:Q9BV44	primary_tumor	Fibroblast/CAF	20	7	911	810	0.1471119294506155	0.1113814337523557	0.0851209817819536	0.1240232822883548	Author labels,predeclared coarse mapping	mean_donor(mean_cell(log1p(10000*counts/all_gene_library)))	0.044	0.6956948614769659
PDAC	GSE242230	06_EXTERNAL	20260922T131800Z_author_identity_v4	PDAC_author_cell_identity_v4	sc_expression_source	NA	NA	THUMPD3	author_source_label	23	25	equal_donor_mean_cellwise_log1p10k	0.1031375277104377	NA	NA	NA	NA	SC_SOURCE_DESCRIPTIVE	NA	DONE	Donor-equal descriptive expression	GSE242230	UniProtKB:Q9BV44	primary_tumor	Malignant (author)	25	23	10783	10759	0.1761463418148375	0.1041618410800945	0.0759541356430691	0.1327293971584948	Author labels,predeclared coarse mapping	mean_donor(mean_cell(log1p(10000*counts/all_gene_library)))	0.077	0.7364849102245178
PDAC	GSE242230	06_EXTERNAL	20260922T131800Z_author_identity_v4	PDAC_author_cell_identity_v4	sc_expression_source	NA	NA	THUMPD3	author_source_label	1	25	equal_donor_mean_cellwise_log1p10k	NA	NA	NA	NA	NA	SC_SOURCE_DESCRIPTIVE	NA	NOT_EVALUABLE	GENE_MISSING_OR_LT3_ELIGIBLE_LABELS	GSE242230	UniProtKB:Q9BV44	primary_tumor	Mast	11	1	91	23	NA	NA	NA	NA	Author labels,predeclared coarse mapping	mean_donor(mean_cell(log1p(10000*counts/all_gene_library)))	NA	NA
PDAC	GSE242230	06_EXTERNAL	20260922T131800Z_author_identity_v4	PDAC_author_cell_identity_v4	sc_expression_source	NA	NA	THUMPD3	author_source_label	20	25	equal_donor_mean_cellwise_log1p10k	0.0806000197509915	NA	NA	NA	NA	SC_SOURCE_DESCRIPTIVE	NA	DONE	Donor-equal descriptive expression	GSE242230	UniProtKB:Q9BV44	primary_tumor	Myeloid	25	20	6246	6224	0.1059868871634276	0.0800141232008077	0.0632590629684405	0.0949145923575289	Author labels,predeclared coarse mapping	mean_donor(mean_cell(log1p(10000*counts/all_gene_library)))	0.0	0.5755489745406795
PDAC	GSE242230	06_EXTERNAL	20260922T131800Z_author_identity_v4	PDAC_author_cell_identity_v4	sc_expression_source	NA	NA	THUMPD3	author_source_label	6	25	equal_donor_mean_cellwise_log1p10k	0.1400402456025829	NA	NA	NA	NA	SC_SOURCE_DESCRIPTIVE	NA	DONE	Donor-equal descriptive expression	GSE242230	UniProtKB:Q9BV44	primary_tumor	Normal epithelial (author)	21	6	350	291	0.2521381403315436	0.1438018519412456	0.118803796019363	0.1759683801925575	Author labels,predeclared coarse mapping	mean_donor(mean_cell(log1p(10000*counts/all_gene_library)))	0.849	1.0
PDAC	GSE242230	06_EXTERNAL	20260922T131800Z_author_identity_v4	PDAC_author_cell_identity_v4	sc_expression_source	NA	NA	THUMPD3	author_source_label	2	25	equal_donor_mean_cellwise_log1p10k	NA	NA	NA	NA	NA	SC_SOURCE_DESCRIPTIVE	NA	NOT_EVALUABLE	GENE_MISSING_OR_LT3_ELIGIBLE_LABELS	GSE242230	UniProtKB:Q9BV44	primary_tumor	Platelet	13	2	122	64	NA	NA	NA	NA	Author labels,predeclared coarse mapping	mean_donor(mean_cell(log1p(10000*counts/all_gene_library)))	NA	NA
PDAC	GSE242230	06_EXTERNAL	20260922T131800Z_author_identity_v4	PDAC_author_cell_identity_v4	sc_expression_source	NA	NA	THUMPD3	author_source_label	21	25	equal_donor_mean_cellwise_log1p10k	0.081016232509715	NA	NA	NA	NA	SC_SOURCE_DESCRIPTIVE	NA	DONE	Donor-equal descriptive expression	GSE242230	UniProtKB:Q9BV44	primary_tumor	T/NK	25	21	9408	9383	0.0655935697270086	0.0803442317428587	0.0657425455859379	0.0982818897148746	Author labels,predeclared coarse mapping	mean_donor(mean_cell(log1p(10000*counts/all_gene_library)))	0.0	0.5785210684336356
PDAC	GSE242230	06_EXTERNAL	20260922T131800Z_author_identity_v4	PDAC_author_cell_identity_v4	sc_expression_source	NA	NA	TIPARP	author_source_label	1	25	equal_donor_mean_cellwise_log1p10k	NA	NA	NA	NA	NA	SC_SOURCE_DESCRIPTIVE	NA	NOT_EVALUABLE	GENE_MISSING_OR_LT3_ELIGIBLE_LABELS	GSE242230	UniProtKB:Q7Z3E1	primary_tumor	Acinar	17	1	91	20	NA	NA	NA	NA	Author labels,predeclared coarse mapping	mean_donor(mean_cell(log1p(10000*counts/all_gene_library)))	NA	NA
PDAC	GSE242230	06_EXTERNAL	20260922T131800Z_author_identity_v4	PDAC_author_cell_identity_v4	sc_expression_source	NA	NA	TIPARP	author_source_label	15	25	equal_donor_mean_cellwise_log1p10k	0.0503967195563018	NA	NA	NA	NA	SC_SOURCE_DESCRIPTIVE	NA	DONE	Donor-equal descriptive expression	GSE242230	UniProtKB:Q7Z3E1	primary_tumor	B/Plasma	23	15	1740	1675	0.041438560873086	0.0397042945257003	0.021705864599641	0.0762685842565825	Author labels,predeclared coarse mapping	mean_donor(mean_cell(log1p(10000*counts/all_gene_library)))	0.0	0.2548039330338662
PDAC	GSE242230	06_EXTERNAL	20260922T131800Z_author_identity_v4	PDAC_author_cell_identity_v4	sc_expression_source	NA	NA	TIPARP	author_source_label	3	25	equal_donor_mean_cellwise_log1p10k	0.063859097254497	NA	NA	NA	NA	SC_SOURCE_DESCRIPTIVE	NA	DONE	Donor-equal descriptive expression	GSE242230	UniProtKB:Q7Z3E1	primary_tumor	Endothelial	18	3	274	186	0.0609569328810771	0.0615395168620273	0.0585881159721264	0.0679702883406327	Author labels,predeclared coarse mapping	mean_donor(mean_cell(log1p(10000*counts/all_gene_library)))	0.0	0.32286921219663683
PDAC	GSE242230	06_EXTERNAL	20260922T131800Z_author_identity_v4	PDAC_author_cell_identity_v4	sc_expression_source	NA	NA	TIPARP	author_source_label	3	25	equal_donor_mean_cellwise_log1p10k	0.0009669473566053	NA	NA	NA	NA	SC_SOURCE_DESCRIPTIVE	NA	DONE	Donor-equal descriptive expression	GSE242230	UniProtKB:Q7Z3E1	primary_tumor	Erythrocyte	12	3	1199	1158	0.000896860986547	0.0	0.0	0.001450421034908	Author labels,predeclared coarse mapping	mean_donor(mean_cell(log1p(10000*counts/all_gene_library)))	0.0	0.004888849743969541
PDAC	GSE242230	06_EXTERNAL	20260922T131800Z_author_identity_v4	PDAC_author_cell_identity_v4	sc_expression_source	NA	NA	TIPARP	author_source_label	7	25	equal_donor_mean_cellwise_log1p10k	0.0829561078026536	NA	NA	NA	NA	SC_SOURCE_DESCRIPTIVE	NA	DONE	Donor-equal descriptive expression	GSE242230	UniProtKB:Q7Z3E1	primary_tumor	Fibroblast/CAF	20	7	911	810	0.1036508201775153	0.0746576376557748	0.0443013111338034	0.0790779972214352	Author labels,predeclared coarse mapping	mean_donor(mean_cell(log1p(10000*counts/all_gene_library)))	0.001	0.4194229847377916
PDAC	GSE242230	06_EXTERNAL	20260922T131800Z_author_identity_v4	PDAC_author_cell_identity_v4	sc_expression_source	NA	NA	TIPARP	author_source_label	23	25	equal_donor_mean_cellwise_log1p10k	0.1718283640105295	NA	NA	NA	NA	SC_SOURCE_DESCRIPTIVE	NA	DONE	Donor-equal descriptive expression	GSE242230	UniProtKB:Q7Z3E1	primary_tumor	Malignant (author)	25	23	10783	10759	0.2219504105164451	0.1566510236117684	0.0781699835002228	0.2140398436055361	Author labels,predeclared coarse mapping	mean_donor(mean_cell(log1p(10000*counts/all_gene_library)))	0.303	0.8687577949938808
PDAC	GSE242230	06_EXTERNAL	20260922T131800Z_author_identity_v4	PDAC_author_cell_identity_v4	sc_expression_source	NA	NA	TIPARP	author_source_label	1	25	equal_donor_mean_cellwise_log1p10k	NA	NA	NA	NA	NA	SC_SOURCE_DESCRIPTIVE	NA	NOT_EVALUABLE	GENE_MISSING_OR_LT3_ELIGIBLE_LABELS	GSE242230	UniProtKB:Q7Z3E1	primary_tumor	Mast	11	1	91	23	NA	NA	NA	NA	Author labels,predeclared coarse mapping	mean_donor(mean_cell(log1p(10000*counts/all_gene_library)))	NA	NA
PDAC	GSE242230	06_EXTERNAL	20260922T131800Z_author_identity_v4	PDAC_author_cell_identity_v4	sc_expression_source	NA	NA	TIPARP	author_source_label	20	25	equal_donor_mean_cellwise_log1p10k	0.1438019776184996	NA	NA	NA	NA	SC_SOURCE_DESCRIPTIVE	NA	DONE	Donor-equal descriptive expression	GSE242230	UniProtKB:Q7Z3E1	primary_tumor	Myeloid	25	20	6246	6224	0.1446835395772073	0.1101918064327059	0.088259062843798	0.1801365340683137	Author labels,predeclared coarse mapping	mean_donor(mean_cell(log1p(10000*counts/all_gene_library)))	0.04	0.7270574314724406
PDAC	GSE242230	06_EXTERNAL	20260922T131800Z_author_identity_v4	PDAC_author_cell_identity_v4	sc_expression_source	NA	NA	TIPARP	author_source_label	6	25	equal_donor_mean_cellwise_log1p10k	0.1977862702362743	NA	NA	NA	NA	SC_SOURCE_DESCRIPTIVE	NA	DONE	Donor-equal descriptive expression	GSE242230	UniProtKB:Q7Z3E1	primary_tumor	Normal epithelial (author)	21	6	350	291	0.3196316371728665	0.1517386502245172	0.1248878983716179	0.207160081777034	Author labels,predeclared coarse mapping	mean_donor(mean_cell(log1p(10000*counts/all_gene_library)))	0.656	1.0
PDAC	GSE242230	06_EXTERNAL	20260922T131800Z_author_identity_v4	PDAC_author_cell_identity_v4	sc_expression_source	NA	NA	TIPARP	author_source_label	2	25	equal_donor_mean_cellwise_log1p10k	NA	NA	NA	NA	NA	SC_SOURCE_DESCRIPTIVE	NA	NOT_EVALUABLE	GENE_MISSING_OR_LT3_ELIGIBLE_LABELS	GSE242230	UniProtKB:Q7Z3E1	primary_tumor	Platelet	13	2	122	64	NA	NA	NA	NA	Author labels,predeclared coarse mapping	mean_donor(mean_cell(log1p(10000*counts/all_gene_library)))	NA	NA
PDAC	GSE242230	06_EXTERNAL	20260922T131800Z_author_identity_v4	PDAC_author_cell_identity_v4	sc_expression_source	NA	NA	TIPARP	author_source_label	21	25	equal_donor_mean_cellwise_log1p10k	0.0964974343151151	NA	NA	NA	NA	SC_SOURCE_DESCRIPTIVE	NA	DONE	Donor-equal descriptive expression	GSE242230	UniProtKB:Q7Z3E1	primary_tumor	T/NK	25	21	9408	9383	0.0717354211310028	0.085895868826573	0.0612829740993112	0.1208751006546896	Author labels,predeclared coarse mapping	mean_donor(mean_cell(log1p(10000*counts/all_gene_library)))	0.0	0.48788742615875125
PDAC	GSE242230	06_EXTERNAL	20260922T131800Z_author_identity_v4	PDAC_author_cell_identity_v4	sc_expression_source	NA	NA	TK1	author_source_label	1	25	equal_donor_mean_cellwise_log1p10k	NA	NA	NA	NA	NA	SC_SOURCE_DESCRIPTIVE	NA	NOT_EVALUABLE	GENE_MISSING_OR_LT3_ELIGIBLE_LABELS	GSE242230	UniProtKB:P04183	primary_tumor	Acinar	17	1	91	20	NA	NA	NA	NA	Author labels,predeclared coarse mapping	mean_donor(mean_cell(log1p(10000*counts/all_gene_library)))	NA	NA
PDAC	GSE242230	06_EXTERNAL	20260922T131800Z_author_identity_v4	PDAC_author_cell_identity_v4	sc_expression_source	NA	NA	TK1	author_source_label	15	25	equal_donor_mean_cellwise_log1p10k	0.0176547926053021	NA	NA	NA	NA	SC_SOURCE_DESCRIPTIVE	NA	DONE	Donor-equal descriptive expression	GSE242230	UniProtKB:P04183	primary_tumor	B/Plasma	23	15	1740	1675	0.011048168011281	0.007006982295107	0.0	0.0254535752751695	Author labels,predeclared coarse mapping	mean_donor(mean_cell(log1p(10000*counts/all_gene_library)))	0.0	0.26735305741211984
PDAC	GSE242230	06_EXTERNAL	20260922T131800Z_author_identity_v4	PDAC_author_cell_identity_v4	sc_expression_source	NA	NA	TK1	author_source_label	3	25	equal_donor_mean_cellwise_log1p10k	0.0309514568271355	NA	NA	NA	NA	SC_SOURCE_DESCRIPTIVE	NA	DONE	Donor-equal descriptive expression	GSE242230	UniProtKB:P04183	primary_tumor	Endothelial	18	3	274	186	0.027382053654024	0.0267959502074842	0.0133979751037421	0.0464271852407033	Author labels,predeclared coarse mapping	mean_donor(mean_cell(log1p(10000*counts/all_gene_library)))	0.004	0.46870936402893587
PDAC	GSE242230	06_EXTERNAL	20260922T131800Z_author_identity_v4	PDAC_author_cell_identity_v4	sc_expression_source	NA	NA	TK1	author_source_label	3	25	equal_donor_mean_cellwise_log1p10k	0.0013991532902912	NA	NA	NA	NA	SC_SOURCE_DESCRIPTIVE	NA	DONE	Donor-equal descriptive expression	GSE242230	UniProtKB:P04183	primary_tumor	Erythrocyte	12	3	1199	1158	0.0014947683109118	0.0	0.0	0.0020987299354368	Author labels,predeclared coarse mapping	mean_donor(mean_cell(log1p(10000*counts/all_gene_library)))	0.0	0.021187896018401216
PDAC	GSE242230	06_EXTERNAL	20260922T131800Z_author_identity_v4	PDAC_author_cell_identity_v4	sc_expression_source	NA	NA	TK1	author_source_label	7	25	equal_donor_mean_cellwise_log1p10k	0.0434485164829607	NA	NA	NA	NA	SC_SOURCE_DESCRIPTIVE	NA	DONE	Donor-equal descriptive expression	GSE242230	UniProtKB:P04183	primary_tumor	Fibroblast/CAF	20	7	911	810	0.0337574137410731	0.0416679779377945	0.0212377693368092	0.0454052408655333	Author labels,predeclared coarse mapping	mean_donor(mean_cell(log1p(10000*counts/all_gene_library)))	0.123	0.657956962816537
PDAC	GSE242230	06_EXTERNAL	20260922T131800Z_author_identity_v4	PDAC_author_cell_identity_v4	sc_expression_source	NA	NA	TK1	author_source_label	23	25	equal_donor_mean_cellwise_log1p10k	0.0660354991867086	NA	NA	NA	NA	SC_SOURCE_DESCRIPTIVE	NA	DONE	Donor-equal descriptive expression	GSE242230	UniProtKB:P04183	primary_tumor	Malignant (author)	25	23	10783	10759	0.085872001730476	0.0649271428138967	0.0302315412384064	0.0937055016979322	Author labels,predeclared coarse mapping	mean_donor(mean_cell(log1p(10000*counts/all_gene_library)))	0.872	1.0
PDAC	GSE242230	06_EXTERNAL	20260922T131800Z_author_identity_v4	PDAC_author_cell_identity_v4	sc_expression_source	NA	NA	TK1	author_source_label	1	25	equal_donor_mean_cellwise_log1p10k	NA	NA	NA	NA	NA	SC_SOURCE_DESCRIPTIVE	NA	NOT_EVALUABLE	GENE_MISSING_OR_LT3_ELIGIBLE_LABELS	GSE242230	UniProtKB:P04183	primary_tumor	Mast	11	1	91	23	NA	NA	NA	NA	Author labels,predeclared coarse mapping	mean_donor(mean_cell(log1p(10000*counts/all_gene_library)))	NA	NA
PDAC	GSE242230	06_EXTERNAL	20260922T131800Z_author_identity_v4	PDAC_author_cell_identity_v4	sc_expression_source	NA	NA	TK1	author_source_label	20	25	equal_donor_mean_cellwise_log1p10k	0.030303804398228	NA	NA	NA	NA	SC_SOURCE_DESCRIPTIVE	NA	DONE	Donor-equal descriptive expression	GSE242230	UniProtKB:P04183	primary_tumor	Myeloid	25	20	6246	6224	0.0293367096200274	0.0216573575726959	0.0156513938576472	0.0386933349004923	Author labels,predeclared coarse mapping	mean_donor(mean_cell(log1p(10000*counts/all_gene_library)))	0.0	0.45890172364029685
PDAC	GSE242230	06_EXTERNAL	20260922T131800Z_author_identity_v4	PDAC_author_cell_identity_v4	sc_expression_source	NA	NA	TK1	author_source_label	6	25	equal_donor_mean_cellwise_log1p10k	0.0312021355886693	NA	NA	NA	NA	SC_SOURCE_DESCRIPTIVE	NA	DONE	Donor-equal descriptive expression	GSE242230	UniProtKB:P04183	primary_tumor	Normal epithelial (author)	21	6	350	291	0.0642693610459727	0.0293758598750275	0.0200461372613746	0.0401412168112156	Author labels,predeclared coarse mapping	mean_donor(mean_cell(log1p(10000*counts/all_gene_library)))	0.001	0.4725054852761612
PDAC	GSE242230	06_EXTERNAL	20260922T131800Z_author_identity_v4	PDAC_author_cell_identity_v4	sc_expression_source	NA	NA	TK1	author_source_label	2	25	equal_donor_mean_cellwise_log1p10k	NA	NA	NA	NA	NA	SC_SOURCE_DESCRIPTIVE	NA	NOT_EVALUABLE	GENE_MISSING_OR_LT3_ELIGIBLE_LABELS	GSE242230	UniProtKB:P04183	primary_tumor	Platelet	13	2	122	64	NA	NA	NA	NA	Author labels,predeclared coarse mapping	mean_donor(mean_cell(log1p(10000*counts/all_gene_library)))	NA	NA
PDAC	GSE242230	06_EXTERNAL	20260922T131800Z_author_identity_v4	PDAC_author_cell_identity_v4	sc_expression_source	NA	NA	TK1	author_source_label	21	25	equal_donor_mean_cellwise_log1p10k	0.0086581579670015	NA	NA	NA	NA	SC_SOURCE_DESCRIPTIVE	NA	DONE	Donor-equal descriptive expression	GSE242230	UniProtKB:P04183	primary_tumor	T/NK	25	21	9408	9383	0.0070507618522259	0.0077424980477859	0.0045426840266674	0.0110870356728437	Author labels,predeclared coarse mapping	mean_donor(mean_cell(log1p(10000*counts/all_gene_library)))	0.0	0.1311136899642637
PDAC	GSE242230	06_EXTERNAL	20260922T131800Z_author_identity_v4	PDAC_author_cell_identity_v4	sc_expression_source	NA	NA	TK2	author_source_label	1	25	equal_donor_mean_cellwise_log1p10k	NA	NA	NA	NA	NA	SC_SOURCE_DESCRIPTIVE	NA	NOT_EVALUABLE	GENE_MISSING_OR_LT3_ELIGIBLE_LABELS	GSE242230	UniProtKB:O00142	primary_tumor	Acinar	17	1	91	20	NA	NA	NA	NA	Author labels,predeclared coarse mapping	mean_donor(mean_cell(log1p(10000*counts/all_gene_library)))	NA	NA
PDAC	GSE242230	06_EXTERNAL	20260922T131800Z_author_identity_v4	PDAC_author_cell_identity_v4	sc_expression_source	NA	NA	TK2	author_source_label	15	25	equal_donor_mean_cellwise_log1p10k	0.0256745798868532	NA	NA	NA	NA	SC_SOURCE_DESCRIPTIVE	NA	DONE	Donor-equal descriptive expression	GSE242230	UniProtKB:O00142	primary_tumor	B/Plasma	23	15	1740	1675	0.0206218019259347	0.0122220172264683	0.0070179682673347	0.0401376329435008	Author labels,predeclared coarse mapping	mean_donor(mean_cell(log1p(10000*counts/all_gene_library)))	0.0	0.14694926862540578
PDAC	GSE242230	06_EXTERNAL	20260922T131800Z_author_identity_v4	PDAC_author_cell_identity_v4	sc_expression_source	NA	NA	TK2	author_source_label	3	25	equal_donor_mean_cellwise_log1p10k	0.0759855317161188	NA	NA	NA	NA	SC_SOURCE_DESCRIPTIVE	NA	DONE	Donor-equal descriptive expression	GSE242230	UniProtKB:O00142	primary_tumor	Endothelial	18	3	274	186	0.0819380203515263	0.0681956699287038	0.0555797652252372	0.092496367313293	Author labels,predeclared coarse mapping	mean_donor(mean_cell(log1p(10000*counts/all_gene_library)))	0.0	0.4349055899260828
PDAC	GSE242230	06_EXTERNAL	20260922T131800Z_author_identity_v4	PDAC_author_cell_identity_v4	sc_expression_source	NA	NA	TK2	author_source_label	3	25	equal_donor_mean_cellwise_log1p10k	0.0003861790854478	NA	NA	NA	NA	SC_SOURCE_DESCRIPTIVE	NA	DONE	Donor-equal descriptive expression	GSE242230	UniProtKB:O00142	primary_tumor	Erythrocyte	12	3	1199	1158	0.0002989536621823	0.0	0.0	0.0005792686281718	Author labels,predeclared coarse mapping	mean_donor(mean_cell(log1p(10000*counts/all_gene_library)))	0.0	0.002210308188685914
PDAC	GSE242230	06_EXTERNAL	20260922T131800Z_author_identity_v4	PDAC_author_cell_identity_v4	sc_expression_source	NA	NA	TK2	author_source_label	7	25	equal_donor_mean_cellwise_log1p10k	0.1330433212051388	NA	NA	NA	NA	SC_SOURCE_DESCRIPTIVE	NA	DONE	Donor-equal descriptive expression	GSE242230	UniProtKB:O00142	primary_tumor	Fibroblast/CAF	20	7	911	810	0.1781081999735063	0.1343108223135418	0.083206203286402	0.1642070039135113	Author labels,predeclared coarse mapping	mean_donor(mean_cell(log1p(10000*counts/all_gene_library)))	0.055	0.7614776495953913
PDAC	GSE242230	06_EXTERNAL	20260922T131800Z_author_identity_v4	PDAC_author_cell_identity_v4	sc_expression_source	NA	NA	TK2	author_source_label	23	25	equal_donor_mean_cellwise_log1p10k	0.1692438877819306	NA	NA	NA	NA	SC_SOURCE_DESCRIPTIVE	NA	DONE	Donor-equal descriptive expression	GSE242230	UniProtKB:O00142	primary_tumor	Malignant (author)	25	23	10783	10759	0.2267526113215055	0.1194399058507111	0.1011179671395712	0.1868581880416105	Author labels,predeclared coarse mapping	mean_donor(mean_cell(log1p(10000*counts/all_gene_library)))	0.255	0.9686727353856294
PDAC	GSE242230	06_EXTERNAL	20260922T131800Z_author_identity_v4	PDAC_author_cell_identity_v4	sc_expression_source	NA	NA	TK2	author_source_label	1	25	equal_donor_mean_cellwise_log1p10k	NA	NA	NA	NA	NA	SC_SOURCE_DESCRIPTIVE	NA	NOT_EVALUABLE	GENE_MISSING_OR_LT3_ELIGIBLE_LABELS	GSE242230	UniProtKB:O00142	primary_tumor	Mast	11	1	91	23	NA	NA	NA	NA	Author labels,predeclared coarse mapping	mean_donor(mean_cell(log1p(10000*counts/all_gene_library)))	NA	NA
PDAC	GSE242230	06_EXTERNAL	20260922T131800Z_author_identity_v4	PDAC_author_cell_identity_v4	sc_expression_source	NA	NA	TK2	author_source_label	20	25	equal_donor_mean_cellwise_log1p10k	0.1747173029646122	NA	NA	NA	NA	SC_SOURCE_DESCRIPTIVE	NA	DONE	Donor-equal descriptive expression	GSE242230	UniProtKB:O00142	primary_tumor	Myeloid	25	20	6246	6224	0.1820974535048869	0.1593438184934922	0.1087330988397497	0.2366505178469517	Author labels,predeclared coarse mapping	mean_donor(mean_cell(log1p(10000*counts/all_gene_library)))	0.394	1.0
PDAC	GSE242230	06_EXTERNAL	20260922T131800Z_author_identity_v4	PDAC_author_cell_identity_v4	sc_expression_source	NA	NA	TK2	author_source_label	6	25	equal_donor_mean_cellwise_log1p10k	0.1665551511096585	NA	NA	NA	NA	SC_SOURCE_DESCRIPTIVE	NA	DONE	Donor-equal descriptive expression	GSE242230	UniProtKB:O00142	primary_tumor	Normal epithelial (author)	21	6	350	291	0.2833520205709111	0.1676027543772337	0.1037706938331713	0.2124533610046709	Author labels,predeclared coarse mapping	mean_donor(mean_cell(log1p(10000*counts/all_gene_library)))	0.296	0.9532836661483557
PDAC	GSE242230	06_EXTERNAL	20260922T131800Z_author_identity_v4	PDAC_author_cell_identity_v4	sc_expression_source	NA	NA	TK2	author_source_label	2	25	equal_donor_mean_cellwise_log1p10k	NA	NA	NA	NA	NA	SC_SOURCE_DESCRIPTIVE	NA	NOT_EVALUABLE	GENE_MISSING_OR_LT3_ELIGIBLE_LABELS	GSE242230	UniProtKB:O00142	primary_tumor	Platelet	13	2	122	64	NA	NA	NA	NA	Author labels,predeclared coarse mapping	mean_donor(mean_cell(log1p(10000*counts/all_gene_library)))	NA	NA
PDAC	GSE242230	06_EXTERNAL	20260922T131800Z_author_identity_v4	PDAC_author_cell_identity_v4	sc_expression_source	NA	NA	TK2	author_source_label	21	25	equal_donor_mean_cellwise_log1p10k	0.0405505187824915	NA	NA	NA	NA	SC_SOURCE_DESCRIPTIVE	NA	DONE	Donor-equal descriptive expression	GSE242230	UniProtKB:O00142	primary_tumor	T/NK	25	21	9408	9383	0.02637334795155	0.040459980458237	0.0227064896403388	0.0494721643912051	Author labels,predeclared coarse mapping	mean_donor(mean_cell(log1p(10000*counts/all_gene_library)))	0.0	0.23209217458390333
PDAC	GSE242230	06_EXTERNAL	20260922T131800Z_author_identity_v4	PDAC_author_cell_identity_v4	sc_expression_source	NA	NA	TKFC	author_source_label	1	25	equal_donor_mean_cellwise_log1p10k	NA	NA	NA	NA	NA	SC_SOURCE_DESCRIPTIVE	NA	NOT_EVALUABLE	GENE_MISSING_OR_LT3_ELIGIBLE_LABELS	GSE242230	UniProtKB:Q3LXA3	primary_tumor	Acinar	17	1	91	20	NA	NA	NA	NA	Author labels,predeclared coarse mapping	mean_donor(mean_cell(log1p(10000*counts/all_gene_library)))	NA	NA
PDAC	GSE242230	06_EXTERNAL	20260922T131800Z_author_identity_v4	PDAC_author_cell_identity_v4	sc_expression_source	NA	NA	TKFC	author_source_label	15	25	equal_donor_mean_cellwise_log1p10k	0.0453506707999236	NA	NA	NA	NA	SC_SOURCE_DESCRIPTIVE	NA	DONE	Donor-equal descriptive expression	GSE242230	UniProtKB:Q3LXA3	primary_tumor	B/Plasma	23	15	1740	1675	0.0400295945204627	0.0428144610297206	0.0283587178059096	0.0578589261483729	Author labels,predeclared coarse mapping	mean_donor(mean_cell(log1p(10000*counts/all_gene_library)))	0.0	0.24186437171053773
PDAC	GSE242230	06_EXTERNAL	20260922T131800Z_author_identity_v4	PDAC_author_cell_identity_v4	sc_expression_source	NA	NA	TKFC	author_source_label	3	25	equal_donor_mean_cellwise_log1p10k	0.0405381178872608	NA	NA	NA	NA	SC_SOURCE_DESCRIPTIVE	NA	DONE	Donor-equal descriptive expression	GSE242230	UniProtKB:Q3LXA3	primary_tumor	Endothelial	18	3	274	186	0.0457729468599033	0.0581052284077072	0.0290526142038536	0.0608071768308912	Author labels,predeclared coarse mapping	mean_donor(mean_cell(log1p(10000*counts/all_gene_library)))	0.0	0.2161980460308111
PDAC	GSE242230	06_EXTERNAL	20260922T131800Z_author_identity_v4	PDAC_author_cell_identity_v4	sc_expression_source	NA	NA	TKFC	author_source_label	3	25	equal_donor_mean_cellwise_log1p10k	0.0026888805491949	NA	NA	NA	NA	SC_SOURCE_DESCRIPTIVE	NA	DONE	Donor-equal descriptive expression	GSE242230	UniProtKB:Q3LXA3	primary_tumor	Erythrocyte	12	3	1199	1158	0.0035874439461883	0.0	0.0	0.0040333208237924	Author labels,predeclared coarse mapping	mean_donor(mean_cell(log1p(10000*counts/all_gene_library)))	0.0	0.014340348073457949
PDAC	GSE242230	06_EXTERNAL	20260922T131800Z_author_identity_v4	PDAC_author_cell_identity_v4	sc_expression_source	NA	NA	TKFC	author_source_label	7	25	equal_donor_mean_cellwise_log1p10k	0.0691577404767712	NA	NA	NA	NA	SC_SOURCE_DESCRIPTIVE	NA	DONE	Donor-equal descriptive expression	GSE242230	UniProtKB:Q3LXA3	primary_tumor	Fibroblast/CAF	20	7	911	810	0.1209599267939397	0.0453881446344176	0.0372980314015366	0.1042924243576681	Author labels,predeclared coarse mapping	mean_donor(mean_cell(log1p(10000*counts/all_gene_library)))	0.0	0.3688323271584964
PDAC	GSE242230	06_EXTERNAL	20260922T131800Z_author_identity_v4	PDAC_author_cell_identity_v4	sc_expression_source	NA	NA	TKFC	author_source_label	23	25	equal_donor_mean_cellwise_log1p10k	0.1144106014701478	NA	NA	NA	NA	SC_SOURCE_DESCRIPTIVE	NA	DONE	Donor-equal descriptive expression	GSE242230	UniProtKB:Q3LXA3	primary_tumor	Malignant (author)	25	23	10783	10759	0.176814217750918	0.0983792996221772	0.0661143832012673	0.1249335386175675	Author labels,predeclared coarse mapping	mean_donor(mean_cell(log1p(10000*counts/all_gene_library)))	0.056	0.6101750592330519
PDAC	GSE242230	06_EXTERNAL	20260922T131800Z_author_identity_v4	PDAC_author_cell_identity_v4	sc_expression_source	NA	NA	TKFC	author_source_label	1	25	equal_donor_mean_cellwise_log1p10k	NA	NA	NA	NA	NA	SC_SOURCE_DESCRIPTIVE	NA	NOT_EVALUABLE	GENE_MISSING_OR_LT3_ELIGIBLE_LABELS	GSE242230	UniProtKB:Q3LXA3	primary_tumor	Mast	11	1	91	23	NA	NA	NA	NA	Author labels,predeclared coarse mapping	mean_donor(mean_cell(log1p(10000*counts/all_gene_library)))	NA	NA
PDAC	GSE242230	06_EXTERNAL	20260922T131800Z_author_identity_v4	PDAC_author_cell_identity_v4	sc_expression_source	NA	NA	TKFC	author_source_label	20	25	equal_donor_mean_cellwise_log1p10k	0.0826347139980644	NA	NA	NA	NA	SC_SOURCE_DESCRIPTIVE	NA	DONE	Donor-equal descriptive expression	GSE242230	UniProtKB:Q3LXA3	primary_tumor	Myeloid	25	20	6246	6224	0.0934971399746318	0.0798953520268379	0.0539878432361799	0.0997417600577255	Author labels,predeclared coarse mapping	mean_donor(mean_cell(log1p(10000*counts/all_gene_library)))	0.0	0.4407077741098262
PDAC	GSE242230	06_EXTERNAL	20260922T131800Z_author_identity_v4	PDAC_author_cell_identity_v4	sc_expression_source	NA	NA	TKFC	author_source_label	6	25	equal_donor_mean_cellwise_log1p10k	0.1875045525688219	NA	NA	NA	NA	SC_SOURCE_DESCRIPTIVE	NA	DONE	Donor-equal descriptive expression	GSE242230	UniProtKB:Q3LXA3	primary_tumor	Normal epithelial (author)	21	6	350	291	0.321116097933939	0.1609967423401706	0.1372833798458506	0.2496627010813421	Author labels,predeclared coarse mapping	mean_donor(mean_cell(log1p(10000*counts/all_gene_library)))	0.944	1.0
PDAC	GSE242230	06_EXTERNAL	20260922T131800Z_author_identity_v4	PDAC_author_cell_identity_v4	sc_expression_source	NA	NA	TKFC	author_source_label	2	25	equal_donor_mean_cellwise_log1p10k	NA	NA	NA	NA	NA	SC_SOURCE_DESCRIPTIVE	NA	NOT_EVALUABLE	GENE_MISSING_OR_LT3_ELIGIBLE_LABELS	GSE242230	UniProtKB:Q3LXA3	primary_tumor	Platelet	13	2	122	64	NA	NA	NA	NA	Author labels,predeclared coarse mapping	mean_donor(mean_cell(log1p(10000*counts/all_gene_library)))	NA	NA
PDAC	GSE242230	06_EXTERNAL	20260922T131800Z_author_identity_v4	PDAC_author_cell_identity_v4	sc_expression_source	NA	NA	TKFC	author_source_label	21	25	equal_donor_mean_cellwise_log1p10k	0.0348841981881012	NA	NA	NA	NA	SC_SOURCE_DESCRIPTIVE	NA	DONE	Donor-equal descriptive expression	GSE242230	UniProtKB:Q3LXA3	primary_tumor	T/NK	25	21	9408	9383	0.0306930580484047	0.0354535299503537	0.0270711053241089	0.0463952135867715	Author labels,predeclared coarse mapping	mean_donor(mean_cell(log1p(10000*counts/all_gene_library)))	0.0	0.18604453977349303
PDAC	GSE242230	06_EXTERNAL	20260922T131800Z_author_identity_v4	PDAC_author_cell_identity_v4	sc_expression_source	NA	NA	TMEM68	author_source_label	1	25	equal_donor_mean_cellwise_log1p10k	NA	NA	NA	NA	NA	SC_SOURCE_DESCRIPTIVE	NA	NOT_EVALUABLE	GENE_MISSING_OR_LT3_ELIGIBLE_LABELS	GSE242230	UniProtKB:Q96MH6	primary_tumor	Acinar	17	1	91	20	NA	NA	NA	NA	Author labels,predeclared coarse mapping	mean_donor(mean_cell(log1p(10000*counts/all_gene_library)))	NA	NA
PDAC	GSE242230	06_EXTERNAL	20260922T131800Z_author_identity_v4	PDAC_author_cell_identity_v4	sc_expression_source	NA	NA	TMEM68	author_source_label	15	25	equal_donor_mean_cellwise_log1p10k	0.0256233278437652	NA	NA	NA	NA	SC_SOURCE_DESCRIPTIVE	NA	DONE	Donor-equal descriptive expression	GSE242230	UniProtKB:Q96MH6	primary_tumor	B/Plasma	23	15	1740	1675	0.0222241078185816	0.018295061465217	0.0122583511422179	0.0398966028670531	Author labels,predeclared coarse mapping	mean_donor(mean_cell(log1p(10000*counts/all_gene_library)))	0.0	0.25197661598469256
PDAC	GSE242230	06_EXTERNAL	20260922T131800Z_author_identity_v4	PDAC_author_cell_identity_v4	sc_expression_source	NA	NA	TMEM68	author_source_label	3	25	equal_donor_mean_cellwise_log1p10k	0.0406730248707924	NA	NA	NA	NA	SC_SOURCE_DESCRIPTIVE	NA	DONE	Donor-equal descriptive expression	GSE242230	UniProtKB:Q96MH6	primary_tumor	Endothelial	18	3	274	186	0.0389762565525747	0.0508266727634344	0.0254133363817172	0.0610095373061886	Author labels,predeclared coarse mapping	mean_donor(mean_cell(log1p(10000*counts/all_gene_library)))	0.0	0.3999734629043222
PDAC	GSE242230	06_EXTERNAL	20260922T131800Z_author_identity_v4	PDAC_author_cell_identity_v4	sc_expression_source	NA	NA	TMEM68	author_source_label	3	25	equal_donor_mean_cellwise_log1p10k	0.000346084396817	NA	NA	NA	NA	SC_SOURCE_DESCRIPTIVE	NA	DONE	Donor-equal descriptive expression	GSE242230	UniProtKB:Q96MH6	primary_tumor	Erythrocyte	12	3	1199	1158	0.0002989536621823	0.0	0.0	0.0005191265952255	Author labels,predeclared coarse mapping	mean_donor(mean_cell(log1p(10000*counts/all_gene_library)))	0.0	0.003403350871782659
PDAC	GSE242230	06_EXTERNAL	20260922T131800Z_author_identity_v4	PDAC_author_cell_identity_v4	sc_expression_source	NA	NA	TMEM68	author_source_label	7	25	equal_donor_mean_cellwise_log1p10k	0.0576270198638309	NA	NA	NA	NA	SC_SOURCE_DESCRIPTIVE	NA	DONE	Donor-equal descriptive expression	GSE242230	UniProtKB:Q96MH6	primary_tumor	Fibroblast/CAF	20	7	911	810	0.0938567904338665	0.0560236310396648	0.0500553222781956	0.0608778585787761	Author labels,predeclared coarse mapping	mean_donor(mean_cell(log1p(10000*counts/all_gene_library)))	0.0	0.5666969389420667
PDAC	GSE242230	06_EXTERNAL	20260922T131800Z_author_identity_v4	PDAC_author_cell_identity_v4	sc_expression_source	NA	NA	TMEM68	author_source_label	23	25	equal_donor_mean_cellwise_log1p10k	0.1004449830717691	NA	NA	NA	NA	SC_SOURCE_DESCRIPTIVE	NA	DONE	Donor-equal descriptive expression	GSE242230	UniProtKB:Q96MH6	primary_tumor	Malignant (author)	25	23	10783	10759	0.1715947498103553	0.1089797026652583	0.0644418767924883	0.1262739558639448	Author labels,predeclared coarse mapping	mean_donor(mean_cell(log1p(10000*counts/all_gene_library)))	0.482	0.9877634584152041
PDAC	GSE242230	06_EXTERNAL	20260922T131800Z_author_identity_v4	PDAC_author_cell_identity_v4	sc_expression_source	NA	NA	TMEM68	author_source_label	1	25	equal_donor_mean_cellwise_log1p10k	NA	NA	NA	NA	NA	SC_SOURCE_DESCRIPTIVE	NA	NOT_EVALUABLE	GENE_MISSING_OR_LT3_ELIGIBLE_LABELS	GSE242230	UniProtKB:Q96MH6	primary_tumor	Mast	11	1	91	23	NA	NA	NA	NA	Author labels,predeclared coarse mapping	mean_donor(mean_cell(log1p(10000*counts/all_gene_library)))	NA	NA
PDAC	GSE242230	06_EXTERNAL	20260922T131800Z_author_identity_v4	PDAC_author_cell_identity_v4	sc_expression_source	NA	NA	TMEM68	author_source_label	20	25	equal_donor_mean_cellwise_log1p10k	0.0449299446198259	NA	NA	NA	NA	SC_SOURCE_DESCRIPTIVE	NA	DONE	Donor-equal descriptive expression	GSE242230	UniProtKB:Q96MH6	primary_tumor	Myeloid	25	20	6246	6224	0.0624406094058917	0.041844748270511	0.0321287948664739	0.0515680247126469	Author labels,predeclared coarse mapping	mean_donor(mean_cell(log1p(10000*counts/all_gene_library)))	0.0	0.4418354817420068
PDAC	GSE242230	06_EXTERNAL	20260922T131800Z_author_identity_v4	PDAC_author_cell_identity_v4	sc_expression_source	NA	NA	TMEM68	author_source_label	6	25	equal_donor_mean_cellwise_log1p10k	0.1016893085242553	NA	NA	NA	NA	SC_SOURCE_DESCRIPTIVE	NA	DONE	Donor-equal descriptive expression	GSE242230	UniProtKB:Q96MH6	primary_tumor	Normal epithelial (author)	21	6	350	291	0.198704974435859	0.1089765550430575	0.0913801807210295	0.1395500605100743	Author labels,predeclared coarse mapping	mean_donor(mean_cell(log1p(10000*counts/all_gene_library)))	0.518	1.0
PDAC	GSE242230	06_EXTERNAL	20260922T131800Z_author_identity_v4	PDAC_author_cell_identity_v4	sc_expression_source	NA	NA	TMEM68	author_source_label	2	25	equal_donor_mean_cellwise_log1p10k	NA	NA	NA	NA	NA	SC_SOURCE_DESCRIPTIVE	NA	NOT_EVALUABLE	GENE_MISSING_OR_LT3_ELIGIBLE_LABELS	GSE242230	UniProtKB:Q96MH6	primary_tumor	Platelet	13	2	122	64	NA	NA	NA	NA	Author labels,predeclared coarse mapping	mean_donor(mean_cell(log1p(10000*counts/all_gene_library)))	NA	NA
PDAC	GSE242230	06_EXTERNAL	20260922T131800Z_author_identity_v4	PDAC_author_cell_identity_v4	sc_expression_source	NA	NA	TMEM68	author_source_label	21	25	equal_donor_mean_cellwise_log1p10k	0.0581012802213331	NA	NA	NA	NA	SC_SOURCE_DESCRIPTIVE	NA	DONE	Donor-equal descriptive expression	GSE242230	UniProtKB:Q96MH6	primary_tumor	T/NK	25	21	9408	9383	0.0463006063652567	0.0548795502219105	0.0444564884368801	0.0683506023665272	Author labels,predeclared coarse mapping	mean_donor(mean_cell(log1p(10000*counts/all_gene_library)))	0.0	0.571360756253688
PDAC	GSE242230	06_EXTERNAL	20260922T131800Z_author_identity_v4	PDAC_author_cell_identity_v4	sc_expression_source	NA	NA	TMEM86A	author_source_label	1	25	equal_donor_mean_cellwise_log1p10k	NA	NA	NA	NA	NA	SC_SOURCE_DESCRIPTIVE	NA	NOT_EVALUABLE	GENE_MISSING_OR_LT3_ELIGIBLE_LABELS	GSE242230	UniProtKB:Q8N2M4	primary_tumor	Acinar	17	1	91	20	NA	NA	NA	NA	Author labels,predeclared coarse mapping	mean_donor(mean_cell(log1p(10000*counts/all_gene_library)))	NA	NA
PDAC	GSE242230	06_EXTERNAL	20260922T131800Z_author_identity_v4	PDAC_author_cell_identity_v4	sc_expression_source	NA	NA	TMEM86A	author_source_label	15	25	equal_donor_mean_cellwise_log1p10k	0.0016269985450374	NA	NA	NA	NA	SC_SOURCE_DESCRIPTIVE	NA	DONE	Donor-equal descriptive expression	GSE242230	UniProtKB:Q8N2M4	primary_tumor	B/Plasma	23	15	1740	1675	0.0013733532189908	0.0	0.0	0.0	Author labels,predeclared coarse mapping	mean_donor(mean_cell(log1p(10000*counts/all_gene_library)))	0.0	0.03494225582832739
PDAC	GSE242230	06_EXTERNAL	20260922T131800Z_author_identity_v4	PDAC_author_cell_identity_v4	sc_expression_source	NA	NA	TMEM86A	author_source_label	3	25	equal_donor_mean_cellwise_log1p10k	0.0055890074927138	NA	NA	NA	NA	SC_SOURCE_DESCRIPTIVE	NA	DONE	Donor-equal descriptive expression	GSE242230	UniProtKB:Q8N2M4	primary_tumor	Endothelial	18	3	274	186	0.0057971014492753	0.0	0.0	0.0083835112390707	Author labels,predeclared coarse mapping	mean_donor(mean_cell(log1p(10000*counts/all_gene_library)))	0.0	0.12003239353379695
PDAC	GSE242230	06_EXTERNAL	20260922T131800Z_author_identity_v4	PDAC_author_cell_identity_v4	sc_expression_source	NA	NA	TMEM86A	author_source_label	3	25	equal_donor_mean_cellwise_log1p10k	0.0	NA	NA	NA	NA	SC_SOURCE_DESCRIPTIVE	NA	DONE	Donor-equal descriptive expression	GSE242230	UniProtKB:Q8N2M4	primary_tumor	Erythrocyte	12	3	1199	1158	0.0	0.0	0.0	0.0	Author labels,predeclared coarse mapping	mean_donor(mean_cell(log1p(10000*counts/all_gene_library)))	0.0	0.0
PDAC	GSE242230	06_EXTERNAL	20260922T131800Z_author_identity_v4	PDAC_author_cell_identity_v4	sc_expression_source	NA	NA	TMEM86A	author_source_label	7	25	equal_donor_mean_cellwise_log1p10k	0.0056131771604664	NA	NA	NA	NA	SC_SOURCE_DESCRIPTIVE	NA	DONE	Donor-equal descriptive expression	GSE242230	UniProtKB:Q8N2M4	primary_tumor	Fibroblast/CAF	20	7	911	810	0.0085053575830071	0.0045782895538772	0.0	0.0074359057114801	Author labels,predeclared coarse mapping	mean_donor(mean_cell(log1p(10000*counts/all_gene_library)))	0.0	0.12055147372380265
PDAC	GSE242230	06_EXTERNAL	20260922T131800Z_author_identity_v4	PDAC_author_cell_identity_v4	sc_expression_source	NA	NA	TMEM86A	author_source_label	23	25	equal_donor_mean_cellwise_log1p10k	0.0239752407050932	NA	NA	NA	NA	SC_SOURCE_DESCRIPTIVE	NA	DONE	Donor-equal descriptive expression	GSE242230	UniProtKB:Q8N2M4	primary_tumor	Malignant (author)	25	23	10783	10759	0.0433377225170503	0.0145176350140894	0.0028427286377368	0.0372090359251191	Author labels,predeclared coarse mapping	mean_donor(mean_cell(log1p(10000*counts/all_gene_library)))	0.003	0.5149045749416067
PDAC	GSE242230	06_EXTERNAL	20260922T131800Z_author_identity_v4	PDAC_author_cell_identity_v4	sc_expression_source	NA	NA	TMEM86A	author_source_label	1	25	equal_donor_mean_cellwise_log1p10k	NA	NA	NA	NA	NA	SC_SOURCE_DESCRIPTIVE	NA	NOT_EVALUABLE	GENE_MISSING_OR_LT3_ELIGIBLE_LABELS	GSE242230	UniProtKB:Q8N2M4	primary_tumor	Mast	11	1	91	23	NA	NA	NA	NA	Author labels,predeclared coarse mapping	mean_donor(mean_cell(log1p(10000*counts/all_gene_library)))	NA	NA
PDAC	GSE242230	06_EXTERNAL	20260922T131800Z_author_identity_v4	PDAC_author_cell_identity_v4	sc_expression_source	NA	NA	TMEM86A	author_source_label	20	25	equal_donor_mean_cellwise_log1p10k	0.0399210499702211	NA	NA	NA	NA	SC_SOURCE_DESCRIPTIVE	NA	DONE	Donor-equal descriptive expression	GSE242230	UniProtKB:Q8N2M4	primary_tumor	Myeloid	25	20	6246	6224	0.0544272307184663	0.0255356039142336	0.0210178485614932	0.040371368568125	Author labels,predeclared coarse mapping	mean_donor(mean_cell(log1p(10000*counts/all_gene_library)))	0.302	0.8573649590835016
PDAC	GSE242230	06_EXTERNAL	20260922T131800Z_author_identity_v4	PDAC_author_cell_identity_v4	sc_expression_source	NA	NA	TMEM86A	author_source_label	6	25	equal_donor_mean_cellwise_log1p10k	0.0465624930751725	NA	NA	NA	NA	SC_SOURCE_DESCRIPTIVE	NA	DONE	Donor-equal descriptive expression	GSE242230	UniProtKB:Q8N2M4	primary_tumor	Normal epithelial (author)	21	6	350	291	0.0856674226989069	0.0556158852374894	0.0347744929241559	0.0585841069816797	Author labels,predeclared coarse mapping	mean_donor(mean_cell(log1p(10000*counts/all_gene_library)))	0.695	1.0
PDAC	GSE242230	06_EXTERNAL	20260922T131800Z_author_identity_v4	PDAC_author_cell_identity_v4	sc_expression_source	NA	NA	TMEM86A	author_source_label	2	25	equal_donor_mean_cellwise_log1p10k	NA	NA	NA	NA	NA	SC_SOURCE_DESCRIPTIVE	NA	NOT_EVALUABLE	GENE_MISSING_OR_LT3_ELIGIBLE_LABELS	GSE242230	UniProtKB:Q8N2M4	primary_tumor	Platelet	13	2	122	64	NA	NA	NA	NA	Author labels,predeclared coarse mapping	mean_donor(mean_cell(log1p(10000*counts/all_gene_library)))	NA	NA
PDAC	GSE242230	06_EXTERNAL	20260922T131800Z_author_identity_v4	PDAC_author_cell_identity_v4	sc_expression_source	NA	NA	TMEM86A	author_source_label	21	25	equal_donor_mean_cellwise_log1p10k	0.0045607941734004	NA	NA	NA	NA	SC_SOURCE_DESCRIPTIVE	NA	DONE	Donor-equal descriptive expression	GSE242230	UniProtKB:Q8N2M4	primary_tumor	T/NK	25	21	9408	9383	0.0037850307236001	0.0	0.0	0.0020813699127403	Author labels,predeclared coarse mapping	mean_donor(mean_cell(log1p(10000*counts/all_gene_library)))	0.0	0.09794995654629697
PDAC	GSE242230	06_EXTERNAL	20260922T131800Z_author_identity_v4	PDAC_author_cell_identity_v4	sc_expression_source	NA	NA	TMEM86B	author_source_label	1	25	equal_donor_mean_cellwise_log1p10k	NA	NA	NA	NA	NA	SC_SOURCE_DESCRIPTIVE	NA	NOT_EVALUABLE	GENE_MISSING_OR_LT3_ELIGIBLE_LABELS	GSE242230	UniProtKB:Q8N661	primary_tumor	Acinar	17	1	91	20	NA	NA	NA	NA	Author labels,predeclared coarse mapping	mean_donor(mean_cell(log1p(10000*counts/all_gene_library)))	NA	NA
PDAC	GSE242230	06_EXTERNAL	20260922T131800Z_author_identity_v4	PDAC_author_cell_identity_v4	sc_expression_source	NA	NA	TMEM86B	author_source_label	15	25	equal_donor_mean_cellwise_log1p10k	0.0070270807339995	NA	NA	NA	NA	SC_SOURCE_DESCRIPTIVE	NA	DONE	Donor-equal descriptive expression	GSE242230	UniProtKB:Q8N661	primary_tumor	B/Plasma	23	15	1740	1675	0.0074349279349279	0.0	0.0	0.0120624674480496	Author labels,predeclared coarse mapping	mean_donor(mean_cell(log1p(10000*counts/all_gene_library)))	0.0	0.03610122381540453
PDAC	GSE242230	06_EXTERNAL	20260922T131800Z_author_identity_v4	PDAC_author_cell_identity_v4	sc_expression_source	NA	NA	TMEM86B	author_source_label	3	25	equal_donor_mean_cellwise_log1p10k	0.02282142281937	NA	NA	NA	NA	SC_SOURCE_DESCRIPTIVE	NA	DONE	Donor-equal descriptive expression	GSE242230	UniProtKB:Q8N661	primary_tumor	Endothelial	18	3	274	186	0.0141843971631205	0.0	0.0	0.0342321342290551	Author labels,predeclared coarse mapping	mean_donor(mean_cell(log1p(10000*counts/all_gene_library)))	0.081	0.11724374945655994
PDAC	GSE242230	06_EXTERNAL	20260922T131800Z_author_identity_v4	PDAC_author_cell_identity_v4	sc_expression_source	NA	NA	TMEM86B	author_source_label	3	25	equal_donor_mean_cellwise_log1p10k	0.1946493772601974	NA	NA	NA	NA	SC_SOURCE_DESCRIPTIVE	NA	DONE	Donor-equal descriptive expression	GSE242230	UniProtKB:Q8N661	primary_tumor	Erythrocyte	12	3	1199	1158	0.189946058360954	0.2019285462004635	0.1435255647689618	0.2494127742215661	Author labels,predeclared coarse mapping	mean_donor(mean_cell(log1p(10000*counts/all_gene_library)))	0.567	1.0
PDAC	GSE242230	06_EXTERNAL	20260922T131800Z_author_identity_v4	PDAC_author_cell_identity_v4	sc_expression_source	NA	NA	TMEM86B	author_source_label	7	25	equal_donor_mean_cellwise_log1p10k	0.0149812293790655	NA	NA	NA	NA	SC_SOURCE_DESCRIPTIVE	NA	DONE	Donor-equal descriptive expression	GSE242230	UniProtKB:Q8N661	primary_tumor	Fibroblast/CAF	20	7	911	810	0.0272289248665688	0.0037714534283007	0.0	0.0220394623467502	Author labels,predeclared coarse mapping	mean_donor(mean_cell(log1p(10000*counts/all_gene_library)))	0.017	0.07696520579687935
PDAC	GSE242230	06_EXTERNAL	20260922T131800Z_author_identity_v4	PDAC_author_cell_identity_v4	sc_expression_source	NA	NA	TMEM86B	author_source_label	23	25	equal_donor_mean_cellwise_log1p10k	0.027906809022526	NA	NA	NA	NA	SC_SOURCE_DESCRIPTIVE	NA	DONE	Donor-equal descriptive expression	GSE242230	UniProtKB:Q8N661	primary_tumor	Malignant (author)	25	23	10783	10759	0.0414687851788425	0.0214222981310339	0.0152120424752568	0.0300480128880282	Author labels,predeclared coarse mapping	mean_donor(mean_cell(log1p(10000*counts/all_gene_library)))	0.117	0.1433696291009531
PDAC	GSE242230	06_EXTERNAL	20260922T131800Z_author_identity_v4	PDAC_author_cell_identity_v4	sc_expression_source	NA	NA	TMEM86B	author_source_label	1	25	equal_donor_mean_cellwise_log1p10k	NA	NA	NA	NA	NA	SC_SOURCE_DESCRIPTIVE	NA	NOT_EVALUABLE	GENE_MISSING_OR_LT3_ELIGIBLE_LABELS	GSE242230	UniProtKB:Q8N661	primary_tumor	Mast	11	1	91	23	NA	NA	NA	NA	Author labels,predeclared coarse mapping	mean_donor(mean_cell(log1p(10000*counts/all_gene_library)))	NA	NA
PDAC	GSE242230	06_EXTERNAL	20260922T131800Z_author_identity_v4	PDAC_author_cell_identity_v4	sc_expression_source	NA	NA	TMEM86B	author_source_label	20	25	equal_donor_mean_cellwise_log1p10k	0.0294347595719312	NA	NA	NA	NA	SC_SOURCE_DESCRIPTIVE	NA	DONE	Donor-equal descriptive expression	GSE242230	UniProtKB:Q8N661	primary_tumor	Myeloid	25	20	6246	6224	0.0239155686366951	0.0164025072909763	0.0107094780113286	0.0305250526348335	Author labels,predeclared coarse mapping	mean_donor(mean_cell(log1p(10000*counts/all_gene_library)))	0.216	0.1512193873221814
PDAC	GSE242230	06_EXTERNAL	20260922T131800Z_author_identity_v4	PDAC_author_cell_identity_v4	sc_expression_source	NA	NA	TMEM86B	author_source_label	6	25	equal_donor_mean_cellwise_log1p10k	0.0111155480279086	NA	NA	NA	NA	SC_SOURCE_DESCRIPTIVE	NA	DONE	Donor-equal descriptive expression	GSE242230	UniProtKB:Q8N661	primary_tumor	Normal epithelial (author)	21	6	350	291	0.021361327883067	0.0096081276987962	0.00226443633434	0.0165085558251346	Author labels,predeclared coarse mapping	mean_donor(mean_cell(log1p(10000*counts/all_gene_library)))	0.002	0.05710548980102772
PDAC	GSE242230	06_EXTERNAL	20260922T131800Z_author_identity_v4	PDAC_author_cell_identity_v4	sc_expression_source	NA	NA	TMEM86B	author_source_label	2	25	equal_donor_mean_cellwise_log1p10k	NA	NA	NA	NA	NA	SC_SOURCE_DESCRIPTIVE	NA	NOT_EVALUABLE	GENE_MISSING_OR_LT3_ELIGIBLE_LABELS	GSE242230	UniProtKB:Q8N661	primary_tumor	Platelet	13	2	122	64	NA	NA	NA	NA	Author labels,predeclared coarse mapping	mean_donor(mean_cell(log1p(10000*counts/all_gene_library)))	NA	NA
PDAC	GSE242230	06_EXTERNAL	20260922T131800Z_author_identity_v4	PDAC_author_cell_identity_v4	sc_expression_source	NA	NA	TMEM86B	author_source_label	21	25	equal_donor_mean_cellwise_log1p10k	0.0104937581592374	NA	NA	NA	NA	SC_SOURCE_DESCRIPTIVE	NA	DONE	Donor-equal descriptive expression	GSE242230	UniProtKB:Q8N661	primary_tumor	T/NK	25	21	9408	9383	0.0080665560253255	0.0113608813882154	0.0	0.0176705889998154	Author labels,predeclared coarse mapping	mean_donor(mean_cell(log1p(10000*counts/all_gene_library)))	0.0	0.05391108005041227
PDAC	GSE242230	06_EXTERNAL	20260922T131800Z_author_identity_v4	PDAC_author_cell_identity_v4	sc_expression_source	NA	NA	TMLHE	author_source_label	1	25	equal_donor_mean_cellwise_log1p10k	NA	NA	NA	NA	NA	SC_SOURCE_DESCRIPTIVE	NA	NOT_EVALUABLE	GENE_MISSING_OR_LT3_ELIGIBLE_LABELS	GSE242230	UniProtKB:Q9NVH6	primary_tumor	Acinar	17	1	91	20	NA	NA	NA	NA	Author labels,predeclared coarse mapping	mean_donor(mean_cell(log1p(10000*counts/all_gene_library)))	NA	NA
PDAC	GSE242230	06_EXTERNAL	20260922T131800Z_author_identity_v4	PDAC_author_cell_identity_v4	sc_expression_source	NA	NA	TMLHE	author_source_label	15	25	equal_donor_mean_cellwise_log1p10k	0.0791440000873384	NA	NA	NA	NA	SC_SOURCE_DESCRIPTIVE	NA	DONE	Donor-equal descriptive expression	GSE242230	UniProtKB:Q9NVH6	primary_tumor	B/Plasma	23	15	1740	1675	0.0669067243952417	0.0692826922627293	0.0558366709597086	0.0994511095839789	Author labels,predeclared coarse mapping	mean_donor(mean_cell(log1p(10000*counts/all_gene_library)))	0.095	0.7823558473842911
PDAC	GSE242230	06_EXTERNAL	20260922T131800Z_author_identity_v4	PDAC_author_cell_identity_v4	sc_expression_source	NA	NA	TMLHE	author_source_label	3	25	equal_donor_mean_cellwise_log1p10k	0.0128307284663208	NA	NA	NA	NA	SC_SOURCE_DESCRIPTIVE	NA	DONE	Donor-equal descriptive expression	GSE242230	UniProtKB:Q9NVH6	primary_tumor	Endothelial	18	3	274	186	0.017391304347826	0.0	0.0	0.0192460926994812	Author labels,predeclared coarse mapping	mean_donor(mean_cell(log1p(10000*counts/all_gene_library)))	0.0	0.12683457281346186
PDAC	GSE242230	06_EXTERNAL	20260922T131800Z_author_identity_v4	PDAC_author_cell_identity_v4	sc_expression_source	NA	NA	TMLHE	author_source_label	3	25	equal_donor_mean_cellwise_log1p10k	0.0010861209430307	NA	NA	NA	NA	SC_SOURCE_DESCRIPTIVE	NA	DONE	Donor-equal descriptive expression	GSE242230	UniProtKB:Q9NVH6	primary_tumor	Erythrocyte	12	3	1199	1158	0.0011958146487294	0.0	0.0	0.001629181414546	Author labels,predeclared coarse mapping	mean_donor(mean_cell(log1p(10000*counts/all_gene_library)))	0.0	0.010736544397666229
PDAC	GSE242230	06_EXTERNAL	20260922T131800Z_author_identity_v4	PDAC_author_cell_identity_v4	sc_expression_source	NA	NA	TMLHE	author_source_label	7	25	equal_donor_mean_cellwise_log1p10k	0.0610376502436408	NA	NA	NA	NA	SC_SOURCE_DESCRIPTIVE	NA	DONE	Donor-equal descriptive expression	GSE242230	UniProtKB:Q9NVH6	primary_tumor	Fibroblast/CAF	20	7	911	810	0.0920270794291625	0.0636679411998912	0.045872996136967	0.0704651262316753	Author labels,predeclared coarse mapping	mean_donor(mean_cell(log1p(10000*counts/all_gene_library)))	0.008	0.6033705969626523
PDAC	GSE242230	06_EXTERNAL	20260922T131800Z_author_identity_v4	PDAC_author_cell_identity_v4	sc_expression_source	NA	NA	TMLHE	author_source_label	23	25	equal_donor_mean_cellwise_log1p10k	0.0653805332944709	NA	NA	NA	NA	SC_SOURCE_DESCRIPTIVE	NA	DONE	Donor-equal descriptive expression	GSE242230	UniProtKB:Q9NVH6	primary_tumor	Malignant (author)	25	23	10783	10759	0.1189888948475671	0.054851305370363	0.0402511728156542	0.0687472428882243	Author labels,predeclared coarse mapping	mean_donor(mean_cell(log1p(10000*counts/all_gene_library)))	0.017	0.6463009510712845
PDAC	GSE242230	06_EXTERNAL	20260922T131800Z_author_identity_v4	PDAC_author_cell_identity_v4	sc_expression_source	NA	NA	TMLHE	author_source_label	1	25	equal_donor_mean_cellwise_log1p10k	NA	NA	NA	NA	NA	SC_SOURCE_DESCRIPTIVE	NA	NOT_EVALUABLE	GENE_MISSING_OR_LT3_ELIGIBLE_LABELS	GSE242230	UniProtKB:Q9NVH6	primary_tumor	Mast	11	1	91	23	NA	NA	NA	NA	Author labels,predeclared coarse mapping	mean_donor(mean_cell(log1p(10000*counts/all_gene_library)))	NA	NA
PDAC	GSE242230	06_EXTERNAL	20260922T131800Z_author_identity_v4	PDAC_author_cell_identity_v4	sc_expression_source	NA	NA	TMLHE	author_source_label	20	25	equal_donor_mean_cellwise_log1p10k	0.0726987867182853	NA	NA	NA	NA	SC_SOURCE_DESCRIPTIVE	NA	DONE	Donor-equal descriptive expression	GSE242230	UniProtKB:Q9NVH6	primary_tumor	Myeloid	25	20	6246	6224	0.0858410255438607	0.0634082556622851	0.0529608483541275	0.0942464346749698	Author labels,predeclared coarse mapping	mean_donor(mean_cell(log1p(10000*counts/all_gene_library)))	0.004	0.7186434957043966
PDAC	GSE242230	06_EXTERNAL	20260922T131800Z_author_identity_v4	PDAC_author_cell_identity_v4	sc_expression_source	NA	NA	TMLHE	author_source_label	6	25	equal_donor_mean_cellwise_log1p10k	0.101161128087617	NA	NA	NA	NA	SC_SOURCE_DESCRIPTIVE	NA	DONE	Donor-equal descriptive expression	GSE242230	UniProtKB:Q9NVH6	primary_tumor	Normal epithelial (author)	21	6	350	291	0.2064375397771199	0.0894161157386661	0.0823675874192643	0.111817964699054	Author labels,predeclared coarse mapping	mean_donor(mean_cell(log1p(10000*counts/all_gene_library)))	0.873	1.0
PDAC	GSE242230	06_EXTERNAL	20260922T131800Z_author_identity_v4	PDAC_author_cell_identity_v4	sc_expression_source	NA	NA	TMLHE	author_source_label	2	25	equal_donor_mean_cellwise_log1p10k	NA	NA	NA	NA	NA	SC_SOURCE_DESCRIPTIVE	NA	NOT_EVALUABLE	GENE_MISSING_OR_LT3_ELIGIBLE_LABELS	GSE242230	UniProtKB:Q9NVH6	primary_tumor	Platelet	13	2	122	64	NA	NA	NA	NA	Author labels,predeclared coarse mapping	mean_donor(mean_cell(log1p(10000*counts/all_gene_library)))	NA	NA
PDAC	GSE242230	06_EXTERNAL	20260922T131800Z_author_identity_v4	PDAC_author_cell_identity_v4	sc_expression_source	NA	NA	TMLHE	author_source_label	21	25	equal_donor_mean_cellwise_log1p10k	0.0609563329376459	NA	NA	NA	NA	SC_SOURCE_DESCRIPTIVE	NA	DONE	Donor-equal descriptive expression	GSE242230	UniProtKB:Q9NVH6	primary_tumor	T/NK	25	21	9408	9383	0.0496421822690745	0.0579689277007349	0.046988794488982	0.0701382941711924	Author labels,predeclared coarse mapping	mean_donor(mean_cell(log1p(10000*counts/all_gene_library)))	0.003	0.6025667575083861
PDAC	GSE242230	06_EXTERNAL	20260922T131800Z_author_identity_v4	PDAC_author_cell_identity_v4	sc_expression_source	NA	NA	TMT1A	author_source_label	1	25	equal_donor_mean_cellwise_log1p10k	NA	NA	NA	NA	NA	SC_SOURCE_DESCRIPTIVE	NA	NOT_EVALUABLE	GENE_MISSING_OR_LT3_ELIGIBLE_LABELS	GSE242230	UniProtKB:Q9H8H3	primary_tumor	Acinar	17	1	91	20	NA	NA	NA	NA	Author labels,predeclared coarse mapping	mean_donor(mean_cell(log1p(10000*counts/all_gene_library)))	NA	NA
PDAC	GSE242230	06_EXTERNAL	20260922T131800Z_author_identity_v4	PDAC_author_cell_identity_v4	sc_expression_source	NA	NA	TMT1A	author_source_label	15	25	equal_donor_mean_cellwise_log1p10k	0.2220643445765908	NA	NA	NA	NA	SC_SOURCE_DESCRIPTIVE	NA	DONE	Donor-equal descriptive expression	GSE242230	UniProtKB:Q9H8H3	primary_tumor	B/Plasma	23	15	1740	1675	0.1697316988890496	0.2077370694083165	0.165466013430945	0.2802464364979283	Author labels,predeclared coarse mapping	mean_donor(mean_cell(log1p(10000*counts/all_gene_library)))	0.037	0.4987970302553663
PDAC	GSE242230	06_EXTERNAL	20260922T131800Z_author_identity_v4	PDAC_author_cell_identity_v4	sc_expression_source	NA	NA	TMT1A	author_source_label	3	25	equal_donor_mean_cellwise_log1p10k	0.0648603256183711	NA	NA	NA	NA	SC_SOURCE_DESCRIPTIVE	NA	DONE	Donor-equal descriptive expression	GSE242230	UniProtKB:Q9H8H3	primary_tumor	Endothelial	18	3	274	186	0.0576626580326857	0.0846485597406849	0.0423242798703424	0.0972904884275566	Author labels,predeclared coarse mapping	mean_donor(mean_cell(log1p(10000*counts/all_gene_library)))	0.0	0.1456881241404389
PDAC	GSE242230	06_EXTERNAL	20260922T131800Z_author_identity_v4	PDAC_author_cell_identity_v4	sc_expression_source	NA	NA	TMT1A	author_source_label	3	25	equal_donor_mean_cellwise_log1p10k	0.0335255985215053	NA	NA	NA	NA	SC_SOURCE_DESCRIPTIVE	NA	DONE	Donor-equal descriptive expression	GSE242230	UniProtKB:Q9H8H3	primary_tumor	Erythrocyte	12	3	1199	1158	0.0325112107623318	0.0484057627486468	0.0242028813743234	0.050288397782258	Author labels,predeclared coarse mapping	mean_donor(mean_cell(log1p(10000*counts/all_gene_library)))	0.0	0.07530461052604014
PDAC	GSE242230	06_EXTERNAL	20260922T131800Z_author_identity_v4	PDAC_author_cell_identity_v4	sc_expression_source	NA	NA	TMT1A	author_source_label	7	25	equal_donor_mean_cellwise_log1p10k	0.2316120383268372	NA	NA	NA	NA	SC_SOURCE_DESCRIPTIVE	NA	DONE	Donor-equal descriptive expression	GSE242230	UniProtKB:Q9H8H3	primary_tumor	Fibroblast/CAF	20	7	911	810	0.2461827530685679	0.1755620218512795	0.0743383450205798	0.3441449122889232	Author labels,predeclared coarse mapping	mean_donor(mean_cell(log1p(10000*counts/all_gene_library)))	0.065	0.5202428922531175
PDAC	GSE242230	06_EXTERNAL	20260922T131800Z_author_identity_v4	PDAC_author_cell_identity_v4	sc_expression_source	NA	NA	TMT1A	author_source_label	23	25	equal_donor_mean_cellwise_log1p10k	0.0752190539125927	NA	NA	NA	NA	SC_SOURCE_DESCRIPTIVE	NA	DONE	Donor-equal descriptive expression	GSE242230	UniProtKB:Q9H8H3	primary_tumor	Malignant (author)	25	23	10783	10759	0.1131874384754372	0.0391934488910819	0.0215646514537936	0.0966485358398811	Author labels,predeclared coarse mapping	mean_donor(mean_cell(log1p(10000*counts/all_gene_library)))	0.0	0.16895571768514633
PDAC	GSE242230	06_EXTERNAL	20260922T131800Z_author_identity_v4	PDAC_author_cell_identity_v4	sc_expression_source	NA	NA	TMT1A	author_source_label	1	25	equal_donor_mean_cellwise_log1p10k	NA	NA	NA	NA	NA	SC_SOURCE_DESCRIPTIVE	NA	NOT_EVALUABLE	GENE_MISSING_OR_LT3_ELIGIBLE_LABELS	GSE242230	UniProtKB:Q9H8H3	primary_tumor	Mast	11	1	91	23	NA	NA	NA	NA	Author labels,predeclared coarse mapping	mean_donor(mean_cell(log1p(10000*counts/all_gene_library)))	NA	NA
PDAC	GSE242230	06_EXTERNAL	20260922T131800Z_author_identity_v4	PDAC_author_cell_identity_v4	sc_expression_source	NA	NA	TMT1A	author_source_label	20	25	equal_donor_mean_cellwise_log1p10k	0.1862596916414116	NA	NA	NA	NA	SC_SOURCE_DESCRIPTIVE	NA	DONE	Donor-equal descriptive expression	GSE242230	UniProtKB:Q9H8H3	primary_tumor	Myeloid	25	20	6246	6224	0.1778729326070916	0.1733923814161946	0.125875813435828	0.2529236584164664	Author labels,predeclared coarse mapping	mean_donor(mean_cell(log1p(10000*counts/all_gene_library)))	0.0	0.418373247736639
PDAC	GSE242230	06_EXTERNAL	20260922T131800Z_author_identity_v4	PDAC_author_cell_identity_v4	sc_expression_source	NA	NA	TMT1A	author_source_label	6	25	equal_donor_mean_cellwise_log1p10k	0.4451998129638057	NA	NA	NA	NA	SC_SOURCE_DESCRIPTIVE	NA	DONE	Donor-equal descriptive expression	GSE242230	UniProtKB:Q9H8H3	primary_tumor	Normal epithelial (author)	21	6	350	291	0.5280510385832725	0.4238719268819975	0.2678889285860317	0.7122193332754089	Author labels,predeclared coarse mapping	mean_donor(mean_cell(log1p(10000*counts/all_gene_library)))	0.898	1.0
PDAC	GSE242230	06_EXTERNAL	20260922T131800Z_author_identity_v4	PDAC_author_cell_identity_v4	sc_expression_source	NA	NA	TMT1A	author_source_label	2	25	equal_donor_mean_cellwise_log1p10k	NA	NA	NA	NA	NA	SC_SOURCE_DESCRIPTIVE	NA	NOT_EVALUABLE	GENE_MISSING_OR_LT3_ELIGIBLE_LABELS	GSE242230	UniProtKB:Q9H8H3	primary_tumor	Platelet	13	2	122	64	NA	NA	NA	NA	Author labels,predeclared coarse mapping	mean_donor(mean_cell(log1p(10000*counts/all_gene_library)))	NA	NA
PDAC	GSE242230	06_EXTERNAL	20260922T131800Z_author_identity_v4	PDAC_author_cell_identity_v4	sc_expression_source	NA	NA	TMT1A	author_source_label	21	25	equal_donor_mean_cellwise_log1p10k	0.0211765933244252	NA	NA	NA	NA	SC_SOURCE_DESCRIPTIVE	NA	DONE	Donor-equal descriptive expression	GSE242230	UniProtKB:Q9H8H3	primary_tumor	T/NK	25	21	9408	9383	0.0148832689194501	0.0187243634334652	0.0143172044791872	0.0258079826372539	Author labels,predeclared coarse mapping	mean_donor(mean_cell(log1p(10000*counts/all_gene_library)))	0.0	0.04756649196109801
PDAC	GSE242230	06_EXTERNAL	20260922T131800Z_author_identity_v4	PDAC_author_cell_identity_v4	sc_expression_source	NA	NA	TMT1B	author_source_label	1	25	equal_donor_mean_cellwise_log1p10k	NA	NA	NA	NA	NA	SC_SOURCE_DESCRIPTIVE	NA	NOT_EVALUABLE	GENE_MISSING_OR_LT3_ELIGIBLE_LABELS	GSE242230	UniProtKB:Q6UX53	primary_tumor	Acinar	17	1	91	20	NA	NA	NA	NA	Author labels,predeclared coarse mapping	mean_donor(mean_cell(log1p(10000*counts/all_gene_library)))	NA	NA
PDAC	GSE242230	06_EXTERNAL	20260922T131800Z_author_identity_v4	PDAC_author_cell_identity_v4	sc_expression_source	NA	NA	TMT1B	author_source_label	15	25	equal_donor_mean_cellwise_log1p10k	0.00114790993904	NA	NA	NA	NA	SC_SOURCE_DESCRIPTIVE	NA	DONE	Donor-equal descriptive expression	GSE242230	UniProtKB:Q6UX53	primary_tumor	B/Plasma	23	15	1740	1675	0.0012016360472736	0.0	0.0	0.0	Author labels,predeclared coarse mapping	mean_donor(mean_cell(log1p(10000*counts/all_gene_library)))	0.0	0.0072103255357784364
PDAC	GSE242230	06_EXTERNAL	20260922T131800Z_author_identity_v4	PDAC_author_cell_identity_v4	sc_expression_source	NA	NA	TMT1B	author_source_label	3	25	equal_donor_mean_cellwise_log1p10k	0.0	NA	NA	NA	NA	SC_SOURCE_DESCRIPTIVE	NA	DONE	Donor-equal descriptive expression	GSE242230	UniProtKB:Q6UX53	primary_tumor	Endothelial	18	3	274	186	0.0	0.0	0.0	0.0	Author labels,predeclared coarse mapping	mean_donor(mean_cell(log1p(10000*counts/all_gene_library)))	0.0	0.0
PDAC	GSE242230	06_EXTERNAL	20260922T131800Z_author_identity_v4	PDAC_author_cell_identity_v4	sc_expression_source	NA	NA	TMT1B	author_source_label	3	25	equal_donor_mean_cellwise_log1p10k	0.0	NA	NA	NA	NA	SC_SOURCE_DESCRIPTIVE	NA	DONE	Donor-equal descriptive expression	GSE242230	UniProtKB:Q6UX53	primary_tumor	Erythrocyte	12	3	1199	1158	0.0	0.0	0.0	0.0	Author labels,predeclared coarse mapping	mean_donor(mean_cell(log1p(10000*counts/all_gene_library)))	0.0	0.0
PDAC	GSE242230	06_EXTERNAL	20260922T131800Z_author_identity_v4	PDAC_author_cell_identity_v4	sc_expression_source	NA	NA	TMT1B	author_source_label	7	25	equal_donor_mean_cellwise_log1p10k	0.0022256505945056	NA	NA	NA	NA	SC_SOURCE_DESCRIPTIVE	NA	DONE	Donor-equal descriptive expression	GSE242230	UniProtKB:Q6UX53	primary_tumor	Fibroblast/CAF	20	7	911	810	0.0033939609201185	0.0	0.0	0.0018976402690779	Author labels,predeclared coarse mapping	mean_donor(mean_cell(log1p(10000*counts/all_gene_library)))	0.0	0.013979899266927586
PDAC	GSE242230	06_EXTERNAL	20260922T131800Z_author_identity_v4	PDAC_author_cell_identity_v4	sc_expression_source	NA	NA	TMT1B	author_source_label	23	25	equal_donor_mean_cellwise_log1p10k	0.0584988043506166	NA	NA	NA	NA	SC_SOURCE_DESCRIPTIVE	NA	DONE	Donor-equal descriptive expression	GSE242230	UniProtKB:Q6UX53	primary_tumor	Malignant (author)	25	23	10783	10759	0.1088440455636215	0.0360254100435432	0.0190260911517342	0.0571448441223479	Author labels,predeclared coarse mapping	mean_donor(mean_cell(log1p(10000*counts/all_gene_library)))	0.044	0.36744644198699605
PDAC	GSE242230	06_EXTERNAL	20260922T131800Z_author_identity_v4	PDAC_author_cell_identity_v4	sc_expression_source	NA	NA	TMT1B	author_source_label	1	25	equal_donor_mean_cellwise_log1p10k	NA	NA	NA	NA	NA	SC_SOURCE_DESCRIPTIVE	NA	NOT_EVALUABLE	GENE_MISSING_OR_LT3_ELIGIBLE_LABELS	GSE242230	UniProtKB:Q6UX53	primary_tumor	Mast	11	1	91	23	NA	NA	NA	NA	Author labels,predeclared coarse mapping	mean_donor(mean_cell(log1p(10000*counts/all_gene_library)))	NA	NA
PDAC	GSE242230	06_EXTERNAL	20260922T131800Z_author_identity_v4	PDAC_author_cell_identity_v4	sc_expression_source	NA	NA	TMT1B	author_source_label	20	25	equal_donor_mean_cellwise_log1p10k	0.022386810810961	NA	NA	NA	NA	SC_SOURCE_DESCRIPTIVE	NA	DONE	Donor-equal descriptive expression	GSE242230	UniProtKB:Q6UX53	primary_tumor	Myeloid	25	20	6246	6224	0.0226768346763958	0.0103016733877954	0.0045209403165639	0.0309584197618306	Author labels,predeclared coarse mapping	mean_donor(mean_cell(log1p(10000*counts/all_gene_library)))	0.0	0.14061747195072258
PDAC	GSE242230	06_EXTERNAL	20260922T131800Z_author_identity_v4	PDAC_author_cell_identity_v4	sc_expression_source	NA	NA	TMT1B	author_source_label	6	25	equal_donor_mean_cellwise_log1p10k	0.1592036217149896	NA	NA	NA	NA	SC_SOURCE_DESCRIPTIVE	NA	DONE	Donor-equal descriptive expression	GSE242230	UniProtKB:Q6UX53	primary_tumor	Normal epithelial (author)	21	6	350	291	0.2604338856212919	0.1255959455564781	0.0852018433604307	0.230450374200814	Author labels,predeclared coarse mapping	mean_donor(mean_cell(log1p(10000*counts/all_gene_library)))	0.956	1.0
PDAC	GSE242230	06_EXTERNAL	20260922T131800Z_author_identity_v4	PDAC_author_cell_identity_v4	sc_expression_source	NA	NA	TMT1B	author_source_label	2	25	equal_donor_mean_cellwise_log1p10k	NA	NA	NA	NA	NA	SC_SOURCE_DESCRIPTIVE	NA	NOT_EVALUABLE	GENE_MISSING_OR_LT3_ELIGIBLE_LABELS	GSE242230	UniProtKB:Q6UX53	primary_tumor	Platelet	13	2	122	64	NA	NA	NA	NA	Author labels,predeclared coarse mapping	mean_donor(mean_cell(log1p(10000*counts/all_gene_library)))	NA	NA
PDAC	GSE242230	06_EXTERNAL	20260922T131800Z_author_identity_v4	PDAC_author_cell_identity_v4	sc_expression_source	NA	NA	TMT1B	author_source_label	21	25	equal_donor_mean_cellwise_log1p10k	0.0003539045575435	NA	NA	NA	NA	SC_SOURCE_DESCRIPTIVE	NA	DONE	Donor-equal descriptive expression	GSE242230	UniProtKB:Q6UX53	primary_tumor	T/NK	25	21	9408	9383	0.0001863309410052	0.0	0.0	0.0	Author labels,predeclared coarse mapping	mean_donor(mean_cell(log1p(10000*counts/all_gene_library)))	0.0	0.002222968006199438
