cancer	cohort	stage_id	run_id	analysis_version	analysis_type	metabolite_key	metabolite_name	gene	unit	n	n_reference	effect_type	effect	ci_lower	ci_upper	p_value	q_value	test_family	family_n_evaluable	status	reason	source_id	stable_gene_id	partition	celltype	n_source_labels_total	n_source_labels_eligible	n_cells_total	n_cells_eligible	mean_detection_fraction	median_donor_mean	q25	q75	annotation_origin	normalization	bootstrap_first_frequency	row_scaled
PDAC	GSE242230	06_EXTERNAL	20260922T131800Z_author_identity_v4	PDAC_author_cell_identity_v4	sc_expression_source	NA	NA	CNDP2	author_source_label	1	25	equal_donor_mean_cellwise_log1p10k	NA	NA	NA	NA	NA	SC_SOURCE_DESCRIPTIVE	NA	NOT_EVALUABLE	GENE_MISSING_OR_LT3_ELIGIBLE_LABELS	GSE242230	UniProtKB:Q96KP4	primary_tumor	Acinar	17	1	91	20	NA	NA	NA	NA	Author labels,predeclared coarse mapping	mean_donor(mean_cell(log1p(10000*counts/all_gene_library)))	NA	NA
PDAC	GSE242230	06_EXTERNAL	20260922T131800Z_author_identity_v4	PDAC_author_cell_identity_v4	sc_expression_source	NA	NA	CNDP2	author_source_label	15	25	equal_donor_mean_cellwise_log1p10k	0.2842556053201295	NA	NA	NA	NA	SC_SOURCE_DESCRIPTIVE	NA	DONE	Donor-equal descriptive expression	GSE242230	UniProtKB:Q96KP4	primary_tumor	B/Plasma	23	15	1740	1675	0.2088620138640836	0.2640316398187431	0.2200558422608091	0.3111204611283031	Author labels,predeclared coarse mapping	mean_donor(mean_cell(log1p(10000*counts/all_gene_library)))	0.0	0.3775935470774434
PDAC	GSE242230	06_EXTERNAL	20260922T131800Z_author_identity_v4	PDAC_author_cell_identity_v4	sc_expression_source	NA	NA	CNDP2	author_source_label	3	25	equal_donor_mean_cellwise_log1p10k	0.3776359380992711	NA	NA	NA	NA	SC_SOURCE_DESCRIPTIVE	NA	DONE	Donor-equal descriptive expression	GSE242230	UniProtKB:Q96KP4	primary_tumor	Endothelial	18	3	274	186	0.305771405077603	0.3361263431682246	0.2941604744486781	0.4403566042843408	Author labels,predeclared coarse mapping	mean_donor(mean_cell(log1p(10000*counts/all_gene_library)))	0.0	0.5016361707633983
PDAC	GSE242230	06_EXTERNAL	20260922T131800Z_author_identity_v4	PDAC_author_cell_identity_v4	sc_expression_source	NA	NA	CNDP2	author_source_label	3	25	equal_donor_mean_cellwise_log1p10k	0.0012100747455173	NA	NA	NA	NA	SC_SOURCE_DESCRIPTIVE	NA	DONE	Donor-equal descriptive expression	GSE242230	UniProtKB:Q96KP4	primary_tumor	Erythrocyte	12	3	1199	1158	0.000896860986547	0.0	0.0	0.001815112118276	Author labels,predeclared coarse mapping	mean_donor(mean_cell(log1p(10000*counts/all_gene_library)))	0.0	0.001607413914931005
PDAC	GSE242230	06_EXTERNAL	20260922T131800Z_author_identity_v4	PDAC_author_cell_identity_v4	sc_expression_source	NA	NA	CNDP2	author_source_label	7	25	equal_donor_mean_cellwise_log1p10k	0.107780845129509	NA	NA	NA	NA	SC_SOURCE_DESCRIPTIVE	NA	DONE	Donor-equal descriptive expression	GSE242230	UniProtKB:Q96KP4	primary_tumor	Fibroblast/CAF	20	7	911	810	0.1526292302192128	0.1014142774390749	0.0919251633945379	0.1217587680089499	Author labels,predeclared coarse mapping	mean_donor(mean_cell(log1p(10000*counts/all_gene_library)))	0.0	0.1431716766802977
PDAC	GSE242230	06_EXTERNAL	20260922T131800Z_author_identity_v4	PDAC_author_cell_identity_v4	sc_expression_source	NA	NA	CNDP2	author_source_label	23	25	equal_donor_mean_cellwise_log1p10k	0.2801838659004461	NA	NA	NA	NA	SC_SOURCE_DESCRIPTIVE	NA	DONE	Donor-equal descriptive expression	GSE242230	UniProtKB:Q96KP4	primary_tumor	Malignant (author)	25	23	10783	10759	0.3360547396624845	0.2813350917192376	0.2104285833135405	0.3687814801115728	Author labels,predeclared coarse mapping	mean_donor(mean_cell(log1p(10000*counts/all_gene_library)))	0.0	0.37218481457937425
PDAC	GSE242230	06_EXTERNAL	20260922T131800Z_author_identity_v4	PDAC_author_cell_identity_v4	sc_expression_source	NA	NA	CNDP2	author_source_label	1	25	equal_donor_mean_cellwise_log1p10k	NA	NA	NA	NA	NA	SC_SOURCE_DESCRIPTIVE	NA	NOT_EVALUABLE	GENE_MISSING_OR_LT3_ELIGIBLE_LABELS	GSE242230	UniProtKB:Q96KP4	primary_tumor	Mast	11	1	91	23	NA	NA	NA	NA	Author labels,predeclared coarse mapping	mean_donor(mean_cell(log1p(10000*counts/all_gene_library)))	NA	NA
PDAC	GSE242230	06_EXTERNAL	20260922T131800Z_author_identity_v4	PDAC_author_cell_identity_v4	sc_expression_source	NA	NA	CNDP2	author_source_label	20	25	equal_donor_mean_cellwise_log1p10k	0.4544785635640833	NA	NA	NA	NA	SC_SOURCE_DESCRIPTIVE	NA	DONE	Donor-equal descriptive expression	GSE242230	UniProtKB:Q96KP4	primary_tumor	Myeloid	25	20	6246	6224	0.3817922492301596	0.4519077114417372	0.37440566074829	0.5472055451133389	Author labels,predeclared coarse mapping	mean_donor(mean_cell(log1p(10000*counts/all_gene_library)))	0.04	0.6037107788729721
PDAC	GSE242230	06_EXTERNAL	20260922T131800Z_author_identity_v4	PDAC_author_cell_identity_v4	sc_expression_source	NA	NA	CNDP2	author_source_label	6	25	equal_donor_mean_cellwise_log1p10k	0.7528084299116199	NA	NA	NA	NA	SC_SOURCE_DESCRIPTIVE	NA	DONE	Donor-equal descriptive expression	GSE242230	UniProtKB:Q96KP4	primary_tumor	Normal epithelial (author)	21	6	350	291	0.7325703601190857	0.7806066659420527	0.7624298409335014	0.8122128828735684	Author labels,predeclared coarse mapping	mean_donor(mean_cell(log1p(10000*counts/all_gene_library)))	0.96	1.0
PDAC	GSE242230	06_EXTERNAL	20260922T131800Z_author_identity_v4	PDAC_author_cell_identity_v4	sc_expression_source	NA	NA	CNDP2	author_source_label	2	25	equal_donor_mean_cellwise_log1p10k	NA	NA	NA	NA	NA	SC_SOURCE_DESCRIPTIVE	NA	NOT_EVALUABLE	GENE_MISSING_OR_LT3_ELIGIBLE_LABELS	GSE242230	UniProtKB:Q96KP4	primary_tumor	Platelet	13	2	122	64	NA	NA	NA	NA	Author labels,predeclared coarse mapping	mean_donor(mean_cell(log1p(10000*counts/all_gene_library)))	NA	NA
PDAC	GSE242230	06_EXTERNAL	20260922T131800Z_author_identity_v4	PDAC_author_cell_identity_v4	sc_expression_source	NA	NA	CNDP2	author_source_label	21	25	equal_donor_mean_cellwise_log1p10k	0.1958009100082032	NA	NA	NA	NA	SC_SOURCE_DESCRIPTIVE	NA	DONE	Donor-equal descriptive expression	GSE242230	UniProtKB:Q96KP4	primary_tumor	T/NK	25	21	9408	9383	0.1483599074923384	0.179024075100266	0.1441887681545257	0.2383442588893109	Author labels,predeclared coarse mapping	mean_donor(mean_cell(log1p(10000*counts/all_gene_library)))	0.0	0.26009393921264984
PDAC	GSE242230	06_EXTERNAL	20260922T131800Z_author_identity_v4	PDAC_author_cell_identity_v4	sc_expression_source	NA	NA	COMT	author_source_label	1	25	equal_donor_mean_cellwise_log1p10k	NA	NA	NA	NA	NA	SC_SOURCE_DESCRIPTIVE	NA	NOT_EVALUABLE	GENE_MISSING_OR_LT3_ELIGIBLE_LABELS	GSE242230	UniProtKB:P21964	primary_tumor	Acinar	17	1	91	20	NA	NA	NA	NA	Author labels,predeclared coarse mapping	mean_donor(mean_cell(log1p(10000*counts/all_gene_library)))	NA	NA
PDAC	GSE242230	06_EXTERNAL	20260922T131800Z_author_identity_v4	PDAC_author_cell_identity_v4	sc_expression_source	NA	NA	COMT	author_source_label	15	25	equal_donor_mean_cellwise_log1p10k	0.1160295628797185	NA	NA	NA	NA	SC_SOURCE_DESCRIPTIVE	NA	DONE	Donor-equal descriptive expression	GSE242230	UniProtKB:P21964	primary_tumor	B/Plasma	23	15	1740	1675	0.0963802212141962	0.092388374557956	0.0623759534415724	0.1292526285296278	Author labels,predeclared coarse mapping	mean_donor(mean_cell(log1p(10000*counts/all_gene_library)))	0.0	0.13474577107011432
PDAC	GSE242230	06_EXTERNAL	20260922T131800Z_author_identity_v4	PDAC_author_cell_identity_v4	sc_expression_source	NA	NA	COMT	author_source_label	3	25	equal_donor_mean_cellwise_log1p10k	0.4613947971251464	NA	NA	NA	NA	SC_SOURCE_DESCRIPTIVE	NA	DONE	Donor-equal descriptive expression	GSE242230	UniProtKB:P21964	primary_tumor	Endothelial	18	3	274	186	0.3407493061979649	0.5510742958045424	0.3837739221479943	0.5838554214419966	Author labels,predeclared coarse mapping	mean_donor(mean_cell(log1p(10000*counts/all_gene_library)))	0.0	0.5358203216779855
PDAC	GSE242230	06_EXTERNAL	20260922T131800Z_author_identity_v4	PDAC_author_cell_identity_v4	sc_expression_source	NA	NA	COMT	author_source_label	3	25	equal_donor_mean_cellwise_log1p10k	0.0761527901567607	NA	NA	NA	NA	SC_SOURCE_DESCRIPTIVE	NA	DONE	Donor-equal descriptive expression	GSE242230	UniProtKB:P21964	primary_tumor	Erythrocyte	12	3	1199	1158	0.0886267628517579	0.0701894639896455	0.0659673895671572	0.0833565276628065	Author labels,predeclared coarse mapping	mean_donor(mean_cell(log1p(10000*counts/all_gene_library)))	0.0	0.08843665505704461
PDAC	GSE242230	06_EXTERNAL	20260922T131800Z_author_identity_v4	PDAC_author_cell_identity_v4	sc_expression_source	NA	NA	COMT	author_source_label	7	25	equal_donor_mean_cellwise_log1p10k	0.5712139394615559	NA	NA	NA	NA	SC_SOURCE_DESCRIPTIVE	NA	DONE	Donor-equal descriptive expression	GSE242230	UniProtKB:P21964	primary_tumor	Fibroblast/CAF	20	7	911	810	0.5155700126435576	0.6549179828055915	0.4944687356784321	0.6865702577653128	Author labels,predeclared coarse mapping	mean_donor(mean_cell(log1p(10000*counts/all_gene_library)))	0.0	0.6633538971316659
PDAC	GSE242230	06_EXTERNAL	20260922T131800Z_author_identity_v4	PDAC_author_cell_identity_v4	sc_expression_source	NA	NA	COMT	author_source_label	23	25	equal_donor_mean_cellwise_log1p10k	0.5700369583972705	NA	NA	NA	NA	SC_SOURCE_DESCRIPTIVE	NA	DONE	Donor-equal descriptive expression	GSE242230	UniProtKB:P21964	primary_tumor	Malignant (author)	25	23	10783	10759	0.4732408639258679	0.5642105219237816	0.3711437899248192	0.67985516893912	Author labels,predeclared coarse mapping	mean_donor(mean_cell(log1p(10000*counts/all_gene_library)))	0.006	0.6619870625327416
PDAC	GSE242230	06_EXTERNAL	20260922T131800Z_author_identity_v4	PDAC_author_cell_identity_v4	sc_expression_source	NA	NA	COMT	author_source_label	1	25	equal_donor_mean_cellwise_log1p10k	NA	NA	NA	NA	NA	SC_SOURCE_DESCRIPTIVE	NA	NOT_EVALUABLE	GENE_MISSING_OR_LT3_ELIGIBLE_LABELS	GSE242230	UniProtKB:P21964	primary_tumor	Mast	11	1	91	23	NA	NA	NA	NA	Author labels,predeclared coarse mapping	mean_donor(mean_cell(log1p(10000*counts/all_gene_library)))	NA	NA
PDAC	GSE242230	06_EXTERNAL	20260922T131800Z_author_identity_v4	PDAC_author_cell_identity_v4	sc_expression_source	NA	NA	COMT	author_source_label	20	25	equal_donor_mean_cellwise_log1p10k	0.6779516544526886	NA	NA	NA	NA	SC_SOURCE_DESCRIPTIVE	NA	DONE	Donor-equal descriptive expression	GSE242230	UniProtKB:P21964	primary_tumor	Myeloid	25	20	6246	6224	0.5073260693404723	0.6747370644031456	0.6169071579422293	0.7560681793140945	Author labels,predeclared coarse mapping	mean_donor(mean_cell(log1p(10000*counts/all_gene_library)))	0.038	0.7873089940206526
PDAC	GSE242230	06_EXTERNAL	20260922T131800Z_author_identity_v4	PDAC_author_cell_identity_v4	sc_expression_source	NA	NA	COMT	author_source_label	6	25	equal_donor_mean_cellwise_log1p10k	0.8610998472029454	NA	NA	NA	NA	SC_SOURCE_DESCRIPTIVE	NA	DONE	Donor-equal descriptive expression	GSE242230	UniProtKB:P21964	primary_tumor	Normal epithelial (author)	21	6	350	291	0.7976746669400342	0.9052763811959348	0.7969641120126956	0.9988283612463212	Author labels,predeclared coarse mapping	mean_donor(mean_cell(log1p(10000*counts/all_gene_library)))	0.956	1.0
PDAC	GSE242230	06_EXTERNAL	20260922T131800Z_author_identity_v4	PDAC_author_cell_identity_v4	sc_expression_source	NA	NA	COMT	author_source_label	2	25	equal_donor_mean_cellwise_log1p10k	NA	NA	NA	NA	NA	SC_SOURCE_DESCRIPTIVE	NA	NOT_EVALUABLE	GENE_MISSING_OR_LT3_ELIGIBLE_LABELS	GSE242230	UniProtKB:P21964	primary_tumor	Platelet	13	2	122	64	NA	NA	NA	NA	Author labels,predeclared coarse mapping	mean_donor(mean_cell(log1p(10000*counts/all_gene_library)))	NA	NA
PDAC	GSE242230	06_EXTERNAL	20260922T131800Z_author_identity_v4	PDAC_author_cell_identity_v4	sc_expression_source	NA	NA	COMT	author_source_label	21	25	equal_donor_mean_cellwise_log1p10k	0.2093816766334632	NA	NA	NA	NA	SC_SOURCE_DESCRIPTIVE	NA	DONE	Donor-equal descriptive expression	GSE242230	UniProtKB:P21964	primary_tumor	T/NK	25	21	9408	9383	0.1614690267615824	0.2040119971405074	0.1772415451528319	0.246151016416144	Author labels,predeclared coarse mapping	mean_donor(mean_cell(log1p(10000*counts/all_gene_library)))	0.0	0.2431560954441974
PDAC	GSE242230	06_EXTERNAL	20260922T131800Z_author_identity_v4	PDAC_author_cell_identity_v4	sc_expression_source	NA	NA	COQ3	author_source_label	1	25	equal_donor_mean_cellwise_log1p10k	NA	NA	NA	NA	NA	SC_SOURCE_DESCRIPTIVE	NA	NOT_EVALUABLE	GENE_MISSING_OR_LT3_ELIGIBLE_LABELS	GSE242230	UniProtKB:Q9NZJ6	primary_tumor	Acinar	17	1	91	20	NA	NA	NA	NA	Author labels,predeclared coarse mapping	mean_donor(mean_cell(log1p(10000*counts/all_gene_library)))	NA	NA
PDAC	GSE242230	06_EXTERNAL	20260922T131800Z_author_identity_v4	PDAC_author_cell_identity_v4	sc_expression_source	NA	NA	COQ3	author_source_label	15	25	equal_donor_mean_cellwise_log1p10k	0.0108342103748677	NA	NA	NA	NA	SC_SOURCE_DESCRIPTIVE	NA	DONE	Donor-equal descriptive expression	GSE242230	UniProtKB:Q9NZJ6	primary_tumor	B/Plasma	23	15	1740	1675	0.0095763080535245	0.0	0.0	0.0102661125440155	Author labels,predeclared coarse mapping	mean_donor(mean_cell(log1p(10000*counts/all_gene_library)))	0.0	0.2176426523466922
PDAC	GSE242230	06_EXTERNAL	20260922T131800Z_author_identity_v4	PDAC_author_cell_identity_v4	sc_expression_source	NA	NA	COQ3	author_source_label	3	25	equal_donor_mean_cellwise_log1p10k	0.0171102260829056	NA	NA	NA	NA	SC_SOURCE_DESCRIPTIVE	NA	DONE	Donor-equal descriptive expression	GSE242230	UniProtKB:Q9NZJ6	primary_tumor	Endothelial	18	3	274	186	0.0196859903381642	0.0191786147050472	0.0095893073525236	0.0256653391243585	Author labels,predeclared coarse mapping	mean_donor(mean_cell(log1p(10000*counts/all_gene_library)))	0.0	0.3437181721681865
PDAC	GSE242230	06_EXTERNAL	20260922T131800Z_author_identity_v4	PDAC_author_cell_identity_v4	sc_expression_source	NA	NA	COQ3	author_source_label	3	25	equal_donor_mean_cellwise_log1p10k	0.0	NA	NA	NA	NA	SC_SOURCE_DESCRIPTIVE	NA	DONE	Donor-equal descriptive expression	GSE242230	UniProtKB:Q9NZJ6	primary_tumor	Erythrocyte	12	3	1199	1158	0.0	0.0	0.0	0.0	Author labels,predeclared coarse mapping	mean_donor(mean_cell(log1p(10000*counts/all_gene_library)))	0.0	0.0
PDAC	GSE242230	06_EXTERNAL	20260922T131800Z_author_identity_v4	PDAC_author_cell_identity_v4	sc_expression_source	NA	NA	COQ3	author_source_label	7	25	equal_donor_mean_cellwise_log1p10k	0.0351094449243966	NA	NA	NA	NA	SC_SOURCE_DESCRIPTIVE	NA	DONE	Donor-equal descriptive expression	GSE242230	UniProtKB:Q9NZJ6	primary_tumor	Fibroblast/CAF	20	7	911	810	0.040649826630986	0.028113953893146	0.0096415487261372	0.0531031719652575	Author labels,predeclared coarse mapping	mean_donor(mean_cell(log1p(10000*counts/all_gene_library)))	0.196	0.7052948439594147
PDAC	GSE242230	06_EXTERNAL	20260922T131800Z_author_identity_v4	PDAC_author_cell_identity_v4	sc_expression_source	NA	NA	COQ3	author_source_label	23	25	equal_donor_mean_cellwise_log1p10k	0.0301687331317516	NA	NA	NA	NA	SC_SOURCE_DESCRIPTIVE	NA	DONE	Donor-equal descriptive expression	GSE242230	UniProtKB:Q9NZJ6	primary_tumor	Malignant (author)	25	23	10783	10759	0.0525413388886139	0.0254053788856814	0.0125427475286969	0.0330266446099382	Author labels,predeclared coarse mapping	mean_donor(mean_cell(log1p(10000*counts/all_gene_library)))	0.051	0.6060435296664736
PDAC	GSE242230	06_EXTERNAL	20260922T131800Z_author_identity_v4	PDAC_author_cell_identity_v4	sc_expression_source	NA	NA	COQ3	author_source_label	1	25	equal_donor_mean_cellwise_log1p10k	NA	NA	NA	NA	NA	SC_SOURCE_DESCRIPTIVE	NA	NOT_EVALUABLE	GENE_MISSING_OR_LT3_ELIGIBLE_LABELS	GSE242230	UniProtKB:Q9NZJ6	primary_tumor	Mast	11	1	91	23	NA	NA	NA	NA	Author labels,predeclared coarse mapping	mean_donor(mean_cell(log1p(10000*counts/all_gene_library)))	NA	NA
PDAC	GSE242230	06_EXTERNAL	20260922T131800Z_author_identity_v4	PDAC_author_cell_identity_v4	sc_expression_source	NA	NA	COQ3	author_source_label	20	25	equal_donor_mean_cellwise_log1p10k	0.0129628485872075	NA	NA	NA	NA	SC_SOURCE_DESCRIPTIVE	NA	DONE	Donor-equal descriptive expression	GSE242230	UniProtKB:Q9NZJ6	primary_tumor	Myeloid	25	20	6246	6224	0.0173334748941892	0.0102639898438928	0.004808240979079	0.0176269655879879	Author labels,predeclared coarse mapping	mean_donor(mean_cell(log1p(10000*counts/all_gene_library)))	0.0	0.2604037258712418
PDAC	GSE242230	06_EXTERNAL	20260922T131800Z_author_identity_v4	PDAC_author_cell_identity_v4	sc_expression_source	NA	NA	COQ3	author_source_label	6	25	equal_donor_mean_cellwise_log1p10k	0.0497798122658854	NA	NA	NA	NA	SC_SOURCE_DESCRIPTIVE	NA	DONE	Donor-equal descriptive expression	GSE242230	UniProtKB:Q9NZJ6	primary_tumor	Normal epithelial (author)	21	6	350	291	0.1037094700512991	0.0400625469338263	0.0285146969477997	0.0581450791756142	Author labels,predeclared coarse mapping	mean_donor(mean_cell(log1p(10000*counts/all_gene_library)))	0.753	1.0
PDAC	GSE242230	06_EXTERNAL	20260922T131800Z_author_identity_v4	PDAC_author_cell_identity_v4	sc_expression_source	NA	NA	COQ3	author_source_label	2	25	equal_donor_mean_cellwise_log1p10k	NA	NA	NA	NA	NA	SC_SOURCE_DESCRIPTIVE	NA	NOT_EVALUABLE	GENE_MISSING_OR_LT3_ELIGIBLE_LABELS	GSE242230	UniProtKB:Q9NZJ6	primary_tumor	Platelet	13	2	122	64	NA	NA	NA	NA	Author labels,predeclared coarse mapping	mean_donor(mean_cell(log1p(10000*counts/all_gene_library)))	NA	NA
PDAC	GSE242230	06_EXTERNAL	20260922T131800Z_author_identity_v4	PDAC_author_cell_identity_v4	sc_expression_source	NA	NA	COQ3	author_source_label	21	25	equal_donor_mean_cellwise_log1p10k	0.0152830701951011	NA	NA	NA	NA	SC_SOURCE_DESCRIPTIVE	NA	DONE	Donor-equal descriptive expression	GSE242230	UniProtKB:Q9NZJ6	primary_tumor	T/NK	25	21	9408	9383	0.0137963047949013	0.0171803726157719	0.0104934066196537	0.0244190083409438	Author labels,predeclared coarse mapping	mean_donor(mean_cell(log1p(10000*counts/all_gene_library)))	0.0	0.30701341566879997
PDAC	GSE242230	06_EXTERNAL	20260922T131800Z_author_identity_v4	PDAC_author_cell_identity_v4	sc_expression_source	NA	NA	COQ5	author_source_label	1	25	equal_donor_mean_cellwise_log1p10k	NA	NA	NA	NA	NA	SC_SOURCE_DESCRIPTIVE	NA	NOT_EVALUABLE	GENE_MISSING_OR_LT3_ELIGIBLE_LABELS	GSE242230	UniProtKB:Q5HYK3	primary_tumor	Acinar	17	1	91	20	NA	NA	NA	NA	Author labels,predeclared coarse mapping	mean_donor(mean_cell(log1p(10000*counts/all_gene_library)))	NA	NA
PDAC	GSE242230	06_EXTERNAL	20260922T131800Z_author_identity_v4	PDAC_author_cell_identity_v4	sc_expression_source	NA	NA	COQ5	author_source_label	15	25	equal_donor_mean_cellwise_log1p10k	0.043702333653677	NA	NA	NA	NA	SC_SOURCE_DESCRIPTIVE	NA	DONE	Donor-equal descriptive expression	GSE242230	UniProtKB:Q5HYK3	primary_tumor	B/Plasma	23	15	1740	1675	0.0368808080849881	0.0293632088470462	0.0181523527086766	0.0640389128669373	Author labels,predeclared coarse mapping	mean_donor(mean_cell(log1p(10000*counts/all_gene_library)))	0.0	0.2606636763107995
PDAC	GSE242230	06_EXTERNAL	20260922T131800Z_author_identity_v4	PDAC_author_cell_identity_v4	sc_expression_source	NA	NA	COQ5	author_source_label	3	25	equal_donor_mean_cellwise_log1p10k	0.0546657576909095	NA	NA	NA	NA	SC_SOURCE_DESCRIPTIVE	NA	DONE	Donor-equal descriptive expression	GSE242230	UniProtKB:Q5HYK3	primary_tumor	Endothelial	18	3	274	186	0.0700483091787439	0.0395078124509974	0.0197539062254987	0.0819986365363643	Author labels,predeclared coarse mapping	mean_donor(mean_cell(log1p(10000*counts/all_gene_library)))	0.0	0.32605529674795586
PDAC	GSE242230	06_EXTERNAL	20260922T131800Z_author_identity_v4	PDAC_author_cell_identity_v4	sc_expression_source	NA	NA	COQ5	author_source_label	3	25	equal_donor_mean_cellwise_log1p10k	0.0002698942798824	NA	NA	NA	NA	SC_SOURCE_DESCRIPTIVE	NA	DONE	Donor-equal descriptive expression	GSE242230	UniProtKB:Q5HYK3	primary_tumor	Erythrocyte	12	3	1199	1158	0.0002989536621823	0.0	0.0	0.0004048414198236	Author labels,predeclared coarse mapping	mean_donor(mean_cell(log1p(10000*counts/all_gene_library)))	0.0	0.0016097912703451943
PDAC	GSE242230	06_EXTERNAL	20260922T131800Z_author_identity_v4	PDAC_author_cell_identity_v4	sc_expression_source	NA	NA	COQ5	author_source_label	7	25	equal_donor_mean_cellwise_log1p10k	0.1073253100457905	NA	NA	NA	NA	SC_SOURCE_DESCRIPTIVE	NA	DONE	Donor-equal descriptive expression	GSE242230	UniProtKB:Q5HYK3	primary_tumor	Fibroblast/CAF	20	7	911	810	0.1645668277432815	0.0898459155957361	0.0860224653493694	0.1342326278038125	Author labels,predeclared coarse mapping	mean_donor(mean_cell(log1p(10000*counts/all_gene_library)))	0.049	0.6401445309403592
PDAC	GSE242230	06_EXTERNAL	20260922T131800Z_author_identity_v4	PDAC_author_cell_identity_v4	sc_expression_source	NA	NA	COQ5	author_source_label	23	25	equal_donor_mean_cellwise_log1p10k	0.0790555745872394	NA	NA	NA	NA	SC_SOURCE_DESCRIPTIVE	NA	DONE	Donor-equal descriptive expression	GSE242230	UniProtKB:Q5HYK3	primary_tumor	Malignant (author)	25	23	10783	10759	0.1399128114580928	0.0701828797330744	0.058572755706725	0.1027258659733626	Author labels,predeclared coarse mapping	mean_donor(mean_cell(log1p(10000*counts/all_gene_library)))	0.0	0.47152897756155926
PDAC	GSE242230	06_EXTERNAL	20260922T131800Z_author_identity_v4	PDAC_author_cell_identity_v4	sc_expression_source	NA	NA	COQ5	author_source_label	1	25	equal_donor_mean_cellwise_log1p10k	NA	NA	NA	NA	NA	SC_SOURCE_DESCRIPTIVE	NA	NOT_EVALUABLE	GENE_MISSING_OR_LT3_ELIGIBLE_LABELS	GSE242230	UniProtKB:Q5HYK3	primary_tumor	Mast	11	1	91	23	NA	NA	NA	NA	Author labels,predeclared coarse mapping	mean_donor(mean_cell(log1p(10000*counts/all_gene_library)))	NA	NA
PDAC	GSE242230	06_EXTERNAL	20260922T131800Z_author_identity_v4	PDAC_author_cell_identity_v4	sc_expression_source	NA	NA	COQ5	author_source_label	20	25	equal_donor_mean_cellwise_log1p10k	0.0654782921449049	NA	NA	NA	NA	SC_SOURCE_DESCRIPTIVE	NA	DONE	Donor-equal descriptive expression	GSE242230	UniProtKB:Q5HYK3	primary_tumor	Myeloid	25	20	6246	6224	0.0863851183305167	0.0583888621704106	0.0538698485764809	0.0740387026044833	Author labels,predeclared coarse mapping	mean_donor(mean_cell(log1p(10000*counts/all_gene_library)))	0.0	0.3905469324429867
PDAC	GSE242230	06_EXTERNAL	20260922T131800Z_author_identity_v4	PDAC_author_cell_identity_v4	sc_expression_source	NA	NA	COQ5	author_source_label	6	25	equal_donor_mean_cellwise_log1p10k	0.1676579348231435	NA	NA	NA	NA	SC_SOURCE_DESCRIPTIVE	NA	DONE	Donor-equal descriptive expression	GSE242230	UniProtKB:Q5HYK3	primary_tumor	Normal epithelial (author)	21	6	350	291	0.3085223413934058	0.1577518972655472	0.1402045449463109	0.190284706460143	Author labels,predeclared coarse mapping	mean_donor(mean_cell(log1p(10000*counts/all_gene_library)))	0.951	1.0
PDAC	GSE242230	06_EXTERNAL	20260922T131800Z_author_identity_v4	PDAC_author_cell_identity_v4	sc_expression_source	NA	NA	COQ5	author_source_label	2	25	equal_donor_mean_cellwise_log1p10k	NA	NA	NA	NA	NA	SC_SOURCE_DESCRIPTIVE	NA	NOT_EVALUABLE	GENE_MISSING_OR_LT3_ELIGIBLE_LABELS	GSE242230	UniProtKB:Q5HYK3	primary_tumor	Platelet	13	2	122	64	NA	NA	NA	NA	Author labels,predeclared coarse mapping	mean_donor(mean_cell(log1p(10000*counts/all_gene_library)))	NA	NA
PDAC	GSE242230	06_EXTERNAL	20260922T131800Z_author_identity_v4	PDAC_author_cell_identity_v4	sc_expression_source	NA	NA	COQ5	author_source_label	21	25	equal_donor_mean_cellwise_log1p10k	0.065173762521718	NA	NA	NA	NA	SC_SOURCE_DESCRIPTIVE	NA	DONE	Donor-equal descriptive expression	GSE242230	UniProtKB:Q5HYK3	primary_tumor	T/NK	25	21	9408	9383	0.0516604984324271	0.059444943924414	0.0508337234909042	0.0885071423331437	Author labels,predeclared coarse mapping	mean_donor(mean_cell(log1p(10000*counts/all_gene_library)))	0.0	0.38873055778998783
PDAC	GSE242230	06_EXTERNAL	20260922T131800Z_author_identity_v4	PDAC_author_cell_identity_v4	sc_expression_source	NA	NA	COQ7	author_source_label	1	25	equal_donor_mean_cellwise_log1p10k	NA	NA	NA	NA	NA	SC_SOURCE_DESCRIPTIVE	NA	NOT_EVALUABLE	GENE_MISSING_OR_LT3_ELIGIBLE_LABELS	GSE242230	UniProtKB:Q99807	primary_tumor	Acinar	17	1	91	20	NA	NA	NA	NA	Author labels,predeclared coarse mapping	mean_donor(mean_cell(log1p(10000*counts/all_gene_library)))	NA	NA
PDAC	GSE242230	06_EXTERNAL	20260922T131800Z_author_identity_v4	PDAC_author_cell_identity_v4	sc_expression_source	NA	NA	COQ7	author_source_label	15	25	equal_donor_mean_cellwise_log1p10k	0.1035486199541541	NA	NA	NA	NA	SC_SOURCE_DESCRIPTIVE	NA	DONE	Donor-equal descriptive expression	GSE242230	UniProtKB:Q99807	primary_tumor	B/Plasma	23	15	1740	1675	0.0774550662340082	0.1024735590781659	0.0720910287483181	0.1151809856668385	Author labels,predeclared coarse mapping	mean_donor(mean_cell(log1p(10000*counts/all_gene_library)))	0.002	0.5794971360707987
PDAC	GSE242230	06_EXTERNAL	20260922T131800Z_author_identity_v4	PDAC_author_cell_identity_v4	sc_expression_source	NA	NA	COQ7	author_source_label	3	25	equal_donor_mean_cellwise_log1p10k	0.0310225733680194	NA	NA	NA	NA	SC_SOURCE_DESCRIPTIVE	NA	DONE	Donor-equal descriptive expression	GSE242230	UniProtKB:Q99807	primary_tumor	Endothelial	18	3	274	186	0.0457729468599033	0.0216622453113411	0.0108311226556705	0.0465338600520291	Author labels,predeclared coarse mapping	mean_donor(mean_cell(log1p(10000*counts/all_gene_library)))	0.0	0.17361402236237397
PDAC	GSE242230	06_EXTERNAL	20260922T131800Z_author_identity_v4	PDAC_author_cell_identity_v4	sc_expression_source	NA	NA	COQ7	author_source_label	3	25	equal_donor_mean_cellwise_log1p10k	8.644181997373165e-05	NA	NA	NA	NA	SC_SOURCE_DESCRIPTIVE	NA	DONE	Donor-equal descriptive expression	GSE242230	UniProtKB:Q99807	primary_tumor	Erythrocyte	12	3	1199	1158	0.0002989536621823	0.0	0.0	0.0001296627299605	Author labels,predeclared coarse mapping	mean_donor(mean_cell(log1p(10000*counts/all_gene_library)))	0.0	0.0004837610306511425
PDAC	GSE242230	06_EXTERNAL	20260922T131800Z_author_identity_v4	PDAC_author_cell_identity_v4	sc_expression_source	NA	NA	COQ7	author_source_label	7	25	equal_donor_mean_cellwise_log1p10k	0.0755578556464406	NA	NA	NA	NA	SC_SOURCE_DESCRIPTIVE	NA	DONE	Donor-equal descriptive expression	GSE242230	UniProtKB:Q99807	primary_tumor	Fibroblast/CAF	20	7	911	810	0.1097799716412087	0.0792706522391693	0.0751070317325189	0.0824584681401626	Author labels,predeclared coarse mapping	mean_donor(mean_cell(log1p(10000*counts/all_gene_library)))	0.0	0.4228502608161181
PDAC	GSE242230	06_EXTERNAL	20260922T131800Z_author_identity_v4	PDAC_author_cell_identity_v4	sc_expression_source	NA	NA	COQ7	author_source_label	23	25	equal_donor_mean_cellwise_log1p10k	0.0711282867104738	NA	NA	NA	NA	SC_SOURCE_DESCRIPTIVE	NA	DONE	Donor-equal descriptive expression	GSE242230	UniProtKB:Q99807	primary_tumor	Malignant (author)	25	23	10783	10759	0.131182813749184	0.0652614369999343	0.0330948676057116	0.0946425525181678	Author labels,predeclared coarse mapping	mean_donor(mean_cell(log1p(10000*counts/all_gene_library)))	0.0	0.39806072220558486
PDAC	GSE242230	06_EXTERNAL	20260922T131800Z_author_identity_v4	PDAC_author_cell_identity_v4	sc_expression_source	NA	NA	COQ7	author_source_label	1	25	equal_donor_mean_cellwise_log1p10k	NA	NA	NA	NA	NA	SC_SOURCE_DESCRIPTIVE	NA	NOT_EVALUABLE	GENE_MISSING_OR_LT3_ELIGIBLE_LABELS	GSE242230	UniProtKB:Q99807	primary_tumor	Mast	11	1	91	23	NA	NA	NA	NA	Author labels,predeclared coarse mapping	mean_donor(mean_cell(log1p(10000*counts/all_gene_library)))	NA	NA
PDAC	GSE242230	06_EXTERNAL	20260922T131800Z_author_identity_v4	PDAC_author_cell_identity_v4	sc_expression_source	NA	NA	COQ7	author_source_label	20	25	equal_donor_mean_cellwise_log1p10k	0.1786870262314865	NA	NA	NA	NA	SC_SOURCE_DESCRIPTIVE	NA	DONE	Donor-equal descriptive expression	GSE242230	UniProtKB:Q99807	primary_tumor	Myeloid	25	20	6246	6224	0.1503880719503128	0.145787972458228	0.0924439683262253	0.2184807321697695	Author labels,predeclared coarse mapping	mean_donor(mean_cell(log1p(10000*counts/all_gene_library)))	0.988	1.0
PDAC	GSE242230	06_EXTERNAL	20260922T131800Z_author_identity_v4	PDAC_author_cell_identity_v4	sc_expression_source	NA	NA	COQ7	author_source_label	6	25	equal_donor_mean_cellwise_log1p10k	0.1006560568623045	NA	NA	NA	NA	SC_SOURCE_DESCRIPTIVE	NA	DONE	Donor-equal descriptive expression	GSE242230	UniProtKB:Q99807	primary_tumor	Normal epithelial (author)	21	6	350	291	0.1959477526194168	0.1224859924805504	0.0591734674648267	0.1391735111697198	Author labels,predeclared coarse mapping	mean_donor(mean_cell(log1p(10000*counts/all_gene_library)))	0.01	0.5633092619265263
PDAC	GSE242230	06_EXTERNAL	20260922T131800Z_author_identity_v4	PDAC_author_cell_identity_v4	sc_expression_source	NA	NA	COQ7	author_source_label	2	25	equal_donor_mean_cellwise_log1p10k	NA	NA	NA	NA	NA	SC_SOURCE_DESCRIPTIVE	NA	NOT_EVALUABLE	GENE_MISSING_OR_LT3_ELIGIBLE_LABELS	GSE242230	UniProtKB:Q99807	primary_tumor	Platelet	13	2	122	64	NA	NA	NA	NA	Author labels,predeclared coarse mapping	mean_donor(mean_cell(log1p(10000*counts/all_gene_library)))	NA	NA
PDAC	GSE242230	06_EXTERNAL	20260922T131800Z_author_identity_v4	PDAC_author_cell_identity_v4	sc_expression_source	NA	NA	COQ7	author_source_label	21	25	equal_donor_mean_cellwise_log1p10k	0.08367263190463	NA	NA	NA	NA	SC_SOURCE_DESCRIPTIVE	NA	DONE	Donor-equal descriptive expression	GSE242230	UniProtKB:Q99807	primary_tumor	T/NK	25	21	9408	9383	0.0674260960541116	0.070738069958538	0.0602704507433986	0.0999810922276229	Author labels,predeclared coarse mapping	mean_donor(mean_cell(log1p(10000*counts/all_gene_library)))	0.0	0.46826360967154546
PDAC	GSE242230	06_EXTERNAL	20260922T131800Z_author_identity_v4	PDAC_author_cell_identity_v4	sc_expression_source	NA	NA	CRAT	author_source_label	1	25	equal_donor_mean_cellwise_log1p10k	NA	NA	NA	NA	NA	SC_SOURCE_DESCRIPTIVE	NA	NOT_EVALUABLE	GENE_MISSING_OR_LT3_ELIGIBLE_LABELS	GSE242230	UniProtKB:P43155	primary_tumor	Acinar	17	1	91	20	NA	NA	NA	NA	Author labels,predeclared coarse mapping	mean_donor(mean_cell(log1p(10000*counts/all_gene_library)))	NA	NA
PDAC	GSE242230	06_EXTERNAL	20260922T131800Z_author_identity_v4	PDAC_author_cell_identity_v4	sc_expression_source	NA	NA	CRAT	author_source_label	15	25	equal_donor_mean_cellwise_log1p10k	0.0352622860771983	NA	NA	NA	NA	SC_SOURCE_DESCRIPTIVE	NA	DONE	Donor-equal descriptive expression	GSE242230	UniProtKB:P43155	primary_tumor	B/Plasma	23	15	1740	1675	0.0283812681105244	0.0357351632402442	0.0131113921080711	0.0502151545489422	Author labels,predeclared coarse mapping	mean_donor(mean_cell(log1p(10000*counts/all_gene_library)))	0.0	0.1393050248300846
PDAC	GSE242230	06_EXTERNAL	20260922T131800Z_author_identity_v4	PDAC_author_cell_identity_v4	sc_expression_source	NA	NA	CRAT	author_source_label	3	25	equal_donor_mean_cellwise_log1p10k	0.0913334380275162	NA	NA	NA	NA	SC_SOURCE_DESCRIPTIVE	NA	DONE	Donor-equal descriptive expression	GSE242230	UniProtKB:P43155	primary_tumor	Endothelial	18	3	274	186	0.0977258711069996	0.0802136966056005	0.0751619184360712	0.1019450869080033	Author labels,predeclared coarse mapping	mean_donor(mean_cell(log1p(10000*counts/all_gene_library)))	0.0	0.3608162790235929
PDAC	GSE242230	06_EXTERNAL	20260922T131800Z_author_identity_v4	PDAC_author_cell_identity_v4	sc_expression_source	NA	NA	CRAT	author_source_label	3	25	equal_donor_mean_cellwise_log1p10k	0.0301289761481549	NA	NA	NA	NA	SC_SOURCE_DESCRIPTIVE	NA	DONE	Donor-equal descriptive expression	GSE242230	UniProtKB:P43155	primary_tumor	Erythrocyte	12	3	1199	1158	0.0335510495873139	0.0417165189006065	0.0238029199869626	0.042248803685573	Author labels,predeclared coarse mapping	mean_donor(mean_cell(log1p(10000*counts/all_gene_library)))	0.0	0.11902568543727325
PDAC	GSE242230	06_EXTERNAL	20260922T131800Z_author_identity_v4	PDAC_author_cell_identity_v4	sc_expression_source	NA	NA	CRAT	author_source_label	7	25	equal_donor_mean_cellwise_log1p10k	0.1491464979350877	NA	NA	NA	NA	SC_SOURCE_DESCRIPTIVE	NA	DONE	Donor-equal descriptive expression	GSE242230	UniProtKB:P43155	primary_tumor	Fibroblast/CAF	20	7	911	810	0.2054261190577995	0.1587194477964862	0.0814507285145314	0.2259762241182957	Author labels,predeclared coarse mapping	mean_donor(mean_cell(log1p(10000*counts/all_gene_library)))	0.044	0.5892090079662339
PDAC	GSE242230	06_EXTERNAL	20260922T131800Z_author_identity_v4	PDAC_author_cell_identity_v4	sc_expression_source	NA	NA	CRAT	author_source_label	23	25	equal_donor_mean_cellwise_log1p10k	0.0871920343398419	NA	NA	NA	NA	SC_SOURCE_DESCRIPTIVE	NA	DONE	Donor-equal descriptive expression	GSE242230	UniProtKB:P43155	primary_tumor	Malignant (author)	25	23	10783	10759	0.1445740184787103	0.0801262326333107	0.0482660741897659	0.1001366951081912	Author labels,predeclared coarse mapping	mean_donor(mean_cell(log1p(10000*counts/all_gene_library)))	0.005	0.34445550359684246
PDAC	GSE242230	06_EXTERNAL	20260922T131800Z_author_identity_v4	PDAC_author_cell_identity_v4	sc_expression_source	NA	NA	CRAT	author_source_label	1	25	equal_donor_mean_cellwise_log1p10k	NA	NA	NA	NA	NA	SC_SOURCE_DESCRIPTIVE	NA	NOT_EVALUABLE	GENE_MISSING_OR_LT3_ELIGIBLE_LABELS	GSE242230	UniProtKB:P43155	primary_tumor	Mast	11	1	91	23	NA	NA	NA	NA	Author labels,predeclared coarse mapping	mean_donor(mean_cell(log1p(10000*counts/all_gene_library)))	NA	NA
PDAC	GSE242230	06_EXTERNAL	20260922T131800Z_author_identity_v4	PDAC_author_cell_identity_v4	sc_expression_source	NA	NA	CRAT	author_source_label	20	25	equal_donor_mean_cellwise_log1p10k	0.0673659604699891	NA	NA	NA	NA	SC_SOURCE_DESCRIPTIVE	NA	DONE	Donor-equal descriptive expression	GSE242230	UniProtKB:P43155	primary_tumor	Myeloid	25	20	6246	6224	0.0835712858615261	0.0539644642955653	0.04573730762364	0.0871195240250609	Author labels,predeclared coarse mapping	mean_donor(mean_cell(log1p(10000*counts/all_gene_library)))	0.0	0.26613183204938573
PDAC	GSE242230	06_EXTERNAL	20260922T131800Z_author_identity_v4	PDAC_author_cell_identity_v4	sc_expression_source	NA	NA	CRAT	author_source_label	6	25	equal_donor_mean_cellwise_log1p10k	0.2531300369115112	NA	NA	NA	NA	SC_SOURCE_DESCRIPTIVE	NA	DONE	Donor-equal descriptive expression	GSE242230	UniProtKB:P43155	primary_tumor	Normal epithelial (author)	21	6	350	291	0.4104859429259729	0.2249386642763734	0.2165849240429078	0.2812669837881779	Author labels,predeclared coarse mapping	mean_donor(mean_cell(log1p(10000*counts/all_gene_library)))	0.951	1.0
PDAC	GSE242230	06_EXTERNAL	20260922T131800Z_author_identity_v4	PDAC_author_cell_identity_v4	sc_expression_source	NA	NA	CRAT	author_source_label	2	25	equal_donor_mean_cellwise_log1p10k	NA	NA	NA	NA	NA	SC_SOURCE_DESCRIPTIVE	NA	NOT_EVALUABLE	GENE_MISSING_OR_LT3_ELIGIBLE_LABELS	GSE242230	UniProtKB:P43155	primary_tumor	Platelet	13	2	122	64	NA	NA	NA	NA	Author labels,predeclared coarse mapping	mean_donor(mean_cell(log1p(10000*counts/all_gene_library)))	NA	NA
PDAC	GSE242230	06_EXTERNAL	20260922T131800Z_author_identity_v4	PDAC_author_cell_identity_v4	sc_expression_source	NA	NA	CRAT	author_source_label	21	25	equal_donor_mean_cellwise_log1p10k	0.0332106492721122	NA	NA	NA	NA	SC_SOURCE_DESCRIPTIVE	NA	DONE	Donor-equal descriptive expression	GSE242230	UniProtKB:P43155	primary_tumor	T/NK	25	21	9408	9383	0.0274871775206908	0.0372847716764094	0.0267745949635252	0.0430284169159064	Author labels,predeclared coarse mapping	mean_donor(mean_cell(log1p(10000*counts/all_gene_library)))	0.0	0.13119995428958883
PDAC	GSE242230	06_EXTERNAL	20260922T131800Z_author_identity_v4	PDAC_author_cell_identity_v4	sc_expression_source	NA	NA	CRYL1	author_source_label	1	25	equal_donor_mean_cellwise_log1p10k	NA	NA	NA	NA	NA	SC_SOURCE_DESCRIPTIVE	NA	NOT_EVALUABLE	GENE_MISSING_OR_LT3_ELIGIBLE_LABELS	GSE242230	UniProtKB:Q9Y2S2	primary_tumor	Acinar	17	1	91	20	NA	NA	NA	NA	Author labels,predeclared coarse mapping	mean_donor(mean_cell(log1p(10000*counts/all_gene_library)))	NA	NA
PDAC	GSE242230	06_EXTERNAL	20260922T131800Z_author_identity_v4	PDAC_author_cell_identity_v4	sc_expression_source	NA	NA	CRYL1	author_source_label	15	25	equal_donor_mean_cellwise_log1p10k	0.0794938155737744	NA	NA	NA	NA	SC_SOURCE_DESCRIPTIVE	NA	DONE	Donor-equal descriptive expression	GSE242230	UniProtKB:Q9Y2S2	primary_tumor	B/Plasma	23	15	1740	1675	0.0602680975511931	0.0781931232072935	0.0620321311866939	0.0866648520462699	Author labels,predeclared coarse mapping	mean_donor(mean_cell(log1p(10000*counts/all_gene_library)))	0.0	0.4092322817884365
PDAC	GSE242230	06_EXTERNAL	20260922T131800Z_author_identity_v4	PDAC_author_cell_identity_v4	sc_expression_source	NA	NA	CRYL1	author_source_label	3	25	equal_donor_mean_cellwise_log1p10k	0.1942510870021511	NA	NA	NA	NA	SC_SOURCE_DESCRIPTIVE	NA	DONE	Donor-equal descriptive expression	GSE242230	UniProtKB:Q9Y2S2	primary_tumor	Endothelial	18	3	274	186	0.1625680953849316	0.1945462056154549	0.158226392298294	0.23042334101266	Author labels,predeclared coarse mapping	mean_donor(mean_cell(log1p(10000*counts/all_gene_library)))	0.392	1.0
PDAC	GSE242230	06_EXTERNAL	20260922T131800Z_author_identity_v4	PDAC_author_cell_identity_v4	sc_expression_source	NA	NA	CRYL1	author_source_label	3	25	equal_donor_mean_cellwise_log1p10k	0.0329052779748231	NA	NA	NA	NA	SC_SOURCE_DESCRIPTIVE	NA	DONE	Donor-equal descriptive expression	GSE242230	UniProtKB:Q9Y2S2	primary_tumor	Erythrocyte	12	3	1199	1158	0.031159420289855	0.0398962073044368	0.0199481036522184	0.0493579169622346	Author labels,predeclared coarse mapping	mean_donor(mean_cell(log1p(10000*counts/all_gene_library)))	0.0	0.16939559249137542
PDAC	GSE242230	06_EXTERNAL	20260922T131800Z_author_identity_v4	PDAC_author_cell_identity_v4	sc_expression_source	NA	NA	CRYL1	author_source_label	7	25	equal_donor_mean_cellwise_log1p10k	0.1508769260418021	NA	NA	NA	NA	SC_SOURCE_DESCRIPTIVE	NA	DONE	Donor-equal descriptive expression	GSE242230	UniProtKB:Q9Y2S2	primary_tumor	Fibroblast/CAF	20	7	911	810	0.1941788022535771	0.1552792095069133	0.1310666097643207	0.1717478463612306	Author labels,predeclared coarse mapping	mean_donor(mean_cell(log1p(10000*counts/all_gene_library)))	0.016	0.7767108455878619
PDAC	GSE242230	06_EXTERNAL	20260922T131800Z_author_identity_v4	PDAC_author_cell_identity_v4	sc_expression_source	NA	NA	CRYL1	author_source_label	23	25	equal_donor_mean_cellwise_log1p10k	0.169041794814527	NA	NA	NA	NA	SC_SOURCE_DESCRIPTIVE	NA	DONE	Donor-equal descriptive expression	GSE242230	UniProtKB:Q9Y2S2	primary_tumor	Malignant (author)	25	23	10783	10759	0.2331334361670378	0.1777056782735848	0.0942798608086848	0.2265646670866313	Author labels,predeclared coarse mapping	mean_donor(mean_cell(log1p(10000*counts/all_gene_library)))	0.188	0.8702231602578113
PDAC	GSE242230	06_EXTERNAL	20260922T131800Z_author_identity_v4	PDAC_author_cell_identity_v4	sc_expression_source	NA	NA	CRYL1	author_source_label	1	25	equal_donor_mean_cellwise_log1p10k	NA	NA	NA	NA	NA	SC_SOURCE_DESCRIPTIVE	NA	NOT_EVALUABLE	GENE_MISSING_OR_LT3_ELIGIBLE_LABELS	GSE242230	UniProtKB:Q9Y2S2	primary_tumor	Mast	11	1	91	23	NA	NA	NA	NA	Author labels,predeclared coarse mapping	mean_donor(mean_cell(log1p(10000*counts/all_gene_library)))	NA	NA
PDAC	GSE242230	06_EXTERNAL	20260922T131800Z_author_identity_v4	PDAC_author_cell_identity_v4	sc_expression_source	NA	NA	CRYL1	author_source_label	20	25	equal_donor_mean_cellwise_log1p10k	0.1492131440677604	NA	NA	NA	NA	SC_SOURCE_DESCRIPTIVE	NA	DONE	Donor-equal descriptive expression	GSE242230	UniProtKB:Q9Y2S2	primary_tumor	Myeloid	25	20	6246	6224	0.1595119850310135	0.1472800607642228	0.1085883732958731	0.1597476916140425	Author labels,predeclared coarse mapping	mean_donor(mean_cell(log1p(10000*counts/all_gene_library)))	0.007	0.7681457353497746
PDAC	GSE242230	06_EXTERNAL	20260922T131800Z_author_identity_v4	PDAC_author_cell_identity_v4	sc_expression_source	NA	NA	CRYL1	author_source_label	6	25	equal_donor_mean_cellwise_log1p10k	0.1763108435448053	NA	NA	NA	NA	SC_SOURCE_DESCRIPTIVE	NA	DONE	Donor-equal descriptive expression	GSE242230	UniProtKB:Q9Y2S2	primary_tumor	Normal epithelial (author)	21	6	350	291	0.3343845171431378	0.1826430807854661	0.1359938531109744	0.2221187893331124	Author labels,predeclared coarse mapping	mean_donor(mean_cell(log1p(10000*counts/all_gene_library)))	0.397	0.9076440511390954
PDAC	GSE242230	06_EXTERNAL	20260922T131800Z_author_identity_v4	PDAC_author_cell_identity_v4	sc_expression_source	NA	NA	CRYL1	author_source_label	2	25	equal_donor_mean_cellwise_log1p10k	NA	NA	NA	NA	NA	SC_SOURCE_DESCRIPTIVE	NA	NOT_EVALUABLE	GENE_MISSING_OR_LT3_ELIGIBLE_LABELS	GSE242230	UniProtKB:Q9Y2S2	primary_tumor	Platelet	13	2	122	64	NA	NA	NA	NA	Author labels,predeclared coarse mapping	mean_donor(mean_cell(log1p(10000*counts/all_gene_library)))	NA	NA
PDAC	GSE242230	06_EXTERNAL	20260922T131800Z_author_identity_v4	PDAC_author_cell_identity_v4	sc_expression_source	NA	NA	CRYL1	author_source_label	21	25	equal_donor_mean_cellwise_log1p10k	0.0761318158998858	NA	NA	NA	NA	SC_SOURCE_DESCRIPTIVE	NA	DONE	Donor-equal descriptive expression	GSE242230	UniProtKB:Q9Y2S2	primary_tumor	T/NK	25	21	9408	9383	0.0638745163520917	0.0882208119516606	0.0476158207469983	0.1062996379122014	Author labels,predeclared coarse mapping	mean_donor(mean_cell(log1p(10000*counts/all_gene_library)))	0.0	0.3919247870105495
PDAC	GSE242230	06_EXTERNAL	20260922T131800Z_author_identity_v4	PDAC_author_cell_identity_v4	sc_expression_source	NA	NA	CRYM	author_source_label	1	25	equal_donor_mean_cellwise_log1p10k	NA	NA	NA	NA	NA	SC_SOURCE_DESCRIPTIVE	NA	NOT_EVALUABLE	GENE_MISSING_OR_LT3_ELIGIBLE_LABELS	GSE242230	UniProtKB:Q14894	primary_tumor	Acinar	17	1	91	20	NA	NA	NA	NA	Author labels,predeclared coarse mapping	mean_donor(mean_cell(log1p(10000*counts/all_gene_library)))	NA	NA
PDAC	GSE242230	06_EXTERNAL	20260922T131800Z_author_identity_v4	PDAC_author_cell_identity_v4	sc_expression_source	NA	NA	CRYM	author_source_label	15	25	equal_donor_mean_cellwise_log1p10k	0.0086674640845147	NA	NA	NA	NA	SC_SOURCE_DESCRIPTIVE	NA	DONE	Donor-equal descriptive expression	GSE242230	UniProtKB:Q14894	primary_tumor	B/Plasma	23	15	1740	1675	0.0074825385292069	0.0	0.0	0.0120740298284155	Author labels,predeclared coarse mapping	mean_donor(mean_cell(log1p(10000*counts/all_gene_library)))	0.02	0.2539364605812451
PDAC	GSE242230	06_EXTERNAL	20260922T131800Z_author_identity_v4	PDAC_author_cell_identity_v4	sc_expression_source	NA	NA	CRYM	author_source_label	3	25	equal_donor_mean_cellwise_log1p10k	0.0015441525804448	NA	NA	NA	NA	SC_SOURCE_DESCRIPTIVE	NA	DONE	Donor-equal descriptive expression	GSE242230	UniProtKB:Q14894	primary_tumor	Endothelial	18	3	274	186	0.0028985507246376	0.0	0.0	0.0023162288706672	Author labels,predeclared coarse mapping	mean_donor(mean_cell(log1p(10000*counts/all_gene_library)))	0.0	0.0452400652661607
PDAC	GSE242230	06_EXTERNAL	20260922T131800Z_author_identity_v4	PDAC_author_cell_identity_v4	sc_expression_source	NA	NA	CRYM	author_source_label	3	25	equal_donor_mean_cellwise_log1p10k	0.0	NA	NA	NA	NA	SC_SOURCE_DESCRIPTIVE	NA	DONE	Donor-equal descriptive expression	GSE242230	UniProtKB:Q14894	primary_tumor	Erythrocyte	12	3	1199	1158	0.0	0.0	0.0	0.0	Author labels,predeclared coarse mapping	mean_donor(mean_cell(log1p(10000*counts/all_gene_library)))	0.0	0.0
PDAC	GSE242230	06_EXTERNAL	20260922T131800Z_author_identity_v4	PDAC_author_cell_identity_v4	sc_expression_source	NA	NA	CRYM	author_source_label	7	25	equal_donor_mean_cellwise_log1p10k	0.0014917782048436	NA	NA	NA	NA	SC_SOURCE_DESCRIPTIVE	NA	DONE	Donor-equal descriptive expression	GSE242230	UniProtKB:Q14894	primary_tumor	Fibroblast/CAF	20	7	911	810	0.00171743574277	0.0	0.0	0.0017007330116512	Author labels,predeclared coarse mapping	mean_donor(mean_cell(log1p(10000*counts/all_gene_library)))	0.0	0.043705618346549825
PDAC	GSE242230	06_EXTERNAL	20260922T131800Z_author_identity_v4	PDAC_author_cell_identity_v4	sc_expression_source	NA	NA	CRYM	author_source_label	23	25	equal_donor_mean_cellwise_log1p10k	0.0341324127487459	NA	NA	NA	NA	SC_SOURCE_DESCRIPTIVE	NA	DONE	Donor-equal descriptive expression	GSE242230	UniProtKB:Q14894	primary_tumor	Malignant (author)	25	23	10783	10759	0.0521201977378249	0.0068318800509142	0.0	0.0270717549134654	Author labels,predeclared coarse mapping	mean_donor(mean_cell(log1p(10000*counts/all_gene_library)))	0.938	1.0
PDAC	GSE242230	06_EXTERNAL	20260922T131800Z_author_identity_v4	PDAC_author_cell_identity_v4	sc_expression_source	NA	NA	CRYM	author_source_label	1	25	equal_donor_mean_cellwise_log1p10k	NA	NA	NA	NA	NA	SC_SOURCE_DESCRIPTIVE	NA	NOT_EVALUABLE	GENE_MISSING_OR_LT3_ELIGIBLE_LABELS	GSE242230	UniProtKB:Q14894	primary_tumor	Mast	11	1	91	23	NA	NA	NA	NA	Author labels,predeclared coarse mapping	mean_donor(mean_cell(log1p(10000*counts/all_gene_library)))	NA	NA
PDAC	GSE242230	06_EXTERNAL	20260922T131800Z_author_identity_v4	PDAC_author_cell_identity_v4	sc_expression_source	NA	NA	CRYM	author_source_label	20	25	equal_donor_mean_cellwise_log1p10k	0.0017811273019888	NA	NA	NA	NA	SC_SOURCE_DESCRIPTIVE	NA	DONE	Donor-equal descriptive expression	GSE242230	UniProtKB:Q14894	primary_tumor	Myeloid	25	20	6246	6224	0.0017616096094586	0.0	0.0	0.001435831200551	Author labels,predeclared coarse mapping	mean_donor(mean_cell(log1p(10000*counts/all_gene_library)))	0.0	0.0521828713106208
PDAC	GSE242230	06_EXTERNAL	20260922T131800Z_author_identity_v4	PDAC_author_cell_identity_v4	sc_expression_source	NA	NA	CRYM	author_source_label	6	25	equal_donor_mean_cellwise_log1p10k	0.0102867322635605	NA	NA	NA	NA	SC_SOURCE_DESCRIPTIVE	NA	DONE	Donor-equal descriptive expression	GSE242230	UniProtKB:Q14894	primary_tumor	Normal epithelial (author)	21	6	350	291	0.0263532763532763	0.0029198207381463	0.0	0.0063222857801056	Author labels,predeclared coarse mapping	mean_donor(mean_cell(log1p(10000*counts/all_gene_library)))	0.042	0.3013772375039165
PDAC	GSE242230	06_EXTERNAL	20260922T131800Z_author_identity_v4	PDAC_author_cell_identity_v4	sc_expression_source	NA	NA	CRYM	author_source_label	2	25	equal_donor_mean_cellwise_log1p10k	NA	NA	NA	NA	NA	SC_SOURCE_DESCRIPTIVE	NA	NOT_EVALUABLE	GENE_MISSING_OR_LT3_ELIGIBLE_LABELS	GSE242230	UniProtKB:Q14894	primary_tumor	Platelet	13	2	122	64	NA	NA	NA	NA	Author labels,predeclared coarse mapping	mean_donor(mean_cell(log1p(10000*counts/all_gene_library)))	NA	NA
PDAC	GSE242230	06_EXTERNAL	20260922T131800Z_author_identity_v4	PDAC_author_cell_identity_v4	sc_expression_source	NA	NA	CRYM	author_source_label	21	25	equal_donor_mean_cellwise_log1p10k	6.167762741754814e-05	NA	NA	NA	NA	SC_SOURCE_DESCRIPTIVE	NA	DONE	Donor-equal descriptive expression	GSE242230	UniProtKB:Q14894	primary_tumor	T/NK	25	21	9408	9383	6.4263222157959e-05	0.0	0.0	0.0	Author labels,predeclared coarse mapping	mean_donor(mean_cell(log1p(10000*counts/all_gene_library)))	0.0	0.0018070104762756426
PDAC	GSE242230	06_EXTERNAL	20260922T131800Z_author_identity_v4	PDAC_author_cell_identity_v4	sc_expression_source	NA	NA	CS	author_source_label	1	25	equal_donor_mean_cellwise_log1p10k	NA	NA	NA	NA	NA	SC_SOURCE_DESCRIPTIVE	NA	NOT_EVALUABLE	GENE_MISSING_OR_LT3_ELIGIBLE_LABELS	GSE242230	UniProtKB:O75390	primary_tumor	Acinar	17	1	91	20	NA	NA	NA	NA	Author labels,predeclared coarse mapping	mean_donor(mean_cell(log1p(10000*counts/all_gene_library)))	NA	NA
PDAC	GSE242230	06_EXTERNAL	20260922T131800Z_author_identity_v4	PDAC_author_cell_identity_v4	sc_expression_source	NA	NA	CS	author_source_label	15	25	equal_donor_mean_cellwise_log1p10k	0.1541538843474085	NA	NA	NA	NA	SC_SOURCE_DESCRIPTIVE	NA	DONE	Donor-equal descriptive expression	GSE242230	UniProtKB:O75390	primary_tumor	B/Plasma	23	15	1740	1675	0.1235270778443104	0.1514224455849486	0.107253563148657	0.1868674857564995	Author labels,predeclared coarse mapping	mean_donor(mean_cell(log1p(10000*counts/all_gene_library)))	0.0	0.5736037020900288
PDAC	GSE242230	06_EXTERNAL	20260922T131800Z_author_identity_v4	PDAC_author_cell_identity_v4	sc_expression_source	NA	NA	CS	author_source_label	3	25	equal_donor_mean_cellwise_log1p10k	0.1027815865161092	NA	NA	NA	NA	SC_SOURCE_DESCRIPTIVE	NA	DONE	Donor-equal descriptive expression	GSE242230	UniProtKB:O75390	primary_tumor	Endothelial	18	3	274	186	0.1393051701099804	0.1232498139973841	0.0833822495682601	0.1324150372045958	Author labels,predeclared coarse mapping	mean_donor(mean_cell(log1p(10000*counts/all_gene_library)))	0.0	0.3824483488165696
PDAC	GSE242230	06_EXTERNAL	20260922T131800Z_author_identity_v4	PDAC_author_cell_identity_v4	sc_expression_source	NA	NA	CS	author_source_label	3	25	equal_donor_mean_cellwise_log1p10k	0.0009835309880427	NA	NA	NA	NA	SC_SOURCE_DESCRIPTIVE	NA	DONE	Donor-equal descriptive expression	GSE242230	UniProtKB:O75390	primary_tumor	Erythrocyte	12	3	1199	1158	0.000896860986547	0.0	0.0	0.001475296482064	Author labels,predeclared coarse mapping	mean_donor(mean_cell(log1p(10000*counts/all_gene_library)))	0.0	0.0036597002939617496
PDAC	GSE242230	06_EXTERNAL	20260922T131800Z_author_identity_v4	PDAC_author_cell_identity_v4	sc_expression_source	NA	NA	CS	author_source_label	7	25	equal_donor_mean_cellwise_log1p10k	0.1840975670370634	NA	NA	NA	NA	SC_SOURCE_DESCRIPTIVE	NA	DONE	Donor-equal descriptive expression	GSE242230	UniProtKB:O75390	primary_tumor	Fibroblast/CAF	20	7	911	810	0.2340845002755019	0.2073693073461857	0.1592924463762015	0.2108266455213669	Author labels,predeclared coarse mapping	mean_donor(mean_cell(log1p(10000*counts/all_gene_library)))	0.013	0.685023581762259
PDAC	GSE242230	06_EXTERNAL	20260922T131800Z_author_identity_v4	PDAC_author_cell_identity_v4	sc_expression_source	NA	NA	CS	author_source_label	23	25	equal_donor_mean_cellwise_log1p10k	0.1868476596451924	NA	NA	NA	NA	SC_SOURCE_DESCRIPTIVE	NA	DONE	Donor-equal descriptive expression	GSE242230	UniProtKB:O75390	primary_tumor	Malignant (author)	25	23	10783	10759	0.2754137211335158	0.1936565536274915	0.1405703758050224	0.2334937501994986	Author labels,predeclared coarse mapping	mean_donor(mean_cell(log1p(10000*counts/all_gene_library)))	0.016	0.6952566245933962
PDAC	GSE242230	06_EXTERNAL	20260922T131800Z_author_identity_v4	PDAC_author_cell_identity_v4	sc_expression_source	NA	NA	CS	author_source_label	1	25	equal_donor_mean_cellwise_log1p10k	NA	NA	NA	NA	NA	SC_SOURCE_DESCRIPTIVE	NA	NOT_EVALUABLE	GENE_MISSING_OR_LT3_ELIGIBLE_LABELS	GSE242230	UniProtKB:O75390	primary_tumor	Mast	11	1	91	23	NA	NA	NA	NA	Author labels,predeclared coarse mapping	mean_donor(mean_cell(log1p(10000*counts/all_gene_library)))	NA	NA
PDAC	GSE242230	06_EXTERNAL	20260922T131800Z_author_identity_v4	PDAC_author_cell_identity_v4	sc_expression_source	NA	NA	CS	author_source_label	20	25	equal_donor_mean_cellwise_log1p10k	0.1985158855902271	NA	NA	NA	NA	SC_SOURCE_DESCRIPTIVE	NA	DONE	Donor-equal descriptive expression	GSE242230	UniProtKB:O75390	primary_tumor	Myeloid	25	20	6246	6224	0.2125323291465774	0.2049800132079222	0.1668307244171145	0.2236784886206243	Author labels,predeclared coarse mapping	mean_donor(mean_cell(log1p(10000*counts/all_gene_library)))	0.019	0.7386738737092946
PDAC	GSE242230	06_EXTERNAL	20260922T131800Z_author_identity_v4	PDAC_author_cell_identity_v4	sc_expression_source	NA	NA	CS	author_source_label	6	25	equal_donor_mean_cellwise_log1p10k	0.2687463204747825	NA	NA	NA	NA	SC_SOURCE_DESCRIPTIVE	NA	DONE	Donor-equal descriptive expression	GSE242230	UniProtKB:O75390	primary_tumor	Normal epithelial (author)	21	6	350	291	0.4273655907089191	0.2546382269184652	0.2387279217384009	0.2903072009820882	Author labels,predeclared coarse mapping	mean_donor(mean_cell(log1p(10000*counts/all_gene_library)))	0.951	1.0
PDAC	GSE242230	06_EXTERNAL	20260922T131800Z_author_identity_v4	PDAC_author_cell_identity_v4	sc_expression_source	NA	NA	CS	author_source_label	2	25	equal_donor_mean_cellwise_log1p10k	NA	NA	NA	NA	NA	SC_SOURCE_DESCRIPTIVE	NA	NOT_EVALUABLE	GENE_MISSING_OR_LT3_ELIGIBLE_LABELS	GSE242230	UniProtKB:O75390	primary_tumor	Platelet	13	2	122	64	NA	NA	NA	NA	Author labels,predeclared coarse mapping	mean_donor(mean_cell(log1p(10000*counts/all_gene_library)))	NA	NA
PDAC	GSE242230	06_EXTERNAL	20260922T131800Z_author_identity_v4	PDAC_author_cell_identity_v4	sc_expression_source	NA	NA	CS	author_source_label	21	25	equal_donor_mean_cellwise_log1p10k	0.1693204393960493	NA	NA	NA	NA	SC_SOURCE_DESCRIPTIVE	NA	DONE	Donor-equal descriptive expression	GSE242230	UniProtKB:O75390	primary_tumor	T/NK	25	21	9408	9383	0.1351112401706257	0.1678658316287957	0.1413619351286562	0.1986716217271729	Author labels,predeclared coarse mapping	mean_donor(mean_cell(log1p(10000*counts/all_gene_library)))	0.001	0.630038167953028
PDAC	GSE242230	06_EXTERNAL	20260922T131800Z_author_identity_v4	PDAC_author_cell_identity_v4	sc_expression_source	NA	NA	CSAD	author_source_label	1	25	equal_donor_mean_cellwise_log1p10k	NA	NA	NA	NA	NA	SC_SOURCE_DESCRIPTIVE	NA	NOT_EVALUABLE	GENE_MISSING_OR_LT3_ELIGIBLE_LABELS	GSE242230	UniProtKB:Q9Y600	primary_tumor	Acinar	17	1	91	20	NA	NA	NA	NA	Author labels,predeclared coarse mapping	mean_donor(mean_cell(log1p(10000*counts/all_gene_library)))	NA	NA
PDAC	GSE242230	06_EXTERNAL	20260922T131800Z_author_identity_v4	PDAC_author_cell_identity_v4	sc_expression_source	NA	NA	CSAD	author_source_label	15	25	equal_donor_mean_cellwise_log1p10k	0.0373044606123355	NA	NA	NA	NA	SC_SOURCE_DESCRIPTIVE	NA	DONE	Donor-equal descriptive expression	GSE242230	UniProtKB:Q9Y600	primary_tumor	B/Plasma	23	15	1740	1675	0.0294096487518082	0.0311453381857375	0.010220947566213	0.0601640924580222	Author labels,predeclared coarse mapping	mean_donor(mean_cell(log1p(10000*counts/all_gene_library)))	0.001	0.4778786392220725
PDAC	GSE242230	06_EXTERNAL	20260922T131800Z_author_identity_v4	PDAC_author_cell_identity_v4	sc_expression_source	NA	NA	CSAD	author_source_label	3	25	equal_donor_mean_cellwise_log1p10k	0.0780626241697318	NA	NA	NA	NA	SC_SOURCE_DESCRIPTIVE	NA	DONE	Donor-equal descriptive expression	GSE242230	UniProtKB:Q9Y600	primary_tumor	Endothelial	18	3	274	186	0.0615607976153767	0.0786618602084379	0.057538269205961	0.0988865971528556	Author labels,predeclared coarse mapping	mean_donor(mean_cell(log1p(10000*counts/all_gene_library)))	0.287	1.0
PDAC	GSE242230	06_EXTERNAL	20260922T131800Z_author_identity_v4	PDAC_author_cell_identity_v4	sc_expression_source	NA	NA	CSAD	author_source_label	3	25	equal_donor_mean_cellwise_log1p10k	0.0002211850211879	NA	NA	NA	NA	SC_SOURCE_DESCRIPTIVE	NA	DONE	Donor-equal descriptive expression	GSE242230	UniProtKB:Q9Y600	primary_tumor	Erythrocyte	12	3	1199	1158	0.0002989536621823	0.0	0.0	0.0003317775317819	Author labels,predeclared coarse mapping	mean_donor(mean_cell(log1p(10000*counts/all_gene_library)))	0.0	0.002833430512238184
PDAC	GSE242230	06_EXTERNAL	20260922T131800Z_author_identity_v4	PDAC_author_cell_identity_v4	sc_expression_source	NA	NA	CSAD	author_source_label	7	25	equal_donor_mean_cellwise_log1p10k	0.074549782547116	NA	NA	NA	NA	SC_SOURCE_DESCRIPTIVE	NA	DONE	Donor-equal descriptive expression	GSE242230	UniProtKB:Q9Y600	primary_tumor	Fibroblast/CAF	20	7	911	810	0.1110612262056507	0.0755258454332558	0.056907707975408	0.1054670734096642	Author labels,predeclared coarse mapping	mean_donor(mean_cell(log1p(10000*counts/all_gene_library)))	0.393	0.9549996985115717
PDAC	GSE242230	06_EXTERNAL	20260922T131800Z_author_identity_v4	PDAC_author_cell_identity_v4	sc_expression_source	NA	NA	CSAD	author_source_label	23	25	equal_donor_mean_cellwise_log1p10k	0.0566634886902204	NA	NA	NA	NA	SC_SOURCE_DESCRIPTIVE	NA	DONE	Donor-equal descriptive expression	GSE242230	UniProtKB:Q9Y600	primary_tumor	Malignant (author)	25	23	10783	10759	0.0970637746594916	0.0640509425616041	0.0292490951264284	0.0787499563003207	Author labels,predeclared coarse mapping	mean_donor(mean_cell(log1p(10000*counts/all_gene_library)))	0.02	0.7258721993129107
PDAC	GSE242230	06_EXTERNAL	20260922T131800Z_author_identity_v4	PDAC_author_cell_identity_v4	sc_expression_source	NA	NA	CSAD	author_source_label	1	25	equal_donor_mean_cellwise_log1p10k	NA	NA	NA	NA	NA	SC_SOURCE_DESCRIPTIVE	NA	NOT_EVALUABLE	GENE_MISSING_OR_LT3_ELIGIBLE_LABELS	GSE242230	UniProtKB:Q9Y600	primary_tumor	Mast	11	1	91	23	NA	NA	NA	NA	Author labels,predeclared coarse mapping	mean_donor(mean_cell(log1p(10000*counts/all_gene_library)))	NA	NA
PDAC	GSE242230	06_EXTERNAL	20260922T131800Z_author_identity_v4	PDAC_author_cell_identity_v4	sc_expression_source	NA	NA	CSAD	author_source_label	20	25	equal_donor_mean_cellwise_log1p10k	0.0558895524867529	NA	NA	NA	NA	SC_SOURCE_DESCRIPTIVE	NA	DONE	Donor-equal descriptive expression	GSE242230	UniProtKB:Q9Y600	primary_tumor	Myeloid	25	20	6246	6224	0.0586860171499048	0.0413862186542801	0.0319051480150014	0.0674714993941814	Author labels,predeclared coarse mapping	mean_donor(mean_cell(log1p(10000*counts/all_gene_library)))	0.014	0.7159579002267727
PDAC	GSE242230	06_EXTERNAL	20260922T131800Z_author_identity_v4	PDAC_author_cell_identity_v4	sc_expression_source	NA	NA	CSAD	author_source_label	6	25	equal_donor_mean_cellwise_log1p10k	0.07430584593863	NA	NA	NA	NA	SC_SOURCE_DESCRIPTIVE	NA	DONE	Donor-equal descriptive expression	GSE242230	UniProtKB:Q9Y600	primary_tumor	Normal epithelial (author)	21	6	350	291	0.1488599717235399	0.0747614816171251	0.0610482827043636	0.0863753423513403	Author labels,predeclared coarse mapping	mean_donor(mean_cell(log1p(10000*counts/all_gene_library)))	0.285	0.9518748149827321
PDAC	GSE242230	06_EXTERNAL	20260922T131800Z_author_identity_v4	PDAC_author_cell_identity_v4	sc_expression_source	NA	NA	CSAD	author_source_label	2	25	equal_donor_mean_cellwise_log1p10k	NA	NA	NA	NA	NA	SC_SOURCE_DESCRIPTIVE	NA	NOT_EVALUABLE	GENE_MISSING_OR_LT3_ELIGIBLE_LABELS	GSE242230	UniProtKB:Q9Y600	primary_tumor	Platelet	13	2	122	64	NA	NA	NA	NA	Author labels,predeclared coarse mapping	mean_donor(mean_cell(log1p(10000*counts/all_gene_library)))	NA	NA
PDAC	GSE242230	06_EXTERNAL	20260922T131800Z_author_identity_v4	PDAC_author_cell_identity_v4	sc_expression_source	NA	NA	CSAD	author_source_label	21	25	equal_donor_mean_cellwise_log1p10k	0.0438597872544818	NA	NA	NA	NA	SC_SOURCE_DESCRIPTIVE	NA	DONE	Donor-equal descriptive expression	GSE242230	UniProtKB:Q9Y600	primary_tumor	T/NK	25	21	9408	9383	0.0325091458914509	0.0458432048423802	0.0281261431534552	0.0532954497872319	Author labels,predeclared coarse mapping	mean_donor(mean_cell(log1p(10000*counts/all_gene_library)))	0.0	0.5618538669558089
PDAC	GSE242230	06_EXTERNAL	20260922T131800Z_author_identity_v4	PDAC_author_cell_identity_v4	sc_expression_source	NA	NA	CSKMT	author_source_label	1	25	equal_donor_mean_cellwise_log1p10k	NA	NA	NA	NA	NA	SC_SOURCE_DESCRIPTIVE	NA	NOT_EVALUABLE	GENE_MISSING_OR_LT3_ELIGIBLE_LABELS	GSE242230	UniProtKB:A8MUP2	primary_tumor	Acinar	17	1	91	20	NA	NA	NA	NA	Author labels,predeclared coarse mapping	mean_donor(mean_cell(log1p(10000*counts/all_gene_library)))	NA	NA
PDAC	GSE242230	06_EXTERNAL	20260922T131800Z_author_identity_v4	PDAC_author_cell_identity_v4	sc_expression_source	NA	NA	CSKMT	author_source_label	15	25	equal_donor_mean_cellwise_log1p10k	0.0911900378004073	NA	NA	NA	NA	SC_SOURCE_DESCRIPTIVE	NA	DONE	Donor-equal descriptive expression	GSE242230	UniProtKB:A8MUP2	primary_tumor	B/Plasma	23	15	1740	1675	0.0662364322671417	0.0861630855788346	0.0491721256249076	0.1426568091957191	Author labels,predeclared coarse mapping	mean_donor(mean_cell(log1p(10000*counts/all_gene_library)))	0.0	0.6331220893619919
PDAC	GSE242230	06_EXTERNAL	20260922T131800Z_author_identity_v4	PDAC_author_cell_identity_v4	sc_expression_source	NA	NA	CSKMT	author_source_label	3	25	equal_donor_mean_cellwise_log1p10k	0.0304638879602202	NA	NA	NA	NA	SC_SOURCE_DESCRIPTIVE	NA	DONE	Donor-equal descriptive expression	GSE242230	UniProtKB:A8MUP2	primary_tumor	Endothelial	18	3	274	186	0.0257786000616712	0.0267367567346269	0.0133683783673134	0.0456958319403303	Author labels,predeclared coarse mapping	mean_donor(mean_cell(log1p(10000*counts/all_gene_library)))	0.0	0.2115073187893568
PDAC	GSE242230	06_EXTERNAL	20260922T131800Z_author_identity_v4	PDAC_author_cell_identity_v4	sc_expression_source	NA	NA	CSKMT	author_source_label	3	25	equal_donor_mean_cellwise_log1p10k	0.000964851047778	NA	NA	NA	NA	SC_SOURCE_DESCRIPTIVE	NA	DONE	Donor-equal descriptive expression	GSE242230	UniProtKB:A8MUP2	primary_tumor	Erythrocyte	12	3	1199	1158	0.0005979073243647	0.0	0.0	0.0014472765716671	Author labels,predeclared coarse mapping	mean_donor(mean_cell(log1p(10000*counts/all_gene_library)))	0.0	0.006698851388014075
PDAC	GSE242230	06_EXTERNAL	20260922T131800Z_author_identity_v4	PDAC_author_cell_identity_v4	sc_expression_source	NA	NA	CSKMT	author_source_label	7	25	equal_donor_mean_cellwise_log1p10k	0.0512823035574216	NA	NA	NA	NA	SC_SOURCE_DESCRIPTIVE	NA	DONE	Donor-equal descriptive expression	GSE242230	UniProtKB:A8MUP2	primary_tumor	Fibroblast/CAF	20	7	911	810	0.0666857988181916	0.0558342725835517	0.0383910962552838	0.0668954771642977	Author labels,predeclared coarse mapping	mean_donor(mean_cell(log1p(10000*counts/all_gene_library)))	0.0	0.3560472169847665
PDAC	GSE242230	06_EXTERNAL	20260922T131800Z_author_identity_v4	PDAC_author_cell_identity_v4	sc_expression_source	NA	NA	CSKMT	author_source_label	23	25	equal_donor_mean_cellwise_log1p10k	0.0701505061939644	NA	NA	NA	NA	SC_SOURCE_DESCRIPTIVE	NA	DONE	Donor-equal descriptive expression	GSE242230	UniProtKB:A8MUP2	primary_tumor	Malignant (author)	25	23	10783	10759	0.1157735499604591	0.0611918324230341	0.0414227592769059	0.1168022685612337	Author labels,predeclared coarse mapping	mean_donor(mean_cell(log1p(10000*counts/all_gene_library)))	0.0	0.48704700779415316
PDAC	GSE242230	06_EXTERNAL	20260922T131800Z_author_identity_v4	PDAC_author_cell_identity_v4	sc_expression_source	NA	NA	CSKMT	author_source_label	1	25	equal_donor_mean_cellwise_log1p10k	NA	NA	NA	NA	NA	SC_SOURCE_DESCRIPTIVE	NA	NOT_EVALUABLE	GENE_MISSING_OR_LT3_ELIGIBLE_LABELS	GSE242230	UniProtKB:A8MUP2	primary_tumor	Mast	11	1	91	23	NA	NA	NA	NA	Author labels,predeclared coarse mapping	mean_donor(mean_cell(log1p(10000*counts/all_gene_library)))	NA	NA
PDAC	GSE242230	06_EXTERNAL	20260922T131800Z_author_identity_v4	PDAC_author_cell_identity_v4	sc_expression_source	NA	NA	CSKMT	author_source_label	20	25	equal_donor_mean_cellwise_log1p10k	0.0698390381545454	NA	NA	NA	NA	SC_SOURCE_DESCRIPTIVE	NA	DONE	Donor-equal descriptive expression	GSE242230	UniProtKB:A8MUP2	primary_tumor	Myeloid	25	20	6246	6224	0.0745276772413273	0.0580460558012947	0.0442908359626161	0.0792859863655401	Author labels,predeclared coarse mapping	mean_donor(mean_cell(log1p(10000*counts/all_gene_library)))	0.0	0.4848845205242382
PDAC	GSE242230	06_EXTERNAL	20260922T131800Z_author_identity_v4	PDAC_author_cell_identity_v4	sc_expression_source	NA	NA	CSKMT	author_source_label	6	25	equal_donor_mean_cellwise_log1p10k	0.1440323111965673	NA	NA	NA	NA	SC_SOURCE_DESCRIPTIVE	NA	DONE	Donor-equal descriptive expression	GSE242230	UniProtKB:A8MUP2	primary_tumor	Normal epithelial (author)	21	6	350	291	0.218429246915004	0.1191523932194471	0.081581133334311	0.1981890430605903	Author labels,predeclared coarse mapping	mean_donor(mean_cell(log1p(10000*counts/all_gene_library)))	0.517	1.0
PDAC	GSE242230	06_EXTERNAL	20260922T131800Z_author_identity_v4	PDAC_author_cell_identity_v4	sc_expression_source	NA	NA	CSKMT	author_source_label	2	25	equal_donor_mean_cellwise_log1p10k	NA	NA	NA	NA	NA	SC_SOURCE_DESCRIPTIVE	NA	NOT_EVALUABLE	GENE_MISSING_OR_LT3_ELIGIBLE_LABELS	GSE242230	UniProtKB:A8MUP2	primary_tumor	Platelet	13	2	122	64	NA	NA	NA	NA	Author labels,predeclared coarse mapping	mean_donor(mean_cell(log1p(10000*counts/all_gene_library)))	NA	NA
PDAC	GSE242230	06_EXTERNAL	20260922T131800Z_author_identity_v4	PDAC_author_cell_identity_v4	sc_expression_source	NA	NA	CSKMT	author_source_label	21	25	equal_donor_mean_cellwise_log1p10k	0.1388754930679573	NA	NA	NA	NA	SC_SOURCE_DESCRIPTIVE	NA	DONE	Donor-equal descriptive expression	GSE242230	UniProtKB:A8MUP2	primary_tumor	T/NK	25	21	9408	9383	0.0991118008811911	0.1350812015969483	0.1058207263939085	0.1539244473281977	Author labels,predeclared coarse mapping	mean_donor(mean_cell(log1p(10000*counts/all_gene_library)))	0.483	0.9641967966370251
PDAC	GSE242230	06_EXTERNAL	20260922T131800Z_author_identity_v4	PDAC_author_cell_identity_v4	sc_expression_source	NA	NA	CTH	author_source_label	1	25	equal_donor_mean_cellwise_log1p10k	NA	NA	NA	NA	NA	SC_SOURCE_DESCRIPTIVE	NA	NOT_EVALUABLE	GENE_MISSING_OR_LT3_ELIGIBLE_LABELS	GSE242230	UniProtKB:P32929	primary_tumor	Acinar	17	1	91	20	NA	NA	NA	NA	Author labels,predeclared coarse mapping	mean_donor(mean_cell(log1p(10000*counts/all_gene_library)))	NA	NA
PDAC	GSE242230	06_EXTERNAL	20260922T131800Z_author_identity_v4	PDAC_author_cell_identity_v4	sc_expression_source	NA	NA	CTH	author_source_label	15	25	equal_donor_mean_cellwise_log1p10k	0.0096192581676038	NA	NA	NA	NA	SC_SOURCE_DESCRIPTIVE	NA	DONE	Donor-equal descriptive expression	GSE242230	UniProtKB:P32929	primary_tumor	B/Plasma	23	15	1740	1675	0.0091225001754274	0.0	0.0	0.0067588748355476	Author labels,predeclared coarse mapping	mean_donor(mean_cell(log1p(10000*counts/all_gene_library)))	0.016	0.3744844026331316
PDAC	GSE242230	06_EXTERNAL	20260922T131800Z_author_identity_v4	PDAC_author_cell_identity_v4	sc_expression_source	NA	NA	CTH	author_source_label	3	25	equal_donor_mean_cellwise_log1p10k	0.0256866723953452	NA	NA	NA	NA	SC_SOURCE_DESCRIPTIVE	NA	DONE	Donor-equal descriptive expression	GSE242230	UniProtKB:P32929	primary_tumor	Endothelial	18	3	274	186	0.0167874396135265	0.0066251854280759	0.0033125927140379	0.0385300085930178	Author labels,predeclared coarse mapping	mean_donor(mean_cell(log1p(10000*counts/all_gene_library)))	0.364	1.0
PDAC	GSE242230	06_EXTERNAL	20260922T131800Z_author_identity_v4	PDAC_author_cell_identity_v4	sc_expression_source	NA	NA	CTH	author_source_label	3	25	equal_donor_mean_cellwise_log1p10k	0.0005611173017573	NA	NA	NA	NA	SC_SOURCE_DESCRIPTIVE	NA	DONE	Donor-equal descriptive expression	GSE242230	UniProtKB:P32929	primary_tumor	Erythrocyte	12	3	1199	1158	0.000896860986547	0.0	0.0	0.000841675952636	Author labels,predeclared coarse mapping	mean_donor(mean_cell(log1p(10000*counts/all_gene_library)))	0.0	0.021844686346331983
PDAC	GSE242230	06_EXTERNAL	20260922T131800Z_author_identity_v4	PDAC_author_cell_identity_v4	sc_expression_source	NA	NA	CTH	author_source_label	7	25	equal_donor_mean_cellwise_log1p10k	0.0161799073942378	NA	NA	NA	NA	SC_SOURCE_DESCRIPTIVE	NA	DONE	Donor-equal descriptive expression	GSE242230	UniProtKB:P32929	primary_tumor	Fibroblast/CAF	20	7	911	810	0.0281879767964059	0.0145380106875803	0.0070210417494465	0.0190874634507923	Author labels,predeclared coarse mapping	mean_donor(mean_cell(log1p(10000*counts/all_gene_library)))	0.187	0.6298950344837128
PDAC	GSE242230	06_EXTERNAL	20260922T131800Z_author_identity_v4	PDAC_author_cell_identity_v4	sc_expression_source	NA	NA	CTH	author_source_label	23	25	equal_donor_mean_cellwise_log1p10k	0.0192190243701807	NA	NA	NA	NA	SC_SOURCE_DESCRIPTIVE	NA	DONE	Donor-equal descriptive expression	GSE242230	UniProtKB:P32929	primary_tumor	Malignant (author)	25	23	10783	10759	0.0383939035019813	0.0138822083976249	0.0057173688501635	0.028938986747764	Author labels,predeclared coarse mapping	mean_donor(mean_cell(log1p(10000*counts/all_gene_library)))	0.432	0.7482099695273673
PDAC	GSE242230	06_EXTERNAL	20260922T131800Z_author_identity_v4	PDAC_author_cell_identity_v4	sc_expression_source	NA	NA	CTH	author_source_label	1	25	equal_donor_mean_cellwise_log1p10k	NA	NA	NA	NA	NA	SC_SOURCE_DESCRIPTIVE	NA	NOT_EVALUABLE	GENE_MISSING_OR_LT3_ELIGIBLE_LABELS	GSE242230	UniProtKB:P32929	primary_tumor	Mast	11	1	91	23	NA	NA	NA	NA	Author labels,predeclared coarse mapping	mean_donor(mean_cell(log1p(10000*counts/all_gene_library)))	NA	NA
PDAC	GSE242230	06_EXTERNAL	20260922T131800Z_author_identity_v4	PDAC_author_cell_identity_v4	sc_expression_source	NA	NA	CTH	author_source_label	20	25	equal_donor_mean_cellwise_log1p10k	0.0082740817051774	NA	NA	NA	NA	SC_SOURCE_DESCRIPTIVE	NA	DONE	Donor-equal descriptive expression	GSE242230	UniProtKB:P32929	primary_tumor	Myeloid	25	20	6246	6224	0.0095864333884119	0.0042245017561554	0.0	0.0085005090481123	Author labels,predeclared coarse mapping	mean_donor(mean_cell(log1p(10000*counts/all_gene_library)))	0.0	0.3221157485029779
PDAC	GSE242230	06_EXTERNAL	20260922T131800Z_author_identity_v4	PDAC_author_cell_identity_v4	sc_expression_source	NA	NA	CTH	author_source_label	6	25	equal_donor_mean_cellwise_log1p10k	0.0068305705830655	NA	NA	NA	NA	SC_SOURCE_DESCRIPTIVE	NA	DONE	Donor-equal descriptive expression	GSE242230	UniProtKB:P32929	primary_tumor	Normal epithelial (author)	21	6	350	291	0.0260792146661711	0.0029010630550453	0.0	0.0121827442686506	Author labels,predeclared coarse mapping	mean_donor(mean_cell(log1p(10000*counts/all_gene_library)))	0.0	0.2659188577615565
PDAC	GSE242230	06_EXTERNAL	20260922T131800Z_author_identity_v4	PDAC_author_cell_identity_v4	sc_expression_source	NA	NA	CTH	author_source_label	2	25	equal_donor_mean_cellwise_log1p10k	NA	NA	NA	NA	NA	SC_SOURCE_DESCRIPTIVE	NA	NOT_EVALUABLE	GENE_MISSING_OR_LT3_ELIGIBLE_LABELS	GSE242230	UniProtKB:P32929	primary_tumor	Platelet	13	2	122	64	NA	NA	NA	NA	Author labels,predeclared coarse mapping	mean_donor(mean_cell(log1p(10000*counts/all_gene_library)))	NA	NA
PDAC	GSE242230	06_EXTERNAL	20260922T131800Z_author_identity_v4	PDAC_author_cell_identity_v4	sc_expression_source	NA	NA	CTH	author_source_label	21	25	equal_donor_mean_cellwise_log1p10k	0.009082689332449	NA	NA	NA	NA	SC_SOURCE_DESCRIPTIVE	NA	DONE	Donor-equal descriptive expression	GSE242230	UniProtKB:P32929	primary_tumor	T/NK	25	21	9408	9383	0.007822260871435	0.0070940064394275	0.0	0.0096700584389663	Author labels,predeclared coarse mapping	mean_donor(mean_cell(log1p(10000*counts/all_gene_library)))	0.001	0.3535954051446117
PDAC	GSE242230	06_EXTERNAL	20260922T131800Z_author_identity_v4	PDAC_author_cell_identity_v4	sc_expression_source	NA	NA	CTPS1	author_source_label	1	25	equal_donor_mean_cellwise_log1p10k	NA	NA	NA	NA	NA	SC_SOURCE_DESCRIPTIVE	NA	NOT_EVALUABLE	GENE_MISSING_OR_LT3_ELIGIBLE_LABELS	GSE242230	UniProtKB:P17812	primary_tumor	Acinar	17	1	91	20	NA	NA	NA	NA	Author labels,predeclared coarse mapping	mean_donor(mean_cell(log1p(10000*counts/all_gene_library)))	NA	NA
PDAC	GSE242230	06_EXTERNAL	20260922T131800Z_author_identity_v4	PDAC_author_cell_identity_v4	sc_expression_source	NA	NA	CTPS1	author_source_label	15	25	equal_donor_mean_cellwise_log1p10k	0.0246619232854267	NA	NA	NA	NA	SC_SOURCE_DESCRIPTIVE	NA	DONE	Donor-equal descriptive expression	GSE242230	UniProtKB:P17812	primary_tumor	B/Plasma	23	15	1740	1675	0.0241495792746486	0.0176588226478933	0.0	0.0413671000174687	Author labels,predeclared coarse mapping	mean_donor(mean_cell(log1p(10000*counts/all_gene_library)))	0.0	0.27445458456768856
PDAC	GSE242230	06_EXTERNAL	20260922T131800Z_author_identity_v4	PDAC_author_cell_identity_v4	sc_expression_source	NA	NA	CTPS1	author_source_label	3	25	equal_donor_mean_cellwise_log1p10k	0.047500897797212	NA	NA	NA	NA	SC_SOURCE_DESCRIPTIVE	NA	DONE	Donor-equal descriptive expression	GSE242230	UniProtKB:P17812	primary_tumor	Endothelial	18	3	274	186	0.0625603864734299	0.0454507236420992	0.0227253618210496	0.071251346695818	Author labels,predeclared coarse mapping	mean_donor(mean_cell(log1p(10000*counts/all_gene_library)))	0.06	0.5286221605932017
PDAC	GSE242230	06_EXTERNAL	20260922T131800Z_author_identity_v4	PDAC_author_cell_identity_v4	sc_expression_source	NA	NA	CTPS1	author_source_label	3	25	equal_donor_mean_cellwise_log1p10k	0.0006400570314222	NA	NA	NA	NA	SC_SOURCE_DESCRIPTIVE	NA	DONE	Donor-equal descriptive expression	GSE242230	UniProtKB:P17812	primary_tumor	Erythrocyte	12	3	1199	1158	0.0005979073243647	0.0	0.0	0.0009600855471334	Author labels,predeclared coarse mapping	mean_donor(mean_cell(log1p(10000*counts/all_gene_library)))	0.0	0.007122988123250442
PDAC	GSE242230	06_EXTERNAL	20260922T131800Z_author_identity_v4	PDAC_author_cell_identity_v4	sc_expression_source	NA	NA	CTPS1	author_source_label	7	25	equal_donor_mean_cellwise_log1p10k	0.0312423439818366	NA	NA	NA	NA	SC_SOURCE_DESCRIPTIVE	NA	DONE	Donor-equal descriptive expression	GSE242230	UniProtKB:P17812	primary_tumor	Fibroblast/CAF	20	7	911	810	0.0459043372750587	0.0291597223622161	0.0204052337093252	0.0451069843646918	Author labels,predeclared coarse mapping	mean_donor(mean_cell(log1p(10000*counts/all_gene_library)))	0.001	0.347685962656559
PDAC	GSE242230	06_EXTERNAL	20260922T131800Z_author_identity_v4	PDAC_author_cell_identity_v4	sc_expression_source	NA	NA	CTPS1	author_source_label	23	25	equal_donor_mean_cellwise_log1p10k	0.0383552713382246	NA	NA	NA	NA	SC_SOURCE_DESCRIPTIVE	NA	DONE	Donor-equal descriptive expression	GSE242230	UniProtKB:P17812	primary_tumor	Malignant (author)	25	23	10783	10759	0.0745986051828829	0.0372369212899789	0.0216431672949283	0.0497368668150899	Author labels,predeclared coarse mapping	mean_donor(mean_cell(log1p(10000*counts/all_gene_library)))	0.0	0.4268434354969356
PDAC	GSE242230	06_EXTERNAL	20260922T131800Z_author_identity_v4	PDAC_author_cell_identity_v4	sc_expression_source	NA	NA	CTPS1	author_source_label	1	25	equal_donor_mean_cellwise_log1p10k	NA	NA	NA	NA	NA	SC_SOURCE_DESCRIPTIVE	NA	NOT_EVALUABLE	GENE_MISSING_OR_LT3_ELIGIBLE_LABELS	GSE242230	UniProtKB:P17812	primary_tumor	Mast	11	1	91	23	NA	NA	NA	NA	Author labels,predeclared coarse mapping	mean_donor(mean_cell(log1p(10000*counts/all_gene_library)))	NA	NA
PDAC	GSE242230	06_EXTERNAL	20260922T131800Z_author_identity_v4	PDAC_author_cell_identity_v4	sc_expression_source	NA	NA	CTPS1	author_source_label	20	25	equal_donor_mean_cellwise_log1p10k	0.0276123292477032	NA	NA	NA	NA	SC_SOURCE_DESCRIPTIVE	NA	DONE	Donor-equal descriptive expression	GSE242230	UniProtKB:P17812	primary_tumor	Myeloid	25	20	6246	6224	0.0379077643010862	0.0272159922075131	0.017689964931499	0.0358641051459056	Author labels,predeclared coarse mapping	mean_donor(mean_cell(log1p(10000*counts/all_gene_library)))	0.0	0.30728870027354394
PDAC	GSE242230	06_EXTERNAL	20260922T131800Z_author_identity_v4	PDAC_author_cell_identity_v4	sc_expression_source	NA	NA	CTPS1	author_source_label	6	25	equal_donor_mean_cellwise_log1p10k	0.0898579388800275	NA	NA	NA	NA	SC_SOURCE_DESCRIPTIVE	NA	DONE	Donor-equal descriptive expression	GSE242230	UniProtKB:P17812	primary_tumor	Normal epithelial (author)	21	6	350	291	0.168595509937339	0.0740310496893805	0.0434353299993293	0.0927592205194798	Author labels,predeclared coarse mapping	mean_donor(mean_cell(log1p(10000*counts/all_gene_library)))	0.754	1.0
PDAC	GSE242230	06_EXTERNAL	20260922T131800Z_author_identity_v4	PDAC_author_cell_identity_v4	sc_expression_source	NA	NA	CTPS1	author_source_label	2	25	equal_donor_mean_cellwise_log1p10k	NA	NA	NA	NA	NA	SC_SOURCE_DESCRIPTIVE	NA	NOT_EVALUABLE	GENE_MISSING_OR_LT3_ELIGIBLE_LABELS	GSE242230	UniProtKB:P17812	primary_tumor	Platelet	13	2	122	64	NA	NA	NA	NA	Author labels,predeclared coarse mapping	mean_donor(mean_cell(log1p(10000*counts/all_gene_library)))	NA	NA
PDAC	GSE242230	06_EXTERNAL	20260922T131800Z_author_identity_v4	PDAC_author_cell_identity_v4	sc_expression_source	NA	NA	CTPS1	author_source_label	21	25	equal_donor_mean_cellwise_log1p10k	0.0579800848750043	NA	NA	NA	NA	SC_SOURCE_DESCRIPTIVE	NA	DONE	Donor-equal descriptive expression	GSE242230	UniProtKB:P17812	primary_tumor	T/NK	25	21	9408	9383	0.0443793403388828	0.0566214391398532	0.0375085613729044	0.069387949519068	Author labels,predeclared coarse mapping	mean_donor(mean_cell(log1p(10000*counts/all_gene_library)))	0.185	0.6452416514072903
PDAC	GSE242230	06_EXTERNAL	20260922T131800Z_author_identity_v4	PDAC_author_cell_identity_v4	sc_expression_source	NA	NA	CTPS2	author_source_label	1	25	equal_donor_mean_cellwise_log1p10k	NA	NA	NA	NA	NA	SC_SOURCE_DESCRIPTIVE	NA	NOT_EVALUABLE	GENE_MISSING_OR_LT3_ELIGIBLE_LABELS	GSE242230	UniProtKB:Q9NRF8	primary_tumor	Acinar	17	1	91	20	NA	NA	NA	NA	Author labels,predeclared coarse mapping	mean_donor(mean_cell(log1p(10000*counts/all_gene_library)))	NA	NA
PDAC	GSE242230	06_EXTERNAL	20260922T131800Z_author_identity_v4	PDAC_author_cell_identity_v4	sc_expression_source	NA	NA	CTPS2	author_source_label	15	25	equal_donor_mean_cellwise_log1p10k	0.0142603073277887	NA	NA	NA	NA	SC_SOURCE_DESCRIPTIVE	NA	DONE	Donor-equal descriptive expression	GSE242230	UniProtKB:Q9NRF8	primary_tumor	B/Plasma	23	15	1740	1675	0.013208926785739	0.0091402639147474	0.0	0.0213148852154755	Author labels,predeclared coarse mapping	mean_donor(mean_cell(log1p(10000*counts/all_gene_library)))	0.0	0.19904203077982274
PDAC	GSE242230	06_EXTERNAL	20260922T131800Z_author_identity_v4	PDAC_author_cell_identity_v4	sc_expression_source	NA	NA	CTPS2	author_source_label	3	25	equal_donor_mean_cellwise_log1p10k	0.0305724444516998	NA	NA	NA	NA	SC_SOURCE_DESCRIPTIVE	NA	DONE	Donor-equal descriptive expression	GSE242230	UniProtKB:Q9NRF8	primary_tumor	Endothelial	18	3	274	186	0.039975845410628	0.0321520635436697	0.0160760317718348	0.0458586666775498	Author labels,predeclared coarse mapping	mean_donor(mean_cell(log1p(10000*counts/all_gene_library)))	0.004	0.4267230214394871
PDAC	GSE242230	06_EXTERNAL	20260922T131800Z_author_identity_v4	PDAC_author_cell_identity_v4	sc_expression_source	NA	NA	CTPS2	author_source_label	3	25	equal_donor_mean_cellwise_log1p10k	0.0	NA	NA	NA	NA	SC_SOURCE_DESCRIPTIVE	NA	DONE	Donor-equal descriptive expression	GSE242230	UniProtKB:Q9NRF8	primary_tumor	Erythrocyte	12	3	1199	1158	0.0	0.0	0.0	0.0	Author labels,predeclared coarse mapping	mean_donor(mean_cell(log1p(10000*counts/all_gene_library)))	0.0	0.0
PDAC	GSE242230	06_EXTERNAL	20260922T131800Z_author_identity_v4	PDAC_author_cell_identity_v4	sc_expression_source	NA	NA	CTPS2	author_source_label	7	25	equal_donor_mean_cellwise_log1p10k	0.0422421731610613	NA	NA	NA	NA	SC_SOURCE_DESCRIPTIVE	NA	DONE	Donor-equal descriptive expression	GSE242230	UniProtKB:Q9NRF8	primary_tumor	Fibroblast/CAF	20	7	911	810	0.0695281424271363	0.0435783067730899	0.0307195202336979	0.0592351365212743	Author labels,predeclared coarse mapping	mean_donor(mean_cell(log1p(10000*counts/all_gene_library)))	0.007	0.5896063624201261
PDAC	GSE242230	06_EXTERNAL	20260922T131800Z_author_identity_v4	PDAC_author_cell_identity_v4	sc_expression_source	NA	NA	CTPS2	author_source_label	23	25	equal_donor_mean_cellwise_log1p10k	0.057682767783944	NA	NA	NA	NA	SC_SOURCE_DESCRIPTIVE	NA	DONE	Donor-equal descriptive expression	GSE242230	UniProtKB:Q9NRF8	primary_tumor	Malignant (author)	25	23	10783	10759	0.1148816542955296	0.0590238825756939	0.0335415688820812	0.0737357360879469	Author labels,predeclared coarse mapping	mean_donor(mean_cell(log1p(10000*counts/all_gene_library)))	0.183	0.8051225669129752
PDAC	GSE242230	06_EXTERNAL	20260922T131800Z_author_identity_v4	PDAC_author_cell_identity_v4	sc_expression_source	NA	NA	CTPS2	author_source_label	1	25	equal_donor_mean_cellwise_log1p10k	NA	NA	NA	NA	NA	SC_SOURCE_DESCRIPTIVE	NA	NOT_EVALUABLE	GENE_MISSING_OR_LT3_ELIGIBLE_LABELS	GSE242230	UniProtKB:Q9NRF8	primary_tumor	Mast	11	1	91	23	NA	NA	NA	NA	Author labels,predeclared coarse mapping	mean_donor(mean_cell(log1p(10000*counts/all_gene_library)))	NA	NA
PDAC	GSE242230	06_EXTERNAL	20260922T131800Z_author_identity_v4	PDAC_author_cell_identity_v4	sc_expression_source	NA	NA	CTPS2	author_source_label	20	25	equal_donor_mean_cellwise_log1p10k	0.0187255057529677	NA	NA	NA	NA	SC_SOURCE_DESCRIPTIVE	NA	DONE	Donor-equal descriptive expression	GSE242230	UniProtKB:Q9NRF8	primary_tumor	Myeloid	25	20	6246	6224	0.0213498093453459	0.0140173781460233	0.0106217753288711	0.0237788121490446	Author labels,predeclared coarse mapping	mean_donor(mean_cell(log1p(10000*counts/all_gene_library)))	0.0	0.26136622491907424
PDAC	GSE242230	06_EXTERNAL	20260922T131800Z_author_identity_v4	PDAC_author_cell_identity_v4	sc_expression_source	NA	NA	CTPS2	author_source_label	6	25	equal_donor_mean_cellwise_log1p10k	0.07164470374382	NA	NA	NA	NA	SC_SOURCE_DESCRIPTIVE	NA	DONE	Donor-equal descriptive expression	GSE242230	UniProtKB:Q9NRF8	primary_tumor	Normal epithelial (author)	21	6	350	291	0.1420049056668247	0.0699409118985341	0.0525576361730978	0.0855607680270977	Author labels,predeclared coarse mapping	mean_donor(mean_cell(log1p(10000*counts/all_gene_library)))	0.806	1.0
PDAC	GSE242230	06_EXTERNAL	20260922T131800Z_author_identity_v4	PDAC_author_cell_identity_v4	sc_expression_source	NA	NA	CTPS2	author_source_label	2	25	equal_donor_mean_cellwise_log1p10k	NA	NA	NA	NA	NA	SC_SOURCE_DESCRIPTIVE	NA	NOT_EVALUABLE	GENE_MISSING_OR_LT3_ELIGIBLE_LABELS	GSE242230	UniProtKB:Q9NRF8	primary_tumor	Platelet	13	2	122	64	NA	NA	NA	NA	Author labels,predeclared coarse mapping	mean_donor(mean_cell(log1p(10000*counts/all_gene_library)))	NA	NA
PDAC	GSE242230	06_EXTERNAL	20260922T131800Z_author_identity_v4	PDAC_author_cell_identity_v4	sc_expression_source	NA	NA	CTPS2	author_source_label	21	25	equal_donor_mean_cellwise_log1p10k	0.0122338674558189	NA	NA	NA	NA	SC_SOURCE_DESCRIPTIVE	NA	DONE	Donor-equal descriptive expression	GSE242230	UniProtKB:Q9NRF8	primary_tumor	T/NK	25	21	9408	9383	0.0089406015614332	0.0106803456951084	0.0065453374506423	0.0163878014868192	Author labels,predeclared coarse mapping	mean_donor(mean_cell(log1p(10000*counts/all_gene_library)))	0.0	0.17075745751651855
PDAC	GSE242230	06_EXTERNAL	20260922T131800Z_author_identity_v4	PDAC_author_cell_identity_v4	sc_expression_source	NA	NA	CYB5R3	author_source_label	1	25	equal_donor_mean_cellwise_log1p10k	NA	NA	NA	NA	NA	SC_SOURCE_DESCRIPTIVE	NA	NOT_EVALUABLE	GENE_MISSING_OR_LT3_ELIGIBLE_LABELS	GSE242230	UniProtKB:P00387	primary_tumor	Acinar	17	1	91	20	NA	NA	NA	NA	Author labels,predeclared coarse mapping	mean_donor(mean_cell(log1p(10000*counts/all_gene_library)))	NA	NA
PDAC	GSE242230	06_EXTERNAL	20260922T131800Z_author_identity_v4	PDAC_author_cell_identity_v4	sc_expression_source	NA	NA	CYB5R3	author_source_label	15	25	equal_donor_mean_cellwise_log1p10k	0.2536992982059908	NA	NA	NA	NA	SC_SOURCE_DESCRIPTIVE	NA	DONE	Donor-equal descriptive expression	GSE242230	UniProtKB:P00387	primary_tumor	B/Plasma	23	15	1740	1675	0.1874040307060271	0.253259184095725	0.1813644558154759	0.3201244043369906	Author labels,predeclared coarse mapping	mean_donor(mean_cell(log1p(10000*counts/all_gene_library)))	0.0	0.26725439796601036
PDAC	GSE242230	06_EXTERNAL	20260922T131800Z_author_identity_v4	PDAC_author_cell_identity_v4	sc_expression_source	NA	NA	CYB5R3	author_source_label	3	25	equal_donor_mean_cellwise_log1p10k	0.6975787461000545	NA	NA	NA	NA	SC_SOURCE_DESCRIPTIVE	NA	DONE	Donor-equal descriptive expression	GSE242230	UniProtKB:P00387	primary_tumor	Endothelial	18	3	274	186	0.4672525439407956	0.6445562035954836	0.6416411804498734	0.7270050404979502	Author labels,predeclared coarse mapping	mean_donor(mean_cell(log1p(10000*counts/all_gene_library)))	0.0	0.734850230730564
PDAC	GSE242230	06_EXTERNAL	20260922T131800Z_author_identity_v4	PDAC_author_cell_identity_v4	sc_expression_source	NA	NA	CYB5R3	author_source_label	3	25	equal_donor_mean_cellwise_log1p10k	0.2159711628969518	NA	NA	NA	NA	SC_SOURCE_DESCRIPTIVE	NA	DONE	Donor-equal descriptive expression	GSE242230	UniProtKB:P00387	primary_tumor	Erythrocyte	12	3	1199	1158	0.2279066744654578	0.2172759999489257	0.1961724428560523	0.2364223014638383	Author labels,predeclared coarse mapping	mean_donor(mean_cell(log1p(10000*counts/all_gene_library)))	0.0	0.2275104563796584
PDAC	GSE242230	06_EXTERNAL	20260922T131800Z_author_identity_v4	PDAC_author_cell_identity_v4	sc_expression_source	NA	NA	CYB5R3	author_source_label	7	25	equal_donor_mean_cellwise_log1p10k	0.9492801620359358	NA	NA	NA	NA	SC_SOURCE_DESCRIPTIVE	NA	DONE	Donor-equal descriptive expression	GSE242230	UniProtKB:P00387	primary_tumor	Fibroblast/CAF	20	7	911	810	0.6445052872773334	0.9390271279379856	0.8002019610236406	1.1538410910907209	Author labels,predeclared coarse mapping	mean_donor(mean_cell(log1p(10000*counts/all_gene_library)))	0.815	1.0
PDAC	GSE242230	06_EXTERNAL	20260922T131800Z_author_identity_v4	PDAC_author_cell_identity_v4	sc_expression_source	NA	NA	CYB5R3	author_source_label	23	25	equal_donor_mean_cellwise_log1p10k	0.4709742361117143	NA	NA	NA	NA	SC_SOURCE_DESCRIPTIVE	NA	DONE	Donor-equal descriptive expression	GSE242230	UniProtKB:P00387	primary_tumor	Malignant (author)	25	23	10783	10759	0.4508623560405942	0.4646140783418764	0.3229322217339057	0.5576177021488483	Author labels,predeclared coarse mapping	mean_donor(mean_cell(log1p(10000*counts/all_gene_library)))	0.001	0.49613828977697016
PDAC	GSE242230	06_EXTERNAL	20260922T131800Z_author_identity_v4	PDAC_author_cell_identity_v4	sc_expression_source	NA	NA	CYB5R3	author_source_label	1	25	equal_donor_mean_cellwise_log1p10k	NA	NA	NA	NA	NA	SC_SOURCE_DESCRIPTIVE	NA	NOT_EVALUABLE	GENE_MISSING_OR_LT3_ELIGIBLE_LABELS	GSE242230	UniProtKB:P00387	primary_tumor	Mast	11	1	91	23	NA	NA	NA	NA	Author labels,predeclared coarse mapping	mean_donor(mean_cell(log1p(10000*counts/all_gene_library)))	NA	NA
PDAC	GSE242230	06_EXTERNAL	20260922T131800Z_author_identity_v4	PDAC_author_cell_identity_v4	sc_expression_source	NA	NA	CYB5R3	author_source_label	20	25	equal_donor_mean_cellwise_log1p10k	0.3779706746263407	NA	NA	NA	NA	SC_SOURCE_DESCRIPTIVE	NA	DONE	Donor-equal descriptive expression	GSE242230	UniProtKB:P00387	primary_tumor	Myeloid	25	20	6246	6224	0.3500980938678967	0.3720745525368959	0.3044879556439924	0.4243460967137671	Author labels,predeclared coarse mapping	mean_donor(mean_cell(log1p(10000*counts/all_gene_library)))	0.0	0.3981655677031122
PDAC	GSE242230	06_EXTERNAL	20260922T131800Z_author_identity_v4	PDAC_author_cell_identity_v4	sc_expression_source	NA	NA	CYB5R3	author_source_label	6	25	equal_donor_mean_cellwise_log1p10k	0.8391695304406287	NA	NA	NA	NA	SC_SOURCE_DESCRIPTIVE	NA	DONE	Donor-equal descriptive expression	GSE242230	UniProtKB:P00387	primary_tumor	Normal epithelial (author)	21	6	350	291	0.7681255526083112	0.8424048635250381	0.6984402808032653	0.9443962913935916	Author labels,predeclared coarse mapping	mean_donor(mean_cell(log1p(10000*counts/all_gene_library)))	0.184	0.8840061806841606
PDAC	GSE242230	06_EXTERNAL	20260922T131800Z_author_identity_v4	PDAC_author_cell_identity_v4	sc_expression_source	NA	NA	CYB5R3	author_source_label	2	25	equal_donor_mean_cellwise_log1p10k	NA	NA	NA	NA	NA	SC_SOURCE_DESCRIPTIVE	NA	NOT_EVALUABLE	GENE_MISSING_OR_LT3_ELIGIBLE_LABELS	GSE242230	UniProtKB:P00387	primary_tumor	Platelet	13	2	122	64	NA	NA	NA	NA	Author labels,predeclared coarse mapping	mean_donor(mean_cell(log1p(10000*counts/all_gene_library)))	NA	NA
PDAC	GSE242230	06_EXTERNAL	20260922T131800Z_author_identity_v4	PDAC_author_cell_identity_v4	sc_expression_source	NA	NA	CYB5R3	author_source_label	21	25	equal_donor_mean_cellwise_log1p10k	0.2284465013060775	NA	NA	NA	NA	SC_SOURCE_DESCRIPTIVE	NA	DONE	Donor-equal descriptive expression	GSE242230	UniProtKB:P00387	primary_tumor	T/NK	25	21	9408	9383	0.1761625181537212	0.232834427757176	0.1800652134330955	0.27962968694088	Author labels,predeclared coarse mapping	mean_donor(mean_cell(log1p(10000*counts/all_gene_library)))	0.0	0.24065234947723416
PDAC	GSE242230	06_EXTERNAL	20260922T131800Z_author_identity_v4	PDAC_author_cell_identity_v4	sc_expression_source	NA	NA	CYP2E1	author_source_label	1	25	equal_donor_mean_cellwise_log1p10k	NA	NA	NA	NA	NA	SC_SOURCE_DESCRIPTIVE	NA	NOT_EVALUABLE	GENE_MISSING_OR_LT3_ELIGIBLE_LABELS	GSE242230	UniProtKB:P05181	primary_tumor	Acinar	17	1	91	20	NA	NA	NA	NA	Author labels,predeclared coarse mapping	mean_donor(mean_cell(log1p(10000*counts/all_gene_library)))	NA	NA
PDAC	GSE242230	06_EXTERNAL	20260922T131800Z_author_identity_v4	PDAC_author_cell_identity_v4	sc_expression_source	NA	NA	CYP2E1	author_source_label	15	25	equal_donor_mean_cellwise_log1p10k	0.0	NA	NA	NA	NA	SC_SOURCE_DESCRIPTIVE	NA	DONE	Donor-equal descriptive expression	GSE242230	UniProtKB:P05181	primary_tumor	B/Plasma	23	15	1740	1675	0.0	0.0	0.0	0.0	Author labels,predeclared coarse mapping	mean_donor(mean_cell(log1p(10000*counts/all_gene_library)))	0.0	0.0
PDAC	GSE242230	06_EXTERNAL	20260922T131800Z_author_identity_v4	PDAC_author_cell_identity_v4	sc_expression_source	NA	NA	CYP2E1	author_source_label	3	25	equal_donor_mean_cellwise_log1p10k	0.0013188947194262	NA	NA	NA	NA	SC_SOURCE_DESCRIPTIVE	NA	DONE	Donor-equal descriptive expression	GSE242230	UniProtKB:P05181	primary_tumor	Endothelial	18	3	274	186	0.0028985507246376	0.0	0.0	0.0019783420791393	Author labels,predeclared coarse mapping	mean_donor(mean_cell(log1p(10000*counts/all_gene_library)))	0.0	0.16970896324092982
PDAC	GSE242230	06_EXTERNAL	20260922T131800Z_author_identity_v4	PDAC_author_cell_identity_v4	sc_expression_source	NA	NA	CYP2E1	author_source_label	3	25	equal_donor_mean_cellwise_log1p10k	0.0	NA	NA	NA	NA	SC_SOURCE_DESCRIPTIVE	NA	DONE	Donor-equal descriptive expression	GSE242230	UniProtKB:P05181	primary_tumor	Erythrocyte	12	3	1199	1158	0.0	0.0	0.0	0.0	Author labels,predeclared coarse mapping	mean_donor(mean_cell(log1p(10000*counts/all_gene_library)))	0.0	0.0
PDAC	GSE242230	06_EXTERNAL	20260922T131800Z_author_identity_v4	PDAC_author_cell_identity_v4	sc_expression_source	NA	NA	CYP2E1	author_source_label	7	25	equal_donor_mean_cellwise_log1p10k	0.0057124929303836	NA	NA	NA	NA	SC_SOURCE_DESCRIPTIVE	NA	DONE	Donor-equal descriptive expression	GSE242230	UniProtKB:P05181	primary_tumor	Fibroblast/CAF	20	7	911	810	0.0127775722326639	0.0	0.0	0.0126746050879947	Author labels,predeclared coarse mapping	mean_donor(mean_cell(log1p(10000*counts/all_gene_library)))	0.24	0.7350558300501171
PDAC	GSE242230	06_EXTERNAL	20260922T131800Z_author_identity_v4	PDAC_author_cell_identity_v4	sc_expression_source	NA	NA	CYP2E1	author_source_label	23	25	equal_donor_mean_cellwise_log1p10k	0.0077715089070093	NA	NA	NA	NA	SC_SOURCE_DESCRIPTIVE	NA	DONE	Donor-equal descriptive expression	GSE242230	UniProtKB:P05181	primary_tumor	Malignant (author)	25	23	10783	10759	0.0163037824527035	0.0049611912398063	0.000785237268182	0.0125361723286492	Author labels,predeclared coarse mapping	mean_donor(mean_cell(log1p(10000*counts/all_gene_library)))	0.605	1.0
PDAC	GSE242230	06_EXTERNAL	20260922T131800Z_author_identity_v4	PDAC_author_cell_identity_v4	sc_expression_source	NA	NA	CYP2E1	author_source_label	1	25	equal_donor_mean_cellwise_log1p10k	NA	NA	NA	NA	NA	SC_SOURCE_DESCRIPTIVE	NA	NOT_EVALUABLE	GENE_MISSING_OR_LT3_ELIGIBLE_LABELS	GSE242230	UniProtKB:P05181	primary_tumor	Mast	11	1	91	23	NA	NA	NA	NA	Author labels,predeclared coarse mapping	mean_donor(mean_cell(log1p(10000*counts/all_gene_library)))	NA	NA
PDAC	GSE242230	06_EXTERNAL	20260922T131800Z_author_identity_v4	PDAC_author_cell_identity_v4	sc_expression_source	NA	NA	CYP2E1	author_source_label	20	25	equal_donor_mean_cellwise_log1p10k	0.00149664866723	NA	NA	NA	NA	SC_SOURCE_DESCRIPTIVE	NA	DONE	Donor-equal descriptive expression	GSE242230	UniProtKB:P05181	primary_tumor	Myeloid	25	20	6246	6224	0.0015827100671377	0.0	0.0	0.0016243354050852	Author labels,predeclared coarse mapping	mean_donor(mean_cell(log1p(10000*counts/all_gene_library)))	0.0	0.1925814774374303
PDAC	GSE242230	06_EXTERNAL	20260922T131800Z_author_identity_v4	PDAC_author_cell_identity_v4	sc_expression_source	NA	NA	CYP2E1	author_source_label	6	25	equal_donor_mean_cellwise_log1p10k	0.004172469429092	NA	NA	NA	NA	SC_SOURCE_DESCRIPTIVE	NA	DONE	Donor-equal descriptive expression	GSE242230	UniProtKB:P05181	primary_tumor	Normal epithelial (author)	21	6	350	291	0.0053062678062678	0.0	0.0	0.001215216709822	Author labels,predeclared coarse mapping	mean_donor(mean_cell(log1p(10000*counts/all_gene_library)))	0.155	0.5368930897484727
PDAC	GSE242230	06_EXTERNAL	20260922T131800Z_author_identity_v4	PDAC_author_cell_identity_v4	sc_expression_source	NA	NA	CYP2E1	author_source_label	2	25	equal_donor_mean_cellwise_log1p10k	NA	NA	NA	NA	NA	SC_SOURCE_DESCRIPTIVE	NA	NOT_EVALUABLE	GENE_MISSING_OR_LT3_ELIGIBLE_LABELS	GSE242230	UniProtKB:P05181	primary_tumor	Platelet	13	2	122	64	NA	NA	NA	NA	Author labels,predeclared coarse mapping	mean_donor(mean_cell(log1p(10000*counts/all_gene_library)))	NA	NA
PDAC	GSE242230	06_EXTERNAL	20260922T131800Z_author_identity_v4	PDAC_author_cell_identity_v4	sc_expression_source	NA	NA	CYP2E1	author_source_label	21	25	equal_donor_mean_cellwise_log1p10k	0.0013236883296553	NA	NA	NA	NA	SC_SOURCE_DESCRIPTIVE	NA	DONE	Donor-equal descriptive expression	GSE242230	UniProtKB:P05181	primary_tumor	T/NK	25	21	9408	9383	0.0011812744390612	0.0	0.0	0.0020138290929642	Author labels,predeclared coarse mapping	mean_donor(mean_cell(log1p(10000*counts/all_gene_library)))	0.0	0.17032578171034912
PDAC	GSE242230	06_EXTERNAL	20260922T131800Z_author_identity_v4	PDAC_author_cell_identity_v4	sc_expression_source	NA	NA	CYP4A11	author_source_label	1	25	equal_donor_mean_cellwise_log1p10k	NA	NA	NA	NA	NA	SC_SOURCE_DESCRIPTIVE	NA	NOT_EVALUABLE	GENE_MISSING_OR_LT3_ELIGIBLE_LABELS	GSE242230	UniProtKB:Q02928	primary_tumor	Acinar	17	1	91	20	NA	NA	NA	NA	Author labels,predeclared coarse mapping	mean_donor(mean_cell(log1p(10000*counts/all_gene_library)))	NA	NA
PDAC	GSE242230	06_EXTERNAL	20260922T131800Z_author_identity_v4	PDAC_author_cell_identity_v4	sc_expression_source	NA	NA	CYP4A11	author_source_label	15	25	equal_donor_mean_cellwise_log1p10k	0.0	NA	NA	NA	NA	SC_SOURCE_DESCRIPTIVE	NA	DONE	Donor-equal descriptive expression	GSE242230	UniProtKB:Q02928	primary_tumor	B/Plasma	23	15	1740	1675	0.0	0.0	0.0	0.0	Author labels,predeclared coarse mapping	mean_donor(mean_cell(log1p(10000*counts/all_gene_library)))	0.0067535714285714	0.0
PDAC	GSE242230	06_EXTERNAL	20260922T131800Z_author_identity_v4	PDAC_author_cell_identity_v4	sc_expression_source	NA	NA	CYP4A11	author_source_label	3	25	equal_donor_mean_cellwise_log1p10k	0.0	NA	NA	NA	NA	SC_SOURCE_DESCRIPTIVE	NA	DONE	Donor-equal descriptive expression	GSE242230	UniProtKB:Q02928	primary_tumor	Endothelial	18	3	274	186	0.0	0.0	0.0	0.0	Author labels,predeclared coarse mapping	mean_donor(mean_cell(log1p(10000*counts/all_gene_library)))	0.0016964285714285	0.0
PDAC	GSE242230	06_EXTERNAL	20260922T131800Z_author_identity_v4	PDAC_author_cell_identity_v4	sc_expression_source	NA	NA	CYP4A11	author_source_label	3	25	equal_donor_mean_cellwise_log1p10k	0.0	NA	NA	NA	NA	SC_SOURCE_DESCRIPTIVE	NA	DONE	Donor-equal descriptive expression	GSE242230	UniProtKB:Q02928	primary_tumor	Erythrocyte	12	3	1199	1158	0.0	0.0	0.0	0.0	Author labels,predeclared coarse mapping	mean_donor(mean_cell(log1p(10000*counts/all_gene_library)))	0.0034821428571428	0.0
PDAC	GSE242230	06_EXTERNAL	20260922T131800Z_author_identity_v4	PDAC_author_cell_identity_v4	sc_expression_source	NA	NA	CYP4A11	author_source_label	7	25	equal_donor_mean_cellwise_log1p10k	0.0	NA	NA	NA	NA	SC_SOURCE_DESCRIPTIVE	NA	DONE	Donor-equal descriptive expression	GSE242230	UniProtKB:Q02928	primary_tumor	Fibroblast/CAF	20	7	911	810	0.0	0.0	0.0	0.0	Author labels,predeclared coarse mapping	mean_donor(mean_cell(log1p(10000*counts/all_gene_library)))	0.0067535714285714	0.0
PDAC	GSE242230	06_EXTERNAL	20260922T131800Z_author_identity_v4	PDAC_author_cell_identity_v4	sc_expression_source	NA	NA	CYP4A11	author_source_label	23	25	equal_donor_mean_cellwise_log1p10k	3.768679148163932e-05	NA	NA	NA	NA	SC_SOURCE_DESCRIPTIVE	NA	DONE	Donor-equal descriptive expression	GSE242230	UniProtKB:Q02928	primary_tumor	Malignant (author)	25	23	10783	10759	0.0002231340922284	0.0	0.0	0.0	Author labels,predeclared coarse mapping	mean_donor(mean_cell(log1p(10000*counts/all_gene_library)))	0.3267535714285716	0.0038362899710273355
PDAC	GSE242230	06_EXTERNAL	20260922T131800Z_author_identity_v4	PDAC_author_cell_identity_v4	sc_expression_source	NA	NA	CYP4A11	author_source_label	1	25	equal_donor_mean_cellwise_log1p10k	NA	NA	NA	NA	NA	SC_SOURCE_DESCRIPTIVE	NA	NOT_EVALUABLE	GENE_MISSING_OR_LT3_ELIGIBLE_LABELS	GSE242230	UniProtKB:Q02928	primary_tumor	Mast	11	1	91	23	NA	NA	NA	NA	Author labels,predeclared coarse mapping	mean_donor(mean_cell(log1p(10000*counts/all_gene_library)))	NA	NA
PDAC	GSE242230	06_EXTERNAL	20260922T131800Z_author_identity_v4	PDAC_author_cell_identity_v4	sc_expression_source	NA	NA	CYP4A11	author_source_label	20	25	equal_donor_mean_cellwise_log1p10k	0.0	NA	NA	NA	NA	SC_SOURCE_DESCRIPTIVE	NA	DONE	Donor-equal descriptive expression	GSE242230	UniProtKB:Q02928	primary_tumor	Myeloid	25	20	6246	6224	0.0	0.0	0.0	0.0	Author labels,predeclared coarse mapping	mean_donor(mean_cell(log1p(10000*counts/all_gene_library)))	0.0067535714285714	0.0
PDAC	GSE242230	06_EXTERNAL	20260922T131800Z_author_identity_v4	PDAC_author_cell_identity_v4	sc_expression_source	NA	NA	CYP4A11	author_source_label	6	25	equal_donor_mean_cellwise_log1p10k	0.0098237598737999	NA	NA	NA	NA	SC_SOURCE_DESCRIPTIVE	NA	DONE	Donor-equal descriptive expression	GSE242230	UniProtKB:Q02928	primary_tumor	Normal epithelial (author)	21	6	350	291	0.0185185185185185	0.0	0.0	0.0	Author labels,predeclared coarse mapping	mean_donor(mean_cell(log1p(10000*counts/all_gene_library)))	0.6410535714285711	1.0
PDAC	GSE242230	06_EXTERNAL	20260922T131800Z_author_identity_v4	PDAC_author_cell_identity_v4	sc_expression_source	NA	NA	CYP4A11	author_source_label	2	25	equal_donor_mean_cellwise_log1p10k	NA	NA	NA	NA	NA	SC_SOURCE_DESCRIPTIVE	NA	NOT_EVALUABLE	GENE_MISSING_OR_LT3_ELIGIBLE_LABELS	GSE242230	UniProtKB:Q02928	primary_tumor	Platelet	13	2	122	64	NA	NA	NA	NA	Author labels,predeclared coarse mapping	mean_donor(mean_cell(log1p(10000*counts/all_gene_library)))	NA	NA
PDAC	GSE242230	06_EXTERNAL	20260922T131800Z_author_identity_v4	PDAC_author_cell_identity_v4	sc_expression_source	NA	NA	CYP4A11	author_source_label	21	25	equal_donor_mean_cellwise_log1p10k	0.0	NA	NA	NA	NA	SC_SOURCE_DESCRIPTIVE	NA	DONE	Donor-equal descriptive expression	GSE242230	UniProtKB:Q02928	primary_tumor	T/NK	25	21	9408	9383	0.0	0.0	0.0	0.0	Author labels,predeclared coarse mapping	mean_donor(mean_cell(log1p(10000*counts/all_gene_library)))	0.0067535714285714	0.0
PDAC	GSE242230	06_EXTERNAL	20260922T131800Z_author_identity_v4	PDAC_author_cell_identity_v4	sc_expression_source	NA	NA	CYP4B1	author_source_label	1	25	equal_donor_mean_cellwise_log1p10k	NA	NA	NA	NA	NA	SC_SOURCE_DESCRIPTIVE	NA	NOT_EVALUABLE	GENE_MISSING_OR_LT3_ELIGIBLE_LABELS	GSE242230	UniProtKB:P13584	primary_tumor	Acinar	17	1	91	20	NA	NA	NA	NA	Author labels,predeclared coarse mapping	mean_donor(mean_cell(log1p(10000*counts/all_gene_library)))	NA	NA
PDAC	GSE242230	06_EXTERNAL	20260922T131800Z_author_identity_v4	PDAC_author_cell_identity_v4	sc_expression_source	NA	NA	CYP4B1	author_source_label	15	25	equal_donor_mean_cellwise_log1p10k	0.0085227821376074	NA	NA	NA	NA	SC_SOURCE_DESCRIPTIVE	NA	DONE	Donor-equal descriptive expression	GSE242230	UniProtKB:P13584	primary_tumor	B/Plasma	23	15	1740	1675	0.0054054054054054	0.0	0.0	0.0	Author labels,predeclared coarse mapping	mean_donor(mean_cell(log1p(10000*counts/all_gene_library)))	0.001	0.3872613921458907
PDAC	GSE242230	06_EXTERNAL	20260922T131800Z_author_identity_v4	PDAC_author_cell_identity_v4	sc_expression_source	NA	NA	CYP4B1	author_source_label	3	25	equal_donor_mean_cellwise_log1p10k	0.0091155916082832	NA	NA	NA	NA	SC_SOURCE_DESCRIPTIVE	NA	DONE	Donor-equal descriptive expression	GSE242230	UniProtKB:P13584	primary_tumor	Endothelial	18	3	274	186	0.0070921985815602	0.0	0.0	0.0136733874124249	Author labels,predeclared coarse mapping	mean_donor(mean_cell(log1p(10000*counts/all_gene_library)))	0.089	0.4141976926619129
PDAC	GSE242230	06_EXTERNAL	20260922T131800Z_author_identity_v4	PDAC_author_cell_identity_v4	sc_expression_source	NA	NA	CYP4B1	author_source_label	3	25	equal_donor_mean_cellwise_log1p10k	0.0	NA	NA	NA	NA	SC_SOURCE_DESCRIPTIVE	NA	DONE	Donor-equal descriptive expression	GSE242230	UniProtKB:P13584	primary_tumor	Erythrocyte	12	3	1199	1158	0.0	0.0	0.0	0.0	Author labels,predeclared coarse mapping	mean_donor(mean_cell(log1p(10000*counts/all_gene_library)))	0.0	0.0
PDAC	GSE242230	06_EXTERNAL	20260922T131800Z_author_identity_v4	PDAC_author_cell_identity_v4	sc_expression_source	NA	NA	CYP4B1	author_source_label	7	25	equal_donor_mean_cellwise_log1p10k	0.0035954871841531	NA	NA	NA	NA	SC_SOURCE_DESCRIPTIVE	NA	DONE	Donor-equal descriptive expression	GSE242230	UniProtKB:P13584	primary_tumor	Fibroblast/CAF	20	7	911	810	0.0035914987112857	0.0	0.0	0.002240831754301	Author labels,predeclared coarse mapping	mean_donor(mean_cell(log1p(10000*counts/all_gene_library)))	0.015	0.16337310398136312
PDAC	GSE242230	06_EXTERNAL	20260922T131800Z_author_identity_v4	PDAC_author_cell_identity_v4	sc_expression_source	NA	NA	CYP4B1	author_source_label	23	25	equal_donor_mean_cellwise_log1p10k	0.0220078280728709	NA	NA	NA	NA	SC_SOURCE_DESCRIPTIVE	NA	DONE	Donor-equal descriptive expression	GSE242230	UniProtKB:P13584	primary_tumor	Malignant (author)	25	23	10783	10759	0.029698992000035	0.0008908350748703	0.0	0.0109378246476979	Author labels,predeclared coarse mapping	mean_donor(mean_cell(log1p(10000*counts/all_gene_library)))	0.894	1.0
PDAC	GSE242230	06_EXTERNAL	20260922T131800Z_author_identity_v4	PDAC_author_cell_identity_v4	sc_expression_source	NA	NA	CYP4B1	author_source_label	1	25	equal_donor_mean_cellwise_log1p10k	NA	NA	NA	NA	NA	SC_SOURCE_DESCRIPTIVE	NA	NOT_EVALUABLE	GENE_MISSING_OR_LT3_ELIGIBLE_LABELS	GSE242230	UniProtKB:P13584	primary_tumor	Mast	11	1	91	23	NA	NA	NA	NA	Author labels,predeclared coarse mapping	mean_donor(mean_cell(log1p(10000*counts/all_gene_library)))	NA	NA
PDAC	GSE242230	06_EXTERNAL	20260922T131800Z_author_identity_v4	PDAC_author_cell_identity_v4	sc_expression_source	NA	NA	CYP4B1	author_source_label	20	25	equal_donor_mean_cellwise_log1p10k	0.0001205849251408	NA	NA	NA	NA	SC_SOURCE_DESCRIPTIVE	NA	DONE	Donor-equal descriptive expression	GSE242230	UniProtKB:P13584	primary_tumor	Myeloid	25	20	6246	6224	0.0001547987616099	0.0	0.0	0.0	Author labels,predeclared coarse mapping	mean_donor(mean_cell(log1p(10000*counts/all_gene_library)))	0.0	0.005479183349739328
PDAC	GSE242230	06_EXTERNAL	20260922T131800Z_author_identity_v4	PDAC_author_cell_identity_v4	sc_expression_source	NA	NA	CYP4B1	author_source_label	6	25	equal_donor_mean_cellwise_log1p10k	0.0	NA	NA	NA	NA	SC_SOURCE_DESCRIPTIVE	NA	DONE	Donor-equal descriptive expression	GSE242230	UniProtKB:P13584	primary_tumor	Normal epithelial (author)	21	6	350	291	0.0	0.0	0.0	0.0	Author labels,predeclared coarse mapping	mean_donor(mean_cell(log1p(10000*counts/all_gene_library)))	0.0	0.0
PDAC	GSE242230	06_EXTERNAL	20260922T131800Z_author_identity_v4	PDAC_author_cell_identity_v4	sc_expression_source	NA	NA	CYP4B1	author_source_label	2	25	equal_donor_mean_cellwise_log1p10k	NA	NA	NA	NA	NA	SC_SOURCE_DESCRIPTIVE	NA	NOT_EVALUABLE	GENE_MISSING_OR_LT3_ELIGIBLE_LABELS	GSE242230	UniProtKB:P13584	primary_tumor	Platelet	13	2	122	64	NA	NA	NA	NA	Author labels,predeclared coarse mapping	mean_donor(mean_cell(log1p(10000*counts/all_gene_library)))	NA	NA
PDAC	GSE242230	06_EXTERNAL	20260922T131800Z_author_identity_v4	PDAC_author_cell_identity_v4	sc_expression_source	NA	NA	CYP4B1	author_source_label	21	25	equal_donor_mean_cellwise_log1p10k	0.0008464803274295	NA	NA	NA	NA	SC_SOURCE_DESCRIPTIVE	NA	DONE	Donor-equal descriptive expression	GSE242230	UniProtKB:P13584	primary_tumor	T/NK	25	21	9408	9383	0.000580019036677	0.0	0.0	0.0	Author labels,predeclared coarse mapping	mean_donor(mean_cell(log1p(10000*counts/all_gene_library)))	0.001	0.03846269266674971
PDAC	GSE242230	06_EXTERNAL	20260922T131800Z_author_identity_v4	PDAC_author_cell_identity_v4	sc_expression_source	NA	NA	CYP4F11	author_source_label	1	25	equal_donor_mean_cellwise_log1p10k	NA	NA	NA	NA	NA	SC_SOURCE_DESCRIPTIVE	NA	NOT_EVALUABLE	GENE_MISSING_OR_LT3_ELIGIBLE_LABELS	GSE242230	UniProtKB:Q9HBI6	primary_tumor	Acinar	17	1	91	20	NA	NA	NA	NA	Author labels,predeclared coarse mapping	mean_donor(mean_cell(log1p(10000*counts/all_gene_library)))	NA	NA
PDAC	GSE242230	06_EXTERNAL	20260922T131800Z_author_identity_v4	PDAC_author_cell_identity_v4	sc_expression_source	NA	NA	CYP4F11	author_source_label	15	25	equal_donor_mean_cellwise_log1p10k	0.0028257206896449	NA	NA	NA	NA	SC_SOURCE_DESCRIPTIVE	NA	DONE	Donor-equal descriptive expression	GSE242230	UniProtKB:Q9HBI6	primary_tumor	B/Plasma	23	15	1740	1675	0.004048048048048	0.0	0.0	0.0	Author labels,predeclared coarse mapping	mean_donor(mean_cell(log1p(10000*counts/all_gene_library)))	0.0	0.012743515417474333
PDAC	GSE242230	06_EXTERNAL	20260922T131800Z_author_identity_v4	PDAC_author_cell_identity_v4	sc_expression_source	NA	NA	CYP4F11	author_source_label	3	25	equal_donor_mean_cellwise_log1p10k	0.0	NA	NA	NA	NA	SC_SOURCE_DESCRIPTIVE	NA	DONE	Donor-equal descriptive expression	GSE242230	UniProtKB:Q9HBI6	primary_tumor	Endothelial	18	3	274	186	0.0	0.0	0.0	0.0	Author labels,predeclared coarse mapping	mean_donor(mean_cell(log1p(10000*counts/all_gene_library)))	0.0	0.0
PDAC	GSE242230	06_EXTERNAL	20260922T131800Z_author_identity_v4	PDAC_author_cell_identity_v4	sc_expression_source	NA	NA	CYP4F11	author_source_label	3	25	equal_donor_mean_cellwise_log1p10k	0.0	NA	NA	NA	NA	SC_SOURCE_DESCRIPTIVE	NA	DONE	Donor-equal descriptive expression	GSE242230	UniProtKB:Q9HBI6	primary_tumor	Erythrocyte	12	3	1199	1158	0.0	0.0	0.0	0.0	Author labels,predeclared coarse mapping	mean_donor(mean_cell(log1p(10000*counts/all_gene_library)))	0.0	0.0
PDAC	GSE242230	06_EXTERNAL	20260922T131800Z_author_identity_v4	PDAC_author_cell_identity_v4	sc_expression_source	NA	NA	CYP4F11	author_source_label	7	25	equal_donor_mean_cellwise_log1p10k	0.0	NA	NA	NA	NA	SC_SOURCE_DESCRIPTIVE	NA	DONE	Donor-equal descriptive expression	GSE242230	UniProtKB:Q9HBI6	primary_tumor	Fibroblast/CAF	20	7	911	810	0.0	0.0	0.0	0.0	Author labels,predeclared coarse mapping	mean_donor(mean_cell(log1p(10000*counts/all_gene_library)))	0.0	0.0
PDAC	GSE242230	06_EXTERNAL	20260922T131800Z_author_identity_v4	PDAC_author_cell_identity_v4	sc_expression_source	NA	NA	CYP4F11	author_source_label	23	25	equal_donor_mean_cellwise_log1p10k	0.0287119247362126	NA	NA	NA	NA	SC_SOURCE_DESCRIPTIVE	NA	DONE	Donor-equal descriptive expression	GSE242230	UniProtKB:Q9HBI6	primary_tumor	Malignant (author)	25	23	10783	10759	0.0537435481958285	0.0240742991476217	0.0060148437999601	0.0371868182721238	Author labels,predeclared coarse mapping	mean_donor(mean_cell(log1p(10000*counts/all_gene_library)))	0.033	0.12948585360263204
PDAC	GSE242230	06_EXTERNAL	20260922T131800Z_author_identity_v4	PDAC_author_cell_identity_v4	sc_expression_source	NA	NA	CYP4F11	author_source_label	1	25	equal_donor_mean_cellwise_log1p10k	NA	NA	NA	NA	NA	SC_SOURCE_DESCRIPTIVE	NA	NOT_EVALUABLE	GENE_MISSING_OR_LT3_ELIGIBLE_LABELS	GSE242230	UniProtKB:Q9HBI6	primary_tumor	Mast	11	1	91	23	NA	NA	NA	NA	Author labels,predeclared coarse mapping	mean_donor(mean_cell(log1p(10000*counts/all_gene_library)))	NA	NA
PDAC	GSE242230	06_EXTERNAL	20260922T131800Z_author_identity_v4	PDAC_author_cell_identity_v4	sc_expression_source	NA	NA	CYP4F11	author_source_label	20	25	equal_donor_mean_cellwise_log1p10k	1.2008514700009764e-05	NA	NA	NA	NA	SC_SOURCE_DESCRIPTIVE	NA	DONE	Donor-equal descriptive expression	GSE242230	UniProtKB:Q9HBI6	primary_tumor	Myeloid	25	20	6246	6224	8.012820512820513e-05	0.0	0.0	0.0	Author labels,predeclared coarse mapping	mean_donor(mean_cell(log1p(10000*counts/all_gene_library)))	0.0	5.415634063951753e-05
PDAC	GSE242230	06_EXTERNAL	20260922T131800Z_author_identity_v4	PDAC_author_cell_identity_v4	sc_expression_source	NA	NA	CYP4F11	author_source_label	6	25	equal_donor_mean_cellwise_log1p10k	0.2217379268651551	NA	NA	NA	NA	SC_SOURCE_DESCRIPTIVE	NA	DONE	Donor-equal descriptive expression	GSE242230	UniProtKB:Q9HBI6	primary_tumor	Normal epithelial (author)	21	6	350	291	0.3155301622692927	0.1449065150035721	0.0797548538238744	0.3441389784376386	Author labels,predeclared coarse mapping	mean_donor(mean_cell(log1p(10000*counts/all_gene_library)))	0.967	1.0
PDAC	GSE242230	06_EXTERNAL	20260922T131800Z_author_identity_v4	PDAC_author_cell_identity_v4	sc_expression_source	NA	NA	CYP4F11	author_source_label	2	25	equal_donor_mean_cellwise_log1p10k	NA	NA	NA	NA	NA	SC_SOURCE_DESCRIPTIVE	NA	NOT_EVALUABLE	GENE_MISSING_OR_LT3_ELIGIBLE_LABELS	GSE242230	UniProtKB:Q9HBI6	primary_tumor	Platelet	13	2	122	64	NA	NA	NA	NA	Author labels,predeclared coarse mapping	mean_donor(mean_cell(log1p(10000*counts/all_gene_library)))	NA	NA
PDAC	GSE242230	06_EXTERNAL	20260922T131800Z_author_identity_v4	PDAC_author_cell_identity_v4	sc_expression_source	NA	NA	CYP4F11	author_source_label	21	25	equal_donor_mean_cellwise_log1p10k	0.0001173953520645	NA	NA	NA	NA	SC_SOURCE_DESCRIPTIVE	NA	DONE	Donor-equal descriptive expression	GSE242230	UniProtKB:Q9HBI6	primary_tumor	T/NK	25	21	9408	9383	8.126117341134406e-05	0.0	0.0	0.0	Author labels,predeclared coarse mapping	mean_donor(mean_cell(log1p(10000*counts/all_gene_library)))	0.0	0.0005294328928036354
PDAC	GSE242230	06_EXTERNAL	20260922T131800Z_author_identity_v4	PDAC_author_cell_identity_v4	sc_expression_source	NA	NA	CYP4V2	author_source_label	1	25	equal_donor_mean_cellwise_log1p10k	NA	NA	NA	NA	NA	SC_SOURCE_DESCRIPTIVE	NA	NOT_EVALUABLE	GENE_MISSING_OR_LT3_ELIGIBLE_LABELS	GSE242230	UniProtKB:Q6ZWL3	primary_tumor	Acinar	17	1	91	20	NA	NA	NA	NA	Author labels,predeclared coarse mapping	mean_donor(mean_cell(log1p(10000*counts/all_gene_library)))	NA	NA
PDAC	GSE242230	06_EXTERNAL	20260922T131800Z_author_identity_v4	PDAC_author_cell_identity_v4	sc_expression_source	NA	NA	CYP4V2	author_source_label	15	25	equal_donor_mean_cellwise_log1p10k	0.0561436734742016	NA	NA	NA	NA	SC_SOURCE_DESCRIPTIVE	NA	DONE	Donor-equal descriptive expression	GSE242230	UniProtKB:Q6ZWL3	primary_tumor	B/Plasma	23	15	1740	1675	0.0444100075930327	0.0434852698799043	0.0321674866530355	0.0921586235801476	Author labels,predeclared coarse mapping	mean_donor(mean_cell(log1p(10000*counts/all_gene_library)))	0.0	0.1666122338263783
PDAC	GSE242230	06_EXTERNAL	20260922T131800Z_author_identity_v4	PDAC_author_cell_identity_v4	sc_expression_source	NA	NA	CYP4V2	author_source_label	3	25	equal_donor_mean_cellwise_log1p10k	0.0337513139570788	NA	NA	NA	NA	SC_SOURCE_DESCRIPTIVE	NA	DONE	Donor-equal descriptive expression	GSE242230	UniProtKB:Q6ZWL3	primary_tumor	Endothelial	18	3	274	186	0.0454645903998355	0.0385804841360622	0.0259395721172458	0.0439776408864035	Author labels,predeclared coarse mapping	mean_donor(mean_cell(log1p(10000*counts/all_gene_library)))	0.0	0.1001605606649216
PDAC	GSE242230	06_EXTERNAL	20260922T131800Z_author_identity_v4	PDAC_author_cell_identity_v4	sc_expression_source	NA	NA	CYP4V2	author_source_label	3	25	equal_donor_mean_cellwise_log1p10k	0.0016342910097966	NA	NA	NA	NA	SC_SOURCE_DESCRIPTIVE	NA	DONE	Donor-equal descriptive expression	GSE242230	UniProtKB:Q6ZWL3	primary_tumor	Erythrocyte	12	3	1199	1158	0.0014947683109118	0.0	0.0	0.0024514365146949	Author labels,predeclared coarse mapping	mean_donor(mean_cell(log1p(10000*counts/all_gene_library)))	0.0	0.004849929814259472
PDAC	GSE242230	06_EXTERNAL	20260922T131800Z_author_identity_v4	PDAC_author_cell_identity_v4	sc_expression_source	NA	NA	CYP4V2	author_source_label	7	25	equal_donor_mean_cellwise_log1p10k	0.0739521069141366	NA	NA	NA	NA	SC_SOURCE_DESCRIPTIVE	NA	DONE	Donor-equal descriptive expression	GSE242230	UniProtKB:Q6ZWL3	primary_tumor	Fibroblast/CAF	20	7	911	810	0.1083787616632553	0.066867545556053	0.044409861610878	0.0912335797934309	Author labels,predeclared coarse mapping	mean_donor(mean_cell(log1p(10000*counts/all_gene_library)))	0.004	0.21946062604530478
PDAC	GSE242230	06_EXTERNAL	20260922T131800Z_author_identity_v4	PDAC_author_cell_identity_v4	sc_expression_source	NA	NA	CYP4V2	author_source_label	23	25	equal_donor_mean_cellwise_log1p10k	0.0647551586695485	NA	NA	NA	NA	SC_SOURCE_DESCRIPTIVE	NA	DONE	Donor-equal descriptive expression	GSE242230	UniProtKB:Q6ZWL3	primary_tumor	Malignant (author)	25	23	10783	10759	0.121535163572997	0.0411705164383042	0.022009061699013	0.0865305766422139	Author labels,predeclared coarse mapping	mean_donor(mean_cell(log1p(10000*counts/all_gene_library)))	0.0	0.19216771846382052
PDAC	GSE242230	06_EXTERNAL	20260922T131800Z_author_identity_v4	PDAC_author_cell_identity_v4	sc_expression_source	NA	NA	CYP4V2	author_source_label	1	25	equal_donor_mean_cellwise_log1p10k	NA	NA	NA	NA	NA	SC_SOURCE_DESCRIPTIVE	NA	NOT_EVALUABLE	GENE_MISSING_OR_LT3_ELIGIBLE_LABELS	GSE242230	UniProtKB:Q6ZWL3	primary_tumor	Mast	11	1	91	23	NA	NA	NA	NA	Author labels,predeclared coarse mapping	mean_donor(mean_cell(log1p(10000*counts/all_gene_library)))	NA	NA
PDAC	GSE242230	06_EXTERNAL	20260922T131800Z_author_identity_v4	PDAC_author_cell_identity_v4	sc_expression_source	NA	NA	CYP4V2	author_source_label	20	25	equal_donor_mean_cellwise_log1p10k	0.0463111842671015	NA	NA	NA	NA	SC_SOURCE_DESCRIPTIVE	NA	DONE	Donor-equal descriptive expression	GSE242230	UniProtKB:Q6ZWL3	primary_tumor	Myeloid	25	20	6246	6224	0.0632074278765322	0.0469951825721156	0.0292055279178291	0.0606123492837863	Author labels,predeclared coarse mapping	mean_donor(mean_cell(log1p(10000*counts/all_gene_library)))	0.0	0.13743329184600586
PDAC	GSE242230	06_EXTERNAL	20260922T131800Z_author_identity_v4	PDAC_author_cell_identity_v4	sc_expression_source	NA	NA	CYP4V2	author_source_label	6	25	equal_donor_mean_cellwise_log1p10k	0.3369720949345609	NA	NA	NA	NA	SC_SOURCE_DESCRIPTIVE	NA	DONE	Donor-equal descriptive expression	GSE242230	UniProtKB:Q6ZWL3	primary_tumor	Normal epithelial (author)	21	6	350	291	0.4567228138067719	0.3245755636567202	0.2148358847761134	0.4909117762066444	Author labels,predeclared coarse mapping	mean_donor(mean_cell(log1p(10000*counts/all_gene_library)))	0.951	1.0
PDAC	GSE242230	06_EXTERNAL	20260922T131800Z_author_identity_v4	PDAC_author_cell_identity_v4	sc_expression_source	NA	NA	CYP4V2	author_source_label	2	25	equal_donor_mean_cellwise_log1p10k	NA	NA	NA	NA	NA	SC_SOURCE_DESCRIPTIVE	NA	NOT_EVALUABLE	GENE_MISSING_OR_LT3_ELIGIBLE_LABELS	GSE242230	UniProtKB:Q6ZWL3	primary_tumor	Platelet	13	2	122	64	NA	NA	NA	NA	Author labels,predeclared coarse mapping	mean_donor(mean_cell(log1p(10000*counts/all_gene_library)))	NA	NA
PDAC	GSE242230	06_EXTERNAL	20260922T131800Z_author_identity_v4	PDAC_author_cell_identity_v4	sc_expression_source	NA	NA	CYP4V2	author_source_label	21	25	equal_donor_mean_cellwise_log1p10k	0.0995617477448412	NA	NA	NA	NA	SC_SOURCE_DESCRIPTIVE	NA	DONE	Donor-equal descriptive expression	GSE242230	UniProtKB:Q6ZWL3	primary_tumor	T/NK	25	21	9408	9383	0.0743917659260921	0.1000776316390687	0.0659432210621318	0.1211127155828707	Author labels,predeclared coarse mapping	mean_donor(mean_cell(log1p(10000*counts/all_gene_library)))	0.045	0.295459918614851
PDAC	GSE242230	06_EXTERNAL	20260922T131800Z_author_identity_v4	PDAC_author_cell_identity_v4	sc_expression_source	NA	NA	CYP4Z1	author_source_label	1	25	equal_donor_mean_cellwise_log1p10k	NA	NA	NA	NA	NA	SC_SOURCE_DESCRIPTIVE	NA	NOT_EVALUABLE	GENE_MISSING_OR_LT3_ELIGIBLE_LABELS	GSE242230	UniProtKB:Q86W10	primary_tumor	Acinar	17	1	91	20	NA	NA	NA	NA	Author labels,predeclared coarse mapping	mean_donor(mean_cell(log1p(10000*counts/all_gene_library)))	NA	NA
PDAC	GSE242230	06_EXTERNAL	20260922T131800Z_author_identity_v4	PDAC_author_cell_identity_v4	sc_expression_source	NA	NA	CYP4Z1	author_source_label	15	25	equal_donor_mean_cellwise_log1p10k	0.0007925717124164	NA	NA	NA	NA	SC_SOURCE_DESCRIPTIVE	NA	DONE	Donor-equal descriptive expression	GSE242230	UniProtKB:Q86W10	primary_tumor	B/Plasma	23	15	1740	1675	0.0018018018018018	0.0	0.0	0.0	Author labels,predeclared coarse mapping	mean_donor(mean_cell(log1p(10000*counts/all_gene_library)))	NA	0.7904119941066612
PDAC	GSE242230	06_EXTERNAL	20260922T131800Z_author_identity_v4	PDAC_author_cell_identity_v4	sc_expression_source	NA	NA	CYP4Z1	author_source_label	3	25	equal_donor_mean_cellwise_log1p10k	0.0	NA	NA	NA	NA	SC_SOURCE_DESCRIPTIVE	NA	DONE	Donor-equal descriptive expression	GSE242230	UniProtKB:Q86W10	primary_tumor	Endothelial	18	3	274	186	0.0	0.0	0.0	0.0	Author labels,predeclared coarse mapping	mean_donor(mean_cell(log1p(10000*counts/all_gene_library)))	NA	0.0
PDAC	GSE242230	06_EXTERNAL	20260922T131800Z_author_identity_v4	PDAC_author_cell_identity_v4	sc_expression_source	NA	NA	CYP4Z1	author_source_label	3	25	equal_donor_mean_cellwise_log1p10k	0.0	NA	NA	NA	NA	SC_SOURCE_DESCRIPTIVE	NA	DONE	Donor-equal descriptive expression	GSE242230	UniProtKB:Q86W10	primary_tumor	Erythrocyte	12	3	1199	1158	0.0	0.0	0.0	0.0	Author labels,predeclared coarse mapping	mean_donor(mean_cell(log1p(10000*counts/all_gene_library)))	NA	0.0
PDAC	GSE242230	06_EXTERNAL	20260922T131800Z_author_identity_v4	PDAC_author_cell_identity_v4	sc_expression_source	NA	NA	CYP4Z1	author_source_label	7	25	equal_donor_mean_cellwise_log1p10k	0.0	NA	NA	NA	NA	SC_SOURCE_DESCRIPTIVE	NA	DONE	Donor-equal descriptive expression	GSE242230	UniProtKB:Q86W10	primary_tumor	Fibroblast/CAF	20	7	911	810	0.0	0.0	0.0	0.0	Author labels,predeclared coarse mapping	mean_donor(mean_cell(log1p(10000*counts/all_gene_library)))	NA	0.0
PDAC	GSE242230	06_EXTERNAL	20260922T131800Z_author_identity_v4	PDAC_author_cell_identity_v4	sc_expression_source	NA	NA	CYP4Z1	author_source_label	23	25	equal_donor_mean_cellwise_log1p10k	0.0010027323956694	NA	NA	NA	NA	SC_SOURCE_DESCRIPTIVE	NA	DONE	Donor-equal descriptive expression	GSE242230	UniProtKB:Q86W10	primary_tumor	Malignant (author)	25	23	10783	10759	0.0018581156685672	0.0	0.0	0.0	Author labels,predeclared coarse mapping	mean_donor(mean_cell(log1p(10000*counts/all_gene_library)))	NA	1.0
PDAC	GSE242230	06_EXTERNAL	20260922T131800Z_author_identity_v4	PDAC_author_cell_identity_v4	sc_expression_source	NA	NA	CYP4Z1	author_source_label	1	25	equal_donor_mean_cellwise_log1p10k	NA	NA	NA	NA	NA	SC_SOURCE_DESCRIPTIVE	NA	NOT_EVALUABLE	GENE_MISSING_OR_LT3_ELIGIBLE_LABELS	GSE242230	UniProtKB:Q86W10	primary_tumor	Mast	11	1	91	23	NA	NA	NA	NA	Author labels,predeclared coarse mapping	mean_donor(mean_cell(log1p(10000*counts/all_gene_library)))	NA	NA
PDAC	GSE242230	06_EXTERNAL	20260922T131800Z_author_identity_v4	PDAC_author_cell_identity_v4	sc_expression_source	NA	NA	CYP4Z1	author_source_label	20	25	equal_donor_mean_cellwise_log1p10k	0.0	NA	NA	NA	NA	SC_SOURCE_DESCRIPTIVE	NA	DONE	Donor-equal descriptive expression	GSE242230	UniProtKB:Q86W10	primary_tumor	Myeloid	25	20	6246	6224	0.0	0.0	0.0	0.0	Author labels,predeclared coarse mapping	mean_donor(mean_cell(log1p(10000*counts/all_gene_library)))	NA	0.0
PDAC	GSE242230	06_EXTERNAL	20260922T131800Z_author_identity_v4	PDAC_author_cell_identity_v4	sc_expression_source	NA	NA	CYP4Z1	author_source_label	6	25	equal_donor_mean_cellwise_log1p10k	0.0	NA	NA	NA	NA	SC_SOURCE_DESCRIPTIVE	NA	DONE	Donor-equal descriptive expression	GSE242230	UniProtKB:Q86W10	primary_tumor	Normal epithelial (author)	21	6	350	291	0.0	0.0	0.0	0.0	Author labels,predeclared coarse mapping	mean_donor(mean_cell(log1p(10000*counts/all_gene_library)))	NA	0.0
PDAC	GSE242230	06_EXTERNAL	20260922T131800Z_author_identity_v4	PDAC_author_cell_identity_v4	sc_expression_source	NA	NA	CYP4Z1	author_source_label	2	25	equal_donor_mean_cellwise_log1p10k	NA	NA	NA	NA	NA	SC_SOURCE_DESCRIPTIVE	NA	NOT_EVALUABLE	GENE_MISSING_OR_LT3_ELIGIBLE_LABELS	GSE242230	UniProtKB:Q86W10	primary_tumor	Platelet	13	2	122	64	NA	NA	NA	NA	Author labels,predeclared coarse mapping	mean_donor(mean_cell(log1p(10000*counts/all_gene_library)))	NA	NA
PDAC	GSE242230	06_EXTERNAL	20260922T131800Z_author_identity_v4	PDAC_author_cell_identity_v4	sc_expression_source	NA	NA	CYP4Z1	author_source_label	21	25	equal_donor_mean_cellwise_log1p10k	0.0	NA	NA	NA	NA	SC_SOURCE_DESCRIPTIVE	NA	DONE	Donor-equal descriptive expression	GSE242230	UniProtKB:Q86W10	primary_tumor	T/NK	25	21	9408	9383	0.0	0.0	0.0	0.0	Author labels,predeclared coarse mapping	mean_donor(mean_cell(log1p(10000*counts/all_gene_library)))	NA	0.0
PDAC	GSE242230	06_EXTERNAL	20260922T131800Z_author_identity_v4	PDAC_author_cell_identity_v4	sc_expression_source	NA	NA	D2HGDH	author_source_label	1	25	equal_donor_mean_cellwise_log1p10k	NA	NA	NA	NA	NA	SC_SOURCE_DESCRIPTIVE	NA	NOT_EVALUABLE	GENE_MISSING_OR_LT3_ELIGIBLE_LABELS	GSE242230	UniProtKB:Q8N465	primary_tumor	Acinar	17	1	91	20	NA	NA	NA	NA	Author labels,predeclared coarse mapping	mean_donor(mean_cell(log1p(10000*counts/all_gene_library)))	NA	NA
PDAC	GSE242230	06_EXTERNAL	20260922T131800Z_author_identity_v4	PDAC_author_cell_identity_v4	sc_expression_source	NA	NA	D2HGDH	author_source_label	15	25	equal_donor_mean_cellwise_log1p10k	0.037570702977826	NA	NA	NA	NA	SC_SOURCE_DESCRIPTIVE	NA	DONE	Donor-equal descriptive expression	GSE242230	UniProtKB:Q8N465	primary_tumor	B/Plasma	23	15	1740	1675	0.0318769976071741	0.0440579667708676	0.0152011536902736	0.0522189265029061	Author labels,predeclared coarse mapping	mean_donor(mean_cell(log1p(10000*counts/all_gene_library)))	0.0	0.20989794911265774
PDAC	GSE242230	06_EXTERNAL	20260922T131800Z_author_identity_v4	PDAC_author_cell_identity_v4	sc_expression_source	NA	NA	D2HGDH	author_source_label	3	25	equal_donor_mean_cellwise_log1p10k	0.1578439598368346	NA	NA	NA	NA	SC_SOURCE_DESCRIPTIVE	NA	DONE	Donor-equal descriptive expression	GSE242230	UniProtKB:Q8N465	primary_tumor	Endothelial	18	3	274	186	0.1057174426970911	0.1478546785873374	0.1132582693978877	0.197435009651033	Author labels,predeclared coarse mapping	mean_donor(mean_cell(log1p(10000*counts/all_gene_library)))	0.161	0.8818340042539553
PDAC	GSE242230	06_EXTERNAL	20260922T131800Z_author_identity_v4	PDAC_author_cell_identity_v4	sc_expression_source	NA	NA	D2HGDH	author_source_label	3	25	equal_donor_mean_cellwise_log1p10k	0.0003300774343453	NA	NA	NA	NA	SC_SOURCE_DESCRIPTIVE	NA	DONE	Donor-equal descriptive expression	GSE242230	UniProtKB:Q8N465	primary_tumor	Erythrocyte	12	3	1199	1158	0.0002989536621823	0.0	0.0	0.000495116151518	Author labels,predeclared coarse mapping	mean_donor(mean_cell(log1p(10000*counts/all_gene_library)))	0.0	0.0018440585622881893
PDAC	GSE242230	06_EXTERNAL	20260922T131800Z_author_identity_v4	PDAC_author_cell_identity_v4	sc_expression_source	NA	NA	D2HGDH	author_source_label	7	25	equal_donor_mean_cellwise_log1p10k	0.0967808839083467	NA	NA	NA	NA	SC_SOURCE_DESCRIPTIVE	NA	DONE	Donor-equal descriptive expression	GSE242230	UniProtKB:Q8N465	primary_tumor	Fibroblast/CAF	20	7	911	810	0.1398613342246311	0.1062538554890759	0.0749843608599153	0.1282227894119068	Author labels,predeclared coarse mapping	mean_donor(mean_cell(log1p(10000*counts/all_gene_library)))	0.001	0.5406901504521078
PDAC	GSE242230	06_EXTERNAL	20260922T131800Z_author_identity_v4	PDAC_author_cell_identity_v4	sc_expression_source	NA	NA	D2HGDH	author_source_label	23	25	equal_donor_mean_cellwise_log1p10k	0.1380019362963603	NA	NA	NA	NA	SC_SOURCE_DESCRIPTIVE	NA	DONE	Donor-equal descriptive expression	GSE242230	UniProtKB:Q8N465	primary_tumor	Malignant (author)	25	23	10783	10759	0.2132474993909276	0.1356254597289976	0.0828578610373891	0.1884313761903625	Author labels,predeclared coarse mapping	mean_donor(mean_cell(log1p(10000*counts/all_gene_library)))	0.151	0.7709816720564802
PDAC	GSE242230	06_EXTERNAL	20260922T131800Z_author_identity_v4	PDAC_author_cell_identity_v4	sc_expression_source	NA	NA	D2HGDH	author_source_label	1	25	equal_donor_mean_cellwise_log1p10k	NA	NA	NA	NA	NA	SC_SOURCE_DESCRIPTIVE	NA	NOT_EVALUABLE	GENE_MISSING_OR_LT3_ELIGIBLE_LABELS	GSE242230	UniProtKB:Q8N465	primary_tumor	Mast	11	1	91	23	NA	NA	NA	NA	Author labels,predeclared coarse mapping	mean_donor(mean_cell(log1p(10000*counts/all_gene_library)))	NA	NA
PDAC	GSE242230	06_EXTERNAL	20260922T131800Z_author_identity_v4	PDAC_author_cell_identity_v4	sc_expression_source	NA	NA	D2HGDH	author_source_label	20	25	equal_donor_mean_cellwise_log1p10k	0.0682561498928428	NA	NA	NA	NA	SC_SOURCE_DESCRIPTIVE	NA	DONE	Donor-equal descriptive expression	GSE242230	UniProtKB:Q8N465	primary_tumor	Myeloid	25	20	6246	6224	0.0751340978409626	0.0684577316656913	0.0408961731727676	0.0818681034083579	Author labels,predeclared coarse mapping	mean_donor(mean_cell(log1p(10000*counts/all_gene_library)))	0.0	0.3813297261243545
PDAC	GSE242230	06_EXTERNAL	20260922T131800Z_author_identity_v4	PDAC_author_cell_identity_v4	sc_expression_source	NA	NA	D2HGDH	author_source_label	6	25	equal_donor_mean_cellwise_log1p10k	0.1789950932663035	NA	NA	NA	NA	SC_SOURCE_DESCRIPTIVE	NA	DONE	Donor-equal descriptive expression	GSE242230	UniProtKB:Q8N465	primary_tumor	Normal epithelial (author)	21	6	350	291	0.2933323936322436	0.1696076761545661	0.1036031774501892	0.2306202351576389	Author labels,predeclared coarse mapping	mean_donor(mean_cell(log1p(10000*counts/all_gene_library)))	0.687	1.0
PDAC	GSE242230	06_EXTERNAL	20260922T131800Z_author_identity_v4	PDAC_author_cell_identity_v4	sc_expression_source	NA	NA	D2HGDH	author_source_label	2	25	equal_donor_mean_cellwise_log1p10k	NA	NA	NA	NA	NA	SC_SOURCE_DESCRIPTIVE	NA	NOT_EVALUABLE	GENE_MISSING_OR_LT3_ELIGIBLE_LABELS	GSE242230	UniProtKB:Q8N465	primary_tumor	Platelet	13	2	122	64	NA	NA	NA	NA	Author labels,predeclared coarse mapping	mean_donor(mean_cell(log1p(10000*counts/all_gene_library)))	NA	NA
PDAC	GSE242230	06_EXTERNAL	20260922T131800Z_author_identity_v4	PDAC_author_cell_identity_v4	sc_expression_source	NA	NA	D2HGDH	author_source_label	21	25	equal_donor_mean_cellwise_log1p10k	0.0782766357085807	NA	NA	NA	NA	SC_SOURCE_DESCRIPTIVE	NA	DONE	Donor-equal descriptive expression	GSE242230	UniProtKB:Q8N465	primary_tumor	T/NK	25	21	9408	9383	0.0574043040996493	0.0796926915173359	0.0587410394586703	0.0928071856355874	Author labels,predeclared coarse mapping	mean_donor(mean_cell(log1p(10000*counts/all_gene_library)))	0.0	0.43731162838147236
PDAC	GSE242230	06_EXTERNAL	20260922T131800Z_author_identity_v4	PDAC_author_cell_identity_v4	sc_expression_source	NA	NA	DAGLA	author_source_label	1	25	equal_donor_mean_cellwise_log1p10k	NA	NA	NA	NA	NA	SC_SOURCE_DESCRIPTIVE	NA	NOT_EVALUABLE	GENE_MISSING_OR_LT3_ELIGIBLE_LABELS	GSE242230	UniProtKB:Q9Y4D2	primary_tumor	Acinar	17	1	91	20	NA	NA	NA	NA	Author labels,predeclared coarse mapping	mean_donor(mean_cell(log1p(10000*counts/all_gene_library)))	NA	NA
PDAC	GSE242230	06_EXTERNAL	20260922T131800Z_author_identity_v4	PDAC_author_cell_identity_v4	sc_expression_source	NA	NA	DAGLA	author_source_label	15	25	equal_donor_mean_cellwise_log1p10k	0.0	NA	NA	NA	NA	SC_SOURCE_DESCRIPTIVE	NA	DONE	Donor-equal descriptive expression	GSE242230	UniProtKB:Q9Y4D2	primary_tumor	B/Plasma	23	15	1740	1675	0.0	0.0	0.0	0.0	Author labels,predeclared coarse mapping	mean_donor(mean_cell(log1p(10000*counts/all_gene_library)))	0.0	0.0
PDAC	GSE242230	06_EXTERNAL	20260922T131800Z_author_identity_v4	PDAC_author_cell_identity_v4	sc_expression_source	NA	NA	DAGLA	author_source_label	3	25	equal_donor_mean_cellwise_log1p10k	0.003225142537173	NA	NA	NA	NA	SC_SOURCE_DESCRIPTIVE	NA	DONE	Donor-equal descriptive expression	GSE242230	UniProtKB:Q9Y4D2	primary_tumor	Endothelial	18	3	274	186	0.0028985507246376	0.0	0.0	0.0048377138057595	Author labels,predeclared coarse mapping	mean_donor(mean_cell(log1p(10000*counts/all_gene_library)))	0.0	0.0719043296657825
PDAC	GSE242230	06_EXTERNAL	20260922T131800Z_author_identity_v4	PDAC_author_cell_identity_v4	sc_expression_source	NA	NA	DAGLA	author_source_label	3	25	equal_donor_mean_cellwise_log1p10k	0.0	NA	NA	NA	NA	SC_SOURCE_DESCRIPTIVE	NA	DONE	Donor-equal descriptive expression	GSE242230	UniProtKB:Q9Y4D2	primary_tumor	Erythrocyte	12	3	1199	1158	0.0	0.0	0.0	0.0	Author labels,predeclared coarse mapping	mean_donor(mean_cell(log1p(10000*counts/all_gene_library)))	0.0	0.0
PDAC	GSE242230	06_EXTERNAL	20260922T131800Z_author_identity_v4	PDAC_author_cell_identity_v4	sc_expression_source	NA	NA	DAGLA	author_source_label	7	25	equal_donor_mean_cellwise_log1p10k	0.0138369916889368	NA	NA	NA	NA	SC_SOURCE_DESCRIPTIVE	NA	DONE	Donor-equal descriptive expression	GSE242230	UniProtKB:Q9Y4D2	primary_tumor	Fibroblast/CAF	20	7	911	810	0.0242780834649641	0.00638281200241	0.0053304646269786	0.0197043105239192	Author labels,predeclared coarse mapping	mean_donor(mean_cell(log1p(10000*counts/all_gene_library)))	0.008	0.3084947720965285
PDAC	GSE242230	06_EXTERNAL	20260922T131800Z_author_identity_v4	PDAC_author_cell_identity_v4	sc_expression_source	NA	NA	DAGLA	author_source_label	23	25	equal_donor_mean_cellwise_log1p10k	0.0150860362690549	NA	NA	NA	NA	SC_SOURCE_DESCRIPTIVE	NA	DONE	Donor-equal descriptive expression	GSE242230	UniProtKB:Q9Y4D2	primary_tumor	Malignant (author)	25	23	10783	10759	0.0366949633347189	0.012749809781928	0.0106942773935048	0.0185537680204565	Author labels,predeclared coarse mapping	mean_donor(mean_cell(log1p(10000*counts/all_gene_library)))	0.012	0.3363421345683885
PDAC	GSE242230	06_EXTERNAL	20260922T131800Z_author_identity_v4	PDAC_author_cell_identity_v4	sc_expression_source	NA	NA	DAGLA	author_source_label	1	25	equal_donor_mean_cellwise_log1p10k	NA	NA	NA	NA	NA	SC_SOURCE_DESCRIPTIVE	NA	NOT_EVALUABLE	GENE_MISSING_OR_LT3_ELIGIBLE_LABELS	GSE242230	UniProtKB:Q9Y4D2	primary_tumor	Mast	11	1	91	23	NA	NA	NA	NA	Author labels,predeclared coarse mapping	mean_donor(mean_cell(log1p(10000*counts/all_gene_library)))	NA	NA
PDAC	GSE242230	06_EXTERNAL	20260922T131800Z_author_identity_v4	PDAC_author_cell_identity_v4	sc_expression_source	NA	NA	DAGLA	author_source_label	20	25	equal_donor_mean_cellwise_log1p10k	0.0161341598772598	NA	NA	NA	NA	SC_SOURCE_DESCRIPTIVE	NA	DONE	Donor-equal descriptive expression	GSE242230	UniProtKB:Q9Y4D2	primary_tumor	Myeloid	25	20	6246	6224	0.0252464167416633	0.0134782521722163	0.0062006209236633	0.0246283488553421	Author labels,predeclared coarse mapping	mean_donor(mean_cell(log1p(10000*counts/all_gene_library)))	0.018	0.35970997787646
PDAC	GSE242230	06_EXTERNAL	20260922T131800Z_author_identity_v4	PDAC_author_cell_identity_v4	sc_expression_source	NA	NA	DAGLA	author_source_label	6	25	equal_donor_mean_cellwise_log1p10k	0.0448532453075321	NA	NA	NA	NA	SC_SOURCE_DESCRIPTIVE	NA	DONE	Donor-equal descriptive expression	GSE242230	UniProtKB:Q9Y4D2	primary_tumor	Normal epithelial (author)	21	6	350	291	0.0655808313791822	0.0447650966510832	0.0341017507249529	0.0556137941849852	Author labels,predeclared coarse mapping	mean_donor(mean_cell(log1p(10000*counts/all_gene_library)))	0.962	1.0
PDAC	GSE242230	06_EXTERNAL	20260922T131800Z_author_identity_v4	PDAC_author_cell_identity_v4	sc_expression_source	NA	NA	DAGLA	author_source_label	2	25	equal_donor_mean_cellwise_log1p10k	NA	NA	NA	NA	NA	SC_SOURCE_DESCRIPTIVE	NA	NOT_EVALUABLE	GENE_MISSING_OR_LT3_ELIGIBLE_LABELS	GSE242230	UniProtKB:Q9Y4D2	primary_tumor	Platelet	13	2	122	64	NA	NA	NA	NA	Author labels,predeclared coarse mapping	mean_donor(mean_cell(log1p(10000*counts/all_gene_library)))	NA	NA
PDAC	GSE242230	06_EXTERNAL	20260922T131800Z_author_identity_v4	PDAC_author_cell_identity_v4	sc_expression_source	NA	NA	DAGLA	author_source_label	21	25	equal_donor_mean_cellwise_log1p10k	0.0021190467263769	NA	NA	NA	NA	SC_SOURCE_DESCRIPTIVE	NA	DONE	Donor-equal descriptive expression	GSE242230	UniProtKB:Q9Y4D2	primary_tumor	T/NK	25	21	9408	9383	0.0017307857770745	0.0	0.0	0.0024730496922127	Author labels,predeclared coarse mapping	mean_donor(mean_cell(log1p(10000*counts/all_gene_library)))	0.0	0.04724400011298744
PDAC	GSE242230	06_EXTERNAL	20260922T131800Z_author_identity_v4	PDAC_author_cell_identity_v4	sc_expression_source	NA	NA	DAGLB	author_source_label	1	25	equal_donor_mean_cellwise_log1p10k	NA	NA	NA	NA	NA	SC_SOURCE_DESCRIPTIVE	NA	NOT_EVALUABLE	GENE_MISSING_OR_LT3_ELIGIBLE_LABELS	GSE242230	UniProtKB:Q8NCG7	primary_tumor	Acinar	17	1	91	20	NA	NA	NA	NA	Author labels,predeclared coarse mapping	mean_donor(mean_cell(log1p(10000*counts/all_gene_library)))	NA	NA
PDAC	GSE242230	06_EXTERNAL	20260922T131800Z_author_identity_v4	PDAC_author_cell_identity_v4	sc_expression_source	NA	NA	DAGLB	author_source_label	15	25	equal_donor_mean_cellwise_log1p10k	0.0295166548104395	NA	NA	NA	NA	SC_SOURCE_DESCRIPTIVE	NA	DONE	Donor-equal descriptive expression	GSE242230	UniProtKB:Q8NCG7	primary_tumor	B/Plasma	23	15	1740	1675	0.0244655969383066	0.0363749075519325	0.0193042400646542	0.0408284599916397	Author labels,predeclared coarse mapping	mean_donor(mean_cell(log1p(10000*counts/all_gene_library)))	0.0	0.25069449306889924
PDAC	GSE242230	06_EXTERNAL	20260922T131800Z_author_identity_v4	PDAC_author_cell_identity_v4	sc_expression_source	NA	NA	DAGLB	author_source_label	3	25	equal_donor_mean_cellwise_log1p10k	0.029180020046362	NA	NA	NA	NA	SC_SOURCE_DESCRIPTIVE	NA	DONE	Donor-equal descriptive expression	GSE242230	UniProtKB:Q8NCG7	primary_tumor	Endothelial	18	3	274	186	0.0370772946859903	0.0162958314115309	0.0081479157057654	0.043770030069543	Author labels,predeclared coarse mapping	mean_donor(mean_cell(log1p(10000*counts/all_gene_library)))	0.0	0.2478353451718303
PDAC	GSE242230	06_EXTERNAL	20260922T131800Z_author_identity_v4	PDAC_author_cell_identity_v4	sc_expression_source	NA	NA	DAGLB	author_source_label	3	25	equal_donor_mean_cellwise_log1p10k	0.0	NA	NA	NA	NA	SC_SOURCE_DESCRIPTIVE	NA	DONE	Donor-equal descriptive expression	GSE242230	UniProtKB:Q8NCG7	primary_tumor	Erythrocyte	12	3	1199	1158	0.0	0.0	0.0	0.0	Author labels,predeclared coarse mapping	mean_donor(mean_cell(log1p(10000*counts/all_gene_library)))	0.0	0.0
PDAC	GSE242230	06_EXTERNAL	20260922T131800Z_author_identity_v4	PDAC_author_cell_identity_v4	sc_expression_source	NA	NA	DAGLB	author_source_label	7	25	equal_donor_mean_cellwise_log1p10k	0.046733517074585	NA	NA	NA	NA	SC_SOURCE_DESCRIPTIVE	NA	DONE	Donor-equal descriptive expression	GSE242230	UniProtKB:Q8NCG7	primary_tumor	Fibroblast/CAF	20	7	911	810	0.0697935082568969	0.0553513979626311	0.0359661534471066	0.0608660468998033	Author labels,predeclared coarse mapping	mean_donor(mean_cell(log1p(10000*counts/all_gene_library)))	0.0	0.3969228710902618
PDAC	GSE242230	06_EXTERNAL	20260922T131800Z_author_identity_v4	PDAC_author_cell_identity_v4	sc_expression_source	NA	NA	DAGLB	author_source_label	23	25	equal_donor_mean_cellwise_log1p10k	0.0834988314319456	NA	NA	NA	NA	SC_SOURCE_DESCRIPTIVE	NA	DONE	Donor-equal descriptive expression	GSE242230	UniProtKB:Q8NCG7	primary_tumor	Malignant (author)	25	23	10783	10759	0.147047025825963	0.0762757141183062	0.0514291534638328	0.1071351808562297	Author labels,predeclared coarse mapping	mean_donor(mean_cell(log1p(10000*counts/all_gene_library)))	0.003	0.7091825734355764
PDAC	GSE242230	06_EXTERNAL	20260922T131800Z_author_identity_v4	PDAC_author_cell_identity_v4	sc_expression_source	NA	NA	DAGLB	author_source_label	1	25	equal_donor_mean_cellwise_log1p10k	NA	NA	NA	NA	NA	SC_SOURCE_DESCRIPTIVE	NA	NOT_EVALUABLE	GENE_MISSING_OR_LT3_ELIGIBLE_LABELS	GSE242230	UniProtKB:Q8NCG7	primary_tumor	Mast	11	1	91	23	NA	NA	NA	NA	Author labels,predeclared coarse mapping	mean_donor(mean_cell(log1p(10000*counts/all_gene_library)))	NA	NA
PDAC	GSE242230	06_EXTERNAL	20260922T131800Z_author_identity_v4	PDAC_author_cell_identity_v4	sc_expression_source	NA	NA	DAGLB	author_source_label	20	25	equal_donor_mean_cellwise_log1p10k	0.1177395420581789	NA	NA	NA	NA	SC_SOURCE_DESCRIPTIVE	NA	DONE	Donor-equal descriptive expression	GSE242230	UniProtKB:Q8NCG7	primary_tumor	Myeloid	25	20	6246	6224	0.124332279334813	0.1160774699006854	0.1008885791328383	0.137300793575022	Author labels,predeclared coarse mapping	mean_donor(mean_cell(log1p(10000*counts/all_gene_library)))	0.997	1.0
PDAC	GSE242230	06_EXTERNAL	20260922T131800Z_author_identity_v4	PDAC_author_cell_identity_v4	sc_expression_source	NA	NA	DAGLB	author_source_label	6	25	equal_donor_mean_cellwise_log1p10k	0.0558923361607103	NA	NA	NA	NA	SC_SOURCE_DESCRIPTIVE	NA	DONE	Donor-equal descriptive expression	GSE242230	UniProtKB:Q8NCG7	primary_tumor	Normal epithelial (author)	21	6	350	291	0.1328551536197713	0.0647086150654091	0.0396442006959456	0.068584230387632	Author labels,predeclared coarse mapping	mean_donor(mean_cell(log1p(10000*counts/all_gene_library)))	0.0	0.47471168295433064
PDAC	GSE242230	06_EXTERNAL	20260922T131800Z_author_identity_v4	PDAC_author_cell_identity_v4	sc_expression_source	NA	NA	DAGLB	author_source_label	2	25	equal_donor_mean_cellwise_log1p10k	NA	NA	NA	NA	NA	SC_SOURCE_DESCRIPTIVE	NA	NOT_EVALUABLE	GENE_MISSING_OR_LT3_ELIGIBLE_LABELS	GSE242230	UniProtKB:Q8NCG7	primary_tumor	Platelet	13	2	122	64	NA	NA	NA	NA	Author labels,predeclared coarse mapping	mean_donor(mean_cell(log1p(10000*counts/all_gene_library)))	NA	NA
PDAC	GSE242230	06_EXTERNAL	20260922T131800Z_author_identity_v4	PDAC_author_cell_identity_v4	sc_expression_source	NA	NA	DAGLB	author_source_label	21	25	equal_donor_mean_cellwise_log1p10k	0.0478266704034488	NA	NA	NA	NA	SC_SOURCE_DESCRIPTIVE	NA	DONE	Donor-equal descriptive expression	GSE242230	UniProtKB:Q8NCG7	primary_tumor	T/NK	25	21	9408	9383	0.0346314415875825	0.0415575132554539	0.0323474473664429	0.0516068902013128	Author labels,predeclared coarse mapping	mean_donor(mean_cell(log1p(10000*counts/all_gene_library)))	0.0	0.40620737576689486
PDAC	GSE242230	06_EXTERNAL	20260922T131800Z_author_identity_v4	PDAC_author_cell_identity_v4	sc_expression_source	NA	NA	DAO	author_source_label	1	25	equal_donor_mean_cellwise_log1p10k	NA	NA	NA	NA	NA	SC_SOURCE_DESCRIPTIVE	NA	NOT_EVALUABLE	GENE_MISSING_OR_LT3_ELIGIBLE_LABELS	GSE242230	UniProtKB:P14920	primary_tumor	Acinar	17	1	91	20	NA	NA	NA	NA	Author labels,predeclared coarse mapping	mean_donor(mean_cell(log1p(10000*counts/all_gene_library)))	NA	NA
PDAC	GSE242230	06_EXTERNAL	20260922T131800Z_author_identity_v4	PDAC_author_cell_identity_v4	sc_expression_source	NA	NA	DAO	author_source_label	15	25	equal_donor_mean_cellwise_log1p10k	0.0	NA	NA	NA	NA	SC_SOURCE_DESCRIPTIVE	NA	DONE	Donor-equal descriptive expression	GSE242230	UniProtKB:P14920	primary_tumor	B/Plasma	23	15	1740	1675	0.0	0.0	0.0	0.0	Author labels,predeclared coarse mapping	mean_donor(mean_cell(log1p(10000*counts/all_gene_library)))	NA	0.0
PDAC	GSE242230	06_EXTERNAL	20260922T131800Z_author_identity_v4	PDAC_author_cell_identity_v4	sc_expression_source	NA	NA	DAO	author_source_label	3	25	equal_donor_mean_cellwise_log1p10k	0.0	NA	NA	NA	NA	SC_SOURCE_DESCRIPTIVE	NA	DONE	Donor-equal descriptive expression	GSE242230	UniProtKB:P14920	primary_tumor	Endothelial	18	3	274	186	0.0	0.0	0.0	0.0	Author labels,predeclared coarse mapping	mean_donor(mean_cell(log1p(10000*counts/all_gene_library)))	NA	0.0
PDAC	GSE242230	06_EXTERNAL	20260922T131800Z_author_identity_v4	PDAC_author_cell_identity_v4	sc_expression_source	NA	NA	DAO	author_source_label	3	25	equal_donor_mean_cellwise_log1p10k	0.0	NA	NA	NA	NA	SC_SOURCE_DESCRIPTIVE	NA	DONE	Donor-equal descriptive expression	GSE242230	UniProtKB:P14920	primary_tumor	Erythrocyte	12	3	1199	1158	0.0	0.0	0.0	0.0	Author labels,predeclared coarse mapping	mean_donor(mean_cell(log1p(10000*counts/all_gene_library)))	NA	0.0
PDAC	GSE242230	06_EXTERNAL	20260922T131800Z_author_identity_v4	PDAC_author_cell_identity_v4	sc_expression_source	NA	NA	DAO	author_source_label	7	25	equal_donor_mean_cellwise_log1p10k	0.0	NA	NA	NA	NA	SC_SOURCE_DESCRIPTIVE	NA	DONE	Donor-equal descriptive expression	GSE242230	UniProtKB:P14920	primary_tumor	Fibroblast/CAF	20	7	911	810	0.0	0.0	0.0	0.0	Author labels,predeclared coarse mapping	mean_donor(mean_cell(log1p(10000*counts/all_gene_library)))	NA	0.0
PDAC	GSE242230	06_EXTERNAL	20260922T131800Z_author_identity_v4	PDAC_author_cell_identity_v4	sc_expression_source	NA	NA	DAO	author_source_label	23	25	equal_donor_mean_cellwise_log1p10k	0.0	NA	NA	NA	NA	SC_SOURCE_DESCRIPTIVE	NA	DONE	Donor-equal descriptive expression	GSE242230	UniProtKB:P14920	primary_tumor	Malignant (author)	25	23	10783	10759	0.0	0.0	0.0	0.0	Author labels,predeclared coarse mapping	mean_donor(mean_cell(log1p(10000*counts/all_gene_library)))	NA	0.0
PDAC	GSE242230	06_EXTERNAL	20260922T131800Z_author_identity_v4	PDAC_author_cell_identity_v4	sc_expression_source	NA	NA	DAO	author_source_label	1	25	equal_donor_mean_cellwise_log1p10k	NA	NA	NA	NA	NA	SC_SOURCE_DESCRIPTIVE	NA	NOT_EVALUABLE	GENE_MISSING_OR_LT3_ELIGIBLE_LABELS	GSE242230	UniProtKB:P14920	primary_tumor	Mast	11	1	91	23	NA	NA	NA	NA	Author labels,predeclared coarse mapping	mean_donor(mean_cell(log1p(10000*counts/all_gene_library)))	NA	NA
PDAC	GSE242230	06_EXTERNAL	20260922T131800Z_author_identity_v4	PDAC_author_cell_identity_v4	sc_expression_source	NA	NA	DAO	author_source_label	20	25	equal_donor_mean_cellwise_log1p10k	0.0050875144669844	NA	NA	NA	NA	SC_SOURCE_DESCRIPTIVE	NA	DONE	Donor-equal descriptive expression	GSE242230	UniProtKB:P14920	primary_tumor	Myeloid	25	20	6246	6224	0.0047954113409232	0.0017764662278375	0.0	0.0062174127106249	Author labels,predeclared coarse mapping	mean_donor(mean_cell(log1p(10000*counts/all_gene_library)))	NA	1.0
PDAC	GSE242230	06_EXTERNAL	20260922T131800Z_author_identity_v4	PDAC_author_cell_identity_v4	sc_expression_source	NA	NA	DAO	author_source_label	6	25	equal_donor_mean_cellwise_log1p10k	0.0	NA	NA	NA	NA	SC_SOURCE_DESCRIPTIVE	NA	DONE	Donor-equal descriptive expression	GSE242230	UniProtKB:P14920	primary_tumor	Normal epithelial (author)	21	6	350	291	0.0	0.0	0.0	0.0	Author labels,predeclared coarse mapping	mean_donor(mean_cell(log1p(10000*counts/all_gene_library)))	NA	0.0
PDAC	GSE242230	06_EXTERNAL	20260922T131800Z_author_identity_v4	PDAC_author_cell_identity_v4	sc_expression_source	NA	NA	DAO	author_source_label	2	25	equal_donor_mean_cellwise_log1p10k	NA	NA	NA	NA	NA	SC_SOURCE_DESCRIPTIVE	NA	NOT_EVALUABLE	GENE_MISSING_OR_LT3_ELIGIBLE_LABELS	GSE242230	UniProtKB:P14920	primary_tumor	Platelet	13	2	122	64	NA	NA	NA	NA	Author labels,predeclared coarse mapping	mean_donor(mean_cell(log1p(10000*counts/all_gene_library)))	NA	NA
PDAC	GSE242230	06_EXTERNAL	20260922T131800Z_author_identity_v4	PDAC_author_cell_identity_v4	sc_expression_source	NA	NA	DAO	author_source_label	21	25	equal_donor_mean_cellwise_log1p10k	0.0002840946913638	NA	NA	NA	NA	SC_SOURCE_DESCRIPTIVE	NA	DONE	Donor-equal descriptive expression	GSE242230	UniProtKB:P14920	primary_tumor	T/NK	25	21	9408	9383	0.0001392369813422	0.0	0.0	0.0	Author labels,predeclared coarse mapping	mean_donor(mean_cell(log1p(10000*counts/all_gene_library)))	NA	0.05584154958328713
PDAC	GSE242230	06_EXTERNAL	20260922T131800Z_author_identity_v4	PDAC_author_cell_identity_v4	sc_expression_source	NA	NA	DCK	author_source_label	1	25	equal_donor_mean_cellwise_log1p10k	NA	NA	NA	NA	NA	SC_SOURCE_DESCRIPTIVE	NA	NOT_EVALUABLE	GENE_MISSING_OR_LT3_ELIGIBLE_LABELS	GSE242230	UniProtKB:P27707	primary_tumor	Acinar	17	1	91	20	NA	NA	NA	NA	Author labels,predeclared coarse mapping	mean_donor(mean_cell(log1p(10000*counts/all_gene_library)))	NA	NA
PDAC	GSE242230	06_EXTERNAL	20260922T131800Z_author_identity_v4	PDAC_author_cell_identity_v4	sc_expression_source	NA	NA	DCK	author_source_label	15	25	equal_donor_mean_cellwise_log1p10k	0.2974446441083497	NA	NA	NA	NA	SC_SOURCE_DESCRIPTIVE	NA	DONE	Donor-equal descriptive expression	GSE242230	UniProtKB:P27707	primary_tumor	B/Plasma	23	15	1740	1675	0.2171434544753427	0.275709214207788	0.2274869817641137	0.3067803820967081	Author labels,predeclared coarse mapping	mean_donor(mean_cell(log1p(10000*counts/all_gene_library)))	0.957	1.0
PDAC	GSE242230	06_EXTERNAL	20260922T131800Z_author_identity_v4	PDAC_author_cell_identity_v4	sc_expression_source	NA	NA	DCK	author_source_label	3	25	equal_donor_mean_cellwise_log1p10k	0.0423998390659073	NA	NA	NA	NA	SC_SOURCE_DESCRIPTIVE	NA	DONE	Donor-equal descriptive expression	GSE242230	UniProtKB:P27707	primary_tumor	Endothelial	18	3	274	186	0.0612524411553088	0.0553663063301758	0.0358310688708533	0.0554518428930955	Author labels,predeclared coarse mapping	mean_donor(mean_cell(log1p(10000*counts/all_gene_library)))	0.0	0.14254699119901576
PDAC	GSE242230	06_EXTERNAL	20260922T131800Z_author_identity_v4	PDAC_author_cell_identity_v4	sc_expression_source	NA	NA	DCK	author_source_label	3	25	equal_donor_mean_cellwise_log1p10k	0.1797555977145939	NA	NA	NA	NA	SC_SOURCE_DESCRIPTIVE	NA	DONE	Donor-equal descriptive expression	GSE242230	UniProtKB:P27707	primary_tumor	Erythrocyte	12	3	1199	1158	0.1964483005134204	0.1726300173351973	0.1661467550455569	0.1898016501939326	Author labels,predeclared coarse mapping	mean_donor(mean_cell(log1p(10000*counts/all_gene_library)))	0.0	0.6043329448860898
PDAC	GSE242230	06_EXTERNAL	20260922T131800Z_author_identity_v4	PDAC_author_cell_identity_v4	sc_expression_source	NA	NA	DCK	author_source_label	7	25	equal_donor_mean_cellwise_log1p10k	0.0640840344816376	NA	NA	NA	NA	SC_SOURCE_DESCRIPTIVE	NA	DONE	Donor-equal descriptive expression	GSE242230	UniProtKB:P27707	primary_tumor	Fibroblast/CAF	20	7	911	810	0.0775532834136423	0.0625053250909557	0.0432180716714686	0.0849184685598763	Author labels,predeclared coarse mapping	mean_donor(mean_cell(log1p(10000*counts/all_gene_library)))	0.0	0.2154486078367369
PDAC	GSE242230	06_EXTERNAL	20260922T131800Z_author_identity_v4	PDAC_author_cell_identity_v4	sc_expression_source	NA	NA	DCK	author_source_label	23	25	equal_donor_mean_cellwise_log1p10k	0.074634998735292	NA	NA	NA	NA	SC_SOURCE_DESCRIPTIVE	NA	DONE	Donor-equal descriptive expression	GSE242230	UniProtKB:P27707	primary_tumor	Malignant (author)	25	23	10783	10759	0.1133271402093104	0.0648977517803244	0.0458723580217161	0.0959201327225718	Author labels,predeclared coarse mapping	mean_donor(mean_cell(log1p(10000*counts/all_gene_library)))	0.0	0.25092063418733074
PDAC	GSE242230	06_EXTERNAL	20260922T131800Z_author_identity_v4	PDAC_author_cell_identity_v4	sc_expression_source	NA	NA	DCK	author_source_label	1	25	equal_donor_mean_cellwise_log1p10k	NA	NA	NA	NA	NA	SC_SOURCE_DESCRIPTIVE	NA	NOT_EVALUABLE	GENE_MISSING_OR_LT3_ELIGIBLE_LABELS	GSE242230	UniProtKB:P27707	primary_tumor	Mast	11	1	91	23	NA	NA	NA	NA	Author labels,predeclared coarse mapping	mean_donor(mean_cell(log1p(10000*counts/all_gene_library)))	NA	NA
PDAC	GSE242230	06_EXTERNAL	20260922T131800Z_author_identity_v4	PDAC_author_cell_identity_v4	sc_expression_source	NA	NA	DCK	author_source_label	20	25	equal_donor_mean_cellwise_log1p10k	0.1435372068110598	NA	NA	NA	NA	SC_SOURCE_DESCRIPTIVE	NA	DONE	Donor-equal descriptive expression	GSE242230	UniProtKB:P27707	primary_tumor	Myeloid	25	20	6246	6224	0.1579660045407603	0.126944650115852	0.1107537841752175	0.1651215055093353	Author labels,predeclared coarse mapping	mean_donor(mean_cell(log1p(10000*counts/all_gene_library)))	0.0	0.48256779758580465
PDAC	GSE242230	06_EXTERNAL	20260922T131800Z_author_identity_v4	PDAC_author_cell_identity_v4	sc_expression_source	NA	NA	DCK	author_source_label	6	25	equal_donor_mean_cellwise_log1p10k	0.095739638142448	NA	NA	NA	NA	SC_SOURCE_DESCRIPTIVE	NA	DONE	Donor-equal descriptive expression	GSE242230	UniProtKB:P27707	primary_tumor	Normal epithelial (author)	21	6	350	291	0.1858391317161931	0.0753286674382718	0.0625381677291121	0.1374561150871388	Author labels,predeclared coarse mapping	mean_donor(mean_cell(log1p(10000*counts/all_gene_library)))	0.0	0.32187380085274986
PDAC	GSE242230	06_EXTERNAL	20260922T131800Z_author_identity_v4	PDAC_author_cell_identity_v4	sc_expression_source	NA	NA	DCK	author_source_label	2	25	equal_donor_mean_cellwise_log1p10k	NA	NA	NA	NA	NA	SC_SOURCE_DESCRIPTIVE	NA	NOT_EVALUABLE	GENE_MISSING_OR_LT3_ELIGIBLE_LABELS	GSE242230	UniProtKB:P27707	primary_tumor	Platelet	13	2	122	64	NA	NA	NA	NA	Author labels,predeclared coarse mapping	mean_donor(mean_cell(log1p(10000*counts/all_gene_library)))	NA	NA
PDAC	GSE242230	06_EXTERNAL	20260922T131800Z_author_identity_v4	PDAC_author_cell_identity_v4	sc_expression_source	NA	NA	DCK	author_source_label	21	25	equal_donor_mean_cellwise_log1p10k	0.2419034809978139	NA	NA	NA	NA	SC_SOURCE_DESCRIPTIVE	NA	DONE	Donor-equal descriptive expression	GSE242230	UniProtKB:P27707	primary_tumor	T/NK	25	21	9408	9383	0.1823142374210591	0.2559612072687389	0.1906620863234686	0.306392316759928	Author labels,predeclared coarse mapping	mean_donor(mean_cell(log1p(10000*counts/all_gene_library)))	0.043	0.8132722702839997
