cancer	cohort	stage_id	run_id	analysis_version	analysis_type	metabolite_key	metabolite_name	gene	unit	n	n_reference	effect_type	effect	ci_lower	ci_upper	p_value	q_value	test_family	family_n_evaluable	status	reason	source_id	stable_gene_id	partition	celltype	n_source_labels_total	n_source_labels_eligible	n_cells_total	n_cells_eligible	mean_detection_fraction	median_donor_mean	q25	q75	annotation_origin	normalization	bootstrap_first_frequency	row_scaled
PDAC	GSE242230	06_EXTERNAL	20260922T131800Z_author_identity_v4	PDAC_author_cell_identity_v4	sc_expression_source	NA	NA	TOMT	author_source_label	1	25	equal_donor_mean_cellwise_log1p10k	NA	NA	NA	NA	NA	SC_SOURCE_DESCRIPTIVE	NA	NOT_EVALUABLE	GENE_MISSING_OR_LT3_ELIGIBLE_LABELS	GSE242230	UniProtKB:Q8WZ04	primary_tumor	Acinar	17	1	91	20	NA	NA	NA	NA	Author labels,predeclared coarse mapping	mean_donor(mean_cell(log1p(10000*counts/all_gene_library)))	NA	NA
PDAC	GSE242230	06_EXTERNAL	20260922T131800Z_author_identity_v4	PDAC_author_cell_identity_v4	sc_expression_source	NA	NA	TOMT	author_source_label	15	25	equal_donor_mean_cellwise_log1p10k	0.0151168541992942	NA	NA	NA	NA	SC_SOURCE_DESCRIPTIVE	NA	DONE	Donor-equal descriptive expression	GSE242230	UniProtKB:Q8WZ04	primary_tumor	B/Plasma	23	15	1740	1675	0.0120771390418548	0.0127052658430173	0.0023568627020085	0.0236171631294535	Author labels,predeclared coarse mapping	mean_donor(mean_cell(log1p(10000*counts/all_gene_library)))	0.002	0.2112543073163288
PDAC	GSE242230	06_EXTERNAL	20260922T131800Z_author_identity_v4	PDAC_author_cell_identity_v4	sc_expression_source	NA	NA	TOMT	author_source_label	3	25	equal_donor_mean_cellwise_log1p10k	0.0258397581544851	NA	NA	NA	NA	SC_SOURCE_DESCRIPTIVE	NA	DONE	Donor-equal descriptive expression	GSE242230	UniProtKB:Q8WZ04	primary_tumor	Endothelial	18	3	274	186	0.0215849522047486	0.0314809531736431	0.0157404765868215	0.0387596372317276	Author labels,predeclared coarse mapping	mean_donor(mean_cell(log1p(10000*counts/all_gene_library)))	0.006	0.36110424418871984
PDAC	GSE242230	06_EXTERNAL	20260922T131800Z_author_identity_v4	PDAC_author_cell_identity_v4	sc_expression_source	NA	NA	TOMT	author_source_label	3	25	equal_donor_mean_cellwise_log1p10k	0.0	NA	NA	NA	NA	SC_SOURCE_DESCRIPTIVE	NA	DONE	Donor-equal descriptive expression	GSE242230	UniProtKB:Q8WZ04	primary_tumor	Erythrocyte	12	3	1199	1158	0.0	0.0	0.0	0.0	Author labels,predeclared coarse mapping	mean_donor(mean_cell(log1p(10000*counts/all_gene_library)))	0.0	0.0
PDAC	GSE242230	06_EXTERNAL	20260922T131800Z_author_identity_v4	PDAC_author_cell_identity_v4	sc_expression_source	NA	NA	TOMT	author_source_label	7	25	equal_donor_mean_cellwise_log1p10k	0.0233025161383698	NA	NA	NA	NA	SC_SOURCE_DESCRIPTIVE	NA	DONE	Donor-equal descriptive expression	GSE242230	UniProtKB:Q8WZ04	primary_tumor	Fibroblast/CAF	20	7	911	810	0.0351056083892167	0.0192259003802305	0.0040475305090619	0.0274447264649876	Author labels,predeclared coarse mapping	mean_donor(mean_cell(log1p(10000*counts/all_gene_library)))	0.003	0.3256469130838562
PDAC	GSE242230	06_EXTERNAL	20260922T131800Z_author_identity_v4	PDAC_author_cell_identity_v4	sc_expression_source	NA	NA	TOMT	author_source_label	23	25	equal_donor_mean_cellwise_log1p10k	0.0255696301136668	NA	NA	NA	NA	SC_SOURCE_DESCRIPTIVE	NA	DONE	Donor-equal descriptive expression	GSE242230	UniProtKB:Q8WZ04	primary_tumor	Malignant (author)	25	23	10783	10759	0.0526585491762257	0.0280823668842188	0.0139521884678391	0.0352644743241607	Author labels,predeclared coarse mapping	mean_donor(mean_cell(log1p(10000*counts/all_gene_library)))	0.033	0.35732927147300425
PDAC	GSE242230	06_EXTERNAL	20260922T131800Z_author_identity_v4	PDAC_author_cell_identity_v4	sc_expression_source	NA	NA	TOMT	author_source_label	1	25	equal_donor_mean_cellwise_log1p10k	NA	NA	NA	NA	NA	SC_SOURCE_DESCRIPTIVE	NA	NOT_EVALUABLE	GENE_MISSING_OR_LT3_ELIGIBLE_LABELS	GSE242230	UniProtKB:Q8WZ04	primary_tumor	Mast	11	1	91	23	NA	NA	NA	NA	Author labels,predeclared coarse mapping	mean_donor(mean_cell(log1p(10000*counts/all_gene_library)))	NA	NA
PDAC	GSE242230	06_EXTERNAL	20260922T131800Z_author_identity_v4	PDAC_author_cell_identity_v4	sc_expression_source	NA	NA	TOMT	author_source_label	20	25	equal_donor_mean_cellwise_log1p10k	0.0032847466503407	NA	NA	NA	NA	SC_SOURCE_DESCRIPTIVE	NA	DONE	Donor-equal descriptive expression	GSE242230	UniProtKB:Q8WZ04	primary_tumor	Myeloid	25	20	6246	6224	0.0052814160399238	0.0025239446348491	0.0	0.0051137323642415	Author labels,predeclared coarse mapping	mean_donor(mean_cell(log1p(10000*counts/all_gene_library)))	0.0	0.045903523919662764
PDAC	GSE242230	06_EXTERNAL	20260922T131800Z_author_identity_v4	PDAC_author_cell_identity_v4	sc_expression_source	NA	NA	TOMT	author_source_label	6	25	equal_donor_mean_cellwise_log1p10k	0.0715576140971103	NA	NA	NA	NA	SC_SOURCE_DESCRIPTIVE	NA	DONE	Donor-equal descriptive expression	GSE242230	UniProtKB:Q8WZ04	primary_tumor	Normal epithelial (author)	21	6	350	291	0.1466418500151633	0.0776734406783223	0.0668439407258389	0.0830932628749225	Author labels,predeclared coarse mapping	mean_donor(mean_cell(log1p(10000*counts/all_gene_library)))	0.956	1.0
PDAC	GSE242230	06_EXTERNAL	20260922T131800Z_author_identity_v4	PDAC_author_cell_identity_v4	sc_expression_source	NA	NA	TOMT	author_source_label	2	25	equal_donor_mean_cellwise_log1p10k	NA	NA	NA	NA	NA	SC_SOURCE_DESCRIPTIVE	NA	NOT_EVALUABLE	GENE_MISSING_OR_LT3_ELIGIBLE_LABELS	GSE242230	UniProtKB:Q8WZ04	primary_tumor	Platelet	13	2	122	64	NA	NA	NA	NA	Author labels,predeclared coarse mapping	mean_donor(mean_cell(log1p(10000*counts/all_gene_library)))	NA	NA
PDAC	GSE242230	06_EXTERNAL	20260922T131800Z_author_identity_v4	PDAC_author_cell_identity_v4	sc_expression_source	NA	NA	TOMT	author_source_label	21	25	equal_donor_mean_cellwise_log1p10k	0.0038969646456456	NA	NA	NA	NA	SC_SOURCE_DESCRIPTIVE	NA	DONE	Donor-equal descriptive expression	GSE242230	UniProtKB:Q8WZ04	primary_tumor	T/NK	25	21	9408	9383	0.0031845163467016	0.0046862470613731	0.0	0.0064034547223087	Author labels,predeclared coarse mapping	mean_donor(mean_cell(log1p(10000*counts/all_gene_library)))	0.0	0.05445911933783956
PDAC	GSE242230	06_EXTERNAL	20260922T131800Z_author_identity_v4	PDAC_author_cell_identity_v4	sc_expression_source	NA	NA	TPH1	author_source_label	1	25	equal_donor_mean_cellwise_log1p10k	NA	NA	NA	NA	NA	SC_SOURCE_DESCRIPTIVE	NA	NOT_EVALUABLE	GENE_MISSING_OR_LT3_ELIGIBLE_LABELS	GSE242230	UniProtKB:P17752	primary_tumor	Acinar	17	1	91	20	NA	NA	NA	NA	Author labels,predeclared coarse mapping	mean_donor(mean_cell(log1p(10000*counts/all_gene_library)))	NA	NA
PDAC	GSE242230	06_EXTERNAL	20260922T131800Z_author_identity_v4	PDAC_author_cell_identity_v4	sc_expression_source	NA	NA	TPH1	author_source_label	15	25	equal_donor_mean_cellwise_log1p10k	0.003930154253212	NA	NA	NA	NA	SC_SOURCE_DESCRIPTIVE	NA	DONE	Donor-equal descriptive expression	GSE242230	UniProtKB:P17752	primary_tumor	B/Plasma	23	15	1740	1675	0.002451203082782	0.0	0.0	0.0	Author labels,predeclared coarse mapping	mean_donor(mean_cell(log1p(10000*counts/all_gene_library)))	NA	0.30842520635492343
PDAC	GSE242230	06_EXTERNAL	20260922T131800Z_author_identity_v4	PDAC_author_cell_identity_v4	sc_expression_source	NA	NA	TPH1	author_source_label	3	25	equal_donor_mean_cellwise_log1p10k	0.0127426493432879	NA	NA	NA	NA	SC_SOURCE_DESCRIPTIVE	NA	DONE	Donor-equal descriptive expression	GSE242230	UniProtKB:P17752	primary_tumor	Endothelial	18	3	274	186	0.0057971014492753	0.0	0.0	0.0191139740149319	Author labels,predeclared coarse mapping	mean_donor(mean_cell(log1p(10000*counts/all_gene_library)))	NA	1.0
PDAC	GSE242230	06_EXTERNAL	20260922T131800Z_author_identity_v4	PDAC_author_cell_identity_v4	sc_expression_source	NA	NA	TPH1	author_source_label	3	25	equal_donor_mean_cellwise_log1p10k	0.0	NA	NA	NA	NA	SC_SOURCE_DESCRIPTIVE	NA	DONE	Donor-equal descriptive expression	GSE242230	UniProtKB:P17752	primary_tumor	Erythrocyte	12	3	1199	1158	0.0	0.0	0.0	0.0	Author labels,predeclared coarse mapping	mean_donor(mean_cell(log1p(10000*counts/all_gene_library)))	NA	0.0
PDAC	GSE242230	06_EXTERNAL	20260922T131800Z_author_identity_v4	PDAC_author_cell_identity_v4	sc_expression_source	NA	NA	TPH1	author_source_label	7	25	equal_donor_mean_cellwise_log1p10k	0.0002947292349811	NA	NA	NA	NA	SC_SOURCE_DESCRIPTIVE	NA	DONE	Donor-equal descriptive expression	GSE242230	UniProtKB:P17752	primary_tumor	Fibroblast/CAF	20	7	911	810	0.0004859086491739	0.0	0.0	0.0	Author labels,predeclared coarse mapping	mean_donor(mean_cell(log1p(10000*counts/all_gene_library)))	NA	0.023129353012946757
PDAC	GSE242230	06_EXTERNAL	20260922T131800Z_author_identity_v4	PDAC_author_cell_identity_v4	sc_expression_source	NA	NA	TPH1	author_source_label	23	25	equal_donor_mean_cellwise_log1p10k	0.0038681196674846	NA	NA	NA	NA	SC_SOURCE_DESCRIPTIVE	NA	DONE	Donor-equal descriptive expression	GSE242230	UniProtKB:P17752	primary_tumor	Malignant (author)	25	23	10783	10759	0.0048158128374596	0.000921245950718	0.0	0.0037929387639451	Author labels,predeclared coarse mapping	mean_donor(mean_cell(log1p(10000*counts/all_gene_library)))	NA	0.3035569419888419
PDAC	GSE242230	06_EXTERNAL	20260922T131800Z_author_identity_v4	PDAC_author_cell_identity_v4	sc_expression_source	NA	NA	TPH1	author_source_label	1	25	equal_donor_mean_cellwise_log1p10k	NA	NA	NA	NA	NA	SC_SOURCE_DESCRIPTIVE	NA	NOT_EVALUABLE	GENE_MISSING_OR_LT3_ELIGIBLE_LABELS	GSE242230	UniProtKB:P17752	primary_tumor	Mast	11	1	91	23	NA	NA	NA	NA	Author labels,predeclared coarse mapping	mean_donor(mean_cell(log1p(10000*counts/all_gene_library)))	NA	NA
PDAC	GSE242230	06_EXTERNAL	20260922T131800Z_author_identity_v4	PDAC_author_cell_identity_v4	sc_expression_source	NA	NA	TPH1	author_source_label	20	25	equal_donor_mean_cellwise_log1p10k	0.0006458623294909	NA	NA	NA	NA	SC_SOURCE_DESCRIPTIVE	NA	DONE	Donor-equal descriptive expression	GSE242230	UniProtKB:P17752	primary_tumor	Myeloid	25	20	6246	6224	0.0011940000515528	0.0	0.0	0.0	Author labels,predeclared coarse mapping	mean_donor(mean_cell(log1p(10000*counts/all_gene_library)))	NA	0.050685090053985
PDAC	GSE242230	06_EXTERNAL	20260922T131800Z_author_identity_v4	PDAC_author_cell_identity_v4	sc_expression_source	NA	NA	TPH1	author_source_label	6	25	equal_donor_mean_cellwise_log1p10k	0.0025720791414414	NA	NA	NA	NA	SC_SOURCE_DESCRIPTIVE	NA	DONE	Donor-equal descriptive expression	GSE242230	UniProtKB:P17752	primary_tumor	Normal epithelial (author)	21	6	350	291	0.0040180230397621	0.0	0.0	0.0041570882098084	Author labels,predeclared coarse mapping	mean_donor(mean_cell(log1p(10000*counts/all_gene_library)))	NA	0.20184806723856247
PDAC	GSE242230	06_EXTERNAL	20260922T131800Z_author_identity_v4	PDAC_author_cell_identity_v4	sc_expression_source	NA	NA	TPH1	author_source_label	2	25	equal_donor_mean_cellwise_log1p10k	NA	NA	NA	NA	NA	SC_SOURCE_DESCRIPTIVE	NA	NOT_EVALUABLE	GENE_MISSING_OR_LT3_ELIGIBLE_LABELS	GSE242230	UniProtKB:P17752	primary_tumor	Platelet	13	2	122	64	NA	NA	NA	NA	Author labels,predeclared coarse mapping	mean_donor(mean_cell(log1p(10000*counts/all_gene_library)))	NA	NA
PDAC	GSE242230	06_EXTERNAL	20260922T131800Z_author_identity_v4	PDAC_author_cell_identity_v4	sc_expression_source	NA	NA	TPH1	author_source_label	21	25	equal_donor_mean_cellwise_log1p10k	0.0030549645447536	NA	NA	NA	NA	SC_SOURCE_DESCRIPTIVE	NA	DONE	Donor-equal descriptive expression	GSE242230	UniProtKB:P17752	primary_tumor	T/NK	25	21	9408	9383	0.0017380246627961	0.0	0.0	0.0017902297167514	Author labels,predeclared coarse mapping	mean_donor(mean_cell(log1p(10000*counts/all_gene_library)))	NA	0.239743279631467
PDAC	GSE242230	06_EXTERNAL	20260922T131800Z_author_identity_v4	PDAC_author_cell_identity_v4	sc_expression_source	NA	NA	TPH2	author_source_label	1	25	equal_donor_mean_cellwise_log1p10k	NA	NA	NA	NA	NA	SC_SOURCE_DESCRIPTIVE	NA	NOT_EVALUABLE	GENE_MISSING_OR_LT3_ELIGIBLE_LABELS	GSE242230	UniProtKB:Q8IWU9	primary_tumor	Acinar	17	1	91	20	NA	NA	NA	NA	Author labels,predeclared coarse mapping	mean_donor(mean_cell(log1p(10000*counts/all_gene_library)))	NA	NA
PDAC	GSE242230	06_EXTERNAL	20260922T131800Z_author_identity_v4	PDAC_author_cell_identity_v4	sc_expression_source	NA	NA	TPH2	author_source_label	15	25	equal_donor_mean_cellwise_log1p10k	0.0	NA	NA	NA	NA	SC_SOURCE_DESCRIPTIVE	NA	DONE	Donor-equal descriptive expression	GSE242230	UniProtKB:Q8IWU9	primary_tumor	B/Plasma	23	15	1740	1675	0.0	0.0	0.0	0.0	Author labels,predeclared coarse mapping	mean_donor(mean_cell(log1p(10000*counts/all_gene_library)))	NA	0.0
PDAC	GSE242230	06_EXTERNAL	20260922T131800Z_author_identity_v4	PDAC_author_cell_identity_v4	sc_expression_source	NA	NA	TPH2	author_source_label	3	25	equal_donor_mean_cellwise_log1p10k	0.0	NA	NA	NA	NA	SC_SOURCE_DESCRIPTIVE	NA	DONE	Donor-equal descriptive expression	GSE242230	UniProtKB:Q8IWU9	primary_tumor	Endothelial	18	3	274	186	0.0	0.0	0.0	0.0	Author labels,predeclared coarse mapping	mean_donor(mean_cell(log1p(10000*counts/all_gene_library)))	NA	0.0
PDAC	GSE242230	06_EXTERNAL	20260922T131800Z_author_identity_v4	PDAC_author_cell_identity_v4	sc_expression_source	NA	NA	TPH2	author_source_label	3	25	equal_donor_mean_cellwise_log1p10k	0.0	NA	NA	NA	NA	SC_SOURCE_DESCRIPTIVE	NA	DONE	Donor-equal descriptive expression	GSE242230	UniProtKB:Q8IWU9	primary_tumor	Erythrocyte	12	3	1199	1158	0.0	0.0	0.0	0.0	Author labels,predeclared coarse mapping	mean_donor(mean_cell(log1p(10000*counts/all_gene_library)))	NA	0.0
PDAC	GSE242230	06_EXTERNAL	20260922T131800Z_author_identity_v4	PDAC_author_cell_identity_v4	sc_expression_source	NA	NA	TPH2	author_source_label	7	25	equal_donor_mean_cellwise_log1p10k	0.0	NA	NA	NA	NA	SC_SOURCE_DESCRIPTIVE	NA	DONE	Donor-equal descriptive expression	GSE242230	UniProtKB:Q8IWU9	primary_tumor	Fibroblast/CAF	20	7	911	810	0.0	0.0	0.0	0.0	Author labels,predeclared coarse mapping	mean_donor(mean_cell(log1p(10000*counts/all_gene_library)))	NA	0.0
PDAC	GSE242230	06_EXTERNAL	20260922T131800Z_author_identity_v4	PDAC_author_cell_identity_v4	sc_expression_source	NA	NA	TPH2	author_source_label	23	25	equal_donor_mean_cellwise_log1p10k	0.0005681072093982	NA	NA	NA	NA	SC_SOURCE_DESCRIPTIVE	NA	DONE	Donor-equal descriptive expression	GSE242230	UniProtKB:Q8IWU9	primary_tumor	Malignant (author)	25	23	10783	10759	0.0005027242994417	0.0	0.0	0.0	Author labels,predeclared coarse mapping	mean_donor(mean_cell(log1p(10000*counts/all_gene_library)))	NA	1.0
PDAC	GSE242230	06_EXTERNAL	20260922T131800Z_author_identity_v4	PDAC_author_cell_identity_v4	sc_expression_source	NA	NA	TPH2	author_source_label	1	25	equal_donor_mean_cellwise_log1p10k	NA	NA	NA	NA	NA	SC_SOURCE_DESCRIPTIVE	NA	NOT_EVALUABLE	GENE_MISSING_OR_LT3_ELIGIBLE_LABELS	GSE242230	UniProtKB:Q8IWU9	primary_tumor	Mast	11	1	91	23	NA	NA	NA	NA	Author labels,predeclared coarse mapping	mean_donor(mean_cell(log1p(10000*counts/all_gene_library)))	NA	NA
PDAC	GSE242230	06_EXTERNAL	20260922T131800Z_author_identity_v4	PDAC_author_cell_identity_v4	sc_expression_source	NA	NA	TPH2	author_source_label	20	25	equal_donor_mean_cellwise_log1p10k	0.0	NA	NA	NA	NA	SC_SOURCE_DESCRIPTIVE	NA	DONE	Donor-equal descriptive expression	GSE242230	UniProtKB:Q8IWU9	primary_tumor	Myeloid	25	20	6246	6224	0.0	0.0	0.0	0.0	Author labels,predeclared coarse mapping	mean_donor(mean_cell(log1p(10000*counts/all_gene_library)))	NA	0.0
PDAC	GSE242230	06_EXTERNAL	20260922T131800Z_author_identity_v4	PDAC_author_cell_identity_v4	sc_expression_source	NA	NA	TPH2	author_source_label	6	25	equal_donor_mean_cellwise_log1p10k	0.0	NA	NA	NA	NA	SC_SOURCE_DESCRIPTIVE	NA	DONE	Donor-equal descriptive expression	GSE242230	UniProtKB:Q8IWU9	primary_tumor	Normal epithelial (author)	21	6	350	291	0.0	0.0	0.0	0.0	Author labels,predeclared coarse mapping	mean_donor(mean_cell(log1p(10000*counts/all_gene_library)))	NA	0.0
PDAC	GSE242230	06_EXTERNAL	20260922T131800Z_author_identity_v4	PDAC_author_cell_identity_v4	sc_expression_source	NA	NA	TPH2	author_source_label	2	25	equal_donor_mean_cellwise_log1p10k	NA	NA	NA	NA	NA	SC_SOURCE_DESCRIPTIVE	NA	NOT_EVALUABLE	GENE_MISSING_OR_LT3_ELIGIBLE_LABELS	GSE242230	UniProtKB:Q8IWU9	primary_tumor	Platelet	13	2	122	64	NA	NA	NA	NA	Author labels,predeclared coarse mapping	mean_donor(mean_cell(log1p(10000*counts/all_gene_library)))	NA	NA
PDAC	GSE242230	06_EXTERNAL	20260922T131800Z_author_identity_v4	PDAC_author_cell_identity_v4	sc_expression_source	NA	NA	TPH2	author_source_label	21	25	equal_donor_mean_cellwise_log1p10k	0.0	NA	NA	NA	NA	SC_SOURCE_DESCRIPTIVE	NA	DONE	Donor-equal descriptive expression	GSE242230	UniProtKB:Q8IWU9	primary_tumor	T/NK	25	21	9408	9383	0.0	0.0	0.0	0.0	Author labels,predeclared coarse mapping	mean_donor(mean_cell(log1p(10000*counts/all_gene_library)))	NA	0.0
PDAC	GSE242230	06_EXTERNAL	20260922T131800Z_author_identity_v4	PDAC_author_cell_identity_v4	sc_expression_source	NA	NA	TPMT	author_source_label	1	25	equal_donor_mean_cellwise_log1p10k	NA	NA	NA	NA	NA	SC_SOURCE_DESCRIPTIVE	NA	NOT_EVALUABLE	GENE_MISSING_OR_LT3_ELIGIBLE_LABELS	GSE242230	UniProtKB:P51580	primary_tumor	Acinar	17	1	91	20	NA	NA	NA	NA	Author labels,predeclared coarse mapping	mean_donor(mean_cell(log1p(10000*counts/all_gene_library)))	NA	NA
PDAC	GSE242230	06_EXTERNAL	20260922T131800Z_author_identity_v4	PDAC_author_cell_identity_v4	sc_expression_source	NA	NA	TPMT	author_source_label	15	25	equal_donor_mean_cellwise_log1p10k	0.0336356048050948	NA	NA	NA	NA	SC_SOURCE_DESCRIPTIVE	NA	DONE	Donor-equal descriptive expression	GSE242230	UniProtKB:P51580	primary_tumor	B/Plasma	23	15	1740	1675	0.02821968749152	0.0364940787336528	0.0201131867214562	0.0454603481782033	Author labels,predeclared coarse mapping	mean_donor(mean_cell(log1p(10000*counts/all_gene_library)))	0.0	0.20698956450745418
PDAC	GSE242230	06_EXTERNAL	20260922T131800Z_author_identity_v4	PDAC_author_cell_identity_v4	sc_expression_source	NA	NA	TPMT	author_source_label	3	25	equal_donor_mean_cellwise_log1p10k	0.0548834305811983	NA	NA	NA	NA	SC_SOURCE_DESCRIPTIVE	NA	DONE	Donor-equal descriptive expression	GSE242230	UniProtKB:P51580	primary_tumor	Endothelial	18	3	274	186	0.0767447836365505	0.0622024463339392	0.0500802615284056	0.0633461075103613	Author labels,predeclared coarse mapping	mean_donor(mean_cell(log1p(10000*counts/all_gene_library)))	0.0	0.33774619069601447
PDAC	GSE242230	06_EXTERNAL	20260922T131800Z_author_identity_v4	PDAC_author_cell_identity_v4	sc_expression_source	NA	NA	TPMT	author_source_label	3	25	equal_donor_mean_cellwise_log1p10k	0.0	NA	NA	NA	NA	SC_SOURCE_DESCRIPTIVE	NA	DONE	Donor-equal descriptive expression	GSE242230	UniProtKB:P51580	primary_tumor	Erythrocyte	12	3	1199	1158	0.0	0.0	0.0	0.0	Author labels,predeclared coarse mapping	mean_donor(mean_cell(log1p(10000*counts/all_gene_library)))	0.0	0.0
PDAC	GSE242230	06_EXTERNAL	20260922T131800Z_author_identity_v4	PDAC_author_cell_identity_v4	sc_expression_source	NA	NA	TPMT	author_source_label	7	25	equal_donor_mean_cellwise_log1p10k	0.0607072745069252	NA	NA	NA	NA	SC_SOURCE_DESCRIPTIVE	NA	DONE	Donor-equal descriptive expression	GSE242230	UniProtKB:P51580	primary_tumor	Fibroblast/CAF	20	7	911	810	0.1010531795859333	0.0702415296722933	0.0353352257334989	0.0834855329384861	Author labels,predeclared coarse mapping	mean_donor(mean_cell(log1p(10000*counts/all_gene_library)))	0.0	0.3735854427306025
PDAC	GSE242230	06_EXTERNAL	20260922T131800Z_author_identity_v4	PDAC_author_cell_identity_v4	sc_expression_source	NA	NA	TPMT	author_source_label	23	25	equal_donor_mean_cellwise_log1p10k	0.1175327179003725	NA	NA	NA	NA	SC_SOURCE_DESCRIPTIVE	NA	DONE	Donor-equal descriptive expression	GSE242230	UniProtKB:P51580	primary_tumor	Malignant (author)	25	23	10783	10759	0.1943184405075016	0.1036318228021321	0.0634564078045163	0.1748679492003084	Author labels,predeclared coarse mapping	mean_donor(mean_cell(log1p(10000*counts/all_gene_library)))	0.006	0.7232825523592364
PDAC	GSE242230	06_EXTERNAL	20260922T131800Z_author_identity_v4	PDAC_author_cell_identity_v4	sc_expression_source	NA	NA	TPMT	author_source_label	1	25	equal_donor_mean_cellwise_log1p10k	NA	NA	NA	NA	NA	SC_SOURCE_DESCRIPTIVE	NA	NOT_EVALUABLE	GENE_MISSING_OR_LT3_ELIGIBLE_LABELS	GSE242230	UniProtKB:P51580	primary_tumor	Mast	11	1	91	23	NA	NA	NA	NA	Author labels,predeclared coarse mapping	mean_donor(mean_cell(log1p(10000*counts/all_gene_library)))	NA	NA
PDAC	GSE242230	06_EXTERNAL	20260922T131800Z_author_identity_v4	PDAC_author_cell_identity_v4	sc_expression_source	NA	NA	TPMT	author_source_label	20	25	equal_donor_mean_cellwise_log1p10k	0.159153820242856	NA	NA	NA	NA	SC_SOURCE_DESCRIPTIVE	NA	DONE	Donor-equal descriptive expression	GSE242230	UniProtKB:P51580	primary_tumor	Myeloid	25	20	6246	6224	0.1821436540363999	0.1479685514385239	0.1316188347329107	0.1901617656289853	Author labels,predeclared coarse mapping	mean_donor(mean_cell(log1p(10000*counts/all_gene_library)))	0.489	0.9794139315365153
PDAC	GSE242230	06_EXTERNAL	20260922T131800Z_author_identity_v4	PDAC_author_cell_identity_v4	sc_expression_source	NA	NA	TPMT	author_source_label	6	25	equal_donor_mean_cellwise_log1p10k	0.1624990365341993	NA	NA	NA	NA	SC_SOURCE_DESCRIPTIVE	NA	DONE	Donor-equal descriptive expression	GSE242230	UniProtKB:P51580	primary_tumor	Normal epithelial (author)	21	6	350	291	0.2999041077751722	0.155818356907818	0.1087998115308973	0.1867080233971077	Author labels,predeclared coarse mapping	mean_donor(mean_cell(log1p(10000*counts/all_gene_library)))	0.505	1.0
PDAC	GSE242230	06_EXTERNAL	20260922T131800Z_author_identity_v4	PDAC_author_cell_identity_v4	sc_expression_source	NA	NA	TPMT	author_source_label	2	25	equal_donor_mean_cellwise_log1p10k	NA	NA	NA	NA	NA	SC_SOURCE_DESCRIPTIVE	NA	NOT_EVALUABLE	GENE_MISSING_OR_LT3_ELIGIBLE_LABELS	GSE242230	UniProtKB:P51580	primary_tumor	Platelet	13	2	122	64	NA	NA	NA	NA	Author labels,predeclared coarse mapping	mean_donor(mean_cell(log1p(10000*counts/all_gene_library)))	NA	NA
PDAC	GSE242230	06_EXTERNAL	20260922T131800Z_author_identity_v4	PDAC_author_cell_identity_v4	sc_expression_source	NA	NA	TPMT	author_source_label	21	25	equal_donor_mean_cellwise_log1p10k	0.0622336564072715	NA	NA	NA	NA	SC_SOURCE_DESCRIPTIVE	NA	DONE	Donor-equal descriptive expression	GSE242230	UniProtKB:P51580	primary_tumor	T/NK	25	21	9408	9383	0.0477421253827274	0.0626285687436857	0.0414883559518135	0.0770510151320876	Author labels,predeclared coarse mapping	mean_donor(mean_cell(log1p(10000*counts/all_gene_library)))	0.0	0.3829786178096748
PDAC	GSE242230	06_EXTERNAL	20260922T131800Z_author_identity_v4	PDAC_author_cell_identity_v4	sc_expression_source	NA	NA	TRDMT1	author_source_label	1	25	equal_donor_mean_cellwise_log1p10k	NA	NA	NA	NA	NA	SC_SOURCE_DESCRIPTIVE	NA	NOT_EVALUABLE	GENE_MISSING_OR_LT3_ELIGIBLE_LABELS	GSE242230	UniProtKB:O14717	primary_tumor	Acinar	17	1	91	20	NA	NA	NA	NA	Author labels,predeclared coarse mapping	mean_donor(mean_cell(log1p(10000*counts/all_gene_library)))	NA	NA
PDAC	GSE242230	06_EXTERNAL	20260922T131800Z_author_identity_v4	PDAC_author_cell_identity_v4	sc_expression_source	NA	NA	TRDMT1	author_source_label	15	25	equal_donor_mean_cellwise_log1p10k	0.0487263650168203	NA	NA	NA	NA	SC_SOURCE_DESCRIPTIVE	NA	DONE	Donor-equal descriptive expression	GSE242230	UniProtKB:O14717	primary_tumor	B/Plasma	23	15	1740	1675	0.0396206722729316	0.0411044549332741	0.01142037095338	0.0692261956433268	Author labels,predeclared coarse mapping	mean_donor(mean_cell(log1p(10000*counts/all_gene_library)))	0.0	0.4646852904941343
PDAC	GSE242230	06_EXTERNAL	20260922T131800Z_author_identity_v4	PDAC_author_cell_identity_v4	sc_expression_source	NA	NA	TRDMT1	author_source_label	3	25	equal_donor_mean_cellwise_log1p10k	0.0616572087815727	NA	NA	NA	NA	SC_SOURCE_DESCRIPTIVE	NA	DONE	Donor-equal descriptive expression	GSE242230	UniProtKB:O14717	primary_tumor	Endothelial	18	3	274	186	0.0541602425737485	0.0684908337998646	0.0564662772180585	0.0702649528542328	Author labels,predeclared coarse mapping	mean_donor(mean_cell(log1p(10000*counts/all_gene_library)))	0.0	0.5880019567195753
PDAC	GSE242230	06_EXTERNAL	20260922T131800Z_author_identity_v4	PDAC_author_cell_identity_v4	sc_expression_source	NA	NA	TRDMT1	author_source_label	3	25	equal_donor_mean_cellwise_log1p10k	0.0	NA	NA	NA	NA	SC_SOURCE_DESCRIPTIVE	NA	DONE	Donor-equal descriptive expression	GSE242230	UniProtKB:O14717	primary_tumor	Erythrocyte	12	3	1199	1158	0.0	0.0	0.0	0.0	Author labels,predeclared coarse mapping	mean_donor(mean_cell(log1p(10000*counts/all_gene_library)))	0.0	0.0
PDAC	GSE242230	06_EXTERNAL	20260922T131800Z_author_identity_v4	PDAC_author_cell_identity_v4	sc_expression_source	NA	NA	TRDMT1	author_source_label	7	25	equal_donor_mean_cellwise_log1p10k	0.0492648607616258	NA	NA	NA	NA	SC_SOURCE_DESCRIPTIVE	NA	DONE	Donor-equal descriptive expression	GSE242230	UniProtKB:O14717	primary_tumor	Fibroblast/CAF	20	7	911	810	0.0841486126008047	0.0521096461407106	0.0299296116775228	0.0667604627915386	Author labels,predeclared coarse mapping	mean_donor(mean_cell(log1p(10000*counts/all_gene_library)))	0.0	0.4698207249046104
PDAC	GSE242230	06_EXTERNAL	20260922T131800Z_author_identity_v4	PDAC_author_cell_identity_v4	sc_expression_source	NA	NA	TRDMT1	author_source_label	23	25	equal_donor_mean_cellwise_log1p10k	0.0260310108889567	NA	NA	NA	NA	SC_SOURCE_DESCRIPTIVE	NA	DONE	Donor-equal descriptive expression	GSE242230	UniProtKB:O14717	primary_tumor	Malignant (author)	25	23	10783	10759	0.0500550644769348	0.0217628726865276	0.0147626061406078	0.0279989919173489	Author labels,predeclared coarse mapping	mean_donor(mean_cell(log1p(10000*counts/all_gene_library)))	0.0	0.2482481065972233
PDAC	GSE242230	06_EXTERNAL	20260922T131800Z_author_identity_v4	PDAC_author_cell_identity_v4	sc_expression_source	NA	NA	TRDMT1	author_source_label	1	25	equal_donor_mean_cellwise_log1p10k	NA	NA	NA	NA	NA	SC_SOURCE_DESCRIPTIVE	NA	NOT_EVALUABLE	GENE_MISSING_OR_LT3_ELIGIBLE_LABELS	GSE242230	UniProtKB:O14717	primary_tumor	Mast	11	1	91	23	NA	NA	NA	NA	Author labels,predeclared coarse mapping	mean_donor(mean_cell(log1p(10000*counts/all_gene_library)))	NA	NA
PDAC	GSE242230	06_EXTERNAL	20260922T131800Z_author_identity_v4	PDAC_author_cell_identity_v4	sc_expression_source	NA	NA	TRDMT1	author_source_label	20	25	equal_donor_mean_cellwise_log1p10k	0.0468005375828536	NA	NA	NA	NA	SC_SOURCE_DESCRIPTIVE	NA	DONE	Donor-equal descriptive expression	GSE242230	UniProtKB:O14717	primary_tumor	Myeloid	25	20	6246	6224	0.0549663639688338	0.0439334511136993	0.0290580086785822	0.0558864550283686	Author labels,predeclared coarse mapping	mean_donor(mean_cell(log1p(10000*counts/all_gene_library)))	0.0	0.44631938775779295
PDAC	GSE242230	06_EXTERNAL	20260922T131800Z_author_identity_v4	PDAC_author_cell_identity_v4	sc_expression_source	NA	NA	TRDMT1	author_source_label	6	25	equal_donor_mean_cellwise_log1p10k	0.0991955943049064	NA	NA	NA	NA	SC_SOURCE_DESCRIPTIVE	NA	DONE	Donor-equal descriptive expression	GSE242230	UniProtKB:O14717	primary_tumor	Normal epithelial (author)	21	6	350	291	0.140114184360811	0.0916239226109561	0.0416231662953112	0.1475977368020423	Author labels,predeclared coarse mapping	mean_donor(mean_cell(log1p(10000*counts/all_gene_library)))	0.406	0.9459916318281051
PDAC	GSE242230	06_EXTERNAL	20260922T131800Z_author_identity_v4	PDAC_author_cell_identity_v4	sc_expression_source	NA	NA	TRDMT1	author_source_label	2	25	equal_donor_mean_cellwise_log1p10k	NA	NA	NA	NA	NA	SC_SOURCE_DESCRIPTIVE	NA	NOT_EVALUABLE	GENE_MISSING_OR_LT3_ELIGIBLE_LABELS	GSE242230	UniProtKB:O14717	primary_tumor	Platelet	13	2	122	64	NA	NA	NA	NA	Author labels,predeclared coarse mapping	mean_donor(mean_cell(log1p(10000*counts/all_gene_library)))	NA	NA
PDAC	GSE242230	06_EXTERNAL	20260922T131800Z_author_identity_v4	PDAC_author_cell_identity_v4	sc_expression_source	NA	NA	TRDMT1	author_source_label	21	25	equal_donor_mean_cellwise_log1p10k	0.1048588496636206	NA	NA	NA	NA	SC_SOURCE_DESCRIPTIVE	NA	DONE	Donor-equal descriptive expression	GSE242230	UniProtKB:O14717	primary_tumor	T/NK	25	21	9408	9383	0.077009556564286	0.0997775900746074	0.0779439222355405	0.1311665271274341	Author labels,predeclared coarse mapping	mean_donor(mean_cell(log1p(10000*counts/all_gene_library)))	0.594	1.0
PDAC	GSE242230	06_EXTERNAL	20260922T131800Z_author_identity_v4	PDAC_author_cell_identity_v4	sc_expression_source	NA	NA	TRMO	author_source_label	1	25	equal_donor_mean_cellwise_log1p10k	NA	NA	NA	NA	NA	SC_SOURCE_DESCRIPTIVE	NA	NOT_EVALUABLE	GENE_MISSING_OR_LT3_ELIGIBLE_LABELS	GSE242230	UniProtKB:Q9BU70	primary_tumor	Acinar	17	1	91	20	NA	NA	NA	NA	Author labels,predeclared coarse mapping	mean_donor(mean_cell(log1p(10000*counts/all_gene_library)))	NA	NA
PDAC	GSE242230	06_EXTERNAL	20260922T131800Z_author_identity_v4	PDAC_author_cell_identity_v4	sc_expression_source	NA	NA	TRMO	author_source_label	15	25	equal_donor_mean_cellwise_log1p10k	0.0610325180057321	NA	NA	NA	NA	SC_SOURCE_DESCRIPTIVE	NA	DONE	Donor-equal descriptive expression	GSE242230	UniProtKB:Q9BU70	primary_tumor	B/Plasma	23	15	1740	1675	0.0559031584440458	0.0548916741132555	0.0369331927365948	0.0678751502619122	Author labels,predeclared coarse mapping	mean_donor(mean_cell(log1p(10000*counts/all_gene_library)))	0.0	0.5276691747404216
PDAC	GSE242230	06_EXTERNAL	20260922T131800Z_author_identity_v4	PDAC_author_cell_identity_v4	sc_expression_source	NA	NA	TRMO	author_source_label	3	25	equal_donor_mean_cellwise_log1p10k	0.06381463987148	NA	NA	NA	NA	SC_SOURCE_DESCRIPTIVE	NA	DONE	Donor-equal descriptive expression	GSE242230	UniProtKB:Q9BU70	primary_tumor	Endothelial	18	3	274	186	0.076140918902251	0.0471256170633545	0.0457790889315376	0.0735056794073597	Author labels,predeclared coarse mapping	mean_donor(mean_cell(log1p(10000*counts/all_gene_library)))	0.0	0.5517225809719751
PDAC	GSE242230	06_EXTERNAL	20260922T131800Z_author_identity_v4	PDAC_author_cell_identity_v4	sc_expression_source	NA	NA	TRMO	author_source_label	3	25	equal_donor_mean_cellwise_log1p10k	0.0014863508003994	NA	NA	NA	NA	SC_SOURCE_DESCRIPTIVE	NA	DONE	Donor-equal descriptive expression	GSE242230	UniProtKB:Q9BU70	primary_tumor	Erythrocyte	12	3	1199	1158	0.0017937219730941	0.0	0.0	0.0022295262005992	Author labels,predeclared coarse mapping	mean_donor(mean_cell(log1p(10000*counts/all_gene_library)))	0.0	0.012850551244630866
PDAC	GSE242230	06_EXTERNAL	20260922T131800Z_author_identity_v4	PDAC_author_cell_identity_v4	sc_expression_source	NA	NA	TRMO	author_source_label	7	25	equal_donor_mean_cellwise_log1p10k	0.038017902422756	NA	NA	NA	NA	SC_SOURCE_DESCRIPTIVE	NA	DONE	Donor-equal descriptive expression	GSE242230	UniProtKB:Q9BU70	primary_tumor	Fibroblast/CAF	20	7	911	810	0.0713400828703169	0.0424617100111019	0.034347269277322	0.0456977736882825	Author labels,predeclared coarse mapping	mean_donor(mean_cell(log1p(10000*counts/all_gene_library)))	0.0	0.32869158691590344
PDAC	GSE242230	06_EXTERNAL	20260922T131800Z_author_identity_v4	PDAC_author_cell_identity_v4	sc_expression_source	NA	NA	TRMO	author_source_label	23	25	equal_donor_mean_cellwise_log1p10k	0.0483479753073755	NA	NA	NA	NA	SC_SOURCE_DESCRIPTIVE	NA	DONE	Donor-equal descriptive expression	GSE242230	UniProtKB:Q9BU70	primary_tumor	Malignant (author)	25	23	10783	10759	0.0958655819608661	0.0458994392139431	0.0334857622186863	0.0660969709222441	Author labels,predeclared coarse mapping	mean_donor(mean_cell(log1p(10000*counts/all_gene_library)))	0.0	0.4180023545549453
PDAC	GSE242230	06_EXTERNAL	20260922T131800Z_author_identity_v4	PDAC_author_cell_identity_v4	sc_expression_source	NA	NA	TRMO	author_source_label	1	25	equal_donor_mean_cellwise_log1p10k	NA	NA	NA	NA	NA	SC_SOURCE_DESCRIPTIVE	NA	NOT_EVALUABLE	GENE_MISSING_OR_LT3_ELIGIBLE_LABELS	GSE242230	UniProtKB:Q9BU70	primary_tumor	Mast	11	1	91	23	NA	NA	NA	NA	Author labels,predeclared coarse mapping	mean_donor(mean_cell(log1p(10000*counts/all_gene_library)))	NA	NA
PDAC	GSE242230	06_EXTERNAL	20260922T131800Z_author_identity_v4	PDAC_author_cell_identity_v4	sc_expression_source	NA	NA	TRMO	author_source_label	20	25	equal_donor_mean_cellwise_log1p10k	0.0690232392774306	NA	NA	NA	NA	SC_SOURCE_DESCRIPTIVE	NA	DONE	Donor-equal descriptive expression	GSE242230	UniProtKB:Q9BU70	primary_tumor	Myeloid	25	20	6246	6224	0.0816484584322778	0.0612508085358843	0.0513361795175336	0.0765629305131067	Author labels,predeclared coarse mapping	mean_donor(mean_cell(log1p(10000*counts/all_gene_library)))	0.0	0.596754597344514
PDAC	GSE242230	06_EXTERNAL	20260922T131800Z_author_identity_v4	PDAC_author_cell_identity_v4	sc_expression_source	NA	NA	TRMO	author_source_label	6	25	equal_donor_mean_cellwise_log1p10k	0.0980963271303368	NA	NA	NA	NA	SC_SOURCE_DESCRIPTIVE	NA	DONE	Donor-equal descriptive expression	GSE242230	UniProtKB:Q9BU70	primary_tumor	Normal epithelial (author)	21	6	350	291	0.2000595321997121	0.0873059989023616	0.0713023793489836	0.1025062808291698	Author labels,predeclared coarse mapping	mean_donor(mean_cell(log1p(10000*counts/all_gene_library)))	0.227	0.8481119520100707
PDAC	GSE242230	06_EXTERNAL	20260922T131800Z_author_identity_v4	PDAC_author_cell_identity_v4	sc_expression_source	NA	NA	TRMO	author_source_label	2	25	equal_donor_mean_cellwise_log1p10k	NA	NA	NA	NA	NA	SC_SOURCE_DESCRIPTIVE	NA	NOT_EVALUABLE	GENE_MISSING_OR_LT3_ELIGIBLE_LABELS	GSE242230	UniProtKB:Q9BU70	primary_tumor	Platelet	13	2	122	64	NA	NA	NA	NA	Author labels,predeclared coarse mapping	mean_donor(mean_cell(log1p(10000*counts/all_gene_library)))	NA	NA
PDAC	GSE242230	06_EXTERNAL	20260922T131800Z_author_identity_v4	PDAC_author_cell_identity_v4	sc_expression_source	NA	NA	TRMO	author_source_label	21	25	equal_donor_mean_cellwise_log1p10k	0.1156643611705309	NA	NA	NA	NA	SC_SOURCE_DESCRIPTIVE	NA	DONE	Donor-equal descriptive expression	GSE242230	UniProtKB:Q9BU70	primary_tumor	T/NK	25	21	9408	9383	0.0877202603284632	0.1108848038683943	0.0863006737979393	0.1389763501277806	Author labels,predeclared coarse mapping	mean_donor(mean_cell(log1p(10000*counts/all_gene_library)))	0.773	1.0
PDAC	GSE242230	06_EXTERNAL	20260922T131800Z_author_identity_v4	PDAC_author_cell_identity_v4	sc_expression_source	NA	NA	TRMT1	author_source_label	1	25	equal_donor_mean_cellwise_log1p10k	NA	NA	NA	NA	NA	SC_SOURCE_DESCRIPTIVE	NA	NOT_EVALUABLE	GENE_MISSING_OR_LT3_ELIGIBLE_LABELS	GSE242230	UniProtKB:Q9NXH9	primary_tumor	Acinar	17	1	91	20	NA	NA	NA	NA	Author labels,predeclared coarse mapping	mean_donor(mean_cell(log1p(10000*counts/all_gene_library)))	NA	NA
PDAC	GSE242230	06_EXTERNAL	20260922T131800Z_author_identity_v4	PDAC_author_cell_identity_v4	sc_expression_source	NA	NA	TRMT1	author_source_label	15	25	equal_donor_mean_cellwise_log1p10k	0.1782990346069032	NA	NA	NA	NA	SC_SOURCE_DESCRIPTIVE	NA	DONE	Donor-equal descriptive expression	GSE242230	UniProtKB:Q9NXH9	primary_tumor	B/Plasma	23	15	1740	1675	0.1410477652155978	0.1929110854197531	0.1380892663504797	0.211537922584111	Author labels,predeclared coarse mapping	mean_donor(mean_cell(log1p(10000*counts/all_gene_library)))	0.0	0.47344260760455203
PDAC	GSE242230	06_EXTERNAL	20260922T131800Z_author_identity_v4	PDAC_author_cell_identity_v4	sc_expression_source	NA	NA	TRMT1	author_source_label	3	25	equal_donor_mean_cellwise_log1p10k	0.1344687179888143	NA	NA	NA	NA	SC_SOURCE_DESCRIPTIVE	NA	DONE	Donor-equal descriptive expression	GSE242230	UniProtKB:Q9NXH9	primary_tumor	Endothelial	18	3	274	186	0.1244166923630383	0.1589417585857081	0.1036948267704544	0.1774791295056211	Author labels,predeclared coarse mapping	mean_donor(mean_cell(log1p(10000*counts/all_gene_library)))	0.0	0.35705869426732456
PDAC	GSE242230	06_EXTERNAL	20260922T131800Z_author_identity_v4	PDAC_author_cell_identity_v4	sc_expression_source	NA	NA	TRMT1	author_source_label	3	25	equal_donor_mean_cellwise_log1p10k	0.0005781151171908	NA	NA	NA	NA	SC_SOURCE_DESCRIPTIVE	NA	DONE	Donor-equal descriptive expression	GSE242230	UniProtKB:Q9NXH9	primary_tumor	Erythrocyte	12	3	1199	1158	0.000896860986547	0.0	0.0	0.0008671726757862	Author labels,predeclared coarse mapping	mean_donor(mean_cell(log1p(10000*counts/all_gene_library)))	0.0	0.001535085869544167
PDAC	GSE242230	06_EXTERNAL	20260922T131800Z_author_identity_v4	PDAC_author_cell_identity_v4	sc_expression_source	NA	NA	TRMT1	author_source_label	7	25	equal_donor_mean_cellwise_log1p10k	0.1064926957680734	NA	NA	NA	NA	SC_SOURCE_DESCRIPTIVE	NA	DONE	Donor-equal descriptive expression	GSE242230	UniProtKB:Q9NXH9	primary_tumor	Fibroblast/CAF	20	7	911	810	0.1674919026996986	0.1175959093414246	0.0998789445785767	0.1307151629305323	Author labels,predeclared coarse mapping	mean_donor(mean_cell(log1p(10000*counts/all_gene_library)))	0.0	0.2827731495374169
PDAC	GSE242230	06_EXTERNAL	20260922T131800Z_author_identity_v4	PDAC_author_cell_identity_v4	sc_expression_source	NA	NA	TRMT1	author_source_label	23	25	equal_donor_mean_cellwise_log1p10k	0.1186906626857921	NA	NA	NA	NA	SC_SOURCE_DESCRIPTIVE	NA	DONE	Donor-equal descriptive expression	GSE242230	UniProtKB:Q9NXH9	primary_tumor	Malignant (author)	25	23	10783	10759	0.1885835018325668	0.1179594474666368	0.0845248378885522	0.1571129357029813	Author labels,predeclared coarse mapping	mean_donor(mean_cell(log1p(10000*counts/all_gene_library)))	0.0	0.3151627655425235
PDAC	GSE242230	06_EXTERNAL	20260922T131800Z_author_identity_v4	PDAC_author_cell_identity_v4	sc_expression_source	NA	NA	TRMT1	author_source_label	1	25	equal_donor_mean_cellwise_log1p10k	NA	NA	NA	NA	NA	SC_SOURCE_DESCRIPTIVE	NA	NOT_EVALUABLE	GENE_MISSING_OR_LT3_ELIGIBLE_LABELS	GSE242230	UniProtKB:Q9NXH9	primary_tumor	Mast	11	1	91	23	NA	NA	NA	NA	Author labels,predeclared coarse mapping	mean_donor(mean_cell(log1p(10000*counts/all_gene_library)))	NA	NA
PDAC	GSE242230	06_EXTERNAL	20260922T131800Z_author_identity_v4	PDAC_author_cell_identity_v4	sc_expression_source	NA	NA	TRMT1	author_source_label	20	25	equal_donor_mean_cellwise_log1p10k	0.3766011587107288	NA	NA	NA	NA	SC_SOURCE_DESCRIPTIVE	NA	DONE	Donor-equal descriptive expression	GSE242230	UniProtKB:Q9NXH9	primary_tumor	Myeloid	25	20	6246	6224	0.3266333975351229	0.3360040510593284	0.2746499033495985	0.4489395747832497	Author labels,predeclared coarse mapping	mean_donor(mean_cell(log1p(10000*counts/all_gene_library)))	1.0	1.0
PDAC	GSE242230	06_EXTERNAL	20260922T131800Z_author_identity_v4	PDAC_author_cell_identity_v4	sc_expression_source	NA	NA	TRMT1	author_source_label	6	25	equal_donor_mean_cellwise_log1p10k	0.1385244513598101	NA	NA	NA	NA	SC_SOURCE_DESCRIPTIVE	NA	DONE	Donor-equal descriptive expression	GSE242230	UniProtKB:Q9NXH9	primary_tumor	Normal epithelial (author)	21	6	350	291	0.2460828880431579	0.1288356525695387	0.1277187897444904	0.1412122618751323	Author labels,predeclared coarse mapping	mean_donor(mean_cell(log1p(10000*counts/all_gene_library)))	0.0	0.3678280009388185
PDAC	GSE242230	06_EXTERNAL	20260922T131800Z_author_identity_v4	PDAC_author_cell_identity_v4	sc_expression_source	NA	NA	TRMT1	author_source_label	2	25	equal_donor_mean_cellwise_log1p10k	NA	NA	NA	NA	NA	SC_SOURCE_DESCRIPTIVE	NA	NOT_EVALUABLE	GENE_MISSING_OR_LT3_ELIGIBLE_LABELS	GSE242230	UniProtKB:Q9NXH9	primary_tumor	Platelet	13	2	122	64	NA	NA	NA	NA	Author labels,predeclared coarse mapping	mean_donor(mean_cell(log1p(10000*counts/all_gene_library)))	NA	NA
PDAC	GSE242230	06_EXTERNAL	20260922T131800Z_author_identity_v4	PDAC_author_cell_identity_v4	sc_expression_source	NA	NA	TRMT1	author_source_label	21	25	equal_donor_mean_cellwise_log1p10k	0.1637117848429333	NA	NA	NA	NA	SC_SOURCE_DESCRIPTIVE	NA	DONE	Donor-equal descriptive expression	GSE242230	UniProtKB:Q9NXH9	primary_tumor	T/NK	25	21	9408	9383	0.1222424659559998	0.1583387328935103	0.140816849698223	0.1983936215081967	Author labels,predeclared coarse mapping	mean_donor(mean_cell(log1p(10000*counts/all_gene_library)))	0.0	0.4347086594300205
PDAC	GSE242230	06_EXTERNAL	20260922T131800Z_author_identity_v4	PDAC_author_cell_identity_v4	sc_expression_source	NA	NA	TRMT10A	author_source_label	1	25	equal_donor_mean_cellwise_log1p10k	NA	NA	NA	NA	NA	SC_SOURCE_DESCRIPTIVE	NA	NOT_EVALUABLE	GENE_MISSING_OR_LT3_ELIGIBLE_LABELS	GSE242230	UniProtKB:Q8TBZ6	primary_tumor	Acinar	17	1	91	20	NA	NA	NA	NA	Author labels,predeclared coarse mapping	mean_donor(mean_cell(log1p(10000*counts/all_gene_library)))	NA	NA
PDAC	GSE242230	06_EXTERNAL	20260922T131800Z_author_identity_v4	PDAC_author_cell_identity_v4	sc_expression_source	NA	NA	TRMT10A	author_source_label	15	25	equal_donor_mean_cellwise_log1p10k	0.0365919181080853	NA	NA	NA	NA	SC_SOURCE_DESCRIPTIVE	NA	DONE	Donor-equal descriptive expression	GSE242230	UniProtKB:Q8TBZ6	primary_tumor	B/Plasma	23	15	1740	1675	0.0257517248743727	0.0316034022368322	0.0170830856258694	0.0469085689302242	Author labels,predeclared coarse mapping	mean_donor(mean_cell(log1p(10000*counts/all_gene_library)))	0.007	0.44232356826632147
PDAC	GSE242230	06_EXTERNAL	20260922T131800Z_author_identity_v4	PDAC_author_cell_identity_v4	sc_expression_source	NA	NA	TRMT10A	author_source_label	3	25	equal_donor_mean_cellwise_log1p10k	0.0178553026370159	NA	NA	NA	NA	SC_SOURCE_DESCRIPTIVE	NA	DONE	Donor-equal descriptive expression	GSE242230	UniProtKB:Q8TBZ6	primary_tumor	Endothelial	18	3	274	186	0.0215849522047486	0.0235751834786489	0.0117875917393244	0.0267829539555239	Author labels,predeclared coarse mapping	mean_donor(mean_cell(log1p(10000*counts/all_gene_library)))	0.0	0.21583512379841163
PDAC	GSE242230	06_EXTERNAL	20260922T131800Z_author_identity_v4	PDAC_author_cell_identity_v4	sc_expression_source	NA	NA	TRMT10A	author_source_label	3	25	equal_donor_mean_cellwise_log1p10k	0.0	NA	NA	NA	NA	SC_SOURCE_DESCRIPTIVE	NA	DONE	Donor-equal descriptive expression	GSE242230	UniProtKB:Q8TBZ6	primary_tumor	Erythrocyte	12	3	1199	1158	0.0	0.0	0.0	0.0	Author labels,predeclared coarse mapping	mean_donor(mean_cell(log1p(10000*counts/all_gene_library)))	0.0	0.0
PDAC	GSE242230	06_EXTERNAL	20260922T131800Z_author_identity_v4	PDAC_author_cell_identity_v4	sc_expression_source	NA	NA	TRMT10A	author_source_label	7	25	equal_donor_mean_cellwise_log1p10k	0.0368516999011033	NA	NA	NA	NA	SC_SOURCE_DESCRIPTIVE	NA	DONE	Donor-equal descriptive expression	GSE242230	UniProtKB:Q8TBZ6	primary_tumor	Fibroblast/CAF	20	7	911	810	0.0422519797803367	0.0406759292319211	0.0312899648302629	0.0455508041696992	Author labels,predeclared coarse mapping	mean_donor(mean_cell(log1p(10000*counts/all_gene_library)))	0.005	0.4454638138615081
PDAC	GSE242230	06_EXTERNAL	20260922T131800Z_author_identity_v4	PDAC_author_cell_identity_v4	sc_expression_source	NA	NA	TRMT10A	author_source_label	23	25	equal_donor_mean_cellwise_log1p10k	0.0497881571254346	NA	NA	NA	NA	SC_SOURCE_DESCRIPTIVE	NA	DONE	Donor-equal descriptive expression	GSE242230	UniProtKB:Q8TBZ6	primary_tumor	Malignant (author)	25	23	10783	10759	0.0990936311968922	0.0463169183377865	0.0369085959090931	0.0585394364608639	Author labels,predeclared coarse mapping	mean_donor(mean_cell(log1p(10000*counts/all_gene_library)))	0.119	0.6018398721837009
PDAC	GSE242230	06_EXTERNAL	20260922T131800Z_author_identity_v4	PDAC_author_cell_identity_v4	sc_expression_source	NA	NA	TRMT10A	author_source_label	1	25	equal_donor_mean_cellwise_log1p10k	NA	NA	NA	NA	NA	SC_SOURCE_DESCRIPTIVE	NA	NOT_EVALUABLE	GENE_MISSING_OR_LT3_ELIGIBLE_LABELS	GSE242230	UniProtKB:Q8TBZ6	primary_tumor	Mast	11	1	91	23	NA	NA	NA	NA	Author labels,predeclared coarse mapping	mean_donor(mean_cell(log1p(10000*counts/all_gene_library)))	NA	NA
PDAC	GSE242230	06_EXTERNAL	20260922T131800Z_author_identity_v4	PDAC_author_cell_identity_v4	sc_expression_source	NA	NA	TRMT10A	author_source_label	20	25	equal_donor_mean_cellwise_log1p10k	0.028672421609903	NA	NA	NA	NA	SC_SOURCE_DESCRIPTIVE	NA	DONE	Donor-equal descriptive expression	GSE242230	UniProtKB:Q8TBZ6	primary_tumor	Myeloid	25	20	6246	6224	0.0315873270325146	0.0279530536556293	0.0158074476372139	0.0390877036935296	Author labels,predeclared coarse mapping	mean_donor(mean_cell(log1p(10000*counts/all_gene_library)))	0.0	0.34659259456875463
PDAC	GSE242230	06_EXTERNAL	20260922T131800Z_author_identity_v4	PDAC_author_cell_identity_v4	sc_expression_source	NA	NA	TRMT10A	author_source_label	6	25	equal_donor_mean_cellwise_log1p10k	0.082726584639174	NA	NA	NA	NA	SC_SOURCE_DESCRIPTIVE	NA	DONE	Donor-equal descriptive expression	GSE242230	UniProtKB:Q8TBZ6	primary_tumor	Normal epithelial (author)	21	6	350	291	0.1542188841476697	0.0571988419415076	0.0499625867455298	0.0703271117452374	Author labels,predeclared coarse mapping	mean_donor(mean_cell(log1p(10000*counts/all_gene_library)))	0.869	1.0
PDAC	GSE242230	06_EXTERNAL	20260922T131800Z_author_identity_v4	PDAC_author_cell_identity_v4	sc_expression_source	NA	NA	TRMT10A	author_source_label	2	25	equal_donor_mean_cellwise_log1p10k	NA	NA	NA	NA	NA	SC_SOURCE_DESCRIPTIVE	NA	NOT_EVALUABLE	GENE_MISSING_OR_LT3_ELIGIBLE_LABELS	GSE242230	UniProtKB:Q8TBZ6	primary_tumor	Platelet	13	2	122	64	NA	NA	NA	NA	Author labels,predeclared coarse mapping	mean_donor(mean_cell(log1p(10000*counts/all_gene_library)))	NA	NA
PDAC	GSE242230	06_EXTERNAL	20260922T131800Z_author_identity_v4	PDAC_author_cell_identity_v4	sc_expression_source	NA	NA	TRMT10A	author_source_label	21	25	equal_donor_mean_cellwise_log1p10k	0.0304018046954481	NA	NA	NA	NA	SC_SOURCE_DESCRIPTIVE	NA	DONE	Donor-equal descriptive expression	GSE242230	UniProtKB:Q8TBZ6	primary_tumor	T/NK	25	21	9408	9383	0.0248616771288994	0.0301401455542898	0.0210374810868092	0.0405824430702035	Author labels,predeclared coarse mapping	mean_donor(mean_cell(log1p(10000*counts/all_gene_library)))	0.0	0.36749739914987084
PDAC	GSE242230	06_EXTERNAL	20260922T131800Z_author_identity_v4	PDAC_author_cell_identity_v4	sc_expression_source	NA	NA	TRMT10B	author_source_label	1	25	equal_donor_mean_cellwise_log1p10k	NA	NA	NA	NA	NA	SC_SOURCE_DESCRIPTIVE	NA	NOT_EVALUABLE	GENE_MISSING_OR_LT3_ELIGIBLE_LABELS	GSE242230	UniProtKB:Q6PF06	primary_tumor	Acinar	17	1	91	20	NA	NA	NA	NA	Author labels,predeclared coarse mapping	mean_donor(mean_cell(log1p(10000*counts/all_gene_library)))	NA	NA
PDAC	GSE242230	06_EXTERNAL	20260922T131800Z_author_identity_v4	PDAC_author_cell_identity_v4	sc_expression_source	NA	NA	TRMT10B	author_source_label	15	25	equal_donor_mean_cellwise_log1p10k	0.0937988406981351	NA	NA	NA	NA	SC_SOURCE_DESCRIPTIVE	NA	DONE	Donor-equal descriptive expression	GSE242230	UniProtKB:Q6PF06	primary_tumor	B/Plasma	23	15	1740	1675	0.0734533636346181	0.0657341579375008	0.0453328606600032	0.1445419390194893	Author labels,predeclared coarse mapping	mean_donor(mean_cell(log1p(10000*counts/all_gene_library)))	0.004	0.5686444201693335
PDAC	GSE242230	06_EXTERNAL	20260922T131800Z_author_identity_v4	PDAC_author_cell_identity_v4	sc_expression_source	NA	NA	TRMT10B	author_source_label	3	25	equal_donor_mean_cellwise_log1p10k	0.0701107680891476	NA	NA	NA	NA	SC_SOURCE_DESCRIPTIVE	NA	DONE	Donor-equal descriptive expression	GSE242230	UniProtKB:Q6PF06	primary_tumor	Endothelial	18	3	274	186	0.0696525850549902	0.0703922526265492	0.0606863292046639	0.0796759492423322	Author labels,predeclared coarse mapping	mean_donor(mean_cell(log1p(10000*counts/all_gene_library)))	0.0	0.4250382709524532
PDAC	GSE242230	06_EXTERNAL	20260922T131800Z_author_identity_v4	PDAC_author_cell_identity_v4	sc_expression_source	NA	NA	TRMT10B	author_source_label	3	25	equal_donor_mean_cellwise_log1p10k	0.00040210054003	NA	NA	NA	NA	SC_SOURCE_DESCRIPTIVE	NA	DONE	Donor-equal descriptive expression	GSE242230	UniProtKB:Q6PF06	primary_tumor	Erythrocyte	12	3	1199	1158	0.0005979073243647	0.0	0.0	0.0006031508100451	Author labels,predeclared coarse mapping	mean_donor(mean_cell(log1p(10000*counts/all_gene_library)))	0.0	0.0024376871476587585
PDAC	GSE242230	06_EXTERNAL	20260922T131800Z_author_identity_v4	PDAC_author_cell_identity_v4	sc_expression_source	NA	NA	TRMT10B	author_source_label	7	25	equal_donor_mean_cellwise_log1p10k	0.0791387038967411	NA	NA	NA	NA	SC_SOURCE_DESCRIPTIVE	NA	DONE	Donor-equal descriptive expression	GSE242230	UniProtKB:Q6PF06	primary_tumor	Fibroblast/CAF	20	7	911	810	0.1243769297219351	0.0856363368196237	0.0691691596005318	0.0953239006482858	Author labels,predeclared coarse mapping	mean_donor(mean_cell(log1p(10000*counts/all_gene_library)))	0.001	0.47976906809691133
PDAC	GSE242230	06_EXTERNAL	20260922T131800Z_author_identity_v4	PDAC_author_cell_identity_v4	sc_expression_source	NA	NA	TRMT10B	author_source_label	23	25	equal_donor_mean_cellwise_log1p10k	0.0837312417979846	NA	NA	NA	NA	SC_SOURCE_DESCRIPTIVE	NA	DONE	Donor-equal descriptive expression	GSE242230	UniProtKB:Q6PF06	primary_tumor	Malignant (author)	25	23	10783	10759	0.1490385476310732	0.0868838696903209	0.0443078734908986	0.1198579158538787	Author labels,predeclared coarse mapping	mean_donor(mean_cell(log1p(10000*counts/all_gene_library)))	0.0	0.5076107880213904
PDAC	GSE242230	06_EXTERNAL	20260922T131800Z_author_identity_v4	PDAC_author_cell_identity_v4	sc_expression_source	NA	NA	TRMT10B	author_source_label	1	25	equal_donor_mean_cellwise_log1p10k	NA	NA	NA	NA	NA	SC_SOURCE_DESCRIPTIVE	NA	NOT_EVALUABLE	GENE_MISSING_OR_LT3_ELIGIBLE_LABELS	GSE242230	UniProtKB:Q6PF06	primary_tumor	Mast	11	1	91	23	NA	NA	NA	NA	Author labels,predeclared coarse mapping	mean_donor(mean_cell(log1p(10000*counts/all_gene_library)))	NA	NA
PDAC	GSE242230	06_EXTERNAL	20260922T131800Z_author_identity_v4	PDAC_author_cell_identity_v4	sc_expression_source	NA	NA	TRMT10B	author_source_label	20	25	equal_donor_mean_cellwise_log1p10k	0.0924110876042382	NA	NA	NA	NA	SC_SOURCE_DESCRIPTIVE	NA	DONE	Donor-equal descriptive expression	GSE242230	UniProtKB:Q6PF06	primary_tumor	Myeloid	25	20	6246	6224	0.0953737164898269	0.0928257825490036	0.0663441455455393	0.1170997144874563	Author labels,predeclared coarse mapping	mean_donor(mean_cell(log1p(10000*counts/all_gene_library)))	0.003	0.5602313305453709
PDAC	GSE242230	06_EXTERNAL	20260922T131800Z_author_identity_v4	PDAC_author_cell_identity_v4	sc_expression_source	NA	NA	TRMT10B	author_source_label	6	25	equal_donor_mean_cellwise_log1p10k	0.1649516593694936	NA	NA	NA	NA	SC_SOURCE_DESCRIPTIVE	NA	DONE	Donor-equal descriptive expression	GSE242230	UniProtKB:Q6PF06	primary_tumor	Normal epithelial (author)	21	6	350	291	0.2971597000644976	0.1586535051069957	0.1571668242107422	0.1731158801668159	Author labels,predeclared coarse mapping	mean_donor(mean_cell(log1p(10000*counts/all_gene_library)))	0.96	1.0
PDAC	GSE242230	06_EXTERNAL	20260922T131800Z_author_identity_v4	PDAC_author_cell_identity_v4	sc_expression_source	NA	NA	TRMT10B	author_source_label	2	25	equal_donor_mean_cellwise_log1p10k	NA	NA	NA	NA	NA	SC_SOURCE_DESCRIPTIVE	NA	NOT_EVALUABLE	GENE_MISSING_OR_LT3_ELIGIBLE_LABELS	GSE242230	UniProtKB:Q6PF06	primary_tumor	Platelet	13	2	122	64	NA	NA	NA	NA	Author labels,predeclared coarse mapping	mean_donor(mean_cell(log1p(10000*counts/all_gene_library)))	NA	NA
PDAC	GSE242230	06_EXTERNAL	20260922T131800Z_author_identity_v4	PDAC_author_cell_identity_v4	sc_expression_source	NA	NA	TRMT10B	author_source_label	21	25	equal_donor_mean_cellwise_log1p10k	0.1092788946595688	NA	NA	NA	NA	SC_SOURCE_DESCRIPTIVE	NA	DONE	Donor-equal descriptive expression	GSE242230	UniProtKB:Q6PF06	primary_tumor	T/NK	25	21	9408	9383	0.0844781840398088	0.111240617438195	0.0954524039115684	0.1451644638210475	Author labels,predeclared coarse mapping	mean_donor(mean_cell(log1p(10000*counts/all_gene_library)))	0.032	0.6624904234202509
PDAC	GSE242230	06_EXTERNAL	20260922T131800Z_author_identity_v4	PDAC_author_cell_identity_v4	sc_expression_source	NA	NA	TRMT10C	author_source_label	1	25	equal_donor_mean_cellwise_log1p10k	NA	NA	NA	NA	NA	SC_SOURCE_DESCRIPTIVE	NA	NOT_EVALUABLE	GENE_MISSING_OR_LT3_ELIGIBLE_LABELS	GSE242230	UniProtKB:Q7L0Y3	primary_tumor	Acinar	17	1	91	20	NA	NA	NA	NA	Author labels,predeclared coarse mapping	mean_donor(mean_cell(log1p(10000*counts/all_gene_library)))	NA	NA
PDAC	GSE242230	06_EXTERNAL	20260922T131800Z_author_identity_v4	PDAC_author_cell_identity_v4	sc_expression_source	NA	NA	TRMT10C	author_source_label	15	25	equal_donor_mean_cellwise_log1p10k	0.1705776611014104	NA	NA	NA	NA	SC_SOURCE_DESCRIPTIVE	NA	DONE	Donor-equal descriptive expression	GSE242230	UniProtKB:Q7L0Y3	primary_tumor	B/Plasma	23	15	1740	1675	0.1299139013522292	0.1603755102526456	0.1254590734528909	0.2113541805203582	Author labels,predeclared coarse mapping	mean_donor(mean_cell(log1p(10000*counts/all_gene_library)))	0.006	0.7410466890324627
PDAC	GSE242230	06_EXTERNAL	20260922T131800Z_author_identity_v4	PDAC_author_cell_identity_v4	sc_expression_source	NA	NA	TRMT10C	author_source_label	3	25	equal_donor_mean_cellwise_log1p10k	0.1416012999480916	NA	NA	NA	NA	SC_SOURCE_DESCRIPTIVE	NA	DONE	Donor-equal descriptive expression	GSE242230	UniProtKB:Q7L0Y3	primary_tumor	Endothelial	18	3	274	186	0.1389094459862267	0.0963548228461921	0.0947174792283696	0.1658618821168639	Author labels,predeclared coarse mapping	mean_donor(mean_cell(log1p(10000*counts/all_gene_library)))	0.001	0.6151636375576865
PDAC	GSE242230	06_EXTERNAL	20260922T131800Z_author_identity_v4	PDAC_author_cell_identity_v4	sc_expression_source	NA	NA	TRMT10C	author_source_label	3	25	equal_donor_mean_cellwise_log1p10k	0.0090842316764035	NA	NA	NA	NA	SC_SOURCE_DESCRIPTIVE	NA	DONE	Donor-equal descriptive expression	GSE242230	UniProtKB:Q7L0Y3	primary_tumor	Erythrocyte	12	3	1199	1158	0.0153896146097354	0.0026639917777434	0.0013319958888717	0.0136263475146053	Author labels,predeclared coarse mapping	mean_donor(mean_cell(log1p(10000*counts/all_gene_library)))	0.0	0.039464955509036295
PDAC	GSE242230	06_EXTERNAL	20260922T131800Z_author_identity_v4	PDAC_author_cell_identity_v4	sc_expression_source	NA	NA	TRMT10C	author_source_label	7	25	equal_donor_mean_cellwise_log1p10k	0.1342360314837845	NA	NA	NA	NA	SC_SOURCE_DESCRIPTIVE	NA	DONE	Donor-equal descriptive expression	GSE242230	UniProtKB:Q7L0Y3	primary_tumor	Fibroblast/CAF	20	7	911	810	0.1772427346877685	0.1450721523389457	0.1061352518067915	0.1664465921438956	Author labels,predeclared coarse mapping	mean_donor(mean_cell(log1p(10000*counts/all_gene_library)))	0.0	0.5831664359659428
PDAC	GSE242230	06_EXTERNAL	20260922T131800Z_author_identity_v4	PDAC_author_cell_identity_v4	sc_expression_source	NA	NA	TRMT10C	author_source_label	23	25	equal_donor_mean_cellwise_log1p10k	0.209643072461327	NA	NA	NA	NA	SC_SOURCE_DESCRIPTIVE	NA	DONE	Donor-equal descriptive expression	GSE242230	UniProtKB:Q7L0Y3	primary_tumor	Malignant (author)	25	23	10783	10759	0.2848517934228606	0.1953398686070417	0.1485693423582625	0.2387349768825834	Author labels,predeclared coarse mapping	mean_donor(mean_cell(log1p(10000*counts/all_gene_library)))	0.256	0.910759965419496
PDAC	GSE242230	06_EXTERNAL	20260922T131800Z_author_identity_v4	PDAC_author_cell_identity_v4	sc_expression_source	NA	NA	TRMT10C	author_source_label	1	25	equal_donor_mean_cellwise_log1p10k	NA	NA	NA	NA	NA	SC_SOURCE_DESCRIPTIVE	NA	NOT_EVALUABLE	GENE_MISSING_OR_LT3_ELIGIBLE_LABELS	GSE242230	UniProtKB:Q7L0Y3	primary_tumor	Mast	11	1	91	23	NA	NA	NA	NA	Author labels,predeclared coarse mapping	mean_donor(mean_cell(log1p(10000*counts/all_gene_library)))	NA	NA
PDAC	GSE242230	06_EXTERNAL	20260922T131800Z_author_identity_v4	PDAC_author_cell_identity_v4	sc_expression_source	NA	NA	TRMT10C	author_source_label	20	25	equal_donor_mean_cellwise_log1p10k	0.114132900072936	NA	NA	NA	NA	SC_SOURCE_DESCRIPTIVE	NA	DONE	Donor-equal descriptive expression	GSE242230	UniProtKB:Q7L0Y3	primary_tumor	Myeloid	25	20	6246	6224	0.1339045083299972	0.1137510111974648	0.0899033358389049	0.1373147499493719	Author labels,predeclared coarse mapping	mean_donor(mean_cell(log1p(10000*counts/all_gene_library)))	0.0	0.4958316766838517
PDAC	GSE242230	06_EXTERNAL	20260922T131800Z_author_identity_v4	PDAC_author_cell_identity_v4	sc_expression_source	NA	NA	TRMT10C	author_source_label	6	25	equal_donor_mean_cellwise_log1p10k	0.2301847692270547	NA	NA	NA	NA	SC_SOURCE_DESCRIPTIVE	NA	DONE	Donor-equal descriptive expression	GSE242230	UniProtKB:Q7L0Y3	primary_tumor	Normal epithelial (author)	21	6	350	291	0.3849037553872636	0.2344123211223135	0.2077433917367616	0.2732407042964875	Author labels,predeclared coarse mapping	mean_donor(mean_cell(log1p(10000*counts/all_gene_library)))	0.737	1.0
PDAC	GSE242230	06_EXTERNAL	20260922T131800Z_author_identity_v4	PDAC_author_cell_identity_v4	sc_expression_source	NA	NA	TRMT10C	author_source_label	2	25	equal_donor_mean_cellwise_log1p10k	NA	NA	NA	NA	NA	SC_SOURCE_DESCRIPTIVE	NA	NOT_EVALUABLE	GENE_MISSING_OR_LT3_ELIGIBLE_LABELS	GSE242230	UniProtKB:Q7L0Y3	primary_tumor	Platelet	13	2	122	64	NA	NA	NA	NA	Author labels,predeclared coarse mapping	mean_donor(mean_cell(log1p(10000*counts/all_gene_library)))	NA	NA
PDAC	GSE242230	06_EXTERNAL	20260922T131800Z_author_identity_v4	PDAC_author_cell_identity_v4	sc_expression_source	NA	NA	TRMT10C	author_source_label	21	25	equal_donor_mean_cellwise_log1p10k	0.160041606120321	NA	NA	NA	NA	SC_SOURCE_DESCRIPTIVE	NA	DONE	Donor-equal descriptive expression	GSE242230	UniProtKB:Q7L0Y3	primary_tumor	T/NK	25	21	9408	9383	0.1235815617943018	0.1662042880096011	0.1210510226746785	0.1825878954334242	Author labels,predeclared coarse mapping	mean_donor(mean_cell(log1p(10000*counts/all_gene_library)))	0.0	0.6952745251466037
PDAC	GSE242230	06_EXTERNAL	20260922T131800Z_author_identity_v4	PDAC_author_cell_identity_v4	sc_expression_source	NA	NA	TRMT11	author_source_label	1	25	equal_donor_mean_cellwise_log1p10k	NA	NA	NA	NA	NA	SC_SOURCE_DESCRIPTIVE	NA	NOT_EVALUABLE	GENE_MISSING_OR_LT3_ELIGIBLE_LABELS	GSE242230	UniProtKB:Q7Z4G4	primary_tumor	Acinar	17	1	91	20	NA	NA	NA	NA	Author labels,predeclared coarse mapping	mean_donor(mean_cell(log1p(10000*counts/all_gene_library)))	NA	NA
PDAC	GSE242230	06_EXTERNAL	20260922T131800Z_author_identity_v4	PDAC_author_cell_identity_v4	sc_expression_source	NA	NA	TRMT11	author_source_label	15	25	equal_donor_mean_cellwise_log1p10k	0.0430694359414331	NA	NA	NA	NA	SC_SOURCE_DESCRIPTIVE	NA	DONE	Donor-equal descriptive expression	GSE242230	UniProtKB:Q7Z4G4	primary_tumor	B/Plasma	23	15	1740	1675	0.0348582537052575	0.0378195998741482	0.031122957398873	0.0565917563776872	Author labels,predeclared coarse mapping	mean_donor(mean_cell(log1p(10000*counts/all_gene_library)))	0.0	0.2942122064946405
PDAC	GSE242230	06_EXTERNAL	20260922T131800Z_author_identity_v4	PDAC_author_cell_identity_v4	sc_expression_source	NA	NA	TRMT11	author_source_label	3	25	equal_donor_mean_cellwise_log1p10k	0.0600046010043177	NA	NA	NA	NA	SC_SOURCE_DESCRIPTIVE	NA	DONE	Donor-equal descriptive expression	GSE242230	UniProtKB:Q7Z4G4	primary_tumor	Endothelial	18	3	274	186	0.0644593483400143	0.0354603625843809	0.0258141364493336	0.0819229463493334	Author labels,predeclared coarse mapping	mean_donor(mean_cell(log1p(10000*counts/all_gene_library)))	0.008	0.40989824165139527
PDAC	GSE242230	06_EXTERNAL	20260922T131800Z_author_identity_v4	PDAC_author_cell_identity_v4	sc_expression_source	NA	NA	TRMT11	author_source_label	3	25	equal_donor_mean_cellwise_log1p10k	0.0002317775459246	NA	NA	NA	NA	SC_SOURCE_DESCRIPTIVE	NA	DONE	Donor-equal descriptive expression	GSE242230	UniProtKB:Q7Z4G4	primary_tumor	Erythrocyte	12	3	1199	1158	0.0002989536621823	0.0	0.0	0.0003476663188869	Author labels,predeclared coarse mapping	mean_donor(mean_cell(log1p(10000*counts/all_gene_library)))	0.0	0.0015832987294079808
PDAC	GSE242230	06_EXTERNAL	20260922T131800Z_author_identity_v4	PDAC_author_cell_identity_v4	sc_expression_source	NA	NA	TRMT11	author_source_label	7	25	equal_donor_mean_cellwise_log1p10k	0.071830449164885	NA	NA	NA	NA	SC_SOURCE_DESCRIPTIVE	NA	DONE	Donor-equal descriptive expression	GSE242230	UniProtKB:Q7Z4G4	primary_tumor	Fibroblast/CAF	20	7	911	810	0.1187730309417223	0.0617847505365132	0.0604766086060088	0.0892481375548981	Author labels,predeclared coarse mapping	mean_donor(mean_cell(log1p(10000*counts/all_gene_library)))	0.015	0.4906819529988655
PDAC	GSE242230	06_EXTERNAL	20260922T131800Z_author_identity_v4	PDAC_author_cell_identity_v4	sc_expression_source	NA	NA	TRMT11	author_source_label	23	25	equal_donor_mean_cellwise_log1p10k	0.0671822966514805	NA	NA	NA	NA	SC_SOURCE_DESCRIPTIVE	NA	DONE	Donor-equal descriptive expression	GSE242230	UniProtKB:Q7Z4G4	primary_tumor	Malignant (author)	25	23	10783	10759	0.1275860923106428	0.0566964736545634	0.0385032736073079	0.0999114958999239	Author labels,predeclared coarse mapping	mean_donor(mean_cell(log1p(10000*counts/all_gene_library)))	0.013	0.4589298954852271
PDAC	GSE242230	06_EXTERNAL	20260922T131800Z_author_identity_v4	PDAC_author_cell_identity_v4	sc_expression_source	NA	NA	TRMT11	author_source_label	1	25	equal_donor_mean_cellwise_log1p10k	NA	NA	NA	NA	NA	SC_SOURCE_DESCRIPTIVE	NA	NOT_EVALUABLE	GENE_MISSING_OR_LT3_ELIGIBLE_LABELS	GSE242230	UniProtKB:Q7Z4G4	primary_tumor	Mast	11	1	91	23	NA	NA	NA	NA	Author labels,predeclared coarse mapping	mean_donor(mean_cell(log1p(10000*counts/all_gene_library)))	NA	NA
PDAC	GSE242230	06_EXTERNAL	20260922T131800Z_author_identity_v4	PDAC_author_cell_identity_v4	sc_expression_source	NA	NA	TRMT11	author_source_label	20	25	equal_donor_mean_cellwise_log1p10k	0.0192210164060739	NA	NA	NA	NA	SC_SOURCE_DESCRIPTIVE	NA	DONE	Donor-equal descriptive expression	GSE242230	UniProtKB:Q7Z4G4	primary_tumor	Myeloid	25	20	6246	6224	0.0291243595594316	0.0195290047457056	0.0089059352765126	0.0286702537597544	Author labels,predeclared coarse mapping	mean_donor(mean_cell(log1p(10000*counts/all_gene_library)))	0.0	0.13130094518977628
PDAC	GSE242230	06_EXTERNAL	20260922T131800Z_author_identity_v4	PDAC_author_cell_identity_v4	sc_expression_source	NA	NA	TRMT11	author_source_label	6	25	equal_donor_mean_cellwise_log1p10k	0.1463890178268918	NA	NA	NA	NA	SC_SOURCE_DESCRIPTIVE	NA	DONE	Donor-equal descriptive expression	GSE242230	UniProtKB:Q7Z4G4	primary_tumor	Normal epithelial (author)	21	6	350	291	0.2811380100548016	0.1303585653010252	0.1216497509388887	0.1413451265576751	Author labels,predeclared coarse mapping	mean_donor(mean_cell(log1p(10000*counts/all_gene_library)))	0.95	1.0
PDAC	GSE242230	06_EXTERNAL	20260922T131800Z_author_identity_v4	PDAC_author_cell_identity_v4	sc_expression_source	NA	NA	TRMT11	author_source_label	2	25	equal_donor_mean_cellwise_log1p10k	NA	NA	NA	NA	NA	SC_SOURCE_DESCRIPTIVE	NA	NOT_EVALUABLE	GENE_MISSING_OR_LT3_ELIGIBLE_LABELS	GSE242230	UniProtKB:Q7Z4G4	primary_tumor	Platelet	13	2	122	64	NA	NA	NA	NA	Author labels,predeclared coarse mapping	mean_donor(mean_cell(log1p(10000*counts/all_gene_library)))	NA	NA
PDAC	GSE242230	06_EXTERNAL	20260922T131800Z_author_identity_v4	PDAC_author_cell_identity_v4	sc_expression_source	NA	NA	TRMT11	author_source_label	21	25	equal_donor_mean_cellwise_log1p10k	0.0699346094811084	NA	NA	NA	NA	SC_SOURCE_DESCRIPTIVE	NA	DONE	Donor-equal descriptive expression	GSE242230	UniProtKB:Q7Z4G4	primary_tumor	T/NK	25	21	9408	9383	0.0567267196514238	0.0647532300111587	0.0508417866908434	0.0987854099988419	Author labels,predeclared coarse mapping	mean_donor(mean_cell(log1p(10000*counts/all_gene_library)))	0.014	0.4777312568884614
PDAC	GSE242230	06_EXTERNAL	20260922T131800Z_author_identity_v4	PDAC_author_cell_identity_v4	sc_expression_source	NA	NA	TRMT13	author_source_label	1	25	equal_donor_mean_cellwise_log1p10k	NA	NA	NA	NA	NA	SC_SOURCE_DESCRIPTIVE	NA	NOT_EVALUABLE	GENE_MISSING_OR_LT3_ELIGIBLE_LABELS	GSE242230	UniProtKB:Q9NUP7	primary_tumor	Acinar	17	1	91	20	NA	NA	NA	NA	Author labels,predeclared coarse mapping	mean_donor(mean_cell(log1p(10000*counts/all_gene_library)))	NA	NA
PDAC	GSE242230	06_EXTERNAL	20260922T131800Z_author_identity_v4	PDAC_author_cell_identity_v4	sc_expression_source	NA	NA	TRMT13	author_source_label	15	25	equal_donor_mean_cellwise_log1p10k	0.0660300651540626	NA	NA	NA	NA	SC_SOURCE_DESCRIPTIVE	NA	DONE	Donor-equal descriptive expression	GSE242230	UniProtKB:Q9NUP7	primary_tumor	B/Plasma	23	15	1740	1675	0.0512103279245702	0.0684331774042379	0.0255643714731764	0.092302198152061	Author labels,predeclared coarse mapping	mean_donor(mean_cell(log1p(10000*counts/all_gene_library)))	0.023	0.7704893778510385
PDAC	GSE242230	06_EXTERNAL	20260922T131800Z_author_identity_v4	PDAC_author_cell_identity_v4	sc_expression_source	NA	NA	TRMT13	author_source_label	3	25	equal_donor_mean_cellwise_log1p10k	0.0718527416335507	NA	NA	NA	NA	SC_SOURCE_DESCRIPTIVE	NA	DONE	Donor-equal descriptive expression	GSE242230	UniProtKB:Q9NUP7	primary_tumor	Endothelial	18	3	274	186	0.0864400246685168	0.0892746714393919	0.0527212908768391	0.0996951572931828	Author labels,predeclared coarse mapping	mean_donor(mean_cell(log1p(10000*counts/all_gene_library)))	0.085	0.8384328270607451
PDAC	GSE242230	06_EXTERNAL	20260922T131800Z_author_identity_v4	PDAC_author_cell_identity_v4	sc_expression_source	NA	NA	TRMT13	author_source_label	3	25	equal_donor_mean_cellwise_log1p10k	0.0	NA	NA	NA	NA	SC_SOURCE_DESCRIPTIVE	NA	DONE	Donor-equal descriptive expression	GSE242230	UniProtKB:Q9NUP7	primary_tumor	Erythrocyte	12	3	1199	1158	0.0	0.0	0.0	0.0	Author labels,predeclared coarse mapping	mean_donor(mean_cell(log1p(10000*counts/all_gene_library)))	0.0	0.0
PDAC	GSE242230	06_EXTERNAL	20260922T131800Z_author_identity_v4	PDAC_author_cell_identity_v4	sc_expression_source	NA	NA	TRMT13	author_source_label	7	25	equal_donor_mean_cellwise_log1p10k	0.0755314746362173	NA	NA	NA	NA	SC_SOURCE_DESCRIPTIVE	NA	DONE	Donor-equal descriptive expression	GSE242230	UniProtKB:Q9NUP7	primary_tumor	Fibroblast/CAF	20	7	911	810	0.1006622915030179	0.0820011375511725	0.0449166325844888	0.1056868019526789	Author labels,predeclared coarse mapping	mean_donor(mean_cell(log1p(10000*counts/all_gene_library)))	0.247	0.8813591015675375
PDAC	GSE242230	06_EXTERNAL	20260922T131800Z_author_identity_v4	PDAC_author_cell_identity_v4	sc_expression_source	NA	NA	TRMT13	author_source_label	23	25	equal_donor_mean_cellwise_log1p10k	0.0685801382435893	NA	NA	NA	NA	SC_SOURCE_DESCRIPTIVE	NA	DONE	Donor-equal descriptive expression	GSE242230	UniProtKB:Q9NUP7	primary_tumor	Malignant (author)	25	23	10783	10759	0.1174042781904928	0.0616154138068464	0.0410180664649238	0.0928240232904697	Author labels,predeclared coarse mapping	mean_donor(mean_cell(log1p(10000*counts/all_gene_library)))	0.022	0.8002455839616912
PDAC	GSE242230	06_EXTERNAL	20260922T131800Z_author_identity_v4	PDAC_author_cell_identity_v4	sc_expression_source	NA	NA	TRMT13	author_source_label	1	25	equal_donor_mean_cellwise_log1p10k	NA	NA	NA	NA	NA	SC_SOURCE_DESCRIPTIVE	NA	NOT_EVALUABLE	GENE_MISSING_OR_LT3_ELIGIBLE_LABELS	GSE242230	UniProtKB:Q9NUP7	primary_tumor	Mast	11	1	91	23	NA	NA	NA	NA	Author labels,predeclared coarse mapping	mean_donor(mean_cell(log1p(10000*counts/all_gene_library)))	NA	NA
PDAC	GSE242230	06_EXTERNAL	20260922T131800Z_author_identity_v4	PDAC_author_cell_identity_v4	sc_expression_source	NA	NA	TRMT13	author_source_label	20	25	equal_donor_mean_cellwise_log1p10k	0.0352741258736884	NA	NA	NA	NA	SC_SOURCE_DESCRIPTIVE	NA	DONE	Donor-equal descriptive expression	GSE242230	UniProtKB:Q9NUP7	primary_tumor	Myeloid	25	20	6246	6224	0.0495871446295236	0.0315652650270105	0.0222750774935809	0.0481175689751693	Author labels,predeclared coarse mapping	mean_donor(mean_cell(log1p(10000*counts/all_gene_library)))	0.0	0.411605519928602
PDAC	GSE242230	06_EXTERNAL	20260922T131800Z_author_identity_v4	PDAC_author_cell_identity_v4	sc_expression_source	NA	NA	TRMT13	author_source_label	6	25	equal_donor_mean_cellwise_log1p10k	0.0798182246872849	NA	NA	NA	NA	SC_SOURCE_DESCRIPTIVE	NA	DONE	Donor-equal descriptive expression	GSE242230	UniProtKB:Q9NUP7	primary_tumor	Normal epithelial (author)	21	6	350	291	0.1536037536787162	0.0758406319806517	0.0579614851625786	0.1152162663601254	Author labels,predeclared coarse mapping	mean_donor(mean_cell(log1p(10000*counts/all_gene_library)))	0.255	0.9313801847232728
PDAC	GSE242230	06_EXTERNAL	20260922T131800Z_author_identity_v4	PDAC_author_cell_identity_v4	sc_expression_source	NA	NA	TRMT13	author_source_label	2	25	equal_donor_mean_cellwise_log1p10k	NA	NA	NA	NA	NA	SC_SOURCE_DESCRIPTIVE	NA	NOT_EVALUABLE	GENE_MISSING_OR_LT3_ELIGIBLE_LABELS	GSE242230	UniProtKB:Q9NUP7	primary_tumor	Platelet	13	2	122	64	NA	NA	NA	NA	Author labels,predeclared coarse mapping	mean_donor(mean_cell(log1p(10000*counts/all_gene_library)))	NA	NA
PDAC	GSE242230	06_EXTERNAL	20260922T131800Z_author_identity_v4	PDAC_author_cell_identity_v4	sc_expression_source	NA	NA	TRMT13	author_source_label	21	25	equal_donor_mean_cellwise_log1p10k	0.0856988649710216	NA	NA	NA	NA	SC_SOURCE_DESCRIPTIVE	NA	DONE	Donor-equal descriptive expression	GSE242230	UniProtKB:Q9NUP7	primary_tumor	T/NK	25	21	9408	9383	0.0619447250916865	0.0759118968204606	0.0554757001565869	0.0989914862378931	Author labels,predeclared coarse mapping	mean_donor(mean_cell(log1p(10000*counts/all_gene_library)))	0.368	1.0
PDAC	GSE242230	06_EXTERNAL	20260922T131800Z_author_identity_v4	PDAC_author_cell_identity_v4	sc_expression_source	NA	NA	TRMT1L	author_source_label	1	25	equal_donor_mean_cellwise_log1p10k	NA	NA	NA	NA	NA	SC_SOURCE_DESCRIPTIVE	NA	NOT_EVALUABLE	GENE_MISSING_OR_LT3_ELIGIBLE_LABELS	GSE242230	UniProtKB:Q7Z2T5	primary_tumor	Acinar	17	1	91	20	NA	NA	NA	NA	Author labels,predeclared coarse mapping	mean_donor(mean_cell(log1p(10000*counts/all_gene_library)))	NA	NA
PDAC	GSE242230	06_EXTERNAL	20260922T131800Z_author_identity_v4	PDAC_author_cell_identity_v4	sc_expression_source	NA	NA	TRMT1L	author_source_label	15	25	equal_donor_mean_cellwise_log1p10k	0.0902852373045928	NA	NA	NA	NA	SC_SOURCE_DESCRIPTIVE	NA	DONE	Donor-equal descriptive expression	GSE242230	UniProtKB:Q7Z2T5	primary_tumor	B/Plasma	23	15	1740	1675	0.0690571085290971	0.0938665990987178	0.0448626109630877	0.1188420187276636	Author labels,predeclared coarse mapping	mean_donor(mean_cell(log1p(10000*counts/all_gene_library)))	0.27	0.9448017994121057
PDAC	GSE242230	06_EXTERNAL	20260922T131800Z_author_identity_v4	PDAC_author_cell_identity_v4	sc_expression_source	NA	NA	TRMT1L	author_source_label	3	25	equal_donor_mean_cellwise_log1p10k	0.0451924788964435	NA	NA	NA	NA	SC_SOURCE_DESCRIPTIVE	NA	DONE	Donor-equal descriptive expression	GSE242230	UniProtKB:Q7Z2T5	primary_tumor	Endothelial	18	3	274	186	0.0573671497584541	0.0291143244497189	0.0145571622248594	0.0677887183446653	Author labels,predeclared coarse mapping	mean_donor(mean_cell(log1p(10000*counts/all_gene_library)))	0.009	0.4729226688213112
PDAC	GSE242230	06_EXTERNAL	20260922T131800Z_author_identity_v4	PDAC_author_cell_identity_v4	sc_expression_source	NA	NA	TRMT1L	author_source_label	3	25	equal_donor_mean_cellwise_log1p10k	0.0187524667825492	NA	NA	NA	NA	SC_SOURCE_DESCRIPTIVE	NA	DONE	Donor-equal descriptive expression	GSE242230	UniProtKB:Q7Z2T5	primary_tumor	Erythrocyte	12	3	1199	1158	0.0232436472346786	0.0166360323319271	0.0083180161659635	0.0281287001738238	Author labels,predeclared coarse mapping	mean_donor(mean_cell(log1p(10000*counts/all_gene_library)))	0.0	0.19623766729211384
PDAC	GSE242230	06_EXTERNAL	20260922T131800Z_author_identity_v4	PDAC_author_cell_identity_v4	sc_expression_source	NA	NA	TRMT1L	author_source_label	7	25	equal_donor_mean_cellwise_log1p10k	0.0631456701945797	NA	NA	NA	NA	SC_SOURCE_DESCRIPTIVE	NA	DONE	Donor-equal descriptive expression	GSE242230	UniProtKB:Q7Z2T5	primary_tumor	Fibroblast/CAF	20	7	911	810	0.0874124916793057	0.0726871254252606	0.0498827742919341	0.0826306025808322	Author labels,predeclared coarse mapping	mean_donor(mean_cell(log1p(10000*counts/all_gene_library)))	0.005	0.660796212160893
PDAC	GSE242230	06_EXTERNAL	20260922T131800Z_author_identity_v4	PDAC_author_cell_identity_v4	sc_expression_source	NA	NA	TRMT1L	author_source_label	23	25	equal_donor_mean_cellwise_log1p10k	0.0904999377651999	NA	NA	NA	NA	SC_SOURCE_DESCRIPTIVE	NA	DONE	Donor-equal descriptive expression	GSE242230	UniProtKB:Q7Z2T5	primary_tumor	Malignant (author)	25	23	10783	10759	0.144289675885224	0.0782898293855926	0.0528107536701759	0.1053138288403745	Author labels,predeclared coarse mapping	mean_donor(mean_cell(log1p(10000*counts/all_gene_library)))	0.275	0.9470485607606067
PDAC	GSE242230	06_EXTERNAL	20260922T131800Z_author_identity_v4	PDAC_author_cell_identity_v4	sc_expression_source	NA	NA	TRMT1L	author_source_label	1	25	equal_donor_mean_cellwise_log1p10k	NA	NA	NA	NA	NA	SC_SOURCE_DESCRIPTIVE	NA	NOT_EVALUABLE	GENE_MISSING_OR_LT3_ELIGIBLE_LABELS	GSE242230	UniProtKB:Q7Z2T5	primary_tumor	Mast	11	1	91	23	NA	NA	NA	NA	Author labels,predeclared coarse mapping	mean_donor(mean_cell(log1p(10000*counts/all_gene_library)))	NA	NA
PDAC	GSE242230	06_EXTERNAL	20260922T131800Z_author_identity_v4	PDAC_author_cell_identity_v4	sc_expression_source	NA	NA	TRMT1L	author_source_label	20	25	equal_donor_mean_cellwise_log1p10k	0.0719207078694488	NA	NA	NA	NA	SC_SOURCE_DESCRIPTIVE	NA	DONE	Donor-equal descriptive expression	GSE242230	UniProtKB:Q7Z2T5	primary_tumor	Myeloid	25	20	6246	6224	0.0851191718890718	0.0652755223883991	0.0571796799904634	0.0863745318459138	Author labels,predeclared coarse mapping	mean_donor(mean_cell(log1p(10000*counts/all_gene_library)))	0.004	0.7526237537683359
PDAC	GSE242230	06_EXTERNAL	20260922T131800Z_author_identity_v4	PDAC_author_cell_identity_v4	sc_expression_source	NA	NA	TRMT1L	author_source_label	6	25	equal_donor_mean_cellwise_log1p10k	0.0955599760296519	NA	NA	NA	NA	SC_SOURCE_DESCRIPTIVE	NA	DONE	Donor-equal descriptive expression	GSE242230	UniProtKB:Q7Z2T5	primary_tumor	Normal epithelial (author)	21	6	350	291	0.1789424198157331	0.0953765982364285	0.0559045854060447	0.1216858106938205	Author labels,predeclared coarse mapping	mean_donor(mean_cell(log1p(10000*counts/all_gene_library)))	0.437	1.0
PDAC	GSE242230	06_EXTERNAL	20260922T131800Z_author_identity_v4	PDAC_author_cell_identity_v4	sc_expression_source	NA	NA	TRMT1L	author_source_label	2	25	equal_donor_mean_cellwise_log1p10k	NA	NA	NA	NA	NA	SC_SOURCE_DESCRIPTIVE	NA	NOT_EVALUABLE	GENE_MISSING_OR_LT3_ELIGIBLE_LABELS	GSE242230	UniProtKB:Q7Z2T5	primary_tumor	Platelet	13	2	122	64	NA	NA	NA	NA	Author labels,predeclared coarse mapping	mean_donor(mean_cell(log1p(10000*counts/all_gene_library)))	NA	NA
PDAC	GSE242230	06_EXTERNAL	20260922T131800Z_author_identity_v4	PDAC_author_cell_identity_v4	sc_expression_source	NA	NA	TRMT1L	author_source_label	21	25	equal_donor_mean_cellwise_log1p10k	0.0706637328600692	NA	NA	NA	NA	SC_SOURCE_DESCRIPTIVE	NA	DONE	Donor-equal descriptive expression	GSE242230	UniProtKB:Q7Z2T5	primary_tumor	T/NK	25	21	9408	9383	0.0540871676589784	0.0660479763647542	0.0415561846086295	0.0880146865789692	Author labels,predeclared coarse mapping	mean_donor(mean_cell(log1p(10000*counts/all_gene_library)))	0.0	0.7394699726394083
PDAC	GSE242230	06_EXTERNAL	20260922T131800Z_author_identity_v4	PDAC_author_cell_identity_v4	sc_expression_source	NA	NA	TRMT2A	author_source_label	1	25	equal_donor_mean_cellwise_log1p10k	NA	NA	NA	NA	NA	SC_SOURCE_DESCRIPTIVE	NA	NOT_EVALUABLE	GENE_MISSING_OR_LT3_ELIGIBLE_LABELS	GSE242230	UniProtKB:Q8IZ69	primary_tumor	Acinar	17	1	91	20	NA	NA	NA	NA	Author labels,predeclared coarse mapping	mean_donor(mean_cell(log1p(10000*counts/all_gene_library)))	NA	NA
PDAC	GSE242230	06_EXTERNAL	20260922T131800Z_author_identity_v4	PDAC_author_cell_identity_v4	sc_expression_source	NA	NA	TRMT2A	author_source_label	15	25	equal_donor_mean_cellwise_log1p10k	0.0926435986050222	NA	NA	NA	NA	SC_SOURCE_DESCRIPTIVE	NA	DONE	Donor-equal descriptive expression	GSE242230	UniProtKB:Q8IZ69	primary_tumor	B/Plasma	23	15	1740	1675	0.0776767329737607	0.0764283620924411	0.0543655530985162	0.1328959193608742	Author labels,predeclared coarse mapping	mean_donor(mean_cell(log1p(10000*counts/all_gene_library)))	0.022	0.7271805831576518
PDAC	GSE242230	06_EXTERNAL	20260922T131800Z_author_identity_v4	PDAC_author_cell_identity_v4	sc_expression_source	NA	NA	TRMT2A	author_source_label	3	25	equal_donor_mean_cellwise_log1p10k	0.0505749971789774	NA	NA	NA	NA	SC_SOURCE_DESCRIPTIVE	NA	DONE	Donor-equal descriptive expression	GSE242230	UniProtKB:Q8IZ69	primary_tumor	Endothelial	18	3	274	186	0.0557636961661013	0.0540964212150183	0.0404461857112512	0.062464520664724	Author labels,predeclared coarse mapping	mean_donor(mean_cell(log1p(10000*counts/all_gene_library)))	0.0	0.39697460478194
PDAC	GSE242230	06_EXTERNAL	20260922T131800Z_author_identity_v4	PDAC_author_cell_identity_v4	sc_expression_source	NA	NA	TRMT2A	author_source_label	3	25	equal_donor_mean_cellwise_log1p10k	0.0003400724255504	NA	NA	NA	NA	SC_SOURCE_DESCRIPTIVE	NA	DONE	Donor-equal descriptive expression	GSE242230	UniProtKB:Q8IZ69	primary_tumor	Erythrocyte	12	3	1199	1158	0.0002989536621823	0.0	0.0	0.0005101086383256	Author labels,predeclared coarse mapping	mean_donor(mean_cell(log1p(10000*counts/all_gene_library)))	0.0	0.0026693054722743813
PDAC	GSE242230	06_EXTERNAL	20260922T131800Z_author_identity_v4	PDAC_author_cell_identity_v4	sc_expression_source	NA	NA	TRMT2A	author_source_label	7	25	equal_donor_mean_cellwise_log1p10k	0.0894439525391874	NA	NA	NA	NA	SC_SOURCE_DESCRIPTIVE	NA	DONE	Donor-equal descriptive expression	GSE242230	UniProtKB:Q8IZ69	primary_tumor	Fibroblast/CAF	20	7	911	810	0.1334069783417921	0.0813062835315672	0.0563245252802182	0.1060161350635075	Author labels,predeclared coarse mapping	mean_donor(mean_cell(log1p(10000*counts/all_gene_library)))	0.013	0.7020658366766606
PDAC	GSE242230	06_EXTERNAL	20260922T131800Z_author_identity_v4	PDAC_author_cell_identity_v4	sc_expression_source	NA	NA	TRMT2A	author_source_label	23	25	equal_donor_mean_cellwise_log1p10k	0.0894733603406905	NA	NA	NA	NA	SC_SOURCE_DESCRIPTIVE	NA	DONE	Donor-equal descriptive expression	GSE242230	UniProtKB:Q8IZ69	primary_tumor	Malignant (author)	25	23	10783	10759	0.1586080643771269	0.0863079092646228	0.0529453446349219	0.1113624193023891	Author labels,predeclared coarse mapping	mean_donor(mean_cell(log1p(10000*counts/all_gene_library)))	0.004	0.7022966651695993
PDAC	GSE242230	06_EXTERNAL	20260922T131800Z_author_identity_v4	PDAC_author_cell_identity_v4	sc_expression_source	NA	NA	TRMT2A	author_source_label	1	25	equal_donor_mean_cellwise_log1p10k	NA	NA	NA	NA	NA	SC_SOURCE_DESCRIPTIVE	NA	NOT_EVALUABLE	GENE_MISSING_OR_LT3_ELIGIBLE_LABELS	GSE242230	UniProtKB:Q8IZ69	primary_tumor	Mast	11	1	91	23	NA	NA	NA	NA	Author labels,predeclared coarse mapping	mean_donor(mean_cell(log1p(10000*counts/all_gene_library)))	NA	NA
PDAC	GSE242230	06_EXTERNAL	20260922T131800Z_author_identity_v4	PDAC_author_cell_identity_v4	sc_expression_source	NA	NA	TRMT2A	author_source_label	20	25	equal_donor_mean_cellwise_log1p10k	0.1039147721178546	NA	NA	NA	NA	SC_SOURCE_DESCRIPTIVE	NA	DONE	Donor-equal descriptive expression	GSE242230	UniProtKB:Q8IZ69	primary_tumor	Myeloid	25	20	6246	6224	0.1153355552002863	0.1081427057615756	0.0823966323036943	0.1295427029033157	Author labels,predeclared coarse mapping	mean_donor(mean_cell(log1p(10000*counts/all_gene_library)))	0.04	0.8156505762424004
PDAC	GSE242230	06_EXTERNAL	20260922T131800Z_author_identity_v4	PDAC_author_cell_identity_v4	sc_expression_source	NA	NA	TRMT2A	author_source_label	6	25	equal_donor_mean_cellwise_log1p10k	0.0984270118687204	NA	NA	NA	NA	SC_SOURCE_DESCRIPTIVE	NA	DONE	Donor-equal descriptive expression	GSE242230	UniProtKB:Q8IZ69	primary_tumor	Normal epithelial (author)	21	6	350	291	0.2086410320480785	0.1066738953989137	0.0890333073658845	0.1228977575376924	Author labels,predeclared coarse mapping	mean_donor(mean_cell(log1p(10000*counts/all_gene_library)))	0.016	0.7725759034287036
PDAC	GSE242230	06_EXTERNAL	20260922T131800Z_author_identity_v4	PDAC_author_cell_identity_v4	sc_expression_source	NA	NA	TRMT2A	author_source_label	2	25	equal_donor_mean_cellwise_log1p10k	NA	NA	NA	NA	NA	SC_SOURCE_DESCRIPTIVE	NA	NOT_EVALUABLE	GENE_MISSING_OR_LT3_ELIGIBLE_LABELS	GSE242230	UniProtKB:Q8IZ69	primary_tumor	Platelet	13	2	122	64	NA	NA	NA	NA	Author labels,predeclared coarse mapping	mean_donor(mean_cell(log1p(10000*counts/all_gene_library)))	NA	NA
PDAC	GSE242230	06_EXTERNAL	20260922T131800Z_author_identity_v4	PDAC_author_cell_identity_v4	sc_expression_source	NA	NA	TRMT2A	author_source_label	21	25	equal_donor_mean_cellwise_log1p10k	0.1274010895653098	NA	NA	NA	NA	SC_SOURCE_DESCRIPTIVE	NA	DONE	Donor-equal descriptive expression	GSE242230	UniProtKB:Q8IZ69	primary_tumor	T/NK	25	21	9408	9383	0.1022909582543258	0.1229613771062331	0.1048871300285059	0.1634351110794799	Author labels,predeclared coarse mapping	mean_donor(mean_cell(log1p(10000*counts/all_gene_library)))	0.905	1.0
PDAC	GSE242230	06_EXTERNAL	20260922T131800Z_author_identity_v4	PDAC_author_cell_identity_v4	sc_expression_source	NA	NA	TRMT2B	author_source_label	1	25	equal_donor_mean_cellwise_log1p10k	NA	NA	NA	NA	NA	SC_SOURCE_DESCRIPTIVE	NA	NOT_EVALUABLE	GENE_MISSING_OR_LT3_ELIGIBLE_LABELS	GSE242230	UniProtKB:Q96GJ1	primary_tumor	Acinar	17	1	91	20	NA	NA	NA	NA	Author labels,predeclared coarse mapping	mean_donor(mean_cell(log1p(10000*counts/all_gene_library)))	NA	NA
PDAC	GSE242230	06_EXTERNAL	20260922T131800Z_author_identity_v4	PDAC_author_cell_identity_v4	sc_expression_source	NA	NA	TRMT2B	author_source_label	15	25	equal_donor_mean_cellwise_log1p10k	0.0844095291591046	NA	NA	NA	NA	SC_SOURCE_DESCRIPTIVE	NA	DONE	Donor-equal descriptive expression	GSE242230	UniProtKB:Q96GJ1	primary_tumor	B/Plasma	23	15	1740	1675	0.0620798237058481	0.0726546853249953	0.0594719125985265	0.0948047992324934	Author labels,predeclared coarse mapping	mean_donor(mean_cell(log1p(10000*counts/all_gene_library)))	0.062	0.659920157217803
PDAC	GSE242230	06_EXTERNAL	20260922T131800Z_author_identity_v4	PDAC_author_cell_identity_v4	sc_expression_source	NA	NA	TRMT2B	author_source_label	3	25	equal_donor_mean_cellwise_log1p10k	0.1279086996144682	NA	NA	NA	NA	SC_SOURCE_DESCRIPTIVE	NA	DONE	Donor-equal descriptive expression	GSE242230	UniProtKB:Q96GJ1	primary_tumor	Endothelial	18	3	274	186	0.0819251721656902	0.1245879143510621	0.0800820181284615	0.1740749884687719	Author labels,predeclared coarse mapping	mean_donor(mean_cell(log1p(10000*counts/all_gene_library)))	0.454	1.0
PDAC	GSE242230	06_EXTERNAL	20260922T131800Z_author_identity_v4	PDAC_author_cell_identity_v4	sc_expression_source	NA	NA	TRMT2B	author_source_label	3	25	equal_donor_mean_cellwise_log1p10k	0.0	NA	NA	NA	NA	SC_SOURCE_DESCRIPTIVE	NA	DONE	Donor-equal descriptive expression	GSE242230	UniProtKB:Q96GJ1	primary_tumor	Erythrocyte	12	3	1199	1158	0.0	0.0	0.0	0.0	Author labels,predeclared coarse mapping	mean_donor(mean_cell(log1p(10000*counts/all_gene_library)))	0.0	0.0
PDAC	GSE242230	06_EXTERNAL	20260922T131800Z_author_identity_v4	PDAC_author_cell_identity_v4	sc_expression_source	NA	NA	TRMT2B	author_source_label	7	25	equal_donor_mean_cellwise_log1p10k	0.0257712831594823	NA	NA	NA	NA	SC_SOURCE_DESCRIPTIVE	NA	DONE	Donor-equal descriptive expression	GSE242230	UniProtKB:Q96GJ1	primary_tumor	Fibroblast/CAF	20	7	911	810	0.0367785474299005	0.028727107735822	0.023199842226301	0.0317928200980809	Author labels,predeclared coarse mapping	mean_donor(mean_cell(log1p(10000*counts/all_gene_library)))	0.0	0.2014818635257802
PDAC	GSE242230	06_EXTERNAL	20260922T131800Z_author_identity_v4	PDAC_author_cell_identity_v4	sc_expression_source	NA	NA	TRMT2B	author_source_label	23	25	equal_donor_mean_cellwise_log1p10k	0.052052545600272	NA	NA	NA	NA	SC_SOURCE_DESCRIPTIVE	NA	DONE	Donor-equal descriptive expression	GSE242230	UniProtKB:Q96GJ1	primary_tumor	Malignant (author)	25	23	10783	10759	0.0941594550244167	0.0478257856550022	0.0280381030371794	0.0714827133499346	Author labels,predeclared coarse mapping	mean_donor(mean_cell(log1p(10000*counts/all_gene_library)))	0.0	0.40695078409181284
PDAC	GSE242230	06_EXTERNAL	20260922T131800Z_author_identity_v4	PDAC_author_cell_identity_v4	sc_expression_source	NA	NA	TRMT2B	author_source_label	1	25	equal_donor_mean_cellwise_log1p10k	NA	NA	NA	NA	NA	SC_SOURCE_DESCRIPTIVE	NA	NOT_EVALUABLE	GENE_MISSING_OR_LT3_ELIGIBLE_LABELS	GSE242230	UniProtKB:Q96GJ1	primary_tumor	Mast	11	1	91	23	NA	NA	NA	NA	Author labels,predeclared coarse mapping	mean_donor(mean_cell(log1p(10000*counts/all_gene_library)))	NA	NA
PDAC	GSE242230	06_EXTERNAL	20260922T131800Z_author_identity_v4	PDAC_author_cell_identity_v4	sc_expression_source	NA	NA	TRMT2B	author_source_label	20	25	equal_donor_mean_cellwise_log1p10k	0.0323801118993783	NA	NA	NA	NA	SC_SOURCE_DESCRIPTIVE	NA	DONE	Donor-equal descriptive expression	GSE242230	UniProtKB:Q96GJ1	primary_tumor	Myeloid	25	20	6246	6224	0.0400288692306282	0.0272469121532561	0.0203344684899014	0.0411281286687401	Author labels,predeclared coarse mapping	mean_donor(mean_cell(log1p(10000*counts/all_gene_library)))	0.0	0.25315019226194735
PDAC	GSE242230	06_EXTERNAL	20260922T131800Z_author_identity_v4	PDAC_author_cell_identity_v4	sc_expression_source	NA	NA	TRMT2B	author_source_label	6	25	equal_donor_mean_cellwise_log1p10k	0.0881384289317124	NA	NA	NA	NA	SC_SOURCE_DESCRIPTIVE	NA	DONE	Donor-equal descriptive expression	GSE242230	UniProtKB:Q96GJ1	primary_tumor	Normal epithelial (author)	21	6	350	291	0.1709055194624909	0.0833235371525092	0.0593491229548396	0.1219208650622641	Author labels,predeclared coarse mapping	mean_donor(mean_cell(log1p(10000*counts/all_gene_library)))	0.141	0.6890729809416556
PDAC	GSE242230	06_EXTERNAL	20260922T131800Z_author_identity_v4	PDAC_author_cell_identity_v4	sc_expression_source	NA	NA	TRMT2B	author_source_label	2	25	equal_donor_mean_cellwise_log1p10k	NA	NA	NA	NA	NA	SC_SOURCE_DESCRIPTIVE	NA	NOT_EVALUABLE	GENE_MISSING_OR_LT3_ELIGIBLE_LABELS	GSE242230	UniProtKB:Q96GJ1	primary_tumor	Platelet	13	2	122	64	NA	NA	NA	NA	Author labels,predeclared coarse mapping	mean_donor(mean_cell(log1p(10000*counts/all_gene_library)))	NA	NA
PDAC	GSE242230	06_EXTERNAL	20260922T131800Z_author_identity_v4	PDAC_author_cell_identity_v4	sc_expression_source	NA	NA	TRMT2B	author_source_label	21	25	equal_donor_mean_cellwise_log1p10k	0.0963003795870993	NA	NA	NA	NA	SC_SOURCE_DESCRIPTIVE	NA	DONE	Donor-equal descriptive expression	GSE242230	UniProtKB:Q96GJ1	primary_tumor	T/NK	25	21	9408	9383	0.0696792419198111	0.0786501775387414	0.0689972528875998	0.1016530537571519	Author labels,predeclared coarse mapping	mean_donor(mean_cell(log1p(10000*counts/all_gene_library)))	0.343	0.7528837356439392
PDAC	GSE242230	06_EXTERNAL	20260922T131800Z_author_identity_v4	PDAC_author_cell_identity_v4	sc_expression_source	NA	NA	TRMT44	author_source_label	1	25	equal_donor_mean_cellwise_log1p10k	NA	NA	NA	NA	NA	SC_SOURCE_DESCRIPTIVE	NA	NOT_EVALUABLE	GENE_MISSING_OR_LT3_ELIGIBLE_LABELS	GSE242230	UniProtKB:Q8IYL2	primary_tumor	Acinar	17	1	91	20	NA	NA	NA	NA	Author labels,predeclared coarse mapping	mean_donor(mean_cell(log1p(10000*counts/all_gene_library)))	NA	NA
PDAC	GSE242230	06_EXTERNAL	20260922T131800Z_author_identity_v4	PDAC_author_cell_identity_v4	sc_expression_source	NA	NA	TRMT44	author_source_label	15	25	equal_donor_mean_cellwise_log1p10k	0.0171828442829529	NA	NA	NA	NA	SC_SOURCE_DESCRIPTIVE	NA	DONE	Donor-equal descriptive expression	GSE242230	UniProtKB:Q8IYL2	primary_tumor	B/Plasma	23	15	1740	1675	0.0154017088402077	0.0084167363393391	0.0	0.0256458099827195	Author labels,predeclared coarse mapping	mean_donor(mean_cell(log1p(10000*counts/all_gene_library)))	0.0	0.34118959958945305
PDAC	GSE242230	06_EXTERNAL	20260922T131800Z_author_identity_v4	PDAC_author_cell_identity_v4	sc_expression_source	NA	NA	TRMT44	author_source_label	3	25	equal_donor_mean_cellwise_log1p10k	0.0184870857544453	NA	NA	NA	NA	SC_SOURCE_DESCRIPTIVE	NA	DONE	Donor-equal descriptive expression	GSE242230	UniProtKB:Q8IYL2	primary_tumor	Endothelial	18	3	274	186	0.0364734299516908	0.0205003518535653	0.0102501759267826	0.0277306286316679	Author labels,predeclared coarse mapping	mean_donor(mean_cell(log1p(10000*counts/all_gene_library)))	0.0	0.36708715287566485
PDAC	GSE242230	06_EXTERNAL	20260922T131800Z_author_identity_v4	PDAC_author_cell_identity_v4	sc_expression_source	NA	NA	TRMT44	author_source_label	3	25	equal_donor_mean_cellwise_log1p10k	0.0004713362460608	NA	NA	NA	NA	SC_SOURCE_DESCRIPTIVE	NA	DONE	Donor-equal descriptive expression	GSE242230	UniProtKB:Q8IYL2	primary_tumor	Erythrocyte	12	3	1199	1158	0.0005979073243647	0.0	0.0	0.0007070043690912	Author labels,predeclared coarse mapping	mean_donor(mean_cell(log1p(10000*counts/all_gene_library)))	0.0	0.00935904570962241
PDAC	GSE242230	06_EXTERNAL	20260922T131800Z_author_identity_v4	PDAC_author_cell_identity_v4	sc_expression_source	NA	NA	TRMT44	author_source_label	7	25	equal_donor_mean_cellwise_log1p10k	0.0455593708833984	NA	NA	NA	NA	SC_SOURCE_DESCRIPTIVE	NA	DONE	Donor-equal descriptive expression	GSE242230	UniProtKB:Q8IYL2	primary_tumor	Fibroblast/CAF	20	7	911	810	0.0632914075291312	0.0520031320259255	0.0301004577622878	0.0602066497317387	Author labels,predeclared coarse mapping	mean_donor(mean_cell(log1p(10000*counts/all_gene_library)))	0.346	0.9046455437343205
PDAC	GSE242230	06_EXTERNAL	20260922T131800Z_author_identity_v4	PDAC_author_cell_identity_v4	sc_expression_source	NA	NA	TRMT44	author_source_label	23	25	equal_donor_mean_cellwise_log1p10k	0.0404395135147356	NA	NA	NA	NA	SC_SOURCE_DESCRIPTIVE	NA	DONE	Donor-equal descriptive expression	GSE242230	UniProtKB:Q8IYL2	primary_tumor	Malignant (author)	25	23	10783	10759	0.081334765015032	0.0221536056979889	0.0162030646263633	0.0375171286438198	Author labels,predeclared coarse mapping	mean_donor(mean_cell(log1p(10000*counts/all_gene_library)))	0.133	0.802983557115364
PDAC	GSE242230	06_EXTERNAL	20260922T131800Z_author_identity_v4	PDAC_author_cell_identity_v4	sc_expression_source	NA	NA	TRMT44	author_source_label	1	25	equal_donor_mean_cellwise_log1p10k	NA	NA	NA	NA	NA	SC_SOURCE_DESCRIPTIVE	NA	NOT_EVALUABLE	GENE_MISSING_OR_LT3_ELIGIBLE_LABELS	GSE242230	UniProtKB:Q8IYL2	primary_tumor	Mast	11	1	91	23	NA	NA	NA	NA	Author labels,predeclared coarse mapping	mean_donor(mean_cell(log1p(10000*counts/all_gene_library)))	NA	NA
PDAC	GSE242230	06_EXTERNAL	20260922T131800Z_author_identity_v4	PDAC_author_cell_identity_v4	sc_expression_source	NA	NA	TRMT44	author_source_label	20	25	equal_donor_mean_cellwise_log1p10k	0.0209453618316733	NA	NA	NA	NA	SC_SOURCE_DESCRIPTIVE	NA	DONE	Donor-equal descriptive expression	GSE242230	UniProtKB:Q8IYL2	primary_tumor	Myeloid	25	20	6246	6224	0.0236556940082644	0.014944229829763	0.0082990279478249	0.0267282175400663	Author labels,predeclared coarse mapping	mean_donor(mean_cell(log1p(10000*counts/all_gene_library)))	0.0	0.4158996903495605
PDAC	GSE242230	06_EXTERNAL	20260922T131800Z_author_identity_v4	PDAC_author_cell_identity_v4	sc_expression_source	NA	NA	TRMT44	author_source_label	6	25	equal_donor_mean_cellwise_log1p10k	0.0503615711136233	NA	NA	NA	NA	SC_SOURCE_DESCRIPTIVE	NA	DONE	Donor-equal descriptive expression	GSE242230	UniProtKB:Q8IYL2	primary_tumor	Normal epithelial (author)	21	6	350	291	0.112262672082762	0.0362781229025322	0.0305075240645497	0.0487397455431212	Author labels,predeclared coarse mapping	mean_donor(mean_cell(log1p(10000*counts/all_gene_library)))	0.521	1.0
PDAC	GSE242230	06_EXTERNAL	20260922T131800Z_author_identity_v4	PDAC_author_cell_identity_v4	sc_expression_source	NA	NA	TRMT44	author_source_label	2	25	equal_donor_mean_cellwise_log1p10k	NA	NA	NA	NA	NA	SC_SOURCE_DESCRIPTIVE	NA	NOT_EVALUABLE	GENE_MISSING_OR_LT3_ELIGIBLE_LABELS	GSE242230	UniProtKB:Q8IYL2	primary_tumor	Platelet	13	2	122	64	NA	NA	NA	NA	Author labels,predeclared coarse mapping	mean_donor(mean_cell(log1p(10000*counts/all_gene_library)))	NA	NA
PDAC	GSE242230	06_EXTERNAL	20260922T131800Z_author_identity_v4	PDAC_author_cell_identity_v4	sc_expression_source	NA	NA	TRMT44	author_source_label	21	25	equal_donor_mean_cellwise_log1p10k	0.0284367055744333	NA	NA	NA	NA	SC_SOURCE_DESCRIPTIVE	NA	DONE	Donor-equal descriptive expression	GSE242230	UniProtKB:Q8IYL2	primary_tumor	T/NK	25	21	9408	9383	0.0222717953826651	0.030899723862436	0.0242796397757062	0.0337546847545222	Author labels,predeclared coarse mapping	mean_donor(mean_cell(log1p(10000*counts/all_gene_library)))	0.0	0.5646508825206387
PDAC	GSE242230	06_EXTERNAL	20260922T131800Z_author_identity_v4	PDAC_author_cell_identity_v4	sc_expression_source	NA	NA	TRMT5	author_source_label	1	25	equal_donor_mean_cellwise_log1p10k	NA	NA	NA	NA	NA	SC_SOURCE_DESCRIPTIVE	NA	NOT_EVALUABLE	GENE_MISSING_OR_LT3_ELIGIBLE_LABELS	GSE242230	UniProtKB:Q32P41	primary_tumor	Acinar	17	1	91	20	NA	NA	NA	NA	Author labels,predeclared coarse mapping	mean_donor(mean_cell(log1p(10000*counts/all_gene_library)))	NA	NA
PDAC	GSE242230	06_EXTERNAL	20260922T131800Z_author_identity_v4	PDAC_author_cell_identity_v4	sc_expression_source	NA	NA	TRMT5	author_source_label	15	25	equal_donor_mean_cellwise_log1p10k	0.0316899705524132	NA	NA	NA	NA	SC_SOURCE_DESCRIPTIVE	NA	DONE	Donor-equal descriptive expression	GSE242230	UniProtKB:Q32P41	primary_tumor	B/Plasma	23	15	1740	1675	0.027990267881519	0.0237037985248298	0.0143764842882757	0.0397608555902276	Author labels,predeclared coarse mapping	mean_donor(mean_cell(log1p(10000*counts/all_gene_library)))	0.0	0.25454098742538095
PDAC	GSE242230	06_EXTERNAL	20260922T131800Z_author_identity_v4	PDAC_author_cell_identity_v4	sc_expression_source	NA	NA	TRMT5	author_source_label	3	25	equal_donor_mean_cellwise_log1p10k	0.124498497758453	NA	NA	NA	NA	SC_SOURCE_DESCRIPTIVE	NA	DONE	Donor-equal descriptive expression	GSE242230	UniProtKB:Q32P41	primary_tumor	Endothelial	18	3	274	186	0.0900298077911399	0.1094466527651799	0.0912411754494583	0.1502298975708111	Author labels,predeclared coarse mapping	mean_donor(mean_cell(log1p(10000*counts/all_gene_library)))	0.6	1.0
PDAC	GSE242230	06_EXTERNAL	20260922T131800Z_author_identity_v4	PDAC_author_cell_identity_v4	sc_expression_source	NA	NA	TRMT5	author_source_label	3	25	equal_donor_mean_cellwise_log1p10k	0.0	NA	NA	NA	NA	SC_SOURCE_DESCRIPTIVE	NA	DONE	Donor-equal descriptive expression	GSE242230	UniProtKB:Q32P41	primary_tumor	Erythrocyte	12	3	1199	1158	0.0	0.0	0.0	0.0	Author labels,predeclared coarse mapping	mean_donor(mean_cell(log1p(10000*counts/all_gene_library)))	0.0	0.0
PDAC	GSE242230	06_EXTERNAL	20260922T131800Z_author_identity_v4	PDAC_author_cell_identity_v4	sc_expression_source	NA	NA	TRMT5	author_source_label	7	25	equal_donor_mean_cellwise_log1p10k	0.0582505473357946	NA	NA	NA	NA	SC_SOURCE_DESCRIPTIVE	NA	DONE	Donor-equal descriptive expression	GSE242230	UniProtKB:Q32P41	primary_tumor	Fibroblast/CAF	20	7	911	810	0.092209827734754	0.0648941437027591	0.0368468564779917	0.070843240995756	Author labels,predeclared coarse mapping	mean_donor(mean_cell(log1p(10000*counts/all_gene_library)))	0.127	0.4678815277659814
PDAC	GSE242230	06_EXTERNAL	20260922T131800Z_author_identity_v4	PDAC_author_cell_identity_v4	sc_expression_source	NA	NA	TRMT5	author_source_label	23	25	equal_donor_mean_cellwise_log1p10k	0.0624559557570023	NA	NA	NA	NA	SC_SOURCE_DESCRIPTIVE	NA	DONE	Donor-equal descriptive expression	GSE242230	UniProtKB:Q32P41	primary_tumor	Malignant (author)	25	23	10783	10759	0.1082368911708372	0.0682659600152448	0.0404834862576391	0.0804003367771265	Author labels,predeclared coarse mapping	mean_donor(mean_cell(log1p(10000*counts/all_gene_library)))	0.257	0.5016603162407377
PDAC	GSE242230	06_EXTERNAL	20260922T131800Z_author_identity_v4	PDAC_author_cell_identity_v4	sc_expression_source	NA	NA	TRMT5	author_source_label	1	25	equal_donor_mean_cellwise_log1p10k	NA	NA	NA	NA	NA	SC_SOURCE_DESCRIPTIVE	NA	NOT_EVALUABLE	GENE_MISSING_OR_LT3_ELIGIBLE_LABELS	GSE242230	UniProtKB:Q32P41	primary_tumor	Mast	11	1	91	23	NA	NA	NA	NA	Author labels,predeclared coarse mapping	mean_donor(mean_cell(log1p(10000*counts/all_gene_library)))	NA	NA
PDAC	GSE242230	06_EXTERNAL	20260922T131800Z_author_identity_v4	PDAC_author_cell_identity_v4	sc_expression_source	NA	NA	TRMT5	author_source_label	20	25	equal_donor_mean_cellwise_log1p10k	0.0265288947025905	NA	NA	NA	NA	SC_SOURCE_DESCRIPTIVE	NA	DONE	Donor-equal descriptive expression	GSE242230	UniProtKB:Q32P41	primary_tumor	Myeloid	25	20	6246	6224	0.0389126707652517	0.0225637079259188	0.0169659580166133	0.0296506613507653	Author labels,predeclared coarse mapping	mean_donor(mean_cell(log1p(10000*counts/all_gene_library)))	0.0	0.2130860627255182
PDAC	GSE242230	06_EXTERNAL	20260922T131800Z_author_identity_v4	PDAC_author_cell_identity_v4	sc_expression_source	NA	NA	TRMT5	author_source_label	6	25	equal_donor_mean_cellwise_log1p10k	0.0416968274856504	NA	NA	NA	NA	SC_SOURCE_DESCRIPTIVE	NA	DONE	Donor-equal descriptive expression	GSE242230	UniProtKB:Q32P41	primary_tumor	Normal epithelial (author)	21	6	350	291	0.108206366902019	0.0428496304493269	0.0319959967263567	0.0591366425414006	Author labels,predeclared coarse mapping	mean_donor(mean_cell(log1p(10000*counts/all_gene_library)))	0.016	0.3349183181836372
PDAC	GSE242230	06_EXTERNAL	20260922T131800Z_author_identity_v4	PDAC_author_cell_identity_v4	sc_expression_source	NA	NA	TRMT5	author_source_label	2	25	equal_donor_mean_cellwise_log1p10k	NA	NA	NA	NA	NA	SC_SOURCE_DESCRIPTIVE	NA	NOT_EVALUABLE	GENE_MISSING_OR_LT3_ELIGIBLE_LABELS	GSE242230	UniProtKB:Q32P41	primary_tumor	Platelet	13	2	122	64	NA	NA	NA	NA	Author labels,predeclared coarse mapping	mean_donor(mean_cell(log1p(10000*counts/all_gene_library)))	NA	NA
PDAC	GSE242230	06_EXTERNAL	20260922T131800Z_author_identity_v4	PDAC_author_cell_identity_v4	sc_expression_source	NA	NA	TRMT5	author_source_label	21	25	equal_donor_mean_cellwise_log1p10k	0.0205853223339595	NA	NA	NA	NA	SC_SOURCE_DESCRIPTIVE	NA	DONE	Donor-equal descriptive expression	GSE242230	UniProtKB:Q32P41	primary_tumor	T/NK	25	21	9408	9383	0.0177212081573032	0.0222223299728402	0.0151493073172613	0.0259891739420555	Author labels,predeclared coarse mapping	mean_donor(mean_cell(log1p(10000*counts/all_gene_library)))	0.0	0.16534594958646262
PDAC	GSE242230	06_EXTERNAL	20260922T131800Z_author_identity_v4	PDAC_author_cell_identity_v4	sc_expression_source	NA	NA	TRMT61A	author_source_label	1	25	equal_donor_mean_cellwise_log1p10k	NA	NA	NA	NA	NA	SC_SOURCE_DESCRIPTIVE	NA	NOT_EVALUABLE	GENE_MISSING_OR_LT3_ELIGIBLE_LABELS	GSE242230	UniProtKB:Q96FX7	primary_tumor	Acinar	17	1	91	20	NA	NA	NA	NA	Author labels,predeclared coarse mapping	mean_donor(mean_cell(log1p(10000*counts/all_gene_library)))	NA	NA
PDAC	GSE242230	06_EXTERNAL	20260922T131800Z_author_identity_v4	PDAC_author_cell_identity_v4	sc_expression_source	NA	NA	TRMT61A	author_source_label	15	25	equal_donor_mean_cellwise_log1p10k	0.0522266277104456	NA	NA	NA	NA	SC_SOURCE_DESCRIPTIVE	NA	DONE	Donor-equal descriptive expression	GSE242230	UniProtKB:Q96FX7	primary_tumor	B/Plasma	23	15	1740	1675	0.0417373372404119	0.0486745379267084	0.0340102823318483	0.0663231290846119	Author labels,predeclared coarse mapping	mean_donor(mean_cell(log1p(10000*counts/all_gene_library)))	0.0	0.5242554437197438
PDAC	GSE242230	06_EXTERNAL	20260922T131800Z_author_identity_v4	PDAC_author_cell_identity_v4	sc_expression_source	NA	NA	TRMT61A	author_source_label	3	25	equal_donor_mean_cellwise_log1p10k	0.0606439525701849	NA	NA	NA	NA	SC_SOURCE_DESCRIPTIVE	NA	DONE	Donor-equal descriptive expression	GSE242230	UniProtKB:Q96FX7	primary_tumor	Endothelial	18	3	274	186	0.0741417411861445	0.0706599732185217	0.0419793166584756	0.0843165988060626	Author labels,predeclared coarse mapping	mean_donor(mean_cell(log1p(10000*counts/all_gene_library)))	0.009	0.6087492847492932
PDAC	GSE242230	06_EXTERNAL	20260922T131800Z_author_identity_v4	PDAC_author_cell_identity_v4	sc_expression_source	NA	NA	TRMT61A	author_source_label	3	25	equal_donor_mean_cellwise_log1p10k	0.0003996688383102	NA	NA	NA	NA	SC_SOURCE_DESCRIPTIVE	NA	DONE	Donor-equal descriptive expression	GSE242230	UniProtKB:Q96FX7	primary_tumor	Erythrocyte	12	3	1199	1158	0.0005979073243647	0.0	0.0	0.0005995032574653	Author labels,predeclared coarse mapping	mean_donor(mean_cell(log1p(10000*counts/all_gene_library)))	0.0	0.004011910654674753
PDAC	GSE242230	06_EXTERNAL	20260922T131800Z_author_identity_v4	PDAC_author_cell_identity_v4	sc_expression_source	NA	NA	TRMT61A	author_source_label	7	25	equal_donor_mean_cellwise_log1p10k	0.0734200781346606	NA	NA	NA	NA	SC_SOURCE_DESCRIPTIVE	NA	DONE	Donor-equal descriptive expression	GSE242230	UniProtKB:Q96FX7	primary_tumor	Fibroblast/CAF	20	7	911	810	0.1035918325633915	0.076236044419263	0.0689590500549957	0.0790064076402039	Author labels,predeclared coarse mapping	mean_donor(mean_cell(log1p(10000*counts/all_gene_library)))	0.012	0.7369971473905134
PDAC	GSE242230	06_EXTERNAL	20260922T131800Z_author_identity_v4	PDAC_author_cell_identity_v4	sc_expression_source	NA	NA	TRMT61A	author_source_label	23	25	equal_donor_mean_cellwise_log1p10k	0.0872874530708497	NA	NA	NA	NA	SC_SOURCE_DESCRIPTIVE	NA	DONE	Donor-equal descriptive expression	GSE242230	UniProtKB:Q96FX7	primary_tumor	Malignant (author)	25	23	10783	10759	0.1541816155937957	0.0899581391488483	0.0619130306058577	0.1062394054344419	Author labels,predeclared coarse mapping	mean_donor(mean_cell(log1p(10000*counts/all_gene_library)))	0.371	0.876199066394482
PDAC	GSE242230	06_EXTERNAL	20260922T131800Z_author_identity_v4	PDAC_author_cell_identity_v4	sc_expression_source	NA	NA	TRMT61A	author_source_label	1	25	equal_donor_mean_cellwise_log1p10k	NA	NA	NA	NA	NA	SC_SOURCE_DESCRIPTIVE	NA	NOT_EVALUABLE	GENE_MISSING_OR_LT3_ELIGIBLE_LABELS	GSE242230	UniProtKB:Q96FX7	primary_tumor	Mast	11	1	91	23	NA	NA	NA	NA	Author labels,predeclared coarse mapping	mean_donor(mean_cell(log1p(10000*counts/all_gene_library)))	NA	NA
PDAC	GSE242230	06_EXTERNAL	20260922T131800Z_author_identity_v4	PDAC_author_cell_identity_v4	sc_expression_source	NA	NA	TRMT61A	author_source_label	20	25	equal_donor_mean_cellwise_log1p10k	0.0504368535915559	NA	NA	NA	NA	SC_SOURCE_DESCRIPTIVE	NA	DONE	Donor-equal descriptive expression	GSE242230	UniProtKB:Q96FX7	primary_tumor	Myeloid	25	20	6246	6224	0.0665109384366966	0.04622000317846	0.0330024683241976	0.0615911986079447	Author labels,predeclared coarse mapping	mean_donor(mean_cell(log1p(10000*counts/all_gene_library)))	0.0	0.5062895350254519
PDAC	GSE242230	06_EXTERNAL	20260922T131800Z_author_identity_v4	PDAC_author_cell_identity_v4	sc_expression_source	NA	NA	TRMT61A	author_source_label	6	25	equal_donor_mean_cellwise_log1p10k	0.0996205730166245	NA	NA	NA	NA	SC_SOURCE_DESCRIPTIVE	NA	DONE	Donor-equal descriptive expression	GSE242230	UniProtKB:Q96FX7	primary_tumor	Normal epithelial (author)	21	6	350	291	0.1928866229278523	0.0880745453861223	0.0637668657627236	0.1136885459816936	Author labels,predeclared coarse mapping	mean_donor(mean_cell(log1p(10000*counts/all_gene_library)))	0.608	1.0
PDAC	GSE242230	06_EXTERNAL	20260922T131800Z_author_identity_v4	PDAC_author_cell_identity_v4	sc_expression_source	NA	NA	TRMT61A	author_source_label	2	25	equal_donor_mean_cellwise_log1p10k	NA	NA	NA	NA	NA	SC_SOURCE_DESCRIPTIVE	NA	NOT_EVALUABLE	GENE_MISSING_OR_LT3_ELIGIBLE_LABELS	GSE242230	UniProtKB:Q96FX7	primary_tumor	Platelet	13	2	122	64	NA	NA	NA	NA	Author labels,predeclared coarse mapping	mean_donor(mean_cell(log1p(10000*counts/all_gene_library)))	NA	NA
PDAC	GSE242230	06_EXTERNAL	20260922T131800Z_author_identity_v4	PDAC_author_cell_identity_v4	sc_expression_source	NA	NA	TRMT61A	author_source_label	21	25	equal_donor_mean_cellwise_log1p10k	0.0474268368623562	NA	NA	NA	NA	SC_SOURCE_DESCRIPTIVE	NA	DONE	Donor-equal descriptive expression	GSE242230	UniProtKB:Q96FX7	primary_tumor	T/NK	25	21	9408	9383	0.039198760275084	0.0429520691067405	0.034818938249031	0.0586977222459556	Author labels,predeclared coarse mapping	mean_donor(mean_cell(log1p(10000*counts/all_gene_library)))	0.0	0.47607472458968586
PDAC	GSE242230	06_EXTERNAL	20260922T131800Z_author_identity_v4	PDAC_author_cell_identity_v4	sc_expression_source	NA	NA	TRMT61B	author_source_label	1	25	equal_donor_mean_cellwise_log1p10k	NA	NA	NA	NA	NA	SC_SOURCE_DESCRIPTIVE	NA	NOT_EVALUABLE	GENE_MISSING_OR_LT3_ELIGIBLE_LABELS	GSE242230	UniProtKB:Q9BVS5	primary_tumor	Acinar	17	1	91	20	NA	NA	NA	NA	Author labels,predeclared coarse mapping	mean_donor(mean_cell(log1p(10000*counts/all_gene_library)))	NA	NA
PDAC	GSE242230	06_EXTERNAL	20260922T131800Z_author_identity_v4	PDAC_author_cell_identity_v4	sc_expression_source	NA	NA	TRMT61B	author_source_label	15	25	equal_donor_mean_cellwise_log1p10k	0.0858676462247131	NA	NA	NA	NA	SC_SOURCE_DESCRIPTIVE	NA	DONE	Donor-equal descriptive expression	GSE242230	UniProtKB:Q9BVS5	primary_tumor	B/Plasma	23	15	1740	1675	0.0668281907409579	0.0706190374338635	0.0490156683631885	0.0827835427611494	Author labels,predeclared coarse mapping	mean_donor(mean_cell(log1p(10000*counts/all_gene_library)))	0.132	0.7627394332237943
PDAC	GSE242230	06_EXTERNAL	20260922T131800Z_author_identity_v4	PDAC_author_cell_identity_v4	sc_expression_source	NA	NA	TRMT61B	author_source_label	3	25	equal_donor_mean_cellwise_log1p10k	0.1125779558318952	NA	NA	NA	NA	SC_SOURCE_DESCRIPTIVE	NA	DONE	Donor-equal descriptive expression	GSE242230	UniProtKB:Q9BVS5	primary_tumor	Endothelial	18	3	274	186	0.1144130948710042	0.1327067499801823	0.082429406761926	0.1527909019760079	Author labels,predeclared coarse mapping	mean_donor(mean_cell(log1p(10000*counts/all_gene_library)))	0.361	1.0
PDAC	GSE242230	06_EXTERNAL	20260922T131800Z_author_identity_v4	PDAC_author_cell_identity_v4	sc_expression_source	NA	NA	TRMT61B	author_source_label	3	25	equal_donor_mean_cellwise_log1p10k	0.0	NA	NA	NA	NA	SC_SOURCE_DESCRIPTIVE	NA	DONE	Donor-equal descriptive expression	GSE242230	UniProtKB:Q9BVS5	primary_tumor	Erythrocyte	12	3	1199	1158	0.0	0.0	0.0	0.0	Author labels,predeclared coarse mapping	mean_donor(mean_cell(log1p(10000*counts/all_gene_library)))	0.0	0.0
PDAC	GSE242230	06_EXTERNAL	20260922T131800Z_author_identity_v4	PDAC_author_cell_identity_v4	sc_expression_source	NA	NA	TRMT61B	author_source_label	7	25	equal_donor_mean_cellwise_log1p10k	0.0716867331223275	NA	NA	NA	NA	SC_SOURCE_DESCRIPTIVE	NA	DONE	Donor-equal descriptive expression	GSE242230	UniProtKB:Q9BVS5	primary_tumor	Fibroblast/CAF	20	7	911	810	0.1147717886775929	0.0745866341142421	0.0677045932177009	0.0790301877777191	Author labels,predeclared coarse mapping	mean_donor(mean_cell(log1p(10000*counts/all_gene_library)))	0.007	0.6367741587826687
PDAC	GSE242230	06_EXTERNAL	20260922T131800Z_author_identity_v4	PDAC_author_cell_identity_v4	sc_expression_source	NA	NA	TRMT61B	author_source_label	23	25	equal_donor_mean_cellwise_log1p10k	0.0899239527359736	NA	NA	NA	NA	SC_SOURCE_DESCRIPTIVE	NA	DONE	Donor-equal descriptive expression	GSE242230	UniProtKB:Q9BVS5	primary_tumor	Malignant (author)	25	23	10783	10759	0.159019192644852	0.0806685482614518	0.0524117148168521	0.1157987738718023	Author labels,predeclared coarse mapping	mean_donor(mean_cell(log1p(10000*counts/all_gene_library)))	0.059	0.7987705236916076
PDAC	GSE242230	06_EXTERNAL	20260922T131800Z_author_identity_v4	PDAC_author_cell_identity_v4	sc_expression_source	NA	NA	TRMT61B	author_source_label	1	25	equal_donor_mean_cellwise_log1p10k	NA	NA	NA	NA	NA	SC_SOURCE_DESCRIPTIVE	NA	NOT_EVALUABLE	GENE_MISSING_OR_LT3_ELIGIBLE_LABELS	GSE242230	UniProtKB:Q9BVS5	primary_tumor	Mast	11	1	91	23	NA	NA	NA	NA	Author labels,predeclared coarse mapping	mean_donor(mean_cell(log1p(10000*counts/all_gene_library)))	NA	NA
PDAC	GSE242230	06_EXTERNAL	20260922T131800Z_author_identity_v4	PDAC_author_cell_identity_v4	sc_expression_source	NA	NA	TRMT61B	author_source_label	20	25	equal_donor_mean_cellwise_log1p10k	0.0644225160370312	NA	NA	NA	NA	SC_SOURCE_DESCRIPTIVE	NA	DONE	Donor-equal descriptive expression	GSE242230	UniProtKB:Q9BVS5	primary_tumor	Myeloid	25	20	6246	6224	0.0726926731845543	0.0567029919811541	0.0413096802750665	0.0829383110871234	Author labels,predeclared coarse mapping	mean_donor(mean_cell(log1p(10000*counts/all_gene_library)))	0.0	0.5722480530134055
PDAC	GSE242230	06_EXTERNAL	20260922T131800Z_author_identity_v4	PDAC_author_cell_identity_v4	sc_expression_source	NA	NA	TRMT61B	author_source_label	6	25	equal_donor_mean_cellwise_log1p10k	0.0938016927213396	NA	NA	NA	NA	SC_SOURCE_DESCRIPTIVE	NA	DONE	Donor-equal descriptive expression	GSE242230	UniProtKB:Q9BVS5	primary_tumor	Normal epithelial (author)	21	6	350	291	0.1898495730767095	0.1122090947863322	0.069481646158441	0.1201704901658388	Author labels,predeclared coarse mapping	mean_donor(mean_cell(log1p(10000*counts/all_gene_library)))	0.342	0.8332154552655684
PDAC	GSE242230	06_EXTERNAL	20260922T131800Z_author_identity_v4	PDAC_author_cell_identity_v4	sc_expression_source	NA	NA	TRMT61B	author_source_label	2	25	equal_donor_mean_cellwise_log1p10k	NA	NA	NA	NA	NA	SC_SOURCE_DESCRIPTIVE	NA	NOT_EVALUABLE	GENE_MISSING_OR_LT3_ELIGIBLE_LABELS	GSE242230	UniProtKB:Q9BVS5	primary_tumor	Platelet	13	2	122	64	NA	NA	NA	NA	Author labels,predeclared coarse mapping	mean_donor(mean_cell(log1p(10000*counts/all_gene_library)))	NA	NA
PDAC	GSE242230	06_EXTERNAL	20260922T131800Z_author_identity_v4	PDAC_author_cell_identity_v4	sc_expression_source	NA	NA	TRMT61B	author_source_label	21	25	equal_donor_mean_cellwise_log1p10k	0.0887571968027832	NA	NA	NA	NA	SC_SOURCE_DESCRIPTIVE	NA	DONE	Donor-equal descriptive expression	GSE242230	UniProtKB:Q9BVS5	primary_tumor	T/NK	25	21	9408	9383	0.0695066326477444	0.0833209889536288	0.0702377958128857	0.0996930693796186	Author labels,predeclared coarse mapping	mean_donor(mean_cell(log1p(10000*counts/all_gene_library)))	0.099	0.788406541466414
PDAC	GSE242230	06_EXTERNAL	20260922T131800Z_author_identity_v4	PDAC_author_cell_identity_v4	sc_expression_source	NA	NA	TYMP	author_source_label	1	25	equal_donor_mean_cellwise_log1p10k	NA	NA	NA	NA	NA	SC_SOURCE_DESCRIPTIVE	NA	NOT_EVALUABLE	GENE_MISSING_OR_LT3_ELIGIBLE_LABELS	GSE242230	UniProtKB:P19971	primary_tumor	Acinar	17	1	91	20	NA	NA	NA	NA	Author labels,predeclared coarse mapping	mean_donor(mean_cell(log1p(10000*counts/all_gene_library)))	NA	NA
PDAC	GSE242230	06_EXTERNAL	20260922T131800Z_author_identity_v4	PDAC_author_cell_identity_v4	sc_expression_source	NA	NA	TYMP	author_source_label	15	25	equal_donor_mean_cellwise_log1p10k	0.1388449174200592	NA	NA	NA	NA	SC_SOURCE_DESCRIPTIVE	NA	DONE	Donor-equal descriptive expression	GSE242230	UniProtKB:P19971	primary_tumor	B/Plasma	23	15	1740	1675	0.1045887721751177	0.1286782075330433	0.098610735782608	0.1722843887853274	Author labels,predeclared coarse mapping	mean_donor(mean_cell(log1p(10000*counts/all_gene_library)))	0.0	0.08280748286856894
PDAC	GSE242230	06_EXTERNAL	20260922T131800Z_author_identity_v4	PDAC_author_cell_identity_v4	sc_expression_source	NA	NA	TYMP	author_source_label	3	25	equal_donor_mean_cellwise_log1p10k	0.2958933806196064	NA	NA	NA	NA	SC_SOURCE_DESCRIPTIVE	NA	DONE	Donor-equal descriptive expression	GSE242230	UniProtKB:P19971	primary_tumor	Endothelial	18	3	274	186	0.2315165998561003	0.2862087260921858	0.2269131744070357	0.3600312595684668	Author labels,predeclared coarse mapping	mean_donor(mean_cell(log1p(10000*counts/all_gene_library)))	0.0	0.17647160948969048
PDAC	GSE242230	06_EXTERNAL	20260922T131800Z_author_identity_v4	PDAC_author_cell_identity_v4	sc_expression_source	NA	NA	TYMP	author_source_label	3	25	equal_donor_mean_cellwise_log1p10k	0.0020718058747314	NA	NA	NA	NA	SC_SOURCE_DESCRIPTIVE	NA	DONE	Donor-equal descriptive expression	GSE242230	UniProtKB:P19971	primary_tumor	Erythrocyte	12	3	1199	1158	0.0020926756352765	0.0	0.0	0.0031077088120971	Author labels,predeclared coarse mapping	mean_donor(mean_cell(log1p(10000*counts/all_gene_library)))	0.0	0.001235630606194845
PDAC	GSE242230	06_EXTERNAL	20260922T131800Z_author_identity_v4	PDAC_author_cell_identity_v4	sc_expression_source	NA	NA	TYMP	author_source_label	7	25	equal_donor_mean_cellwise_log1p10k	0.4340723061614725	NA	NA	NA	NA	SC_SOURCE_DESCRIPTIVE	NA	DONE	Donor-equal descriptive expression	GSE242230	UniProtKB:P19971	primary_tumor	Fibroblast/CAF	20	7	911	810	0.3974607341961022	0.4199581623327293	0.3414855449016822	0.4934749709422197	Author labels,predeclared coarse mapping	mean_donor(mean_cell(log1p(10000*counts/all_gene_library)))	0.0	0.2588818930075822
PDAC	GSE242230	06_EXTERNAL	20260922T131800Z_author_identity_v4	PDAC_author_cell_identity_v4	sc_expression_source	NA	NA	TYMP	author_source_label	23	25	equal_donor_mean_cellwise_log1p10k	0.4301701966556241	NA	NA	NA	NA	SC_SOURCE_DESCRIPTIVE	NA	DONE	Donor-equal descriptive expression	GSE242230	UniProtKB:P19971	primary_tumor	Malignant (author)	25	23	10783	10759	0.3939130477414169	0.4273806815441907	0.2894351989114478	0.5550609403396939	Author labels,predeclared coarse mapping	mean_donor(mean_cell(log1p(10000*counts/all_gene_library)))	0.0	0.25655466438401475
PDAC	GSE242230	06_EXTERNAL	20260922T131800Z_author_identity_v4	PDAC_author_cell_identity_v4	sc_expression_source	NA	NA	TYMP	author_source_label	1	25	equal_donor_mean_cellwise_log1p10k	NA	NA	NA	NA	NA	SC_SOURCE_DESCRIPTIVE	NA	NOT_EVALUABLE	GENE_MISSING_OR_LT3_ELIGIBLE_LABELS	GSE242230	UniProtKB:P19971	primary_tumor	Mast	11	1	91	23	NA	NA	NA	NA	Author labels,predeclared coarse mapping	mean_donor(mean_cell(log1p(10000*counts/all_gene_library)))	NA	NA
PDAC	GSE242230	06_EXTERNAL	20260922T131800Z_author_identity_v4	PDAC_author_cell_identity_v4	sc_expression_source	NA	NA	TYMP	author_source_label	20	25	equal_donor_mean_cellwise_log1p10k	1.6767194534874608	NA	NA	NA	NA	SC_SOURCE_DESCRIPTIVE	NA	DONE	Donor-equal descriptive expression	GSE242230	UniProtKB:P19971	primary_tumor	Myeloid	25	20	6246	6224	0.7791534143702152	1.7809105170030604	1.3968546120696352	1.958397637946231	Author labels,predeclared coarse mapping	mean_donor(mean_cell(log1p(10000*counts/all_gene_library)))	1.0	1.0
PDAC	GSE242230	06_EXTERNAL	20260922T131800Z_author_identity_v4	PDAC_author_cell_identity_v4	sc_expression_source	NA	NA	TYMP	author_source_label	6	25	equal_donor_mean_cellwise_log1p10k	0.6325010265629327	NA	NA	NA	NA	SC_SOURCE_DESCRIPTIVE	NA	DONE	Donor-equal descriptive expression	GSE242230	UniProtKB:P19971	primary_tumor	Normal epithelial (author)	21	6	350	291	0.640667219808899	0.6164155715453956	0.4890594801777024	0.7780470882123749	Author labels,predeclared coarse mapping	mean_donor(mean_cell(log1p(10000*counts/all_gene_library)))	0.0	0.37722531652350916
PDAC	GSE242230	06_EXTERNAL	20260922T131800Z_author_identity_v4	PDAC_author_cell_identity_v4	sc_expression_source	NA	NA	TYMP	author_source_label	2	25	equal_donor_mean_cellwise_log1p10k	NA	NA	NA	NA	NA	SC_SOURCE_DESCRIPTIVE	NA	NOT_EVALUABLE	GENE_MISSING_OR_LT3_ELIGIBLE_LABELS	GSE242230	UniProtKB:P19971	primary_tumor	Platelet	13	2	122	64	NA	NA	NA	NA	Author labels,predeclared coarse mapping	mean_donor(mean_cell(log1p(10000*counts/all_gene_library)))	NA	NA
PDAC	GSE242230	06_EXTERNAL	20260922T131800Z_author_identity_v4	PDAC_author_cell_identity_v4	sc_expression_source	NA	NA	TYMP	author_source_label	21	25	equal_donor_mean_cellwise_log1p10k	0.1523152392450733	NA	NA	NA	NA	SC_SOURCE_DESCRIPTIVE	NA	DONE	Donor-equal descriptive expression	GSE242230	UniProtKB:P19971	primary_tumor	T/NK	25	21	9408	9383	0.1114064809415488	0.1314270359080039	0.1154415800898541	0.1778059633180701	Author labels,predeclared coarse mapping	mean_donor(mean_cell(log1p(10000*counts/all_gene_library)))	0.0	0.09084121910094625
PDAC	GSE242230	06_EXTERNAL	20260922T131800Z_author_identity_v4	PDAC_author_cell_identity_v4	sc_expression_source	NA	NA	TYW1	author_source_label	1	25	equal_donor_mean_cellwise_log1p10k	NA	NA	NA	NA	NA	SC_SOURCE_DESCRIPTIVE	NA	NOT_EVALUABLE	GENE_MISSING_OR_LT3_ELIGIBLE_LABELS	GSE242230	UniProtKB:Q9NV66	primary_tumor	Acinar	17	1	91	20	NA	NA	NA	NA	Author labels,predeclared coarse mapping	mean_donor(mean_cell(log1p(10000*counts/all_gene_library)))	NA	NA
PDAC	GSE242230	06_EXTERNAL	20260922T131800Z_author_identity_v4	PDAC_author_cell_identity_v4	sc_expression_source	NA	NA	TYW1	author_source_label	15	25	equal_donor_mean_cellwise_log1p10k	0.0650037677069446	NA	NA	NA	NA	SC_SOURCE_DESCRIPTIVE	NA	DONE	Donor-equal descriptive expression	GSE242230	UniProtKB:Q9NV66	primary_tumor	B/Plasma	23	15	1740	1675	0.0489269247904153	0.0680680629965526	0.0409085691314789	0.0845089531137836	Author labels,predeclared coarse mapping	mean_donor(mean_cell(log1p(10000*counts/all_gene_library)))	0.0	0.601109515733328
PDAC	GSE242230	06_EXTERNAL	20260922T131800Z_author_identity_v4	PDAC_author_cell_identity_v4	sc_expression_source	NA	NA	TYW1	author_source_label	3	25	equal_donor_mean_cellwise_log1p10k	0.0866961569584408	NA	NA	NA	NA	SC_SOURCE_DESCRIPTIVE	NA	DONE	Donor-equal descriptive expression	GSE242230	UniProtKB:Q9NV66	primary_tumor	Endothelial	18	3	274	186	0.0522612807071641	0.0621306110220359	0.0495876351477665	0.1115219058009127	Author labels,predeclared coarse mapping	mean_donor(mean_cell(log1p(10000*counts/all_gene_library)))	0.146	0.8017056051300456
PDAC	GSE242230	06_EXTERNAL	20260922T131800Z_author_identity_v4	PDAC_author_cell_identity_v4	sc_expression_source	NA	NA	TYW1	author_source_label	3	25	equal_donor_mean_cellwise_log1p10k	0.000219116195444	NA	NA	NA	NA	SC_SOURCE_DESCRIPTIVE	NA	DONE	Donor-equal descriptive expression	GSE242230	UniProtKB:Q9NV66	primary_tumor	Erythrocyte	12	3	1199	1158	0.0002989536621823	0.0	0.0	0.000328674293166	Author labels,predeclared coarse mapping	mean_donor(mean_cell(log1p(10000*counts/all_gene_library)))	0.0	0.002026233782731962
PDAC	GSE242230	06_EXTERNAL	20260922T131800Z_author_identity_v4	PDAC_author_cell_identity_v4	sc_expression_source	NA	NA	TYW1	author_source_label	7	25	equal_donor_mean_cellwise_log1p10k	0.072367970434845	NA	NA	NA	NA	SC_SOURCE_DESCRIPTIVE	NA	DONE	Donor-equal descriptive expression	GSE242230	UniProtKB:Q9NV66	primary_tumor	Fibroblast/CAF	20	7	911	810	0.1126707331983177	0.0655264805165446	0.0543104067432925	0.1046304329334862	Author labels,predeclared coarse mapping	mean_donor(mean_cell(log1p(10000*counts/all_gene_library)))	0.019	0.6692085274011907
PDAC	GSE242230	06_EXTERNAL	20260922T131800Z_author_identity_v4	PDAC_author_cell_identity_v4	sc_expression_source	NA	NA	TYW1	author_source_label	23	25	equal_donor_mean_cellwise_log1p10k	0.0743854821094677	NA	NA	NA	NA	SC_SOURCE_DESCRIPTIVE	NA	DONE	Donor-equal descriptive expression	GSE242230	UniProtKB:Q9NV66	primary_tumor	Malignant (author)	25	23	10783	10759	0.1374212322161591	0.0695736619850848	0.0529497185661025	0.0944566160164922	Author labels,predeclared coarse mapping	mean_donor(mean_cell(log1p(10000*counts/all_gene_library)))	0.001	0.6878650685294864
PDAC	GSE242230	06_EXTERNAL	20260922T131800Z_author_identity_v4	PDAC_author_cell_identity_v4	sc_expression_source	NA	NA	TYW1	author_source_label	1	25	equal_donor_mean_cellwise_log1p10k	NA	NA	NA	NA	NA	SC_SOURCE_DESCRIPTIVE	NA	NOT_EVALUABLE	GENE_MISSING_OR_LT3_ELIGIBLE_LABELS	GSE242230	UniProtKB:Q9NV66	primary_tumor	Mast	11	1	91	23	NA	NA	NA	NA	Author labels,predeclared coarse mapping	mean_donor(mean_cell(log1p(10000*counts/all_gene_library)))	NA	NA
PDAC	GSE242230	06_EXTERNAL	20260922T131800Z_author_identity_v4	PDAC_author_cell_identity_v4	sc_expression_source	NA	NA	TYW1	author_source_label	20	25	equal_donor_mean_cellwise_log1p10k	0.0482161050008243	NA	NA	NA	NA	SC_SOURCE_DESCRIPTIVE	NA	DONE	Donor-equal descriptive expression	GSE242230	UniProtKB:Q9NV66	primary_tumor	Myeloid	25	20	6246	6224	0.0626689699683891	0.0451640797005597	0.03648720291222	0.0613409729605579	Author labels,predeclared coarse mapping	mean_donor(mean_cell(log1p(10000*counts/all_gene_library)))	0.0	0.44586891729502637
PDAC	GSE242230	06_EXTERNAL	20260922T131800Z_author_identity_v4	PDAC_author_cell_identity_v4	sc_expression_source	NA	NA	TYW1	author_source_label	6	25	equal_donor_mean_cellwise_log1p10k	0.1081396417883067	NA	NA	NA	NA	SC_SOURCE_DESCRIPTIVE	NA	DONE	Donor-equal descriptive expression	GSE242230	UniProtKB:Q9NV66	primary_tumor	Normal epithelial (author)	21	6	350	291	0.1952874524276323	0.1049255024937638	0.0825834873179831	0.1324723028730395	Author labels,predeclared coarse mapping	mean_donor(mean_cell(log1p(10000*counts/all_gene_library)))	0.527	1.0
PDAC	GSE242230	06_EXTERNAL	20260922T131800Z_author_identity_v4	PDAC_author_cell_identity_v4	sc_expression_source	NA	NA	TYW1	author_source_label	2	25	equal_donor_mean_cellwise_log1p10k	NA	NA	NA	NA	NA	SC_SOURCE_DESCRIPTIVE	NA	NOT_EVALUABLE	GENE_MISSING_OR_LT3_ELIGIBLE_LABELS	GSE242230	UniProtKB:Q9NV66	primary_tumor	Platelet	13	2	122	64	NA	NA	NA	NA	Author labels,predeclared coarse mapping	mean_donor(mean_cell(log1p(10000*counts/all_gene_library)))	NA	NA
PDAC	GSE242230	06_EXTERNAL	20260922T131800Z_author_identity_v4	PDAC_author_cell_identity_v4	sc_expression_source	NA	NA	TYW1	author_source_label	21	25	equal_donor_mean_cellwise_log1p10k	0.1024278624883471	NA	NA	NA	NA	SC_SOURCE_DESCRIPTIVE	NA	DONE	Donor-equal descriptive expression	GSE242230	UniProtKB:Q9NV66	primary_tumor	T/NK	25	21	9408	9383	0.0769734751715941	0.0955187899448063	0.0632362625134548	0.1216003243021296	Author labels,predeclared coarse mapping	mean_donor(mean_cell(log1p(10000*counts/all_gene_library)))	0.307	0.9471814479361699
PDAC	GSE242230	06_EXTERNAL	20260922T131800Z_author_identity_v4	PDAC_author_cell_identity_v4	sc_expression_source	NA	NA	TYW1B	author_source_label	1	25	equal_donor_mean_cellwise_log1p10k	NA	NA	NA	NA	NA	SC_SOURCE_DESCRIPTIVE	NA	NOT_EVALUABLE	GENE_MISSING_OR_LT3_ELIGIBLE_LABELS	GSE242230	UniProtKB:Q6NUM6	primary_tumor	Acinar	17	1	91	20	NA	NA	NA	NA	Author labels,predeclared coarse mapping	mean_donor(mean_cell(log1p(10000*counts/all_gene_library)))	NA	NA
PDAC	GSE242230	06_EXTERNAL	20260922T131800Z_author_identity_v4	PDAC_author_cell_identity_v4	sc_expression_source	NA	NA	TYW1B	author_source_label	15	25	equal_donor_mean_cellwise_log1p10k	0.019061201137993	NA	NA	NA	NA	SC_SOURCE_DESCRIPTIVE	NA	DONE	Donor-equal descriptive expression	GSE242230	UniProtKB:Q6NUM6	primary_tumor	B/Plasma	23	15	1740	1675	0.0173694346171384	0.0183531379722573	0.0	0.0296630262033987	Author labels,predeclared coarse mapping	mean_donor(mean_cell(log1p(10000*counts/all_gene_library)))	0.009	0.5055958529958617
PDAC	GSE242230	06_EXTERNAL	20260922T131800Z_author_identity_v4	PDAC_author_cell_identity_v4	sc_expression_source	NA	NA	TYW1B	author_source_label	3	25	equal_donor_mean_cellwise_log1p10k	0.0237260077364419	NA	NA	NA	NA	SC_SOURCE_DESCRIPTIVE	NA	DONE	Donor-equal descriptive expression	GSE242230	UniProtKB:Q6NUM6	primary_tumor	Endothelial	18	3	274	186	0.0306763285024154	0.0050740572617322	0.0025370286308661	0.0355890116046629	Author labels,predeclared coarse mapping	mean_donor(mean_cell(log1p(10000*counts/all_gene_library)))	0.096	0.6293292344406698
PDAC	GSE242230	06_EXTERNAL	20260922T131800Z_author_identity_v4	PDAC_author_cell_identity_v4	sc_expression_source	NA	NA	TYW1B	author_source_label	3	25	equal_donor_mean_cellwise_log1p10k	0.0	NA	NA	NA	NA	SC_SOURCE_DESCRIPTIVE	NA	DONE	Donor-equal descriptive expression	GSE242230	UniProtKB:Q6NUM6	primary_tumor	Erythrocyte	12	3	1199	1158	0.0	0.0	0.0	0.0	Author labels,predeclared coarse mapping	mean_donor(mean_cell(log1p(10000*counts/all_gene_library)))	0.0	0.0
PDAC	GSE242230	06_EXTERNAL	20260922T131800Z_author_identity_v4	PDAC_author_cell_identity_v4	sc_expression_source	NA	NA	TYW1B	author_source_label	7	25	equal_donor_mean_cellwise_log1p10k	0.0142525221128766	NA	NA	NA	NA	SC_SOURCE_DESCRIPTIVE	NA	DONE	Donor-equal descriptive expression	GSE242230	UniProtKB:Q6NUM6	primary_tumor	Fibroblast/CAF	20	7	911	810	0.0310952229114017	0.0084111528905269	0.0076544045707198	0.0191850282017453	Author labels,predeclared coarse mapping	mean_donor(mean_cell(log1p(10000*counts/all_gene_library)))	0.0	0.3780462743577641
PDAC	GSE242230	06_EXTERNAL	20260922T131800Z_author_identity_v4	PDAC_author_cell_identity_v4	sc_expression_source	NA	NA	TYW1B	author_source_label	23	25	equal_donor_mean_cellwise_log1p10k	0.0218643018231461	NA	NA	NA	NA	SC_SOURCE_DESCRIPTIVE	NA	DONE	Donor-equal descriptive expression	GSE242230	UniProtKB:Q6NUM6	primary_tumor	Malignant (author)	25	23	10783	10759	0.0452656539554038	0.0200818215076235	0.0040483870275712	0.0339229910051021	Author labels,predeclared coarse mapping	mean_donor(mean_cell(log1p(10000*counts/all_gene_library)))	0.002	0.5799477299674769
PDAC	GSE242230	06_EXTERNAL	20260922T131800Z_author_identity_v4	PDAC_author_cell_identity_v4	sc_expression_source	NA	NA	TYW1B	author_source_label	1	25	equal_donor_mean_cellwise_log1p10k	NA	NA	NA	NA	NA	SC_SOURCE_DESCRIPTIVE	NA	NOT_EVALUABLE	GENE_MISSING_OR_LT3_ELIGIBLE_LABELS	GSE242230	UniProtKB:Q6NUM6	primary_tumor	Mast	11	1	91	23	NA	NA	NA	NA	Author labels,predeclared coarse mapping	mean_donor(mean_cell(log1p(10000*counts/all_gene_library)))	NA	NA
PDAC	GSE242230	06_EXTERNAL	20260922T131800Z_author_identity_v4	PDAC_author_cell_identity_v4	sc_expression_source	NA	NA	TYW1B	author_source_label	20	25	equal_donor_mean_cellwise_log1p10k	0.018518053532068	NA	NA	NA	NA	SC_SOURCE_DESCRIPTIVE	NA	DONE	Donor-equal descriptive expression	GSE242230	UniProtKB:Q6NUM6	primary_tumor	Myeloid	25	20	6246	6224	0.0236334303120884	0.0151513837800141	0.0073889452110861	0.0253053645478311	Author labels,predeclared coarse mapping	mean_donor(mean_cell(log1p(10000*counts/all_gene_library)))	0.0	0.4911889341908895
PDAC	GSE242230	06_EXTERNAL	20260922T131800Z_author_identity_v4	PDAC_author_cell_identity_v4	sc_expression_source	NA	NA	TYW1B	author_source_label	6	25	equal_donor_mean_cellwise_log1p10k	0.0377004697033166	NA	NA	NA	NA	SC_SOURCE_DESCRIPTIVE	NA	DONE	Donor-equal descriptive expression	GSE242230	UniProtKB:Q6NUM6	primary_tumor	Normal epithelial (author)	21	6	350	291	0.0709265025606854	0.0354732772141379	0.0255742209545902	0.0397772789317186	Author labels,predeclared coarse mapping	mean_donor(mean_cell(log1p(10000*counts/all_gene_library)))	0.575	1.0
PDAC	GSE242230	06_EXTERNAL	20260922T131800Z_author_identity_v4	PDAC_author_cell_identity_v4	sc_expression_source	NA	NA	TYW1B	author_source_label	2	25	equal_donor_mean_cellwise_log1p10k	NA	NA	NA	NA	NA	SC_SOURCE_DESCRIPTIVE	NA	NOT_EVALUABLE	GENE_MISSING_OR_LT3_ELIGIBLE_LABELS	GSE242230	UniProtKB:Q6NUM6	primary_tumor	Platelet	13	2	122	64	NA	NA	NA	NA	Author labels,predeclared coarse mapping	mean_donor(mean_cell(log1p(10000*counts/all_gene_library)))	NA	NA
PDAC	GSE242230	06_EXTERNAL	20260922T131800Z_author_identity_v4	PDAC_author_cell_identity_v4	sc_expression_source	NA	NA	TYW1B	author_source_label	21	25	equal_donor_mean_cellwise_log1p10k	0.0330094187059351	NA	NA	NA	NA	SC_SOURCE_DESCRIPTIVE	NA	DONE	Donor-equal descriptive expression	GSE242230	UniProtKB:Q6NUM6	primary_tumor	T/NK	25	21	9408	9383	0.0263715505461026	0.0293557930508114	0.0208019952529286	0.0406222924379992	Author labels,predeclared coarse mapping	mean_donor(mean_cell(log1p(10000*counts/all_gene_library)))	0.318	0.8755704893255265
PDAC	GSE242230	06_EXTERNAL	20260922T131800Z_author_identity_v4	PDAC_author_cell_identity_v4	sc_expression_source	NA	NA	TYW3	author_source_label	1	25	equal_donor_mean_cellwise_log1p10k	NA	NA	NA	NA	NA	SC_SOURCE_DESCRIPTIVE	NA	NOT_EVALUABLE	GENE_MISSING_OR_LT3_ELIGIBLE_LABELS	GSE242230	UniProtKB:Q6IPR3	primary_tumor	Acinar	17	1	91	20	NA	NA	NA	NA	Author labels,predeclared coarse mapping	mean_donor(mean_cell(log1p(10000*counts/all_gene_library)))	NA	NA
PDAC	GSE242230	06_EXTERNAL	20260922T131800Z_author_identity_v4	PDAC_author_cell_identity_v4	sc_expression_source	NA	NA	TYW3	author_source_label	15	25	equal_donor_mean_cellwise_log1p10k	0.091565147188066	NA	NA	NA	NA	SC_SOURCE_DESCRIPTIVE	NA	DONE	Donor-equal descriptive expression	GSE242230	UniProtKB:Q6IPR3	primary_tumor	B/Plasma	23	15	1740	1675	0.0704726580215002	0.0853501200435209	0.066764404547779	0.1187443996044401	Author labels,predeclared coarse mapping	mean_donor(mean_cell(log1p(10000*counts/all_gene_library)))	0.0	0.4484574333620908
PDAC	GSE242230	06_EXTERNAL	20260922T131800Z_author_identity_v4	PDAC_author_cell_identity_v4	sc_expression_source	NA	NA	TYW3	author_source_label	3	25	equal_donor_mean_cellwise_log1p10k	0.1131729540730992	NA	NA	NA	NA	SC_SOURCE_DESCRIPTIVE	NA	DONE	Donor-equal descriptive expression	GSE242230	UniProtKB:Q6IPR3	primary_tumor	Endothelial	18	3	274	186	0.0992291088498304	0.1395452827383775	0.0697726413691887	0.1697594311096489	Author labels,predeclared coarse mapping	mean_donor(mean_cell(log1p(10000*counts/all_gene_library)))	0.013	0.5542857087903277
PDAC	GSE242230	06_EXTERNAL	20260922T131800Z_author_identity_v4	PDAC_author_cell_identity_v4	sc_expression_source	NA	NA	TYW3	author_source_label	3	25	equal_donor_mean_cellwise_log1p10k	0.0002698942798824	NA	NA	NA	NA	SC_SOURCE_DESCRIPTIVE	NA	DONE	Donor-equal descriptive expression	GSE242230	UniProtKB:Q6IPR3	primary_tumor	Erythrocyte	12	3	1199	1158	0.0002989536621823	0.0	0.0	0.0004048414198236	Author labels,predeclared coarse mapping	mean_donor(mean_cell(log1p(10000*counts/all_gene_library)))	0.0	0.001321857712810469
PDAC	GSE242230	06_EXTERNAL	20260922T131800Z_author_identity_v4	PDAC_author_cell_identity_v4	sc_expression_source	NA	NA	TYW3	author_source_label	7	25	equal_donor_mean_cellwise_log1p10k	0.1836000672202344	NA	NA	NA	NA	SC_SOURCE_DESCRIPTIVE	NA	DONE	Donor-equal descriptive expression	GSE242230	UniProtKB:Q6IPR3	primary_tumor	Fibroblast/CAF	20	7	911	810	0.2400173453697297	0.180068620057812	0.1687465228458012	0.1907799806774919	Author labels,predeclared coarse mapping	mean_donor(mean_cell(log1p(10000*counts/all_gene_library)))	0.34	0.8992156670876283
PDAC	GSE242230	06_EXTERNAL	20260922T131800Z_author_identity_v4	PDAC_author_cell_identity_v4	sc_expression_source	NA	NA	TYW3	author_source_label	23	25	equal_donor_mean_cellwise_log1p10k	0.1022027144633388	NA	NA	NA	NA	SC_SOURCE_DESCRIPTIVE	NA	DONE	Donor-equal descriptive expression	GSE242230	UniProtKB:Q6IPR3	primary_tumor	Malignant (author)	25	23	10783	10759	0.1689355516555439	0.1120732458857461	0.0546042583037635	0.1279229550889974	Author labels,predeclared coarse mapping	mean_donor(mean_cell(log1p(10000*counts/all_gene_library)))	0.0	0.500556908588044
PDAC	GSE242230	06_EXTERNAL	20260922T131800Z_author_identity_v4	PDAC_author_cell_identity_v4	sc_expression_source	NA	NA	TYW3	author_source_label	1	25	equal_donor_mean_cellwise_log1p10k	NA	NA	NA	NA	NA	SC_SOURCE_DESCRIPTIVE	NA	NOT_EVALUABLE	GENE_MISSING_OR_LT3_ELIGIBLE_LABELS	GSE242230	UniProtKB:Q6IPR3	primary_tumor	Mast	11	1	91	23	NA	NA	NA	NA	Author labels,predeclared coarse mapping	mean_donor(mean_cell(log1p(10000*counts/all_gene_library)))	NA	NA
PDAC	GSE242230	06_EXTERNAL	20260922T131800Z_author_identity_v4	PDAC_author_cell_identity_v4	sc_expression_source	NA	NA	TYW3	author_source_label	20	25	equal_donor_mean_cellwise_log1p10k	0.1059285478727197	NA	NA	NA	NA	SC_SOURCE_DESCRIPTIVE	NA	DONE	Donor-equal descriptive expression	GSE242230	UniProtKB:Q6IPR3	primary_tumor	Myeloid	25	20	6246	6224	0.1260623311050867	0.1120761228105514	0.0874585372801508	0.1203905196130043	Author labels,predeclared coarse mapping	mean_donor(mean_cell(log1p(10000*counts/all_gene_library)))	0.0	0.5188048745359812
PDAC	GSE242230	06_EXTERNAL	20260922T131800Z_author_identity_v4	PDAC_author_cell_identity_v4	sc_expression_source	NA	NA	TYW3	author_source_label	6	25	equal_donor_mean_cellwise_log1p10k	0.2041780119499882	NA	NA	NA	NA	SC_SOURCE_DESCRIPTIVE	NA	DONE	Donor-equal descriptive expression	GSE242230	UniProtKB:Q6IPR3	primary_tumor	Normal epithelial (author)	21	6	350	291	0.3328596385567899	0.1750931987489797	0.132911720556465	0.2269857090418327	Author labels,predeclared coarse mapping	mean_donor(mean_cell(log1p(10000*counts/all_gene_library)))	0.647	1.0
PDAC	GSE242230	06_EXTERNAL	20260922T131800Z_author_identity_v4	PDAC_author_cell_identity_v4	sc_expression_source	NA	NA	TYW3	author_source_label	2	25	equal_donor_mean_cellwise_log1p10k	NA	NA	NA	NA	NA	SC_SOURCE_DESCRIPTIVE	NA	NOT_EVALUABLE	GENE_MISSING_OR_LT3_ELIGIBLE_LABELS	GSE242230	UniProtKB:Q6IPR3	primary_tumor	Platelet	13	2	122	64	NA	NA	NA	NA	Author labels,predeclared coarse mapping	mean_donor(mean_cell(log1p(10000*counts/all_gene_library)))	NA	NA
PDAC	GSE242230	06_EXTERNAL	20260922T131800Z_author_identity_v4	PDAC_author_cell_identity_v4	sc_expression_source	NA	NA	TYW3	author_source_label	21	25	equal_donor_mean_cellwise_log1p10k	0.1203280057146541	NA	NA	NA	NA	SC_SOURCE_DESCRIPTIVE	NA	DONE	Donor-equal descriptive expression	GSE242230	UniProtKB:Q6IPR3	primary_tumor	T/NK	25	21	9408	9383	0.0958310255484659	0.1284917871537912	0.1062278698705846	0.1417672994769691	Author labels,predeclared coarse mapping	mean_donor(mean_cell(log1p(10000*counts/all_gene_library)))	0.0	0.5893289123812583
PDAC	GSE242230	06_EXTERNAL	20260922T131800Z_author_identity_v4	PDAC_author_cell_identity_v4	sc_expression_source	NA	NA	TYW5	author_source_label	1	25	equal_donor_mean_cellwise_log1p10k	NA	NA	NA	NA	NA	SC_SOURCE_DESCRIPTIVE	NA	NOT_EVALUABLE	GENE_MISSING_OR_LT3_ELIGIBLE_LABELS	GSE242230	UniProtKB:A2RUC4	primary_tumor	Acinar	17	1	91	20	NA	NA	NA	NA	Author labels,predeclared coarse mapping	mean_donor(mean_cell(log1p(10000*counts/all_gene_library)))	NA	NA
PDAC	GSE242230	06_EXTERNAL	20260922T131800Z_author_identity_v4	PDAC_author_cell_identity_v4	sc_expression_source	NA	NA	TYW5	author_source_label	15	25	equal_donor_mean_cellwise_log1p10k	0.0312704308635533	NA	NA	NA	NA	SC_SOURCE_DESCRIPTIVE	NA	DONE	Donor-equal descriptive expression	GSE242230	UniProtKB:A2RUC4	primary_tumor	B/Plasma	23	15	1740	1675	0.0256517585923825	0.0225191417375745	0.0	0.0598560558608465	Author labels,predeclared coarse mapping	mean_donor(mean_cell(log1p(10000*counts/all_gene_library)))	0.0	0.3560244326522065
PDAC	GSE242230	06_EXTERNAL	20260922T131800Z_author_identity_v4	PDAC_author_cell_identity_v4	sc_expression_source	NA	NA	TYW5	author_source_label	3	25	equal_donor_mean_cellwise_log1p10k	0.0794078500454585	NA	NA	NA	NA	SC_SOURCE_DESCRIPTIVE	NA	DONE	Donor-equal descriptive expression	GSE242230	UniProtKB:A2RUC4	primary_tumor	Endothelial	18	3	274	186	0.0677536231884057	0.0525052307910521	0.026252615395526	0.1191117750681878	Author labels,predeclared coarse mapping	mean_donor(mean_cell(log1p(10000*counts/all_gene_library)))	0.257	0.9040852325932219
PDAC	GSE242230	06_EXTERNAL	20260922T131800Z_author_identity_v4	PDAC_author_cell_identity_v4	sc_expression_source	NA	NA	TYW5	author_source_label	3	25	equal_donor_mean_cellwise_log1p10k	0.0	NA	NA	NA	NA	SC_SOURCE_DESCRIPTIVE	NA	DONE	Donor-equal descriptive expression	GSE242230	UniProtKB:A2RUC4	primary_tumor	Erythrocyte	12	3	1199	1158	0.0	0.0	0.0	0.0	Author labels,predeclared coarse mapping	mean_donor(mean_cell(log1p(10000*counts/all_gene_library)))	0.0	0.0
PDAC	GSE242230	06_EXTERNAL	20260922T131800Z_author_identity_v4	PDAC_author_cell_identity_v4	sc_expression_source	NA	NA	TYW5	author_source_label	7	25	equal_donor_mean_cellwise_log1p10k	0.0352864312763447	NA	NA	NA	NA	SC_SOURCE_DESCRIPTIVE	NA	DONE	Donor-equal descriptive expression	GSE242230	UniProtKB:A2RUC4	primary_tumor	Fibroblast/CAF	20	7	911	810	0.055019141359453	0.0360725614889986	0.0254886658307012	0.0522625855349021	Author labels,predeclared coarse mapping	mean_donor(mean_cell(log1p(10000*counts/all_gene_library)))	0.0	0.4017479557700653
PDAC	GSE242230	06_EXTERNAL	20260922T131800Z_author_identity_v4	PDAC_author_cell_identity_v4	sc_expression_source	NA	NA	TYW5	author_source_label	23	25	equal_donor_mean_cellwise_log1p10k	0.0690039914482033	NA	NA	NA	NA	SC_SOURCE_DESCRIPTIVE	NA	DONE	Donor-equal descriptive expression	GSE242230	UniProtKB:A2RUC4	primary_tumor	Malignant (author)	25	23	10783	10759	0.1140351781147816	0.0661717700754179	0.0409755620146117	0.0885114297260585	Author labels,predeclared coarse mapping	mean_donor(mean_cell(log1p(10000*counts/all_gene_library)))	0.137	0.7856337833425264
PDAC	GSE242230	06_EXTERNAL	20260922T131800Z_author_identity_v4	PDAC_author_cell_identity_v4	sc_expression_source	NA	NA	TYW5	author_source_label	1	25	equal_donor_mean_cellwise_log1p10k	NA	NA	NA	NA	NA	SC_SOURCE_DESCRIPTIVE	NA	NOT_EVALUABLE	GENE_MISSING_OR_LT3_ELIGIBLE_LABELS	GSE242230	UniProtKB:A2RUC4	primary_tumor	Mast	11	1	91	23	NA	NA	NA	NA	Author labels,predeclared coarse mapping	mean_donor(mean_cell(log1p(10000*counts/all_gene_library)))	NA	NA
PDAC	GSE242230	06_EXTERNAL	20260922T131800Z_author_identity_v4	PDAC_author_cell_identity_v4	sc_expression_source	NA	NA	TYW5	author_source_label	20	25	equal_donor_mean_cellwise_log1p10k	0.0289522114008272	NA	NA	NA	NA	SC_SOURCE_DESCRIPTIVE	NA	DONE	Donor-equal descriptive expression	GSE242230	UniProtKB:A2RUC4	primary_tumor	Myeloid	25	20	6246	6224	0.0354835036478902	0.02624853305575	0.0221999655235795	0.0361101502568781	Author labels,predeclared coarse mapping	mean_donor(mean_cell(log1p(10000*counts/all_gene_library)))	0.0	0.32963071992782167
PDAC	GSE242230	06_EXTERNAL	20260922T131800Z_author_identity_v4	PDAC_author_cell_identity_v4	sc_expression_source	NA	NA	TYW5	author_source_label	6	25	equal_donor_mean_cellwise_log1p10k	0.0878322609226676	NA	NA	NA	NA	SC_SOURCE_DESCRIPTIVE	NA	DONE	Donor-equal descriptive expression	GSE242230	UniProtKB:A2RUC4	primary_tumor	Normal epithelial (author)	21	6	350	291	0.1687855324474515	0.0810767912350979	0.0590380421861145	0.0954765147162822	Author labels,predeclared coarse mapping	mean_donor(mean_cell(log1p(10000*counts/all_gene_library)))	0.606	1.0
PDAC	GSE242230	06_EXTERNAL	20260922T131800Z_author_identity_v4	PDAC_author_cell_identity_v4	sc_expression_source	NA	NA	TYW5	author_source_label	2	25	equal_donor_mean_cellwise_log1p10k	NA	NA	NA	NA	NA	SC_SOURCE_DESCRIPTIVE	NA	NOT_EVALUABLE	GENE_MISSING_OR_LT3_ELIGIBLE_LABELS	GSE242230	UniProtKB:A2RUC4	primary_tumor	Platelet	13	2	122	64	NA	NA	NA	NA	Author labels,predeclared coarse mapping	mean_donor(mean_cell(log1p(10000*counts/all_gene_library)))	NA	NA
PDAC	GSE242230	06_EXTERNAL	20260922T131800Z_author_identity_v4	PDAC_author_cell_identity_v4	sc_expression_source	NA	NA	TYW5	author_source_label	21	25	equal_donor_mean_cellwise_log1p10k	0.029410687800975	NA	NA	NA	NA	SC_SOURCE_DESCRIPTIVE	NA	DONE	Donor-equal descriptive expression	GSE242230	UniProtKB:A2RUC4	primary_tumor	T/NK	25	21	9408	9383	0.0236860263536345	0.0299460099688244	0.0218819262475183	0.0415252569280194	Author labels,predeclared coarse mapping	mean_donor(mean_cell(log1p(10000*counts/all_gene_library)))	0.0	0.33485062882384187
PDAC	GSE242230	06_EXTERNAL	20260922T131800Z_author_identity_v4	PDAC_author_cell_identity_v4	sc_expression_source	NA	NA	UCK1	author_source_label	1	25	equal_donor_mean_cellwise_log1p10k	NA	NA	NA	NA	NA	SC_SOURCE_DESCRIPTIVE	NA	NOT_EVALUABLE	GENE_MISSING_OR_LT3_ELIGIBLE_LABELS	GSE242230	UniProtKB:Q9HA47	primary_tumor	Acinar	17	1	91	20	NA	NA	NA	NA	Author labels,predeclared coarse mapping	mean_donor(mean_cell(log1p(10000*counts/all_gene_library)))	NA	NA
PDAC	GSE242230	06_EXTERNAL	20260922T131800Z_author_identity_v4	PDAC_author_cell_identity_v4	sc_expression_source	NA	NA	UCK1	author_source_label	15	25	equal_donor_mean_cellwise_log1p10k	0.0442636686262373	NA	NA	NA	NA	SC_SOURCE_DESCRIPTIVE	NA	DONE	Donor-equal descriptive expression	GSE242230	UniProtKB:Q9HA47	primary_tumor	B/Plasma	23	15	1740	1675	0.0354212388320963	0.050486342955382	0.0125404703651369	0.0695772676558959	Author labels,predeclared coarse mapping	mean_donor(mean_cell(log1p(10000*counts/all_gene_library)))	0.0	0.3427709135580136
PDAC	GSE242230	06_EXTERNAL	20260922T131800Z_author_identity_v4	PDAC_author_cell_identity_v4	sc_expression_source	NA	NA	UCK1	author_source_label	3	25	equal_donor_mean_cellwise_log1p10k	0.0877265523344693	NA	NA	NA	NA	SC_SOURCE_DESCRIPTIVE	NA	DONE	Donor-equal descriptive expression	GSE242230	UniProtKB:Q9HA47	primary_tumor	Endothelial	18	3	274	186	0.079951690821256	0.1301699732290791	0.0650849866145395	0.131589828501704	Author labels,predeclared coarse mapping	mean_donor(mean_cell(log1p(10000*counts/all_gene_library)))	0.039	0.6793406741970065
PDAC	GSE242230	06_EXTERNAL	20260922T131800Z_author_identity_v4	PDAC_author_cell_identity_v4	sc_expression_source	NA	NA	UCK1	author_source_label	3	25	equal_donor_mean_cellwise_log1p10k	0.0003895902798196	NA	NA	NA	NA	SC_SOURCE_DESCRIPTIVE	NA	DONE	Donor-equal descriptive expression	GSE242230	UniProtKB:Q9HA47	primary_tumor	Erythrocyte	12	3	1199	1158	0.0005979073243647	0.0	0.0	0.0005843854197295	Author labels,predeclared coarse mapping	mean_donor(mean_cell(log1p(10000*counts/all_gene_library)))	0.0	0.003016926076658961
PDAC	GSE242230	06_EXTERNAL	20260922T131800Z_author_identity_v4	PDAC_author_cell_identity_v4	sc_expression_source	NA	NA	UCK1	author_source_label	7	25	equal_donor_mean_cellwise_log1p10k	0.084594377917082	NA	NA	NA	NA	SC_SOURCE_DESCRIPTIVE	NA	DONE	Donor-equal descriptive expression	GSE242230	UniProtKB:Q9HA47	primary_tumor	Fibroblast/CAF	20	7	911	810	0.1246780211291403	0.0831388053425201	0.0569586258972723	0.1223325228795401	Author labels,predeclared coarse mapping	mean_donor(mean_cell(log1p(10000*counts/all_gene_library)))	0.083	0.6550856063322861
PDAC	GSE242230	06_EXTERNAL	20260922T131800Z_author_identity_v4	PDAC_author_cell_identity_v4	sc_expression_source	NA	NA	UCK1	author_source_label	23	25	equal_donor_mean_cellwise_log1p10k	0.0668055238608786	NA	NA	NA	NA	SC_SOURCE_DESCRIPTIVE	NA	DONE	Donor-equal descriptive expression	GSE242230	UniProtKB:Q9HA47	primary_tumor	Malignant (author)	25	23	10783	10759	0.11997015679574	0.0693278222812135	0.0424497955875477	0.0934695746168418	Author labels,predeclared coarse mapping	mean_donor(mean_cell(log1p(10000*counts/all_gene_library)))	0.002	0.5173315081014693
PDAC	GSE242230	06_EXTERNAL	20260922T131800Z_author_identity_v4	PDAC_author_cell_identity_v4	sc_expression_source	NA	NA	UCK1	author_source_label	1	25	equal_donor_mean_cellwise_log1p10k	NA	NA	NA	NA	NA	SC_SOURCE_DESCRIPTIVE	NA	NOT_EVALUABLE	GENE_MISSING_OR_LT3_ELIGIBLE_LABELS	GSE242230	UniProtKB:Q9HA47	primary_tumor	Mast	11	1	91	23	NA	NA	NA	NA	Author labels,predeclared coarse mapping	mean_donor(mean_cell(log1p(10000*counts/all_gene_library)))	NA	NA
PDAC	GSE242230	06_EXTERNAL	20260922T131800Z_author_identity_v4	PDAC_author_cell_identity_v4	sc_expression_source	NA	NA	UCK1	author_source_label	20	25	equal_donor_mean_cellwise_log1p10k	0.0538081294292348	NA	NA	NA	NA	SC_SOURCE_DESCRIPTIVE	NA	DONE	Donor-equal descriptive expression	GSE242230	UniProtKB:Q9HA47	primary_tumor	Myeloid	25	20	6246	6224	0.0698943912700143	0.0565391335449935	0.0448609138532152	0.0642000385548404	Author labels,predeclared coarse mapping	mean_donor(mean_cell(log1p(10000*counts/all_gene_library)))	0.0	0.41668172236347456
PDAC	GSE242230	06_EXTERNAL	20260922T131800Z_author_identity_v4	PDAC_author_cell_identity_v4	sc_expression_source	NA	NA	UCK1	author_source_label	6	25	equal_donor_mean_cellwise_log1p10k	0.1291348445140043	NA	NA	NA	NA	SC_SOURCE_DESCRIPTIVE	NA	DONE	Donor-equal descriptive expression	GSE242230	UniProtKB:Q9HA47	primary_tumor	Normal epithelial (author)	21	6	350	291	0.2679401218194321	0.1472280442693086	0.0885842230455991	0.159875163241213	Author labels,predeclared coarse mapping	mean_donor(mean_cell(log1p(10000*counts/all_gene_library)))	0.873	1.0
PDAC	GSE242230	06_EXTERNAL	20260922T131800Z_author_identity_v4	PDAC_author_cell_identity_v4	sc_expression_source	NA	NA	UCK1	author_source_label	2	25	equal_donor_mean_cellwise_log1p10k	NA	NA	NA	NA	NA	SC_SOURCE_DESCRIPTIVE	NA	NOT_EVALUABLE	GENE_MISSING_OR_LT3_ELIGIBLE_LABELS	GSE242230	UniProtKB:Q9HA47	primary_tumor	Platelet	13	2	122	64	NA	NA	NA	NA	Author labels,predeclared coarse mapping	mean_donor(mean_cell(log1p(10000*counts/all_gene_library)))	NA	NA
PDAC	GSE242230	06_EXTERNAL	20260922T131800Z_author_identity_v4	PDAC_author_cell_identity_v4	sc_expression_source	NA	NA	UCK1	author_source_label	21	25	equal_donor_mean_cellwise_log1p10k	0.0640646524173794	NA	NA	NA	NA	SC_SOURCE_DESCRIPTIVE	NA	DONE	Donor-equal descriptive expression	GSE242230	UniProtKB:Q9HA47	primary_tumor	T/NK	25	21	9408	9383	0.0498260287206934	0.063604113868033	0.0479407676384484	0.0772286703897193	Author labels,predeclared coarse mapping	mean_donor(mean_cell(log1p(10000*counts/all_gene_library)))	0.003	0.4961066291478886
PDAC	GSE242230	06_EXTERNAL	20260922T131800Z_author_identity_v4	PDAC_author_cell_identity_v4	sc_expression_source	NA	NA	UCK2	author_source_label	1	25	equal_donor_mean_cellwise_log1p10k	NA	NA	NA	NA	NA	SC_SOURCE_DESCRIPTIVE	NA	NOT_EVALUABLE	GENE_MISSING_OR_LT3_ELIGIBLE_LABELS	GSE242230	UniProtKB:Q9BZX2	primary_tumor	Acinar	17	1	91	20	NA	NA	NA	NA	Author labels,predeclared coarse mapping	mean_donor(mean_cell(log1p(10000*counts/all_gene_library)))	NA	NA
PDAC	GSE242230	06_EXTERNAL	20260922T131800Z_author_identity_v4	PDAC_author_cell_identity_v4	sc_expression_source	NA	NA	UCK2	author_source_label	15	25	equal_donor_mean_cellwise_log1p10k	0.0207972712288317	NA	NA	NA	NA	SC_SOURCE_DESCRIPTIVE	NA	DONE	Donor-equal descriptive expression	GSE242230	UniProtKB:Q9BZX2	primary_tumor	B/Plasma	23	15	1740	1675	0.0206349042581053	0.0201697699422431	0.0018983499164419	0.0285647211869046	Author labels,predeclared coarse mapping	mean_donor(mean_cell(log1p(10000*counts/all_gene_library)))	0.0	0.08445143447424913
PDAC	GSE242230	06_EXTERNAL	20260922T131800Z_author_identity_v4	PDAC_author_cell_identity_v4	sc_expression_source	NA	NA	UCK2	author_source_label	3	25	equal_donor_mean_cellwise_log1p10k	0.2462630902400265	NA	NA	NA	NA	SC_SOURCE_DESCRIPTIVE	NA	DONE	Donor-equal descriptive expression	GSE242230	UniProtKB:Q9BZX2	primary_tumor	Endothelial	18	3	274	186	0.2283353890430671	0.2914162549094232	0.2226928530167404	0.2924099097980109	Author labels,predeclared coarse mapping	mean_donor(mean_cell(log1p(10000*counts/all_gene_library)))	0.564	1.0
PDAC	GSE242230	06_EXTERNAL	20260922T131800Z_author_identity_v4	PDAC_author_cell_identity_v4	sc_expression_source	NA	NA	UCK2	author_source_label	3	25	equal_donor_mean_cellwise_log1p10k	0.0	NA	NA	NA	NA	SC_SOURCE_DESCRIPTIVE	NA	DONE	Donor-equal descriptive expression	GSE242230	UniProtKB:Q9BZX2	primary_tumor	Erythrocyte	12	3	1199	1158	0.0	0.0	0.0	0.0	Author labels,predeclared coarse mapping	mean_donor(mean_cell(log1p(10000*counts/all_gene_library)))	0.0	0.0
PDAC	GSE242230	06_EXTERNAL	20260922T131800Z_author_identity_v4	PDAC_author_cell_identity_v4	sc_expression_source	NA	NA	UCK2	author_source_label	7	25	equal_donor_mean_cellwise_log1p10k	0.0759519508560113	NA	NA	NA	NA	SC_SOURCE_DESCRIPTIVE	NA	DONE	Donor-equal descriptive expression	GSE242230	UniProtKB:Q9BZX2	primary_tumor	Fibroblast/CAF	20	7	911	810	0.1133122201829928	0.0814184491801182	0.0650613145829082	0.0924688189250594	Author labels,predeclared coarse mapping	mean_donor(mean_cell(log1p(10000*counts/all_gene_library)))	0.0	0.308417923213677
PDAC	GSE242230	06_EXTERNAL	20260922T131800Z_author_identity_v4	PDAC_author_cell_identity_v4	sc_expression_source	NA	NA	UCK2	author_source_label	23	25	equal_donor_mean_cellwise_log1p10k	0.1462286693649883	NA	NA	NA	NA	SC_SOURCE_DESCRIPTIVE	NA	DONE	Donor-equal descriptive expression	GSE242230	UniProtKB:Q9BZX2	primary_tumor	Malignant (author)	25	23	10783	10759	0.2211443756542006	0.120765231578581	0.0907898845686309	0.1787028799022605	Author labels,predeclared coarse mapping	mean_donor(mean_cell(log1p(10000*counts/all_gene_library)))	0.404	0.5937904426622067
PDAC	GSE242230	06_EXTERNAL	20260922T131800Z_author_identity_v4	PDAC_author_cell_identity_v4	sc_expression_source	NA	NA	UCK2	author_source_label	1	25	equal_donor_mean_cellwise_log1p10k	NA	NA	NA	NA	NA	SC_SOURCE_DESCRIPTIVE	NA	NOT_EVALUABLE	GENE_MISSING_OR_LT3_ELIGIBLE_LABELS	GSE242230	UniProtKB:Q9BZX2	primary_tumor	Mast	11	1	91	23	NA	NA	NA	NA	Author labels,predeclared coarse mapping	mean_donor(mean_cell(log1p(10000*counts/all_gene_library)))	NA	NA
PDAC	GSE242230	06_EXTERNAL	20260922T131800Z_author_identity_v4	PDAC_author_cell_identity_v4	sc_expression_source	NA	NA	UCK2	author_source_label	20	25	equal_donor_mean_cellwise_log1p10k	0.064799044605708	NA	NA	NA	NA	SC_SOURCE_DESCRIPTIVE	NA	DONE	Donor-equal descriptive expression	GSE242230	UniProtKB:Q9BZX2	primary_tumor	Myeloid	25	20	6246	6224	0.0792568251800513	0.0558894766567071	0.046123267779112	0.0822722462545826	Author labels,predeclared coarse mapping	mean_donor(mean_cell(log1p(10000*counts/all_gene_library)))	0.0	0.2631293408303696
PDAC	GSE242230	06_EXTERNAL	20260922T131800Z_author_identity_v4	PDAC_author_cell_identity_v4	sc_expression_source	NA	NA	UCK2	author_source_label	6	25	equal_donor_mean_cellwise_log1p10k	0.0893918255989683	NA	NA	NA	NA	SC_SOURCE_DESCRIPTIVE	NA	DONE	Donor-equal descriptive expression	GSE242230	UniProtKB:Q9BZX2	primary_tumor	Normal epithelial (author)	21	6	350	291	0.1953966926793013	0.069743354133633	0.0494128776777683	0.1167029079491037	Author labels,predeclared coarse mapping	mean_donor(mean_cell(log1p(10000*counts/all_gene_library)))	0.032	0.3629931936281654
PDAC	GSE242230	06_EXTERNAL	20260922T131800Z_author_identity_v4	PDAC_author_cell_identity_v4	sc_expression_source	NA	NA	UCK2	author_source_label	2	25	equal_donor_mean_cellwise_log1p10k	NA	NA	NA	NA	NA	SC_SOURCE_DESCRIPTIVE	NA	NOT_EVALUABLE	GENE_MISSING_OR_LT3_ELIGIBLE_LABELS	GSE242230	UniProtKB:Q9BZX2	primary_tumor	Platelet	13	2	122	64	NA	NA	NA	NA	Author labels,predeclared coarse mapping	mean_donor(mean_cell(log1p(10000*counts/all_gene_library)))	NA	NA
PDAC	GSE242230	06_EXTERNAL	20260922T131800Z_author_identity_v4	PDAC_author_cell_identity_v4	sc_expression_source	NA	NA	UCK2	author_source_label	21	25	equal_donor_mean_cellwise_log1p10k	0.0258789144834077	NA	NA	NA	NA	SC_SOURCE_DESCRIPTIVE	NA	DONE	Donor-equal descriptive expression	GSE242230	UniProtKB:Q9BZX2	primary_tumor	T/NK	25	21	9408	9383	0.0199772331754609	0.0262056073873583	0.0116820365958309	0.0296170473291228	Author labels,predeclared coarse mapping	mean_donor(mean_cell(log1p(10000*counts/all_gene_library)))	0.0	0.1050864522904515
