cancer	cohort	stage_id	run_id	analysis_version	analysis_type	metabolite_key	metabolite_name	gene	unit	n	n_reference	effect_type	effect	ci_lower	ci_upper	p_value	q_value	test_family	family_n_evaluable	status	reason	source_id	stable_gene_id	partition	celltype	n_source_labels_total	n_source_labels_eligible	n_cells_total	n_cells_eligible	mean_detection_fraction	median_donor_mean	q25	q75	annotation_origin	normalization	bootstrap_first_frequency	row_scaled
PDAC	GSE242230	06_EXTERNAL	20260922T131800Z_author_identity_v4	PDAC_author_cell_identity_v4	sc_expression_source	NA	NA	DCPH1	author_source_label	1	25	equal_donor_mean_cellwise_log1p10k	NA	NA	NA	NA	NA	SC_SOURCE_DESCRIPTIVE	NA	NOT_EVALUABLE	GENE_MISSING_OR_LT3_ELIGIBLE_LABELS	GSE242230	UniProtKB:Q9H993	primary_tumor	Acinar	17	1	91	20	NA	NA	NA	NA	Author labels,predeclared coarse mapping	mean_donor(mean_cell(log1p(10000*counts/all_gene_library)))	NA	NA
PDAC	GSE242230	06_EXTERNAL	20260922T131800Z_author_identity_v4	PDAC_author_cell_identity_v4	sc_expression_source	NA	NA	DCPH1	author_source_label	15	25	equal_donor_mean_cellwise_log1p10k	0.0453427356009046	NA	NA	NA	NA	SC_SOURCE_DESCRIPTIVE	NA	DONE	Donor-equal descriptive expression	GSE242230	UniProtKB:Q9H993	primary_tumor	B/Plasma	23	15	1740	1675	0.0402143615099044	0.0495963620488186	0.0274168770805489	0.0582714670613878	Author labels,predeclared coarse mapping	mean_donor(mean_cell(log1p(10000*counts/all_gene_library)))	0.0	0.42904767748680894
PDAC	GSE242230	06_EXTERNAL	20260922T131800Z_author_identity_v4	PDAC_author_cell_identity_v4	sc_expression_source	NA	NA	DCPH1	author_source_label	3	25	equal_donor_mean_cellwise_log1p10k	0.0847298169591774	NA	NA	NA	NA	SC_SOURCE_DESCRIPTIVE	NA	DONE	Donor-equal descriptive expression	GSE242230	UniProtKB:Q9H993	primary_tumor	Endothelial	18	3	274	186	0.0916332613834926	0.0554494717543895	0.0511525858797378	0.1036668754362231	Author labels,predeclared coarse mapping	mean_donor(mean_cell(log1p(10000*counts/all_gene_library)))	0.154	0.8017410219839548
PDAC	GSE242230	06_EXTERNAL	20260922T131800Z_author_identity_v4	PDAC_author_cell_identity_v4	sc_expression_source	NA	NA	DCPH1	author_source_label	3	25	equal_donor_mean_cellwise_log1p10k	0.0145031374304063	NA	NA	NA	NA	SC_SOURCE_DESCRIPTIVE	NA	DONE	Donor-equal descriptive expression	GSE242230	UniProtKB:Q9H993	primary_tumor	Erythrocyte	12	3	1199	1158	0.0150906609475531	0.0023133152721509	0.0011566576360754	0.0217547061456094	Author labels,predeclared coarse mapping	mean_donor(mean_cell(log1p(10000*counts/all_gene_library)))	0.0	0.13723339247894184
PDAC	GSE242230	06_EXTERNAL	20260922T131800Z_author_identity_v4	PDAC_author_cell_identity_v4	sc_expression_source	NA	NA	DCPH1	author_source_label	7	25	equal_donor_mean_cellwise_log1p10k	0.0608875164158402	NA	NA	NA	NA	SC_SOURCE_DESCRIPTIVE	NA	DONE	Donor-equal descriptive expression	GSE242230	UniProtKB:Q9H993	primary_tumor	Fibroblast/CAF	20	7	911	810	0.0930837969303223	0.0592666014689919	0.0412078299970047	0.078961810689772	Author labels,predeclared coarse mapping	mean_donor(mean_cell(log1p(10000*counts/all_gene_library)))	0.006	0.5761374376722656
PDAC	GSE242230	06_EXTERNAL	20260922T131800Z_author_identity_v4	PDAC_author_cell_identity_v4	sc_expression_source	NA	NA	DCPH1	author_source_label	23	25	equal_donor_mean_cellwise_log1p10k	0.0727994991921716	NA	NA	NA	NA	SC_SOURCE_DESCRIPTIVE	NA	DONE	Donor-equal descriptive expression	GSE242230	UniProtKB:Q9H993	primary_tumor	Malignant (author)	25	23	10783	10759	0.1295310040627537	0.0766931851718167	0.0368158789958096	0.1057928822559871	Author labels,predeclared coarse mapping	mean_donor(mean_cell(log1p(10000*counts/all_gene_library)))	0.015	0.6888524840124758
PDAC	GSE242230	06_EXTERNAL	20260922T131800Z_author_identity_v4	PDAC_author_cell_identity_v4	sc_expression_source	NA	NA	DCPH1	author_source_label	1	25	equal_donor_mean_cellwise_log1p10k	NA	NA	NA	NA	NA	SC_SOURCE_DESCRIPTIVE	NA	NOT_EVALUABLE	GENE_MISSING_OR_LT3_ELIGIBLE_LABELS	GSE242230	UniProtKB:Q9H993	primary_tumor	Mast	11	1	91	23	NA	NA	NA	NA	Author labels,predeclared coarse mapping	mean_donor(mean_cell(log1p(10000*counts/all_gene_library)))	NA	NA
PDAC	GSE242230	06_EXTERNAL	20260922T131800Z_author_identity_v4	PDAC_author_cell_identity_v4	sc_expression_source	NA	NA	DCPH1	author_source_label	20	25	equal_donor_mean_cellwise_log1p10k	0.0891739218685952	NA	NA	NA	NA	SC_SOURCE_DESCRIPTIVE	NA	DONE	Donor-equal descriptive expression	GSE242230	UniProtKB:Q9H993	primary_tumor	Myeloid	25	20	6246	6224	0.1113247727577089	0.0858905165563825	0.068188326340435	0.1067600075015669	Author labels,predeclared coarse mapping	mean_donor(mean_cell(log1p(10000*counts/all_gene_library)))	0.129	0.8437925847012115
PDAC	GSE242230	06_EXTERNAL	20260922T131800Z_author_identity_v4	PDAC_author_cell_identity_v4	sc_expression_source	NA	NA	DCPH1	author_source_label	6	25	equal_donor_mean_cellwise_log1p10k	0.1056822772389874	NA	NA	NA	NA	SC_SOURCE_DESCRIPTIVE	NA	DONE	Donor-equal descriptive expression	GSE242230	UniProtKB:Q9H993	primary_tumor	Normal epithelial (author)	21	6	350	291	0.2064403695588103	0.1002966977333758	0.0894951715761832	0.1199184954923661	Author labels,predeclared coarse mapping	mean_donor(mean_cell(log1p(10000*counts/all_gene_library)))	0.696	1.0
PDAC	GSE242230	06_EXTERNAL	20260922T131800Z_author_identity_v4	PDAC_author_cell_identity_v4	sc_expression_source	NA	NA	DCPH1	author_source_label	2	25	equal_donor_mean_cellwise_log1p10k	NA	NA	NA	NA	NA	SC_SOURCE_DESCRIPTIVE	NA	NOT_EVALUABLE	GENE_MISSING_OR_LT3_ELIGIBLE_LABELS	GSE242230	UniProtKB:Q9H993	primary_tumor	Platelet	13	2	122	64	NA	NA	NA	NA	Author labels,predeclared coarse mapping	mean_donor(mean_cell(log1p(10000*counts/all_gene_library)))	NA	NA
PDAC	GSE242230	06_EXTERNAL	20260922T131800Z_author_identity_v4	PDAC_author_cell_identity_v4	sc_expression_source	NA	NA	DCPH1	author_source_label	21	25	equal_donor_mean_cellwise_log1p10k	0.0683688531142368	NA	NA	NA	NA	SC_SOURCE_DESCRIPTIVE	NA	DONE	Donor-equal descriptive expression	GSE242230	UniProtKB:Q9H993	primary_tumor	T/NK	25	21	9408	9383	0.0538447298861185	0.0675422437140186	0.0558034609704215	0.0850153742937327	Author labels,predeclared coarse mapping	mean_donor(mean_cell(log1p(10000*counts/all_gene_library)))	0.0	0.6469282731259574
PDAC	GSE242230	06_EXTERNAL	20260922T131800Z_author_identity_v4	PDAC_author_cell_identity_v4	sc_expression_source	NA	NA	DCTD	author_source_label	1	25	equal_donor_mean_cellwise_log1p10k	NA	NA	NA	NA	NA	SC_SOURCE_DESCRIPTIVE	NA	NOT_EVALUABLE	GENE_MISSING_OR_LT3_ELIGIBLE_LABELS	GSE242230	UniProtKB:P32321	primary_tumor	Acinar	17	1	91	20	NA	NA	NA	NA	Author labels,predeclared coarse mapping	mean_donor(mean_cell(log1p(10000*counts/all_gene_library)))	NA	NA
PDAC	GSE242230	06_EXTERNAL	20260922T131800Z_author_identity_v4	PDAC_author_cell_identity_v4	sc_expression_source	NA	NA	DCTD	author_source_label	15	25	equal_donor_mean_cellwise_log1p10k	0.1303909902604335	NA	NA	NA	NA	SC_SOURCE_DESCRIPTIVE	NA	DONE	Donor-equal descriptive expression	GSE242230	UniProtKB:P32321	primary_tumor	B/Plasma	23	15	1740	1675	0.102212287347702	0.1283415284566955	0.0845751510753621	0.1448751989701959	Author labels,predeclared coarse mapping	mean_donor(mean_cell(log1p(10000*counts/all_gene_library)))	0.0	0.3919051501417383
PDAC	GSE242230	06_EXTERNAL	20260922T131800Z_author_identity_v4	PDAC_author_cell_identity_v4	sc_expression_source	NA	NA	DCTD	author_source_label	3	25	equal_donor_mean_cellwise_log1p10k	0.1506674261003592	NA	NA	NA	NA	SC_SOURCE_DESCRIPTIVE	NA	DONE	Donor-equal descriptive expression	GSE242230	UniProtKB:P32321	primary_tumor	Endothelial	18	3	274	186	0.1689819097543426	0.1802849120891897	0.1256040993235494	0.1905394958715842	Author labels,predeclared coarse mapping	mean_donor(mean_cell(log1p(10000*counts/all_gene_library)))	0.0	0.4528483151281669
PDAC	GSE242230	06_EXTERNAL	20260922T131800Z_author_identity_v4	PDAC_author_cell_identity_v4	sc_expression_source	NA	NA	DCTD	author_source_label	3	25	equal_donor_mean_cellwise_log1p10k	0.0006277747352529	NA	NA	NA	NA	SC_SOURCE_DESCRIPTIVE	NA	DONE	Donor-equal descriptive expression	GSE242230	UniProtKB:P32321	primary_tumor	Erythrocyte	12	3	1199	1158	0.0005979073243647	0.0	0.0	0.0009416621028793	Author labels,predeclared coarse mapping	mean_donor(mean_cell(log1p(10000*counts/all_gene_library)))	0.0	0.0018868493243519285
PDAC	GSE242230	06_EXTERNAL	20260922T131800Z_author_identity_v4	PDAC_author_cell_identity_v4	sc_expression_source	NA	NA	DCTD	author_source_label	7	25	equal_donor_mean_cellwise_log1p10k	0.332710581152801	NA	NA	NA	NA	SC_SOURCE_DESCRIPTIVE	NA	DONE	Donor-equal descriptive expression	GSE242230	UniProtKB:P32321	primary_tumor	Fibroblast/CAF	20	7	911	810	0.3600816337180745	0.3059791649662056	0.274005934138013	0.4006293360930142	Author labels,predeclared coarse mapping	mean_donor(mean_cell(log1p(10000*counts/all_gene_library)))	0.784	1.0
PDAC	GSE242230	06_EXTERNAL	20260922T131800Z_author_identity_v4	PDAC_author_cell_identity_v4	sc_expression_source	NA	NA	DCTD	author_source_label	23	25	equal_donor_mean_cellwise_log1p10k	0.2004466488556986	NA	NA	NA	NA	SC_SOURCE_DESCRIPTIVE	NA	DONE	Donor-equal descriptive expression	GSE242230	UniProtKB:P32321	primary_tumor	Malignant (author)	25	23	10783	10759	0.2755317977993807	0.2045077278048072	0.1401687797021201	0.2768889870646682	Author labels,predeclared coarse mapping	mean_donor(mean_cell(log1p(10000*counts/all_gene_library)))	0.0	0.6024655066910579
PDAC	GSE242230	06_EXTERNAL	20260922T131800Z_author_identity_v4	PDAC_author_cell_identity_v4	sc_expression_source	NA	NA	DCTD	author_source_label	1	25	equal_donor_mean_cellwise_log1p10k	NA	NA	NA	NA	NA	SC_SOURCE_DESCRIPTIVE	NA	NOT_EVALUABLE	GENE_MISSING_OR_LT3_ELIGIBLE_LABELS	GSE242230	UniProtKB:P32321	primary_tumor	Mast	11	1	91	23	NA	NA	NA	NA	Author labels,predeclared coarse mapping	mean_donor(mean_cell(log1p(10000*counts/all_gene_library)))	NA	NA
PDAC	GSE242230	06_EXTERNAL	20260922T131800Z_author_identity_v4	PDAC_author_cell_identity_v4	sc_expression_source	NA	NA	DCTD	author_source_label	20	25	equal_donor_mean_cellwise_log1p10k	0.1214593526123826	NA	NA	NA	NA	SC_SOURCE_DESCRIPTIVE	NA	DONE	Donor-equal descriptive expression	GSE242230	UniProtKB:P32321	primary_tumor	Myeloid	25	20	6246	6224	0.1419320598278623	0.1146953313362984	0.0904621872840868	0.1251803825680708	Author labels,predeclared coarse mapping	mean_donor(mean_cell(log1p(10000*counts/all_gene_library)))	0.0	0.36506008372664606
PDAC	GSE242230	06_EXTERNAL	20260922T131800Z_author_identity_v4	PDAC_author_cell_identity_v4	sc_expression_source	NA	NA	DCTD	author_source_label	6	25	equal_donor_mean_cellwise_log1p10k	0.2974384400693086	NA	NA	NA	NA	SC_SOURCE_DESCRIPTIVE	NA	DONE	Donor-equal descriptive expression	GSE242230	UniProtKB:P32321	primary_tumor	Normal epithelial (author)	21	6	350	291	0.4416057996642704	0.3287961285531524	0.2803520094879339	0.3598756517648147	Author labels,predeclared coarse mapping	mean_donor(mean_cell(log1p(10000*counts/all_gene_library)))	0.216	0.8939855144934712
PDAC	GSE242230	06_EXTERNAL	20260922T131800Z_author_identity_v4	PDAC_author_cell_identity_v4	sc_expression_source	NA	NA	DCTD	author_source_label	2	25	equal_donor_mean_cellwise_log1p10k	NA	NA	NA	NA	NA	SC_SOURCE_DESCRIPTIVE	NA	NOT_EVALUABLE	GENE_MISSING_OR_LT3_ELIGIBLE_LABELS	GSE242230	UniProtKB:P32321	primary_tumor	Platelet	13	2	122	64	NA	NA	NA	NA	Author labels,predeclared coarse mapping	mean_donor(mean_cell(log1p(10000*counts/all_gene_library)))	NA	NA
PDAC	GSE242230	06_EXTERNAL	20260922T131800Z_author_identity_v4	PDAC_author_cell_identity_v4	sc_expression_source	NA	NA	DCTD	author_source_label	21	25	equal_donor_mean_cellwise_log1p10k	0.1474783370739499	NA	NA	NA	NA	SC_SOURCE_DESCRIPTIVE	NA	DONE	Donor-equal descriptive expression	GSE242230	UniProtKB:P32321	primary_tumor	T/NK	25	21	9408	9383	0.1176328864165095	0.1432340975040205	0.1287152365052827	0.178098348828446	Author labels,predeclared coarse mapping	mean_donor(mean_cell(log1p(10000*counts/all_gene_library)))	0.0	0.4432631404837072
PDAC	GSE242230	06_EXTERNAL	20260922T131800Z_author_identity_v4	PDAC_author_cell_identity_v4	sc_expression_source	NA	NA	DCTPP1	author_source_label	1	25	equal_donor_mean_cellwise_log1p10k	NA	NA	NA	NA	NA	SC_SOURCE_DESCRIPTIVE	NA	NOT_EVALUABLE	GENE_MISSING_OR_LT3_ELIGIBLE_LABELS	GSE242230	UniProtKB:Q9H773	primary_tumor	Acinar	17	1	91	20	NA	NA	NA	NA	Author labels,predeclared coarse mapping	mean_donor(mean_cell(log1p(10000*counts/all_gene_library)))	NA	NA
PDAC	GSE242230	06_EXTERNAL	20260922T131800Z_author_identity_v4	PDAC_author_cell_identity_v4	sc_expression_source	NA	NA	DCTPP1	author_source_label	15	25	equal_donor_mean_cellwise_log1p10k	0.1519251021739459	NA	NA	NA	NA	SC_SOURCE_DESCRIPTIVE	NA	DONE	Donor-equal descriptive expression	GSE242230	UniProtKB:Q9H773	primary_tumor	B/Plasma	23	15	1740	1675	0.1248369800503057	0.1515214035073346	0.122335233222254	0.1888878877334605	Author labels,predeclared coarse mapping	mean_donor(mean_cell(log1p(10000*counts/all_gene_library)))	0.0	0.3962518492171469
PDAC	GSE242230	06_EXTERNAL	20260922T131800Z_author_identity_v4	PDAC_author_cell_identity_v4	sc_expression_source	NA	NA	DCTPP1	author_source_label	3	25	equal_donor_mean_cellwise_log1p10k	0.1199223118046945	NA	NA	NA	NA	SC_SOURCE_DESCRIPTIVE	NA	DONE	Donor-equal descriptive expression	GSE242230	UniProtKB:Q9H773	primary_tumor	Endothelial	18	3	274	186	0.1267113783533765	0.1084866551211707	0.0926128663312728	0.1415139289363543	Author labels,predeclared coarse mapping	mean_donor(mean_cell(log1p(10000*counts/all_gene_library)))	0.0	0.31278200333608025
PDAC	GSE242230	06_EXTERNAL	20260922T131800Z_author_identity_v4	PDAC_author_cell_identity_v4	sc_expression_source	NA	NA	DCTPP1	author_source_label	3	25	equal_donor_mean_cellwise_log1p10k	0.0008777033272888	NA	NA	NA	NA	SC_SOURCE_DESCRIPTIVE	NA	DONE	Donor-equal descriptive expression	GSE242230	UniProtKB:Q9H773	primary_tumor	Erythrocyte	12	3	1199	1158	0.000896860986547	0.0	0.0	0.0013165549909332	Author labels,predeclared coarse mapping	mean_donor(mean_cell(log1p(10000*counts/all_gene_library)))	0.0	0.0022892304268719694
PDAC	GSE242230	06_EXTERNAL	20260922T131800Z_author_identity_v4	PDAC_author_cell_identity_v4	sc_expression_source	NA	NA	DCTPP1	author_source_label	7	25	equal_donor_mean_cellwise_log1p10k	0.119295182100647	NA	NA	NA	NA	SC_SOURCE_DESCRIPTIVE	NA	DONE	Donor-equal descriptive expression	GSE242230	UniProtKB:Q9H773	primary_tumor	Fibroblast/CAF	20	7	911	810	0.1831218903874785	0.1296812086914384	0.0853089552360131	0.1513139018075824	Author labels,predeclared coarse mapping	mean_donor(mean_cell(log1p(10000*counts/all_gene_library)))	0.0	0.3111463203490562
PDAC	GSE242230	06_EXTERNAL	20260922T131800Z_author_identity_v4	PDAC_author_cell_identity_v4	sc_expression_source	NA	NA	DCTPP1	author_source_label	23	25	equal_donor_mean_cellwise_log1p10k	0.2500287313519703	NA	NA	NA	NA	SC_SOURCE_DESCRIPTIVE	NA	DONE	Donor-equal descriptive expression	GSE242230	UniProtKB:Q9H773	primary_tumor	Malignant (author)	25	23	10783	10759	0.3160145911510577	0.2637701594935038	0.1551273382773275	0.3214495258433882	Author labels,predeclared coarse mapping	mean_donor(mean_cell(log1p(10000*counts/all_gene_library)))	0.061	0.6521262499609892
PDAC	GSE242230	06_EXTERNAL	20260922T131800Z_author_identity_v4	PDAC_author_cell_identity_v4	sc_expression_source	NA	NA	DCTPP1	author_source_label	1	25	equal_donor_mean_cellwise_log1p10k	NA	NA	NA	NA	NA	SC_SOURCE_DESCRIPTIVE	NA	NOT_EVALUABLE	GENE_MISSING_OR_LT3_ELIGIBLE_LABELS	GSE242230	UniProtKB:Q9H773	primary_tumor	Mast	11	1	91	23	NA	NA	NA	NA	Author labels,predeclared coarse mapping	mean_donor(mean_cell(log1p(10000*counts/all_gene_library)))	NA	NA
PDAC	GSE242230	06_EXTERNAL	20260922T131800Z_author_identity_v4	PDAC_author_cell_identity_v4	sc_expression_source	NA	NA	DCTPP1	author_source_label	20	25	equal_donor_mean_cellwise_log1p10k	0.1497849412534963	NA	NA	NA	NA	SC_SOURCE_DESCRIPTIVE	NA	DONE	Donor-equal descriptive expression	GSE242230	UniProtKB:Q9H773	primary_tumor	Myeloid	25	20	6246	6224	0.1639770060360826	0.156826111414407	0.1154595741766794	0.1996988348208936	Author labels,predeclared coarse mapping	mean_donor(mean_cell(log1p(10000*counts/all_gene_library)))	0.0	0.3906698702668912
PDAC	GSE242230	06_EXTERNAL	20260922T131800Z_author_identity_v4	PDAC_author_cell_identity_v4	sc_expression_source	NA	NA	DCTPP1	author_source_label	6	25	equal_donor_mean_cellwise_log1p10k	0.3834054086412366	NA	NA	NA	NA	SC_SOURCE_DESCRIPTIVE	NA	DONE	Donor-equal descriptive expression	GSE242230	UniProtKB:Q9H773	primary_tumor	Normal epithelial (author)	21	6	350	291	0.54755661699065	0.3753573021686284	0.3435150014198266	0.4282153702347845	Author labels,predeclared coarse mapping	mean_donor(mean_cell(log1p(10000*counts/all_gene_library)))	0.939	1.0
PDAC	GSE242230	06_EXTERNAL	20260922T131800Z_author_identity_v4	PDAC_author_cell_identity_v4	sc_expression_source	NA	NA	DCTPP1	author_source_label	2	25	equal_donor_mean_cellwise_log1p10k	NA	NA	NA	NA	NA	SC_SOURCE_DESCRIPTIVE	NA	NOT_EVALUABLE	GENE_MISSING_OR_LT3_ELIGIBLE_LABELS	GSE242230	UniProtKB:Q9H773	primary_tumor	Platelet	13	2	122	64	NA	NA	NA	NA	Author labels,predeclared coarse mapping	mean_donor(mean_cell(log1p(10000*counts/all_gene_library)))	NA	NA
PDAC	GSE242230	06_EXTERNAL	20260922T131800Z_author_identity_v4	PDAC_author_cell_identity_v4	sc_expression_source	NA	NA	DCTPP1	author_source_label	21	25	equal_donor_mean_cellwise_log1p10k	0.1324980961895085	NA	NA	NA	NA	SC_SOURCE_DESCRIPTIVE	NA	DONE	Donor-equal descriptive expression	GSE242230	UniProtKB:Q9H773	primary_tumor	T/NK	25	21	9408	9383	0.1069131866956235	0.1362579208303109	0.1039043967952462	0.1645247067474144	Author labels,predeclared coarse mapping	mean_donor(mean_cell(log1p(10000*counts/all_gene_library)))	0.0	0.3455822302013761
PDAC	GSE242230	06_EXTERNAL	20260922T131800Z_author_identity_v4	PDAC_author_cell_identity_v4	sc_expression_source	NA	NA	DDHD2	author_source_label	1	25	equal_donor_mean_cellwise_log1p10k	NA	NA	NA	NA	NA	SC_SOURCE_DESCRIPTIVE	NA	NOT_EVALUABLE	GENE_MISSING_OR_LT3_ELIGIBLE_LABELS	GSE242230	UniProtKB:O94830	primary_tumor	Acinar	17	1	91	20	NA	NA	NA	NA	Author labels,predeclared coarse mapping	mean_donor(mean_cell(log1p(10000*counts/all_gene_library)))	NA	NA
PDAC	GSE242230	06_EXTERNAL	20260922T131800Z_author_identity_v4	PDAC_author_cell_identity_v4	sc_expression_source	NA	NA	DDHD2	author_source_label	15	25	equal_donor_mean_cellwise_log1p10k	0.1030173658375183	NA	NA	NA	NA	SC_SOURCE_DESCRIPTIVE	NA	DONE	Donor-equal descriptive expression	GSE242230	UniProtKB:O94830	primary_tumor	B/Plasma	23	15	1740	1675	0.0803914393184768	0.0920814643029236	0.0396530995860841	0.144181927084624	Author labels,predeclared coarse mapping	mean_donor(mean_cell(log1p(10000*counts/all_gene_library)))	0.304	0.8775289785882993
PDAC	GSE242230	06_EXTERNAL	20260922T131800Z_author_identity_v4	PDAC_author_cell_identity_v4	sc_expression_source	NA	NA	DDHD2	author_source_label	3	25	equal_donor_mean_cellwise_log1p10k	0.1173948306564698	NA	NA	NA	NA	SC_SOURCE_DESCRIPTIVE	NA	DONE	Donor-equal descriptive expression	GSE242230	UniProtKB:O94830	primary_tumor	Endothelial	18	3	274	186	0.1293144208037825	0.1216915685792614	0.0742437593933728	0.1626942708809627	Author labels,predeclared coarse mapping	mean_donor(mean_cell(log1p(10000*counts/all_gene_library)))	0.317	1.0
PDAC	GSE242230	06_EXTERNAL	20260922T131800Z_author_identity_v4	PDAC_author_cell_identity_v4	sc_expression_source	NA	NA	DDHD2	author_source_label	3	25	equal_donor_mean_cellwise_log1p10k	0.0015438443939723	NA	NA	NA	NA	SC_SOURCE_DESCRIPTIVE	NA	DONE	Donor-equal descriptive expression	GSE242230	UniProtKB:O94830	primary_tumor	Erythrocyte	12	3	1199	1158	0.0014947683109118	0.0	0.0	0.0023157665909585	Author labels,predeclared coarse mapping	mean_donor(mean_cell(log1p(10000*counts/all_gene_library)))	0.0	0.013150872021699334
PDAC	GSE242230	06_EXTERNAL	20260922T131800Z_author_identity_v4	PDAC_author_cell_identity_v4	sc_expression_source	NA	NA	DDHD2	author_source_label	7	25	equal_donor_mean_cellwise_log1p10k	0.0931029284281098	NA	NA	NA	NA	SC_SOURCE_DESCRIPTIVE	NA	DONE	Donor-equal descriptive expression	GSE242230	UniProtKB:O94830	primary_tumor	Fibroblast/CAF	20	7	911	810	0.1316668814813412	0.1008016717216072	0.0618712485573377	0.1202284424508746	Author labels,predeclared coarse mapping	mean_donor(mean_cell(log1p(10000*counts/all_gene_library)))	0.136	0.7930751968164176
PDAC	GSE242230	06_EXTERNAL	20260922T131800Z_author_identity_v4	PDAC_author_cell_identity_v4	sc_expression_source	NA	NA	DDHD2	author_source_label	23	25	equal_donor_mean_cellwise_log1p10k	0.0647676506589389	NA	NA	NA	NA	SC_SOURCE_DESCRIPTIVE	NA	DONE	Donor-equal descriptive expression	GSE242230	UniProtKB:O94830	primary_tumor	Malignant (author)	25	23	10783	10759	0.1105392783388704	0.0683881492022986	0.0375979613056466	0.0847792958882563	Author labels,predeclared coarse mapping	mean_donor(mean_cell(log1p(10000*counts/all_gene_library)))	0.0	0.5517078588278491
PDAC	GSE242230	06_EXTERNAL	20260922T131800Z_author_identity_v4	PDAC_author_cell_identity_v4	sc_expression_source	NA	NA	DDHD2	author_source_label	1	25	equal_donor_mean_cellwise_log1p10k	NA	NA	NA	NA	NA	SC_SOURCE_DESCRIPTIVE	NA	NOT_EVALUABLE	GENE_MISSING_OR_LT3_ELIGIBLE_LABELS	GSE242230	UniProtKB:O94830	primary_tumor	Mast	11	1	91	23	NA	NA	NA	NA	Author labels,predeclared coarse mapping	mean_donor(mean_cell(log1p(10000*counts/all_gene_library)))	NA	NA
PDAC	GSE242230	06_EXTERNAL	20260922T131800Z_author_identity_v4	PDAC_author_cell_identity_v4	sc_expression_source	NA	NA	DDHD2	author_source_label	20	25	equal_donor_mean_cellwise_log1p10k	0.041470079335114	NA	NA	NA	NA	SC_SOURCE_DESCRIPTIVE	NA	DONE	Donor-equal descriptive expression	GSE242230	UniProtKB:O94830	primary_tumor	Myeloid	25	20	6246	6224	0.0524429212191483	0.0384220220717808	0.031651956233625	0.0525794782944239	Author labels,predeclared coarse mapping	mean_donor(mean_cell(log1p(10000*counts/all_gene_library)))	0.0	0.35325302743923265
PDAC	GSE242230	06_EXTERNAL	20260922T131800Z_author_identity_v4	PDAC_author_cell_identity_v4	sc_expression_source	NA	NA	DDHD2	author_source_label	6	25	equal_donor_mean_cellwise_log1p10k	0.0902306716121641	NA	NA	NA	NA	SC_SOURCE_DESCRIPTIVE	NA	DONE	Donor-equal descriptive expression	GSE242230	UniProtKB:O94830	primary_tumor	Normal epithelial (author)	21	6	350	291	0.1644419243369768	0.1031610124337782	0.0687293590105784	0.1119835627152681	Author labels,predeclared coarse mapping	mean_donor(mean_cell(log1p(10000*counts/all_gene_library)))	0.08	0.7686085588913565
PDAC	GSE242230	06_EXTERNAL	20260922T131800Z_author_identity_v4	PDAC_author_cell_identity_v4	sc_expression_source	NA	NA	DDHD2	author_source_label	2	25	equal_donor_mean_cellwise_log1p10k	NA	NA	NA	NA	NA	SC_SOURCE_DESCRIPTIVE	NA	NOT_EVALUABLE	GENE_MISSING_OR_LT3_ELIGIBLE_LABELS	GSE242230	UniProtKB:O94830	primary_tumor	Platelet	13	2	122	64	NA	NA	NA	NA	Author labels,predeclared coarse mapping	mean_donor(mean_cell(log1p(10000*counts/all_gene_library)))	NA	NA
PDAC	GSE242230	06_EXTERNAL	20260922T131800Z_author_identity_v4	PDAC_author_cell_identity_v4	sc_expression_source	NA	NA	DDHD2	author_source_label	21	25	equal_donor_mean_cellwise_log1p10k	0.1002564937877269	NA	NA	NA	NA	SC_SOURCE_DESCRIPTIVE	NA	DONE	Donor-equal descriptive expression	GSE242230	UniProtKB:O94830	primary_tumor	T/NK	25	21	9408	9383	0.074019350898773	0.0923398104901189	0.0831765540671993	0.1181363322946516	Author labels,predeclared coarse mapping	mean_donor(mean_cell(log1p(10000*counts/all_gene_library)))	0.163	0.854011145355331
PDAC	GSE242230	06_EXTERNAL	20260922T131800Z_author_identity_v4	PDAC_author_cell_identity_v4	sc_expression_source	NA	NA	DDO	author_source_label	1	25	equal_donor_mean_cellwise_log1p10k	NA	NA	NA	NA	NA	SC_SOURCE_DESCRIPTIVE	NA	NOT_EVALUABLE	GENE_MISSING_OR_LT3_ELIGIBLE_LABELS	GSE242230	UniProtKB:Q99489	primary_tumor	Acinar	17	1	91	20	NA	NA	NA	NA	Author labels,predeclared coarse mapping	mean_donor(mean_cell(log1p(10000*counts/all_gene_library)))	NA	NA
PDAC	GSE242230	06_EXTERNAL	20260922T131800Z_author_identity_v4	PDAC_author_cell_identity_v4	sc_expression_source	NA	NA	DDO	author_source_label	15	25	equal_donor_mean_cellwise_log1p10k	0.0007925717124164	NA	NA	NA	NA	SC_SOURCE_DESCRIPTIVE	NA	DONE	Donor-equal descriptive expression	GSE242230	UniProtKB:Q99489	primary_tumor	B/Plasma	23	15	1740	1675	0.0018018018018018	0.0	0.0	0.0	Author labels,predeclared coarse mapping	mean_donor(mean_cell(log1p(10000*counts/all_gene_library)))	0.0	0.009721918992988252
PDAC	GSE242230	06_EXTERNAL	20260922T131800Z_author_identity_v4	PDAC_author_cell_identity_v4	sc_expression_source	NA	NA	DDO	author_source_label	3	25	equal_donor_mean_cellwise_log1p10k	0.0108903876570659	NA	NA	NA	NA	SC_SOURCE_DESCRIPTIVE	NA	DONE	Donor-equal descriptive expression	GSE242230	UniProtKB:Q99489	primary_tumor	Endothelial	18	3	274	186	0.0128893000308356	0.009095979492549	0.0045479897462745	0.0163355814855989	Author labels,predeclared coarse mapping	mean_donor(mean_cell(log1p(10000*counts/all_gene_library)))	0.002	0.13358471535836133
PDAC	GSE242230	06_EXTERNAL	20260922T131800Z_author_identity_v4	PDAC_author_cell_identity_v4	sc_expression_source	NA	NA	DDO	author_source_label	3	25	equal_donor_mean_cellwise_log1p10k	0.0	NA	NA	NA	NA	SC_SOURCE_DESCRIPTIVE	NA	DONE	Donor-equal descriptive expression	GSE242230	UniProtKB:Q99489	primary_tumor	Erythrocyte	12	3	1199	1158	0.0	0.0	0.0	0.0	Author labels,predeclared coarse mapping	mean_donor(mean_cell(log1p(10000*counts/all_gene_library)))	0.0	0.0
PDAC	GSE242230	06_EXTERNAL	20260922T131800Z_author_identity_v4	PDAC_author_cell_identity_v4	sc_expression_source	NA	NA	DDO	author_source_label	7	25	equal_donor_mean_cellwise_log1p10k	0.0037174620652814	NA	NA	NA	NA	SC_SOURCE_DESCRIPTIVE	NA	DONE	Donor-equal descriptive expression	GSE242230	UniProtKB:Q99489	primary_tumor	Fibroblast/CAF	20	7	911	810	0.0082439041981724	0.0	0.0	0.0028237296835361	Author labels,predeclared coarse mapping	mean_donor(mean_cell(log1p(10000*counts/all_gene_library)))	0.0	0.04559948896988258
PDAC	GSE242230	06_EXTERNAL	20260922T131800Z_author_identity_v4	PDAC_author_cell_identity_v4	sc_expression_source	NA	NA	DDO	author_source_label	23	25	equal_donor_mean_cellwise_log1p10k	0.0104172149123177	NA	NA	NA	NA	SC_SOURCE_DESCRIPTIVE	NA	DONE	Donor-equal descriptive expression	GSE242230	UniProtKB:Q99489	primary_tumor	Malignant (author)	25	23	10783	10759	0.0227821367327666	0.0034787259299747	0.0	0.0125588904997034	Author labels,predeclared coarse mapping	mean_donor(mean_cell(log1p(10000*counts/all_gene_library)))	0.01	0.12778063855109434
PDAC	GSE242230	06_EXTERNAL	20260922T131800Z_author_identity_v4	PDAC_author_cell_identity_v4	sc_expression_source	NA	NA	DDO	author_source_label	1	25	equal_donor_mean_cellwise_log1p10k	NA	NA	NA	NA	NA	SC_SOURCE_DESCRIPTIVE	NA	NOT_EVALUABLE	GENE_MISSING_OR_LT3_ELIGIBLE_LABELS	GSE242230	UniProtKB:Q99489	primary_tumor	Mast	11	1	91	23	NA	NA	NA	NA	Author labels,predeclared coarse mapping	mean_donor(mean_cell(log1p(10000*counts/all_gene_library)))	NA	NA
PDAC	GSE242230	06_EXTERNAL	20260922T131800Z_author_identity_v4	PDAC_author_cell_identity_v4	sc_expression_source	NA	NA	DDO	author_source_label	20	25	equal_donor_mean_cellwise_log1p10k	0.0153065108946403	NA	NA	NA	NA	SC_SOURCE_DESCRIPTIVE	NA	DONE	Donor-equal descriptive expression	GSE242230	UniProtKB:Q99489	primary_tumor	Myeloid	25	20	6246	6224	0.0262057530550788	0.0105654017578521	0.0063343652775679	0.0223972299172503	Author labels,predeclared coarse mapping	mean_donor(mean_cell(log1p(10000*counts/all_gene_library)))	0.024	0.18775418886613543
PDAC	GSE242230	06_EXTERNAL	20260922T131800Z_author_identity_v4	PDAC_author_cell_identity_v4	sc_expression_source	NA	NA	DDO	author_source_label	6	25	equal_donor_mean_cellwise_log1p10k	0.0815242045308161	NA	NA	NA	NA	SC_SOURCE_DESCRIPTIVE	NA	DONE	Donor-equal descriptive expression	GSE242230	UniProtKB:Q99489	primary_tumor	Normal epithelial (author)	21	6	350	291	0.17392724577882	0.0724545259570181	0.0591320610120793	0.1023999144598438	Author labels,predeclared coarse mapping	mean_donor(mean_cell(log1p(10000*counts/all_gene_library)))	0.964	1.0
PDAC	GSE242230	06_EXTERNAL	20260922T131800Z_author_identity_v4	PDAC_author_cell_identity_v4	sc_expression_source	NA	NA	DDO	author_source_label	2	25	equal_donor_mean_cellwise_log1p10k	NA	NA	NA	NA	NA	SC_SOURCE_DESCRIPTIVE	NA	NOT_EVALUABLE	GENE_MISSING_OR_LT3_ELIGIBLE_LABELS	GSE242230	UniProtKB:Q99489	primary_tumor	Platelet	13	2	122	64	NA	NA	NA	NA	Author labels,predeclared coarse mapping	mean_donor(mean_cell(log1p(10000*counts/all_gene_library)))	NA	NA
PDAC	GSE242230	06_EXTERNAL	20260922T131800Z_author_identity_v4	PDAC_author_cell_identity_v4	sc_expression_source	NA	NA	DDO	author_source_label	21	25	equal_donor_mean_cellwise_log1p10k	7.512832832140368e-05	NA	NA	NA	NA	SC_SOURCE_DESCRIPTIVE	NA	DONE	Donor-equal descriptive expression	GSE242230	UniProtKB:Q99489	primary_tumor	T/NK	25	21	9408	9383	8.126117341134406e-05	0.0	0.0	0.0	Author labels,predeclared coarse mapping	mean_donor(mean_cell(log1p(10000*counts/all_gene_library)))	0.0	0.0009215462911141342
PDAC	GSE242230	06_EXTERNAL	20260922T131800Z_author_identity_v4	PDAC_author_cell_identity_v4	sc_expression_source	NA	NA	DGAT1	author_source_label	1	25	equal_donor_mean_cellwise_log1p10k	NA	NA	NA	NA	NA	SC_SOURCE_DESCRIPTIVE	NA	NOT_EVALUABLE	GENE_MISSING_OR_LT3_ELIGIBLE_LABELS	GSE242230	UniProtKB:O75907	primary_tumor	Acinar	17	1	91	20	NA	NA	NA	NA	Author labels,predeclared coarse mapping	mean_donor(mean_cell(log1p(10000*counts/all_gene_library)))	NA	NA
PDAC	GSE242230	06_EXTERNAL	20260922T131800Z_author_identity_v4	PDAC_author_cell_identity_v4	sc_expression_source	NA	NA	DGAT1	author_source_label	15	25	equal_donor_mean_cellwise_log1p10k	0.0300029838380133	NA	NA	NA	NA	SC_SOURCE_DESCRIPTIVE	NA	DONE	Donor-equal descriptive expression	GSE242230	UniProtKB:O75907	primary_tumor	B/Plasma	23	15	1740	1675	0.0274015070904326	0.0124638386530856	0.0	0.0468440640877022	Author labels,predeclared coarse mapping	mean_donor(mean_cell(log1p(10000*counts/all_gene_library)))	0.0	0.12286549695956178
PDAC	GSE242230	06_EXTERNAL	20260922T131800Z_author_identity_v4	PDAC_author_cell_identity_v4	sc_expression_source	NA	NA	DGAT1	author_source_label	3	25	equal_donor_mean_cellwise_log1p10k	0.2441937287559913	NA	NA	NA	NA	SC_SOURCE_DESCRIPTIVE	NA	DONE	Donor-equal descriptive expression	GSE242230	UniProtKB:O75907	primary_tumor	Endothelial	18	3	274	186	0.22224277931956	0.2477111430351764	0.1722501100844589	0.3178960545671162	Author labels,predeclared coarse mapping	mean_donor(mean_cell(log1p(10000*counts/all_gene_library)))	0.396	1.0
PDAC	GSE242230	06_EXTERNAL	20260922T131800Z_author_identity_v4	PDAC_author_cell_identity_v4	sc_expression_source	NA	NA	DGAT1	author_source_label	3	25	equal_donor_mean_cellwise_log1p10k	0.000164062338685	NA	NA	NA	NA	SC_SOURCE_DESCRIPTIVE	NA	DONE	Donor-equal descriptive expression	GSE242230	UniProtKB:O75907	primary_tumor	Erythrocyte	12	3	1199	1158	0.0002989536621823	0.0	0.0	0.0002460935080275	Author labels,predeclared coarse mapping	mean_donor(mean_cell(log1p(10000*counts/all_gene_library)))	0.0	0.0006718532024585203
PDAC	GSE242230	06_EXTERNAL	20260922T131800Z_author_identity_v4	PDAC_author_cell_identity_v4	sc_expression_source	NA	NA	DGAT1	author_source_label	7	25	equal_donor_mean_cellwise_log1p10k	0.0579918677311385	NA	NA	NA	NA	SC_SOURCE_DESCRIPTIVE	NA	DONE	Donor-equal descriptive expression	GSE242230	UniProtKB:O75907	primary_tumor	Fibroblast/CAF	20	7	911	810	0.0786966719242086	0.0444462109927489	0.0160589872194441	0.0989316582450618	Author labels,predeclared coarse mapping	mean_donor(mean_cell(log1p(10000*counts/all_gene_library)))	0.0	0.23748303458311343
PDAC	GSE242230	06_EXTERNAL	20260922T131800Z_author_identity_v4	PDAC_author_cell_identity_v4	sc_expression_source	NA	NA	DGAT1	author_source_label	23	25	equal_donor_mean_cellwise_log1p10k	0.2058421501251826	NA	NA	NA	NA	SC_SOURCE_DESCRIPTIVE	NA	DONE	Donor-equal descriptive expression	GSE242230	UniProtKB:O75907	primary_tumor	Malignant (author)	25	23	10783	10759	0.2759823490096775	0.1845218765164831	0.1384082095799818	0.2658712707091077	Author labels,predeclared coarse mapping	mean_donor(mean_cell(log1p(10000*counts/all_gene_library)))	0.287	0.8429460951917761
PDAC	GSE242230	06_EXTERNAL	20260922T131800Z_author_identity_v4	PDAC_author_cell_identity_v4	sc_expression_source	NA	NA	DGAT1	author_source_label	1	25	equal_donor_mean_cellwise_log1p10k	NA	NA	NA	NA	NA	SC_SOURCE_DESCRIPTIVE	NA	NOT_EVALUABLE	GENE_MISSING_OR_LT3_ELIGIBLE_LABELS	GSE242230	UniProtKB:O75907	primary_tumor	Mast	11	1	91	23	NA	NA	NA	NA	Author labels,predeclared coarse mapping	mean_donor(mean_cell(log1p(10000*counts/all_gene_library)))	NA	NA
PDAC	GSE242230	06_EXTERNAL	20260922T131800Z_author_identity_v4	PDAC_author_cell_identity_v4	sc_expression_source	NA	NA	DGAT1	author_source_label	20	25	equal_donor_mean_cellwise_log1p10k	0.1319397622950213	NA	NA	NA	NA	SC_SOURCE_DESCRIPTIVE	NA	DONE	Donor-equal descriptive expression	GSE242230	UniProtKB:O75907	primary_tumor	Myeloid	25	20	6246	6224	0.1447466252334269	0.1258117489547376	0.0804382491176812	0.1552508588815355	Author labels,predeclared coarse mapping	mean_donor(mean_cell(log1p(10000*counts/all_gene_library)))	0.0	0.5403077424107853
PDAC	GSE242230	06_EXTERNAL	20260922T131800Z_author_identity_v4	PDAC_author_cell_identity_v4	sc_expression_source	NA	NA	DGAT1	author_source_label	6	25	equal_donor_mean_cellwise_log1p10k	0.2071475187393581	NA	NA	NA	NA	SC_SOURCE_DESCRIPTIVE	NA	DONE	Donor-equal descriptive expression	GSE242230	UniProtKB:O75907	primary_tumor	Normal epithelial (author)	21	6	350	291	0.3542985451718585	0.185256711120489	0.1122246416711604	0.261788005034954	Author labels,predeclared coarse mapping	mean_donor(mean_cell(log1p(10000*counts/all_gene_library)))	0.317	0.8482917222921341
PDAC	GSE242230	06_EXTERNAL	20260922T131800Z_author_identity_v4	PDAC_author_cell_identity_v4	sc_expression_source	NA	NA	DGAT1	author_source_label	2	25	equal_donor_mean_cellwise_log1p10k	NA	NA	NA	NA	NA	SC_SOURCE_DESCRIPTIVE	NA	NOT_EVALUABLE	GENE_MISSING_OR_LT3_ELIGIBLE_LABELS	GSE242230	UniProtKB:O75907	primary_tumor	Platelet	13	2	122	64	NA	NA	NA	NA	Author labels,predeclared coarse mapping	mean_donor(mean_cell(log1p(10000*counts/all_gene_library)))	NA	NA
PDAC	GSE242230	06_EXTERNAL	20260922T131800Z_author_identity_v4	PDAC_author_cell_identity_v4	sc_expression_source	NA	NA	DGAT1	author_source_label	21	25	equal_donor_mean_cellwise_log1p10k	0.0644567719637318	NA	NA	NA	NA	SC_SOURCE_DESCRIPTIVE	NA	DONE	Donor-equal descriptive expression	GSE242230	UniProtKB:O75907	primary_tumor	T/NK	25	21	9408	9383	0.0488880824695554	0.0382858975288709	0.0275366409065159	0.0826431089418748	Author labels,predeclared coarse mapping	mean_donor(mean_cell(log1p(10000*counts/all_gene_library)))	0.0	0.26395752377465737
PDAC	GSE242230	06_EXTERNAL	20260922T131800Z_author_identity_v4	PDAC_author_cell_identity_v4	sc_expression_source	NA	NA	DGAT2	author_source_label	1	25	equal_donor_mean_cellwise_log1p10k	NA	NA	NA	NA	NA	SC_SOURCE_DESCRIPTIVE	NA	NOT_EVALUABLE	GENE_MISSING_OR_LT3_ELIGIBLE_LABELS	GSE242230	UniProtKB:Q96PD7	primary_tumor	Acinar	17	1	91	20	NA	NA	NA	NA	Author labels,predeclared coarse mapping	mean_donor(mean_cell(log1p(10000*counts/all_gene_library)))	NA	NA
PDAC	GSE242230	06_EXTERNAL	20260922T131800Z_author_identity_v4	PDAC_author_cell_identity_v4	sc_expression_source	NA	NA	DGAT2	author_source_label	15	25	equal_donor_mean_cellwise_log1p10k	0.0258539676146825	NA	NA	NA	NA	SC_SOURCE_DESCRIPTIVE	NA	DONE	Donor-equal descriptive expression	GSE242230	UniProtKB:Q96PD7	primary_tumor	B/Plasma	23	15	1740	1675	0.0241477203648123	0.0200668678853071	0.0158623916604066	0.0322214365002359	Author labels,predeclared coarse mapping	mean_donor(mean_cell(log1p(10000*counts/all_gene_library)))	0.008	0.6888457360128273
PDAC	GSE242230	06_EXTERNAL	20260922T131800Z_author_identity_v4	PDAC_author_cell_identity_v4	sc_expression_source	NA	NA	DGAT2	author_source_label	3	25	equal_donor_mean_cellwise_log1p10k	0.0	NA	NA	NA	NA	SC_SOURCE_DESCRIPTIVE	NA	DONE	Donor-equal descriptive expression	GSE242230	UniProtKB:Q96PD7	primary_tumor	Endothelial	18	3	274	186	0.0	0.0	0.0	0.0	Author labels,predeclared coarse mapping	mean_donor(mean_cell(log1p(10000*counts/all_gene_library)))	0.0	0.0
PDAC	GSE242230	06_EXTERNAL	20260922T131800Z_author_identity_v4	PDAC_author_cell_identity_v4	sc_expression_source	NA	NA	DGAT2	author_source_label	3	25	equal_donor_mean_cellwise_log1p10k	0.0003401791218311	NA	NA	NA	NA	SC_SOURCE_DESCRIPTIVE	NA	DONE	Donor-equal descriptive expression	GSE242230	UniProtKB:Q96PD7	primary_tumor	Erythrocyte	12	3	1199	1158	0.0005979073243647	0.0	0.0	0.0005102686827467	Author labels,predeclared coarse mapping	mean_donor(mean_cell(log1p(10000*counts/all_gene_library)))	0.0	0.009063635456124902
PDAC	GSE242230	06_EXTERNAL	20260922T131800Z_author_identity_v4	PDAC_author_cell_identity_v4	sc_expression_source	NA	NA	DGAT2	author_source_label	7	25	equal_donor_mean_cellwise_log1p10k	0.0014818230235681	NA	NA	NA	NA	SC_SOURCE_DESCRIPTIVE	NA	DONE	Donor-equal descriptive expression	GSE242230	UniProtKB:Q96PD7	primary_tumor	Fibroblast/CAF	20	7	911	810	0.0036258158085569	0.0	0.0	0.0	Author labels,predeclared coarse mapping	mean_donor(mean_cell(log1p(10000*counts/all_gene_library)))	0.0	0.03948126981991101
PDAC	GSE242230	06_EXTERNAL	20260922T131800Z_author_identity_v4	PDAC_author_cell_identity_v4	sc_expression_source	NA	NA	DGAT2	author_source_label	23	25	equal_donor_mean_cellwise_log1p10k	0.0375323040603115	NA	NA	NA	NA	SC_SOURCE_DESCRIPTIVE	NA	DONE	Donor-equal descriptive expression	GSE242230	UniProtKB:Q96PD7	primary_tumor	Malignant (author)	25	23	10783	10759	0.070983217878584	0.0291211428429904	0.011503769904736	0.0599919734127526	Author labels,predeclared coarse mapping	mean_donor(mean_cell(log1p(10000*counts/all_gene_library)))	0.585	1.0
PDAC	GSE242230	06_EXTERNAL	20260922T131800Z_author_identity_v4	PDAC_author_cell_identity_v4	sc_expression_source	NA	NA	DGAT2	author_source_label	1	25	equal_donor_mean_cellwise_log1p10k	NA	NA	NA	NA	NA	SC_SOURCE_DESCRIPTIVE	NA	NOT_EVALUABLE	GENE_MISSING_OR_LT3_ELIGIBLE_LABELS	GSE242230	UniProtKB:Q96PD7	primary_tumor	Mast	11	1	91	23	NA	NA	NA	NA	Author labels,predeclared coarse mapping	mean_donor(mean_cell(log1p(10000*counts/all_gene_library)))	NA	NA
PDAC	GSE242230	06_EXTERNAL	20260922T131800Z_author_identity_v4	PDAC_author_cell_identity_v4	sc_expression_source	NA	NA	DGAT2	author_source_label	20	25	equal_donor_mean_cellwise_log1p10k	0.0352611729348121	NA	NA	NA	NA	SC_SOURCE_DESCRIPTIVE	NA	DONE	Donor-equal descriptive expression	GSE242230	UniProtKB:Q96PD7	primary_tumor	Myeloid	25	20	6246	6224	0.0357610976553434	0.0330159041350036	0.0175865394020191	0.0474158204258131	Author labels,predeclared coarse mapping	mean_donor(mean_cell(log1p(10000*counts/all_gene_library)))	0.407	0.939488630331624
PDAC	GSE242230	06_EXTERNAL	20260922T131800Z_author_identity_v4	PDAC_author_cell_identity_v4	sc_expression_source	NA	NA	DGAT2	author_source_label	6	25	equal_donor_mean_cellwise_log1p10k	0.0031859047825548	NA	NA	NA	NA	SC_SOURCE_DESCRIPTIVE	NA	DONE	Donor-equal descriptive expression	GSE242230	UniProtKB:Q96PD7	primary_tumor	Normal epithelial (author)	21	6	350	291	0.012037037037037	0.0	0.0	0.0066442914954474	Author labels,predeclared coarse mapping	mean_donor(mean_cell(log1p(10000*counts/all_gene_library)))	0.0	0.08488433796750922
PDAC	GSE242230	06_EXTERNAL	20260922T131800Z_author_identity_v4	PDAC_author_cell_identity_v4	sc_expression_source	NA	NA	DGAT2	author_source_label	2	25	equal_donor_mean_cellwise_log1p10k	NA	NA	NA	NA	NA	SC_SOURCE_DESCRIPTIVE	NA	NOT_EVALUABLE	GENE_MISSING_OR_LT3_ELIGIBLE_LABELS	GSE242230	UniProtKB:Q96PD7	primary_tumor	Platelet	13	2	122	64	NA	NA	NA	NA	Author labels,predeclared coarse mapping	mean_donor(mean_cell(log1p(10000*counts/all_gene_library)))	NA	NA
PDAC	GSE242230	06_EXTERNAL	20260922T131800Z_author_identity_v4	PDAC_author_cell_identity_v4	sc_expression_source	NA	NA	DGAT2	author_source_label	21	25	equal_donor_mean_cellwise_log1p10k	0.0009218257356682	NA	NA	NA	NA	SC_SOURCE_DESCRIPTIVE	NA	DONE	Donor-equal descriptive expression	GSE242230	UniProtKB:Q96PD7	primary_tumor	T/NK	25	21	9408	9383	0.0006011190754241	0.0	0.0	0.0	Author labels,predeclared coarse mapping	mean_donor(mean_cell(log1p(10000*counts/all_gene_library)))	0.0	0.024560861869468435
PDAC	GSE242230	06_EXTERNAL	20260922T131800Z_author_identity_v4	PDAC_author_cell_identity_v4	sc_expression_source	NA	NA	DGAT2L6	author_source_label	1	25	equal_donor_mean_cellwise_log1p10k	NA	NA	NA	NA	NA	SC_SOURCE_DESCRIPTIVE	NA	NOT_EVALUABLE	GENE_MISSING_OR_LT3_ELIGIBLE_LABELS	GSE242230	UniProtKB:Q6ZPD8	primary_tumor	Acinar	17	1	91	20	NA	NA	NA	NA	Author labels,predeclared coarse mapping	mean_donor(mean_cell(log1p(10000*counts/all_gene_library)))	NA	NA
PDAC	GSE242230	06_EXTERNAL	20260922T131800Z_author_identity_v4	PDAC_author_cell_identity_v4	sc_expression_source	NA	NA	DGAT2L6	author_source_label	15	25	equal_donor_mean_cellwise_log1p10k	0.0	NA	NA	NA	NA	SC_SOURCE_DESCRIPTIVE	NA	DONE	Donor-equal descriptive expression	GSE242230	UniProtKB:Q6ZPD8	primary_tumor	B/Plasma	23	15	1740	1675	0.0	0.0	0.0	0.0	Author labels,predeclared coarse mapping	mean_donor(mean_cell(log1p(10000*counts/all_gene_library)))	NA	0.0
PDAC	GSE242230	06_EXTERNAL	20260922T131800Z_author_identity_v4	PDAC_author_cell_identity_v4	sc_expression_source	NA	NA	DGAT2L6	author_source_label	3	25	equal_donor_mean_cellwise_log1p10k	0.0	NA	NA	NA	NA	SC_SOURCE_DESCRIPTIVE	NA	DONE	Donor-equal descriptive expression	GSE242230	UniProtKB:Q6ZPD8	primary_tumor	Endothelial	18	3	274	186	0.0	0.0	0.0	0.0	Author labels,predeclared coarse mapping	mean_donor(mean_cell(log1p(10000*counts/all_gene_library)))	NA	0.0
PDAC	GSE242230	06_EXTERNAL	20260922T131800Z_author_identity_v4	PDAC_author_cell_identity_v4	sc_expression_source	NA	NA	DGAT2L6	author_source_label	3	25	equal_donor_mean_cellwise_log1p10k	0.0	NA	NA	NA	NA	SC_SOURCE_DESCRIPTIVE	NA	DONE	Donor-equal descriptive expression	GSE242230	UniProtKB:Q6ZPD8	primary_tumor	Erythrocyte	12	3	1199	1158	0.0	0.0	0.0	0.0	Author labels,predeclared coarse mapping	mean_donor(mean_cell(log1p(10000*counts/all_gene_library)))	NA	0.0
PDAC	GSE242230	06_EXTERNAL	20260922T131800Z_author_identity_v4	PDAC_author_cell_identity_v4	sc_expression_source	NA	NA	DGAT2L6	author_source_label	7	25	equal_donor_mean_cellwise_log1p10k	0.0	NA	NA	NA	NA	SC_SOURCE_DESCRIPTIVE	NA	DONE	Donor-equal descriptive expression	GSE242230	UniProtKB:Q6ZPD8	primary_tumor	Fibroblast/CAF	20	7	911	810	0.0	0.0	0.0	0.0	Author labels,predeclared coarse mapping	mean_donor(mean_cell(log1p(10000*counts/all_gene_library)))	NA	0.0
PDAC	GSE242230	06_EXTERNAL	20260922T131800Z_author_identity_v4	PDAC_author_cell_identity_v4	sc_expression_source	NA	NA	DGAT2L6	author_source_label	23	25	equal_donor_mean_cellwise_log1p10k	0.0	NA	NA	NA	NA	SC_SOURCE_DESCRIPTIVE	NA	DONE	Donor-equal descriptive expression	GSE242230	UniProtKB:Q6ZPD8	primary_tumor	Malignant (author)	25	23	10783	10759	0.0	0.0	0.0	0.0	Author labels,predeclared coarse mapping	mean_donor(mean_cell(log1p(10000*counts/all_gene_library)))	NA	0.0
PDAC	GSE242230	06_EXTERNAL	20260922T131800Z_author_identity_v4	PDAC_author_cell_identity_v4	sc_expression_source	NA	NA	DGAT2L6	author_source_label	1	25	equal_donor_mean_cellwise_log1p10k	NA	NA	NA	NA	NA	SC_SOURCE_DESCRIPTIVE	NA	NOT_EVALUABLE	GENE_MISSING_OR_LT3_ELIGIBLE_LABELS	GSE242230	UniProtKB:Q6ZPD8	primary_tumor	Mast	11	1	91	23	NA	NA	NA	NA	Author labels,predeclared coarse mapping	mean_donor(mean_cell(log1p(10000*counts/all_gene_library)))	NA	NA
PDAC	GSE242230	06_EXTERNAL	20260922T131800Z_author_identity_v4	PDAC_author_cell_identity_v4	sc_expression_source	NA	NA	DGAT2L6	author_source_label	20	25	equal_donor_mean_cellwise_log1p10k	0.0	NA	NA	NA	NA	SC_SOURCE_DESCRIPTIVE	NA	DONE	Donor-equal descriptive expression	GSE242230	UniProtKB:Q6ZPD8	primary_tumor	Myeloid	25	20	6246	6224	0.0	0.0	0.0	0.0	Author labels,predeclared coarse mapping	mean_donor(mean_cell(log1p(10000*counts/all_gene_library)))	NA	0.0
PDAC	GSE242230	06_EXTERNAL	20260922T131800Z_author_identity_v4	PDAC_author_cell_identity_v4	sc_expression_source	NA	NA	DGAT2L6	author_source_label	6	25	equal_donor_mean_cellwise_log1p10k	0.0	NA	NA	NA	NA	SC_SOURCE_DESCRIPTIVE	NA	DONE	Donor-equal descriptive expression	GSE242230	UniProtKB:Q6ZPD8	primary_tumor	Normal epithelial (author)	21	6	350	291	0.0	0.0	0.0	0.0	Author labels,predeclared coarse mapping	mean_donor(mean_cell(log1p(10000*counts/all_gene_library)))	NA	0.0
PDAC	GSE242230	06_EXTERNAL	20260922T131800Z_author_identity_v4	PDAC_author_cell_identity_v4	sc_expression_source	NA	NA	DGAT2L6	author_source_label	2	25	equal_donor_mean_cellwise_log1p10k	NA	NA	NA	NA	NA	SC_SOURCE_DESCRIPTIVE	NA	NOT_EVALUABLE	GENE_MISSING_OR_LT3_ELIGIBLE_LABELS	GSE242230	UniProtKB:Q6ZPD8	primary_tumor	Platelet	13	2	122	64	NA	NA	NA	NA	Author labels,predeclared coarse mapping	mean_donor(mean_cell(log1p(10000*counts/all_gene_library)))	NA	NA
PDAC	GSE242230	06_EXTERNAL	20260922T131800Z_author_identity_v4	PDAC_author_cell_identity_v4	sc_expression_source	NA	NA	DGAT2L6	author_source_label	21	25	equal_donor_mean_cellwise_log1p10k	0.0	NA	NA	NA	NA	SC_SOURCE_DESCRIPTIVE	NA	DONE	Donor-equal descriptive expression	GSE242230	UniProtKB:Q6ZPD8	primary_tumor	T/NK	25	21	9408	9383	0.0	0.0	0.0	0.0	Author labels,predeclared coarse mapping	mean_donor(mean_cell(log1p(10000*counts/all_gene_library)))	NA	0.0
PDAC	GSE242230	06_EXTERNAL	20260922T131800Z_author_identity_v4	PDAC_author_cell_identity_v4	sc_expression_source	NA	NA	DGKA	author_source_label	1	25	equal_donor_mean_cellwise_log1p10k	NA	NA	NA	NA	NA	SC_SOURCE_DESCRIPTIVE	NA	NOT_EVALUABLE	GENE_MISSING_OR_LT3_ELIGIBLE_LABELS	GSE242230	UniProtKB:P23743	primary_tumor	Acinar	17	1	91	20	NA	NA	NA	NA	Author labels,predeclared coarse mapping	mean_donor(mean_cell(log1p(10000*counts/all_gene_library)))	NA	NA
PDAC	GSE242230	06_EXTERNAL	20260922T131800Z_author_identity_v4	PDAC_author_cell_identity_v4	sc_expression_source	NA	NA	DGKA	author_source_label	15	25	equal_donor_mean_cellwise_log1p10k	0.1566896728585944	NA	NA	NA	NA	SC_SOURCE_DESCRIPTIVE	NA	DONE	Donor-equal descriptive expression	GSE242230	UniProtKB:P23743	primary_tumor	B/Plasma	23	15	1740	1675	0.1097445844590741	0.1533838069215539	0.0982620886179276	0.209958351501042	Author labels,predeclared coarse mapping	mean_donor(mean_cell(log1p(10000*counts/all_gene_library)))	0.0	0.31928849367763174
PDAC	GSE242230	06_EXTERNAL	20260922T131800Z_author_identity_v4	PDAC_author_cell_identity_v4	sc_expression_source	NA	NA	DGKA	author_source_label	3	25	equal_donor_mean_cellwise_log1p10k	0.1549964424663471	NA	NA	NA	NA	SC_SOURCE_DESCRIPTIVE	NA	DONE	Donor-equal descriptive expression	GSE242230	UniProtKB:P23743	primary_tumor	Endothelial	18	3	274	186	0.1325084798026518	0.1406721820241544	0.1185744286358392	0.1842563260757587	Author labels,predeclared coarse mapping	mean_donor(mean_cell(log1p(10000*counts/all_gene_library)))	0.0	0.31583817706437467
PDAC	GSE242230	06_EXTERNAL	20260922T131800Z_author_identity_v4	PDAC_author_cell_identity_v4	sc_expression_source	NA	NA	DGKA	author_source_label	3	25	equal_donor_mean_cellwise_log1p10k	0.0008278964302132	NA	NA	NA	NA	SC_SOURCE_DESCRIPTIVE	NA	DONE	Donor-equal descriptive expression	GSE242230	UniProtKB:P23743	primary_tumor	Erythrocyte	12	3	1199	1158	0.0002989536621823	0.0	0.0	0.0012418446453198	Author labels,predeclared coarse mapping	mean_donor(mean_cell(log1p(10000*counts/all_gene_library)))	0.0	0.0016870148447014409
PDAC	GSE242230	06_EXTERNAL	20260922T131800Z_author_identity_v4	PDAC_author_cell_identity_v4	sc_expression_source	NA	NA	DGKA	author_source_label	7	25	equal_donor_mean_cellwise_log1p10k	0.0517555634290622	NA	NA	NA	NA	SC_SOURCE_DESCRIPTIVE	NA	DONE	Donor-equal descriptive expression	GSE242230	UniProtKB:P23743	primary_tumor	Fibroblast/CAF	20	7	911	810	0.0898549593060982	0.0452037585526482	0.0371445793586366	0.0584379069419764	Author labels,predeclared coarse mapping	mean_donor(mean_cell(log1p(10000*counts/all_gene_library)))	0.0	0.10546295480248687
PDAC	GSE242230	06_EXTERNAL	20260922T131800Z_author_identity_v4	PDAC_author_cell_identity_v4	sc_expression_source	NA	NA	DGKA	author_source_label	23	25	equal_donor_mean_cellwise_log1p10k	0.1597027658127575	NA	NA	NA	NA	SC_SOURCE_DESCRIPTIVE	NA	DONE	Donor-equal descriptive expression	GSE242230	UniProtKB:P23743	primary_tumor	Malignant (author)	25	23	10783	10759	0.2258538450769602	0.1406810150547268	0.1009829277076016	0.2132550512669553	Author labels,predeclared coarse mapping	mean_donor(mean_cell(log1p(10000*counts/all_gene_library)))	0.0	0.3254283106361726
PDAC	GSE242230	06_EXTERNAL	20260922T131800Z_author_identity_v4	PDAC_author_cell_identity_v4	sc_expression_source	NA	NA	DGKA	author_source_label	1	25	equal_donor_mean_cellwise_log1p10k	NA	NA	NA	NA	NA	SC_SOURCE_DESCRIPTIVE	NA	NOT_EVALUABLE	GENE_MISSING_OR_LT3_ELIGIBLE_LABELS	GSE242230	UniProtKB:P23743	primary_tumor	Mast	11	1	91	23	NA	NA	NA	NA	Author labels,predeclared coarse mapping	mean_donor(mean_cell(log1p(10000*counts/all_gene_library)))	NA	NA
PDAC	GSE242230	06_EXTERNAL	20260922T131800Z_author_identity_v4	PDAC_author_cell_identity_v4	sc_expression_source	NA	NA	DGKA	author_source_label	20	25	equal_donor_mean_cellwise_log1p10k	0.091501267747014	NA	NA	NA	NA	SC_SOURCE_DESCRIPTIVE	NA	DONE	Donor-equal descriptive expression	GSE242230	UniProtKB:P23743	primary_tumor	Myeloid	25	20	6246	6224	0.0964919863360835	0.0936868987602469	0.0744814822806269	0.1132934605186043	Author labels,predeclared coarse mapping	mean_donor(mean_cell(log1p(10000*counts/all_gene_library)))	0.0	0.18645327043922866
PDAC	GSE242230	06_EXTERNAL	20260922T131800Z_author_identity_v4	PDAC_author_cell_identity_v4	sc_expression_source	NA	NA	DGKA	author_source_label	6	25	equal_donor_mean_cellwise_log1p10k	0.0659633332665438	NA	NA	NA	NA	SC_SOURCE_DESCRIPTIVE	NA	DONE	Donor-equal descriptive expression	GSE242230	UniProtKB:P23743	primary_tumor	Normal epithelial (author)	21	6	350	291	0.1314333218006381	0.0570660018792916	0.0524551297802409	0.0819477530759369	Author labels,predeclared coarse mapping	mean_donor(mean_cell(log1p(10000*counts/all_gene_library)))	0.0	0.1344143039703537
PDAC	GSE242230	06_EXTERNAL	20260922T131800Z_author_identity_v4	PDAC_author_cell_identity_v4	sc_expression_source	NA	NA	DGKA	author_source_label	2	25	equal_donor_mean_cellwise_log1p10k	NA	NA	NA	NA	NA	SC_SOURCE_DESCRIPTIVE	NA	NOT_EVALUABLE	GENE_MISSING_OR_LT3_ELIGIBLE_LABELS	GSE242230	UniProtKB:P23743	primary_tumor	Platelet	13	2	122	64	NA	NA	NA	NA	Author labels,predeclared coarse mapping	mean_donor(mean_cell(log1p(10000*counts/all_gene_library)))	NA	NA
PDAC	GSE242230	06_EXTERNAL	20260922T131800Z_author_identity_v4	PDAC_author_cell_identity_v4	sc_expression_source	NA	NA	DGKA	author_source_label	21	25	equal_donor_mean_cellwise_log1p10k	0.4907463812861213	NA	NA	NA	NA	SC_SOURCE_DESCRIPTIVE	NA	DONE	Donor-equal descriptive expression	GSE242230	UniProtKB:P23743	primary_tumor	T/NK	25	21	9408	9383	0.3127797901808498	0.4788257946372287	0.3815518258656886	0.5751842844239686	Author labels,predeclared coarse mapping	mean_donor(mean_cell(log1p(10000*counts/all_gene_library)))	1.0	1.0
PDAC	GSE242230	06_EXTERNAL	20260922T131800Z_author_identity_v4	PDAC_author_cell_identity_v4	sc_expression_source	NA	NA	DGKB	author_source_label	1	25	equal_donor_mean_cellwise_log1p10k	NA	NA	NA	NA	NA	SC_SOURCE_DESCRIPTIVE	NA	NOT_EVALUABLE	GENE_MISSING_OR_LT3_ELIGIBLE_LABELS	GSE242230	UniProtKB:Q9Y6T7	primary_tumor	Acinar	17	1	91	20	NA	NA	NA	NA	Author labels,predeclared coarse mapping	mean_donor(mean_cell(log1p(10000*counts/all_gene_library)))	NA	NA
PDAC	GSE242230	06_EXTERNAL	20260922T131800Z_author_identity_v4	PDAC_author_cell_identity_v4	sc_expression_source	NA	NA	DGKB	author_source_label	15	25	equal_donor_mean_cellwise_log1p10k	0.0	NA	NA	NA	NA	SC_SOURCE_DESCRIPTIVE	NA	DONE	Donor-equal descriptive expression	GSE242230	UniProtKB:Q9Y6T7	primary_tumor	B/Plasma	23	15	1740	1675	0.0	0.0	0.0	0.0	Author labels,predeclared coarse mapping	mean_donor(mean_cell(log1p(10000*counts/all_gene_library)))	NA	0.0
PDAC	GSE242230	06_EXTERNAL	20260922T131800Z_author_identity_v4	PDAC_author_cell_identity_v4	sc_expression_source	NA	NA	DGKB	author_source_label	3	25	equal_donor_mean_cellwise_log1p10k	0.0020374985719568	NA	NA	NA	NA	SC_SOURCE_DESCRIPTIVE	NA	DONE	Donor-equal descriptive expression	GSE242230	UniProtKB:Q9Y6T7	primary_tumor	Endothelial	18	3	274	186	0.0057971014492753	0.0	0.0	0.0030562478579352	Author labels,predeclared coarse mapping	mean_donor(mean_cell(log1p(10000*counts/all_gene_library)))	NA	0.1510641855765185
PDAC	GSE242230	06_EXTERNAL	20260922T131800Z_author_identity_v4	PDAC_author_cell_identity_v4	sc_expression_source	NA	NA	DGKB	author_source_label	3	25	equal_donor_mean_cellwise_log1p10k	0.0	NA	NA	NA	NA	SC_SOURCE_DESCRIPTIVE	NA	DONE	Donor-equal descriptive expression	GSE242230	UniProtKB:Q9Y6T7	primary_tumor	Erythrocyte	12	3	1199	1158	0.0	0.0	0.0	0.0	Author labels,predeclared coarse mapping	mean_donor(mean_cell(log1p(10000*counts/all_gene_library)))	NA	0.0
PDAC	GSE242230	06_EXTERNAL	20260922T131800Z_author_identity_v4	PDAC_author_cell_identity_v4	sc_expression_source	NA	NA	DGKB	author_source_label	7	25	equal_donor_mean_cellwise_log1p10k	0.0134876348366817	NA	NA	NA	NA	SC_SOURCE_DESCRIPTIVE	NA	DONE	Donor-equal descriptive expression	GSE242230	UniProtKB:Q9Y6T7	primary_tumor	Fibroblast/CAF	20	7	911	810	0.0092074662377266	0.0	0.0	0.017369251521679	Author labels,predeclared coarse mapping	mean_donor(mean_cell(log1p(10000*counts/all_gene_library)))	NA	1.0
PDAC	GSE242230	06_EXTERNAL	20260922T131800Z_author_identity_v4	PDAC_author_cell_identity_v4	sc_expression_source	NA	NA	DGKB	author_source_label	23	25	equal_donor_mean_cellwise_log1p10k	0.0014148027258088	NA	NA	NA	NA	SC_SOURCE_DESCRIPTIVE	NA	DONE	Donor-equal descriptive expression	GSE242230	UniProtKB:Q9Y6T7	primary_tumor	Malignant (author)	25	23	10783	10759	0.0015500136685532	0.0	0.0	0.0	Author labels,predeclared coarse mapping	mean_donor(mean_cell(log1p(10000*counts/all_gene_library)))	NA	0.10489628040351642
PDAC	GSE242230	06_EXTERNAL	20260922T131800Z_author_identity_v4	PDAC_author_cell_identity_v4	sc_expression_source	NA	NA	DGKB	author_source_label	1	25	equal_donor_mean_cellwise_log1p10k	NA	NA	NA	NA	NA	SC_SOURCE_DESCRIPTIVE	NA	NOT_EVALUABLE	GENE_MISSING_OR_LT3_ELIGIBLE_LABELS	GSE242230	UniProtKB:Q9Y6T7	primary_tumor	Mast	11	1	91	23	NA	NA	NA	NA	Author labels,predeclared coarse mapping	mean_donor(mean_cell(log1p(10000*counts/all_gene_library)))	NA	NA
PDAC	GSE242230	06_EXTERNAL	20260922T131800Z_author_identity_v4	PDAC_author_cell_identity_v4	sc_expression_source	NA	NA	DGKB	author_source_label	20	25	equal_donor_mean_cellwise_log1p10k	0.0	NA	NA	NA	NA	SC_SOURCE_DESCRIPTIVE	NA	DONE	Donor-equal descriptive expression	GSE242230	UniProtKB:Q9Y6T7	primary_tumor	Myeloid	25	20	6246	6224	0.0	0.0	0.0	0.0	Author labels,predeclared coarse mapping	mean_donor(mean_cell(log1p(10000*counts/all_gene_library)))	NA	0.0
PDAC	GSE242230	06_EXTERNAL	20260922T131800Z_author_identity_v4	PDAC_author_cell_identity_v4	sc_expression_source	NA	NA	DGKB	author_source_label	6	25	equal_donor_mean_cellwise_log1p10k	0.0	NA	NA	NA	NA	SC_SOURCE_DESCRIPTIVE	NA	DONE	Donor-equal descriptive expression	GSE242230	UniProtKB:Q9Y6T7	primary_tumor	Normal epithelial (author)	21	6	350	291	0.0	0.0	0.0	0.0	Author labels,predeclared coarse mapping	mean_donor(mean_cell(log1p(10000*counts/all_gene_library)))	NA	0.0
PDAC	GSE242230	06_EXTERNAL	20260922T131800Z_author_identity_v4	PDAC_author_cell_identity_v4	sc_expression_source	NA	NA	DGKB	author_source_label	2	25	equal_donor_mean_cellwise_log1p10k	NA	NA	NA	NA	NA	SC_SOURCE_DESCRIPTIVE	NA	NOT_EVALUABLE	GENE_MISSING_OR_LT3_ELIGIBLE_LABELS	GSE242230	UniProtKB:Q9Y6T7	primary_tumor	Platelet	13	2	122	64	NA	NA	NA	NA	Author labels,predeclared coarse mapping	mean_donor(mean_cell(log1p(10000*counts/all_gene_library)))	NA	NA
PDAC	GSE242230	06_EXTERNAL	20260922T131800Z_author_identity_v4	PDAC_author_cell_identity_v4	sc_expression_source	NA	NA	DGKB	author_source_label	21	25	equal_donor_mean_cellwise_log1p10k	0.0	NA	NA	NA	NA	SC_SOURCE_DESCRIPTIVE	NA	DONE	Donor-equal descriptive expression	GSE242230	UniProtKB:Q9Y6T7	primary_tumor	T/NK	25	21	9408	9383	0.0	0.0	0.0	0.0	Author labels,predeclared coarse mapping	mean_donor(mean_cell(log1p(10000*counts/all_gene_library)))	NA	0.0
PDAC	GSE242230	06_EXTERNAL	20260922T131800Z_author_identity_v4	PDAC_author_cell_identity_v4	sc_expression_source	NA	NA	DGUOK	author_source_label	1	25	equal_donor_mean_cellwise_log1p10k	NA	NA	NA	NA	NA	SC_SOURCE_DESCRIPTIVE	NA	NOT_EVALUABLE	GENE_MISSING_OR_LT3_ELIGIBLE_LABELS	GSE242230	UniProtKB:Q16854	primary_tumor	Acinar	17	1	91	20	NA	NA	NA	NA	Author labels,predeclared coarse mapping	mean_donor(mean_cell(log1p(10000*counts/all_gene_library)))	NA	NA
PDAC	GSE242230	06_EXTERNAL	20260922T131800Z_author_identity_v4	PDAC_author_cell_identity_v4	sc_expression_source	NA	NA	DGUOK	author_source_label	15	25	equal_donor_mean_cellwise_log1p10k	0.2857387206943455	NA	NA	NA	NA	SC_SOURCE_DESCRIPTIVE	NA	DONE	Donor-equal descriptive expression	GSE242230	UniProtKB:Q16854	primary_tumor	B/Plasma	23	15	1740	1675	0.2154873166526905	0.2879776425231587	0.2254291920557637	0.3271821943948486	Author labels,predeclared coarse mapping	mean_donor(mean_cell(log1p(10000*counts/all_gene_library)))	0.0	0.6705604248062546
PDAC	GSE242230	06_EXTERNAL	20260922T131800Z_author_identity_v4	PDAC_author_cell_identity_v4	sc_expression_source	NA	NA	DGUOK	author_source_label	3	25	equal_donor_mean_cellwise_log1p10k	0.3730967887612348	NA	NA	NA	NA	SC_SOURCE_DESCRIPTIVE	NA	DONE	Donor-equal descriptive expression	GSE242230	UniProtKB:Q16854	primary_tumor	Endothelial	18	3	274	186	0.3286514544146366	0.3441881252214956	0.3267219273296112	0.4050173184229888	Author labels,predeclared coarse mapping	mean_donor(mean_cell(log1p(10000*counts/all_gene_library)))	0.079	0.8755689132982597
PDAC	GSE242230	06_EXTERNAL	20260922T131800Z_author_identity_v4	PDAC_author_cell_identity_v4	sc_expression_source	NA	NA	DGUOK	author_source_label	3	25	equal_donor_mean_cellwise_log1p10k	0.018029058023192	NA	NA	NA	NA	SC_SOURCE_DESCRIPTIVE	NA	DONE	Donor-equal descriptive expression	GSE242230	UniProtKB:Q16854	primary_tumor	Erythrocyte	12	3	1199	1158	0.0208520179372197	0.0123706551689696	0.0061853275844848	0.0270435870347881	Author labels,predeclared coarse mapping	mean_donor(mean_cell(log1p(10000*counts/all_gene_library)))	0.0	0.04230988637980376
PDAC	GSE242230	06_EXTERNAL	20260922T131800Z_author_identity_v4	PDAC_author_cell_identity_v4	sc_expression_source	NA	NA	DGUOK	author_source_label	7	25	equal_donor_mean_cellwise_log1p10k	0.370349376226711	NA	NA	NA	NA	SC_SOURCE_DESCRIPTIVE	NA	DONE	Donor-equal descriptive expression	GSE242230	UniProtKB:Q16854	primary_tumor	Fibroblast/CAF	20	7	911	810	0.4101376834484594	0.3725047128180779	0.3406175266176475	0.4277215937901515	Author labels,predeclared coarse mapping	mean_donor(mean_cell(log1p(10000*counts/all_gene_library)))	0.013	0.8691213932988997
PDAC	GSE242230	06_EXTERNAL	20260922T131800Z_author_identity_v4	PDAC_author_cell_identity_v4	sc_expression_source	NA	NA	DGUOK	author_source_label	23	25	equal_donor_mean_cellwise_log1p10k	0.426119272960232	NA	NA	NA	NA	SC_SOURCE_DESCRIPTIVE	NA	DONE	Donor-equal descriptive expression	GSE242230	UniProtKB:Q16854	primary_tumor	Malignant (author)	25	23	10783	10759	0.4346661371797843	0.4387177993208072	0.3524281386789716	0.5010082139725459	Author labels,predeclared coarse mapping	mean_donor(mean_cell(log1p(10000*counts/all_gene_library)))	0.486	1.0
PDAC	GSE242230	06_EXTERNAL	20260922T131800Z_author_identity_v4	PDAC_author_cell_identity_v4	sc_expression_source	NA	NA	DGUOK	author_source_label	1	25	equal_donor_mean_cellwise_log1p10k	NA	NA	NA	NA	NA	SC_SOURCE_DESCRIPTIVE	NA	NOT_EVALUABLE	GENE_MISSING_OR_LT3_ELIGIBLE_LABELS	GSE242230	UniProtKB:Q16854	primary_tumor	Mast	11	1	91	23	NA	NA	NA	NA	Author labels,predeclared coarse mapping	mean_donor(mean_cell(log1p(10000*counts/all_gene_library)))	NA	NA
PDAC	GSE242230	06_EXTERNAL	20260922T131800Z_author_identity_v4	PDAC_author_cell_identity_v4	sc_expression_source	NA	NA	DGUOK	author_source_label	20	25	equal_donor_mean_cellwise_log1p10k	0.3232641826039615	NA	NA	NA	NA	SC_SOURCE_DESCRIPTIVE	NA	DONE	Donor-equal descriptive expression	GSE242230	UniProtKB:Q16854	primary_tumor	Myeloid	25	20	6246	6224	0.3162947339941851	0.3199454703810898	0.2719409729720021	0.3635846039808695	Author labels,predeclared coarse mapping	mean_donor(mean_cell(log1p(10000*counts/all_gene_library)))	0.0	0.7586237072973943
PDAC	GSE242230	06_EXTERNAL	20260922T131800Z_author_identity_v4	PDAC_author_cell_identity_v4	sc_expression_source	NA	NA	DGUOK	author_source_label	6	25	equal_donor_mean_cellwise_log1p10k	0.4186053471643094	NA	NA	NA	NA	SC_SOURCE_DESCRIPTIVE	NA	DONE	Donor-equal descriptive expression	GSE242230	UniProtKB:Q16854	primary_tumor	Normal epithelial (author)	21	6	350	291	0.5420592054400151	0.3777864490624242	0.3002044895630439	0.5269672893891987	Author labels,predeclared coarse mapping	mean_donor(mean_cell(log1p(10000*counts/all_gene_library)))	0.385	0.9823666135921906
PDAC	GSE242230	06_EXTERNAL	20260922T131800Z_author_identity_v4	PDAC_author_cell_identity_v4	sc_expression_source	NA	NA	DGUOK	author_source_label	2	25	equal_donor_mean_cellwise_log1p10k	NA	NA	NA	NA	NA	SC_SOURCE_DESCRIPTIVE	NA	NOT_EVALUABLE	GENE_MISSING_OR_LT3_ELIGIBLE_LABELS	GSE242230	UniProtKB:Q16854	primary_tumor	Platelet	13	2	122	64	NA	NA	NA	NA	Author labels,predeclared coarse mapping	mean_donor(mean_cell(log1p(10000*counts/all_gene_library)))	NA	NA
PDAC	GSE242230	06_EXTERNAL	20260922T131800Z_author_identity_v4	PDAC_author_cell_identity_v4	sc_expression_source	NA	NA	DGUOK	author_source_label	21	25	equal_donor_mean_cellwise_log1p10k	0.3895433729658807	NA	NA	NA	NA	SC_SOURCE_DESCRIPTIVE	NA	DONE	Donor-equal descriptive expression	GSE242230	UniProtKB:Q16854	primary_tumor	T/NK	25	21	9408	9383	0.286086026790462	0.4050472268371221	0.3739437996423475	0.4253405231279316	Author labels,predeclared coarse mapping	mean_donor(mean_cell(log1p(10000*counts/all_gene_library)))	0.037	0.914165112175612
PDAC	GSE242230	06_EXTERNAL	20260922T131800Z_author_identity_v4	PDAC_author_cell_identity_v4	sc_expression_source	NA	NA	DHRS9	author_source_label	1	25	equal_donor_mean_cellwise_log1p10k	NA	NA	NA	NA	NA	SC_SOURCE_DESCRIPTIVE	NA	NOT_EVALUABLE	GENE_MISSING_OR_LT3_ELIGIBLE_LABELS	GSE242230	UniProtKB:Q9BPW9	primary_tumor	Acinar	17	1	91	20	NA	NA	NA	NA	Author labels,predeclared coarse mapping	mean_donor(mean_cell(log1p(10000*counts/all_gene_library)))	NA	NA
PDAC	GSE242230	06_EXTERNAL	20260922T131800Z_author_identity_v4	PDAC_author_cell_identity_v4	sc_expression_source	NA	NA	DHRS9	author_source_label	15	25	equal_donor_mean_cellwise_log1p10k	0.0179146004903138	NA	NA	NA	NA	SC_SOURCE_DESCRIPTIVE	NA	DONE	Donor-equal descriptive expression	GSE242230	UniProtKB:Q9BPW9	primary_tumor	B/Plasma	23	15	1740	1675	0.0116538470993379	0.0	0.0	0.0245122809822826	Author labels,predeclared coarse mapping	mean_donor(mean_cell(log1p(10000*counts/all_gene_library)))	0.0	0.0661430629912856
PDAC	GSE242230	06_EXTERNAL	20260922T131800Z_author_identity_v4	PDAC_author_cell_identity_v4	sc_expression_source	NA	NA	DHRS9	author_source_label	3	25	equal_donor_mean_cellwise_log1p10k	0.0046379000687752	NA	NA	NA	NA	SC_SOURCE_DESCRIPTIVE	NA	DONE	Donor-equal descriptive expression	GSE242230	UniProtKB:Q9BPW9	primary_tumor	Endothelial	18	3	274	186	0.0057971014492753	0.0	0.0	0.0069568501031629	Author labels,predeclared coarse mapping	mean_donor(mean_cell(log1p(10000*counts/all_gene_library)))	0.0	0.01712373751020291
PDAC	GSE242230	06_EXTERNAL	20260922T131800Z_author_identity_v4	PDAC_author_cell_identity_v4	sc_expression_source	NA	NA	DHRS9	author_source_label	3	25	equal_donor_mean_cellwise_log1p10k	0.0002287962487574	NA	NA	NA	NA	SC_SOURCE_DESCRIPTIVE	NA	DONE	Donor-equal descriptive expression	GSE242230	UniProtKB:Q9BPW9	primary_tumor	Erythrocyte	12	3	1199	1158	0.0002989536621823	0.0	0.0	0.0003431943731361	Author labels,predeclared coarse mapping	mean_donor(mean_cell(log1p(10000*counts/all_gene_library)))	0.0	0.0008447458653578646
PDAC	GSE242230	06_EXTERNAL	20260922T131800Z_author_identity_v4	PDAC_author_cell_identity_v4	sc_expression_source	NA	NA	DHRS9	author_source_label	7	25	equal_donor_mean_cellwise_log1p10k	0.0	NA	NA	NA	NA	SC_SOURCE_DESCRIPTIVE	NA	DONE	Donor-equal descriptive expression	GSE242230	UniProtKB:Q9BPW9	primary_tumor	Fibroblast/CAF	20	7	911	810	0.0	0.0	0.0	0.0	Author labels,predeclared coarse mapping	mean_donor(mean_cell(log1p(10000*counts/all_gene_library)))	0.0	0.0
PDAC	GSE242230	06_EXTERNAL	20260922T131800Z_author_identity_v4	PDAC_author_cell_identity_v4	sc_expression_source	NA	NA	DHRS9	author_source_label	23	25	equal_donor_mean_cellwise_log1p10k	0.2606899135786992	NA	NA	NA	NA	SC_SOURCE_DESCRIPTIVE	NA	DONE	Donor-equal descriptive expression	GSE242230	UniProtKB:Q9BPW9	primary_tumor	Malignant (author)	25	23	10783	10759	0.1921758273624275	0.2351998980564047	0.0539851292011979	0.4137083680726441	Author labels,predeclared coarse mapping	mean_donor(mean_cell(log1p(10000*counts/all_gene_library)))	0.531	0.9625014738314528
PDAC	GSE242230	06_EXTERNAL	20260922T131800Z_author_identity_v4	PDAC_author_cell_identity_v4	sc_expression_source	NA	NA	DHRS9	author_source_label	1	25	equal_donor_mean_cellwise_log1p10k	NA	NA	NA	NA	NA	SC_SOURCE_DESCRIPTIVE	NA	NOT_EVALUABLE	GENE_MISSING_OR_LT3_ELIGIBLE_LABELS	GSE242230	UniProtKB:Q9BPW9	primary_tumor	Mast	11	1	91	23	NA	NA	NA	NA	Author labels,predeclared coarse mapping	mean_donor(mean_cell(log1p(10000*counts/all_gene_library)))	NA	NA
PDAC	GSE242230	06_EXTERNAL	20260922T131800Z_author_identity_v4	PDAC_author_cell_identity_v4	sc_expression_source	NA	NA	DHRS9	author_source_label	20	25	equal_donor_mean_cellwise_log1p10k	0.0674651440906881	NA	NA	NA	NA	SC_SOURCE_DESCRIPTIVE	NA	DONE	Donor-equal descriptive expression	GSE242230	UniProtKB:Q9BPW9	primary_tumor	Myeloid	25	20	6246	6224	0.076150080490809	0.0612189351593136	0.0314379971869031	0.083111113945295	Author labels,predeclared coarse mapping	mean_donor(mean_cell(log1p(10000*counts/all_gene_library)))	0.0	0.24909019197605214
PDAC	GSE242230	06_EXTERNAL	20260922T131800Z_author_identity_v4	PDAC_author_cell_identity_v4	sc_expression_source	NA	NA	DHRS9	author_source_label	6	25	equal_donor_mean_cellwise_log1p10k	0.270846248724134	NA	NA	NA	NA	SC_SOURCE_DESCRIPTIVE	NA	DONE	Donor-equal descriptive expression	GSE242230	UniProtKB:Q9BPW9	primary_tumor	Normal epithelial (author)	21	6	350	291	0.1873203889508237	0.0846287273720011	0.0183949074341651	0.4551845578691423	Author labels,predeclared coarse mapping	mean_donor(mean_cell(log1p(10000*counts/all_gene_library)))	0.469	1.0
PDAC	GSE242230	06_EXTERNAL	20260922T131800Z_author_identity_v4	PDAC_author_cell_identity_v4	sc_expression_source	NA	NA	DHRS9	author_source_label	2	25	equal_donor_mean_cellwise_log1p10k	NA	NA	NA	NA	NA	SC_SOURCE_DESCRIPTIVE	NA	NOT_EVALUABLE	GENE_MISSING_OR_LT3_ELIGIBLE_LABELS	GSE242230	UniProtKB:Q9BPW9	primary_tumor	Platelet	13	2	122	64	NA	NA	NA	NA	Author labels,predeclared coarse mapping	mean_donor(mean_cell(log1p(10000*counts/all_gene_library)))	NA	NA
PDAC	GSE242230	06_EXTERNAL	20260922T131800Z_author_identity_v4	PDAC_author_cell_identity_v4	sc_expression_source	NA	NA	DHRS9	author_source_label	21	25	equal_donor_mean_cellwise_log1p10k	0.0013449618432368	NA	NA	NA	NA	SC_SOURCE_DESCRIPTIVE	NA	DONE	Donor-equal descriptive expression	GSE242230	UniProtKB:Q9BPW9	primary_tumor	T/NK	25	21	9408	9383	0.0010024214570899	0.0	0.0	0.0019740645965014	Author labels,predeclared coarse mapping	mean_donor(mean_cell(log1p(10000*counts/all_gene_library)))	0.0	0.00496577615371254
PDAC	GSE242230	06_EXTERNAL	20260922T131800Z_author_identity_v4	PDAC_author_cell_identity_v4	sc_expression_source	NA	NA	DHRSX	author_source_label	1	25	equal_donor_mean_cellwise_log1p10k	NA	NA	NA	NA	NA	SC_SOURCE_DESCRIPTIVE	NA	NOT_EVALUABLE	GENE_MISSING_OR_LT3_ELIGIBLE_LABELS	GSE242230	UniProtKB:Q8N5I4	primary_tumor	Acinar	17	1	91	20	NA	NA	NA	NA	Author labels,predeclared coarse mapping	mean_donor(mean_cell(log1p(10000*counts/all_gene_library)))	NA	NA
PDAC	GSE242230	06_EXTERNAL	20260922T131800Z_author_identity_v4	PDAC_author_cell_identity_v4	sc_expression_source	NA	NA	DHRSX	author_source_label	15	25	equal_donor_mean_cellwise_log1p10k	0.1248297822013826	NA	NA	NA	NA	SC_SOURCE_DESCRIPTIVE	NA	DONE	Donor-equal descriptive expression	GSE242230	UniProtKB:Q8N5I4	primary_tumor	B/Plasma	23	15	1740	1675	0.1004506885957376	0.1019441117401347	0.0803937342559066	0.1679394955215849	Author labels,predeclared coarse mapping	mean_donor(mean_cell(log1p(10000*counts/all_gene_library)))	0.0	0.44032225775178124
PDAC	GSE242230	06_EXTERNAL	20260922T131800Z_author_identity_v4	PDAC_author_cell_identity_v4	sc_expression_source	NA	NA	DHRSX	author_source_label	3	25	equal_donor_mean_cellwise_log1p10k	0.083940982568279	NA	NA	NA	NA	SC_SOURCE_DESCRIPTIVE	NA	DONE	Donor-equal descriptive expression	GSE242230	UniProtKB:Q8N5I4	primary_tumor	Endothelial	18	3	274	186	0.089942440127454	0.1004339690426815	0.0585511115329872	0.117577346840772	Author labels,predeclared coarse mapping	mean_donor(mean_cell(log1p(10000*counts/all_gene_library)))	0.0	0.29609186454190695
PDAC	GSE242230	06_EXTERNAL	20260922T131800Z_author_identity_v4	PDAC_author_cell_identity_v4	sc_expression_source	NA	NA	DHRSX	author_source_label	3	25	equal_donor_mean_cellwise_log1p10k	0.000409386474742	NA	NA	NA	NA	SC_SOURCE_DESCRIPTIVE	NA	DONE	Donor-equal descriptive expression	GSE242230	UniProtKB:Q8N5I4	primary_tumor	Erythrocyte	12	3	1199	1158	0.0002989536621823	0.0	0.0	0.000614079712113	Author labels,predeclared coarse mapping	mean_donor(mean_cell(log1p(10000*counts/all_gene_library)))	0.0	0.001444062255597234
PDAC	GSE242230	06_EXTERNAL	20260922T131800Z_author_identity_v4	PDAC_author_cell_identity_v4	sc_expression_source	NA	NA	DHRSX	author_source_label	7	25	equal_donor_mean_cellwise_log1p10k	0.1695771525179201	NA	NA	NA	NA	SC_SOURCE_DESCRIPTIVE	NA	DONE	Donor-equal descriptive expression	GSE242230	UniProtKB:Q8N5I4	primary_tumor	Fibroblast/CAF	20	7	911	810	0.2413151376687675	0.1789942985083535	0.1073203602209927	0.2215394819701527	Author labels,predeclared coarse mapping	mean_donor(mean_cell(log1p(10000*counts/all_gene_library)))	0.077	0.5981633016017688
PDAC	GSE242230	06_EXTERNAL	20260922T131800Z_author_identity_v4	PDAC_author_cell_identity_v4	sc_expression_source	NA	NA	DHRSX	author_source_label	23	25	equal_donor_mean_cellwise_log1p10k	0.1494759702251433	NA	NA	NA	NA	SC_SOURCE_DESCRIPTIVE	NA	DONE	Donor-equal descriptive expression	GSE242230	UniProtKB:Q8N5I4	primary_tumor	Malignant (author)	25	23	10783	10759	0.2331918058664274	0.1417949682607781	0.0734364908659377	0.1881542713598186	Author labels,predeclared coarse mapping	mean_donor(mean_cell(log1p(10000*counts/all_gene_library)))	0.006	0.5272587641224302
PDAC	GSE242230	06_EXTERNAL	20260922T131800Z_author_identity_v4	PDAC_author_cell_identity_v4	sc_expression_source	NA	NA	DHRSX	author_source_label	1	25	equal_donor_mean_cellwise_log1p10k	NA	NA	NA	NA	NA	SC_SOURCE_DESCRIPTIVE	NA	NOT_EVALUABLE	GENE_MISSING_OR_LT3_ELIGIBLE_LABELS	GSE242230	UniProtKB:Q8N5I4	primary_tumor	Mast	11	1	91	23	NA	NA	NA	NA	Author labels,predeclared coarse mapping	mean_donor(mean_cell(log1p(10000*counts/all_gene_library)))	NA	NA
PDAC	GSE242230	06_EXTERNAL	20260922T131800Z_author_identity_v4	PDAC_author_cell_identity_v4	sc_expression_source	NA	NA	DHRSX	author_source_label	20	25	equal_donor_mean_cellwise_log1p10k	0.1505880037415471	NA	NA	NA	NA	SC_SOURCE_DESCRIPTIVE	NA	DONE	Donor-equal descriptive expression	GSE242230	UniProtKB:Q8N5I4	primary_tumor	Myeloid	25	20	6246	6224	0.1702129614199719	0.1515102062462887	0.1285755124466357	0.1727160234995235	Author labels,predeclared coarse mapping	mean_donor(mean_cell(log1p(10000*counts/all_gene_library)))	0.004	0.531181330516471
PDAC	GSE242230	06_EXTERNAL	20260922T131800Z_author_identity_v4	PDAC_author_cell_identity_v4	sc_expression_source	NA	NA	DHRSX	author_source_label	6	25	equal_donor_mean_cellwise_log1p10k	0.2834964165535137	NA	NA	NA	NA	SC_SOURCE_DESCRIPTIVE	NA	DONE	Donor-equal descriptive expression	GSE242230	UniProtKB:Q8N5I4	primary_tumor	Normal epithelial (author)	21	6	350	291	0.4060918258819308	0.2390865046976472	0.1588928020053548	0.4109678365009974	Author labels,predeclared coarse mapping	mean_donor(mean_cell(log1p(10000*counts/all_gene_library)))	0.913	1.0
PDAC	GSE242230	06_EXTERNAL	20260922T131800Z_author_identity_v4	PDAC_author_cell_identity_v4	sc_expression_source	NA	NA	DHRSX	author_source_label	2	25	equal_donor_mean_cellwise_log1p10k	NA	NA	NA	NA	NA	SC_SOURCE_DESCRIPTIVE	NA	NOT_EVALUABLE	GENE_MISSING_OR_LT3_ELIGIBLE_LABELS	GSE242230	UniProtKB:Q8N5I4	primary_tumor	Platelet	13	2	122	64	NA	NA	NA	NA	Author labels,predeclared coarse mapping	mean_donor(mean_cell(log1p(10000*counts/all_gene_library)))	NA	NA
PDAC	GSE242230	06_EXTERNAL	20260922T131800Z_author_identity_v4	PDAC_author_cell_identity_v4	sc_expression_source	NA	NA	DHRSX	author_source_label	21	25	equal_donor_mean_cellwise_log1p10k	0.0867780990707943	NA	NA	NA	NA	SC_SOURCE_DESCRIPTIVE	NA	DONE	Donor-equal descriptive expression	GSE242230	UniProtKB:Q8N5I4	primary_tumor	T/NK	25	21	9408	9383	0.0683596536579464	0.0903708031450867	0.0720418355316471	0.1061563303407978	Author labels,predeclared coarse mapping	mean_donor(mean_cell(log1p(10000*counts/all_gene_library)))	0.0	0.30609945665543814
PDAC	GSE242230	06_EXTERNAL	20260922T131800Z_author_identity_v4	PDAC_author_cell_identity_v4	sc_expression_source	NA	NA	DIMT1	author_source_label	1	25	equal_donor_mean_cellwise_log1p10k	NA	NA	NA	NA	NA	SC_SOURCE_DESCRIPTIVE	NA	NOT_EVALUABLE	GENE_MISSING_OR_LT3_ELIGIBLE_LABELS	GSE242230	UniProtKB:Q9UNQ2	primary_tumor	Acinar	17	1	91	20	NA	NA	NA	NA	Author labels,predeclared coarse mapping	mean_donor(mean_cell(log1p(10000*counts/all_gene_library)))	NA	NA
PDAC	GSE242230	06_EXTERNAL	20260922T131800Z_author_identity_v4	PDAC_author_cell_identity_v4	sc_expression_source	NA	NA	DIMT1	author_source_label	15	25	equal_donor_mean_cellwise_log1p10k	0.109214359631702	NA	NA	NA	NA	SC_SOURCE_DESCRIPTIVE	NA	DONE	Donor-equal descriptive expression	GSE242230	UniProtKB:Q9UNQ2	primary_tumor	B/Plasma	23	15	1740	1675	0.0891052998843706	0.0879374106133051	0.061783095699422	0.1440413375623748	Author labels,predeclared coarse mapping	mean_donor(mean_cell(log1p(10000*counts/all_gene_library)))	0.061	0.6895534875458678
PDAC	GSE242230	06_EXTERNAL	20260922T131800Z_author_identity_v4	PDAC_author_cell_identity_v4	sc_expression_source	NA	NA	DIMT1	author_source_label	3	25	equal_donor_mean_cellwise_log1p10k	0.1583841741130158	NA	NA	NA	NA	SC_SOURCE_DESCRIPTIVE	NA	DONE	Donor-equal descriptive expression	GSE242230	UniProtKB:Q9UNQ2	primary_tumor	Endothelial	18	3	274	186	0.1670829478877582	0.1893876185094095	0.1109925850135925	0.221277485410636	Author labels,predeclared coarse mapping	mean_donor(mean_cell(log1p(10000*counts/all_gene_library)))	0.383	1.0
PDAC	GSE242230	06_EXTERNAL	20260922T131800Z_author_identity_v4	PDAC_author_cell_identity_v4	sc_expression_source	NA	NA	DIMT1	author_source_label	3	25	equal_donor_mean_cellwise_log1p10k	0.0	NA	NA	NA	NA	SC_SOURCE_DESCRIPTIVE	NA	DONE	Donor-equal descriptive expression	GSE242230	UniProtKB:Q9UNQ2	primary_tumor	Erythrocyte	12	3	1199	1158	0.0	0.0	0.0	0.0	Author labels,predeclared coarse mapping	mean_donor(mean_cell(log1p(10000*counts/all_gene_library)))	0.0	0.0
PDAC	GSE242230	06_EXTERNAL	20260922T131800Z_author_identity_v4	PDAC_author_cell_identity_v4	sc_expression_source	NA	NA	DIMT1	author_source_label	7	25	equal_donor_mean_cellwise_log1p10k	0.0991187581529164	NA	NA	NA	NA	SC_SOURCE_DESCRIPTIVE	NA	DONE	Donor-equal descriptive expression	GSE242230	UniProtKB:Q9UNQ2	primary_tumor	Fibroblast/CAF	20	7	911	810	0.1491682016356667	0.1025823421075395	0.0858202099723132	0.1097088595887896	Author labels,predeclared coarse mapping	mean_donor(mean_cell(log1p(10000*counts/all_gene_library)))	0.002	0.6258122612817978
PDAC	GSE242230	06_EXTERNAL	20260922T131800Z_author_identity_v4	PDAC_author_cell_identity_v4	sc_expression_source	NA	NA	DIMT1	author_source_label	23	25	equal_donor_mean_cellwise_log1p10k	0.0661909785164722	NA	NA	NA	NA	SC_SOURCE_DESCRIPTIVE	NA	DONE	Donor-equal descriptive expression	GSE242230	UniProtKB:Q9UNQ2	primary_tumor	Malignant (author)	25	23	10783	10759	0.1060524424623268	0.0561390194109457	0.0426743887023491	0.0838133939971584	Author labels,predeclared coarse mapping	mean_donor(mean_cell(log1p(10000*counts/all_gene_library)))	0.0	0.4179140932934455
PDAC	GSE242230	06_EXTERNAL	20260922T131800Z_author_identity_v4	PDAC_author_cell_identity_v4	sc_expression_source	NA	NA	DIMT1	author_source_label	1	25	equal_donor_mean_cellwise_log1p10k	NA	NA	NA	NA	NA	SC_SOURCE_DESCRIPTIVE	NA	NOT_EVALUABLE	GENE_MISSING_OR_LT3_ELIGIBLE_LABELS	GSE242230	UniProtKB:Q9UNQ2	primary_tumor	Mast	11	1	91	23	NA	NA	NA	NA	Author labels,predeclared coarse mapping	mean_donor(mean_cell(log1p(10000*counts/all_gene_library)))	NA	NA
PDAC	GSE242230	06_EXTERNAL	20260922T131800Z_author_identity_v4	PDAC_author_cell_identity_v4	sc_expression_source	NA	NA	DIMT1	author_source_label	20	25	equal_donor_mean_cellwise_log1p10k	0.0591211900361574	NA	NA	NA	NA	SC_SOURCE_DESCRIPTIVE	NA	DONE	Donor-equal descriptive expression	GSE242230	UniProtKB:Q9UNQ2	primary_tumor	Myeloid	25	20	6246	6224	0.0800009798770812	0.0537921147450156	0.0425984839463676	0.0764145216530957	Author labels,predeclared coarse mapping	mean_donor(mean_cell(log1p(10000*counts/all_gene_library)))	0.0	0.37327713054191375
PDAC	GSE242230	06_EXTERNAL	20260922T131800Z_author_identity_v4	PDAC_author_cell_identity_v4	sc_expression_source	NA	NA	DIMT1	author_source_label	6	25	equal_donor_mean_cellwise_log1p10k	0.1350270503064918	NA	NA	NA	NA	SC_SOURCE_DESCRIPTIVE	NA	DONE	Donor-equal descriptive expression	GSE242230	UniProtKB:Q9UNQ2	primary_tumor	Normal epithelial (author)	21	6	350	291	0.2496401905884664	0.1298396767940785	0.1004561152534443	0.1587560648601041	Author labels,predeclared coarse mapping	mean_donor(mean_cell(log1p(10000*counts/all_gene_library)))	0.392	0.8525286763192804
PDAC	GSE242230	06_EXTERNAL	20260922T131800Z_author_identity_v4	PDAC_author_cell_identity_v4	sc_expression_source	NA	NA	DIMT1	author_source_label	2	25	equal_donor_mean_cellwise_log1p10k	NA	NA	NA	NA	NA	SC_SOURCE_DESCRIPTIVE	NA	NOT_EVALUABLE	GENE_MISSING_OR_LT3_ELIGIBLE_LABELS	GSE242230	UniProtKB:Q9UNQ2	primary_tumor	Platelet	13	2	122	64	NA	NA	NA	NA	Author labels,predeclared coarse mapping	mean_donor(mean_cell(log1p(10000*counts/all_gene_library)))	NA	NA
PDAC	GSE242230	06_EXTERNAL	20260922T131800Z_author_identity_v4	PDAC_author_cell_identity_v4	sc_expression_source	NA	NA	DIMT1	author_source_label	21	25	equal_donor_mean_cellwise_log1p10k	0.1236890105731497	NA	NA	NA	NA	SC_SOURCE_DESCRIPTIVE	NA	DONE	Donor-equal descriptive expression	GSE242230	UniProtKB:Q9UNQ2	primary_tumor	T/NK	25	21	9408	9383	0.0986618874513811	0.132519497524274	0.0909467488004538	0.1463362280754803	Author labels,predeclared coarse mapping	mean_donor(mean_cell(log1p(10000*counts/all_gene_library)))	0.162	0.7809429904586982
PDAC	GSE242230	06_EXTERNAL	20260922T131800Z_author_identity_v4	PDAC_author_cell_identity_v4	sc_expression_source	NA	NA	DLD	author_source_label	1	25	equal_donor_mean_cellwise_log1p10k	NA	NA	NA	NA	NA	SC_SOURCE_DESCRIPTIVE	NA	NOT_EVALUABLE	GENE_MISSING_OR_LT3_ELIGIBLE_LABELS	GSE242230	UniProtKB:P09622	primary_tumor	Acinar	17	1	91	20	NA	NA	NA	NA	Author labels,predeclared coarse mapping	mean_donor(mean_cell(log1p(10000*counts/all_gene_library)))	NA	NA
PDAC	GSE242230	06_EXTERNAL	20260922T131800Z_author_identity_v4	PDAC_author_cell_identity_v4	sc_expression_source	NA	NA	DLD	author_source_label	15	25	equal_donor_mean_cellwise_log1p10k	0.0881837484516198	NA	NA	NA	NA	SC_SOURCE_DESCRIPTIVE	NA	DONE	Donor-equal descriptive expression	GSE242230	UniProtKB:P09622	primary_tumor	B/Plasma	23	15	1740	1675	0.07203015891926	0.0742269257541437	0.0615829451430013	0.1068168964762784	Author labels,predeclared coarse mapping	mean_donor(mean_cell(log1p(10000*counts/all_gene_library)))	0.0	0.40585855377019786
PDAC	GSE242230	06_EXTERNAL	20260922T131800Z_author_identity_v4	PDAC_author_cell_identity_v4	sc_expression_source	NA	NA	DLD	author_source_label	3	25	equal_donor_mean_cellwise_log1p10k	0.1566923923517929	NA	NA	NA	NA	SC_SOURCE_DESCRIPTIVE	NA	DONE	Donor-equal descriptive expression	GSE242230	UniProtKB:P09622	primary_tumor	Endothelial	18	3	274	186	0.1505910165484633	0.1565654006274495	0.1499387184670266	0.1633825703743874	Author labels,predeclared coarse mapping	mean_donor(mean_cell(log1p(10000*counts/all_gene_library)))	0.002	0.7211640337741044
PDAC	GSE242230	06_EXTERNAL	20260922T131800Z_author_identity_v4	PDAC_author_cell_identity_v4	sc_expression_source	NA	NA	DLD	author_source_label	3	25	equal_donor_mean_cellwise_log1p10k	0.000910315119541	NA	NA	NA	NA	SC_SOURCE_DESCRIPTIVE	NA	DONE	Donor-equal descriptive expression	GSE242230	UniProtKB:P09622	primary_tumor	Erythrocyte	12	3	1199	1158	0.000896860986547	0.0	0.0	0.0013654726793115	Author labels,predeclared coarse mapping	mean_donor(mean_cell(log1p(10000*counts/all_gene_library)))	0.0	0.004189651544408449
PDAC	GSE242230	06_EXTERNAL	20260922T131800Z_author_identity_v4	PDAC_author_cell_identity_v4	sc_expression_source	NA	NA	DLD	author_source_label	7	25	equal_donor_mean_cellwise_log1p10k	0.1685473447852299	NA	NA	NA	NA	SC_SOURCE_DESCRIPTIVE	NA	DONE	Donor-equal descriptive expression	GSE242230	UniProtKB:P09622	primary_tumor	Fibroblast/CAF	20	7	911	810	0.2319420641457401	0.1488569524420945	0.1401116637629607	0.2001875934472833	Author labels,predeclared coarse mapping	mean_donor(mean_cell(log1p(10000*counts/all_gene_library)))	0.132	0.7757254913457218
PDAC	GSE242230	06_EXTERNAL	20260922T131800Z_author_identity_v4	PDAC_author_cell_identity_v4	sc_expression_source	NA	NA	DLD	author_source_label	23	25	equal_donor_mean_cellwise_log1p10k	0.1499654778882506	NA	NA	NA	NA	SC_SOURCE_DESCRIPTIVE	NA	DONE	Donor-equal descriptive expression	GSE242230	UniProtKB:P09622	primary_tumor	Malignant (author)	25	23	10783	10759	0.2319014878897424	0.1447560398537265	0.0993390468619311	0.1753386137943946	Author labels,predeclared coarse mapping	mean_donor(mean_cell(log1p(10000*counts/all_gene_library)))	0.03	0.6902039552625071
PDAC	GSE242230	06_EXTERNAL	20260922T131800Z_author_identity_v4	PDAC_author_cell_identity_v4	sc_expression_source	NA	NA	DLD	author_source_label	1	25	equal_donor_mean_cellwise_log1p10k	NA	NA	NA	NA	NA	SC_SOURCE_DESCRIPTIVE	NA	NOT_EVALUABLE	GENE_MISSING_OR_LT3_ELIGIBLE_LABELS	GSE242230	UniProtKB:P09622	primary_tumor	Mast	11	1	91	23	NA	NA	NA	NA	Author labels,predeclared coarse mapping	mean_donor(mean_cell(log1p(10000*counts/all_gene_library)))	NA	NA
PDAC	GSE242230	06_EXTERNAL	20260922T131800Z_author_identity_v4	PDAC_author_cell_identity_v4	sc_expression_source	NA	NA	DLD	author_source_label	20	25	equal_donor_mean_cellwise_log1p10k	0.1319827003431441	NA	NA	NA	NA	SC_SOURCE_DESCRIPTIVE	NA	DONE	Donor-equal descriptive expression	GSE242230	UniProtKB:P09622	primary_tumor	Myeloid	25	20	6246	6224	0.153074355748952	0.1311026339920374	0.1076611492462652	0.1499892306744952	Author labels,predeclared coarse mapping	mean_donor(mean_cell(log1p(10000*counts/all_gene_library)))	0.001	0.6074396793570407
PDAC	GSE242230	06_EXTERNAL	20260922T131800Z_author_identity_v4	PDAC_author_cell_identity_v4	sc_expression_source	NA	NA	DLD	author_source_label	6	25	equal_donor_mean_cellwise_log1p10k	0.2172770479578226	NA	NA	NA	NA	SC_SOURCE_DESCRIPTIVE	NA	DONE	Donor-equal descriptive expression	GSE242230	UniProtKB:P09622	primary_tumor	Normal epithelial (author)	21	6	350	291	0.3565744905325115	0.2340503455587881	0.1476745237505181	0.2849814356958985	Author labels,predeclared coarse mapping	mean_donor(mean_cell(log1p(10000*counts/all_gene_library)))	0.835	1.0
PDAC	GSE242230	06_EXTERNAL	20260922T131800Z_author_identity_v4	PDAC_author_cell_identity_v4	sc_expression_source	NA	NA	DLD	author_source_label	2	25	equal_donor_mean_cellwise_log1p10k	NA	NA	NA	NA	NA	SC_SOURCE_DESCRIPTIVE	NA	NOT_EVALUABLE	GENE_MISSING_OR_LT3_ELIGIBLE_LABELS	GSE242230	UniProtKB:P09622	primary_tumor	Platelet	13	2	122	64	NA	NA	NA	NA	Author labels,predeclared coarse mapping	mean_donor(mean_cell(log1p(10000*counts/all_gene_library)))	NA	NA
PDAC	GSE242230	06_EXTERNAL	20260922T131800Z_author_identity_v4	PDAC_author_cell_identity_v4	sc_expression_source	NA	NA	DLD	author_source_label	21	25	equal_donor_mean_cellwise_log1p10k	0.1190608599947872	NA	NA	NA	NA	SC_SOURCE_DESCRIPTIVE	NA	DONE	Donor-equal descriptive expression	GSE242230	UniProtKB:P09622	primary_tumor	T/NK	25	21	9408	9383	0.0960213939516803	0.1099943330000459	0.0790391669398046	0.1513891687924646	Author labels,predeclared coarse mapping	mean_donor(mean_cell(log1p(10000*counts/all_gene_library)))	0.0	0.5479679566426136
PDAC	GSE242230	06_EXTERNAL	20260922T131800Z_author_identity_v4	PDAC_author_cell_identity_v4	sc_expression_source	NA	NA	DNMT1	author_source_label	1	25	equal_donor_mean_cellwise_log1p10k	NA	NA	NA	NA	NA	SC_SOURCE_DESCRIPTIVE	NA	NOT_EVALUABLE	GENE_MISSING_OR_LT3_ELIGIBLE_LABELS	GSE242230	UniProtKB:P26358	primary_tumor	Acinar	17	1	91	20	NA	NA	NA	NA	Author labels,predeclared coarse mapping	mean_donor(mean_cell(log1p(10000*counts/all_gene_library)))	NA	NA
PDAC	GSE242230	06_EXTERNAL	20260922T131800Z_author_identity_v4	PDAC_author_cell_identity_v4	sc_expression_source	NA	NA	DNMT1	author_source_label	15	25	equal_donor_mean_cellwise_log1p10k	0.1028763947856827	NA	NA	NA	NA	SC_SOURCE_DESCRIPTIVE	NA	DONE	Donor-equal descriptive expression	GSE242230	UniProtKB:P26358	primary_tumor	B/Plasma	23	15	1740	1675	0.0785601740312115	0.0884623681459247	0.065121205927202	0.1529806522821976	Author labels,predeclared coarse mapping	mean_donor(mean_cell(log1p(10000*counts/all_gene_library)))	0.0	0.2952950096761232
PDAC	GSE242230	06_EXTERNAL	20260922T131800Z_author_identity_v4	PDAC_author_cell_identity_v4	sc_expression_source	NA	NA	DNMT1	author_source_label	3	25	equal_donor_mean_cellwise_log1p10k	0.3436755481731368	NA	NA	NA	NA	SC_SOURCE_DESCRIPTIVE	NA	DONE	Donor-equal descriptive expression	GSE242230	UniProtKB:P26358	primary_tumor	Endothelial	18	3	274	186	0.2803011614759996	0.3997491759979166	0.2935931592086702	0.4217947510499933	Author labels,predeclared coarse mapping	mean_donor(mean_cell(log1p(10000*counts/all_gene_library)))	0.293	0.9864816368677525
PDAC	GSE242230	06_EXTERNAL	20260922T131800Z_author_identity_v4	PDAC_author_cell_identity_v4	sc_expression_source	NA	NA	DNMT1	author_source_label	3	25	equal_donor_mean_cellwise_log1p10k	0.0004608354834248	NA	NA	NA	NA	SC_SOURCE_DESCRIPTIVE	NA	DONE	Donor-equal descriptive expression	GSE242230	UniProtKB:P26358	primary_tumor	Erythrocyte	12	3	1199	1158	0.0005979073243647	0.0	0.0	0.0006912532251372	Author labels,predeclared coarse mapping	mean_donor(mean_cell(log1p(10000*counts/all_gene_library)))	0.0	0.001322775927563568
PDAC	GSE242230	06_EXTERNAL	20260922T131800Z_author_identity_v4	PDAC_author_cell_identity_v4	sc_expression_source	NA	NA	DNMT1	author_source_label	7	25	equal_donor_mean_cellwise_log1p10k	0.1395476892149491	NA	NA	NA	NA	SC_SOURCE_DESCRIPTIVE	NA	DONE	Donor-equal descriptive expression	GSE242230	UniProtKB:P26358	primary_tumor	Fibroblast/CAF	20	7	911	810	0.1920202896731326	0.1456526297178188	0.1135505664037885	0.1777482459523743	Author labels,predeclared coarse mapping	mean_donor(mean_cell(log1p(10000*counts/all_gene_library)))	0.0	0.40055579633068467
PDAC	GSE242230	06_EXTERNAL	20260922T131800Z_author_identity_v4	PDAC_author_cell_identity_v4	sc_expression_source	NA	NA	DNMT1	author_source_label	23	25	equal_donor_mean_cellwise_log1p10k	0.14891392989541	NA	NA	NA	NA	SC_SOURCE_DESCRIPTIVE	NA	DONE	Donor-equal descriptive expression	GSE242230	UniProtKB:P26358	primary_tumor	Malignant (author)	25	23	10783	10759	0.2105766018876216	0.1268854631985765	0.0890007601332973	0.2042213103397608	Author labels,predeclared coarse mapping	mean_donor(mean_cell(log1p(10000*counts/all_gene_library)))	0.0	0.4274405266726399
PDAC	GSE242230	06_EXTERNAL	20260922T131800Z_author_identity_v4	PDAC_author_cell_identity_v4	sc_expression_source	NA	NA	DNMT1	author_source_label	1	25	equal_donor_mean_cellwise_log1p10k	NA	NA	NA	NA	NA	SC_SOURCE_DESCRIPTIVE	NA	NOT_EVALUABLE	GENE_MISSING_OR_LT3_ELIGIBLE_LABELS	GSE242230	UniProtKB:P26358	primary_tumor	Mast	11	1	91	23	NA	NA	NA	NA	Author labels,predeclared coarse mapping	mean_donor(mean_cell(log1p(10000*counts/all_gene_library)))	NA	NA
PDAC	GSE242230	06_EXTERNAL	20260922T131800Z_author_identity_v4	PDAC_author_cell_identity_v4	sc_expression_source	NA	NA	DNMT1	author_source_label	20	25	equal_donor_mean_cellwise_log1p10k	0.2859047845432124	NA	NA	NA	NA	SC_SOURCE_DESCRIPTIVE	NA	DONE	Donor-equal descriptive expression	GSE242230	UniProtKB:P26358	primary_tumor	Myeloid	25	20	6246	6224	0.2661834473339811	0.2766339106371037	0.2210852478745132	0.3493197915188419	Author labels,predeclared coarse mapping	mean_donor(mean_cell(log1p(10000*counts/all_gene_library)))	0.001	0.8206572197054424
PDAC	GSE242230	06_EXTERNAL	20260922T131800Z_author_identity_v4	PDAC_author_cell_identity_v4	sc_expression_source	NA	NA	DNMT1	author_source_label	6	25	equal_donor_mean_cellwise_log1p10k	0.148104298911909	NA	NA	NA	NA	SC_SOURCE_DESCRIPTIVE	NA	DONE	Donor-equal descriptive expression	GSE242230	UniProtKB:P26358	primary_tumor	Normal epithelial (author)	21	6	350	291	0.2410775381539999	0.1335974743278268	0.1024539718067564	0.1707929666564815	Author labels,predeclared coarse mapping	mean_donor(mean_cell(log1p(10000*counts/all_gene_library)))	0.0	0.4251165728676384
PDAC	GSE242230	06_EXTERNAL	20260922T131800Z_author_identity_v4	PDAC_author_cell_identity_v4	sc_expression_source	NA	NA	DNMT1	author_source_label	2	25	equal_donor_mean_cellwise_log1p10k	NA	NA	NA	NA	NA	SC_SOURCE_DESCRIPTIVE	NA	NOT_EVALUABLE	GENE_MISSING_OR_LT3_ELIGIBLE_LABELS	GSE242230	UniProtKB:P26358	primary_tumor	Platelet	13	2	122	64	NA	NA	NA	NA	Author labels,predeclared coarse mapping	mean_donor(mean_cell(log1p(10000*counts/all_gene_library)))	NA	NA
PDAC	GSE242230	06_EXTERNAL	20260922T131800Z_author_identity_v4	PDAC_author_cell_identity_v4	sc_expression_source	NA	NA	DNMT1	author_source_label	21	25	equal_donor_mean_cellwise_log1p10k	0.3483851450741296	NA	NA	NA	NA	SC_SOURCE_DESCRIPTIVE	NA	DONE	Donor-equal descriptive expression	GSE242230	UniProtKB:P26358	primary_tumor	T/NK	25	21	9408	9383	0.2405617782884709	0.3343012451154228	0.3042588845509304	0.3717339923765158	Author labels,predeclared coarse mapping	mean_donor(mean_cell(log1p(10000*counts/all_gene_library)))	0.706	1.0
PDAC	GSE242230	06_EXTERNAL	20260922T131800Z_author_identity_v4	PDAC_author_cell_identity_v4	sc_expression_source	NA	NA	DNMT3A	author_source_label	1	25	equal_donor_mean_cellwise_log1p10k	NA	NA	NA	NA	NA	SC_SOURCE_DESCRIPTIVE	NA	NOT_EVALUABLE	GENE_MISSING_OR_LT3_ELIGIBLE_LABELS	GSE242230	UniProtKB:Q9Y6K1	primary_tumor	Acinar	17	1	91	20	NA	NA	NA	NA	Author labels,predeclared coarse mapping	mean_donor(mean_cell(log1p(10000*counts/all_gene_library)))	NA	NA
PDAC	GSE242230	06_EXTERNAL	20260922T131800Z_author_identity_v4	PDAC_author_cell_identity_v4	sc_expression_source	NA	NA	DNMT3A	author_source_label	15	25	equal_donor_mean_cellwise_log1p10k	0.0287337833943041	NA	NA	NA	NA	SC_SOURCE_DESCRIPTIVE	NA	DONE	Donor-equal descriptive expression	GSE242230	UniProtKB:Q9Y6K1	primary_tumor	B/Plasma	23	15	1740	1675	0.0283854043369124	0.0303043794874267	0.0092097251976596	0.0361694615657417	Author labels,predeclared coarse mapping	mean_donor(mean_cell(log1p(10000*counts/all_gene_library)))	0.0	0.21345532509917955
PDAC	GSE242230	06_EXTERNAL	20260922T131800Z_author_identity_v4	PDAC_author_cell_identity_v4	sc_expression_source	NA	NA	DNMT3A	author_source_label	3	25	equal_donor_mean_cellwise_log1p10k	0.1123024950557856	NA	NA	NA	NA	SC_SOURCE_DESCRIPTIVE	NA	DONE	Donor-equal descriptive expression	GSE242230	UniProtKB:Q9Y6K1	primary_tumor	Endothelial	18	3	274	186	0.1099239387398499	0.08881608872141	0.0843590859710217	0.1285027009733618	Author labels,predeclared coarse mapping	mean_donor(mean_cell(log1p(10000*counts/all_gene_library)))	0.109	0.834264157372802
PDAC	GSE242230	06_EXTERNAL	20260922T131800Z_author_identity_v4	PDAC_author_cell_identity_v4	sc_expression_source	NA	NA	DNMT3A	author_source_label	3	25	equal_donor_mean_cellwise_log1p10k	0.0	NA	NA	NA	NA	SC_SOURCE_DESCRIPTIVE	NA	DONE	Donor-equal descriptive expression	GSE242230	UniProtKB:Q9Y6K1	primary_tumor	Erythrocyte	12	3	1199	1158	0.0	0.0	0.0	0.0	Author labels,predeclared coarse mapping	mean_donor(mean_cell(log1p(10000*counts/all_gene_library)))	0.0	0.0
PDAC	GSE242230	06_EXTERNAL	20260922T131800Z_author_identity_v4	PDAC_author_cell_identity_v4	sc_expression_source	NA	NA	DNMT3A	author_source_label	7	25	equal_donor_mean_cellwise_log1p10k	0.098809944464253	NA	NA	NA	NA	SC_SOURCE_DESCRIPTIVE	NA	DONE	Donor-equal descriptive expression	GSE242230	UniProtKB:Q9Y6K1	primary_tumor	Fibroblast/CAF	20	7	911	810	0.1403201806623585	0.1032965249629105	0.0954622148055342	0.1073393561752407	Author labels,predeclared coarse mapping	mean_donor(mean_cell(log1p(10000*counts/all_gene_library)))	0.025	0.7340317329332263
PDAC	GSE242230	06_EXTERNAL	20260922T131800Z_author_identity_v4	PDAC_author_cell_identity_v4	sc_expression_source	NA	NA	DNMT3A	author_source_label	23	25	equal_donor_mean_cellwise_log1p10k	0.0719686005628114	NA	NA	NA	NA	SC_SOURCE_DESCRIPTIVE	NA	DONE	Donor-equal descriptive expression	GSE242230	UniProtKB:Q9Y6K1	primary_tumor	Malignant (author)	25	23	10783	10759	0.1226407765357236	0.0538014746703491	0.0372589992558239	0.0910066862999979	Author labels,predeclared coarse mapping	mean_donor(mean_cell(log1p(10000*counts/all_gene_library)))	0.001	0.5346348171161175
PDAC	GSE242230	06_EXTERNAL	20260922T131800Z_author_identity_v4	PDAC_author_cell_identity_v4	sc_expression_source	NA	NA	DNMT3A	author_source_label	1	25	equal_donor_mean_cellwise_log1p10k	NA	NA	NA	NA	NA	SC_SOURCE_DESCRIPTIVE	NA	NOT_EVALUABLE	GENE_MISSING_OR_LT3_ELIGIBLE_LABELS	GSE242230	UniProtKB:Q9Y6K1	primary_tumor	Mast	11	1	91	23	NA	NA	NA	NA	Author labels,predeclared coarse mapping	mean_donor(mean_cell(log1p(10000*counts/all_gene_library)))	NA	NA
PDAC	GSE242230	06_EXTERNAL	20260922T131800Z_author_identity_v4	PDAC_author_cell_identity_v4	sc_expression_source	NA	NA	DNMT3A	author_source_label	20	25	equal_donor_mean_cellwise_log1p10k	0.0714676686178196	NA	NA	NA	NA	SC_SOURCE_DESCRIPTIVE	NA	DONE	Donor-equal descriptive expression	GSE242230	UniProtKB:Q9Y6K1	primary_tumor	Myeloid	25	20	6246	6224	0.0815083171193342	0.054284695519755	0.0397650755088422	0.0927197911842685	Author labels,predeclared coarse mapping	mean_donor(mean_cell(log1p(10000*counts/all_gene_library)))	0.0	0.5309135323238062
PDAC	GSE242230	06_EXTERNAL	20260922T131800Z_author_identity_v4	PDAC_author_cell_identity_v4	sc_expression_source	NA	NA	DNMT3A	author_source_label	6	25	equal_donor_mean_cellwise_log1p10k	0.1346126332568807	NA	NA	NA	NA	SC_SOURCE_DESCRIPTIVE	NA	DONE	Donor-equal descriptive expression	GSE242230	UniProtKB:Q9Y6K1	primary_tumor	Normal epithelial (author)	21	6	350	291	0.2230148280560574	0.113008861681256	0.1073982432946005	0.1669282700282987	Author labels,predeclared coarse mapping	mean_donor(mean_cell(log1p(10000*counts/all_gene_library)))	0.845	1.0
PDAC	GSE242230	06_EXTERNAL	20260922T131800Z_author_identity_v4	PDAC_author_cell_identity_v4	sc_expression_source	NA	NA	DNMT3A	author_source_label	2	25	equal_donor_mean_cellwise_log1p10k	NA	NA	NA	NA	NA	SC_SOURCE_DESCRIPTIVE	NA	NOT_EVALUABLE	GENE_MISSING_OR_LT3_ELIGIBLE_LABELS	GSE242230	UniProtKB:Q9Y6K1	primary_tumor	Platelet	13	2	122	64	NA	NA	NA	NA	Author labels,predeclared coarse mapping	mean_donor(mean_cell(log1p(10000*counts/all_gene_library)))	NA	NA
PDAC	GSE242230	06_EXTERNAL	20260922T131800Z_author_identity_v4	PDAC_author_cell_identity_v4	sc_expression_source	NA	NA	DNMT3A	author_source_label	21	25	equal_donor_mean_cellwise_log1p10k	0.089955070050871	NA	NA	NA	NA	SC_SOURCE_DESCRIPTIVE	NA	DONE	Donor-equal descriptive expression	GSE242230	UniProtKB:Q9Y6K1	primary_tumor	T/NK	25	21	9408	9383	0.0668750833645964	0.0641444512481223	0.0517786719211897	0.1171405224327983	Author labels,predeclared coarse mapping	mean_donor(mean_cell(log1p(10000*counts/all_gene_library)))	0.02	0.668251321398714
PDAC	GSE242230	06_EXTERNAL	20260922T131800Z_author_identity_v4	PDAC_author_cell_identity_v4	sc_expression_source	NA	NA	DNMT3B	author_source_label	1	25	equal_donor_mean_cellwise_log1p10k	NA	NA	NA	NA	NA	SC_SOURCE_DESCRIPTIVE	NA	NOT_EVALUABLE	GENE_MISSING_OR_LT3_ELIGIBLE_LABELS	GSE242230	UniProtKB:Q9UBC3	primary_tumor	Acinar	17	1	91	20	NA	NA	NA	NA	Author labels,predeclared coarse mapping	mean_donor(mean_cell(log1p(10000*counts/all_gene_library)))	NA	NA
PDAC	GSE242230	06_EXTERNAL	20260922T131800Z_author_identity_v4	PDAC_author_cell_identity_v4	sc_expression_source	NA	NA	DNMT3B	author_source_label	15	25	equal_donor_mean_cellwise_log1p10k	0.0002357694196589	NA	NA	NA	NA	SC_SOURCE_DESCRIPTIVE	NA	DONE	Donor-equal descriptive expression	GSE242230	UniProtKB:Q9UBC3	primary_tumor	B/Plasma	23	15	1740	1675	0.0001481481481481	0.0	0.0	0.0	Author labels,predeclared coarse mapping	mean_donor(mean_cell(log1p(10000*counts/all_gene_library)))	0.0	0.007671669105910199
PDAC	GSE242230	06_EXTERNAL	20260922T131800Z_author_identity_v4	PDAC_author_cell_identity_v4	sc_expression_source	NA	NA	DNMT3B	author_source_label	3	25	equal_donor_mean_cellwise_log1p10k	0.0307324802991392	NA	NA	NA	NA	SC_SOURCE_DESCRIPTIVE	NA	DONE	Donor-equal descriptive expression	GSE242230	UniProtKB:Q9UBC3	primary_tumor	Endothelial	18	3	274	186	0.0196859903381642	0.0130561853382334	0.0065280926691167	0.0460987204487088	Author labels,predeclared coarse mapping	mean_donor(mean_cell(log1p(10000*counts/all_gene_library)))	0.481	1.0
PDAC	GSE242230	06_EXTERNAL	20260922T131800Z_author_identity_v4	PDAC_author_cell_identity_v4	sc_expression_source	NA	NA	DNMT3B	author_source_label	3	25	equal_donor_mean_cellwise_log1p10k	0.0	NA	NA	NA	NA	SC_SOURCE_DESCRIPTIVE	NA	DONE	Donor-equal descriptive expression	GSE242230	UniProtKB:Q9UBC3	primary_tumor	Erythrocyte	12	3	1199	1158	0.0	0.0	0.0	0.0	Author labels,predeclared coarse mapping	mean_donor(mean_cell(log1p(10000*counts/all_gene_library)))	0.0	0.0
PDAC	GSE242230	06_EXTERNAL	20260922T131800Z_author_identity_v4	PDAC_author_cell_identity_v4	sc_expression_source	NA	NA	DNMT3B	author_source_label	7	25	equal_donor_mean_cellwise_log1p10k	0.0102893015739949	NA	NA	NA	NA	SC_SOURCE_DESCRIPTIVE	NA	DONE	Donor-equal descriptive expression	GSE242230	UniProtKB:Q9UBC3	primary_tumor	Fibroblast/CAF	20	7	911	810	0.0184732909920999	0.0075320389530342	0.0048814107628375	0.017142572590048	Author labels,predeclared coarse mapping	mean_donor(mean_cell(log1p(10000*counts/all_gene_library)))	0.244	0.3348021856303963
PDAC	GSE242230	06_EXTERNAL	20260922T131800Z_author_identity_v4	PDAC_author_cell_identity_v4	sc_expression_source	NA	NA	DNMT3B	author_source_label	23	25	equal_donor_mean_cellwise_log1p10k	0.0073752889545034	NA	NA	NA	NA	SC_SOURCE_DESCRIPTIVE	NA	DONE	Donor-equal descriptive expression	GSE242230	UniProtKB:Q9UBC3	primary_tumor	Malignant (author)	25	23	10783	10759	0.0185833766093818	0.0070350450946858	0.0016084667741385	0.0118388550088702	Author labels,predeclared coarse mapping	mean_donor(mean_cell(log1p(10000*counts/all_gene_library)))	0.039	0.23998352501050746
PDAC	GSE242230	06_EXTERNAL	20260922T131800Z_author_identity_v4	PDAC_author_cell_identity_v4	sc_expression_source	NA	NA	DNMT3B	author_source_label	1	25	equal_donor_mean_cellwise_log1p10k	NA	NA	NA	NA	NA	SC_SOURCE_DESCRIPTIVE	NA	NOT_EVALUABLE	GENE_MISSING_OR_LT3_ELIGIBLE_LABELS	GSE242230	UniProtKB:Q9UBC3	primary_tumor	Mast	11	1	91	23	NA	NA	NA	NA	Author labels,predeclared coarse mapping	mean_donor(mean_cell(log1p(10000*counts/all_gene_library)))	NA	NA
PDAC	GSE242230	06_EXTERNAL	20260922T131800Z_author_identity_v4	PDAC_author_cell_identity_v4	sc_expression_source	NA	NA	DNMT3B	author_source_label	20	25	equal_donor_mean_cellwise_log1p10k	0.0022574101917865	NA	NA	NA	NA	SC_SOURCE_DESCRIPTIVE	NA	DONE	Donor-equal descriptive expression	GSE242230	UniProtKB:Q9UBC3	primary_tumor	Myeloid	25	20	6246	6224	0.0038541991063139	0.0	0.0	0.0030969334102394	Author labels,predeclared coarse mapping	mean_donor(mean_cell(log1p(10000*counts/all_gene_library)))	0.0	0.07345356345513476
PDAC	GSE242230	06_EXTERNAL	20260922T131800Z_author_identity_v4	PDAC_author_cell_identity_v4	sc_expression_source	NA	NA	DNMT3B	author_source_label	6	25	equal_donor_mean_cellwise_log1p10k	0.0130418206629904	NA	NA	NA	NA	SC_SOURCE_DESCRIPTIVE	NA	DONE	Donor-equal descriptive expression	GSE242230	UniProtKB:Q9UBC3	primary_tumor	Normal epithelial (author)	21	6	350	291	0.0223177940944057	0.0070172034270198	0.001731582905955	0.0205143087524553	Author labels,predeclared coarse mapping	mean_donor(mean_cell(log1p(10000*counts/all_gene_library)))	0.234	0.42436603020797165
PDAC	GSE242230	06_EXTERNAL	20260922T131800Z_author_identity_v4	PDAC_author_cell_identity_v4	sc_expression_source	NA	NA	DNMT3B	author_source_label	2	25	equal_donor_mean_cellwise_log1p10k	NA	NA	NA	NA	NA	SC_SOURCE_DESCRIPTIVE	NA	NOT_EVALUABLE	GENE_MISSING_OR_LT3_ELIGIBLE_LABELS	GSE242230	UniProtKB:Q9UBC3	primary_tumor	Platelet	13	2	122	64	NA	NA	NA	NA	Author labels,predeclared coarse mapping	mean_donor(mean_cell(log1p(10000*counts/all_gene_library)))	NA	NA
PDAC	GSE242230	06_EXTERNAL	20260922T131800Z_author_identity_v4	PDAC_author_cell_identity_v4	sc_expression_source	NA	NA	DNMT3B	author_source_label	21	25	equal_donor_mean_cellwise_log1p10k	0.002733163929627	NA	NA	NA	NA	SC_SOURCE_DESCRIPTIVE	NA	DONE	Donor-equal descriptive expression	GSE242230	UniProtKB:Q9UBC3	primary_tumor	T/NK	25	21	9408	9383	0.0018101657071884	0.0	0.0	0.0033242858167368	Author labels,predeclared coarse mapping	mean_donor(mean_cell(log1p(10000*counts/all_gene_library)))	0.002	0.08893404967719298
PDAC	GSE242230	06_EXTERNAL	20260922T131800Z_author_identity_v4	PDAC_author_cell_identity_v4	sc_expression_source	NA	NA	DOT1L	author_source_label	1	25	equal_donor_mean_cellwise_log1p10k	NA	NA	NA	NA	NA	SC_SOURCE_DESCRIPTIVE	NA	NOT_EVALUABLE	GENE_MISSING_OR_LT3_ELIGIBLE_LABELS	GSE242230	UniProtKB:Q8TEK3	primary_tumor	Acinar	17	1	91	20	NA	NA	NA	NA	Author labels,predeclared coarse mapping	mean_donor(mean_cell(log1p(10000*counts/all_gene_library)))	NA	NA
PDAC	GSE242230	06_EXTERNAL	20260922T131800Z_author_identity_v4	PDAC_author_cell_identity_v4	sc_expression_source	NA	NA	DOT1L	author_source_label	15	25	equal_donor_mean_cellwise_log1p10k	0.0318485224458733	NA	NA	NA	NA	SC_SOURCE_DESCRIPTIVE	NA	DONE	Donor-equal descriptive expression	GSE242230	UniProtKB:Q8TEK3	primary_tumor	B/Plasma	23	15	1740	1675	0.0292021282480588	0.0285141290424484	0.0105842355771788	0.0364236062088916	Author labels,predeclared coarse mapping	mean_donor(mean_cell(log1p(10000*counts/all_gene_library)))	0.0	0.35201901715735073
PDAC	GSE242230	06_EXTERNAL	20260922T131800Z_author_identity_v4	PDAC_author_cell_identity_v4	sc_expression_source	NA	NA	DOT1L	author_source_label	3	25	equal_donor_mean_cellwise_log1p10k	0.0608257562153895	NA	NA	NA	NA	SC_SOURCE_DESCRIPTIVE	NA	DONE	Donor-equal descriptive expression	GSE242230	UniProtKB:Q8TEK3	primary_tumor	Endothelial	18	3	274	186	0.0541602425737485	0.0731091382188422	0.052630600881256	0.0751626025512495	Author labels,predeclared coarse mapping	mean_donor(mean_cell(log1p(10000*counts/all_gene_library)))	0.003	0.6723019241217081
PDAC	GSE242230	06_EXTERNAL	20260922T131800Z_author_identity_v4	PDAC_author_cell_identity_v4	sc_expression_source	NA	NA	DOT1L	author_source_label	3	25	equal_donor_mean_cellwise_log1p10k	0.0007235349710792	NA	NA	NA	NA	SC_SOURCE_DESCRIPTIVE	NA	DONE	Donor-equal descriptive expression	GSE242230	UniProtKB:Q8TEK3	primary_tumor	Erythrocyte	12	3	1199	1158	0.000896860986547	0.0	0.0	0.0010853024566189	Author labels,predeclared coarse mapping	mean_donor(mean_cell(log1p(10000*counts/all_gene_library)))	0.0	0.007997170664075001
PDAC	GSE242230	06_EXTERNAL	20260922T131800Z_author_identity_v4	PDAC_author_cell_identity_v4	sc_expression_source	NA	NA	DOT1L	author_source_label	7	25	equal_donor_mean_cellwise_log1p10k	0.0371418722113965	NA	NA	NA	NA	SC_SOURCE_DESCRIPTIVE	NA	DONE	Donor-equal descriptive expression	GSE242230	UniProtKB:Q8TEK3	primary_tumor	Fibroblast/CAF	20	7	911	810	0.0545998330251339	0.0402763917891118	0.0254682570855841	0.0502393352455641	Author labels,predeclared coarse mapping	mean_donor(mean_cell(log1p(10000*counts/all_gene_library)))	0.0	0.4105259631262369
PDAC	GSE242230	06_EXTERNAL	20260922T131800Z_author_identity_v4	PDAC_author_cell_identity_v4	sc_expression_source	NA	NA	DOT1L	author_source_label	23	25	equal_donor_mean_cellwise_log1p10k	0.086552836586159	NA	NA	NA	NA	SC_SOURCE_DESCRIPTIVE	NA	DONE	Donor-equal descriptive expression	GSE242230	UniProtKB:Q8TEK3	primary_tumor	Malignant (author)	25	23	10783	10759	0.1363418103604954	0.0681125074042481	0.0478462220143997	0.0983698374079183	Author labels,predeclared coarse mapping	mean_donor(mean_cell(log1p(10000*counts/all_gene_library)))	0.313	0.9566611612523435
PDAC	GSE242230	06_EXTERNAL	20260922T131800Z_author_identity_v4	PDAC_author_cell_identity_v4	sc_expression_source	NA	NA	DOT1L	author_source_label	1	25	equal_donor_mean_cellwise_log1p10k	NA	NA	NA	NA	NA	SC_SOURCE_DESCRIPTIVE	NA	NOT_EVALUABLE	GENE_MISSING_OR_LT3_ELIGIBLE_LABELS	GSE242230	UniProtKB:Q8TEK3	primary_tumor	Mast	11	1	91	23	NA	NA	NA	NA	Author labels,predeclared coarse mapping	mean_donor(mean_cell(log1p(10000*counts/all_gene_library)))	NA	NA
PDAC	GSE242230	06_EXTERNAL	20260922T131800Z_author_identity_v4	PDAC_author_cell_identity_v4	sc_expression_source	NA	NA	DOT1L	author_source_label	20	25	equal_donor_mean_cellwise_log1p10k	0.0749403788729692	NA	NA	NA	NA	SC_SOURCE_DESCRIPTIVE	NA	DONE	Donor-equal descriptive expression	GSE242230	UniProtKB:Q8TEK3	primary_tumor	Myeloid	25	20	6246	6224	0.0847309631561075	0.0520156752331132	0.0339972003784371	0.07791252843823	Author labels,predeclared coarse mapping	mean_donor(mean_cell(log1p(10000*counts/all_gene_library)))	0.133	0.8283096511336051
PDAC	GSE242230	06_EXTERNAL	20260922T131800Z_author_identity_v4	PDAC_author_cell_identity_v4	sc_expression_source	NA	NA	DOT1L	author_source_label	6	25	equal_donor_mean_cellwise_log1p10k	0.0904738690058815	NA	NA	NA	NA	SC_SOURCE_DESCRIPTIVE	NA	DONE	Donor-equal descriptive expression	GSE242230	UniProtKB:Q8TEK3	primary_tumor	Normal epithelial (author)	21	6	350	291	0.1685718572337763	0.092808911338368	0.0764058160358516	0.0950274872770772	Author labels,predeclared coarse mapping	mean_donor(mean_cell(log1p(10000*counts/all_gene_library)))	0.551	1.0
PDAC	GSE242230	06_EXTERNAL	20260922T131800Z_author_identity_v4	PDAC_author_cell_identity_v4	sc_expression_source	NA	NA	DOT1L	author_source_label	2	25	equal_donor_mean_cellwise_log1p10k	NA	NA	NA	NA	NA	SC_SOURCE_DESCRIPTIVE	NA	NOT_EVALUABLE	GENE_MISSING_OR_LT3_ELIGIBLE_LABELS	GSE242230	UniProtKB:Q8TEK3	primary_tumor	Platelet	13	2	122	64	NA	NA	NA	NA	Author labels,predeclared coarse mapping	mean_donor(mean_cell(log1p(10000*counts/all_gene_library)))	NA	NA
PDAC	GSE242230	06_EXTERNAL	20260922T131800Z_author_identity_v4	PDAC_author_cell_identity_v4	sc_expression_source	NA	NA	DOT1L	author_source_label	21	25	equal_donor_mean_cellwise_log1p10k	0.0304745282488708	NA	NA	NA	NA	SC_SOURCE_DESCRIPTIVE	NA	DONE	Donor-equal descriptive expression	GSE242230	UniProtKB:Q8TEK3	primary_tumor	T/NK	25	21	9408	9383	0.0234243119295758	0.0242435768248895	0.0152005926092253	0.035966692399743	Author labels,predeclared coarse mapping	mean_donor(mean_cell(log1p(10000*counts/all_gene_library)))	0.0	0.3368323758420204
PDAC	GSE242230	06_EXTERNAL	20260922T131800Z_author_identity_v4	PDAC_author_cell_identity_v4	sc_expression_source	NA	NA	DPEP1	author_source_label	1	25	equal_donor_mean_cellwise_log1p10k	NA	NA	NA	NA	NA	SC_SOURCE_DESCRIPTIVE	NA	NOT_EVALUABLE	GENE_MISSING_OR_LT3_ELIGIBLE_LABELS	GSE242230	UniProtKB:P16444	primary_tumor	Acinar	17	1	91	20	NA	NA	NA	NA	Author labels,predeclared coarse mapping	mean_donor(mean_cell(log1p(10000*counts/all_gene_library)))	NA	NA
PDAC	GSE242230	06_EXTERNAL	20260922T131800Z_author_identity_v4	PDAC_author_cell_identity_v4	sc_expression_source	NA	NA	DPEP1	author_source_label	15	25	equal_donor_mean_cellwise_log1p10k	0.0243306530172679	NA	NA	NA	NA	SC_SOURCE_DESCRIPTIVE	NA	DONE	Donor-equal descriptive expression	GSE242230	UniProtKB:P16444	primary_tumor	B/Plasma	23	15	1740	1675	0.0207031549106919	0.000495463789329	0.0	0.036423224268401	Author labels,predeclared coarse mapping	mean_donor(mean_cell(log1p(10000*counts/all_gene_library)))	0.01	0.16372962355750642
PDAC	GSE242230	06_EXTERNAL	20260922T131800Z_author_identity_v4	PDAC_author_cell_identity_v4	sc_expression_source	NA	NA	DPEP1	author_source_label	3	25	equal_donor_mean_cellwise_log1p10k	0.0	NA	NA	NA	NA	SC_SOURCE_DESCRIPTIVE	NA	DONE	Donor-equal descriptive expression	GSE242230	UniProtKB:P16444	primary_tumor	Endothelial	18	3	274	186	0.0	0.0	0.0	0.0	Author labels,predeclared coarse mapping	mean_donor(mean_cell(log1p(10000*counts/all_gene_library)))	0.0	0.0
PDAC	GSE242230	06_EXTERNAL	20260922T131800Z_author_identity_v4	PDAC_author_cell_identity_v4	sc_expression_source	NA	NA	DPEP1	author_source_label	3	25	equal_donor_mean_cellwise_log1p10k	0.0	NA	NA	NA	NA	SC_SOURCE_DESCRIPTIVE	NA	DONE	Donor-equal descriptive expression	GSE242230	UniProtKB:P16444	primary_tumor	Erythrocyte	12	3	1199	1158	0.0	0.0	0.0	0.0	Author labels,predeclared coarse mapping	mean_donor(mean_cell(log1p(10000*counts/all_gene_library)))	0.0	0.0
PDAC	GSE242230	06_EXTERNAL	20260922T131800Z_author_identity_v4	PDAC_author_cell_identity_v4	sc_expression_source	NA	NA	DPEP1	author_source_label	7	25	equal_donor_mean_cellwise_log1p10k	0.1486026321236993	NA	NA	NA	NA	SC_SOURCE_DESCRIPTIVE	NA	DONE	Donor-equal descriptive expression	GSE242230	UniProtKB:P16444	primary_tumor	Fibroblast/CAF	20	7	911	810	0.1174980633582514	0.1916981445900802	0.0877941321634404	0.1972402752706	Author labels,predeclared coarse mapping	mean_donor(mean_cell(log1p(10000*counts/all_gene_library)))	0.99	1.0
PDAC	GSE242230	06_EXTERNAL	20260922T131800Z_author_identity_v4	PDAC_author_cell_identity_v4	sc_expression_source	NA	NA	DPEP1	author_source_label	23	25	equal_donor_mean_cellwise_log1p10k	0.0028601968214052	NA	NA	NA	NA	SC_SOURCE_DESCRIPTIVE	NA	DONE	Donor-equal descriptive expression	GSE242230	UniProtKB:P16444	primary_tumor	Malignant (author)	25	23	10783	10759	0.0033918549046911	0.0	0.0	0.0002983595993743	Author labels,predeclared coarse mapping	mean_donor(mean_cell(log1p(10000*counts/all_gene_library)))	0.0	0.019247282369967207
PDAC	GSE242230	06_EXTERNAL	20260922T131800Z_author_identity_v4	PDAC_author_cell_identity_v4	sc_expression_source	NA	NA	DPEP1	author_source_label	1	25	equal_donor_mean_cellwise_log1p10k	NA	NA	NA	NA	NA	SC_SOURCE_DESCRIPTIVE	NA	NOT_EVALUABLE	GENE_MISSING_OR_LT3_ELIGIBLE_LABELS	GSE242230	UniProtKB:P16444	primary_tumor	Mast	11	1	91	23	NA	NA	NA	NA	Author labels,predeclared coarse mapping	mean_donor(mean_cell(log1p(10000*counts/all_gene_library)))	NA	NA
PDAC	GSE242230	06_EXTERNAL	20260922T131800Z_author_identity_v4	PDAC_author_cell_identity_v4	sc_expression_source	NA	NA	DPEP1	author_source_label	20	25	equal_donor_mean_cellwise_log1p10k	0.0003014442112713	NA	NA	NA	NA	SC_SOURCE_DESCRIPTIVE	NA	DONE	Donor-equal descriptive expression	GSE242230	UniProtKB:P16444	primary_tumor	Myeloid	25	20	6246	6224	0.0003067484662576	0.0	0.0	0.0	Author labels,predeclared coarse mapping	mean_donor(mean_cell(log1p(10000*counts/all_gene_library)))	0.0	0.002028525383186839
PDAC	GSE242230	06_EXTERNAL	20260922T131800Z_author_identity_v4	PDAC_author_cell_identity_v4	sc_expression_source	NA	NA	DPEP1	author_source_label	6	25	equal_donor_mean_cellwise_log1p10k	0.0018691236321106	NA	NA	NA	NA	SC_SOURCE_DESCRIPTIVE	NA	DONE	Donor-equal descriptive expression	GSE242230	UniProtKB:P16444	primary_tumor	Normal epithelial (author)	21	6	350	291	0.0032051282051282	0.0	0.0	0.0	Author labels,predeclared coarse mapping	mean_donor(mean_cell(log1p(10000*counts/all_gene_library)))	0.0	0.012577998151168078
PDAC	GSE242230	06_EXTERNAL	20260922T131800Z_author_identity_v4	PDAC_author_cell_identity_v4	sc_expression_source	NA	NA	DPEP1	author_source_label	2	25	equal_donor_mean_cellwise_log1p10k	NA	NA	NA	NA	NA	SC_SOURCE_DESCRIPTIVE	NA	NOT_EVALUABLE	GENE_MISSING_OR_LT3_ELIGIBLE_LABELS	GSE242230	UniProtKB:P16444	primary_tumor	Platelet	13	2	122	64	NA	NA	NA	NA	Author labels,predeclared coarse mapping	mean_donor(mean_cell(log1p(10000*counts/all_gene_library)))	NA	NA
PDAC	GSE242230	06_EXTERNAL	20260922T131800Z_author_identity_v4	PDAC_author_cell_identity_v4	sc_expression_source	NA	NA	DPEP1	author_source_label	21	25	equal_donor_mean_cellwise_log1p10k	0.0	NA	NA	NA	NA	SC_SOURCE_DESCRIPTIVE	NA	DONE	Donor-equal descriptive expression	GSE242230	UniProtKB:P16444	primary_tumor	T/NK	25	21	9408	9383	0.0	0.0	0.0	0.0	Author labels,predeclared coarse mapping	mean_donor(mean_cell(log1p(10000*counts/all_gene_library)))	0.0	0.0
PDAC	GSE242230	06_EXTERNAL	20260922T131800Z_author_identity_v4	PDAC_author_cell_identity_v4	sc_expression_source	NA	NA	DPH5	author_source_label	1	25	equal_donor_mean_cellwise_log1p10k	NA	NA	NA	NA	NA	SC_SOURCE_DESCRIPTIVE	NA	NOT_EVALUABLE	GENE_MISSING_OR_LT3_ELIGIBLE_LABELS	GSE242230	UniProtKB:Q9H2P9	primary_tumor	Acinar	17	1	91	20	NA	NA	NA	NA	Author labels,predeclared coarse mapping	mean_donor(mean_cell(log1p(10000*counts/all_gene_library)))	NA	NA
PDAC	GSE242230	06_EXTERNAL	20260922T131800Z_author_identity_v4	PDAC_author_cell_identity_v4	sc_expression_source	NA	NA	DPH5	author_source_label	15	25	equal_donor_mean_cellwise_log1p10k	0.0659117186595402	NA	NA	NA	NA	SC_SOURCE_DESCRIPTIVE	NA	DONE	Donor-equal descriptive expression	GSE242230	UniProtKB:Q9H2P9	primary_tumor	B/Plasma	23	15	1740	1675	0.0547883986779205	0.0571956716617084	0.0488370013330608	0.0961180823817005	Author labels,predeclared coarse mapping	mean_donor(mean_cell(log1p(10000*counts/all_gene_library)))	0.013	0.7788297549413694
PDAC	GSE242230	06_EXTERNAL	20260922T131800Z_author_identity_v4	PDAC_author_cell_identity_v4	sc_expression_source	NA	NA	DPH5	author_source_label	3	25	equal_donor_mean_cellwise_log1p10k	0.0452417333668174	NA	NA	NA	NA	SC_SOURCE_DESCRIPTIVE	NA	DONE	Donor-equal descriptive expression	GSE242230	UniProtKB:Q9H2P9	primary_tumor	Endothelial	18	3	274	186	0.0509661835748792	0.0599665335740927	0.0299832667870463	0.0678626000502261	Author labels,predeclared coarse mapping	mean_donor(mean_cell(log1p(10000*counts/all_gene_library)))	0.0	0.5345879128597278
PDAC	GSE242230	06_EXTERNAL	20260922T131800Z_author_identity_v4	PDAC_author_cell_identity_v4	sc_expression_source	NA	NA	DPH5	author_source_label	3	25	equal_donor_mean_cellwise_log1p10k	0.0	NA	NA	NA	NA	SC_SOURCE_DESCRIPTIVE	NA	DONE	Donor-equal descriptive expression	GSE242230	UniProtKB:Q9H2P9	primary_tumor	Erythrocyte	12	3	1199	1158	0.0	0.0	0.0	0.0	Author labels,predeclared coarse mapping	mean_donor(mean_cell(log1p(10000*counts/all_gene_library)))	0.0	0.0
PDAC	GSE242230	06_EXTERNAL	20260922T131800Z_author_identity_v4	PDAC_author_cell_identity_v4	sc_expression_source	NA	NA	DPH5	author_source_label	7	25	equal_donor_mean_cellwise_log1p10k	0.0846291737589071	NA	NA	NA	NA	SC_SOURCE_DESCRIPTIVE	NA	DONE	Donor-equal descriptive expression	GSE242230	UniProtKB:Q9H2P9	primary_tumor	Fibroblast/CAF	20	7	911	810	0.1205900574153881	0.0782881698517761	0.0635315887985354	0.0891002233347767	Author labels,predeclared coarse mapping	mean_donor(mean_cell(log1p(10000*counts/all_gene_library)))	0.516	1.0
PDAC	GSE242230	06_EXTERNAL	20260922T131800Z_author_identity_v4	PDAC_author_cell_identity_v4	sc_expression_source	NA	NA	DPH5	author_source_label	23	25	equal_donor_mean_cellwise_log1p10k	0.0396189385206361	NA	NA	NA	NA	SC_SOURCE_DESCRIPTIVE	NA	DONE	Donor-equal descriptive expression	GSE242230	UniProtKB:Q9H2P9	primary_tumor	Malignant (author)	25	23	10783	10759	0.086213849449312	0.0362424119646402	0.0235593058725581	0.0497894503335114	Author labels,predeclared coarse mapping	mean_donor(mean_cell(log1p(10000*counts/all_gene_library)))	0.0	0.46814752833937795
PDAC	GSE242230	06_EXTERNAL	20260922T131800Z_author_identity_v4	PDAC_author_cell_identity_v4	sc_expression_source	NA	NA	DPH5	author_source_label	1	25	equal_donor_mean_cellwise_log1p10k	NA	NA	NA	NA	NA	SC_SOURCE_DESCRIPTIVE	NA	NOT_EVALUABLE	GENE_MISSING_OR_LT3_ELIGIBLE_LABELS	GSE242230	UniProtKB:Q9H2P9	primary_tumor	Mast	11	1	91	23	NA	NA	NA	NA	Author labels,predeclared coarse mapping	mean_donor(mean_cell(log1p(10000*counts/all_gene_library)))	NA	NA
PDAC	GSE242230	06_EXTERNAL	20260922T131800Z_author_identity_v4	PDAC_author_cell_identity_v4	sc_expression_source	NA	NA	DPH5	author_source_label	20	25	equal_donor_mean_cellwise_log1p10k	0.0365999907392408	NA	NA	NA	NA	SC_SOURCE_DESCRIPTIVE	NA	DONE	Donor-equal descriptive expression	GSE242230	UniProtKB:Q9H2P9	primary_tumor	Myeloid	25	20	6246	6224	0.0497810609750204	0.0365782332906386	0.0311620742486453	0.0431571195882968	Author labels,predeclared coarse mapping	mean_donor(mean_cell(log1p(10000*counts/all_gene_library)))	0.0	0.43247486786893863
PDAC	GSE242230	06_EXTERNAL	20260922T131800Z_author_identity_v4	PDAC_author_cell_identity_v4	sc_expression_source	NA	NA	DPH5	author_source_label	6	25	equal_donor_mean_cellwise_log1p10k	0.0696078985058494	NA	NA	NA	NA	SC_SOURCE_DESCRIPTIVE	NA	DONE	Donor-equal descriptive expression	GSE242230	UniProtKB:Q9H2P9	primary_tumor	Normal epithelial (author)	21	6	350	291	0.1625951447353246	0.074974036334191	0.0586158930914912	0.0775908211052996	Author labels,predeclared coarse mapping	mean_donor(mean_cell(log1p(10000*counts/all_gene_library)))	0.016	0.822504763004652
PDAC	GSE242230	06_EXTERNAL	20260922T131800Z_author_identity_v4	PDAC_author_cell_identity_v4	sc_expression_source	NA	NA	DPH5	author_source_label	2	25	equal_donor_mean_cellwise_log1p10k	NA	NA	NA	NA	NA	SC_SOURCE_DESCRIPTIVE	NA	NOT_EVALUABLE	GENE_MISSING_OR_LT3_ELIGIBLE_LABELS	GSE242230	UniProtKB:Q9H2P9	primary_tumor	Platelet	13	2	122	64	NA	NA	NA	NA	Author labels,predeclared coarse mapping	mean_donor(mean_cell(log1p(10000*counts/all_gene_library)))	NA	NA
PDAC	GSE242230	06_EXTERNAL	20260922T131800Z_author_identity_v4	PDAC_author_cell_identity_v4	sc_expression_source	NA	NA	DPH5	author_source_label	21	25	equal_donor_mean_cellwise_log1p10k	0.0825259183793465	NA	NA	NA	NA	SC_SOURCE_DESCRIPTIVE	NA	DONE	Donor-equal descriptive expression	GSE242230	UniProtKB:Q9H2P9	primary_tumor	T/NK	25	21	9408	9383	0.0689582752417343	0.0855219898547386	0.0736245380289983	0.0960126515252707	Author labels,predeclared coarse mapping	mean_donor(mean_cell(log1p(10000*counts/all_gene_library)))	0.455	0.9751473955594511
PDAC	GSE242230	06_EXTERNAL	20260922T131800Z_author_identity_v4	PDAC_author_cell_identity_v4	sc_expression_source	NA	NA	DPYD	author_source_label	1	25	equal_donor_mean_cellwise_log1p10k	NA	NA	NA	NA	NA	SC_SOURCE_DESCRIPTIVE	NA	NOT_EVALUABLE	GENE_MISSING_OR_LT3_ELIGIBLE_LABELS	GSE242230	UniProtKB:Q12882	primary_tumor	Acinar	17	1	91	20	NA	NA	NA	NA	Author labels,predeclared coarse mapping	mean_donor(mean_cell(log1p(10000*counts/all_gene_library)))	NA	NA
PDAC	GSE242230	06_EXTERNAL	20260922T131800Z_author_identity_v4	PDAC_author_cell_identity_v4	sc_expression_source	NA	NA	DPYD	author_source_label	15	25	equal_donor_mean_cellwise_log1p10k	0.077077199468509	NA	NA	NA	NA	SC_SOURCE_DESCRIPTIVE	NA	DONE	Donor-equal descriptive expression	GSE242230	UniProtKB:Q12882	primary_tumor	B/Plasma	23	15	1740	1675	0.0596856019440963	0.0743055453283708	0.0423193050140199	0.1016537103292388	Author labels,predeclared coarse mapping	mean_donor(mean_cell(log1p(10000*counts/all_gene_library)))	0.0	0.17392251057496835
PDAC	GSE242230	06_EXTERNAL	20260922T131800Z_author_identity_v4	PDAC_author_cell_identity_v4	sc_expression_source	NA	NA	DPYD	author_source_label	3	25	equal_donor_mean_cellwise_log1p10k	0.0739472224681052	NA	NA	NA	NA	SC_SOURCE_DESCRIPTIVE	NA	DONE	Donor-equal descriptive expression	GSE242230	UniProtKB:Q12882	primary_tumor	Endothelial	18	3	274	186	0.0964307739747147	0.0946210928680201	0.0636093221928978	0.0946220579432701	Author labels,predeclared coarse mapping	mean_donor(mean_cell(log1p(10000*counts/all_gene_library)))	0.0	0.16685980640686285
PDAC	GSE242230	06_EXTERNAL	20260922T131800Z_author_identity_v4	PDAC_author_cell_identity_v4	sc_expression_source	NA	NA	DPYD	author_source_label	3	25	equal_donor_mean_cellwise_log1p10k	0.0004704352594932	NA	NA	NA	NA	SC_SOURCE_DESCRIPTIVE	NA	DONE	Donor-equal descriptive expression	GSE242230	UniProtKB:Q12882	primary_tumor	Erythrocyte	12	3	1199	1158	0.0005979073243647	0.0	0.0	0.0007056528892398	Author labels,predeclared coarse mapping	mean_donor(mean_cell(log1p(10000*counts/all_gene_library)))	0.0	0.001061523796378623
PDAC	GSE242230	06_EXTERNAL	20260922T131800Z_author_identity_v4	PDAC_author_cell_identity_v4	sc_expression_source	NA	NA	DPYD	author_source_label	7	25	equal_donor_mean_cellwise_log1p10k	0.2106228433326455	NA	NA	NA	NA	SC_SOURCE_DESCRIPTIVE	NA	DONE	Donor-equal descriptive expression	GSE242230	UniProtKB:Q12882	primary_tumor	Fibroblast/CAF	20	7	911	810	0.2498634609971508	0.2079138398391942	0.1670804211378344	0.2700846648217208	Author labels,predeclared coarse mapping	mean_donor(mean_cell(log1p(10000*counts/all_gene_library)))	0.0	0.47526446146786244
PDAC	GSE242230	06_EXTERNAL	20260922T131800Z_author_identity_v4	PDAC_author_cell_identity_v4	sc_expression_source	NA	NA	DPYD	author_source_label	23	25	equal_donor_mean_cellwise_log1p10k	0.112319950228943	NA	NA	NA	NA	SC_SOURCE_DESCRIPTIVE	NA	DONE	Donor-equal descriptive expression	GSE242230	UniProtKB:Q12882	primary_tumor	Malignant (author)	25	23	10783	10759	0.1567255104805064	0.09702792484384	0.0568903373847937	0.1471159303261536	Author labels,predeclared coarse mapping	mean_donor(mean_cell(log1p(10000*counts/all_gene_library)))	0.0	0.2534467762993199
PDAC	GSE242230	06_EXTERNAL	20260922T131800Z_author_identity_v4	PDAC_author_cell_identity_v4	sc_expression_source	NA	NA	DPYD	author_source_label	1	25	equal_donor_mean_cellwise_log1p10k	NA	NA	NA	NA	NA	SC_SOURCE_DESCRIPTIVE	NA	NOT_EVALUABLE	GENE_MISSING_OR_LT3_ELIGIBLE_LABELS	GSE242230	UniProtKB:Q12882	primary_tumor	Mast	11	1	91	23	NA	NA	NA	NA	Author labels,predeclared coarse mapping	mean_donor(mean_cell(log1p(10000*counts/all_gene_library)))	NA	NA
PDAC	GSE242230	06_EXTERNAL	20260922T131800Z_author_identity_v4	PDAC_author_cell_identity_v4	sc_expression_source	NA	NA	DPYD	author_source_label	20	25	equal_donor_mean_cellwise_log1p10k	0.4431697726401281	NA	NA	NA	NA	SC_SOURCE_DESCRIPTIVE	NA	DONE	Donor-equal descriptive expression	GSE242230	UniProtKB:Q12882	primary_tumor	Myeloid	25	20	6246	6224	0.3781492825759625	0.4168876764365268	0.3424716315620835	0.4870589421951554	Author labels,predeclared coarse mapping	mean_donor(mean_cell(log1p(10000*counts/all_gene_library)))	0.889	1.0
PDAC	GSE242230	06_EXTERNAL	20260922T131800Z_author_identity_v4	PDAC_author_cell_identity_v4	sc_expression_source	NA	NA	DPYD	author_source_label	6	25	equal_donor_mean_cellwise_log1p10k	0.3389016562784919	NA	NA	NA	NA	SC_SOURCE_DESCRIPTIVE	NA	DONE	Donor-equal descriptive expression	GSE242230	UniProtKB:Q12882	primary_tumor	Normal epithelial (author)	21	6	350	291	0.4335119299324697	0.3050403053250702	0.1916049187974051	0.3773355727940058	Author labels,predeclared coarse mapping	mean_donor(mean_cell(log1p(10000*counts/all_gene_library)))	0.111	0.7647219580422373
PDAC	GSE242230	06_EXTERNAL	20260922T131800Z_author_identity_v4	PDAC_author_cell_identity_v4	sc_expression_source	NA	NA	DPYD	author_source_label	2	25	equal_donor_mean_cellwise_log1p10k	NA	NA	NA	NA	NA	SC_SOURCE_DESCRIPTIVE	NA	NOT_EVALUABLE	GENE_MISSING_OR_LT3_ELIGIBLE_LABELS	GSE242230	UniProtKB:Q12882	primary_tumor	Platelet	13	2	122	64	NA	NA	NA	NA	Author labels,predeclared coarse mapping	mean_donor(mean_cell(log1p(10000*counts/all_gene_library)))	NA	NA
PDAC	GSE242230	06_EXTERNAL	20260922T131800Z_author_identity_v4	PDAC_author_cell_identity_v4	sc_expression_source	NA	NA	DPYD	author_source_label	21	25	equal_donor_mean_cellwise_log1p10k	0.3278022848679735	NA	NA	NA	NA	SC_SOURCE_DESCRIPTIVE	NA	DONE	Donor-equal descriptive expression	GSE242230	UniProtKB:Q12882	primary_tumor	T/NK	25	21	9408	9383	0.2277302989450378	0.2829115520154854	0.2621296280262735	0.385006595539073	Author labels,predeclared coarse mapping	mean_donor(mean_cell(log1p(10000*counts/all_gene_library)))	0.0	0.7396765418253431
PDAC	GSE242230	06_EXTERNAL	20260922T131800Z_author_identity_v4	PDAC_author_cell_identity_v4	sc_expression_source	NA	NA	DUOX1	author_source_label	1	25	equal_donor_mean_cellwise_log1p10k	NA	NA	NA	NA	NA	SC_SOURCE_DESCRIPTIVE	NA	NOT_EVALUABLE	GENE_MISSING_OR_LT3_ELIGIBLE_LABELS	GSE242230	UniProtKB:Q9NRD9	primary_tumor	Acinar	17	1	91	20	NA	NA	NA	NA	Author labels,predeclared coarse mapping	mean_donor(mean_cell(log1p(10000*counts/all_gene_library)))	NA	NA
PDAC	GSE242230	06_EXTERNAL	20260922T131800Z_author_identity_v4	PDAC_author_cell_identity_v4	sc_expression_source	NA	NA	DUOX1	author_source_label	15	25	equal_donor_mean_cellwise_log1p10k	0.0	NA	NA	NA	NA	SC_SOURCE_DESCRIPTIVE	NA	DONE	Donor-equal descriptive expression	GSE242230	UniProtKB:Q9NRD9	primary_tumor	B/Plasma	23	15	1740	1675	0.0	0.0	0.0	0.0	Author labels,predeclared coarse mapping	mean_donor(mean_cell(log1p(10000*counts/all_gene_library)))	0.0	0.0
PDAC	GSE242230	06_EXTERNAL	20260922T131800Z_author_identity_v4	PDAC_author_cell_identity_v4	sc_expression_source	NA	NA	DUOX1	author_source_label	3	25	equal_donor_mean_cellwise_log1p10k	0.0	NA	NA	NA	NA	SC_SOURCE_DESCRIPTIVE	NA	DONE	Donor-equal descriptive expression	GSE242230	UniProtKB:Q9NRD9	primary_tumor	Endothelial	18	3	274	186	0.0	0.0	0.0	0.0	Author labels,predeclared coarse mapping	mean_donor(mean_cell(log1p(10000*counts/all_gene_library)))	0.0	0.0
PDAC	GSE242230	06_EXTERNAL	20260922T131800Z_author_identity_v4	PDAC_author_cell_identity_v4	sc_expression_source	NA	NA	DUOX1	author_source_label	3	25	equal_donor_mean_cellwise_log1p10k	0.0	NA	NA	NA	NA	SC_SOURCE_DESCRIPTIVE	NA	DONE	Donor-equal descriptive expression	GSE242230	UniProtKB:Q9NRD9	primary_tumor	Erythrocyte	12	3	1199	1158	0.0	0.0	0.0	0.0	Author labels,predeclared coarse mapping	mean_donor(mean_cell(log1p(10000*counts/all_gene_library)))	0.0	0.0
PDAC	GSE242230	06_EXTERNAL	20260922T131800Z_author_identity_v4	PDAC_author_cell_identity_v4	sc_expression_source	NA	NA	DUOX1	author_source_label	7	25	equal_donor_mean_cellwise_log1p10k	0.0062581055280741	NA	NA	NA	NA	SC_SOURCE_DESCRIPTIVE	NA	DONE	Donor-equal descriptive expression	GSE242230	UniProtKB:Q9NRD9	primary_tumor	Fibroblast/CAF	20	7	911	810	0.0095180854467765	0.0049137298990312	0.0022194486653555	0.0094235542747675	Author labels,predeclared coarse mapping	mean_donor(mean_cell(log1p(10000*counts/all_gene_library)))	0.0	0.1577545616739323
PDAC	GSE242230	06_EXTERNAL	20260922T131800Z_author_identity_v4	PDAC_author_cell_identity_v4	sc_expression_source	NA	NA	DUOX1	author_source_label	23	25	equal_donor_mean_cellwise_log1p10k	0.0396698863200493	NA	NA	NA	NA	SC_SOURCE_DESCRIPTIVE	NA	DONE	Donor-equal descriptive expression	GSE242230	UniProtKB:Q9NRD9	primary_tumor	Malignant (author)	25	23	10783	10759	0.0701794515125313	0.0258352783637543	0.0091350226591889	0.0521716131197296	Author labels,predeclared coarse mapping	mean_donor(mean_cell(log1p(10000*counts/all_gene_library)))	0.905	1.0
PDAC	GSE242230	06_EXTERNAL	20260922T131800Z_author_identity_v4	PDAC_author_cell_identity_v4	sc_expression_source	NA	NA	DUOX1	author_source_label	1	25	equal_donor_mean_cellwise_log1p10k	NA	NA	NA	NA	NA	SC_SOURCE_DESCRIPTIVE	NA	NOT_EVALUABLE	GENE_MISSING_OR_LT3_ELIGIBLE_LABELS	GSE242230	UniProtKB:Q9NRD9	primary_tumor	Mast	11	1	91	23	NA	NA	NA	NA	Author labels,predeclared coarse mapping	mean_donor(mean_cell(log1p(10000*counts/all_gene_library)))	NA	NA
PDAC	GSE242230	06_EXTERNAL	20260922T131800Z_author_identity_v4	PDAC_author_cell_identity_v4	sc_expression_source	NA	NA	DUOX1	author_source_label	20	25	equal_donor_mean_cellwise_log1p10k	0.000816065153022	NA	NA	NA	NA	SC_SOURCE_DESCRIPTIVE	NA	DONE	Donor-equal descriptive expression	GSE242230	UniProtKB:Q9NRD9	primary_tumor	Myeloid	25	20	6246	6224	0.0008870100201531	0.0	0.0	0.0001285628535273	Author labels,predeclared coarse mapping	mean_donor(mean_cell(log1p(10000*counts/all_gene_library)))	0.0	0.020571401350589647
PDAC	GSE242230	06_EXTERNAL	20260922T131800Z_author_identity_v4	PDAC_author_cell_identity_v4	sc_expression_source	NA	NA	DUOX1	author_source_label	6	25	equal_donor_mean_cellwise_log1p10k	0.026797457573722	NA	NA	NA	NA	SC_SOURCE_DESCRIPTIVE	NA	DONE	Donor-equal descriptive expression	GSE242230	UniProtKB:Q9NRD9	primary_tumor	Normal epithelial (author)	21	6	350	291	0.0576025021677195	0.0277236730177262	0.0250910155411465	0.0291459625325177	Author labels,predeclared coarse mapping	mean_donor(mean_cell(log1p(10000*counts/all_gene_library)))	0.095	0.6755113275980947
PDAC	GSE242230	06_EXTERNAL	20260922T131800Z_author_identity_v4	PDAC_author_cell_identity_v4	sc_expression_source	NA	NA	DUOX1	author_source_label	2	25	equal_donor_mean_cellwise_log1p10k	NA	NA	NA	NA	NA	SC_SOURCE_DESCRIPTIVE	NA	NOT_EVALUABLE	GENE_MISSING_OR_LT3_ELIGIBLE_LABELS	GSE242230	UniProtKB:Q9NRD9	primary_tumor	Platelet	13	2	122	64	NA	NA	NA	NA	Author labels,predeclared coarse mapping	mean_donor(mean_cell(log1p(10000*counts/all_gene_library)))	NA	NA
PDAC	GSE242230	06_EXTERNAL	20260922T131800Z_author_identity_v4	PDAC_author_cell_identity_v4	sc_expression_source	NA	NA	DUOX1	author_source_label	21	25	equal_donor_mean_cellwise_log1p10k	0.000915729145149	NA	NA	NA	NA	SC_SOURCE_DESCRIPTIVE	NA	DONE	Donor-equal descriptive expression	GSE242230	UniProtKB:Q9NRD9	primary_tumor	T/NK	25	21	9408	9383	0.000762932345115	0.0	0.0	0.0	Author labels,predeclared coarse mapping	mean_donor(mean_cell(log1p(10000*counts/all_gene_library)))	0.0	0.023083735046807715
PDAC	GSE242230	06_EXTERNAL	20260922T131800Z_author_identity_v4	PDAC_author_cell_identity_v4	sc_expression_source	NA	NA	DUOX2	author_source_label	1	25	equal_donor_mean_cellwise_log1p10k	NA	NA	NA	NA	NA	SC_SOURCE_DESCRIPTIVE	NA	NOT_EVALUABLE	GENE_MISSING_OR_LT3_ELIGIBLE_LABELS	GSE242230	UniProtKB:Q9NRD8	primary_tumor	Acinar	17	1	91	20	NA	NA	NA	NA	Author labels,predeclared coarse mapping	mean_donor(mean_cell(log1p(10000*counts/all_gene_library)))	NA	NA
PDAC	GSE242230	06_EXTERNAL	20260922T131800Z_author_identity_v4	PDAC_author_cell_identity_v4	sc_expression_source	NA	NA	DUOX2	author_source_label	15	25	equal_donor_mean_cellwise_log1p10k	0.0	NA	NA	NA	NA	SC_SOURCE_DESCRIPTIVE	NA	DONE	Donor-equal descriptive expression	GSE242230	UniProtKB:Q9NRD8	primary_tumor	B/Plasma	23	15	1740	1675	0.0	0.0	0.0	0.0	Author labels,predeclared coarse mapping	mean_donor(mean_cell(log1p(10000*counts/all_gene_library)))	0.0	0.0
PDAC	GSE242230	06_EXTERNAL	20260922T131800Z_author_identity_v4	PDAC_author_cell_identity_v4	sc_expression_source	NA	NA	DUOX2	author_source_label	3	25	equal_donor_mean_cellwise_log1p10k	0.0098516013827994	NA	NA	NA	NA	SC_SOURCE_DESCRIPTIVE	NA	DONE	Donor-equal descriptive expression	GSE242230	UniProtKB:Q9NRD8	primary_tumor	Endothelial	18	3	274	186	0.0070921985815602	0.0	0.0	0.0147774020741991	Author labels,predeclared coarse mapping	mean_donor(mean_cell(log1p(10000*counts/all_gene_library)))	0.0	0.007395412290135638
PDAC	GSE242230	06_EXTERNAL	20260922T131800Z_author_identity_v4	PDAC_author_cell_identity_v4	sc_expression_source	NA	NA	DUOX2	author_source_label	3	25	equal_donor_mean_cellwise_log1p10k	0.0	NA	NA	NA	NA	SC_SOURCE_DESCRIPTIVE	NA	DONE	Donor-equal descriptive expression	GSE242230	UniProtKB:Q9NRD8	primary_tumor	Erythrocyte	12	3	1199	1158	0.0	0.0	0.0	0.0	Author labels,predeclared coarse mapping	mean_donor(mean_cell(log1p(10000*counts/all_gene_library)))	0.0	0.0
PDAC	GSE242230	06_EXTERNAL	20260922T131800Z_author_identity_v4	PDAC_author_cell_identity_v4	sc_expression_source	NA	NA	DUOX2	author_source_label	7	25	equal_donor_mean_cellwise_log1p10k	0.0063076243779973	NA	NA	NA	NA	SC_SOURCE_DESCRIPTIVE	NA	DONE	Donor-equal descriptive expression	GSE242230	UniProtKB:Q9NRD8	primary_tumor	Fibroblast/CAF	20	7	911	810	0.0072656247093632	0.0022020759653835	0.0	0.011617163940391	Author labels,predeclared coarse mapping	mean_donor(mean_cell(log1p(10000*counts/all_gene_library)))	0.0	0.004735015256305994
PDAC	GSE242230	06_EXTERNAL	20260922T131800Z_author_identity_v4	PDAC_author_cell_identity_v4	sc_expression_source	NA	NA	DUOX2	author_source_label	23	25	equal_donor_mean_cellwise_log1p10k	0.3032314702559919	NA	NA	NA	NA	SC_SOURCE_DESCRIPTIVE	NA	DONE	Donor-equal descriptive expression	GSE242230	UniProtKB:Q9NRD8	primary_tumor	Malignant (author)	25	23	10783	10759	0.2249019854240451	0.3102307749781707	0.1277622360175521	0.4316774266290615	Author labels,predeclared coarse mapping	mean_donor(mean_cell(log1p(10000*counts/all_gene_library)))	0.043	0.2276301745016234
PDAC	GSE242230	06_EXTERNAL	20260922T131800Z_author_identity_v4	PDAC_author_cell_identity_v4	sc_expression_source	NA	NA	DUOX2	author_source_label	1	25	equal_donor_mean_cellwise_log1p10k	NA	NA	NA	NA	NA	SC_SOURCE_DESCRIPTIVE	NA	NOT_EVALUABLE	GENE_MISSING_OR_LT3_ELIGIBLE_LABELS	GSE242230	UniProtKB:Q9NRD8	primary_tumor	Mast	11	1	91	23	NA	NA	NA	NA	Author labels,predeclared coarse mapping	mean_donor(mean_cell(log1p(10000*counts/all_gene_library)))	NA	NA
PDAC	GSE242230	06_EXTERNAL	20260922T131800Z_author_identity_v4	PDAC_author_cell_identity_v4	sc_expression_source	NA	NA	DUOX2	author_source_label	20	25	equal_donor_mean_cellwise_log1p10k	0.0046061788192487	NA	NA	NA	NA	SC_SOURCE_DESCRIPTIVE	NA	DONE	Donor-equal descriptive expression	GSE242230	UniProtKB:Q9NRD8	primary_tumor	Myeloid	25	20	6246	6224	0.0025097236233739	0.0	0.0	0.000719553382379	Author labels,predeclared coarse mapping	mean_donor(mean_cell(log1p(10000*counts/all_gene_library)))	0.0	0.0034577720034338834
PDAC	GSE242230	06_EXTERNAL	20260922T131800Z_author_identity_v4	PDAC_author_cell_identity_v4	sc_expression_source	NA	NA	DUOX2	author_source_label	6	25	equal_donor_mean_cellwise_log1p10k	1.3321233484088435	NA	NA	NA	NA	SC_SOURCE_DESCRIPTIVE	NA	DONE	Donor-equal descriptive expression	GSE242230	UniProtKB:Q9NRD8	primary_tumor	Normal epithelial (author)	21	6	350	291	0.6185134462683188	1.408144692570028	0.7850156173943292	2.0830889034377043	Author labels,predeclared coarse mapping	mean_donor(mean_cell(log1p(10000*counts/all_gene_library)))	0.957	1.0
PDAC	GSE242230	06_EXTERNAL	20260922T131800Z_author_identity_v4	PDAC_author_cell_identity_v4	sc_expression_source	NA	NA	DUOX2	author_source_label	2	25	equal_donor_mean_cellwise_log1p10k	NA	NA	NA	NA	NA	SC_SOURCE_DESCRIPTIVE	NA	NOT_EVALUABLE	GENE_MISSING_OR_LT3_ELIGIBLE_LABELS	GSE242230	UniProtKB:Q9NRD8	primary_tumor	Platelet	13	2	122	64	NA	NA	NA	NA	Author labels,predeclared coarse mapping	mean_donor(mean_cell(log1p(10000*counts/all_gene_library)))	NA	NA
PDAC	GSE242230	06_EXTERNAL	20260922T131800Z_author_identity_v4	PDAC_author_cell_identity_v4	sc_expression_source	NA	NA	DUOX2	author_source_label	21	25	equal_donor_mean_cellwise_log1p10k	0.0012967170009008	NA	NA	NA	NA	SC_SOURCE_DESCRIPTIVE	NA	DONE	Donor-equal descriptive expression	GSE242230	UniProtKB:Q9NRD8	primary_tumor	T/NK	25	21	9408	9383	0.0008677255319969	0.0	0.0	0.0022119758668924	Author labels,predeclared coarse mapping	mean_donor(mean_cell(log1p(10000*counts/all_gene_library)))	0.0	0.0009734211193352818
PDAC	GSE242230	06_EXTERNAL	20260922T131800Z_author_identity_v4	PDAC_author_cell_identity_v4	sc_expression_source	NA	NA	DUS1L	author_source_label	1	25	equal_donor_mean_cellwise_log1p10k	NA	NA	NA	NA	NA	SC_SOURCE_DESCRIPTIVE	NA	NOT_EVALUABLE	GENE_MISSING_OR_LT3_ELIGIBLE_LABELS	GSE242230	UniProtKB:Q6P1R4	primary_tumor	Acinar	17	1	91	20	NA	NA	NA	NA	Author labels,predeclared coarse mapping	mean_donor(mean_cell(log1p(10000*counts/all_gene_library)))	NA	NA
PDAC	GSE242230	06_EXTERNAL	20260922T131800Z_author_identity_v4	PDAC_author_cell_identity_v4	sc_expression_source	NA	NA	DUS1L	author_source_label	15	25	equal_donor_mean_cellwise_log1p10k	0.0773408324295159	NA	NA	NA	NA	SC_SOURCE_DESCRIPTIVE	NA	DONE	Donor-equal descriptive expression	GSE242230	UniProtKB:Q6P1R4	primary_tumor	B/Plasma	23	15	1740	1675	0.066991192101482	0.0289302908170999	0.0198011512432009	0.0830532978520718	Author labels,predeclared coarse mapping	mean_donor(mean_cell(log1p(10000*counts/all_gene_library)))	0.0	0.4413440139308728
PDAC	GSE242230	06_EXTERNAL	20260922T131800Z_author_identity_v4	PDAC_author_cell_identity_v4	sc_expression_source	NA	NA	DUS1L	author_source_label	3	25	equal_donor_mean_cellwise_log1p10k	0.1115346108468034	NA	NA	NA	NA	SC_SOURCE_DESCRIPTIVE	NA	DONE	Donor-equal descriptive expression	GSE242230	UniProtKB:Q6P1R4	primary_tumor	Endothelial	18	3	274	186	0.1467057251516086	0.0803710612710205	0.0669050201790432	0.1405824267266721	Author labels,predeclared coarse mapping	mean_donor(mean_cell(log1p(10000*counts/all_gene_library)))	0.007	0.6364701710213309
PDAC	GSE242230	06_EXTERNAL	20260922T131800Z_author_identity_v4	PDAC_author_cell_identity_v4	sc_expression_source	NA	NA	DUS1L	author_source_label	3	25	equal_donor_mean_cellwise_log1p10k	0.0028012970280516	NA	NA	NA	NA	SC_SOURCE_DESCRIPTIVE	NA	DONE	Donor-equal descriptive expression	GSE242230	UniProtKB:Q6P1R4	primary_tumor	Erythrocyte	12	3	1199	1158	0.0026905829596412	0.0	0.0	0.0042019455420775	Author labels,predeclared coarse mapping	mean_donor(mean_cell(log1p(10000*counts/all_gene_library)))	0.0	0.015985549104344656
PDAC	GSE242230	06_EXTERNAL	20260922T131800Z_author_identity_v4	PDAC_author_cell_identity_v4	sc_expression_source	NA	NA	DUS1L	author_source_label	7	25	equal_donor_mean_cellwise_log1p10k	0.0897876658136457	NA	NA	NA	NA	SC_SOURCE_DESCRIPTIVE	NA	DONE	Donor-equal descriptive expression	GSE242230	UniProtKB:Q6P1R4	primary_tumor	Fibroblast/CAF	20	7	911	810	0.1307350830955598	0.0779359053261341	0.0653202974871637	0.0839311984722959	Author labels,predeclared coarse mapping	mean_donor(mean_cell(log1p(10000*counts/all_gene_library)))	0.001	0.5123716358728393
PDAC	GSE242230	06_EXTERNAL	20260922T131800Z_author_identity_v4	PDAC_author_cell_identity_v4	sc_expression_source	NA	NA	DUS1L	author_source_label	23	25	equal_donor_mean_cellwise_log1p10k	0.1752393370891617	NA	NA	NA	NA	SC_SOURCE_DESCRIPTIVE	NA	DONE	Donor-equal descriptive expression	GSE242230	UniProtKB:Q6P1R4	primary_tumor	Malignant (author)	25	23	10783	10759	0.2612144709591034	0.1383933967323397	0.1157711673816666	0.2088283147097211	Author labels,predeclared coarse mapping	mean_donor(mean_cell(log1p(10000*counts/all_gene_library)))	0.507	1.0
PDAC	GSE242230	06_EXTERNAL	20260922T131800Z_author_identity_v4	PDAC_author_cell_identity_v4	sc_expression_source	NA	NA	DUS1L	author_source_label	1	25	equal_donor_mean_cellwise_log1p10k	NA	NA	NA	NA	NA	SC_SOURCE_DESCRIPTIVE	NA	NOT_EVALUABLE	GENE_MISSING_OR_LT3_ELIGIBLE_LABELS	GSE242230	UniProtKB:Q6P1R4	primary_tumor	Mast	11	1	91	23	NA	NA	NA	NA	Author labels,predeclared coarse mapping	mean_donor(mean_cell(log1p(10000*counts/all_gene_library)))	NA	NA
PDAC	GSE242230	06_EXTERNAL	20260922T131800Z_author_identity_v4	PDAC_author_cell_identity_v4	sc_expression_source	NA	NA	DUS1L	author_source_label	20	25	equal_donor_mean_cellwise_log1p10k	0.1152394679983892	NA	NA	NA	NA	SC_SOURCE_DESCRIPTIVE	NA	DONE	Donor-equal descriptive expression	GSE242230	UniProtKB:Q6P1R4	primary_tumor	Myeloid	25	20	6246	6224	0.1323936124898126	0.0873330730053603	0.0648645595475148	0.1334680031078966	Author labels,predeclared coarse mapping	mean_donor(mean_cell(log1p(10000*counts/all_gene_library)))	0.0	0.6576118690734114
PDAC	GSE242230	06_EXTERNAL	20260922T131800Z_author_identity_v4	PDAC_author_cell_identity_v4	sc_expression_source	NA	NA	DUS1L	author_source_label	6	25	equal_donor_mean_cellwise_log1p10k	0.1666657907697203	NA	NA	NA	NA	SC_SOURCE_DESCRIPTIVE	NA	DONE	Donor-equal descriptive expression	GSE242230	UniProtKB:Q6P1R4	primary_tumor	Normal epithelial (author)	21	6	350	291	0.279375536590679	0.1459479386125052	0.1039056626421802	0.1780666953025588	Author labels,predeclared coarse mapping	mean_donor(mean_cell(log1p(10000*counts/all_gene_library)))	0.354	0.9510752182594757
PDAC	GSE242230	06_EXTERNAL	20260922T131800Z_author_identity_v4	PDAC_author_cell_identity_v4	sc_expression_source	NA	NA	DUS1L	author_source_label	2	25	equal_donor_mean_cellwise_log1p10k	NA	NA	NA	NA	NA	SC_SOURCE_DESCRIPTIVE	NA	NOT_EVALUABLE	GENE_MISSING_OR_LT3_ELIGIBLE_LABELS	GSE242230	UniProtKB:Q6P1R4	primary_tumor	Platelet	13	2	122	64	NA	NA	NA	NA	Author labels,predeclared coarse mapping	mean_donor(mean_cell(log1p(10000*counts/all_gene_library)))	NA	NA
PDAC	GSE242230	06_EXTERNAL	20260922T131800Z_author_identity_v4	PDAC_author_cell_identity_v4	sc_expression_source	NA	NA	DUS1L	author_source_label	21	25	equal_donor_mean_cellwise_log1p10k	0.1502115149069654	NA	NA	NA	NA	SC_SOURCE_DESCRIPTIVE	NA	DONE	Donor-equal descriptive expression	GSE242230	UniProtKB:Q6P1R4	primary_tumor	T/NK	25	21	9408	9383	0.1049311848376015	0.0743031514164103	0.0591107549241013	0.1151709084214558	Author labels,predeclared coarse mapping	mean_donor(mean_cell(log1p(10000*counts/all_gene_library)))	0.131	0.8571792007552382
PDAC	GSE242230	06_EXTERNAL	20260922T131800Z_author_identity_v4	PDAC_author_cell_identity_v4	sc_expression_source	NA	NA	DXO	author_source_label	1	25	equal_donor_mean_cellwise_log1p10k	NA	NA	NA	NA	NA	SC_SOURCE_DESCRIPTIVE	NA	NOT_EVALUABLE	GENE_MISSING_OR_LT3_ELIGIBLE_LABELS	GSE242230	UniProtKB:O77932	primary_tumor	Acinar	17	1	91	20	NA	NA	NA	NA	Author labels,predeclared coarse mapping	mean_donor(mean_cell(log1p(10000*counts/all_gene_library)))	NA	NA
PDAC	GSE242230	06_EXTERNAL	20260922T131800Z_author_identity_v4	PDAC_author_cell_identity_v4	sc_expression_source	NA	NA	DXO	author_source_label	15	25	equal_donor_mean_cellwise_log1p10k	0.0699522664595269	NA	NA	NA	NA	SC_SOURCE_DESCRIPTIVE	NA	DONE	Donor-equal descriptive expression	GSE242230	UniProtKB:O77932	primary_tumor	B/Plasma	23	15	1740	1675	0.0524613441628306	0.0699750888021314	0.0524747519638728	0.0853772093831354	Author labels,predeclared coarse mapping	mean_donor(mean_cell(log1p(10000*counts/all_gene_library)))	0.001	0.4118644741505275
PDAC	GSE242230	06_EXTERNAL	20260922T131800Z_author_identity_v4	PDAC_author_cell_identity_v4	sc_expression_source	NA	NA	DXO	author_source_label	3	25	equal_donor_mean_cellwise_log1p10k	0.1081897966218909	NA	NA	NA	NA	SC_SOURCE_DESCRIPTIVE	NA	DONE	Donor-equal descriptive expression	GSE242230	UniProtKB:O77932	primary_tumor	Endothelial	18	3	274	186	0.1171163531709322	0.1011603969560964	0.0677496987285911	0.1451151946822935	Author labels,predeclared coarse mapping	mean_donor(mean_cell(log1p(10000*counts/all_gene_library)))	0.045	0.6369991416919842
PDAC	GSE242230	06_EXTERNAL	20260922T131800Z_author_identity_v4	PDAC_author_cell_identity_v4	sc_expression_source	NA	NA	DXO	author_source_label	3	25	equal_donor_mean_cellwise_log1p10k	0.0004711109869797	NA	NA	NA	NA	SC_SOURCE_DESCRIPTIVE	NA	DONE	Donor-equal descriptive expression	GSE242230	UniProtKB:O77932	primary_tumor	Erythrocyte	12	3	1199	1158	0.0005979073243647	0.0	0.0	0.0007066664804696	Author labels,predeclared coarse mapping	mean_donor(mean_cell(log1p(10000*counts/all_gene_library)))	0.0	0.002773804034372419
PDAC	GSE242230	06_EXTERNAL	20260922T131800Z_author_identity_v4	PDAC_author_cell_identity_v4	sc_expression_source	NA	NA	DXO	author_source_label	7	25	equal_donor_mean_cellwise_log1p10k	0.0944519612211515	NA	NA	NA	NA	SC_SOURCE_DESCRIPTIVE	NA	DONE	Donor-equal descriptive expression	GSE242230	UniProtKB:O77932	primary_tumor	Fibroblast/CAF	20	7	911	810	0.133949017410905	0.0869689978574699	0.0794866292228322	0.1088539219443642	Author labels,predeclared coarse mapping	mean_donor(mean_cell(log1p(10000*counts/all_gene_library)))	0.006	0.5561136087469477
PDAC	GSE242230	06_EXTERNAL	20260922T131800Z_author_identity_v4	PDAC_author_cell_identity_v4	sc_expression_source	NA	NA	DXO	author_source_label	23	25	equal_donor_mean_cellwise_log1p10k	0.0579312616131734	NA	NA	NA	NA	SC_SOURCE_DESCRIPTIVE	NA	DONE	Donor-equal descriptive expression	GSE242230	UniProtKB:O77932	primary_tumor	Malignant (author)	25	23	10783	10759	0.1110391224592634	0.0572870292959785	0.0356841314052357	0.074785734592957	Author labels,predeclared coarse mapping	mean_donor(mean_cell(log1p(10000*counts/all_gene_library)))	0.0	0.3410872843554134
PDAC	GSE242230	06_EXTERNAL	20260922T131800Z_author_identity_v4	PDAC_author_cell_identity_v4	sc_expression_source	NA	NA	DXO	author_source_label	1	25	equal_donor_mean_cellwise_log1p10k	NA	NA	NA	NA	NA	SC_SOURCE_DESCRIPTIVE	NA	NOT_EVALUABLE	GENE_MISSING_OR_LT3_ELIGIBLE_LABELS	GSE242230	UniProtKB:O77932	primary_tumor	Mast	11	1	91	23	NA	NA	NA	NA	Author labels,predeclared coarse mapping	mean_donor(mean_cell(log1p(10000*counts/all_gene_library)))	NA	NA
PDAC	GSE242230	06_EXTERNAL	20260922T131800Z_author_identity_v4	PDAC_author_cell_identity_v4	sc_expression_source	NA	NA	DXO	author_source_label	20	25	equal_donor_mean_cellwise_log1p10k	0.0455409952373001	NA	NA	NA	NA	SC_SOURCE_DESCRIPTIVE	NA	DONE	Donor-equal descriptive expression	GSE242230	UniProtKB:O77932	primary_tumor	Myeloid	25	20	6246	6224	0.0529086055238786	0.0392535875175791	0.0267113569425582	0.0661497048637711	Author labels,predeclared coarse mapping	mean_donor(mean_cell(log1p(10000*counts/all_gene_library)))	0.0	0.2681359590622353
PDAC	GSE242230	06_EXTERNAL	20260922T131800Z_author_identity_v4	PDAC_author_cell_identity_v4	sc_expression_source	NA	NA	DXO	author_source_label	6	25	equal_donor_mean_cellwise_log1p10k	0.1698429237039776	NA	NA	NA	NA	SC_SOURCE_DESCRIPTIVE	NA	DONE	Donor-equal descriptive expression	GSE242230	UniProtKB:O77932	primary_tumor	Normal epithelial (author)	21	6	350	291	0.3165132177500993	0.1660134836381905	0.1280994210669834	0.205542052848482	Author labels,predeclared coarse mapping	mean_donor(mean_cell(log1p(10000*counts/all_gene_library)))	0.931	1.0
PDAC	GSE242230	06_EXTERNAL	20260922T131800Z_author_identity_v4	PDAC_author_cell_identity_v4	sc_expression_source	NA	NA	DXO	author_source_label	2	25	equal_donor_mean_cellwise_log1p10k	NA	NA	NA	NA	NA	SC_SOURCE_DESCRIPTIVE	NA	NOT_EVALUABLE	GENE_MISSING_OR_LT3_ELIGIBLE_LABELS	GSE242230	UniProtKB:O77932	primary_tumor	Platelet	13	2	122	64	NA	NA	NA	NA	Author labels,predeclared coarse mapping	mean_donor(mean_cell(log1p(10000*counts/all_gene_library)))	NA	NA
PDAC	GSE242230	06_EXTERNAL	20260922T131800Z_author_identity_v4	PDAC_author_cell_identity_v4	sc_expression_source	NA	NA	DXO	author_source_label	21	25	equal_donor_mean_cellwise_log1p10k	0.0911708815885928	NA	NA	NA	NA	SC_SOURCE_DESCRIPTIVE	NA	DONE	Donor-equal descriptive expression	GSE242230	UniProtKB:O77932	primary_tumor	T/NK	25	21	9408	9383	0.0698164828827186	0.0826654066168851	0.0679381367357878	0.1060574951107262	Author labels,predeclared coarse mapping	mean_donor(mean_cell(log1p(10000*counts/all_gene_library)))	0.017	0.5367952906150875
