cancer	cohort	stage_id	run_id	analysis_version	analysis_type	metabolite_key	metabolite_name	gene	unit	n	n_reference	effect_type	effect	ci_lower	ci_upper	p_value	q_value	test_family	family_n_evaluable	status	reason	source_id	stable_gene_id	partition	celltype	n_source_labels_total	n_source_labels_eligible	n_cells_total	n_cells_eligible	mean_detection_fraction	median_donor_mean	q25	q75	annotation_origin	normalization	bootstrap_first_frequency	row_scaled
PDAC	GSE242230	06_EXTERNAL	20260922T131800Z_author_identity_v4	PDAC_author_cell_identity_v4	sc_expression_source	NA	NA	SLC6A13	author_source_label	1	25	equal_donor_mean_cellwise_log1p10k	NA	NA	NA	NA	NA	SC_SOURCE_DESCRIPTIVE	NA	NOT_EVALUABLE	GENE_MISSING_OR_LT3_ELIGIBLE_LABELS	GSE242230	UniProtKB:Q9NSD5	primary_tumor	Acinar	17	1	91	20	NA	NA	NA	NA	Author labels,predeclared coarse mapping	mean_donor(mean_cell(log1p(10000*counts/all_gene_library)))	NA	NA
PDAC	GSE242230	06_EXTERNAL	20260922T131800Z_author_identity_v4	PDAC_author_cell_identity_v4	sc_expression_source	NA	NA	SLC6A13	author_source_label	15	25	equal_donor_mean_cellwise_log1p10k	0.0	NA	NA	NA	NA	SC_SOURCE_DESCRIPTIVE	NA	DONE	Donor-equal descriptive expression	GSE242230	UniProtKB:Q9NSD5	primary_tumor	B/Plasma	23	15	1740	1675	0.0	0.0	0.0	0.0	Author labels,predeclared coarse mapping	mean_donor(mean_cell(log1p(10000*counts/all_gene_library)))	NA	0.0
PDAC	GSE242230	06_EXTERNAL	20260922T131800Z_author_identity_v4	PDAC_author_cell_identity_v4	sc_expression_source	NA	NA	SLC6A13	author_source_label	3	25	equal_donor_mean_cellwise_log1p10k	0.0	NA	NA	NA	NA	SC_SOURCE_DESCRIPTIVE	NA	DONE	Donor-equal descriptive expression	GSE242230	UniProtKB:Q9NSD5	primary_tumor	Endothelial	18	3	274	186	0.0	0.0	0.0	0.0	Author labels,predeclared coarse mapping	mean_donor(mean_cell(log1p(10000*counts/all_gene_library)))	NA	0.0
PDAC	GSE242230	06_EXTERNAL	20260922T131800Z_author_identity_v4	PDAC_author_cell_identity_v4	sc_expression_source	NA	NA	SLC6A13	author_source_label	3	25	equal_donor_mean_cellwise_log1p10k	0.0	NA	NA	NA	NA	SC_SOURCE_DESCRIPTIVE	NA	DONE	Donor-equal descriptive expression	GSE242230	UniProtKB:Q9NSD5	primary_tumor	Erythrocyte	12	3	1199	1158	0.0	0.0	0.0	0.0	Author labels,predeclared coarse mapping	mean_donor(mean_cell(log1p(10000*counts/all_gene_library)))	NA	0.0
PDAC	GSE242230	06_EXTERNAL	20260922T131800Z_author_identity_v4	PDAC_author_cell_identity_v4	sc_expression_source	NA	NA	SLC6A13	author_source_label	7	25	equal_donor_mean_cellwise_log1p10k	0.0037433263832912	NA	NA	NA	NA	SC_SOURCE_DESCRIPTIVE	NA	DONE	Donor-equal descriptive expression	GSE242230	UniProtKB:Q9NSD5	primary_tumor	Fibroblast/CAF	20	7	911	810	0.0069363432859349	0.0	0.0	0.0009593277031913	Author labels,predeclared coarse mapping	mean_donor(mean_cell(log1p(10000*counts/all_gene_library)))	NA	1.0
PDAC	GSE242230	06_EXTERNAL	20260922T131800Z_author_identity_v4	PDAC_author_cell_identity_v4	sc_expression_source	NA	NA	SLC6A13	author_source_label	23	25	equal_donor_mean_cellwise_log1p10k	0.0002697632605348	NA	NA	NA	NA	SC_SOURCE_DESCRIPTIVE	NA	DONE	Donor-equal descriptive expression	GSE242230	UniProtKB:Q9NSD5	primary_tumor	Malignant (author)	25	23	10783	10759	0.0006336032468608	0.0	0.0	0.0001644257999836	Author labels,predeclared coarse mapping	mean_donor(mean_cell(log1p(10000*counts/all_gene_library)))	NA	0.07206511880420625
PDAC	GSE242230	06_EXTERNAL	20260922T131800Z_author_identity_v4	PDAC_author_cell_identity_v4	sc_expression_source	NA	NA	SLC6A13	author_source_label	1	25	equal_donor_mean_cellwise_log1p10k	NA	NA	NA	NA	NA	SC_SOURCE_DESCRIPTIVE	NA	NOT_EVALUABLE	GENE_MISSING_OR_LT3_ELIGIBLE_LABELS	GSE242230	UniProtKB:Q9NSD5	primary_tumor	Mast	11	1	91	23	NA	NA	NA	NA	Author labels,predeclared coarse mapping	mean_donor(mean_cell(log1p(10000*counts/all_gene_library)))	NA	NA
PDAC	GSE242230	06_EXTERNAL	20260922T131800Z_author_identity_v4	PDAC_author_cell_identity_v4	sc_expression_source	NA	NA	SLC6A13	author_source_label	20	25	equal_donor_mean_cellwise_log1p10k	0.0002655834886132	NA	NA	NA	NA	SC_SOURCE_DESCRIPTIVE	NA	DONE	Donor-equal descriptive expression	GSE242230	UniProtKB:Q9NSD5	primary_tumor	Myeloid	25	20	6246	6224	0.000418642716962	0.0	0.0	0.0	Author labels,predeclared coarse mapping	mean_donor(mean_cell(log1p(10000*counts/all_gene_library)))	NA	0.07094852583484697
PDAC	GSE242230	06_EXTERNAL	20260922T131800Z_author_identity_v4	PDAC_author_cell_identity_v4	sc_expression_source	NA	NA	SLC6A13	author_source_label	6	25	equal_donor_mean_cellwise_log1p10k	0.0	NA	NA	NA	NA	SC_SOURCE_DESCRIPTIVE	NA	DONE	Donor-equal descriptive expression	GSE242230	UniProtKB:Q9NSD5	primary_tumor	Normal epithelial (author)	21	6	350	291	0.0	0.0	0.0	0.0	Author labels,predeclared coarse mapping	mean_donor(mean_cell(log1p(10000*counts/all_gene_library)))	NA	0.0
PDAC	GSE242230	06_EXTERNAL	20260922T131800Z_author_identity_v4	PDAC_author_cell_identity_v4	sc_expression_source	NA	NA	SLC6A13	author_source_label	2	25	equal_donor_mean_cellwise_log1p10k	NA	NA	NA	NA	NA	SC_SOURCE_DESCRIPTIVE	NA	NOT_EVALUABLE	GENE_MISSING_OR_LT3_ELIGIBLE_LABELS	GSE242230	UniProtKB:Q9NSD5	primary_tumor	Platelet	13	2	122	64	NA	NA	NA	NA	Author labels,predeclared coarse mapping	mean_donor(mean_cell(log1p(10000*counts/all_gene_library)))	NA	NA
PDAC	GSE242230	06_EXTERNAL	20260922T131800Z_author_identity_v4	PDAC_author_cell_identity_v4	sc_expression_source	NA	NA	SLC6A13	author_source_label	21	25	equal_donor_mean_cellwise_log1p10k	0.0001357122187729	NA	NA	NA	NA	SC_SOURCE_DESCRIPTIVE	NA	DONE	Donor-equal descriptive expression	GSE242230	UniProtKB:Q9NSD5	primary_tumor	T/NK	25	21	9408	9383	0.0001337800799959	0.0	0.0	0.0	Author labels,predeclared coarse mapping	mean_donor(mean_cell(log1p(10000*counts/all_gene_library)))	NA	0.03625444454394045
PDAC	GSE242230	06_EXTERNAL	20260922T131800Z_author_identity_v4	PDAC_author_cell_identity_v4	sc_expression_source	NA	NA	SLC6A14	author_source_label	1	25	equal_donor_mean_cellwise_log1p10k	NA	NA	NA	NA	NA	SC_SOURCE_DESCRIPTIVE	NA	NOT_EVALUABLE	GENE_MISSING_OR_LT3_ELIGIBLE_LABELS	GSE242230	UniProtKB:Q9UN76	primary_tumor	Acinar	17	1	91	20	NA	NA	NA	NA	Author labels,predeclared coarse mapping	mean_donor(mean_cell(log1p(10000*counts/all_gene_library)))	NA	NA
PDAC	GSE242230	06_EXTERNAL	20260922T131800Z_author_identity_v4	PDAC_author_cell_identity_v4	sc_expression_source	NA	NA	SLC6A14	author_source_label	15	25	equal_donor_mean_cellwise_log1p10k	0.0073109479186163	NA	NA	NA	NA	SC_SOURCE_DESCRIPTIVE	NA	DONE	Donor-equal descriptive expression	GSE242230	UniProtKB:Q9UN76	primary_tumor	B/Plasma	23	15	1740	1675	0.0054054054054054	0.0	0.0	0.0	Author labels,predeclared coarse mapping	mean_donor(mean_cell(log1p(10000*counts/all_gene_library)))	0.0	0.039602758996269624
PDAC	GSE242230	06_EXTERNAL	20260922T131800Z_author_identity_v4	PDAC_author_cell_identity_v4	sc_expression_source	NA	NA	SLC6A14	author_source_label	3	25	equal_donor_mean_cellwise_log1p10k	0.0154533145409054	NA	NA	NA	NA	SC_SOURCE_DESCRIPTIVE	NA	DONE	Donor-equal descriptive expression	GSE242230	UniProtKB:Q9UN76	primary_tumor	Endothelial	18	3	274	186	0.0144927536231884	0.0	0.0	0.0231799718113582	Author labels,predeclared coarse mapping	mean_donor(mean_cell(log1p(10000*counts/all_gene_library)))	0.0	0.0837092396594249
PDAC	GSE242230	06_EXTERNAL	20260922T131800Z_author_identity_v4	PDAC_author_cell_identity_v4	sc_expression_source	NA	NA	SLC6A14	author_source_label	3	25	equal_donor_mean_cellwise_log1p10k	0.0	NA	NA	NA	NA	SC_SOURCE_DESCRIPTIVE	NA	DONE	Donor-equal descriptive expression	GSE242230	UniProtKB:Q9UN76	primary_tumor	Erythrocyte	12	3	1199	1158	0.0	0.0	0.0	0.0	Author labels,predeclared coarse mapping	mean_donor(mean_cell(log1p(10000*counts/all_gene_library)))	0.0	0.0
PDAC	GSE242230	06_EXTERNAL	20260922T131800Z_author_identity_v4	PDAC_author_cell_identity_v4	sc_expression_source	NA	NA	SLC6A14	author_source_label	7	25	equal_donor_mean_cellwise_log1p10k	0.0003870164098425	NA	NA	NA	NA	SC_SOURCE_DESCRIPTIVE	NA	DONE	Donor-equal descriptive expression	GSE242230	UniProtKB:Q9UN76	primary_tumor	Fibroblast/CAF	20	7	911	810	0.0009718172983479	0.0	0.0	0.0	Author labels,predeclared coarse mapping	mean_donor(mean_cell(log1p(10000*counts/all_gene_library)))	0.0	0.002096433701513069
PDAC	GSE242230	06_EXTERNAL	20260922T131800Z_author_identity_v4	PDAC_author_cell_identity_v4	sc_expression_source	NA	NA	SLC6A14	author_source_label	23	25	equal_donor_mean_cellwise_log1p10k	0.1846070350630105	NA	NA	NA	NA	SC_SOURCE_DESCRIPTIVE	NA	DONE	Donor-equal descriptive expression	GSE242230	UniProtKB:Q9UN76	primary_tumor	Malignant (author)	25	23	10783	10759	0.1823824278115016	0.1389479694113337	0.0666325486740917	0.2136747400535218	Author labels,predeclared coarse mapping	mean_donor(mean_cell(log1p(10000*counts/all_gene_library)))	1.0	1.0
PDAC	GSE242230	06_EXTERNAL	20260922T131800Z_author_identity_v4	PDAC_author_cell_identity_v4	sc_expression_source	NA	NA	SLC6A14	author_source_label	1	25	equal_donor_mean_cellwise_log1p10k	NA	NA	NA	NA	NA	SC_SOURCE_DESCRIPTIVE	NA	NOT_EVALUABLE	GENE_MISSING_OR_LT3_ELIGIBLE_LABELS	GSE242230	UniProtKB:Q9UN76	primary_tumor	Mast	11	1	91	23	NA	NA	NA	NA	Author labels,predeclared coarse mapping	mean_donor(mean_cell(log1p(10000*counts/all_gene_library)))	NA	NA
PDAC	GSE242230	06_EXTERNAL	20260922T131800Z_author_identity_v4	PDAC_author_cell_identity_v4	sc_expression_source	NA	NA	SLC6A14	author_source_label	20	25	equal_donor_mean_cellwise_log1p10k	0.0010077337634673	NA	NA	NA	NA	SC_SOURCE_DESCRIPTIVE	NA	DONE	Donor-equal descriptive expression	GSE242230	UniProtKB:Q9UN76	primary_tumor	Myeloid	25	20	6246	6224	0.0006836951638265	0.0	0.0	0.0	Author labels,predeclared coarse mapping	mean_donor(mean_cell(log1p(10000*counts/all_gene_library)))	0.0	0.005458804769402954
PDAC	GSE242230	06_EXTERNAL	20260922T131800Z_author_identity_v4	PDAC_author_cell_identity_v4	sc_expression_source	NA	NA	SLC6A14	author_source_label	6	25	equal_donor_mean_cellwise_log1p10k	0.036638152387489	NA	NA	NA	NA	SC_SOURCE_DESCRIPTIVE	NA	DONE	Donor-equal descriptive expression	GSE242230	UniProtKB:Q9UN76	primary_tumor	Normal epithelial (author)	21	6	350	291	0.0547116932986498	0.0178801414583106	0.0019441352070339	0.0295962362054352	Author labels,predeclared coarse mapping	mean_donor(mean_cell(log1p(10000*counts/all_gene_library)))	0.0	0.198465634719628
PDAC	GSE242230	06_EXTERNAL	20260922T131800Z_author_identity_v4	PDAC_author_cell_identity_v4	sc_expression_source	NA	NA	SLC6A14	author_source_label	2	25	equal_donor_mean_cellwise_log1p10k	NA	NA	NA	NA	NA	SC_SOURCE_DESCRIPTIVE	NA	NOT_EVALUABLE	GENE_MISSING_OR_LT3_ELIGIBLE_LABELS	GSE242230	UniProtKB:Q9UN76	primary_tumor	Platelet	13	2	122	64	NA	NA	NA	NA	Author labels,predeclared coarse mapping	mean_donor(mean_cell(log1p(10000*counts/all_gene_library)))	NA	NA
PDAC	GSE242230	06_EXTERNAL	20260922T131800Z_author_identity_v4	PDAC_author_cell_identity_v4	sc_expression_source	NA	NA	SLC6A14	author_source_label	21	25	equal_donor_mean_cellwise_log1p10k	0.0030060124630826	NA	NA	NA	NA	SC_SOURCE_DESCRIPTIVE	NA	DONE	Donor-equal descriptive expression	GSE242230	UniProtKB:Q9UN76	primary_tumor	T/NK	25	21	9408	9383	0.001497906834633	0.0	0.0	0.0	Author labels,predeclared coarse mapping	mean_donor(mean_cell(log1p(10000*counts/all_gene_library)))	0.0	0.016283303949151128
PDAC	GSE242230	06_EXTERNAL	20260922T131800Z_author_identity_v4	PDAC_author_cell_identity_v4	sc_expression_source	NA	NA	SLC6A15	author_source_label	1	25	equal_donor_mean_cellwise_log1p10k	NA	NA	NA	NA	NA	SC_SOURCE_DESCRIPTIVE	NA	NOT_EVALUABLE	GENE_MISSING_OR_LT3_ELIGIBLE_LABELS	GSE242230	UniProtKB:Q9H2J7	primary_tumor	Acinar	17	1	91	20	NA	NA	NA	NA	Author labels,predeclared coarse mapping	mean_donor(mean_cell(log1p(10000*counts/all_gene_library)))	NA	NA
PDAC	GSE242230	06_EXTERNAL	20260922T131800Z_author_identity_v4	PDAC_author_cell_identity_v4	sc_expression_source	NA	NA	SLC6A15	author_source_label	15	25	equal_donor_mean_cellwise_log1p10k	0.0	NA	NA	NA	NA	SC_SOURCE_DESCRIPTIVE	NA	DONE	Donor-equal descriptive expression	GSE242230	UniProtKB:Q9H2J7	primary_tumor	B/Plasma	23	15	1740	1675	0.0	0.0	0.0	0.0	Author labels,predeclared coarse mapping	mean_donor(mean_cell(log1p(10000*counts/all_gene_library)))	NA	0.0
PDAC	GSE242230	06_EXTERNAL	20260922T131800Z_author_identity_v4	PDAC_author_cell_identity_v4	sc_expression_source	NA	NA	SLC6A15	author_source_label	3	25	equal_donor_mean_cellwise_log1p10k	0.0	NA	NA	NA	NA	SC_SOURCE_DESCRIPTIVE	NA	DONE	Donor-equal descriptive expression	GSE242230	UniProtKB:Q9H2J7	primary_tumor	Endothelial	18	3	274	186	0.0	0.0	0.0	0.0	Author labels,predeclared coarse mapping	mean_donor(mean_cell(log1p(10000*counts/all_gene_library)))	NA	0.0
PDAC	GSE242230	06_EXTERNAL	20260922T131800Z_author_identity_v4	PDAC_author_cell_identity_v4	sc_expression_source	NA	NA	SLC6A15	author_source_label	3	25	equal_donor_mean_cellwise_log1p10k	0.0	NA	NA	NA	NA	SC_SOURCE_DESCRIPTIVE	NA	DONE	Donor-equal descriptive expression	GSE242230	UniProtKB:Q9H2J7	primary_tumor	Erythrocyte	12	3	1199	1158	0.0	0.0	0.0	0.0	Author labels,predeclared coarse mapping	mean_donor(mean_cell(log1p(10000*counts/all_gene_library)))	NA	0.0
PDAC	GSE242230	06_EXTERNAL	20260922T131800Z_author_identity_v4	PDAC_author_cell_identity_v4	sc_expression_source	NA	NA	SLC6A15	author_source_label	7	25	equal_donor_mean_cellwise_log1p10k	0.0	NA	NA	NA	NA	SC_SOURCE_DESCRIPTIVE	NA	DONE	Donor-equal descriptive expression	GSE242230	UniProtKB:Q9H2J7	primary_tumor	Fibroblast/CAF	20	7	911	810	0.0	0.0	0.0	0.0	Author labels,predeclared coarse mapping	mean_donor(mean_cell(log1p(10000*counts/all_gene_library)))	NA	0.0
PDAC	GSE242230	06_EXTERNAL	20260922T131800Z_author_identity_v4	PDAC_author_cell_identity_v4	sc_expression_source	NA	NA	SLC6A15	author_source_label	23	25	equal_donor_mean_cellwise_log1p10k	0.0	NA	NA	NA	NA	SC_SOURCE_DESCRIPTIVE	NA	DONE	Donor-equal descriptive expression	GSE242230	UniProtKB:Q9H2J7	primary_tumor	Malignant (author)	25	23	10783	10759	0.0	0.0	0.0	0.0	Author labels,predeclared coarse mapping	mean_donor(mean_cell(log1p(10000*counts/all_gene_library)))	NA	0.0
PDAC	GSE242230	06_EXTERNAL	20260922T131800Z_author_identity_v4	PDAC_author_cell_identity_v4	sc_expression_source	NA	NA	SLC6A15	author_source_label	1	25	equal_donor_mean_cellwise_log1p10k	NA	NA	NA	NA	NA	SC_SOURCE_DESCRIPTIVE	NA	NOT_EVALUABLE	GENE_MISSING_OR_LT3_ELIGIBLE_LABELS	GSE242230	UniProtKB:Q9H2J7	primary_tumor	Mast	11	1	91	23	NA	NA	NA	NA	Author labels,predeclared coarse mapping	mean_donor(mean_cell(log1p(10000*counts/all_gene_library)))	NA	NA
PDAC	GSE242230	06_EXTERNAL	20260922T131800Z_author_identity_v4	PDAC_author_cell_identity_v4	sc_expression_source	NA	NA	SLC6A15	author_source_label	20	25	equal_donor_mean_cellwise_log1p10k	0.0	NA	NA	NA	NA	SC_SOURCE_DESCRIPTIVE	NA	DONE	Donor-equal descriptive expression	GSE242230	UniProtKB:Q9H2J7	primary_tumor	Myeloid	25	20	6246	6224	0.0	0.0	0.0	0.0	Author labels,predeclared coarse mapping	mean_donor(mean_cell(log1p(10000*counts/all_gene_library)))	NA	0.0
PDAC	GSE242230	06_EXTERNAL	20260922T131800Z_author_identity_v4	PDAC_author_cell_identity_v4	sc_expression_source	NA	NA	SLC6A15	author_source_label	6	25	equal_donor_mean_cellwise_log1p10k	0.0	NA	NA	NA	NA	SC_SOURCE_DESCRIPTIVE	NA	DONE	Donor-equal descriptive expression	GSE242230	UniProtKB:Q9H2J7	primary_tumor	Normal epithelial (author)	21	6	350	291	0.0	0.0	0.0	0.0	Author labels,predeclared coarse mapping	mean_donor(mean_cell(log1p(10000*counts/all_gene_library)))	NA	0.0
PDAC	GSE242230	06_EXTERNAL	20260922T131800Z_author_identity_v4	PDAC_author_cell_identity_v4	sc_expression_source	NA	NA	SLC6A15	author_source_label	2	25	equal_donor_mean_cellwise_log1p10k	NA	NA	NA	NA	NA	SC_SOURCE_DESCRIPTIVE	NA	NOT_EVALUABLE	GENE_MISSING_OR_LT3_ELIGIBLE_LABELS	GSE242230	UniProtKB:Q9H2J7	primary_tumor	Platelet	13	2	122	64	NA	NA	NA	NA	Author labels,predeclared coarse mapping	mean_donor(mean_cell(log1p(10000*counts/all_gene_library)))	NA	NA
PDAC	GSE242230	06_EXTERNAL	20260922T131800Z_author_identity_v4	PDAC_author_cell_identity_v4	sc_expression_source	NA	NA	SLC6A15	author_source_label	21	25	equal_donor_mean_cellwise_log1p10k	0.0	NA	NA	NA	NA	SC_SOURCE_DESCRIPTIVE	NA	DONE	Donor-equal descriptive expression	GSE242230	UniProtKB:Q9H2J7	primary_tumor	T/NK	25	21	9408	9383	0.0	0.0	0.0	0.0	Author labels,predeclared coarse mapping	mean_donor(mean_cell(log1p(10000*counts/all_gene_library)))	NA	0.0
PDAC	GSE242230	06_EXTERNAL	20260922T131800Z_author_identity_v4	PDAC_author_cell_identity_v4	sc_expression_source	NA	NA	SLC6A17	author_source_label	1	25	equal_donor_mean_cellwise_log1p10k	NA	NA	NA	NA	NA	SC_SOURCE_DESCRIPTIVE	NA	NOT_EVALUABLE	GENE_MISSING_OR_LT3_ELIGIBLE_LABELS	GSE242230	UniProtKB:Q9H1V8	primary_tumor	Acinar	17	1	91	20	NA	NA	NA	NA	Author labels,predeclared coarse mapping	mean_donor(mean_cell(log1p(10000*counts/all_gene_library)))	NA	NA
PDAC	GSE242230	06_EXTERNAL	20260922T131800Z_author_identity_v4	PDAC_author_cell_identity_v4	sc_expression_source	NA	NA	SLC6A17	author_source_label	15	25	equal_donor_mean_cellwise_log1p10k	0.0	NA	NA	NA	NA	SC_SOURCE_DESCRIPTIVE	NA	DONE	Donor-equal descriptive expression	GSE242230	UniProtKB:Q9H1V8	primary_tumor	B/Plasma	23	15	1740	1675	0.0	0.0	0.0	0.0	Author labels,predeclared coarse mapping	mean_donor(mean_cell(log1p(10000*counts/all_gene_library)))	NA	0.0
PDAC	GSE242230	06_EXTERNAL	20260922T131800Z_author_identity_v4	PDAC_author_cell_identity_v4	sc_expression_source	NA	NA	SLC6A17	author_source_label	3	25	equal_donor_mean_cellwise_log1p10k	0.0012624801044274	NA	NA	NA	NA	SC_SOURCE_DESCRIPTIVE	NA	DONE	Donor-equal descriptive expression	GSE242230	UniProtKB:Q9H1V8	primary_tumor	Endothelial	18	3	274	186	0.0028985507246376	0.0	0.0	0.0018937201566411	Author labels,predeclared coarse mapping	mean_donor(mean_cell(log1p(10000*counts/all_gene_library)))	NA	0.701880955870223
PDAC	GSE242230	06_EXTERNAL	20260922T131800Z_author_identity_v4	PDAC_author_cell_identity_v4	sc_expression_source	NA	NA	SLC6A17	author_source_label	3	25	equal_donor_mean_cellwise_log1p10k	0.0	NA	NA	NA	NA	SC_SOURCE_DESCRIPTIVE	NA	DONE	Donor-equal descriptive expression	GSE242230	UniProtKB:Q9H1V8	primary_tumor	Erythrocyte	12	3	1199	1158	0.0	0.0	0.0	0.0	Author labels,predeclared coarse mapping	mean_donor(mean_cell(log1p(10000*counts/all_gene_library)))	NA	0.0
PDAC	GSE242230	06_EXTERNAL	20260922T131800Z_author_identity_v4	PDAC_author_cell_identity_v4	sc_expression_source	NA	NA	SLC6A17	author_source_label	7	25	equal_donor_mean_cellwise_log1p10k	0.0	NA	NA	NA	NA	SC_SOURCE_DESCRIPTIVE	NA	DONE	Donor-equal descriptive expression	GSE242230	UniProtKB:Q9H1V8	primary_tumor	Fibroblast/CAF	20	7	911	810	0.0	0.0	0.0	0.0	Author labels,predeclared coarse mapping	mean_donor(mean_cell(log1p(10000*counts/all_gene_library)))	NA	0.0
PDAC	GSE242230	06_EXTERNAL	20260922T131800Z_author_identity_v4	PDAC_author_cell_identity_v4	sc_expression_source	NA	NA	SLC6A17	author_source_label	23	25	equal_donor_mean_cellwise_log1p10k	0.0017987097297178	NA	NA	NA	NA	SC_SOURCE_DESCRIPTIVE	NA	DONE	Donor-equal descriptive expression	GSE242230	UniProtKB:Q9H1V8	primary_tumor	Malignant (author)	25	23	10783	10759	0.0021325341746939	0.0	0.0	0.0	Author labels,predeclared coarse mapping	mean_donor(mean_cell(log1p(10000*counts/all_gene_library)))	NA	1.0
PDAC	GSE242230	06_EXTERNAL	20260922T131800Z_author_identity_v4	PDAC_author_cell_identity_v4	sc_expression_source	NA	NA	SLC6A17	author_source_label	1	25	equal_donor_mean_cellwise_log1p10k	NA	NA	NA	NA	NA	SC_SOURCE_DESCRIPTIVE	NA	NOT_EVALUABLE	GENE_MISSING_OR_LT3_ELIGIBLE_LABELS	GSE242230	UniProtKB:Q9H1V8	primary_tumor	Mast	11	1	91	23	NA	NA	NA	NA	Author labels,predeclared coarse mapping	mean_donor(mean_cell(log1p(10000*counts/all_gene_library)))	NA	NA
PDAC	GSE242230	06_EXTERNAL	20260922T131800Z_author_identity_v4	PDAC_author_cell_identity_v4	sc_expression_source	NA	NA	SLC6A17	author_source_label	20	25	equal_donor_mean_cellwise_log1p10k	0.0	NA	NA	NA	NA	SC_SOURCE_DESCRIPTIVE	NA	DONE	Donor-equal descriptive expression	GSE242230	UniProtKB:Q9H1V8	primary_tumor	Myeloid	25	20	6246	6224	0.0	0.0	0.0	0.0	Author labels,predeclared coarse mapping	mean_donor(mean_cell(log1p(10000*counts/all_gene_library)))	NA	0.0
PDAC	GSE242230	06_EXTERNAL	20260922T131800Z_author_identity_v4	PDAC_author_cell_identity_v4	sc_expression_source	NA	NA	SLC6A17	author_source_label	6	25	equal_donor_mean_cellwise_log1p10k	0.0	NA	NA	NA	NA	SC_SOURCE_DESCRIPTIVE	NA	DONE	Donor-equal descriptive expression	GSE242230	UniProtKB:Q9H1V8	primary_tumor	Normal epithelial (author)	21	6	350	291	0.0	0.0	0.0	0.0	Author labels,predeclared coarse mapping	mean_donor(mean_cell(log1p(10000*counts/all_gene_library)))	NA	0.0
PDAC	GSE242230	06_EXTERNAL	20260922T131800Z_author_identity_v4	PDAC_author_cell_identity_v4	sc_expression_source	NA	NA	SLC6A17	author_source_label	2	25	equal_donor_mean_cellwise_log1p10k	NA	NA	NA	NA	NA	SC_SOURCE_DESCRIPTIVE	NA	NOT_EVALUABLE	GENE_MISSING_OR_LT3_ELIGIBLE_LABELS	GSE242230	UniProtKB:Q9H1V8	primary_tumor	Platelet	13	2	122	64	NA	NA	NA	NA	Author labels,predeclared coarse mapping	mean_donor(mean_cell(log1p(10000*counts/all_gene_library)))	NA	NA
PDAC	GSE242230	06_EXTERNAL	20260922T131800Z_author_identity_v4	PDAC_author_cell_identity_v4	sc_expression_source	NA	NA	SLC6A17	author_source_label	21	25	equal_donor_mean_cellwise_log1p10k	6.546586601973838e-05	NA	NA	NA	NA	SC_SOURCE_DESCRIPTIVE	NA	DONE	Donor-equal descriptive expression	GSE242230	UniProtKB:Q9H1V8	primary_tumor	T/NK	25	21	9408	9383	7.247952453431905e-05	0.0	0.0	0.0	Author labels,predeclared coarse mapping	mean_donor(mean_cell(log1p(10000*counts/all_gene_library)))	NA	0.036396014842266594
PDAC	GSE242230	06_EXTERNAL	20260922T131800Z_author_identity_v4	PDAC_author_cell_identity_v4	sc_expression_source	NA	NA	SLC6A19	author_source_label	1	25	equal_donor_mean_cellwise_log1p10k	NA	NA	NA	NA	NA	SC_SOURCE_DESCRIPTIVE	NA	NOT_EVALUABLE	GENE_MISSING_OR_LT3_ELIGIBLE_LABELS	GSE242230	UniProtKB:Q695T7	primary_tumor	Acinar	17	1	91	20	NA	NA	NA	NA	Author labels,predeclared coarse mapping	mean_donor(mean_cell(log1p(10000*counts/all_gene_library)))	NA	NA
PDAC	GSE242230	06_EXTERNAL	20260922T131800Z_author_identity_v4	PDAC_author_cell_identity_v4	sc_expression_source	NA	NA	SLC6A19	author_source_label	15	25	equal_donor_mean_cellwise_log1p10k	0.0	NA	NA	NA	NA	SC_SOURCE_DESCRIPTIVE	NA	DONE	Donor-equal descriptive expression	GSE242230	UniProtKB:Q695T7	primary_tumor	B/Plasma	23	15	1740	1675	0.0	0.0	0.0	0.0	Author labels,predeclared coarse mapping	mean_donor(mean_cell(log1p(10000*counts/all_gene_library)))	0.0	0.0
PDAC	GSE242230	06_EXTERNAL	20260922T131800Z_author_identity_v4	PDAC_author_cell_identity_v4	sc_expression_source	NA	NA	SLC6A19	author_source_label	3	25	equal_donor_mean_cellwise_log1p10k	0.0	NA	NA	NA	NA	SC_SOURCE_DESCRIPTIVE	NA	DONE	Donor-equal descriptive expression	GSE242230	UniProtKB:Q695T7	primary_tumor	Endothelial	18	3	274	186	0.0	0.0	0.0	0.0	Author labels,predeclared coarse mapping	mean_donor(mean_cell(log1p(10000*counts/all_gene_library)))	0.0	0.0
PDAC	GSE242230	06_EXTERNAL	20260922T131800Z_author_identity_v4	PDAC_author_cell_identity_v4	sc_expression_source	NA	NA	SLC6A19	author_source_label	3	25	equal_donor_mean_cellwise_log1p10k	0.0143496238259615	NA	NA	NA	NA	SC_SOURCE_DESCRIPTIVE	NA	DONE	Donor-equal descriptive expression	GSE242230	UniProtKB:Q695T7	primary_tumor	Erythrocyte	12	3	1199	1158	0.0237603171508416	0.0193290482326591	0.0096645241163295	0.0215244357389422	Author labels,predeclared coarse mapping	mean_donor(mean_cell(log1p(10000*counts/all_gene_library)))	0.127	0.4698229206019159
PDAC	GSE242230	06_EXTERNAL	20260922T131800Z_author_identity_v4	PDAC_author_cell_identity_v4	sc_expression_source	NA	NA	SLC6A19	author_source_label	7	25	equal_donor_mean_cellwise_log1p10k	0.0	NA	NA	NA	NA	SC_SOURCE_DESCRIPTIVE	NA	DONE	Donor-equal descriptive expression	GSE242230	UniProtKB:Q695T7	primary_tumor	Fibroblast/CAF	20	7	911	810	0.0	0.0	0.0	0.0	Author labels,predeclared coarse mapping	mean_donor(mean_cell(log1p(10000*counts/all_gene_library)))	0.0	0.0
PDAC	GSE242230	06_EXTERNAL	20260922T131800Z_author_identity_v4	PDAC_author_cell_identity_v4	sc_expression_source	NA	NA	SLC6A19	author_source_label	23	25	equal_donor_mean_cellwise_log1p10k	0.030542621904392	NA	NA	NA	NA	SC_SOURCE_DESCRIPTIVE	NA	DONE	Donor-equal descriptive expression	GSE242230	UniProtKB:Q695T7	primary_tumor	Malignant (author)	25	23	10783	10759	0.0358403657333857	3.933099587775079e-05	0.0	0.0099280909181608	Author labels,predeclared coarse mapping	mean_donor(mean_cell(log1p(10000*counts/all_gene_library)))	0.648	1.0
PDAC	GSE242230	06_EXTERNAL	20260922T131800Z_author_identity_v4	PDAC_author_cell_identity_v4	sc_expression_source	NA	NA	SLC6A19	author_source_label	1	25	equal_donor_mean_cellwise_log1p10k	NA	NA	NA	NA	NA	SC_SOURCE_DESCRIPTIVE	NA	NOT_EVALUABLE	GENE_MISSING_OR_LT3_ELIGIBLE_LABELS	GSE242230	UniProtKB:Q695T7	primary_tumor	Mast	11	1	91	23	NA	NA	NA	NA	Author labels,predeclared coarse mapping	mean_donor(mean_cell(log1p(10000*counts/all_gene_library)))	NA	NA
PDAC	GSE242230	06_EXTERNAL	20260922T131800Z_author_identity_v4	PDAC_author_cell_identity_v4	sc_expression_source	NA	NA	SLC6A19	author_source_label	20	25	equal_donor_mean_cellwise_log1p10k	0.0	NA	NA	NA	NA	SC_SOURCE_DESCRIPTIVE	NA	DONE	Donor-equal descriptive expression	GSE242230	UniProtKB:Q695T7	primary_tumor	Myeloid	25	20	6246	6224	0.0	0.0	0.0	0.0	Author labels,predeclared coarse mapping	mean_donor(mean_cell(log1p(10000*counts/all_gene_library)))	0.0	0.0
PDAC	GSE242230	06_EXTERNAL	20260922T131800Z_author_identity_v4	PDAC_author_cell_identity_v4	sc_expression_source	NA	NA	SLC6A19	author_source_label	6	25	equal_donor_mean_cellwise_log1p10k	0.0150268912697051	NA	NA	NA	NA	SC_SOURCE_DESCRIPTIVE	NA	DONE	Donor-equal descriptive expression	GSE242230	UniProtKB:Q695T7	primary_tumor	Normal epithelial (author)	21	6	350	291	0.0187751209865152	0.0110393147436946	0.0026069346014687	0.021650012715279	Author labels,predeclared coarse mapping	mean_donor(mean_cell(log1p(10000*counts/all_gene_library)))	0.225	0.49199742303538935
PDAC	GSE242230	06_EXTERNAL	20260922T131800Z_author_identity_v4	PDAC_author_cell_identity_v4	sc_expression_source	NA	NA	SLC6A19	author_source_label	2	25	equal_donor_mean_cellwise_log1p10k	NA	NA	NA	NA	NA	SC_SOURCE_DESCRIPTIVE	NA	NOT_EVALUABLE	GENE_MISSING_OR_LT3_ELIGIBLE_LABELS	GSE242230	UniProtKB:Q695T7	primary_tumor	Platelet	13	2	122	64	NA	NA	NA	NA	Author labels,predeclared coarse mapping	mean_donor(mean_cell(log1p(10000*counts/all_gene_library)))	NA	NA
PDAC	GSE242230	06_EXTERNAL	20260922T131800Z_author_identity_v4	PDAC_author_cell_identity_v4	sc_expression_source	NA	NA	SLC6A19	author_source_label	21	25	equal_donor_mean_cellwise_log1p10k	0.0	NA	NA	NA	NA	SC_SOURCE_DESCRIPTIVE	NA	DONE	Donor-equal descriptive expression	GSE242230	UniProtKB:Q695T7	primary_tumor	T/NK	25	21	9408	9383	0.0	0.0	0.0	0.0	Author labels,predeclared coarse mapping	mean_donor(mean_cell(log1p(10000*counts/all_gene_library)))	0.0	0.0
PDAC	GSE242230	06_EXTERNAL	20260922T131800Z_author_identity_v4	PDAC_author_cell_identity_v4	sc_expression_source	NA	NA	SLC6A20	author_source_label	1	25	equal_donor_mean_cellwise_log1p10k	NA	NA	NA	NA	NA	SC_SOURCE_DESCRIPTIVE	NA	NOT_EVALUABLE	GENE_MISSING_OR_LT3_ELIGIBLE_LABELS	GSE242230	UniProtKB:Q9NP91	primary_tumor	Acinar	17	1	91	20	NA	NA	NA	NA	Author labels,predeclared coarse mapping	mean_donor(mean_cell(log1p(10000*counts/all_gene_library)))	NA	NA
PDAC	GSE242230	06_EXTERNAL	20260922T131800Z_author_identity_v4	PDAC_author_cell_identity_v4	sc_expression_source	NA	NA	SLC6A20	author_source_label	15	25	equal_donor_mean_cellwise_log1p10k	0.0	NA	NA	NA	NA	SC_SOURCE_DESCRIPTIVE	NA	DONE	Donor-equal descriptive expression	GSE242230	UniProtKB:Q9NP91	primary_tumor	B/Plasma	23	15	1740	1675	0.0	0.0	0.0	0.0	Author labels,predeclared coarse mapping	mean_donor(mean_cell(log1p(10000*counts/all_gene_library)))	0.0	0.0
PDAC	GSE242230	06_EXTERNAL	20260922T131800Z_author_identity_v4	PDAC_author_cell_identity_v4	sc_expression_source	NA	NA	SLC6A20	author_source_label	3	25	equal_donor_mean_cellwise_log1p10k	0.0	NA	NA	NA	NA	SC_SOURCE_DESCRIPTIVE	NA	DONE	Donor-equal descriptive expression	GSE242230	UniProtKB:Q9NP91	primary_tumor	Endothelial	18	3	274	186	0.0	0.0	0.0	0.0	Author labels,predeclared coarse mapping	mean_donor(mean_cell(log1p(10000*counts/all_gene_library)))	0.0	0.0
PDAC	GSE242230	06_EXTERNAL	20260922T131800Z_author_identity_v4	PDAC_author_cell_identity_v4	sc_expression_source	NA	NA	SLC6A20	author_source_label	3	25	equal_donor_mean_cellwise_log1p10k	0.0	NA	NA	NA	NA	SC_SOURCE_DESCRIPTIVE	NA	DONE	Donor-equal descriptive expression	GSE242230	UniProtKB:Q9NP91	primary_tumor	Erythrocyte	12	3	1199	1158	0.0	0.0	0.0	0.0	Author labels,predeclared coarse mapping	mean_donor(mean_cell(log1p(10000*counts/all_gene_library)))	0.0	0.0
PDAC	GSE242230	06_EXTERNAL	20260922T131800Z_author_identity_v4	PDAC_author_cell_identity_v4	sc_expression_source	NA	NA	SLC6A20	author_source_label	7	25	equal_donor_mean_cellwise_log1p10k	0.0096685225673049	NA	NA	NA	NA	SC_SOURCE_DESCRIPTIVE	NA	DONE	Donor-equal descriptive expression	GSE242230	UniProtKB:Q9NP91	primary_tumor	Fibroblast/CAF	20	7	911	810	0.0091757483647366	0.0074747278193005	0.0	0.0145301688905623	Author labels,predeclared coarse mapping	mean_donor(mean_cell(log1p(10000*counts/all_gene_library)))	0.0	0.027971693611274297
PDAC	GSE242230	06_EXTERNAL	20260922T131800Z_author_identity_v4	PDAC_author_cell_identity_v4	sc_expression_source	NA	NA	SLC6A20	author_source_label	23	25	equal_donor_mean_cellwise_log1p10k	0.1419289002658429	NA	NA	NA	NA	SC_SOURCE_DESCRIPTIVE	NA	DONE	Donor-equal descriptive expression	GSE242230	UniProtKB:Q9NP91	primary_tumor	Malignant (author)	25	23	10783	10759	0.1880094195256961	0.0881185915671589	0.055928469013218	0.1965385652898878	Author labels,predeclared coarse mapping	mean_donor(mean_cell(log1p(10000*counts/all_gene_library)))	0.043	0.41060996498536384
PDAC	GSE242230	06_EXTERNAL	20260922T131800Z_author_identity_v4	PDAC_author_cell_identity_v4	sc_expression_source	NA	NA	SLC6A20	author_source_label	1	25	equal_donor_mean_cellwise_log1p10k	NA	NA	NA	NA	NA	SC_SOURCE_DESCRIPTIVE	NA	NOT_EVALUABLE	GENE_MISSING_OR_LT3_ELIGIBLE_LABELS	GSE242230	UniProtKB:Q9NP91	primary_tumor	Mast	11	1	91	23	NA	NA	NA	NA	Author labels,predeclared coarse mapping	mean_donor(mean_cell(log1p(10000*counts/all_gene_library)))	NA	NA
PDAC	GSE242230	06_EXTERNAL	20260922T131800Z_author_identity_v4	PDAC_author_cell_identity_v4	sc_expression_source	NA	NA	SLC6A20	author_source_label	20	25	equal_donor_mean_cellwise_log1p10k	0.0	NA	NA	NA	NA	SC_SOURCE_DESCRIPTIVE	NA	DONE	Donor-equal descriptive expression	GSE242230	UniProtKB:Q9NP91	primary_tumor	Myeloid	25	20	6246	6224	0.0	0.0	0.0	0.0	Author labels,predeclared coarse mapping	mean_donor(mean_cell(log1p(10000*counts/all_gene_library)))	0.0	0.0
PDAC	GSE242230	06_EXTERNAL	20260922T131800Z_author_identity_v4	PDAC_author_cell_identity_v4	sc_expression_source	NA	NA	SLC6A20	author_source_label	6	25	equal_donor_mean_cellwise_log1p10k	0.3456538135183883	NA	NA	NA	NA	SC_SOURCE_DESCRIPTIVE	NA	DONE	Donor-equal descriptive expression	GSE242230	UniProtKB:Q9NP91	primary_tumor	Normal epithelial (author)	21	6	350	291	0.4647304552851779	0.3186746851244383	0.1933177379485571	0.4766311058991038	Author labels,predeclared coarse mapping	mean_donor(mean_cell(log1p(10000*counts/all_gene_library)))	0.957	1.0
PDAC	GSE242230	06_EXTERNAL	20260922T131800Z_author_identity_v4	PDAC_author_cell_identity_v4	sc_expression_source	NA	NA	SLC6A20	author_source_label	2	25	equal_donor_mean_cellwise_log1p10k	NA	NA	NA	NA	NA	SC_SOURCE_DESCRIPTIVE	NA	NOT_EVALUABLE	GENE_MISSING_OR_LT3_ELIGIBLE_LABELS	GSE242230	UniProtKB:Q9NP91	primary_tumor	Platelet	13	2	122	64	NA	NA	NA	NA	Author labels,predeclared coarse mapping	mean_donor(mean_cell(log1p(10000*counts/all_gene_library)))	NA	NA
PDAC	GSE242230	06_EXTERNAL	20260922T131800Z_author_identity_v4	PDAC_author_cell_identity_v4	sc_expression_source	NA	NA	SLC6A20	author_source_label	21	25	equal_donor_mean_cellwise_log1p10k	0.0009082572963257	NA	NA	NA	NA	SC_SOURCE_DESCRIPTIVE	NA	DONE	Donor-equal descriptive expression	GSE242230	UniProtKB:Q9NP91	primary_tumor	T/NK	25	21	9408	9383	0.001659597257987	0.0	0.0	0.0	Author labels,predeclared coarse mapping	mean_donor(mean_cell(log1p(10000*counts/all_gene_library)))	0.0	0.0026276501540098934
PDAC	GSE242230	06_EXTERNAL	20260922T131800Z_author_identity_v4	PDAC_author_cell_identity_v4	sc_expression_source	NA	NA	SLC6A6	author_source_label	1	25	equal_donor_mean_cellwise_log1p10k	NA	NA	NA	NA	NA	SC_SOURCE_DESCRIPTIVE	NA	NOT_EVALUABLE	GENE_MISSING_OR_LT3_ELIGIBLE_LABELS	GSE242230	UniProtKB:P31641	primary_tumor	Acinar	17	1	91	20	NA	NA	NA	NA	Author labels,predeclared coarse mapping	mean_donor(mean_cell(log1p(10000*counts/all_gene_library)))	NA	NA
PDAC	GSE242230	06_EXTERNAL	20260922T131800Z_author_identity_v4	PDAC_author_cell_identity_v4	sc_expression_source	NA	NA	SLC6A6	author_source_label	15	25	equal_donor_mean_cellwise_log1p10k	0.0507594309504535	NA	NA	NA	NA	SC_SOURCE_DESCRIPTIVE	NA	DONE	Donor-equal descriptive expression	GSE242230	UniProtKB:P31641	primary_tumor	B/Plasma	23	15	1740	1675	0.0438033762030706	0.0503810995643049	0.0251029207269186	0.05570758274346	Author labels,predeclared coarse mapping	mean_donor(mean_cell(log1p(10000*counts/all_gene_library)))	0.0	0.23217791970391774
PDAC	GSE242230	06_EXTERNAL	20260922T131800Z_author_identity_v4	PDAC_author_cell_identity_v4	sc_expression_source	NA	NA	SLC6A6	author_source_label	3	25	equal_donor_mean_cellwise_log1p10k	0.2186229897105801	NA	NA	NA	NA	SC_SOURCE_DESCRIPTIVE	NA	DONE	Donor-equal descriptive expression	GSE242230	UniProtKB:P31641	primary_tumor	Endothelial	18	3	274	186	0.1408829273306609	0.1847971269833341	0.1339271737490776	0.2864058743084596	Author labels,predeclared coarse mapping	mean_donor(mean_cell(log1p(10000*counts/all_gene_library)))	0.288	1.0
PDAC	GSE242230	06_EXTERNAL	20260922T131800Z_author_identity_v4	PDAC_author_cell_identity_v4	sc_expression_source	NA	NA	SLC6A6	author_source_label	3	25	equal_donor_mean_cellwise_log1p10k	0.0	NA	NA	NA	NA	SC_SOURCE_DESCRIPTIVE	NA	DONE	Donor-equal descriptive expression	GSE242230	UniProtKB:P31641	primary_tumor	Erythrocyte	12	3	1199	1158	0.0	0.0	0.0	0.0	Author labels,predeclared coarse mapping	mean_donor(mean_cell(log1p(10000*counts/all_gene_library)))	0.0	0.0
PDAC	GSE242230	06_EXTERNAL	20260922T131800Z_author_identity_v4	PDAC_author_cell_identity_v4	sc_expression_source	NA	NA	SLC6A6	author_source_label	7	25	equal_donor_mean_cellwise_log1p10k	0.1975332418690024	NA	NA	NA	NA	SC_SOURCE_DESCRIPTIVE	NA	DONE	Donor-equal descriptive expression	GSE242230	UniProtKB:P31641	primary_tumor	Fibroblast/CAF	20	7	911	810	0.1976398494008978	0.2662910090624296	0.1007228737784786	0.2848612937096378	Author labels,predeclared coarse mapping	mean_donor(mean_cell(log1p(10000*counts/all_gene_library)))	0.319	0.9035337140458239
PDAC	GSE242230	06_EXTERNAL	20260922T131800Z_author_identity_v4	PDAC_author_cell_identity_v4	sc_expression_source	NA	NA	SLC6A6	author_source_label	23	25	equal_donor_mean_cellwise_log1p10k	0.1100712908254171	NA	NA	NA	NA	SC_SOURCE_DESCRIPTIVE	NA	DONE	Donor-equal descriptive expression	GSE242230	UniProtKB:P31641	primary_tumor	Malignant (author)	25	23	10783	10759	0.1656378029115203	0.1047884883970861	0.0929751847906645	0.1264169714466104	Author labels,predeclared coarse mapping	mean_donor(mean_cell(log1p(10000*counts/all_gene_library)))	0.0	0.5034753708707985
PDAC	GSE242230	06_EXTERNAL	20260922T131800Z_author_identity_v4	PDAC_author_cell_identity_v4	sc_expression_source	NA	NA	SLC6A6	author_source_label	1	25	equal_donor_mean_cellwise_log1p10k	NA	NA	NA	NA	NA	SC_SOURCE_DESCRIPTIVE	NA	NOT_EVALUABLE	GENE_MISSING_OR_LT3_ELIGIBLE_LABELS	GSE242230	UniProtKB:P31641	primary_tumor	Mast	11	1	91	23	NA	NA	NA	NA	Author labels,predeclared coarse mapping	mean_donor(mean_cell(log1p(10000*counts/all_gene_library)))	NA	NA
PDAC	GSE242230	06_EXTERNAL	20260922T131800Z_author_identity_v4	PDAC_author_cell_identity_v4	sc_expression_source	NA	NA	SLC6A6	author_source_label	20	25	equal_donor_mean_cellwise_log1p10k	0.2064619784102028	NA	NA	NA	NA	SC_SOURCE_DESCRIPTIVE	NA	DONE	Donor-equal descriptive expression	GSE242230	UniProtKB:P31641	primary_tumor	Myeloid	25	20	6246	6224	0.2107741416715626	0.195691106793128	0.1710515714783481	0.2282069914908202	Author labels,predeclared coarse mapping	mean_donor(mean_cell(log1p(10000*counts/all_gene_library)))	0.36	0.9443745082963304
PDAC	GSE242230	06_EXTERNAL	20260922T131800Z_author_identity_v4	PDAC_author_cell_identity_v4	sc_expression_source	NA	NA	SLC6A6	author_source_label	6	25	equal_donor_mean_cellwise_log1p10k	0.1472390883035785	NA	NA	NA	NA	SC_SOURCE_DESCRIPTIVE	NA	DONE	Donor-equal descriptive expression	GSE242230	UniProtKB:P31641	primary_tumor	Normal epithelial (author)	21	6	350	291	0.2575575994054255	0.1444433010426659	0.0959586500877826	0.230736542534325	Author labels,predeclared coarse mapping	mean_donor(mean_cell(log1p(10000*counts/all_gene_library)))	0.033	0.6734840123561487
PDAC	GSE242230	06_EXTERNAL	20260922T131800Z_author_identity_v4	PDAC_author_cell_identity_v4	sc_expression_source	NA	NA	SLC6A6	author_source_label	2	25	equal_donor_mean_cellwise_log1p10k	NA	NA	NA	NA	NA	SC_SOURCE_DESCRIPTIVE	NA	NOT_EVALUABLE	GENE_MISSING_OR_LT3_ELIGIBLE_LABELS	GSE242230	UniProtKB:P31641	primary_tumor	Platelet	13	2	122	64	NA	NA	NA	NA	Author labels,predeclared coarse mapping	mean_donor(mean_cell(log1p(10000*counts/all_gene_library)))	NA	NA
PDAC	GSE242230	06_EXTERNAL	20260922T131800Z_author_identity_v4	PDAC_author_cell_identity_v4	sc_expression_source	NA	NA	SLC6A6	author_source_label	21	25	equal_donor_mean_cellwise_log1p10k	0.0777250607693336	NA	NA	NA	NA	SC_SOURCE_DESCRIPTIVE	NA	DONE	Donor-equal descriptive expression	GSE242230	UniProtKB:P31641	primary_tumor	T/NK	25	21	9408	9383	0.0572008929319107	0.0666255110280363	0.0491421390455787	0.0999502710680713	Author labels,predeclared coarse mapping	mean_donor(mean_cell(log1p(10000*counts/all_gene_library)))	0.0	0.3555209855661952
PDAC	GSE242230	06_EXTERNAL	20260922T131800Z_author_identity_v4	PDAC_author_cell_identity_v4	sc_expression_source	NA	NA	SLC6A7	author_source_label	1	25	equal_donor_mean_cellwise_log1p10k	NA	NA	NA	NA	NA	SC_SOURCE_DESCRIPTIVE	NA	NOT_EVALUABLE	GENE_MISSING_OR_LT3_ELIGIBLE_LABELS	GSE242230	UniProtKB:Q99884	primary_tumor	Acinar	17	1	91	20	NA	NA	NA	NA	Author labels,predeclared coarse mapping	mean_donor(mean_cell(log1p(10000*counts/all_gene_library)))	NA	NA
PDAC	GSE242230	06_EXTERNAL	20260922T131800Z_author_identity_v4	PDAC_author_cell_identity_v4	sc_expression_source	NA	NA	SLC6A7	author_source_label	15	25	equal_donor_mean_cellwise_log1p10k	0.0	NA	NA	NA	NA	SC_SOURCE_DESCRIPTIVE	NA	DONE	Donor-equal descriptive expression	GSE242230	UniProtKB:Q99884	primary_tumor	B/Plasma	23	15	1740	1675	0.0	0.0	0.0	0.0	Author labels,predeclared coarse mapping	mean_donor(mean_cell(log1p(10000*counts/all_gene_library)))	NA	0.0
PDAC	GSE242230	06_EXTERNAL	20260922T131800Z_author_identity_v4	PDAC_author_cell_identity_v4	sc_expression_source	NA	NA	SLC6A7	author_source_label	3	25	equal_donor_mean_cellwise_log1p10k	0.0	NA	NA	NA	NA	SC_SOURCE_DESCRIPTIVE	NA	DONE	Donor-equal descriptive expression	GSE242230	UniProtKB:Q99884	primary_tumor	Endothelial	18	3	274	186	0.0	0.0	0.0	0.0	Author labels,predeclared coarse mapping	mean_donor(mean_cell(log1p(10000*counts/all_gene_library)))	NA	0.0
PDAC	GSE242230	06_EXTERNAL	20260922T131800Z_author_identity_v4	PDAC_author_cell_identity_v4	sc_expression_source	NA	NA	SLC6A7	author_source_label	3	25	equal_donor_mean_cellwise_log1p10k	0.0	NA	NA	NA	NA	SC_SOURCE_DESCRIPTIVE	NA	DONE	Donor-equal descriptive expression	GSE242230	UniProtKB:Q99884	primary_tumor	Erythrocyte	12	3	1199	1158	0.0	0.0	0.0	0.0	Author labels,predeclared coarse mapping	mean_donor(mean_cell(log1p(10000*counts/all_gene_library)))	NA	0.0
PDAC	GSE242230	06_EXTERNAL	20260922T131800Z_author_identity_v4	PDAC_author_cell_identity_v4	sc_expression_source	NA	NA	SLC6A7	author_source_label	7	25	equal_donor_mean_cellwise_log1p10k	0.0036089301472239	NA	NA	NA	NA	SC_SOURCE_DESCRIPTIVE	NA	DONE	Donor-equal descriptive expression	GSE242230	UniProtKB:Q99884	primary_tumor	Fibroblast/CAF	20	7	911	810	0.0055481889665932	0.0005961400848803	0.0	0.0034232952134047	Author labels,predeclared coarse mapping	mean_donor(mean_cell(log1p(10000*counts/all_gene_library)))	NA	1.0
PDAC	GSE242230	06_EXTERNAL	20260922T131800Z_author_identity_v4	PDAC_author_cell_identity_v4	sc_expression_source	NA	NA	SLC6A7	author_source_label	23	25	equal_donor_mean_cellwise_log1p10k	0.0018518741157206	NA	NA	NA	NA	SC_SOURCE_DESCRIPTIVE	NA	DONE	Donor-equal descriptive expression	GSE242230	UniProtKB:Q99884	primary_tumor	Malignant (author)	25	23	10783	10759	0.0040786234263152	0.0	0.0	0.0023488571242367	Author labels,predeclared coarse mapping	mean_donor(mean_cell(log1p(10000*counts/all_gene_library)))	NA	0.5131365917805637
PDAC	GSE242230	06_EXTERNAL	20260922T131800Z_author_identity_v4	PDAC_author_cell_identity_v4	sc_expression_source	NA	NA	SLC6A7	author_source_label	1	25	equal_donor_mean_cellwise_log1p10k	NA	NA	NA	NA	NA	SC_SOURCE_DESCRIPTIVE	NA	NOT_EVALUABLE	GENE_MISSING_OR_LT3_ELIGIBLE_LABELS	GSE242230	UniProtKB:Q99884	primary_tumor	Mast	11	1	91	23	NA	NA	NA	NA	Author labels,predeclared coarse mapping	mean_donor(mean_cell(log1p(10000*counts/all_gene_library)))	NA	NA
PDAC	GSE242230	06_EXTERNAL	20260922T131800Z_author_identity_v4	PDAC_author_cell_identity_v4	sc_expression_source	NA	NA	SLC6A7	author_source_label	20	25	equal_donor_mean_cellwise_log1p10k	0.0002819728488079	NA	NA	NA	NA	SC_SOURCE_DESCRIPTIVE	NA	DONE	Donor-equal descriptive expression	GSE242230	UniProtKB:Q99884	primary_tumor	Myeloid	25	20	6246	6224	0.000482984908245	0.0	0.0	0.0	Author labels,predeclared coarse mapping	mean_donor(mean_cell(log1p(10000*counts/all_gene_library)))	NA	0.07813197742959979
PDAC	GSE242230	06_EXTERNAL	20260922T131800Z_author_identity_v4	PDAC_author_cell_identity_v4	sc_expression_source	NA	NA	SLC6A7	author_source_label	6	25	equal_donor_mean_cellwise_log1p10k	0.0	NA	NA	NA	NA	SC_SOURCE_DESCRIPTIVE	NA	DONE	Donor-equal descriptive expression	GSE242230	UniProtKB:Q99884	primary_tumor	Normal epithelial (author)	21	6	350	291	0.0	0.0	0.0	0.0	Author labels,predeclared coarse mapping	mean_donor(mean_cell(log1p(10000*counts/all_gene_library)))	NA	0.0
PDAC	GSE242230	06_EXTERNAL	20260922T131800Z_author_identity_v4	PDAC_author_cell_identity_v4	sc_expression_source	NA	NA	SLC6A7	author_source_label	2	25	equal_donor_mean_cellwise_log1p10k	NA	NA	NA	NA	NA	SC_SOURCE_DESCRIPTIVE	NA	NOT_EVALUABLE	GENE_MISSING_OR_LT3_ELIGIBLE_LABELS	GSE242230	UniProtKB:Q99884	primary_tumor	Platelet	13	2	122	64	NA	NA	NA	NA	Author labels,predeclared coarse mapping	mean_donor(mean_cell(log1p(10000*counts/all_gene_library)))	NA	NA
PDAC	GSE242230	06_EXTERNAL	20260922T131800Z_author_identity_v4	PDAC_author_cell_identity_v4	sc_expression_source	NA	NA	SLC6A7	author_source_label	21	25	equal_donor_mean_cellwise_log1p10k	0.0	NA	NA	NA	NA	SC_SOURCE_DESCRIPTIVE	NA	DONE	Donor-equal descriptive expression	GSE242230	UniProtKB:Q99884	primary_tumor	T/NK	25	21	9408	9383	0.0	0.0	0.0	0.0	Author labels,predeclared coarse mapping	mean_donor(mean_cell(log1p(10000*counts/all_gene_library)))	NA	0.0
PDAC	GSE242230	06_EXTERNAL	20260922T131800Z_author_identity_v4	PDAC_author_cell_identity_v4	sc_expression_source	NA	NA	SLC7A1	author_source_label	1	25	equal_donor_mean_cellwise_log1p10k	NA	NA	NA	NA	NA	SC_SOURCE_DESCRIPTIVE	NA	NOT_EVALUABLE	GENE_MISSING_OR_LT3_ELIGIBLE_LABELS	GSE242230	UniProtKB:P30825	primary_tumor	Acinar	17	1	91	20	NA	NA	NA	NA	Author labels,predeclared coarse mapping	mean_donor(mean_cell(log1p(10000*counts/all_gene_library)))	NA	NA
PDAC	GSE242230	06_EXTERNAL	20260922T131800Z_author_identity_v4	PDAC_author_cell_identity_v4	sc_expression_source	NA	NA	SLC7A1	author_source_label	15	25	equal_donor_mean_cellwise_log1p10k	0.0392982618562212	NA	NA	NA	NA	SC_SOURCE_DESCRIPTIVE	NA	DONE	Donor-equal descriptive expression	GSE242230	UniProtKB:P30825	primary_tumor	B/Plasma	23	15	1740	1675	0.0332014491697776	0.0230997151758565	0.0132909559521262	0.0393267189964568	Author labels,predeclared coarse mapping	mean_donor(mean_cell(log1p(10000*counts/all_gene_library)))	0.0	0.27149138001301165
PDAC	GSE242230	06_EXTERNAL	20260922T131800Z_author_identity_v4	PDAC_author_cell_identity_v4	sc_expression_source	NA	NA	SLC7A1	author_source_label	3	25	equal_donor_mean_cellwise_log1p10k	0.0396012175076348	NA	NA	NA	NA	SC_SOURCE_DESCRIPTIVE	NA	DONE	Donor-equal descriptive expression	GSE242230	UniProtKB:P30825	primary_tumor	Endothelial	18	3	274	186	0.0434782608695652	0.0	0.0	0.0594018262614522	Author labels,predeclared coarse mapping	mean_donor(mean_cell(log1p(10000*counts/all_gene_library)))	0.001	0.2735843440271949
PDAC	GSE242230	06_EXTERNAL	20260922T131800Z_author_identity_v4	PDAC_author_cell_identity_v4	sc_expression_source	NA	NA	SLC7A1	author_source_label	3	25	equal_donor_mean_cellwise_log1p10k	0.0295957211262213	NA	NA	NA	NA	SC_SOURCE_DESCRIPTIVE	NA	DONE	Donor-equal descriptive expression	GSE242230	UniProtKB:P30825	primary_tumor	Erythrocyte	12	3	1199	1158	0.0313153961136023	0.0408187578495504	0.0204093789247752	0.0443935816893319	Author labels,predeclared coarse mapping	mean_donor(mean_cell(log1p(10000*counts/all_gene_library)))	0.0	0.20446154082934506
PDAC	GSE242230	06_EXTERNAL	20260922T131800Z_author_identity_v4	PDAC_author_cell_identity_v4	sc_expression_source	NA	NA	SLC7A1	author_source_label	7	25	equal_donor_mean_cellwise_log1p10k	0.0343675920687518	NA	NA	NA	NA	SC_SOURCE_DESCRIPTIVE	NA	DONE	Donor-equal descriptive expression	GSE242230	UniProtKB:P30825	primary_tumor	Fibroblast/CAF	20	7	911	810	0.0428117533928127	0.0333813414689199	0.0191859804643977	0.0375589695121543	Author labels,predeclared coarse mapping	mean_donor(mean_cell(log1p(10000*counts/all_gene_library)))	0.0	0.23742793084861524
PDAC	GSE242230	06_EXTERNAL	20260922T131800Z_author_identity_v4	PDAC_author_cell_identity_v4	sc_expression_source	NA	NA	SLC7A1	author_source_label	23	25	equal_donor_mean_cellwise_log1p10k	0.1447495749380248	NA	NA	NA	NA	SC_SOURCE_DESCRIPTIVE	NA	DONE	Donor-equal descriptive expression	GSE242230	UniProtKB:P30825	primary_tumor	Malignant (author)	25	23	10783	10759	0.2043324944064509	0.1190403196237823	0.0945072763368642	0.156263829644165	Author labels,predeclared coarse mapping	mean_donor(mean_cell(log1p(10000*counts/all_gene_library)))	0.869	1.0
PDAC	GSE242230	06_EXTERNAL	20260922T131800Z_author_identity_v4	PDAC_author_cell_identity_v4	sc_expression_source	NA	NA	SLC7A1	author_source_label	1	25	equal_donor_mean_cellwise_log1p10k	NA	NA	NA	NA	NA	SC_SOURCE_DESCRIPTIVE	NA	NOT_EVALUABLE	GENE_MISSING_OR_LT3_ELIGIBLE_LABELS	GSE242230	UniProtKB:P30825	primary_tumor	Mast	11	1	91	23	NA	NA	NA	NA	Author labels,predeclared coarse mapping	mean_donor(mean_cell(log1p(10000*counts/all_gene_library)))	NA	NA
PDAC	GSE242230	06_EXTERNAL	20260922T131800Z_author_identity_v4	PDAC_author_cell_identity_v4	sc_expression_source	NA	NA	SLC7A1	author_source_label	20	25	equal_donor_mean_cellwise_log1p10k	0.0301519009776736	NA	NA	NA	NA	SC_SOURCE_DESCRIPTIVE	NA	DONE	Donor-equal descriptive expression	GSE242230	UniProtKB:P30825	primary_tumor	Myeloid	25	20	6246	6224	0.0433891482121479	0.0304392301695692	0.0137737162700488	0.0377839443806925	Author labels,predeclared coarse mapping	mean_donor(mean_cell(log1p(10000*counts/all_gene_library)))	0.0	0.20830389996366677
PDAC	GSE242230	06_EXTERNAL	20260922T131800Z_author_identity_v4	PDAC_author_cell_identity_v4	sc_expression_source	NA	NA	SLC7A1	author_source_label	6	25	equal_donor_mean_cellwise_log1p10k	0.1148450693580361	NA	NA	NA	NA	SC_SOURCE_DESCRIPTIVE	NA	DONE	Donor-equal descriptive expression	GSE242230	UniProtKB:P30825	primary_tumor	Normal epithelial (author)	21	6	350	291	0.2182303613150689	0.0956734627812342	0.0891805456007998	0.1103878760417085	Author labels,predeclared coarse mapping	mean_donor(mean_cell(log1p(10000*counts/all_gene_library)))	0.13	0.7934052269736028
PDAC	GSE242230	06_EXTERNAL	20260922T131800Z_author_identity_v4	PDAC_author_cell_identity_v4	sc_expression_source	NA	NA	SLC7A1	author_source_label	2	25	equal_donor_mean_cellwise_log1p10k	NA	NA	NA	NA	NA	SC_SOURCE_DESCRIPTIVE	NA	NOT_EVALUABLE	GENE_MISSING_OR_LT3_ELIGIBLE_LABELS	GSE242230	UniProtKB:P30825	primary_tumor	Platelet	13	2	122	64	NA	NA	NA	NA	Author labels,predeclared coarse mapping	mean_donor(mean_cell(log1p(10000*counts/all_gene_library)))	NA	NA
PDAC	GSE242230	06_EXTERNAL	20260922T131800Z_author_identity_v4	PDAC_author_cell_identity_v4	sc_expression_source	NA	NA	SLC7A1	author_source_label	21	25	equal_donor_mean_cellwise_log1p10k	0.0479266261084201	NA	NA	NA	NA	SC_SOURCE_DESCRIPTIVE	NA	DONE	Donor-equal descriptive expression	GSE242230	UniProtKB:P30825	primary_tumor	T/NK	25	21	9408	9383	0.0356689613511025	0.0360248186350169	0.0182705449106629	0.0622425603597849	Author labels,predeclared coarse mapping	mean_donor(mean_cell(log1p(10000*counts/all_gene_library)))	0.0	0.33110028909542644
PDAC	GSE242230	06_EXTERNAL	20260922T131800Z_author_identity_v4	PDAC_author_cell_identity_v4	sc_expression_source	NA	NA	SLC7A13	author_source_label	1	25	equal_donor_mean_cellwise_log1p10k	NA	NA	NA	NA	NA	SC_SOURCE_DESCRIPTIVE	NA	NOT_EVALUABLE	GENE_MISSING_OR_LT3_ELIGIBLE_LABELS	GSE242230	UniProtKB:Q8TCU3	primary_tumor	Acinar	17	1	91	20	NA	NA	NA	NA	Author labels,predeclared coarse mapping	mean_donor(mean_cell(log1p(10000*counts/all_gene_library)))	NA	NA
PDAC	GSE242230	06_EXTERNAL	20260922T131800Z_author_identity_v4	PDAC_author_cell_identity_v4	sc_expression_source	NA	NA	SLC7A13	author_source_label	15	25	equal_donor_mean_cellwise_log1p10k	0.0	NA	NA	NA	NA	SC_SOURCE_DESCRIPTIVE	NA	DONE	Donor-equal descriptive expression	GSE242230	UniProtKB:Q8TCU3	primary_tumor	B/Plasma	23	15	1740	1675	0.0	0.0	0.0	0.0	Author labels,predeclared coarse mapping	mean_donor(mean_cell(log1p(10000*counts/all_gene_library)))	NA	0.0
PDAC	GSE242230	06_EXTERNAL	20260922T131800Z_author_identity_v4	PDAC_author_cell_identity_v4	sc_expression_source	NA	NA	SLC7A13	author_source_label	3	25	equal_donor_mean_cellwise_log1p10k	0.0	NA	NA	NA	NA	SC_SOURCE_DESCRIPTIVE	NA	DONE	Donor-equal descriptive expression	GSE242230	UniProtKB:Q8TCU3	primary_tumor	Endothelial	18	3	274	186	0.0	0.0	0.0	0.0	Author labels,predeclared coarse mapping	mean_donor(mean_cell(log1p(10000*counts/all_gene_library)))	NA	0.0
PDAC	GSE242230	06_EXTERNAL	20260922T131800Z_author_identity_v4	PDAC_author_cell_identity_v4	sc_expression_source	NA	NA	SLC7A13	author_source_label	3	25	equal_donor_mean_cellwise_log1p10k	0.0	NA	NA	NA	NA	SC_SOURCE_DESCRIPTIVE	NA	DONE	Donor-equal descriptive expression	GSE242230	UniProtKB:Q8TCU3	primary_tumor	Erythrocyte	12	3	1199	1158	0.0	0.0	0.0	0.0	Author labels,predeclared coarse mapping	mean_donor(mean_cell(log1p(10000*counts/all_gene_library)))	NA	0.0
PDAC	GSE242230	06_EXTERNAL	20260922T131800Z_author_identity_v4	PDAC_author_cell_identity_v4	sc_expression_source	NA	NA	SLC7A13	author_source_label	7	25	equal_donor_mean_cellwise_log1p10k	0.0	NA	NA	NA	NA	SC_SOURCE_DESCRIPTIVE	NA	DONE	Donor-equal descriptive expression	GSE242230	UniProtKB:Q8TCU3	primary_tumor	Fibroblast/CAF	20	7	911	810	0.0	0.0	0.0	0.0	Author labels,predeclared coarse mapping	mean_donor(mean_cell(log1p(10000*counts/all_gene_library)))	NA	0.0
PDAC	GSE242230	06_EXTERNAL	20260922T131800Z_author_identity_v4	PDAC_author_cell_identity_v4	sc_expression_source	NA	NA	SLC7A13	author_source_label	23	25	equal_donor_mean_cellwise_log1p10k	0.0	NA	NA	NA	NA	SC_SOURCE_DESCRIPTIVE	NA	DONE	Donor-equal descriptive expression	GSE242230	UniProtKB:Q8TCU3	primary_tumor	Malignant (author)	25	23	10783	10759	0.0	0.0	0.0	0.0	Author labels,predeclared coarse mapping	mean_donor(mean_cell(log1p(10000*counts/all_gene_library)))	NA	0.0
PDAC	GSE242230	06_EXTERNAL	20260922T131800Z_author_identity_v4	PDAC_author_cell_identity_v4	sc_expression_source	NA	NA	SLC7A13	author_source_label	1	25	equal_donor_mean_cellwise_log1p10k	NA	NA	NA	NA	NA	SC_SOURCE_DESCRIPTIVE	NA	NOT_EVALUABLE	GENE_MISSING_OR_LT3_ELIGIBLE_LABELS	GSE242230	UniProtKB:Q8TCU3	primary_tumor	Mast	11	1	91	23	NA	NA	NA	NA	Author labels,predeclared coarse mapping	mean_donor(mean_cell(log1p(10000*counts/all_gene_library)))	NA	NA
PDAC	GSE242230	06_EXTERNAL	20260922T131800Z_author_identity_v4	PDAC_author_cell_identity_v4	sc_expression_source	NA	NA	SLC7A13	author_source_label	20	25	equal_donor_mean_cellwise_log1p10k	0.0	NA	NA	NA	NA	SC_SOURCE_DESCRIPTIVE	NA	DONE	Donor-equal descriptive expression	GSE242230	UniProtKB:Q8TCU3	primary_tumor	Myeloid	25	20	6246	6224	0.0	0.0	0.0	0.0	Author labels,predeclared coarse mapping	mean_donor(mean_cell(log1p(10000*counts/all_gene_library)))	NA	0.0
PDAC	GSE242230	06_EXTERNAL	20260922T131800Z_author_identity_v4	PDAC_author_cell_identity_v4	sc_expression_source	NA	NA	SLC7A13	author_source_label	6	25	equal_donor_mean_cellwise_log1p10k	0.0	NA	NA	NA	NA	SC_SOURCE_DESCRIPTIVE	NA	DONE	Donor-equal descriptive expression	GSE242230	UniProtKB:Q8TCU3	primary_tumor	Normal epithelial (author)	21	6	350	291	0.0	0.0	0.0	0.0	Author labels,predeclared coarse mapping	mean_donor(mean_cell(log1p(10000*counts/all_gene_library)))	NA	0.0
PDAC	GSE242230	06_EXTERNAL	20260922T131800Z_author_identity_v4	PDAC_author_cell_identity_v4	sc_expression_source	NA	NA	SLC7A13	author_source_label	2	25	equal_donor_mean_cellwise_log1p10k	NA	NA	NA	NA	NA	SC_SOURCE_DESCRIPTIVE	NA	NOT_EVALUABLE	GENE_MISSING_OR_LT3_ELIGIBLE_LABELS	GSE242230	UniProtKB:Q8TCU3	primary_tumor	Platelet	13	2	122	64	NA	NA	NA	NA	Author labels,predeclared coarse mapping	mean_donor(mean_cell(log1p(10000*counts/all_gene_library)))	NA	NA
PDAC	GSE242230	06_EXTERNAL	20260922T131800Z_author_identity_v4	PDAC_author_cell_identity_v4	sc_expression_source	NA	NA	SLC7A13	author_source_label	21	25	equal_donor_mean_cellwise_log1p10k	0.0	NA	NA	NA	NA	SC_SOURCE_DESCRIPTIVE	NA	DONE	Donor-equal descriptive expression	GSE242230	UniProtKB:Q8TCU3	primary_tumor	T/NK	25	21	9408	9383	0.0	0.0	0.0	0.0	Author labels,predeclared coarse mapping	mean_donor(mean_cell(log1p(10000*counts/all_gene_library)))	NA	0.0
PDAC	GSE242230	06_EXTERNAL	20260922T131800Z_author_identity_v4	PDAC_author_cell_identity_v4	sc_expression_source	NA	NA	SLC7A14	author_source_label	1	25	equal_donor_mean_cellwise_log1p10k	NA	NA	NA	NA	NA	SC_SOURCE_DESCRIPTIVE	NA	NOT_EVALUABLE	GENE_MISSING_OR_LT3_ELIGIBLE_LABELS	GSE242230	UniProtKB:Q8TBB6	primary_tumor	Acinar	17	1	91	20	NA	NA	NA	NA	Author labels,predeclared coarse mapping	mean_donor(mean_cell(log1p(10000*counts/all_gene_library)))	NA	NA
PDAC	GSE242230	06_EXTERNAL	20260922T131800Z_author_identity_v4	PDAC_author_cell_identity_v4	sc_expression_source	NA	NA	SLC7A14	author_source_label	15	25	equal_donor_mean_cellwise_log1p10k	0.0	NA	NA	NA	NA	SC_SOURCE_DESCRIPTIVE	NA	DONE	Donor-equal descriptive expression	GSE242230	UniProtKB:Q8TBB6	primary_tumor	B/Plasma	23	15	1740	1675	0.0	0.0	0.0	0.0	Author labels,predeclared coarse mapping	mean_donor(mean_cell(log1p(10000*counts/all_gene_library)))	NA	0.0
PDAC	GSE242230	06_EXTERNAL	20260922T131800Z_author_identity_v4	PDAC_author_cell_identity_v4	sc_expression_source	NA	NA	SLC7A14	author_source_label	3	25	equal_donor_mean_cellwise_log1p10k	0.0	NA	NA	NA	NA	SC_SOURCE_DESCRIPTIVE	NA	DONE	Donor-equal descriptive expression	GSE242230	UniProtKB:Q8TBB6	primary_tumor	Endothelial	18	3	274	186	0.0	0.0	0.0	0.0	Author labels,predeclared coarse mapping	mean_donor(mean_cell(log1p(10000*counts/all_gene_library)))	NA	0.0
PDAC	GSE242230	06_EXTERNAL	20260922T131800Z_author_identity_v4	PDAC_author_cell_identity_v4	sc_expression_source	NA	NA	SLC7A14	author_source_label	3	25	equal_donor_mean_cellwise_log1p10k	0.0	NA	NA	NA	NA	SC_SOURCE_DESCRIPTIVE	NA	DONE	Donor-equal descriptive expression	GSE242230	UniProtKB:Q8TBB6	primary_tumor	Erythrocyte	12	3	1199	1158	0.0	0.0	0.0	0.0	Author labels,predeclared coarse mapping	mean_donor(mean_cell(log1p(10000*counts/all_gene_library)))	NA	0.0
PDAC	GSE242230	06_EXTERNAL	20260922T131800Z_author_identity_v4	PDAC_author_cell_identity_v4	sc_expression_source	NA	NA	SLC7A14	author_source_label	7	25	equal_donor_mean_cellwise_log1p10k	0.0	NA	NA	NA	NA	SC_SOURCE_DESCRIPTIVE	NA	DONE	Donor-equal descriptive expression	GSE242230	UniProtKB:Q8TBB6	primary_tumor	Fibroblast/CAF	20	7	911	810	0.0	0.0	0.0	0.0	Author labels,predeclared coarse mapping	mean_donor(mean_cell(log1p(10000*counts/all_gene_library)))	NA	0.0
PDAC	GSE242230	06_EXTERNAL	20260922T131800Z_author_identity_v4	PDAC_author_cell_identity_v4	sc_expression_source	NA	NA	SLC7A14	author_source_label	23	25	equal_donor_mean_cellwise_log1p10k	4.443329205118204e-06	NA	NA	NA	NA	SC_SOURCE_DESCRIPTIVE	NA	DONE	Donor-equal descriptive expression	GSE242230	UniProtKB:Q8TBB6	primary_tumor	Malignant (author)	25	23	10783	10759	7.47434431314513e-06	0.0	0.0	0.0	Author labels,predeclared coarse mapping	mean_donor(mean_cell(log1p(10000*counts/all_gene_library)))	NA	1.0
PDAC	GSE242230	06_EXTERNAL	20260922T131800Z_author_identity_v4	PDAC_author_cell_identity_v4	sc_expression_source	NA	NA	SLC7A14	author_source_label	1	25	equal_donor_mean_cellwise_log1p10k	NA	NA	NA	NA	NA	SC_SOURCE_DESCRIPTIVE	NA	NOT_EVALUABLE	GENE_MISSING_OR_LT3_ELIGIBLE_LABELS	GSE242230	UniProtKB:Q8TBB6	primary_tumor	Mast	11	1	91	23	NA	NA	NA	NA	Author labels,predeclared coarse mapping	mean_donor(mean_cell(log1p(10000*counts/all_gene_library)))	NA	NA
PDAC	GSE242230	06_EXTERNAL	20260922T131800Z_author_identity_v4	PDAC_author_cell_identity_v4	sc_expression_source	NA	NA	SLC7A14	author_source_label	20	25	equal_donor_mean_cellwise_log1p10k	0.0	NA	NA	NA	NA	SC_SOURCE_DESCRIPTIVE	NA	DONE	Donor-equal descriptive expression	GSE242230	UniProtKB:Q8TBB6	primary_tumor	Myeloid	25	20	6246	6224	0.0	0.0	0.0	0.0	Author labels,predeclared coarse mapping	mean_donor(mean_cell(log1p(10000*counts/all_gene_library)))	NA	0.0
PDAC	GSE242230	06_EXTERNAL	20260922T131800Z_author_identity_v4	PDAC_author_cell_identity_v4	sc_expression_source	NA	NA	SLC7A14	author_source_label	6	25	equal_donor_mean_cellwise_log1p10k	0.0	NA	NA	NA	NA	SC_SOURCE_DESCRIPTIVE	NA	DONE	Donor-equal descriptive expression	GSE242230	UniProtKB:Q8TBB6	primary_tumor	Normal epithelial (author)	21	6	350	291	0.0	0.0	0.0	0.0	Author labels,predeclared coarse mapping	mean_donor(mean_cell(log1p(10000*counts/all_gene_library)))	NA	0.0
PDAC	GSE242230	06_EXTERNAL	20260922T131800Z_author_identity_v4	PDAC_author_cell_identity_v4	sc_expression_source	NA	NA	SLC7A14	author_source_label	2	25	equal_donor_mean_cellwise_log1p10k	NA	NA	NA	NA	NA	SC_SOURCE_DESCRIPTIVE	NA	NOT_EVALUABLE	GENE_MISSING_OR_LT3_ELIGIBLE_LABELS	GSE242230	UniProtKB:Q8TBB6	primary_tumor	Platelet	13	2	122	64	NA	NA	NA	NA	Author labels,predeclared coarse mapping	mean_donor(mean_cell(log1p(10000*counts/all_gene_library)))	NA	NA
PDAC	GSE242230	06_EXTERNAL	20260922T131800Z_author_identity_v4	PDAC_author_cell_identity_v4	sc_expression_source	NA	NA	SLC7A14	author_source_label	21	25	equal_donor_mean_cellwise_log1p10k	0.0	NA	NA	NA	NA	SC_SOURCE_DESCRIPTIVE	NA	DONE	Donor-equal descriptive expression	GSE242230	UniProtKB:Q8TBB6	primary_tumor	T/NK	25	21	9408	9383	0.0	0.0	0.0	0.0	Author labels,predeclared coarse mapping	mean_donor(mean_cell(log1p(10000*counts/all_gene_library)))	NA	0.0
PDAC	GSE242230	06_EXTERNAL	20260922T131800Z_author_identity_v4	PDAC_author_cell_identity_v4	sc_expression_source	NA	NA	SLC7A2	author_source_label	1	25	equal_donor_mean_cellwise_log1p10k	NA	NA	NA	NA	NA	SC_SOURCE_DESCRIPTIVE	NA	NOT_EVALUABLE	GENE_MISSING_OR_LT3_ELIGIBLE_LABELS	GSE242230	UniProtKB:P52569	primary_tumor	Acinar	17	1	91	20	NA	NA	NA	NA	Author labels,predeclared coarse mapping	mean_donor(mean_cell(log1p(10000*counts/all_gene_library)))	NA	NA
PDAC	GSE242230	06_EXTERNAL	20260922T131800Z_author_identity_v4	PDAC_author_cell_identity_v4	sc_expression_source	NA	NA	SLC7A2	author_source_label	15	25	equal_donor_mean_cellwise_log1p10k	0.0042262100697402	NA	NA	NA	NA	SC_SOURCE_DESCRIPTIVE	NA	DONE	Donor-equal descriptive expression	GSE242230	UniProtKB:P52569	primary_tumor	B/Plasma	23	15	1740	1675	0.0054587600222275	0.0	0.0	0.0044001013770139	Author labels,predeclared coarse mapping	mean_donor(mean_cell(log1p(10000*counts/all_gene_library)))	0.0	0.058016028893815415
PDAC	GSE242230	06_EXTERNAL	20260922T131800Z_author_identity_v4	PDAC_author_cell_identity_v4	sc_expression_source	NA	NA	SLC7A2	author_source_label	3	25	equal_donor_mean_cellwise_log1p10k	0.008871379159178	NA	NA	NA	NA	SC_SOURCE_DESCRIPTIVE	NA	DONE	Donor-equal descriptive expression	GSE242230	UniProtKB:P52569	primary_tumor	Endothelial	18	3	274	186	0.008695652173913	0.0	0.0	0.013307068738767	Author labels,predeclared coarse mapping	mean_donor(mean_cell(log1p(10000*counts/all_gene_library)))	0.0	0.1217833901139945
PDAC	GSE242230	06_EXTERNAL	20260922T131800Z_author_identity_v4	PDAC_author_cell_identity_v4	sc_expression_source	NA	NA	SLC7A2	author_source_label	3	25	equal_donor_mean_cellwise_log1p10k	0.0	NA	NA	NA	NA	SC_SOURCE_DESCRIPTIVE	NA	DONE	Donor-equal descriptive expression	GSE242230	UniProtKB:P52569	primary_tumor	Erythrocyte	12	3	1199	1158	0.0	0.0	0.0	0.0	Author labels,predeclared coarse mapping	mean_donor(mean_cell(log1p(10000*counts/all_gene_library)))	0.0	0.0
PDAC	GSE242230	06_EXTERNAL	20260922T131800Z_author_identity_v4	PDAC_author_cell_identity_v4	sc_expression_source	NA	NA	SLC7A2	author_source_label	7	25	equal_donor_mean_cellwise_log1p10k	0.0707725940696837	NA	NA	NA	NA	SC_SOURCE_DESCRIPTIVE	NA	DONE	Donor-equal descriptive expression	GSE242230	UniProtKB:P52569	primary_tumor	Fibroblast/CAF	20	7	911	810	0.0838694704533897	0.0417894029968029	0.0301245033593098	0.1176556237432711	Author labels,predeclared coarse mapping	mean_donor(mean_cell(log1p(10000*counts/all_gene_library)))	0.549	0.9715430124583101
PDAC	GSE242230	06_EXTERNAL	20260922T131800Z_author_identity_v4	PDAC_author_cell_identity_v4	sc_expression_source	NA	NA	SLC7A2	author_source_label	23	25	equal_donor_mean_cellwise_log1p10k	0.0110381040281816	NA	NA	NA	NA	SC_SOURCE_DESCRIPTIVE	NA	DONE	Donor-equal descriptive expression	GSE242230	UniProtKB:P52569	primary_tumor	Malignant (author)	25	23	10783	10759	0.019559350447378	0.0065731362789215	0.0012434165407802	0.0141589017454814	Author labels,predeclared coarse mapping	mean_donor(mean_cell(log1p(10000*counts/all_gene_library)))	0.0	0.15152748009785771
PDAC	GSE242230	06_EXTERNAL	20260922T131800Z_author_identity_v4	PDAC_author_cell_identity_v4	sc_expression_source	NA	NA	SLC7A2	author_source_label	1	25	equal_donor_mean_cellwise_log1p10k	NA	NA	NA	NA	NA	SC_SOURCE_DESCRIPTIVE	NA	NOT_EVALUABLE	GENE_MISSING_OR_LT3_ELIGIBLE_LABELS	GSE242230	UniProtKB:P52569	primary_tumor	Mast	11	1	91	23	NA	NA	NA	NA	Author labels,predeclared coarse mapping	mean_donor(mean_cell(log1p(10000*counts/all_gene_library)))	NA	NA
PDAC	GSE242230	06_EXTERNAL	20260922T131800Z_author_identity_v4	PDAC_author_cell_identity_v4	sc_expression_source	NA	NA	SLC7A2	author_source_label	20	25	equal_donor_mean_cellwise_log1p10k	0.0002232845449497	NA	NA	NA	NA	SC_SOURCE_DESCRIPTIVE	NA	DONE	Donor-equal descriptive expression	GSE242230	UniProtKB:P52569	primary_tumor	Myeloid	25	20	6246	6224	0.0002136752136752	0.0	0.0	0.0	Author labels,predeclared coarse mapping	mean_donor(mean_cell(log1p(10000*counts/all_gene_library)))	0.0	0.0030651771676225635
PDAC	GSE242230	06_EXTERNAL	20260922T131800Z_author_identity_v4	PDAC_author_cell_identity_v4	sc_expression_source	NA	NA	SLC7A2	author_source_label	6	25	equal_donor_mean_cellwise_log1p10k	0.0728455592414861	NA	NA	NA	NA	SC_SOURCE_DESCRIPTIVE	NA	DONE	Donor-equal descriptive expression	GSE242230	UniProtKB:P52569	primary_tumor	Normal epithelial (author)	21	6	350	291	0.1207270296475693	0.0643400725460769	0.0525460886360885	0.0849862259904123	Author labels,predeclared coarse mapping	mean_donor(mean_cell(log1p(10000*counts/all_gene_library)))	0.451	1.0
PDAC	GSE242230	06_EXTERNAL	20260922T131800Z_author_identity_v4	PDAC_author_cell_identity_v4	sc_expression_source	NA	NA	SLC7A2	author_source_label	2	25	equal_donor_mean_cellwise_log1p10k	NA	NA	NA	NA	NA	SC_SOURCE_DESCRIPTIVE	NA	NOT_EVALUABLE	GENE_MISSING_OR_LT3_ELIGIBLE_LABELS	GSE242230	UniProtKB:P52569	primary_tumor	Platelet	13	2	122	64	NA	NA	NA	NA	Author labels,predeclared coarse mapping	mean_donor(mean_cell(log1p(10000*counts/all_gene_library)))	NA	NA
PDAC	GSE242230	06_EXTERNAL	20260922T131800Z_author_identity_v4	PDAC_author_cell_identity_v4	sc_expression_source	NA	NA	SLC7A2	author_source_label	21	25	equal_donor_mean_cellwise_log1p10k	0.000151972114682	NA	NA	NA	NA	SC_SOURCE_DESCRIPTIVE	NA	DONE	Donor-equal descriptive expression	GSE242230	UniProtKB:P52569	primary_tumor	T/NK	25	21	9408	9383	0.0001392369813422	0.0	0.0	0.0	Author labels,predeclared coarse mapping	mean_donor(mean_cell(log1p(10000*counts/all_gene_library)))	0.0	0.002086223460488594
PDAC	GSE242230	06_EXTERNAL	20260922T131800Z_author_identity_v4	PDAC_author_cell_identity_v4	sc_expression_source	NA	NA	SLC7A3	author_source_label	1	25	equal_donor_mean_cellwise_log1p10k	NA	NA	NA	NA	NA	SC_SOURCE_DESCRIPTIVE	NA	NOT_EVALUABLE	GENE_MISSING_OR_LT3_ELIGIBLE_LABELS	GSE242230	UniProtKB:Q8WY07	primary_tumor	Acinar	17	1	91	20	NA	NA	NA	NA	Author labels,predeclared coarse mapping	mean_donor(mean_cell(log1p(10000*counts/all_gene_library)))	NA	NA
PDAC	GSE242230	06_EXTERNAL	20260922T131800Z_author_identity_v4	PDAC_author_cell_identity_v4	sc_expression_source	NA	NA	SLC7A3	author_source_label	15	25	equal_donor_mean_cellwise_log1p10k	0.0	NA	NA	NA	NA	SC_SOURCE_DESCRIPTIVE	NA	DONE	Donor-equal descriptive expression	GSE242230	UniProtKB:Q8WY07	primary_tumor	B/Plasma	23	15	1740	1675	0.0	0.0	0.0	0.0	Author labels,predeclared coarse mapping	mean_donor(mean_cell(log1p(10000*counts/all_gene_library)))	NA	0.0
PDAC	GSE242230	06_EXTERNAL	20260922T131800Z_author_identity_v4	PDAC_author_cell_identity_v4	sc_expression_source	NA	NA	SLC7A3	author_source_label	3	25	equal_donor_mean_cellwise_log1p10k	0.0	NA	NA	NA	NA	SC_SOURCE_DESCRIPTIVE	NA	DONE	Donor-equal descriptive expression	GSE242230	UniProtKB:Q8WY07	primary_tumor	Endothelial	18	3	274	186	0.0	0.0	0.0	0.0	Author labels,predeclared coarse mapping	mean_donor(mean_cell(log1p(10000*counts/all_gene_library)))	NA	0.0
PDAC	GSE242230	06_EXTERNAL	20260922T131800Z_author_identity_v4	PDAC_author_cell_identity_v4	sc_expression_source	NA	NA	SLC7A3	author_source_label	3	25	equal_donor_mean_cellwise_log1p10k	0.0	NA	NA	NA	NA	SC_SOURCE_DESCRIPTIVE	NA	DONE	Donor-equal descriptive expression	GSE242230	UniProtKB:Q8WY07	primary_tumor	Erythrocyte	12	3	1199	1158	0.0	0.0	0.0	0.0	Author labels,predeclared coarse mapping	mean_donor(mean_cell(log1p(10000*counts/all_gene_library)))	NA	0.0
PDAC	GSE242230	06_EXTERNAL	20260922T131800Z_author_identity_v4	PDAC_author_cell_identity_v4	sc_expression_source	NA	NA	SLC7A3	author_source_label	7	25	equal_donor_mean_cellwise_log1p10k	0.0003410524541382	NA	NA	NA	NA	SC_SOURCE_DESCRIPTIVE	NA	DONE	Donor-equal descriptive expression	GSE242230	UniProtKB:Q8WY07	primary_tumor	Fibroblast/CAF	20	7	911	810	0.0007251631617113	0.0	0.0	0.0	Author labels,predeclared coarse mapping	mean_donor(mean_cell(log1p(10000*counts/all_gene_library)))	NA	1.0
PDAC	GSE242230	06_EXTERNAL	20260922T131800Z_author_identity_v4	PDAC_author_cell_identity_v4	sc_expression_source	NA	NA	SLC7A3	author_source_label	23	25	equal_donor_mean_cellwise_log1p10k	0.0	NA	NA	NA	NA	SC_SOURCE_DESCRIPTIVE	NA	DONE	Donor-equal descriptive expression	GSE242230	UniProtKB:Q8WY07	primary_tumor	Malignant (author)	25	23	10783	10759	0.0	0.0	0.0	0.0	Author labels,predeclared coarse mapping	mean_donor(mean_cell(log1p(10000*counts/all_gene_library)))	NA	0.0
PDAC	GSE242230	06_EXTERNAL	20260922T131800Z_author_identity_v4	PDAC_author_cell_identity_v4	sc_expression_source	NA	NA	SLC7A3	author_source_label	1	25	equal_donor_mean_cellwise_log1p10k	NA	NA	NA	NA	NA	SC_SOURCE_DESCRIPTIVE	NA	NOT_EVALUABLE	GENE_MISSING_OR_LT3_ELIGIBLE_LABELS	GSE242230	UniProtKB:Q8WY07	primary_tumor	Mast	11	1	91	23	NA	NA	NA	NA	Author labels,predeclared coarse mapping	mean_donor(mean_cell(log1p(10000*counts/all_gene_library)))	NA	NA
PDAC	GSE242230	06_EXTERNAL	20260922T131800Z_author_identity_v4	PDAC_author_cell_identity_v4	sc_expression_source	NA	NA	SLC7A3	author_source_label	20	25	equal_donor_mean_cellwise_log1p10k	0.0	NA	NA	NA	NA	SC_SOURCE_DESCRIPTIVE	NA	DONE	Donor-equal descriptive expression	GSE242230	UniProtKB:Q8WY07	primary_tumor	Myeloid	25	20	6246	6224	0.0	0.0	0.0	0.0	Author labels,predeclared coarse mapping	mean_donor(mean_cell(log1p(10000*counts/all_gene_library)))	NA	0.0
PDAC	GSE242230	06_EXTERNAL	20260922T131800Z_author_identity_v4	PDAC_author_cell_identity_v4	sc_expression_source	NA	NA	SLC7A3	author_source_label	6	25	equal_donor_mean_cellwise_log1p10k	0.0	NA	NA	NA	NA	SC_SOURCE_DESCRIPTIVE	NA	DONE	Donor-equal descriptive expression	GSE242230	UniProtKB:Q8WY07	primary_tumor	Normal epithelial (author)	21	6	350	291	0.0	0.0	0.0	0.0	Author labels,predeclared coarse mapping	mean_donor(mean_cell(log1p(10000*counts/all_gene_library)))	NA	0.0
PDAC	GSE242230	06_EXTERNAL	20260922T131800Z_author_identity_v4	PDAC_author_cell_identity_v4	sc_expression_source	NA	NA	SLC7A3	author_source_label	2	25	equal_donor_mean_cellwise_log1p10k	NA	NA	NA	NA	NA	SC_SOURCE_DESCRIPTIVE	NA	NOT_EVALUABLE	GENE_MISSING_OR_LT3_ELIGIBLE_LABELS	GSE242230	UniProtKB:Q8WY07	primary_tumor	Platelet	13	2	122	64	NA	NA	NA	NA	Author labels,predeclared coarse mapping	mean_donor(mean_cell(log1p(10000*counts/all_gene_library)))	NA	NA
PDAC	GSE242230	06_EXTERNAL	20260922T131800Z_author_identity_v4	PDAC_author_cell_identity_v4	sc_expression_source	NA	NA	SLC7A3	author_source_label	21	25	equal_donor_mean_cellwise_log1p10k	9.968952214370436e-05	NA	NA	NA	NA	SC_SOURCE_DESCRIPTIVE	NA	DONE	Donor-equal descriptive expression	GSE242230	UniProtKB:Q8WY07	primary_tumor	T/NK	25	21	9408	9383	7.337295472888693e-05	0.0	0.0	0.0	Author labels,predeclared coarse mapping	mean_donor(mean_cell(log1p(10000*counts/all_gene_library)))	NA	0.29229967687993397
PDAC	GSE242230	06_EXTERNAL	20260922T131800Z_author_identity_v4	PDAC_author_cell_identity_v4	sc_expression_source	NA	NA	SLC7A5	author_source_label	1	25	equal_donor_mean_cellwise_log1p10k	NA	NA	NA	NA	NA	SC_SOURCE_DESCRIPTIVE	NA	NOT_EVALUABLE	GENE_MISSING_OR_LT3_ELIGIBLE_LABELS	GSE242230	UniProtKB:Q01650	primary_tumor	Acinar	17	1	91	20	NA	NA	NA	NA	Author labels,predeclared coarse mapping	mean_donor(mean_cell(log1p(10000*counts/all_gene_library)))	NA	NA
PDAC	GSE242230	06_EXTERNAL	20260922T131800Z_author_identity_v4	PDAC_author_cell_identity_v4	sc_expression_source	NA	NA	SLC7A5	author_source_label	15	25	equal_donor_mean_cellwise_log1p10k	0.0467313494297267	NA	NA	NA	NA	SC_SOURCE_DESCRIPTIVE	NA	DONE	Donor-equal descriptive expression	GSE242230	UniProtKB:Q01650	primary_tumor	B/Plasma	23	15	1740	1675	0.0284629751998976	0.0153703452026262	0.0	0.0451921209764998	Author labels,predeclared coarse mapping	mean_donor(mean_cell(log1p(10000*counts/all_gene_library)))	0.001	0.22328060820804582
PDAC	GSE242230	06_EXTERNAL	20260922T131800Z_author_identity_v4	PDAC_author_cell_identity_v4	sc_expression_source	NA	NA	SLC7A5	author_source_label	3	25	equal_donor_mean_cellwise_log1p10k	0.0017745531942766	NA	NA	NA	NA	SC_SOURCE_DESCRIPTIVE	NA	DONE	Donor-equal descriptive expression	GSE242230	UniProtKB:Q01650	primary_tumor	Endothelial	18	3	274	186	0.0028985507246376	0.0	0.0	0.002661829791415	Author labels,predeclared coarse mapping	mean_donor(mean_cell(log1p(10000*counts/all_gene_library)))	0.0	0.00847874759344237
PDAC	GSE242230	06_EXTERNAL	20260922T131800Z_author_identity_v4	PDAC_author_cell_identity_v4	sc_expression_source	NA	NA	SLC7A5	author_source_label	3	25	equal_donor_mean_cellwise_log1p10k	0.2092942589361988	NA	NA	NA	NA	SC_SOURCE_DESCRIPTIVE	NA	DONE	Donor-equal descriptive expression	GSE242230	UniProtKB:Q01650	primary_tumor	Erythrocyte	12	3	1199	1158	0.1993013582894651	0.1925175814205098	0.1756960340461242	0.234504145068429	Author labels,predeclared coarse mapping	mean_donor(mean_cell(log1p(10000*counts/all_gene_library)))	0.584	1.0
PDAC	GSE242230	06_EXTERNAL	20260922T131800Z_author_identity_v4	PDAC_author_cell_identity_v4	sc_expression_source	NA	NA	SLC7A5	author_source_label	7	25	equal_donor_mean_cellwise_log1p10k	0.0296183798292846	NA	NA	NA	NA	SC_SOURCE_DESCRIPTIVE	NA	DONE	Donor-equal descriptive expression	GSE242230	UniProtKB:Q01650	primary_tumor	Fibroblast/CAF	20	7	911	810	0.0352561949922908	0.0267749605524027	0.0044458512737376	0.0411227594270981	Author labels,predeclared coarse mapping	mean_donor(mean_cell(log1p(10000*counts/all_gene_library)))	0.0	0.14151549105947267
PDAC	GSE242230	06_EXTERNAL	20260922T131800Z_author_identity_v4	PDAC_author_cell_identity_v4	sc_expression_source	NA	NA	SLC7A5	author_source_label	23	25	equal_donor_mean_cellwise_log1p10k	0.1115970562251776	NA	NA	NA	NA	SC_SOURCE_DESCRIPTIVE	NA	DONE	Donor-equal descriptive expression	GSE242230	UniProtKB:Q01650	primary_tumor	Malignant (author)	25	23	10783	10759	0.148700508930511	0.1025949036636436	0.0572939176510533	0.1376238625190089	Author labels,predeclared coarse mapping	mean_donor(mean_cell(log1p(10000*counts/all_gene_library)))	0.335	0.5332064854162905
PDAC	GSE242230	06_EXTERNAL	20260922T131800Z_author_identity_v4	PDAC_author_cell_identity_v4	sc_expression_source	NA	NA	SLC7A5	author_source_label	1	25	equal_donor_mean_cellwise_log1p10k	NA	NA	NA	NA	NA	SC_SOURCE_DESCRIPTIVE	NA	NOT_EVALUABLE	GENE_MISSING_OR_LT3_ELIGIBLE_LABELS	GSE242230	UniProtKB:Q01650	primary_tumor	Mast	11	1	91	23	NA	NA	NA	NA	Author labels,predeclared coarse mapping	mean_donor(mean_cell(log1p(10000*counts/all_gene_library)))	NA	NA
PDAC	GSE242230	06_EXTERNAL	20260922T131800Z_author_identity_v4	PDAC_author_cell_identity_v4	sc_expression_source	NA	NA	SLC7A5	author_source_label	20	25	equal_donor_mean_cellwise_log1p10k	0.0869039513167521	NA	NA	NA	NA	SC_SOURCE_DESCRIPTIVE	NA	DONE	Donor-equal descriptive expression	GSE242230	UniProtKB:Q01650	primary_tumor	Myeloid	25	20	6246	6224	0.0909142055769826	0.0688308126162897	0.0463771968495392	0.1056055204442928	Author labels,predeclared coarse mapping	mean_donor(mean_cell(log1p(10000*counts/all_gene_library)))	0.05	0.41522377039135067
PDAC	GSE242230	06_EXTERNAL	20260922T131800Z_author_identity_v4	PDAC_author_cell_identity_v4	sc_expression_source	NA	NA	SLC7A5	author_source_label	6	25	equal_donor_mean_cellwise_log1p10k	0.0632782841061415	NA	NA	NA	NA	SC_SOURCE_DESCRIPTIVE	NA	DONE	Donor-equal descriptive expression	GSE242230	UniProtKB:Q01650	primary_tumor	Normal epithelial (author)	21	6	350	291	0.1129965999906029	0.0431115023610655	0.0223326917690726	0.0741128495331662	Author labels,predeclared coarse mapping	mean_donor(mean_cell(log1p(10000*counts/all_gene_library)))	0.001	0.302341232042257
PDAC	GSE242230	06_EXTERNAL	20260922T131800Z_author_identity_v4	PDAC_author_cell_identity_v4	sc_expression_source	NA	NA	SLC7A5	author_source_label	2	25	equal_donor_mean_cellwise_log1p10k	NA	NA	NA	NA	NA	SC_SOURCE_DESCRIPTIVE	NA	NOT_EVALUABLE	GENE_MISSING_OR_LT3_ELIGIBLE_LABELS	GSE242230	UniProtKB:Q01650	primary_tumor	Platelet	13	2	122	64	NA	NA	NA	NA	Author labels,predeclared coarse mapping	mean_donor(mean_cell(log1p(10000*counts/all_gene_library)))	NA	NA
PDAC	GSE242230	06_EXTERNAL	20260922T131800Z_author_identity_v4	PDAC_author_cell_identity_v4	sc_expression_source	NA	NA	SLC7A5	author_source_label	21	25	equal_donor_mean_cellwise_log1p10k	0.0837279294992993	NA	NA	NA	NA	SC_SOURCE_DESCRIPTIVE	NA	DONE	Donor-equal descriptive expression	GSE242230	UniProtKB:Q01650	primary_tumor	T/NK	25	21	9408	9383	0.0622252185231105	0.0664608617675807	0.0442452380841333	0.0898783970663409	Author labels,predeclared coarse mapping	mean_donor(mean_cell(log1p(10000*counts/all_gene_library)))	0.029	0.4000488590794213
PDAC	GSE242230	06_EXTERNAL	20260922T131800Z_author_identity_v4	PDAC_author_cell_identity_v4	sc_expression_source	NA	NA	SLC7A6	author_source_label	1	25	equal_donor_mean_cellwise_log1p10k	NA	NA	NA	NA	NA	SC_SOURCE_DESCRIPTIVE	NA	NOT_EVALUABLE	GENE_MISSING_OR_LT3_ELIGIBLE_LABELS	GSE242230	UniProtKB:Q92536	primary_tumor	Acinar	17	1	91	20	NA	NA	NA	NA	Author labels,predeclared coarse mapping	mean_donor(mean_cell(log1p(10000*counts/all_gene_library)))	NA	NA
PDAC	GSE242230	06_EXTERNAL	20260922T131800Z_author_identity_v4	PDAC_author_cell_identity_v4	sc_expression_source	NA	NA	SLC7A6	author_source_label	15	25	equal_donor_mean_cellwise_log1p10k	0.0899974915488822	NA	NA	NA	NA	SC_SOURCE_DESCRIPTIVE	NA	DONE	Donor-equal descriptive expression	GSE242230	UniProtKB:Q92536	primary_tumor	B/Plasma	23	15	1740	1675	0.0736849831565287	0.084221972079664	0.0431898124880433	0.1203288532111956	Author labels,predeclared coarse mapping	mean_donor(mean_cell(log1p(10000*counts/all_gene_library)))	0.0	0.45732195012233334
PDAC	GSE242230	06_EXTERNAL	20260922T131800Z_author_identity_v4	PDAC_author_cell_identity_v4	sc_expression_source	NA	NA	SLC7A6	author_source_label	3	25	equal_donor_mean_cellwise_log1p10k	0.1050878167848963	NA	NA	NA	NA	SC_SOURCE_DESCRIPTIVE	NA	DONE	Donor-equal descriptive expression	GSE242230	UniProtKB:Q92536	primary_tumor	Endothelial	18	3	274	186	0.096135265700483	0.1242853928458045	0.0621426964229022	0.1576317251773444	Author labels,predeclared coarse mapping	mean_donor(mean_cell(log1p(10000*counts/all_gene_library)))	0.004	0.5340033869728912
PDAC	GSE242230	06_EXTERNAL	20260922T131800Z_author_identity_v4	PDAC_author_cell_identity_v4	sc_expression_source	NA	NA	SLC7A6	author_source_label	3	25	equal_donor_mean_cellwise_log1p10k	0.0001945885170493	NA	NA	NA	NA	SC_SOURCE_DESCRIPTIVE	NA	DONE	Donor-equal descriptive expression	GSE242230	UniProtKB:Q92536	primary_tumor	Erythrocyte	12	3	1199	1158	0.0002989536621823	0.0	0.0	0.000291882775574	Author labels,predeclared coarse mapping	mean_donor(mean_cell(log1p(10000*counts/all_gene_library)))	0.0	0.0009888008938567362
PDAC	GSE242230	06_EXTERNAL	20260922T131800Z_author_identity_v4	PDAC_author_cell_identity_v4	sc_expression_source	NA	NA	SLC7A6	author_source_label	7	25	equal_donor_mean_cellwise_log1p10k	0.0823252028616116	NA	NA	NA	NA	SC_SOURCE_DESCRIPTIVE	NA	DONE	Donor-equal descriptive expression	GSE242230	UniProtKB:Q92536	primary_tumor	Fibroblast/CAF	20	7	911	810	0.1123192861842598	0.0779843490088954	0.0559329671500723	0.1248865052027527	Author labels,predeclared coarse mapping	mean_donor(mean_cell(log1p(10000*counts/all_gene_library)))	0.0	0.4183352410043536
PDAC	GSE242230	06_EXTERNAL	20260922T131800Z_author_identity_v4	PDAC_author_cell_identity_v4	sc_expression_source	NA	NA	SLC7A6	author_source_label	23	25	equal_donor_mean_cellwise_log1p10k	0.0405674708495693	NA	NA	NA	NA	SC_SOURCE_DESCRIPTIVE	NA	DONE	Donor-equal descriptive expression	GSE242230	UniProtKB:Q92536	primary_tumor	Malignant (author)	25	23	10783	10759	0.0822027506529781	0.04034413815411	0.0181225940348759	0.0548034960249208	Author labels,predeclared coarse mapping	mean_donor(mean_cell(log1p(10000*counts/all_gene_library)))	0.0	0.20614346645849785
PDAC	GSE242230	06_EXTERNAL	20260922T131800Z_author_identity_v4	PDAC_author_cell_identity_v4	sc_expression_source	NA	NA	SLC7A6	author_source_label	1	25	equal_donor_mean_cellwise_log1p10k	NA	NA	NA	NA	NA	SC_SOURCE_DESCRIPTIVE	NA	NOT_EVALUABLE	GENE_MISSING_OR_LT3_ELIGIBLE_LABELS	GSE242230	UniProtKB:Q92536	primary_tumor	Mast	11	1	91	23	NA	NA	NA	NA	Author labels,predeclared coarse mapping	mean_donor(mean_cell(log1p(10000*counts/all_gene_library)))	NA	NA
PDAC	GSE242230	06_EXTERNAL	20260922T131800Z_author_identity_v4	PDAC_author_cell_identity_v4	sc_expression_source	NA	NA	SLC7A6	author_source_label	20	25	equal_donor_mean_cellwise_log1p10k	0.0812797910125131	NA	NA	NA	NA	SC_SOURCE_DESCRIPTIVE	NA	DONE	Donor-equal descriptive expression	GSE242230	UniProtKB:Q92536	primary_tumor	Myeloid	25	20	6246	6224	0.092440861154757	0.0703708229007002	0.0400193117720206	0.0879023538291929	Author labels,predeclared coarse mapping	mean_donor(mean_cell(log1p(10000*counts/all_gene_library)))	0.0	0.41302298421494027
PDAC	GSE242230	06_EXTERNAL	20260922T131800Z_author_identity_v4	PDAC_author_cell_identity_v4	sc_expression_source	NA	NA	SLC7A6	author_source_label	6	25	equal_donor_mean_cellwise_log1p10k	0.0052747820354453	NA	NA	NA	NA	SC_SOURCE_DESCRIPTIVE	NA	DONE	Donor-equal descriptive expression	GSE242230	UniProtKB:Q92536	primary_tumor	Normal epithelial (author)	21	6	350	291	0.0088257153474544	0.0	0.0	0.0071604699587747	Author labels,predeclared coarse mapping	mean_donor(mean_cell(log1p(10000*counts/all_gene_library)))	0.0	0.026803787143443517
PDAC	GSE242230	06_EXTERNAL	20260922T131800Z_author_identity_v4	PDAC_author_cell_identity_v4	sc_expression_source	NA	NA	SLC7A6	author_source_label	2	25	equal_donor_mean_cellwise_log1p10k	NA	NA	NA	NA	NA	SC_SOURCE_DESCRIPTIVE	NA	NOT_EVALUABLE	GENE_MISSING_OR_LT3_ELIGIBLE_LABELS	GSE242230	UniProtKB:Q92536	primary_tumor	Platelet	13	2	122	64	NA	NA	NA	NA	Author labels,predeclared coarse mapping	mean_donor(mean_cell(log1p(10000*counts/all_gene_library)))	NA	NA
PDAC	GSE242230	06_EXTERNAL	20260922T131800Z_author_identity_v4	PDAC_author_cell_identity_v4	sc_expression_source	NA	NA	SLC7A6	author_source_label	21	25	equal_donor_mean_cellwise_log1p10k	0.1967924162065869	NA	NA	NA	NA	SC_SOURCE_DESCRIPTIVE	NA	DONE	Donor-equal descriptive expression	GSE242230	UniProtKB:Q92536	primary_tumor	T/NK	25	21	9408	9383	0.1439359221491693	0.1860997832707356	0.1597184318549771	0.2302682256389716	Author labels,predeclared coarse mapping	mean_donor(mean_cell(log1p(10000*counts/all_gene_library)))	0.996	1.0
PDAC	GSE242230	06_EXTERNAL	20260922T131800Z_author_identity_v4	PDAC_author_cell_identity_v4	sc_expression_source	NA	NA	SLC7A7	author_source_label	1	25	equal_donor_mean_cellwise_log1p10k	NA	NA	NA	NA	NA	SC_SOURCE_DESCRIPTIVE	NA	NOT_EVALUABLE	GENE_MISSING_OR_LT3_ELIGIBLE_LABELS	GSE242230	UniProtKB:Q9UM01	primary_tumor	Acinar	17	1	91	20	NA	NA	NA	NA	Author labels,predeclared coarse mapping	mean_donor(mean_cell(log1p(10000*counts/all_gene_library)))	NA	NA
PDAC	GSE242230	06_EXTERNAL	20260922T131800Z_author_identity_v4	PDAC_author_cell_identity_v4	sc_expression_source	NA	NA	SLC7A7	author_source_label	15	25	equal_donor_mean_cellwise_log1p10k	0.0647917068804258	NA	NA	NA	NA	SC_SOURCE_DESCRIPTIVE	NA	DONE	Donor-equal descriptive expression	GSE242230	UniProtKB:Q9UM01	primary_tumor	B/Plasma	23	15	1740	1675	0.0510272992094678	0.0597122809129671	0.049000478400225	0.0799582754896682	Author labels,predeclared coarse mapping	mean_donor(mean_cell(log1p(10000*counts/all_gene_library)))	0.0	0.1060530414658909
PDAC	GSE242230	06_EXTERNAL	20260922T131800Z_author_identity_v4	PDAC_author_cell_identity_v4	sc_expression_source	NA	NA	SLC7A7	author_source_label	3	25	equal_donor_mean_cellwise_log1p10k	0.0046407239976213	NA	NA	NA	NA	SC_SOURCE_DESCRIPTIVE	NA	DONE	Donor-equal descriptive expression	GSE242230	UniProtKB:Q9UM01	primary_tumor	Endothelial	18	3	274	186	0.0057971014492753	0.0	0.0	0.006961085996432	Author labels,predeclared coarse mapping	mean_donor(mean_cell(log1p(10000*counts/all_gene_library)))	0.0	0.007596078545357381
PDAC	GSE242230	06_EXTERNAL	20260922T131800Z_author_identity_v4	PDAC_author_cell_identity_v4	sc_expression_source	NA	NA	SLC7A7	author_source_label	3	25	equal_donor_mean_cellwise_log1p10k	0.0	NA	NA	NA	NA	SC_SOURCE_DESCRIPTIVE	NA	DONE	Donor-equal descriptive expression	GSE242230	UniProtKB:Q9UM01	primary_tumor	Erythrocyte	12	3	1199	1158	0.0	0.0	0.0	0.0	Author labels,predeclared coarse mapping	mean_donor(mean_cell(log1p(10000*counts/all_gene_library)))	0.0	0.0
PDAC	GSE242230	06_EXTERNAL	20260922T131800Z_author_identity_v4	PDAC_author_cell_identity_v4	sc_expression_source	NA	NA	SLC7A7	author_source_label	7	25	equal_donor_mean_cellwise_log1p10k	0.0744234699761531	NA	NA	NA	NA	SC_SOURCE_DESCRIPTIVE	NA	DONE	Donor-equal descriptive expression	GSE242230	UniProtKB:Q9UM01	primary_tumor	Fibroblast/CAF	20	7	911	810	0.105944078248721	0.0685623881993163	0.0442900039720613	0.0972698789460957	Author labels,predeclared coarse mapping	mean_donor(mean_cell(log1p(10000*counts/all_gene_library)))	0.0	0.12181860499496967
PDAC	GSE242230	06_EXTERNAL	20260922T131800Z_author_identity_v4	PDAC_author_cell_identity_v4	sc_expression_source	NA	NA	SLC7A7	author_source_label	23	25	equal_donor_mean_cellwise_log1p10k	0.0863261167680469	NA	NA	NA	NA	SC_SOURCE_DESCRIPTIVE	NA	DONE	Donor-equal descriptive expression	GSE242230	UniProtKB:Q9UM01	primary_tumor	Malignant (author)	25	23	10783	10759	0.1437404868353592	0.0789258346670826	0.0343792853114764	0.1082292360757407	Author labels,predeclared coarse mapping	mean_donor(mean_cell(log1p(10000*counts/all_gene_library)))	0.0	0.14130122020225513
PDAC	GSE242230	06_EXTERNAL	20260922T131800Z_author_identity_v4	PDAC_author_cell_identity_v4	sc_expression_source	NA	NA	SLC7A7	author_source_label	1	25	equal_donor_mean_cellwise_log1p10k	NA	NA	NA	NA	NA	SC_SOURCE_DESCRIPTIVE	NA	NOT_EVALUABLE	GENE_MISSING_OR_LT3_ELIGIBLE_LABELS	GSE242230	UniProtKB:Q9UM01	primary_tumor	Mast	11	1	91	23	NA	NA	NA	NA	Author labels,predeclared coarse mapping	mean_donor(mean_cell(log1p(10000*counts/all_gene_library)))	NA	NA
PDAC	GSE242230	06_EXTERNAL	20260922T131800Z_author_identity_v4	PDAC_author_cell_identity_v4	sc_expression_source	NA	NA	SLC7A7	author_source_label	20	25	equal_donor_mean_cellwise_log1p10k	0.6109368103437591	NA	NA	NA	NA	SC_SOURCE_DESCRIPTIVE	NA	DONE	Donor-equal descriptive expression	GSE242230	UniProtKB:Q9UM01	primary_tumor	Myeloid	25	20	6246	6224	0.4566449712294307	0.6249208220713056	0.5489555655702439	0.7181269461449229	Author labels,predeclared coarse mapping	mean_donor(mean_cell(log1p(10000*counts/all_gene_library)))	1.0	1.0
PDAC	GSE242230	06_EXTERNAL	20260922T131800Z_author_identity_v4	PDAC_author_cell_identity_v4	sc_expression_source	NA	NA	SLC7A7	author_source_label	6	25	equal_donor_mean_cellwise_log1p10k	0.1018238656034741	NA	NA	NA	NA	SC_SOURCE_DESCRIPTIVE	NA	DONE	Donor-equal descriptive expression	GSE242230	UniProtKB:Q9UM01	primary_tumor	Normal epithelial (author)	21	6	350	291	0.1961695968255188	0.1067362733875871	0.0761888689104598	0.1219855776058859	Author labels,predeclared coarse mapping	mean_donor(mean_cell(log1p(10000*counts/all_gene_library)))	0.0	0.16666840805709565
PDAC	GSE242230	06_EXTERNAL	20260922T131800Z_author_identity_v4	PDAC_author_cell_identity_v4	sc_expression_source	NA	NA	SLC7A7	author_source_label	2	25	equal_donor_mean_cellwise_log1p10k	NA	NA	NA	NA	NA	SC_SOURCE_DESCRIPTIVE	NA	NOT_EVALUABLE	GENE_MISSING_OR_LT3_ELIGIBLE_LABELS	GSE242230	UniProtKB:Q9UM01	primary_tumor	Platelet	13	2	122	64	NA	NA	NA	NA	Author labels,predeclared coarse mapping	mean_donor(mean_cell(log1p(10000*counts/all_gene_library)))	NA	NA
PDAC	GSE242230	06_EXTERNAL	20260922T131800Z_author_identity_v4	PDAC_author_cell_identity_v4	sc_expression_source	NA	NA	SLC7A7	author_source_label	21	25	equal_donor_mean_cellwise_log1p10k	0.0033035551784739	NA	NA	NA	NA	SC_SOURCE_DESCRIPTIVE	NA	DONE	Donor-equal descriptive expression	GSE242230	UniProtKB:Q9UM01	primary_tumor	T/NK	25	21	9408	9383	0.002394055167614	0.0	0.0	0.0025124910959117	Author labels,predeclared coarse mapping	mean_donor(mean_cell(log1p(10000*counts/all_gene_library)))	0.0	0.005407359848909858
PDAC	GSE242230	06_EXTERNAL	20260922T131800Z_author_identity_v4	PDAC_author_cell_identity_v4	sc_expression_source	NA	NA	SLC7A8	author_source_label	1	25	equal_donor_mean_cellwise_log1p10k	NA	NA	NA	NA	NA	SC_SOURCE_DESCRIPTIVE	NA	NOT_EVALUABLE	GENE_MISSING_OR_LT3_ELIGIBLE_LABELS	GSE242230	UniProtKB:Q9UHI5	primary_tumor	Acinar	17	1	91	20	NA	NA	NA	NA	Author labels,predeclared coarse mapping	mean_donor(mean_cell(log1p(10000*counts/all_gene_library)))	NA	NA
PDAC	GSE242230	06_EXTERNAL	20260922T131800Z_author_identity_v4	PDAC_author_cell_identity_v4	sc_expression_source	NA	NA	SLC7A8	author_source_label	15	25	equal_donor_mean_cellwise_log1p10k	0.0024693316211278	NA	NA	NA	NA	SC_SOURCE_DESCRIPTIVE	NA	DONE	Donor-equal descriptive expression	GSE242230	UniProtKB:Q9UHI5	primary_tumor	B/Plasma	23	15	1740	1675	0.0029425539987178	0.0	0.0	0.00165592706429	Author labels,predeclared coarse mapping	mean_donor(mean_cell(log1p(10000*counts/all_gene_library)))	0.0	0.023941891867407687
PDAC	GSE242230	06_EXTERNAL	20260922T131800Z_author_identity_v4	PDAC_author_cell_identity_v4	sc_expression_source	NA	NA	SLC7A8	author_source_label	3	25	equal_donor_mean_cellwise_log1p10k	0.0029892947914442	NA	NA	NA	NA	SC_SOURCE_DESCRIPTIVE	NA	DONE	Donor-equal descriptive expression	GSE242230	UniProtKB:Q9UHI5	primary_tumor	Endothelial	18	3	274	186	0.0028985507246376	0.0	0.0	0.0044839421871663	Author labels,predeclared coarse mapping	mean_donor(mean_cell(log1p(10000*counts/all_gene_library)))	0.0	0.028983297360390455
PDAC	GSE242230	06_EXTERNAL	20260922T131800Z_author_identity_v4	PDAC_author_cell_identity_v4	sc_expression_source	NA	NA	SLC7A8	author_source_label	3	25	equal_donor_mean_cellwise_log1p10k	0.0	NA	NA	NA	NA	SC_SOURCE_DESCRIPTIVE	NA	DONE	Donor-equal descriptive expression	GSE242230	UniProtKB:Q9UHI5	primary_tumor	Erythrocyte	12	3	1199	1158	0.0	0.0	0.0	0.0	Author labels,predeclared coarse mapping	mean_donor(mean_cell(log1p(10000*counts/all_gene_library)))	0.0	0.0
PDAC	GSE242230	06_EXTERNAL	20260922T131800Z_author_identity_v4	PDAC_author_cell_identity_v4	sc_expression_source	NA	NA	SLC7A8	author_source_label	7	25	equal_donor_mean_cellwise_log1p10k	0.1031385336966342	NA	NA	NA	NA	SC_SOURCE_DESCRIPTIVE	NA	DONE	Donor-equal descriptive expression	GSE242230	UniProtKB:Q9UHI5	primary_tumor	Fibroblast/CAF	20	7	911	810	0.1260088126453711	0.0661693826355096	0.050478105096895	0.1684546828519458	Author labels,predeclared coarse mapping	mean_donor(mean_cell(log1p(10000*counts/all_gene_library)))	0.902	1.0
PDAC	GSE242230	06_EXTERNAL	20260922T131800Z_author_identity_v4	PDAC_author_cell_identity_v4	sc_expression_source	NA	NA	SLC7A8	author_source_label	23	25	equal_donor_mean_cellwise_log1p10k	0.0432644685220811	NA	NA	NA	NA	SC_SOURCE_DESCRIPTIVE	NA	DONE	Donor-equal descriptive expression	GSE242230	UniProtKB:Q9UHI5	primary_tumor	Malignant (author)	25	23	10783	10759	0.0681991583112103	0.0185445747363609	0.0051810388863811	0.0402773797488583	Author labels,predeclared coarse mapping	mean_donor(mean_cell(log1p(10000*counts/all_gene_library)))	0.022	0.4194791895077425
PDAC	GSE242230	06_EXTERNAL	20260922T131800Z_author_identity_v4	PDAC_author_cell_identity_v4	sc_expression_source	NA	NA	SLC7A8	author_source_label	1	25	equal_donor_mean_cellwise_log1p10k	NA	NA	NA	NA	NA	SC_SOURCE_DESCRIPTIVE	NA	NOT_EVALUABLE	GENE_MISSING_OR_LT3_ELIGIBLE_LABELS	GSE242230	UniProtKB:Q9UHI5	primary_tumor	Mast	11	1	91	23	NA	NA	NA	NA	Author labels,predeclared coarse mapping	mean_donor(mean_cell(log1p(10000*counts/all_gene_library)))	NA	NA
PDAC	GSE242230	06_EXTERNAL	20260922T131800Z_author_identity_v4	PDAC_author_cell_identity_v4	sc_expression_source	NA	NA	SLC7A8	author_source_label	20	25	equal_donor_mean_cellwise_log1p10k	0.0589148980950242	NA	NA	NA	NA	SC_SOURCE_DESCRIPTIVE	NA	DONE	Donor-equal descriptive expression	GSE242230	UniProtKB:Q9UHI5	primary_tumor	Myeloid	25	20	6246	6224	0.0670160710928051	0.0469608921904724	0.0071151023320108	0.0920927091687358	Author labels,predeclared coarse mapping	mean_donor(mean_cell(log1p(10000*counts/all_gene_library)))	0.076	0.5712210168540219
PDAC	GSE242230	06_EXTERNAL	20260922T131800Z_author_identity_v4	PDAC_author_cell_identity_v4	sc_expression_source	NA	NA	SLC7A8	author_source_label	6	25	equal_donor_mean_cellwise_log1p10k	0.0167409992586811	NA	NA	NA	NA	SC_SOURCE_DESCRIPTIVE	NA	DONE	Donor-equal descriptive expression	GSE242230	UniProtKB:Q9UHI5	primary_tumor	Normal epithelial (author)	21	6	350	291	0.0400935216152607	0.0104708842725048	0.0006486206758346	0.0221843310527783	Author labels,predeclared coarse mapping	mean_donor(mean_cell(log1p(10000*counts/all_gene_library)))	0.0	0.16231566087532445
PDAC	GSE242230	06_EXTERNAL	20260922T131800Z_author_identity_v4	PDAC_author_cell_identity_v4	sc_expression_source	NA	NA	SLC7A8	author_source_label	2	25	equal_donor_mean_cellwise_log1p10k	NA	NA	NA	NA	NA	SC_SOURCE_DESCRIPTIVE	NA	NOT_EVALUABLE	GENE_MISSING_OR_LT3_ELIGIBLE_LABELS	GSE242230	UniProtKB:Q9UHI5	primary_tumor	Platelet	13	2	122	64	NA	NA	NA	NA	Author labels,predeclared coarse mapping	mean_donor(mean_cell(log1p(10000*counts/all_gene_library)))	NA	NA
PDAC	GSE242230	06_EXTERNAL	20260922T131800Z_author_identity_v4	PDAC_author_cell_identity_v4	sc_expression_source	NA	NA	SLC7A8	author_source_label	21	25	equal_donor_mean_cellwise_log1p10k	0.0030809683277337	NA	NA	NA	NA	SC_SOURCE_DESCRIPTIVE	NA	DONE	Donor-equal descriptive expression	GSE242230	UniProtKB:Q9UHI5	primary_tumor	T/NK	25	21	9408	9383	0.0026232855223407	0.0018689022810738	0.0	0.0046051262979353	Author labels,predeclared coarse mapping	mean_donor(mean_cell(log1p(10000*counts/all_gene_library)))	0.0	0.029872136216284442
PDAC	GSE242230	06_EXTERNAL	20260922T131800Z_author_identity_v4	PDAC_author_cell_identity_v4	sc_expression_source	NA	NA	SLC7A9	author_source_label	1	25	equal_donor_mean_cellwise_log1p10k	NA	NA	NA	NA	NA	SC_SOURCE_DESCRIPTIVE	NA	NOT_EVALUABLE	GENE_MISSING_OR_LT3_ELIGIBLE_LABELS	GSE242230	UniProtKB:P82251	primary_tumor	Acinar	17	1	91	20	NA	NA	NA	NA	Author labels,predeclared coarse mapping	mean_donor(mean_cell(log1p(10000*counts/all_gene_library)))	NA	NA
PDAC	GSE242230	06_EXTERNAL	20260922T131800Z_author_identity_v4	PDAC_author_cell_identity_v4	sc_expression_source	NA	NA	SLC7A9	author_source_label	15	25	equal_donor_mean_cellwise_log1p10k	0.0	NA	NA	NA	NA	SC_SOURCE_DESCRIPTIVE	NA	DONE	Donor-equal descriptive expression	GSE242230	UniProtKB:P82251	primary_tumor	B/Plasma	23	15	1740	1675	0.0	0.0	0.0	0.0	Author labels,predeclared coarse mapping	mean_donor(mean_cell(log1p(10000*counts/all_gene_library)))	0.0	0.0
PDAC	GSE242230	06_EXTERNAL	20260922T131800Z_author_identity_v4	PDAC_author_cell_identity_v4	sc_expression_source	NA	NA	SLC7A9	author_source_label	3	25	equal_donor_mean_cellwise_log1p10k	0.0	NA	NA	NA	NA	SC_SOURCE_DESCRIPTIVE	NA	DONE	Donor-equal descriptive expression	GSE242230	UniProtKB:P82251	primary_tumor	Endothelial	18	3	274	186	0.0	0.0	0.0	0.0	Author labels,predeclared coarse mapping	mean_donor(mean_cell(log1p(10000*counts/all_gene_library)))	0.0	0.0
PDAC	GSE242230	06_EXTERNAL	20260922T131800Z_author_identity_v4	PDAC_author_cell_identity_v4	sc_expression_source	NA	NA	SLC7A9	author_source_label	3	25	equal_donor_mean_cellwise_log1p10k	0.0	NA	NA	NA	NA	SC_SOURCE_DESCRIPTIVE	NA	DONE	Donor-equal descriptive expression	GSE242230	UniProtKB:P82251	primary_tumor	Erythrocyte	12	3	1199	1158	0.0	0.0	0.0	0.0	Author labels,predeclared coarse mapping	mean_donor(mean_cell(log1p(10000*counts/all_gene_library)))	0.0	0.0
PDAC	GSE242230	06_EXTERNAL	20260922T131800Z_author_identity_v4	PDAC_author_cell_identity_v4	sc_expression_source	NA	NA	SLC7A9	author_source_label	7	25	equal_donor_mean_cellwise_log1p10k	0.000242785105853	NA	NA	NA	NA	SC_SOURCE_DESCRIPTIVE	NA	DONE	Donor-equal descriptive expression	GSE242230	UniProtKB:P82251	primary_tumor	Fibroblast/CAF	20	7	911	810	0.0007251631617113	0.0	0.0	0.0	Author labels,predeclared coarse mapping	mean_donor(mean_cell(log1p(10000*counts/all_gene_library)))	0.0	0.0469224822187239
PDAC	GSE242230	06_EXTERNAL	20260922T131800Z_author_identity_v4	PDAC_author_cell_identity_v4	sc_expression_source	NA	NA	SLC7A9	author_source_label	23	25	equal_donor_mean_cellwise_log1p10k	0.0051741743908876	NA	NA	NA	NA	SC_SOURCE_DESCRIPTIVE	NA	DONE	Donor-equal descriptive expression	GSE242230	UniProtKB:P82251	primary_tumor	Malignant (author)	25	23	10783	10759	0.0159126454111158	0.0013617848738209	0.0	0.0042427382562295	Author labels,predeclared coarse mapping	mean_donor(mean_cell(log1p(10000*counts/all_gene_library)))	0.998	1.0
PDAC	GSE242230	06_EXTERNAL	20260922T131800Z_author_identity_v4	PDAC_author_cell_identity_v4	sc_expression_source	NA	NA	SLC7A9	author_source_label	1	25	equal_donor_mean_cellwise_log1p10k	NA	NA	NA	NA	NA	SC_SOURCE_DESCRIPTIVE	NA	NOT_EVALUABLE	GENE_MISSING_OR_LT3_ELIGIBLE_LABELS	GSE242230	UniProtKB:P82251	primary_tumor	Mast	11	1	91	23	NA	NA	NA	NA	Author labels,predeclared coarse mapping	mean_donor(mean_cell(log1p(10000*counts/all_gene_library)))	NA	NA
PDAC	GSE242230	06_EXTERNAL	20260922T131800Z_author_identity_v4	PDAC_author_cell_identity_v4	sc_expression_source	NA	NA	SLC7A9	author_source_label	20	25	equal_donor_mean_cellwise_log1p10k	0.0001755517993052	NA	NA	NA	NA	SC_SOURCE_DESCRIPTIVE	NA	DONE	Donor-equal descriptive expression	GSE242230	UniProtKB:P82251	primary_tumor	Myeloid	25	20	6246	6224	0.0001518590804305	0.0	0.0	0.0	Author labels,predeclared coarse mapping	mean_donor(mean_cell(log1p(10000*counts/all_gene_library)))	0.0	0.03392846588517962
PDAC	GSE242230	06_EXTERNAL	20260922T131800Z_author_identity_v4	PDAC_author_cell_identity_v4	sc_expression_source	NA	NA	SLC7A9	author_source_label	6	25	equal_donor_mean_cellwise_log1p10k	0.0003929268608274	NA	NA	NA	NA	SC_SOURCE_DESCRIPTIVE	NA	DONE	Donor-equal descriptive expression	GSE242230	UniProtKB:P82251	primary_tumor	Normal epithelial (author)	21	6	350	291	0.002415458937198	0.0	0.0	0.0	Author labels,predeclared coarse mapping	mean_donor(mean_cell(log1p(10000*counts/all_gene_library)))	0.002	0.07594001112900171
PDAC	GSE242230	06_EXTERNAL	20260922T131800Z_author_identity_v4	PDAC_author_cell_identity_v4	sc_expression_source	NA	NA	SLC7A9	author_source_label	2	25	equal_donor_mean_cellwise_log1p10k	NA	NA	NA	NA	NA	SC_SOURCE_DESCRIPTIVE	NA	NOT_EVALUABLE	GENE_MISSING_OR_LT3_ELIGIBLE_LABELS	GSE242230	UniProtKB:P82251	primary_tumor	Platelet	13	2	122	64	NA	NA	NA	NA	Author labels,predeclared coarse mapping	mean_donor(mean_cell(log1p(10000*counts/all_gene_library)))	NA	NA
PDAC	GSE242230	06_EXTERNAL	20260922T131800Z_author_identity_v4	PDAC_author_cell_identity_v4	sc_expression_source	NA	NA	SLC7A9	author_source_label	21	25	equal_donor_mean_cellwise_log1p10k	0.000102982409196	NA	NA	NA	NA	SC_SOURCE_DESCRIPTIVE	NA	DONE	Donor-equal descriptive expression	GSE242230	UniProtKB:P82251	primary_tumor	T/NK	25	21	9408	9383	6.851661527920521e-05	0.0	0.0	0.0	Author labels,predeclared coarse mapping	mean_donor(mean_cell(log1p(10000*counts/all_gene_library)))	0.0	0.019903157763171943
PDAC	GSE242230	06_EXTERNAL	20260922T131800Z_author_identity_v4	PDAC_author_cell_identity_v4	sc_expression_source	NA	NA	SLCO3A1	author_source_label	1	25	equal_donor_mean_cellwise_log1p10k	NA	NA	NA	NA	NA	SC_SOURCE_DESCRIPTIVE	NA	NOT_EVALUABLE	GENE_MISSING_OR_LT3_ELIGIBLE_LABELS	GSE242230	UniProtKB:Q9UIG8	primary_tumor	Acinar	17	1	91	20	NA	NA	NA	NA	Author labels,predeclared coarse mapping	mean_donor(mean_cell(log1p(10000*counts/all_gene_library)))	NA	NA
PDAC	GSE242230	06_EXTERNAL	20260922T131800Z_author_identity_v4	PDAC_author_cell_identity_v4	sc_expression_source	NA	NA	SLCO3A1	author_source_label	15	25	equal_donor_mean_cellwise_log1p10k	0.002750527867135	NA	NA	NA	NA	SC_SOURCE_DESCRIPTIVE	NA	DONE	Donor-equal descriptive expression	GSE242230	UniProtKB:Q9UIG8	primary_tumor	B/Plasma	23	15	1740	1675	0.0041489573242255	0.0	0.0	0.002770128567925	Author labels,predeclared coarse mapping	mean_donor(mean_cell(log1p(10000*counts/all_gene_library)))	0.0	0.014082194153772211
PDAC	GSE242230	06_EXTERNAL	20260922T131800Z_author_identity_v4	PDAC_author_cell_identity_v4	sc_expression_source	NA	NA	SLCO3A1	author_source_label	3	25	equal_donor_mean_cellwise_log1p10k	0.1953195529830281	NA	NA	NA	NA	SC_SOURCE_DESCRIPTIVE	NA	DONE	Donor-equal descriptive expression	GSE242230	UniProtKB:Q9UIG8	primary_tumor	Endothelial	18	3	274	186	0.1663788673039367	0.1839508752197647	0.1792347990114247	0.2057199680729998	Author labels,predeclared coarse mapping	mean_donor(mean_cell(log1p(10000*counts/all_gene_library)))	0.516	1.0
PDAC	GSE242230	06_EXTERNAL	20260922T131800Z_author_identity_v4	PDAC_author_cell_identity_v4	sc_expression_source	NA	NA	SLCO3A1	author_source_label	3	25	equal_donor_mean_cellwise_log1p10k	0.0	NA	NA	NA	NA	SC_SOURCE_DESCRIPTIVE	NA	DONE	Donor-equal descriptive expression	GSE242230	UniProtKB:Q9UIG8	primary_tumor	Erythrocyte	12	3	1199	1158	0.0	0.0	0.0	0.0	Author labels,predeclared coarse mapping	mean_donor(mean_cell(log1p(10000*counts/all_gene_library)))	0.0	0.0
PDAC	GSE242230	06_EXTERNAL	20260922T131800Z_author_identity_v4	PDAC_author_cell_identity_v4	sc_expression_source	NA	NA	SLCO3A1	author_source_label	7	25	equal_donor_mean_cellwise_log1p10k	0.1294882392624781	NA	NA	NA	NA	SC_SOURCE_DESCRIPTIVE	NA	DONE	Donor-equal descriptive expression	GSE242230	UniProtKB:Q9UIG8	primary_tumor	Fibroblast/CAF	20	7	911	810	0.1790121115760363	0.1445720463202152	0.0726556679999146	0.183173891443728	Author labels,predeclared coarse mapping	mean_donor(mean_cell(log1p(10000*counts/all_gene_library)))	0.079	0.6629558448443188
PDAC	GSE242230	06_EXTERNAL	20260922T131800Z_author_identity_v4	PDAC_author_cell_identity_v4	sc_expression_source	NA	NA	SLCO3A1	author_source_label	23	25	equal_donor_mean_cellwise_log1p10k	0.0971724264293857	NA	NA	NA	NA	SC_SOURCE_DESCRIPTIVE	NA	DONE	Donor-equal descriptive expression	GSE242230	UniProtKB:Q9UIG8	primary_tumor	Malignant (author)	25	23	10783	10759	0.14501761772704	0.096300453387882	0.0424651233455168	0.1195626889944295	Author labels,predeclared coarse mapping	mean_donor(mean_cell(log1p(10000*counts/all_gene_library)))	0.01	0.4975048577846648
PDAC	GSE242230	06_EXTERNAL	20260922T131800Z_author_identity_v4	PDAC_author_cell_identity_v4	sc_expression_source	NA	NA	SLCO3A1	author_source_label	1	25	equal_donor_mean_cellwise_log1p10k	NA	NA	NA	NA	NA	SC_SOURCE_DESCRIPTIVE	NA	NOT_EVALUABLE	GENE_MISSING_OR_LT3_ELIGIBLE_LABELS	GSE242230	UniProtKB:Q9UIG8	primary_tumor	Mast	11	1	91	23	NA	NA	NA	NA	Author labels,predeclared coarse mapping	mean_donor(mean_cell(log1p(10000*counts/all_gene_library)))	NA	NA
PDAC	GSE242230	06_EXTERNAL	20260922T131800Z_author_identity_v4	PDAC_author_cell_identity_v4	sc_expression_source	NA	NA	SLCO3A1	author_source_label	20	25	equal_donor_mean_cellwise_log1p10k	0.1538355830719014	NA	NA	NA	NA	SC_SOURCE_DESCRIPTIVE	NA	DONE	Donor-equal descriptive expression	GSE242230	UniProtKB:Q9UIG8	primary_tumor	Myeloid	25	20	6246	6224	0.1435862827135379	0.1353304826583103	0.0635104781602329	0.1932892355152649	Author labels,predeclared coarse mapping	mean_donor(mean_cell(log1p(10000*counts/all_gene_library)))	0.377	0.7876097437375797
PDAC	GSE242230	06_EXTERNAL	20260922T131800Z_author_identity_v4	PDAC_author_cell_identity_v4	sc_expression_source	NA	NA	SLCO3A1	author_source_label	6	25	equal_donor_mean_cellwise_log1p10k	0.091004200930002	NA	NA	NA	NA	SC_SOURCE_DESCRIPTIVE	NA	DONE	Donor-equal descriptive expression	GSE242230	UniProtKB:Q9UIG8	primary_tumor	Normal epithelial (author)	21	6	350	291	0.1903087452000495	0.1067216153088737	0.0491458569207888	0.1286303305697535	Author labels,predeclared coarse mapping	mean_donor(mean_cell(log1p(10000*counts/all_gene_library)))	0.017	0.4659246836281139
PDAC	GSE242230	06_EXTERNAL	20260922T131800Z_author_identity_v4	PDAC_author_cell_identity_v4	sc_expression_source	NA	NA	SLCO3A1	author_source_label	2	25	equal_donor_mean_cellwise_log1p10k	NA	NA	NA	NA	NA	SC_SOURCE_DESCRIPTIVE	NA	NOT_EVALUABLE	GENE_MISSING_OR_LT3_ELIGIBLE_LABELS	GSE242230	UniProtKB:Q9UIG8	primary_tumor	Platelet	13	2	122	64	NA	NA	NA	NA	Author labels,predeclared coarse mapping	mean_donor(mean_cell(log1p(10000*counts/all_gene_library)))	NA	NA
PDAC	GSE242230	06_EXTERNAL	20260922T131800Z_author_identity_v4	PDAC_author_cell_identity_v4	sc_expression_source	NA	NA	SLCO3A1	author_source_label	21	25	equal_donor_mean_cellwise_log1p10k	0.09602878689687	NA	NA	NA	NA	SC_SOURCE_DESCRIPTIVE	NA	DONE	Donor-equal descriptive expression	GSE242230	UniProtKB:Q9UIG8	primary_tumor	T/NK	25	21	9408	9383	0.0697136620571028	0.068351993733046	0.0531019786981859	0.1174756709412423	Author labels,predeclared coarse mapping	mean_donor(mean_cell(log1p(10000*counts/all_gene_library)))	0.001	0.49164963481774004
PDAC	GSE242230	06_EXTERNAL	20260922T131800Z_author_identity_v4	PDAC_author_cell_identity_v4	sc_expression_source	NA	NA	SMYD1	author_source_label	1	25	equal_donor_mean_cellwise_log1p10k	NA	NA	NA	NA	NA	SC_SOURCE_DESCRIPTIVE	NA	NOT_EVALUABLE	GENE_MISSING_OR_LT3_ELIGIBLE_LABELS	GSE242230	UniProtKB:Q8NB12	primary_tumor	Acinar	17	1	91	20	NA	NA	NA	NA	Author labels,predeclared coarse mapping	mean_donor(mean_cell(log1p(10000*counts/all_gene_library)))	NA	NA
PDAC	GSE242230	06_EXTERNAL	20260922T131800Z_author_identity_v4	PDAC_author_cell_identity_v4	sc_expression_source	NA	NA	SMYD1	author_source_label	15	25	equal_donor_mean_cellwise_log1p10k	0.0	NA	NA	NA	NA	SC_SOURCE_DESCRIPTIVE	NA	DONE	Donor-equal descriptive expression	GSE242230	UniProtKB:Q8NB12	primary_tumor	B/Plasma	23	15	1740	1675	0.0	0.0	0.0	0.0	Author labels,predeclared coarse mapping	mean_donor(mean_cell(log1p(10000*counts/all_gene_library)))	NA	0.0
PDAC	GSE242230	06_EXTERNAL	20260922T131800Z_author_identity_v4	PDAC_author_cell_identity_v4	sc_expression_source	NA	NA	SMYD1	author_source_label	3	25	equal_donor_mean_cellwise_log1p10k	0.0	NA	NA	NA	NA	SC_SOURCE_DESCRIPTIVE	NA	DONE	Donor-equal descriptive expression	GSE242230	UniProtKB:Q8NB12	primary_tumor	Endothelial	18	3	274	186	0.0	0.0	0.0	0.0	Author labels,predeclared coarse mapping	mean_donor(mean_cell(log1p(10000*counts/all_gene_library)))	NA	0.0
PDAC	GSE242230	06_EXTERNAL	20260922T131800Z_author_identity_v4	PDAC_author_cell_identity_v4	sc_expression_source	NA	NA	SMYD1	author_source_label	3	25	equal_donor_mean_cellwise_log1p10k	0.0	NA	NA	NA	NA	SC_SOURCE_DESCRIPTIVE	NA	DONE	Donor-equal descriptive expression	GSE242230	UniProtKB:Q8NB12	primary_tumor	Erythrocyte	12	3	1199	1158	0.0	0.0	0.0	0.0	Author labels,predeclared coarse mapping	mean_donor(mean_cell(log1p(10000*counts/all_gene_library)))	NA	0.0
PDAC	GSE242230	06_EXTERNAL	20260922T131800Z_author_identity_v4	PDAC_author_cell_identity_v4	sc_expression_source	NA	NA	SMYD1	author_source_label	7	25	equal_donor_mean_cellwise_log1p10k	0.0	NA	NA	NA	NA	SC_SOURCE_DESCRIPTIVE	NA	DONE	Donor-equal descriptive expression	GSE242230	UniProtKB:Q8NB12	primary_tumor	Fibroblast/CAF	20	7	911	810	0.0	0.0	0.0	0.0	Author labels,predeclared coarse mapping	mean_donor(mean_cell(log1p(10000*counts/all_gene_library)))	NA	0.0
PDAC	GSE242230	06_EXTERNAL	20260922T131800Z_author_identity_v4	PDAC_author_cell_identity_v4	sc_expression_source	NA	NA	SMYD1	author_source_label	23	25	equal_donor_mean_cellwise_log1p10k	0.0	NA	NA	NA	NA	SC_SOURCE_DESCRIPTIVE	NA	DONE	Donor-equal descriptive expression	GSE242230	UniProtKB:Q8NB12	primary_tumor	Malignant (author)	25	23	10783	10759	0.0	0.0	0.0	0.0	Author labels,predeclared coarse mapping	mean_donor(mean_cell(log1p(10000*counts/all_gene_library)))	NA	0.0
PDAC	GSE242230	06_EXTERNAL	20260922T131800Z_author_identity_v4	PDAC_author_cell_identity_v4	sc_expression_source	NA	NA	SMYD1	author_source_label	1	25	equal_donor_mean_cellwise_log1p10k	NA	NA	NA	NA	NA	SC_SOURCE_DESCRIPTIVE	NA	NOT_EVALUABLE	GENE_MISSING_OR_LT3_ELIGIBLE_LABELS	GSE242230	UniProtKB:Q8NB12	primary_tumor	Mast	11	1	91	23	NA	NA	NA	NA	Author labels,predeclared coarse mapping	mean_donor(mean_cell(log1p(10000*counts/all_gene_library)))	NA	NA
PDAC	GSE242230	06_EXTERNAL	20260922T131800Z_author_identity_v4	PDAC_author_cell_identity_v4	sc_expression_source	NA	NA	SMYD1	author_source_label	20	25	equal_donor_mean_cellwise_log1p10k	0.0002591846820435	NA	NA	NA	NA	SC_SOURCE_DESCRIPTIVE	NA	DONE	Donor-equal descriptive expression	GSE242230	UniProtKB:Q8NB12	primary_tumor	Myeloid	25	20	6246	6224	0.0002136752136752	0.0	0.0	0.0	Author labels,predeclared coarse mapping	mean_donor(mean_cell(log1p(10000*counts/all_gene_library)))	NA	1.0
PDAC	GSE242230	06_EXTERNAL	20260922T131800Z_author_identity_v4	PDAC_author_cell_identity_v4	sc_expression_source	NA	NA	SMYD1	author_source_label	6	25	equal_donor_mean_cellwise_log1p10k	0.0	NA	NA	NA	NA	SC_SOURCE_DESCRIPTIVE	NA	DONE	Donor-equal descriptive expression	GSE242230	UniProtKB:Q8NB12	primary_tumor	Normal epithelial (author)	21	6	350	291	0.0	0.0	0.0	0.0	Author labels,predeclared coarse mapping	mean_donor(mean_cell(log1p(10000*counts/all_gene_library)))	NA	0.0
PDAC	GSE242230	06_EXTERNAL	20260922T131800Z_author_identity_v4	PDAC_author_cell_identity_v4	sc_expression_source	NA	NA	SMYD1	author_source_label	2	25	equal_donor_mean_cellwise_log1p10k	NA	NA	NA	NA	NA	SC_SOURCE_DESCRIPTIVE	NA	NOT_EVALUABLE	GENE_MISSING_OR_LT3_ELIGIBLE_LABELS	GSE242230	UniProtKB:Q8NB12	primary_tumor	Platelet	13	2	122	64	NA	NA	NA	NA	Author labels,predeclared coarse mapping	mean_donor(mean_cell(log1p(10000*counts/all_gene_library)))	NA	NA
PDAC	GSE242230	06_EXTERNAL	20260922T131800Z_author_identity_v4	PDAC_author_cell_identity_v4	sc_expression_source	NA	NA	SMYD1	author_source_label	21	25	equal_donor_mean_cellwise_log1p10k	0.0	NA	NA	NA	NA	SC_SOURCE_DESCRIPTIVE	NA	DONE	Donor-equal descriptive expression	GSE242230	UniProtKB:Q8NB12	primary_tumor	T/NK	25	21	9408	9383	0.0	0.0	0.0	0.0	Author labels,predeclared coarse mapping	mean_donor(mean_cell(log1p(10000*counts/all_gene_library)))	NA	0.0
PDAC	GSE242230	06_EXTERNAL	20260922T131800Z_author_identity_v4	PDAC_author_cell_identity_v4	sc_expression_source	NA	NA	SMYD2	author_source_label	1	25	equal_donor_mean_cellwise_log1p10k	NA	NA	NA	NA	NA	SC_SOURCE_DESCRIPTIVE	NA	NOT_EVALUABLE	GENE_MISSING_OR_LT3_ELIGIBLE_LABELS	GSE242230	UniProtKB:Q9NRG4	primary_tumor	Acinar	17	1	91	20	NA	NA	NA	NA	Author labels,predeclared coarse mapping	mean_donor(mean_cell(log1p(10000*counts/all_gene_library)))	NA	NA
PDAC	GSE242230	06_EXTERNAL	20260922T131800Z_author_identity_v4	PDAC_author_cell_identity_v4	sc_expression_source	NA	NA	SMYD2	author_source_label	15	25	equal_donor_mean_cellwise_log1p10k	0.0629708017468395	NA	NA	NA	NA	SC_SOURCE_DESCRIPTIVE	NA	DONE	Donor-equal descriptive expression	GSE242230	UniProtKB:Q9NRG4	primary_tumor	B/Plasma	23	15	1740	1675	0.049283603123362	0.0553072705316215	0.0438749527126467	0.0878846135678302	Author labels,predeclared coarse mapping	mean_donor(mean_cell(log1p(10000*counts/all_gene_library)))	0.0	0.28252807688943987
PDAC	GSE242230	06_EXTERNAL	20260922T131800Z_author_identity_v4	PDAC_author_cell_identity_v4	sc_expression_source	NA	NA	SMYD2	author_source_label	3	25	equal_donor_mean_cellwise_log1p10k	0.0372244002248506	NA	NA	NA	NA	SC_SOURCE_DESCRIPTIVE	NA	DONE	Donor-equal descriptive expression	GSE242230	UniProtKB:Q9NRG4	primary_tumor	Endothelial	18	3	274	186	0.0557636961661013	0.0340607124777871	0.0236796862881083	0.0491872702880612	Author labels,predeclared coarse mapping	mean_donor(mean_cell(log1p(10000*counts/all_gene_library)))	0.0	0.16701293166269265
PDAC	GSE242230	06_EXTERNAL	20260922T131800Z_author_identity_v4	PDAC_author_cell_identity_v4	sc_expression_source	NA	NA	SMYD2	author_source_label	3	25	equal_donor_mean_cellwise_log1p10k	0.0008278964302132	NA	NA	NA	NA	SC_SOURCE_DESCRIPTIVE	NA	DONE	Donor-equal descriptive expression	GSE242230	UniProtKB:Q9NRG4	primary_tumor	Erythrocyte	12	3	1199	1158	0.0002989536621823	0.0	0.0	0.0012418446453198	Author labels,predeclared coarse mapping	mean_donor(mean_cell(log1p(10000*counts/all_gene_library)))	0.0	0.0037144832176685344
PDAC	GSE242230	06_EXTERNAL	20260922T131800Z_author_identity_v4	PDAC_author_cell_identity_v4	sc_expression_source	NA	NA	SMYD2	author_source_label	7	25	equal_donor_mean_cellwise_log1p10k	0.1002335294308973	NA	NA	NA	NA	SC_SOURCE_DESCRIPTIVE	NA	DONE	Donor-equal descriptive expression	GSE242230	UniProtKB:Q9NRG4	primary_tumor	Fibroblast/CAF	20	7	911	810	0.1450805195587818	0.1030314463762785	0.0471288639279684	0.1494716643183339	Author labels,predeclared coarse mapping	mean_donor(mean_cell(log1p(10000*counts/all_gene_library)))	0.004	0.44971297052564213
PDAC	GSE242230	06_EXTERNAL	20260922T131800Z_author_identity_v4	PDAC_author_cell_identity_v4	sc_expression_source	NA	NA	SMYD2	author_source_label	23	25	equal_donor_mean_cellwise_log1p10k	0.1285028672154425	NA	NA	NA	NA	SC_SOURCE_DESCRIPTIVE	NA	DONE	Donor-equal descriptive expression	GSE242230	UniProtKB:Q9NRG4	primary_tumor	Malignant (author)	25	23	10783	10759	0.2045221862901503	0.1349947243677968	0.0664703393108815	0.1746024364080273	Author labels,predeclared coarse mapping	mean_donor(mean_cell(log1p(10000*counts/all_gene_library)))	0.02	0.5765476529124897
PDAC	GSE242230	06_EXTERNAL	20260922T131800Z_author_identity_v4	PDAC_author_cell_identity_v4	sc_expression_source	NA	NA	SMYD2	author_source_label	1	25	equal_donor_mean_cellwise_log1p10k	NA	NA	NA	NA	NA	SC_SOURCE_DESCRIPTIVE	NA	NOT_EVALUABLE	GENE_MISSING_OR_LT3_ELIGIBLE_LABELS	GSE242230	UniProtKB:Q9NRG4	primary_tumor	Mast	11	1	91	23	NA	NA	NA	NA	Author labels,predeclared coarse mapping	mean_donor(mean_cell(log1p(10000*counts/all_gene_library)))	NA	NA
PDAC	GSE242230	06_EXTERNAL	20260922T131800Z_author_identity_v4	PDAC_author_cell_identity_v4	sc_expression_source	NA	NA	SMYD2	author_source_label	20	25	equal_donor_mean_cellwise_log1p10k	0.062963886082585	NA	NA	NA	NA	SC_SOURCE_DESCRIPTIVE	NA	DONE	Donor-equal descriptive expression	GSE242230	UniProtKB:Q9NRG4	primary_tumor	Myeloid	25	20	6246	6224	0.0784454105021072	0.0631139808301193	0.0440897714463413	0.0803601656245225	Author labels,predeclared coarse mapping	mean_donor(mean_cell(log1p(10000*counts/all_gene_library)))	0.0	0.28249704871021974
PDAC	GSE242230	06_EXTERNAL	20260922T131800Z_author_identity_v4	PDAC_author_cell_identity_v4	sc_expression_source	NA	NA	SMYD2	author_source_label	6	25	equal_donor_mean_cellwise_log1p10k	0.2228833411536706	NA	NA	NA	NA	SC_SOURCE_DESCRIPTIVE	NA	DONE	Donor-equal descriptive expression	GSE242230	UniProtKB:Q9NRG4	primary_tumor	Normal epithelial (author)	21	6	350	291	0.3750116394794056	0.2106097137847029	0.1970675896194829	0.278601269129032	Author labels,predeclared coarse mapping	mean_donor(mean_cell(log1p(10000*counts/all_gene_library)))	0.962	1.0
PDAC	GSE242230	06_EXTERNAL	20260922T131800Z_author_identity_v4	PDAC_author_cell_identity_v4	sc_expression_source	NA	NA	SMYD2	author_source_label	2	25	equal_donor_mean_cellwise_log1p10k	NA	NA	NA	NA	NA	SC_SOURCE_DESCRIPTIVE	NA	NOT_EVALUABLE	GENE_MISSING_OR_LT3_ELIGIBLE_LABELS	GSE242230	UniProtKB:Q9NRG4	primary_tumor	Platelet	13	2	122	64	NA	NA	NA	NA	Author labels,predeclared coarse mapping	mean_donor(mean_cell(log1p(10000*counts/all_gene_library)))	NA	NA
PDAC	GSE242230	06_EXTERNAL	20260922T131800Z_author_identity_v4	PDAC_author_cell_identity_v4	sc_expression_source	NA	NA	SMYD2	author_source_label	21	25	equal_donor_mean_cellwise_log1p10k	0.12872271811441	NA	NA	NA	NA	SC_SOURCE_DESCRIPTIVE	NA	DONE	Donor-equal descriptive expression	GSE242230	UniProtKB:Q9NRG4	primary_tumor	T/NK	25	21	9408	9383	0.0952899757819024	0.1266337687329968	0.106161241819468	0.1541978257421202	Author labels,predeclared coarse mapping	mean_donor(mean_cell(log1p(10000*counts/all_gene_library)))	0.014	0.5775340473995317
PDAC	GSE242230	06_EXTERNAL	20260922T131800Z_author_identity_v4	PDAC_author_cell_identity_v4	sc_expression_source	NA	NA	SMYD3	author_source_label	1	25	equal_donor_mean_cellwise_log1p10k	NA	NA	NA	NA	NA	SC_SOURCE_DESCRIPTIVE	NA	NOT_EVALUABLE	GENE_MISSING_OR_LT3_ELIGIBLE_LABELS	GSE242230	UniProtKB:Q9H7B4	primary_tumor	Acinar	17	1	91	20	NA	NA	NA	NA	Author labels,predeclared coarse mapping	mean_donor(mean_cell(log1p(10000*counts/all_gene_library)))	NA	NA
PDAC	GSE242230	06_EXTERNAL	20260922T131800Z_author_identity_v4	PDAC_author_cell_identity_v4	sc_expression_source	NA	NA	SMYD3	author_source_label	15	25	equal_donor_mean_cellwise_log1p10k	0.0702908609195434	NA	NA	NA	NA	SC_SOURCE_DESCRIPTIVE	NA	DONE	Donor-equal descriptive expression	GSE242230	UniProtKB:Q9H7B4	primary_tumor	B/Plasma	23	15	1740	1675	0.055895773404346	0.0570163494940853	0.0395857916318743	0.0949759125925163	Author labels,predeclared coarse mapping	mean_donor(mean_cell(log1p(10000*counts/all_gene_library)))	0.002	0.5427908502430308
PDAC	GSE242230	06_EXTERNAL	20260922T131800Z_author_identity_v4	PDAC_author_cell_identity_v4	sc_expression_source	NA	NA	SMYD3	author_source_label	3	25	equal_donor_mean_cellwise_log1p10k	0.0541573822236714	NA	NA	NA	NA	SC_SOURCE_DESCRIPTIVE	NA	DONE	Donor-equal descriptive expression	GSE242230	UniProtKB:Q9H7B4	primary_tumor	Endothelial	18	3	274	186	0.0570587932983862	0.0547114782255979	0.0516590330530064	0.0569327793952995	Author labels,predeclared coarse mapping	mean_donor(mean_cell(log1p(10000*counts/all_gene_library)))	0.0	0.4182070209350674
PDAC	GSE242230	06_EXTERNAL	20260922T131800Z_author_identity_v4	PDAC_author_cell_identity_v4	sc_expression_source	NA	NA	SMYD3	author_source_label	3	25	equal_donor_mean_cellwise_log1p10k	0.0	NA	NA	NA	NA	SC_SOURCE_DESCRIPTIVE	NA	DONE	Donor-equal descriptive expression	GSE242230	UniProtKB:Q9H7B4	primary_tumor	Erythrocyte	12	3	1199	1158	0.0	0.0	0.0	0.0	Author labels,predeclared coarse mapping	mean_donor(mean_cell(log1p(10000*counts/all_gene_library)))	0.0	0.0
PDAC	GSE242230	06_EXTERNAL	20260922T131800Z_author_identity_v4	PDAC_author_cell_identity_v4	sc_expression_source	NA	NA	SMYD3	author_source_label	7	25	equal_donor_mean_cellwise_log1p10k	0.1294989790046593	NA	NA	NA	NA	SC_SOURCE_DESCRIPTIVE	NA	DONE	Donor-equal descriptive expression	GSE242230	UniProtKB:Q9H7B4	primary_tumor	Fibroblast/CAF	20	7	911	810	0.1754740507238204	0.129434384425864	0.0886646591409175	0.1570281215506262	Author labels,predeclared coarse mapping	mean_donor(mean_cell(log1p(10000*counts/all_gene_library)))	0.825	1.0
PDAC	GSE242230	06_EXTERNAL	20260922T131800Z_author_identity_v4	PDAC_author_cell_identity_v4	sc_expression_source	NA	NA	SMYD3	author_source_label	23	25	equal_donor_mean_cellwise_log1p10k	0.096156094799074	NA	NA	NA	NA	SC_SOURCE_DESCRIPTIVE	NA	DONE	Donor-equal descriptive expression	GSE242230	UniProtKB:Q9H7B4	primary_tumor	Malignant (author)	25	23	10783	10759	0.1655488171615171	0.0897312837202884	0.0550760499510784	0.1392753232603593	Author labels,predeclared coarse mapping	mean_donor(mean_cell(log1p(10000*counts/all_gene_library)))	0.015	0.74252396071489
PDAC	GSE242230	06_EXTERNAL	20260922T131800Z_author_identity_v4	PDAC_author_cell_identity_v4	sc_expression_source	NA	NA	SMYD3	author_source_label	1	25	equal_donor_mean_cellwise_log1p10k	NA	NA	NA	NA	NA	SC_SOURCE_DESCRIPTIVE	NA	NOT_EVALUABLE	GENE_MISSING_OR_LT3_ELIGIBLE_LABELS	GSE242230	UniProtKB:Q9H7B4	primary_tumor	Mast	11	1	91	23	NA	NA	NA	NA	Author labels,predeclared coarse mapping	mean_donor(mean_cell(log1p(10000*counts/all_gene_library)))	NA	NA
PDAC	GSE242230	06_EXTERNAL	20260922T131800Z_author_identity_v4	PDAC_author_cell_identity_v4	sc_expression_source	NA	NA	SMYD3	author_source_label	20	25	equal_donor_mean_cellwise_log1p10k	0.0266934562300559	NA	NA	NA	NA	SC_SOURCE_DESCRIPTIVE	NA	DONE	Donor-equal descriptive expression	GSE242230	UniProtKB:Q9H7B4	primary_tumor	Myeloid	25	20	6246	6224	0.0381825302375186	0.0264399303977275	0.0201558357523289	0.0316075054984725	Author labels,predeclared coarse mapping	mean_donor(mean_cell(log1p(10000*counts/all_gene_library)))	0.0	0.2061287002818415
PDAC	GSE242230	06_EXTERNAL	20260922T131800Z_author_identity_v4	PDAC_author_cell_identity_v4	sc_expression_source	NA	NA	SMYD3	author_source_label	6	25	equal_donor_mean_cellwise_log1p10k	0.1012000034690082	NA	NA	NA	NA	SC_SOURCE_DESCRIPTIVE	NA	DONE	Donor-equal descriptive expression	GSE242230	UniProtKB:Q9H7B4	primary_tumor	Normal epithelial (author)	21	6	350	291	0.2065728353771832	0.1164330772238012	0.095112141701498	0.133604404433872	Author labels,predeclared coarse mapping	mean_donor(mean_cell(log1p(10000*counts/all_gene_library)))	0.116	0.781473369495578
PDAC	GSE242230	06_EXTERNAL	20260922T131800Z_author_identity_v4	PDAC_author_cell_identity_v4	sc_expression_source	NA	NA	SMYD3	author_source_label	2	25	equal_donor_mean_cellwise_log1p10k	NA	NA	NA	NA	NA	SC_SOURCE_DESCRIPTIVE	NA	NOT_EVALUABLE	GENE_MISSING_OR_LT3_ELIGIBLE_LABELS	GSE242230	UniProtKB:Q9H7B4	primary_tumor	Platelet	13	2	122	64	NA	NA	NA	NA	Author labels,predeclared coarse mapping	mean_donor(mean_cell(log1p(10000*counts/all_gene_library)))	NA	NA
PDAC	GSE242230	06_EXTERNAL	20260922T131800Z_author_identity_v4	PDAC_author_cell_identity_v4	sc_expression_source	NA	NA	SMYD3	author_source_label	21	25	equal_donor_mean_cellwise_log1p10k	0.1005278629278927	NA	NA	NA	NA	SC_SOURCE_DESCRIPTIVE	NA	DONE	Donor-equal descriptive expression	GSE242230	UniProtKB:Q9H7B4	primary_tumor	T/NK	25	21	9408	9383	0.075491523373897	0.0935743112646166	0.0828609798383066	0.1053597693526533	Author labels,predeclared coarse mapping	mean_donor(mean_cell(log1p(10000*counts/all_gene_library)))	0.042	0.7762830541256682
PDAC	GSE242230	06_EXTERNAL	20260922T131800Z_author_identity_v4	PDAC_author_cell_identity_v4	sc_expression_source	NA	NA	SMYD4	author_source_label	1	25	equal_donor_mean_cellwise_log1p10k	NA	NA	NA	NA	NA	SC_SOURCE_DESCRIPTIVE	NA	NOT_EVALUABLE	GENE_MISSING_OR_LT3_ELIGIBLE_LABELS	GSE242230	UniProtKB:Q8IYR2	primary_tumor	Acinar	17	1	91	20	NA	NA	NA	NA	Author labels,predeclared coarse mapping	mean_donor(mean_cell(log1p(10000*counts/all_gene_library)))	NA	NA
PDAC	GSE242230	06_EXTERNAL	20260922T131800Z_author_identity_v4	PDAC_author_cell_identity_v4	sc_expression_source	NA	NA	SMYD4	author_source_label	15	25	equal_donor_mean_cellwise_log1p10k	0.0610152052884606	NA	NA	NA	NA	SC_SOURCE_DESCRIPTIVE	NA	DONE	Donor-equal descriptive expression	GSE242230	UniProtKB:Q8IYR2	primary_tumor	B/Plasma	23	15	1740	1675	0.0484759334298414	0.0617729965396018	0.025646992165734	0.0919448706641639	Author labels,predeclared coarse mapping	mean_donor(mean_cell(log1p(10000*counts/all_gene_library)))	0.001	0.6823401723315465
PDAC	GSE242230	06_EXTERNAL	20260922T131800Z_author_identity_v4	PDAC_author_cell_identity_v4	sc_expression_source	NA	NA	SMYD4	author_source_label	3	25	equal_donor_mean_cellwise_log1p10k	0.0585982671526743	NA	NA	NA	NA	SC_SOURCE_DESCRIPTIVE	NA	DONE	Donor-equal descriptive expression	GSE242230	UniProtKB:Q8IYR2	primary_tumor	Endothelial	18	3	274	186	0.0483631411244732	0.0621244024219944	0.0418933238666677	0.0770662780733408	Author labels,predeclared coarse mapping	mean_donor(mean_cell(log1p(10000*counts/all_gene_library)))	0.01	0.655311270662031
PDAC	GSE242230	06_EXTERNAL	20260922T131800Z_author_identity_v4	PDAC_author_cell_identity_v4	sc_expression_source	NA	NA	SMYD4	author_source_label	3	25	equal_donor_mean_cellwise_log1p10k	0.0002698942798824	NA	NA	NA	NA	SC_SOURCE_DESCRIPTIVE	NA	DONE	Donor-equal descriptive expression	GSE242230	UniProtKB:Q8IYR2	primary_tumor	Erythrocyte	12	3	1199	1158	0.0002989536621823	0.0	0.0	0.0004048414198236	Author labels,predeclared coarse mapping	mean_donor(mean_cell(log1p(10000*counts/all_gene_library)))	0.0	0.0030182592777588243
PDAC	GSE242230	06_EXTERNAL	20260922T131800Z_author_identity_v4	PDAC_author_cell_identity_v4	sc_expression_source	NA	NA	SMYD4	author_source_label	7	25	equal_donor_mean_cellwise_log1p10k	0.0894205086591524	NA	NA	NA	NA	SC_SOURCE_DESCRIPTIVE	NA	DONE	Donor-equal descriptive expression	GSE242230	UniProtKB:Q8IYR2	primary_tumor	Fibroblast/CAF	20	7	911	810	0.111064283015882	0.0761307474595496	0.06666644724683	0.1281644741285384	Author labels,predeclared coarse mapping	mean_donor(mean_cell(log1p(10000*counts/all_gene_library)))	0.7	1.0
PDAC	GSE242230	06_EXTERNAL	20260922T131800Z_author_identity_v4	PDAC_author_cell_identity_v4	sc_expression_source	NA	NA	SMYD4	author_source_label	23	25	equal_donor_mean_cellwise_log1p10k	0.0336046096207523	NA	NA	NA	NA	SC_SOURCE_DESCRIPTIVE	NA	DONE	Donor-equal descriptive expression	GSE242230	UniProtKB:Q8IYR2	primary_tumor	Malignant (author)	25	23	10783	10759	0.0667596407934097	0.0213763385865204	0.0163360346339786	0.0510779639052998	Author labels,predeclared coarse mapping	mean_donor(mean_cell(log1p(10000*counts/all_gene_library)))	0.0	0.37580427716917025
PDAC	GSE242230	06_EXTERNAL	20260922T131800Z_author_identity_v4	PDAC_author_cell_identity_v4	sc_expression_source	NA	NA	SMYD4	author_source_label	1	25	equal_donor_mean_cellwise_log1p10k	NA	NA	NA	NA	NA	SC_SOURCE_DESCRIPTIVE	NA	NOT_EVALUABLE	GENE_MISSING_OR_LT3_ELIGIBLE_LABELS	GSE242230	UniProtKB:Q8IYR2	primary_tumor	Mast	11	1	91	23	NA	NA	NA	NA	Author labels,predeclared coarse mapping	mean_donor(mean_cell(log1p(10000*counts/all_gene_library)))	NA	NA
PDAC	GSE242230	06_EXTERNAL	20260922T131800Z_author_identity_v4	PDAC_author_cell_identity_v4	sc_expression_source	NA	NA	SMYD4	author_source_label	20	25	equal_donor_mean_cellwise_log1p10k	0.0523276348590607	NA	NA	NA	NA	SC_SOURCE_DESCRIPTIVE	NA	DONE	Donor-equal descriptive expression	GSE242230	UniProtKB:Q8IYR2	primary_tumor	Myeloid	25	20	6246	6224	0.06444126666264	0.0458146929588593	0.0398619096896864	0.0572684002003608	Author labels,predeclared coarse mapping	mean_donor(mean_cell(log1p(10000*counts/all_gene_library)))	0.001	0.5851860567973278
PDAC	GSE242230	06_EXTERNAL	20260922T131800Z_author_identity_v4	PDAC_author_cell_identity_v4	sc_expression_source	NA	NA	SMYD4	author_source_label	6	25	equal_donor_mean_cellwise_log1p10k	0.0627657429471765	NA	NA	NA	NA	SC_SOURCE_DESCRIPTIVE	NA	DONE	Donor-equal descriptive expression	GSE242230	UniProtKB:Q8IYR2	primary_tumor	Normal epithelial (author)	21	6	350	291	0.1018698449920338	0.0432599738686045	0.0365274119361745	0.0814674805166572	Author labels,predeclared coarse mapping	mean_donor(mean_cell(log1p(10000*counts/all_gene_library)))	0.142	0.7019166395756382
PDAC	GSE242230	06_EXTERNAL	20260922T131800Z_author_identity_v4	PDAC_author_cell_identity_v4	sc_expression_source	NA	NA	SMYD4	author_source_label	2	25	equal_donor_mean_cellwise_log1p10k	NA	NA	NA	NA	NA	SC_SOURCE_DESCRIPTIVE	NA	NOT_EVALUABLE	GENE_MISSING_OR_LT3_ELIGIBLE_LABELS	GSE242230	UniProtKB:Q8IYR2	primary_tumor	Platelet	13	2	122	64	NA	NA	NA	NA	Author labels,predeclared coarse mapping	mean_donor(mean_cell(log1p(10000*counts/all_gene_library)))	NA	NA
PDAC	GSE242230	06_EXTERNAL	20260922T131800Z_author_identity_v4	PDAC_author_cell_identity_v4	sc_expression_source	NA	NA	SMYD4	author_source_label	21	25	equal_donor_mean_cellwise_log1p10k	0.0766341832081633	NA	NA	NA	NA	SC_SOURCE_DESCRIPTIVE	NA	DONE	Donor-equal descriptive expression	GSE242230	UniProtKB:Q8IYR2	primary_tumor	T/NK	25	21	9408	9383	0.0528985013050821	0.0712799900542724	0.0546134575466892	0.0955786384150851	Author labels,predeclared coarse mapping	mean_donor(mean_cell(log1p(10000*counts/all_gene_library)))	0.146	0.8570090279878946
PDAC	GSE242230	06_EXTERNAL	20260922T131800Z_author_identity_v4	PDAC_author_cell_identity_v4	sc_expression_source	NA	NA	SMYD5	author_source_label	1	25	equal_donor_mean_cellwise_log1p10k	NA	NA	NA	NA	NA	SC_SOURCE_DESCRIPTIVE	NA	NOT_EVALUABLE	GENE_MISSING_OR_LT3_ELIGIBLE_LABELS	GSE242230	UniProtKB:Q6GMV2	primary_tumor	Acinar	17	1	91	20	NA	NA	NA	NA	Author labels,predeclared coarse mapping	mean_donor(mean_cell(log1p(10000*counts/all_gene_library)))	NA	NA
PDAC	GSE242230	06_EXTERNAL	20260922T131800Z_author_identity_v4	PDAC_author_cell_identity_v4	sc_expression_source	NA	NA	SMYD5	author_source_label	15	25	equal_donor_mean_cellwise_log1p10k	0.0345338801297264	NA	NA	NA	NA	SC_SOURCE_DESCRIPTIVE	NA	DONE	Donor-equal descriptive expression	GSE242230	UniProtKB:Q6GMV2	primary_tumor	B/Plasma	23	15	1740	1675	0.0273451796301256	0.0269129479161722	0.0159491597775095	0.0561904468473353	Author labels,predeclared coarse mapping	mean_donor(mean_cell(log1p(10000*counts/all_gene_library)))	0.073	0.8176008480476666
PDAC	GSE242230	06_EXTERNAL	20260922T131800Z_author_identity_v4	PDAC_author_cell_identity_v4	sc_expression_source	NA	NA	SMYD5	author_source_label	3	25	equal_donor_mean_cellwise_log1p10k	0.0202093398843638	NA	NA	NA	NA	SC_SOURCE_DESCRIPTIVE	NA	DONE	Donor-equal descriptive expression	GSE242230	UniProtKB:Q6GMV2	primary_tumor	Endothelial	18	3	274	186	0.0244835029293863	0.0161679103142862	0.0080839551571431	0.0303140098265457	Author labels,predeclared coarse mapping	mean_donor(mean_cell(log1p(10000*counts/all_gene_library)))	0.004	0.47846269709254025
PDAC	GSE242230	06_EXTERNAL	20260922T131800Z_author_identity_v4	PDAC_author_cell_identity_v4	sc_expression_source	NA	NA	SMYD5	author_source_label	3	25	equal_donor_mean_cellwise_log1p10k	0.0	NA	NA	NA	NA	SC_SOURCE_DESCRIPTIVE	NA	DONE	Donor-equal descriptive expression	GSE242230	UniProtKB:Q6GMV2	primary_tumor	Erythrocyte	12	3	1199	1158	0.0	0.0	0.0	0.0	Author labels,predeclared coarse mapping	mean_donor(mean_cell(log1p(10000*counts/all_gene_library)))	0.0	0.0
PDAC	GSE242230	06_EXTERNAL	20260922T131800Z_author_identity_v4	PDAC_author_cell_identity_v4	sc_expression_source	NA	NA	SMYD5	author_source_label	7	25	equal_donor_mean_cellwise_log1p10k	0.0362994997837975	NA	NA	NA	NA	SC_SOURCE_DESCRIPTIVE	NA	DONE	Donor-equal descriptive expression	GSE242230	UniProtKB:Q6GMV2	primary_tumor	Fibroblast/CAF	20	7	911	810	0.0568858407220299	0.0320387506919996	0.028007503605561	0.0418431174865116	Author labels,predeclared coarse mapping	mean_donor(mean_cell(log1p(10000*counts/all_gene_library)))	0.085	0.8594024678215056
PDAC	GSE242230	06_EXTERNAL	20260922T131800Z_author_identity_v4	PDAC_author_cell_identity_v4	sc_expression_source	NA	NA	SMYD5	author_source_label	23	25	equal_donor_mean_cellwise_log1p10k	0.0422380678936295	NA	NA	NA	NA	SC_SOURCE_DESCRIPTIVE	NA	DONE	Donor-equal descriptive expression	GSE242230	UniProtKB:Q6GMV2	primary_tumor	Malignant (author)	25	23	10783	10759	0.083459270415314	0.0403242626526403	0.0269545689896631	0.0529818374989928	Author labels,predeclared coarse mapping	mean_donor(mean_cell(log1p(10000*counts/all_gene_library)))	0.449	1.0
PDAC	GSE242230	06_EXTERNAL	20260922T131800Z_author_identity_v4	PDAC_author_cell_identity_v4	sc_expression_source	NA	NA	SMYD5	author_source_label	1	25	equal_donor_mean_cellwise_log1p10k	NA	NA	NA	NA	NA	SC_SOURCE_DESCRIPTIVE	NA	NOT_EVALUABLE	GENE_MISSING_OR_LT3_ELIGIBLE_LABELS	GSE242230	UniProtKB:Q6GMV2	primary_tumor	Mast	11	1	91	23	NA	NA	NA	NA	Author labels,predeclared coarse mapping	mean_donor(mean_cell(log1p(10000*counts/all_gene_library)))	NA	NA
PDAC	GSE242230	06_EXTERNAL	20260922T131800Z_author_identity_v4	PDAC_author_cell_identity_v4	sc_expression_source	NA	NA	SMYD5	author_source_label	20	25	equal_donor_mean_cellwise_log1p10k	0.0152300901038871	NA	NA	NA	NA	SC_SOURCE_DESCRIPTIVE	NA	DONE	Donor-equal descriptive expression	GSE242230	UniProtKB:Q6GMV2	primary_tumor	Myeloid	25	20	6246	6224	0.0222597052848085	0.0162607431246438	0.0053798549277786	0.0219441249215664	Author labels,predeclared coarse mapping	mean_donor(mean_cell(log1p(10000*counts/all_gene_library)))	0.0	0.36057733848626533
PDAC	GSE242230	06_EXTERNAL	20260922T131800Z_author_identity_v4	PDAC_author_cell_identity_v4	sc_expression_source	NA	NA	SMYD5	author_source_label	6	25	equal_donor_mean_cellwise_log1p10k	0.0397127355315109	NA	NA	NA	NA	SC_SOURCE_DESCRIPTIVE	NA	DONE	Donor-equal descriptive expression	GSE242230	UniProtKB:Q6GMV2	primary_tumor	Normal epithelial (author)	21	6	350	291	0.1007005578407377	0.0442060798187697	0.0355937688434162	0.0514875709052978	Author labels,predeclared coarse mapping	mean_donor(mean_cell(log1p(10000*counts/all_gene_library)))	0.389	0.9402119346822801
PDAC	GSE242230	06_EXTERNAL	20260922T131800Z_author_identity_v4	PDAC_author_cell_identity_v4	sc_expression_source	NA	NA	SMYD5	author_source_label	2	25	equal_donor_mean_cellwise_log1p10k	NA	NA	NA	NA	NA	SC_SOURCE_DESCRIPTIVE	NA	NOT_EVALUABLE	GENE_MISSING_OR_LT3_ELIGIBLE_LABELS	GSE242230	UniProtKB:Q6GMV2	primary_tumor	Platelet	13	2	122	64	NA	NA	NA	NA	Author labels,predeclared coarse mapping	mean_donor(mean_cell(log1p(10000*counts/all_gene_library)))	NA	NA
PDAC	GSE242230	06_EXTERNAL	20260922T131800Z_author_identity_v4	PDAC_author_cell_identity_v4	sc_expression_source	NA	NA	SMYD5	author_source_label	21	25	equal_donor_mean_cellwise_log1p10k	0.0255750488540042	NA	NA	NA	NA	SC_SOURCE_DESCRIPTIVE	NA	DONE	Donor-equal descriptive expression	GSE242230	UniProtKB:Q6GMV2	primary_tumor	T/NK	25	21	9408	9383	0.0215607915006714	0.0232248243590201	0.0169485133300745	0.0303146370304394	Author labels,predeclared coarse mapping	mean_donor(mean_cell(log1p(10000*counts/all_gene_library)))	0.0	0.6054976027409985
PDAC	GSE242230	06_EXTERNAL	20260922T131800Z_author_identity_v4	PDAC_author_cell_identity_v4	sc_expression_source	NA	NA	SORD	author_source_label	1	25	equal_donor_mean_cellwise_log1p10k	NA	NA	NA	NA	NA	SC_SOURCE_DESCRIPTIVE	NA	NOT_EVALUABLE	GENE_MISSING_OR_LT3_ELIGIBLE_LABELS	GSE242230	UniProtKB:Q00796	primary_tumor	Acinar	17	1	91	20	NA	NA	NA	NA	Author labels,predeclared coarse mapping	mean_donor(mean_cell(log1p(10000*counts/all_gene_library)))	NA	NA
PDAC	GSE242230	06_EXTERNAL	20260922T131800Z_author_identity_v4	PDAC_author_cell_identity_v4	sc_expression_source	NA	NA	SORD	author_source_label	15	25	equal_donor_mean_cellwise_log1p10k	0.0394374629944155	NA	NA	NA	NA	SC_SOURCE_DESCRIPTIVE	NA	DONE	Donor-equal descriptive expression	GSE242230	UniProtKB:Q00796	primary_tumor	B/Plasma	23	15	1740	1675	0.0350088204966314	0.0237037985248298	0.0158226064737246	0.0398641118328281	Author labels,predeclared coarse mapping	mean_donor(mean_cell(log1p(10000*counts/all_gene_library)))	0.0	0.18962157158231951
PDAC	GSE242230	06_EXTERNAL	20260922T131800Z_author_identity_v4	PDAC_author_cell_identity_v4	sc_expression_source	NA	NA	SORD	author_source_label	3	25	equal_donor_mean_cellwise_log1p10k	0.0194955859460011	NA	NA	NA	NA	SC_SOURCE_DESCRIPTIVE	NA	DONE	Donor-equal descriptive expression	GSE242230	UniProtKB:Q00796	primary_tumor	Endothelial	18	3	274	186	0.0289855072463768	0.0	0.0	0.0292433789190016	Author labels,predeclared coarse mapping	mean_donor(mean_cell(log1p(10000*counts/all_gene_library)))	0.0	0.0937378666199291
PDAC	GSE242230	06_EXTERNAL	20260922T131800Z_author_identity_v4	PDAC_author_cell_identity_v4	sc_expression_source	NA	NA	SORD	author_source_label	3	25	equal_donor_mean_cellwise_log1p10k	0.0010478016439915	NA	NA	NA	NA	SC_SOURCE_DESCRIPTIVE	NA	DONE	Donor-equal descriptive expression	GSE242230	UniProtKB:Q00796	primary_tumor	Erythrocyte	12	3	1199	1158	0.0011958146487294	0.0	0.0	0.0015717024659873	Author labels,predeclared coarse mapping	mean_donor(mean_cell(log1p(10000*counts/all_gene_library)))	0.0	0.00503799634546322
PDAC	GSE242230	06_EXTERNAL	20260922T131800Z_author_identity_v4	PDAC_author_cell_identity_v4	sc_expression_source	NA	NA	SORD	author_source_label	7	25	equal_donor_mean_cellwise_log1p10k	0.0358134422588607	NA	NA	NA	NA	SC_SOURCE_DESCRIPTIVE	NA	DONE	Donor-equal descriptive expression	GSE242230	UniProtKB:Q00796	primary_tumor	Fibroblast/CAF	20	7	911	810	0.0626432650984448	0.043320113927651	0.0111540542400921	0.0460580926065235	Author labels,predeclared coarse mapping	mean_donor(mean_cell(log1p(10000*counts/all_gene_library)))	0.0	0.17219670560095238
PDAC	GSE242230	06_EXTERNAL	20260922T131800Z_author_identity_v4	PDAC_author_cell_identity_v4	sc_expression_source	NA	NA	SORD	author_source_label	23	25	equal_donor_mean_cellwise_log1p10k	0.2079798340733333	NA	NA	NA	NA	SC_SOURCE_DESCRIPTIVE	NA	DONE	Donor-equal descriptive expression	GSE242230	UniProtKB:Q00796	primary_tumor	Malignant (author)	25	23	10783	10759	0.2625172348234378	0.2044734142903549	0.1055659361786782	0.2736081102675438	Author labels,predeclared coarse mapping	mean_donor(mean_cell(log1p(10000*counts/all_gene_library)))	0.99	1.0
PDAC	GSE242230	06_EXTERNAL	20260922T131800Z_author_identity_v4	PDAC_author_cell_identity_v4	sc_expression_source	NA	NA	SORD	author_source_label	1	25	equal_donor_mean_cellwise_log1p10k	NA	NA	NA	NA	NA	SC_SOURCE_DESCRIPTIVE	NA	NOT_EVALUABLE	GENE_MISSING_OR_LT3_ELIGIBLE_LABELS	GSE242230	UniProtKB:Q00796	primary_tumor	Mast	11	1	91	23	NA	NA	NA	NA	Author labels,predeclared coarse mapping	mean_donor(mean_cell(log1p(10000*counts/all_gene_library)))	NA	NA
PDAC	GSE242230	06_EXTERNAL	20260922T131800Z_author_identity_v4	PDAC_author_cell_identity_v4	sc_expression_source	NA	NA	SORD	author_source_label	20	25	equal_donor_mean_cellwise_log1p10k	0.0553312241833304	NA	NA	NA	NA	SC_SOURCE_DESCRIPTIVE	NA	DONE	Donor-equal descriptive expression	GSE242230	UniProtKB:Q00796	primary_tumor	Myeloid	25	20	6246	6224	0.0671658323791617	0.0554453717725447	0.0473228223299281	0.0678002852416759	Author labels,predeclared coarse mapping	mean_donor(mean_cell(log1p(10000*counts/all_gene_library)))	0.0	0.266041294002671
PDAC	GSE242230	06_EXTERNAL	20260922T131800Z_author_identity_v4	PDAC_author_cell_identity_v4	sc_expression_source	NA	NA	SORD	author_source_label	6	25	equal_donor_mean_cellwise_log1p10k	0.1330473876947893	NA	NA	NA	NA	SC_SOURCE_DESCRIPTIVE	NA	DONE	Donor-equal descriptive expression	GSE242230	UniProtKB:Q00796	primary_tumor	Normal epithelial (author)	21	6	350	291	0.2775017405827001	0.1382221735426761	0.1150187773541923	0.1729568525887792	Author labels,predeclared coarse mapping	mean_donor(mean_cell(log1p(10000*counts/all_gene_library)))	0.01	0.6397129235514105
PDAC	GSE242230	06_EXTERNAL	20260922T131800Z_author_identity_v4	PDAC_author_cell_identity_v4	sc_expression_source	NA	NA	SORD	author_source_label	2	25	equal_donor_mean_cellwise_log1p10k	NA	NA	NA	NA	NA	SC_SOURCE_DESCRIPTIVE	NA	NOT_EVALUABLE	GENE_MISSING_OR_LT3_ELIGIBLE_LABELS	GSE242230	UniProtKB:Q00796	primary_tumor	Platelet	13	2	122	64	NA	NA	NA	NA	Author labels,predeclared coarse mapping	mean_donor(mean_cell(log1p(10000*counts/all_gene_library)))	NA	NA
PDAC	GSE242230	06_EXTERNAL	20260922T131800Z_author_identity_v4	PDAC_author_cell_identity_v4	sc_expression_source	NA	NA	SORD	author_source_label	21	25	equal_donor_mean_cellwise_log1p10k	0.022050058936415	NA	NA	NA	NA	SC_SOURCE_DESCRIPTIVE	NA	DONE	Donor-equal descriptive expression	GSE242230	UniProtKB:Q00796	primary_tumor	T/NK	25	21	9408	9383	0.016941850804019	0.0175074854986124	0.0140061267961247	0.0279933540654909	Author labels,predeclared coarse mapping	mean_donor(mean_cell(log1p(10000*counts/all_gene_library)))	0.0	0.1060201775554845
PDAC	GSE242230	06_EXTERNAL	20260922T131800Z_author_identity_v4	PDAC_author_cell_identity_v4	sc_expression_source	NA	NA	SPOUT1	author_source_label	1	25	equal_donor_mean_cellwise_log1p10k	NA	NA	NA	NA	NA	SC_SOURCE_DESCRIPTIVE	NA	NOT_EVALUABLE	GENE_MISSING_OR_LT3_ELIGIBLE_LABELS	GSE242230	UniProtKB:Q5T280	primary_tumor	Acinar	17	1	91	20	NA	NA	NA	NA	Author labels,predeclared coarse mapping	mean_donor(mean_cell(log1p(10000*counts/all_gene_library)))	NA	NA
PDAC	GSE242230	06_EXTERNAL	20260922T131800Z_author_identity_v4	PDAC_author_cell_identity_v4	sc_expression_source	NA	NA	SPOUT1	author_source_label	15	25	equal_donor_mean_cellwise_log1p10k	0.0686078769287185	NA	NA	NA	NA	SC_SOURCE_DESCRIPTIVE	NA	DONE	Donor-equal descriptive expression	GSE242230	UniProtKB:Q5T280	primary_tumor	B/Plasma	23	15	1740	1675	0.0563880724351559	0.0580638955542019	0.0398784647193043	0.096486136709926	Author labels,predeclared coarse mapping	mean_donor(mean_cell(log1p(10000*counts/all_gene_library)))	0.021	0.6249770563009825
PDAC	GSE242230	06_EXTERNAL	20260922T131800Z_author_identity_v4	PDAC_author_cell_identity_v4	sc_expression_source	NA	NA	SPOUT1	author_source_label	3	25	equal_donor_mean_cellwise_log1p10k	0.1097766329771915	NA	NA	NA	NA	SC_SOURCE_DESCRIPTIVE	NA	DONE	Donor-equal descriptive expression	GSE242230	UniProtKB:Q5T280	primary_tumor	Endothelial	18	3	274	186	0.0758454106280193	0.0665431060937115	0.0332715530468557	0.1646649494657872	Author labels,predeclared coarse mapping	mean_donor(mean_cell(log1p(10000*counts/all_gene_library)))	0.312	1.0
PDAC	GSE242230	06_EXTERNAL	20260922T131800Z_author_identity_v4	PDAC_author_cell_identity_v4	sc_expression_source	NA	NA	SPOUT1	author_source_label	3	25	equal_donor_mean_cellwise_log1p10k	0.0	NA	NA	NA	NA	SC_SOURCE_DESCRIPTIVE	NA	DONE	Donor-equal descriptive expression	GSE242230	UniProtKB:Q5T280	primary_tumor	Erythrocyte	12	3	1199	1158	0.0	0.0	0.0	0.0	Author labels,predeclared coarse mapping	mean_donor(mean_cell(log1p(10000*counts/all_gene_library)))	0.0	0.0
PDAC	GSE242230	06_EXTERNAL	20260922T131800Z_author_identity_v4	PDAC_author_cell_identity_v4	sc_expression_source	NA	NA	SPOUT1	author_source_label	7	25	equal_donor_mean_cellwise_log1p10k	0.0600268252990884	NA	NA	NA	NA	SC_SOURCE_DESCRIPTIVE	NA	DONE	Donor-equal descriptive expression	GSE242230	UniProtKB:Q5T280	primary_tumor	Fibroblast/CAF	20	7	911	810	0.0952413225983832	0.0610935064640793	0.0349873040263636	0.0797339877167268	Author labels,predeclared coarse mapping	mean_donor(mean_cell(log1p(10000*counts/all_gene_library)))	0.002	0.5468087667760797
PDAC	GSE242230	06_EXTERNAL	20260922T131800Z_author_identity_v4	PDAC_author_cell_identity_v4	sc_expression_source	NA	NA	SPOUT1	author_source_label	23	25	equal_donor_mean_cellwise_log1p10k	0.0717153742518983	NA	NA	NA	NA	SC_SOURCE_DESCRIPTIVE	NA	DONE	Donor-equal descriptive expression	GSE242230	UniProtKB:Q5T280	primary_tumor	Malignant (author)	25	23	10783	10759	0.1252378611829466	0.0648049251813224	0.0577413288188512	0.0824355288638608	Author labels,predeclared coarse mapping	mean_donor(mean_cell(log1p(10000*counts/all_gene_library)))	0.001	0.6532845133517509
PDAC	GSE242230	06_EXTERNAL	20260922T131800Z_author_identity_v4	PDAC_author_cell_identity_v4	sc_expression_source	NA	NA	SPOUT1	author_source_label	1	25	equal_donor_mean_cellwise_log1p10k	NA	NA	NA	NA	NA	SC_SOURCE_DESCRIPTIVE	NA	NOT_EVALUABLE	GENE_MISSING_OR_LT3_ELIGIBLE_LABELS	GSE242230	UniProtKB:Q5T280	primary_tumor	Mast	11	1	91	23	NA	NA	NA	NA	Author labels,predeclared coarse mapping	mean_donor(mean_cell(log1p(10000*counts/all_gene_library)))	NA	NA
PDAC	GSE242230	06_EXTERNAL	20260922T131800Z_author_identity_v4	PDAC_author_cell_identity_v4	sc_expression_source	NA	NA	SPOUT1	author_source_label	20	25	equal_donor_mean_cellwise_log1p10k	0.0630832965213135	NA	NA	NA	NA	SC_SOURCE_DESCRIPTIVE	NA	DONE	Donor-equal descriptive expression	GSE242230	UniProtKB:Q5T280	primary_tumor	Myeloid	25	20	6246	6224	0.0806916018571369	0.0687793950633244	0.0453105609430839	0.076128696249473	Author labels,predeclared coarse mapping	mean_donor(mean_cell(log1p(10000*counts/all_gene_library)))	0.0	0.5746514063190519
PDAC	GSE242230	06_EXTERNAL	20260922T131800Z_author_identity_v4	PDAC_author_cell_identity_v4	sc_expression_source	NA	NA	SPOUT1	author_source_label	6	25	equal_donor_mean_cellwise_log1p10k	0.0889667068993903	NA	NA	NA	NA	SC_SOURCE_DESCRIPTIVE	NA	DONE	Donor-equal descriptive expression	GSE242230	UniProtKB:Q5T280	primary_tumor	Normal epithelial (author)	21	6	350	291	0.1761522550690466	0.0942470321896919	0.0907945461993819	0.0980453019946035	Author labels,predeclared coarse mapping	mean_donor(mean_cell(log1p(10000*counts/all_gene_library)))	0.224	0.8104339191918475
PDAC	GSE242230	06_EXTERNAL	20260922T131800Z_author_identity_v4	PDAC_author_cell_identity_v4	sc_expression_source	NA	NA	SPOUT1	author_source_label	2	25	equal_donor_mean_cellwise_log1p10k	NA	NA	NA	NA	NA	SC_SOURCE_DESCRIPTIVE	NA	NOT_EVALUABLE	GENE_MISSING_OR_LT3_ELIGIBLE_LABELS	GSE242230	UniProtKB:Q5T280	primary_tumor	Platelet	13	2	122	64	NA	NA	NA	NA	Author labels,predeclared coarse mapping	mean_donor(mean_cell(log1p(10000*counts/all_gene_library)))	NA	NA
PDAC	GSE242230	06_EXTERNAL	20260922T131800Z_author_identity_v4	PDAC_author_cell_identity_v4	sc_expression_source	NA	NA	SPOUT1	author_source_label	21	25	equal_donor_mean_cellwise_log1p10k	0.0967675788264486	NA	NA	NA	NA	SC_SOURCE_DESCRIPTIVE	NA	DONE	Donor-equal descriptive expression	GSE242230	UniProtKB:Q5T280	primary_tumor	T/NK	25	21	9408	9383	0.0722529422667175	0.0966963492420765	0.07432632109373	0.1116879322241396	Author labels,predeclared coarse mapping	mean_donor(mean_cell(log1p(10000*counts/all_gene_library)))	0.44	0.881495234478126
