cohort	gene	top_celltype	second_celltype	mean_expression	detection_fraction	donor_count	bootstrap_top_frequency	bootstrap_valid_draws	eligible_categories	seed
GSE263733	AADAT	Fibroblast/CAF	Acinar	1.4159779878408618	0.08399686060681984	11	0.738	1000	Acinar;Endothelial;Epithelial/Ductal;Fibroblast/CAF;T/NK	1027977293
GSE263733	AASS	Endothelial	Fibroblast/CAF	2.391781896650908	0.13689132248044175	4	0.704	1000	Acinar;B/Plasma;Endothelial;Epithelial/Ductal;Fibroblast/CAF;Myeloid;T/NK	1027977293
GSE263733	ABAT	Acinar	Myeloid	3.180163785444993	0.274145028931136	4	0.992	1000	Acinar;B/Plasma;Endothelial;Epithelial/Ductal;Fibroblast/CAF;Myeloid;T/NK	1027977293
GSE263733	ABHD11	Epithelial/Ductal	T/NK	4.2122564322653195	0.6575772718692808	18	1.0	1000	Acinar;B/Plasma;Endothelial;Epithelial/Ductal;Fibroblast/CAF;Myeloid;T/NK	1027977293
GSE263733	ABHD12	Myeloid	Epithelial/Ductal	3.914132935068711	0.3410732747778219	20	0.98	1000	Acinar;B/Plasma;Endothelial;Epithelial/Ductal;Fibroblast/CAF;Myeloid;T/NK	1027977293
GSE263733	ABHD16A	T/NK	Myeloid	0.9622789204309085	0.009574062973867425	20	0.471	1000	Acinar;B/Plasma;Endothelial;Epithelial/Ductal;Fibroblast/CAF;Myeloid;T/NK	1027977293
GSE263733	ABHD16B	Myeloid	NOT_EVALUABLE	0.052878253520981855	0.0011058129300892349	20	1.0	1000	Myeloid	1027977293
GSE263733	ABHD2	Epithelial/Ductal	Myeloid	4.963413696245875	0.7930099025223155	18	1.0	1000	Acinar;B/Plasma;Endothelial;Epithelial/Ductal;Fibroblast/CAF;Myeloid;T/NK	1027977293
GSE263733	ABHD6	Myeloid	Endothelial	2.270222311641976	0.11089093118500759	20	0.529	1000	Acinar;B/Plasma;Endothelial;Epithelial/Ductal;Fibroblast/CAF;Myeloid;T/NK	1027977293
GSE263733	ACAA2	T/NK	Fibroblast/CAF	4.08849988357569	0.2458573329307495	20	0.49	1000	Acinar;B/Plasma;Endothelial;Epithelial/Ductal;Fibroblast/CAF;Myeloid;T/NK	1027977293
GSE263733	ACE2	Epithelial/Ductal	Fibroblast/CAF	1.6192491439418921	0.15830820024609504	18	1.0	1000	Epithelial/Ductal;Fibroblast/CAF;Myeloid;T/NK	1027977293
GSE263733	ACER2	Endothelial	Epithelial/Ductal	0.7438297170787236	0.0191986884491486	4	0.912	1000	B/Plasma;Endothelial;Epithelial/Ductal;Myeloid;T/NK	1027977293
GSE263733	ACOT1	Myeloid	T/NK	0.21208297707093787	0.005267377033330541	20	0.964	1000	Epithelial/Ductal;Myeloid;T/NK	1027977293
GSE263733	ACOT11	Epithelial/Ductal	Myeloid	2.5296649005343848	0.30776454891772376	18	1.0	1000	Acinar;B/Plasma;Epithelial/Ductal;Fibroblast/CAF;Myeloid;T/NK	1027977293
GSE263733	ACOT13	Myeloid	Epithelial/Ductal	3.6076707860956594	0.2750631536195305	20	0.623	1000	Acinar;B/Plasma;Endothelial;Epithelial/Ductal;Fibroblast/CAF;Myeloid;T/NK	1027977293
GSE263733	ACOT2	Endothelial	T/NK	2.1017054859634126	0.10910116102929893	4	0.978	1000	Acinar;B/Plasma;Endothelial;Epithelial/Ductal;Fibroblast/CAF;Myeloid;T/NK	1027977293
GSE263733	ACOT4	Epithelial/Ductal	T/NK	1.9192197875706742	0.17537967574995852	18	0.737	1000	Acinar;B/Plasma;Epithelial/Ductal;Fibroblast/CAF;Myeloid;T/NK	1027977293
GSE263733	ACOT7	Epithelial/Ductal	T/NK	2.79941880482825	0.3102811036161672	18	0.718	1000	Acinar;B/Plasma;Endothelial;Epithelial/Ductal;Fibroblast/CAF;Myeloid;T/NK	1027977293
GSE263733	ACOT8	Epithelial/Ductal	Fibroblast/CAF	2.910813805686283	0.39048526541043826	18	0.891	1000	Acinar;B/Plasma;Endothelial;Epithelial/Ductal;Fibroblast/CAF;Myeloid;T/NK	1027977293
GSE263733	ACOT9	Myeloid	Fibroblast/CAF	3.9129010954038286	0.4077886191206341	20	0.981	1000	Acinar;B/Plasma;Endothelial;Epithelial/Ductal;Fibroblast/CAF;Myeloid;T/NK	1027977293
GSE263733	ACSL3	Epithelial/Ductal	Fibroblast/CAF	4.0794758955267225	0.652209705064255	18	0.936	1000	Acinar;B/Plasma;Endothelial;Epithelial/Ductal;Fibroblast/CAF;Myeloid;T/NK	1027977293
GSE263733	ACSM1	Epithelial/Ductal	B/Plasma	0.569944810179058	0.029895142651714248	18	0.99	1000	B/Plasma;Epithelial/Ductal;Fibroblast/CAF;Myeloid;T/NK	1027977293
GSE263733	ACSM2A	Myeloid	Epithelial/Ductal	0.0641931868394574	0.0012522059593211598	20	0.889	1000	Epithelial/Ductal;Myeloid;T/NK	1027977293
GSE263733	ACSM2B	Endothelial	Epithelial/Ductal	0.6517529646395832	0.014236031216444225	4	0.963	1000	Endothelial;Epithelial/Ductal	1027977293
GSE263733	ACSM4	NOT_EVALUABLE	NOT_EVALUABLE	NA	NA	0	NA	0		1027977293
GSE263733	ACY3	Epithelial/Ductal	B/Plasma	1.7679435314651388	0.1583669458712247	18	0.971	1000	Acinar;B/Plasma;Epithelial/Ductal;Fibroblast/CAF;Myeloid;T/NK	1027977293
GSE263733	ADA	T/NK	Endothelial	3.482938352621109	0.14454240420667555	20	1.0	1000	Acinar;B/Plasma;Endothelial;Epithelial/Ductal;Fibroblast/CAF;Myeloid;T/NK	1027977293
GSE263733	ADA2	Myeloid	B/Plasma	4.901864828476601	0.6706239272141884	20	1.0	1000	Acinar;B/Plasma;Endothelial;Epithelial/Ductal;Fibroblast/CAF;Myeloid;T/NK	1027977293
GSE263733	ADHFE1	Acinar	T/NK	1.7400493686900291	0.08961939753793016	4	0.86	1000	Acinar;B/Plasma;Epithelial/Ductal;Fibroblast/CAF;Myeloid;T/NK	1027977293
GSE263733	AGMAT	T/NK	Epithelial/Ductal	1.7448795611102401	0.025632362117236962	20	0.895	1000	B/Plasma;Epithelial/Ductal;Fibroblast/CAF;Myeloid;T/NK	1027977293
GSE263733	AGXT	Epithelial/Ductal	T/NK	0.09663393299985988	0.0031207377549776166	18	0.988	1000	Epithelial/Ductal;T/NK	1027977293
GSE263733	AGXT2	NOT_EVALUABLE	NOT_EVALUABLE	NA	NA	0	NA	0		1027977293
GSE263733	AHCY	Epithelial/Ductal	Fibroblast/CAF	4.0058936985579665	0.5820203506098428	18	0.985	1000	Acinar;B/Plasma;Endothelial;Epithelial/Ductal;Fibroblast/CAF;Myeloid;T/NK	1027977293
GSE263733	AK4	Epithelial/Ductal	Fibroblast/CAF	3.5313663185297326	0.5008678608574467	18	0.987	1000	Acinar;B/Plasma;Endothelial;Epithelial/Ductal;Fibroblast/CAF;Myeloid;T/NK	1027977293
GSE263733	AK9	Endothelial	B/Plasma	2.4746113342562954	0.14894263403129313	4	0.645	1000	Acinar;B/Plasma;Endothelial;Epithelial/Ductal;Fibroblast/CAF;Myeloid;T/NK	1027977293
GSE263733	AKR1A1	Myeloid	Fibroblast/CAF	4.836103476340479	0.583164697432325	20	0.949	1000	Acinar;B/Plasma;Endothelial;Epithelial/Ductal;Fibroblast/CAF;Myeloid;T/NK	1027977293
GSE263733	AKR1B1	Myeloid	Fibroblast/CAF	4.288431557664519	0.37022262168913556	20	0.989	1000	Acinar;B/Plasma;Endothelial;Epithelial/Ductal;Fibroblast/CAF;Myeloid;T/NK	1027977293
GSE263733	AKR7A2	Fibroblast/CAF	Endothelial	4.569588815129557	0.631582533096947	11	1.0	1000	Acinar;B/Plasma;Endothelial;Epithelial/Ductal;Fibroblast/CAF;Myeloid;T/NK	1027977293
GSE263733	ALDH1A1	Acinar	Fibroblast/CAF	4.739676290368776	0.4153774766440092	4	0.826	1000	Acinar;B/Plasma;Endothelial;Epithelial/Ductal;Fibroblast/CAF;Myeloid;T/NK	1027977293
GSE263733	ALDH2	Myeloid	Fibroblast/CAF	5.223036899182137	0.6709493169319306	20	0.999	1000	Acinar;B/Plasma;Endothelial;Epithelial/Ductal;Fibroblast/CAF;Myeloid;T/NK	1027977293
GSE263733	ALDH3A2	Epithelial/Ductal	Myeloid	3.5265288031608373	0.5042463056812191	18	0.942	1000	Acinar;B/Plasma;Endothelial;Epithelial/Ductal;Fibroblast/CAF;Myeloid;T/NK	1027977293
GSE263733	ALDH9A1	Endothelial	Fibroblast/CAF	4.011951980970564	0.36863279452369996	4	0.9	1000	Acinar;B/Plasma;Endothelial;Epithelial/Ductal;Fibroblast/CAF;Myeloid;T/NK	1027977293
GSE263733	ALKBH1	T/NK	Fibroblast/CAF	1.7325981328333575	0.026630020227715944	20	0.376	1000	Acinar;B/Plasma;Endothelial;Epithelial/Ductal;Fibroblast/CAF;Myeloid;T/NK	1027977293
GSE263733	ALKBH2	Fibroblast/CAF	Epithelial/Ductal	2.848911792964127	0.27403360254822773	11	0.973	1000	Acinar;B/Plasma;Endothelial;Epithelial/Ductal;Fibroblast/CAF;Myeloid;T/NK	1027977293
GSE263733	ALKBH3	Fibroblast/CAF	T/NK	2.5873267089178005	0.23514552064279703	11	0.432	1000	Acinar;B/Plasma;Endothelial;Epithelial/Ductal;Fibroblast/CAF;Myeloid;T/NK	1027977293
GSE263733	ALKBH4	Fibroblast/CAF	T/NK	2.84877112552693	0.28278987494520746	11	0.976	1000	Acinar;B/Plasma;Endothelial;Epithelial/Ductal;Fibroblast/CAF;Myeloid;T/NK	1027977293
GSE263733	ALKBH5	T/NK	B/Plasma	4.152109223396552	0.285931639157007	20	0.966	1000	Acinar;B/Plasma;Endothelial;Epithelial/Ductal;Fibroblast/CAF;Myeloid;T/NK	1027977293
GSE263733	ALKBH7	Fibroblast/CAF	Endothelial	4.852232947835197	0.6629708689652485	11	0.994	1000	Acinar;B/Plasma;Endothelial;Epithelial/Ductal;Fibroblast/CAF;Myeloid;T/NK	1027977293
GSE263733	ALKBH8	Fibroblast/CAF	T/NK	1.87029455869299	0.11129993165507242	11	0.308	1000	Acinar;B/Plasma;Endothelial;Epithelial/Ductal;Fibroblast/CAF;Myeloid;T/NK	1027977293
GSE263733	ANTKMT	Epithelial/Ductal	T/NK	4.286987929841196	0.6573996367916225	18	1.0	1000	Acinar;B/Plasma;Endothelial;Epithelial/Ductal;Fibroblast/CAF;Myeloid;T/NK	1027977293
GSE263733	AOC1	Epithelial/Ductal	T/NK	2.985306385461637	0.34832721179743736	18	1.0	1000	B/Plasma;Epithelial/Ductal;Fibroblast/CAF;Myeloid;T/NK	1027977293
GSE263733	AQP1	Endothelial	Fibroblast/CAF	6.64423903113357	0.7264444556296978	4	0.989	1000	Acinar;Endothelial;Epithelial/Ductal;Fibroblast/CAF;Myeloid;T/NK	1027977293
GSE263733	AQP10	T/NK	Fibroblast/CAF	0.27660250637811074	0.0014643043456306199	20	0.654	1000	Epithelial/Ductal;Fibroblast/CAF;Myeloid;T/NK	1027977293
GSE263733	AQP11	Epithelial/Ductal	Acinar	1.261452589586485	0.08868802366433849	18	0.915	1000	Acinar;B/Plasma;Epithelial/Ductal;Fibroblast/CAF;Myeloid;T/NK	1027977293
GSE263733	AQP2	Epithelial/Ductal	NOT_EVALUABLE	0.18928708373720918	0.008423474730041973	18	1.0	1000	Epithelial/Ductal	1027977293
GSE263733	AQP3	T/NK	B/Plasma	4.316062719807259	0.22956822682144887	20	0.91	1000	Acinar;B/Plasma;Endothelial;Epithelial/Ductal;Fibroblast/CAF;Myeloid;T/NK	1027977293
GSE263733	AQP7	Endothelial	Epithelial/Ductal	2.24976663914809	0.09969056795520782	4	0.989	1000	Endothelial;Epithelial/Ductal;Fibroblast/CAF;Myeloid;T/NK	1027977293
GSE263733	AQP7B	NOT_EVALUABLE	NOT_EVALUABLE	NA	NA	0	NA	0		1027977293
GSE263733	AQP9	Myeloid	Fibroblast/CAF	4.639688678690591	0.5101004394000218	20	1.0	1000	B/Plasma;Endothelial;Epithelial/Ductal;Fibroblast/CAF;Myeloid;T/NK	1027977293
GSE263733	ARG1	Myeloid	T/NK	0.26528360538596074	0.0020608487828952305	20	0.887	1000	Epithelial/Ductal;Myeloid;T/NK	1027977293
GSE263733	ARG2	Epithelial/Ductal	Fibroblast/CAF	2.070768989471256	0.17721633432751313	18	0.958	1000	Acinar;B/Plasma;Epithelial/Ductal;Fibroblast/CAF;Myeloid;T/NK	1027977293
GSE263733	AS3MT	NOT_EVALUABLE	NOT_EVALUABLE	NA	NA	0	NA	0		1027977293
GSE263733	ASAH1	Myeloid	Fibroblast/CAF	6.161901368172008	0.8705787803324265	20	1.0	1000	Acinar;B/Plasma;Endothelial;Epithelial/Ductal;Fibroblast/CAF;Myeloid;T/NK	1027977293
GSE263733	ASAH2	Epithelial/Ductal	Fibroblast/CAF	0.5813033667074201	0.032638888651662895	18	0.981	1000	B/Plasma;Epithelial/Ductal;Fibroblast/CAF;Myeloid;T/NK	1027977293
GSE263733	ASH1L	Epithelial/Ductal	T/NK	4.485321383373664	0.7772446720773506	18	0.744	1000	Acinar;B/Plasma;Endothelial;Epithelial/Ductal;Fibroblast/CAF;Myeloid;T/NK	1027977293
GSE263733	ASMT	T/NK	Epithelial/Ductal	0.18169290193145501	0.00110846054229167	20	0.999	1000	Epithelial/Ductal;Myeloid;T/NK	1027977293
GSE263733	ASPG	Epithelial/Ductal	Fibroblast/CAF	0.6597553266796763	0.02725532606521265	18	0.995	1000	Epithelial/Ductal;Fibroblast/CAF;Myeloid	1027977293
GSE263733	ASPH	Epithelial/Ductal	Fibroblast/CAF	5.356162286902342	0.8317051981754413	18	1.0	1000	Acinar;B/Plasma;Endothelial;Epithelial/Ductal;Fibroblast/CAF;Myeloid;T/NK	1027977293
GSE263733	ATP13A3	Myeloid	Epithelial/Ductal	4.811730969821131	0.606491161538871	20	1.0	1000	Acinar;B/Plasma;Endothelial;Epithelial/Ductal;Fibroblast/CAF;Myeloid;T/NK	1027977293
GSE263733	ATP13A4	Epithelial/Ductal	T/NK	0.9724726215471272	0.07160047813767155	18	1.0	1000	B/Plasma;Epithelial/Ductal;Fibroblast/CAF;Myeloid;T/NK	1027977293
GSE263733	ATPSCKMT	Epithelial/Ductal	Fibroblast/CAF	2.106372542881775	0.22406772070919384	18	0.869	1000	B/Plasma;Endothelial;Epithelial/Ductal;Fibroblast/CAF;Myeloid;T/NK	1027977293
GSE263733	AWAT2	NOT_EVALUABLE	NOT_EVALUABLE	NA	NA	0	NA	0		1027977293
GSE263733	BAAT	Epithelial/Ductal	Acinar	1.5655006586156548	0.12187980520676	18	1.0	1000	Acinar;Epithelial/Ductal;Myeloid;T/NK	1027977293
GSE263733	BBOX1	Epithelial/Ductal	Fibroblast/CAF	1.0055887538065673	0.0476460731099552	18	1.0	1000	Epithelial/Ductal;Fibroblast/CAF	1027977293
GSE263733	BCAT1	Myeloid	Acinar	3.762334699642029	0.3261336903229001	20	0.497	1000	Acinar;B/Plasma;Endothelial;Epithelial/Ductal;Fibroblast/CAF;Myeloid;T/NK	1027977293
GSE263733	BCAT2	Endothelial	Epithelial/Ductal	2.9578581480479986	0.19337225801503294	4	0.755	1000	Acinar;B/Plasma;Endothelial;Epithelial/Ductal;Fibroblast/CAF;Myeloid;T/NK	1027977293
GSE263733	BCDIN3D	Epithelial/Ductal	Endothelial	1.9929611158881637	0.19715988386926278	18	0.37	1000	Acinar;B/Plasma;Endothelial;Epithelial/Ductal;Fibroblast/CAF;Myeloid;T/NK	1027977293
GSE263733	BEST1	Myeloid	Fibroblast/CAF	2.923413834860604	0.20479622494832853	20	1.0	1000	Acinar;B/Plasma;Epithelial/Ductal;Fibroblast/CAF;Myeloid;T/NK	1027977293
GSE263733	BUD23	Epithelial/Ductal	B/Plasma	4.5469218630217325	0.7550866142022427	18	0.998	1000	Acinar;B/Plasma;Endothelial;Epithelial/Ductal;Fibroblast/CAF;Myeloid;T/NK	1027977293
GSE263733	CAMKMT	T/NK	Epithelial/Ductal	2.165211628323456	0.045601064124138335	20	0.928	1000	Acinar;B/Plasma;Endothelial;Epithelial/Ductal;Fibroblast/CAF;Myeloid;T/NK	1027977293
GSE263733	CARM1	Endothelial	Fibroblast/CAF	3.172031206504754	0.26543205437950607	4	0.734	1000	Acinar;B/Plasma;Endothelial;Epithelial/Ductal;Fibroblast/CAF;Myeloid;T/NK	1027977293
GSE263733	CARNMT1	T/NK	Fibroblast/CAF	2.7397780384280495	0.07673434701255036	20	0.784	1000	Acinar;B/Plasma;Endothelial;Epithelial/Ductal;Fibroblast/CAF;Myeloid;T/NK	1027977293
GSE263733	CARNS1	T/NK	Fibroblast/CAF	1.7082363136599583	0.027452726282464264	20	0.753	1000	B/Plasma;Epithelial/Ductal;Fibroblast/CAF;Myeloid;T/NK	1027977293
GSE263733	CDA	Endothelial	Myeloid	3.8196313030589986	0.3366978974919466	4	0.596	1000	B/Plasma;Endothelial;Epithelial/Ductal;Fibroblast/CAF;Myeloid;T/NK	1027977293
GSE263733	CDK5RAP1	T/NK	B/Plasma	3.2252921743532754	0.12579214894799395	20	0.998	1000	Acinar;B/Plasma;Endothelial;Epithelial/Ductal;Fibroblast/CAF;Myeloid;T/NK	1027977293
GSE263733	CDKAL1	T/NK	Endothelial	2.513618197138628	0.059285725183321224	20	0.457	1000	Acinar;B/Plasma;Endothelial;Epithelial/Ductal;Fibroblast/CAF;Myeloid;T/NK	1027977293
GSE263733	CEL	Acinar	Epithelial/Ductal	8.882694312563295	0.6573171065798995	4	0.992	1000	Acinar;B/Plasma;Endothelial;Epithelial/Ductal;Fibroblast/CAF;Myeloid;T/NK	1027977293
GSE263733	CES1	Myeloid	T/NK	3.6575061596067933	0.18844127609385342	20	0.999	1000	B/Plasma;Endothelial;Epithelial/Ductal;Fibroblast/CAF;Myeloid;T/NK	1027977293
GSE263733	CES2	Epithelial/Ductal	Fibroblast/CAF	3.656590085400762	0.5005110217449508	18	0.983	1000	Acinar;B/Plasma;Endothelial;Epithelial/Ductal;Fibroblast/CAF;Myeloid;T/NK	1027977293
GSE263733	CISD1	Fibroblast/CAF	Endothelial	4.381904796078815	0.6005495176429473	11	0.623	1000	Acinar;B/Plasma;Endothelial;Epithelial/Ductal;Fibroblast/CAF;Myeloid;T/NK	1027977293
GSE263733	CLYBL	Endothelial	T/NK	2.1338632003395634	0.08725156753336398	4	0.649	1000	Acinar;B/Plasma;Endothelial;Epithelial/Ductal;Fibroblast/CAF;Myeloid;T/NK	1027977293
GSE263733	CMPK1	Epithelial/Ductal	T/NK	5.250895624645818	0.8633317968174162	18	1.0	1000	Acinar;B/Plasma;Endothelial;Epithelial/Ductal;Fibroblast/CAF;Myeloid;T/NK	1027977293
GSE263733	CMPK2	Myeloid	Epithelial/Ductal	2.9769604887798566	0.1750152929525209	20	0.996	1000	Acinar;B/Plasma;Endothelial;Epithelial/Ductal;Fibroblast/CAF;Myeloid;T/NK	1027977293
GSE263733	CMTR1	T/NK	Endothelial	2.444071926283266	0.056724064430012044	20	0.596	1000	Acinar;B/Plasma;Endothelial;Epithelial/Ductal;Fibroblast/CAF;Myeloid;T/NK	1027977293
GSE263733	CMTR2	T/NK	Epithelial/Ductal	3.177078826365176	0.1079318629360144	20	0.908	1000	Acinar;B/Plasma;Endothelial;Epithelial/Ductal;Fibroblast/CAF;Myeloid;T/NK	1027977293
GSE263733	CNDP1	B/Plasma	Epithelial/Ductal	0.22521994468197548	0.004233367448443189	17	0.519	1000	B/Plasma;Epithelial/Ductal;Myeloid;T/NK	1027977293
GSE263733	CNDP2	Myeloid	Epithelial/Ductal	4.649633520411845	0.5482211150647032	20	1.0	1000	Acinar;B/Plasma;Endothelial;Epithelial/Ductal;Fibroblast/CAF;Myeloid;T/NK	1027977293
GSE263733	COMT	Myeloid	Epithelial/Ductal	5.114563269900961	0.6907910133998922	20	0.761	1000	Acinar;B/Plasma;Endothelial;Epithelial/Ductal;Fibroblast/CAF;Myeloid;T/NK	1027977293
GSE263733	COQ3	Epithelial/Ductal	Fibroblast/CAF	1.8023023892559995	0.16146816687981197	18	0.66	1000	Acinar;B/Plasma;Epithelial/Ductal;Fibroblast/CAF;Myeloid;T/NK	1027977293
GSE263733	COQ5	Fibroblast/CAF	Epithelial/Ductal	2.9951649332637627	0.31340412345425783	11	0.84	1000	Acinar;B/Plasma;Endothelial;Epithelial/Ductal;Fibroblast/CAF;Myeloid;T/NK	1027977293
GSE263733	CRAT	Acinar	Fibroblast/CAF	3.4327379030459113	0.3355802905940167	4	0.99	1000	Acinar;B/Plasma;Endothelial;Epithelial/Ductal;Fibroblast/CAF;Myeloid;T/NK	1027977293
GSE263733	CRYM	Epithelial/Ductal	Myeloid	1.3242520762595016	0.10586635519112718	18	0.996	1000	B/Plasma;Epithelial/Ductal;Fibroblast/CAF;Myeloid;T/NK	1027977293
GSE263733	CSAD	Fibroblast/CAF	Endothelial	3.3292849021263904	0.37590913284812155	11	0.665	1000	Acinar;B/Plasma;Endothelial;Epithelial/Ductal;Fibroblast/CAF;Myeloid;T/NK	1027977293
GSE263733	CSKMT	T/NK	Endothelial	2.8955329298037786	0.08196854227016195	20	0.642	1000	Acinar;B/Plasma;Endothelial;Epithelial/Ductal;Fibroblast/CAF;Myeloid;T/NK	1027977293
GSE263733	CTH	Acinar	Epithelial/Ductal	1.5605230635548497	0.09318855589514798	4	0.604	1000	Acinar;B/Plasma;Epithelial/Ductal;Fibroblast/CAF;Myeloid;T/NK	1027977293
GSE263733	CYP2E1	Acinar	Epithelial/Ductal	1.7052250914377405	0.09141091743914677	4	0.992	1000	Acinar;B/Plasma;Epithelial/Ductal;Fibroblast/CAF;Myeloid;T/NK	1027977293
GSE263733	CYP4A11	Epithelial/Ductal	NOT_EVALUABLE	0.09177453137179145	0.0035375902714955337	18	1.0	1000	Epithelial/Ductal	1027977293
GSE263733	CYP4B1	Epithelial/Ductal	T/NK	0.9274041132992991	0.04207781964952976	18	1.0	1000	Epithelial/Ductal;T/NK	1027977293
GSE263733	CYP4F11	Epithelial/Ductal	Fibroblast/CAF	1.7979979942202613	0.16622293331762672	18	1.0	1000	Epithelial/Ductal;Fibroblast/CAF;Myeloid;T/NK	1027977293
GSE263733	CYP4V2	Endothelial	Epithelial/Ductal	2.73200413340881	0.17359053823439174	4	0.776	1000	Acinar;B/Plasma;Endothelial;Epithelial/Ductal;Fibroblast/CAF;Myeloid;T/NK	1027977293
GSE263733	CYP4Z1	Epithelial/Ductal	NOT_EVALUABLE	0.07766368099432433	0.0033277571792674054	18	1.0	1000	Epithelial/Ductal	1027977293
GSE263733	D2HGDH	Epithelial/Ductal	Fibroblast/CAF	2.8423648922887144	0.37140136874010377	18	0.694	1000	Acinar;B/Plasma;Endothelial;Epithelial/Ductal;Fibroblast/CAF;Myeloid;T/NK	1027977293
GSE263733	DAGLA	Myeloid	Epithelial/Ductal	1.2592445686719393	0.04495112813061105	20	0.787	1000	Acinar;Epithelial/Ductal;Fibroblast/CAF;Myeloid;T/NK	1027977293
GSE263733	DAGLB	Endothelial	Epithelial/Ductal	2.3641570824159484	0.13421345298358642	4	0.49	1000	Acinar;B/Plasma;Endothelial;Epithelial/Ductal;Fibroblast/CAF;Myeloid;T/NK	1027977293
GSE263733	DAO	Myeloid	NOT_EVALUABLE	0.10054897104038138	0.0017099141413073498	20	1.0	1000	Myeloid	1027977293
GSE263733	DCK	T/NK	B/Plasma	3.934958953823729	0.24354568430523021	20	0.885	1000	Acinar;B/Plasma;Endothelial;Epithelial/Ductal;Fibroblast/CAF;Myeloid;T/NK	1027977293
GSE263733	DCPH1	Myeloid	T/NK	3.1081700730618538	0.2270328668614244	20	0.949	1000	Acinar;B/Plasma;Endothelial;Epithelial/Ductal;Fibroblast/CAF;Myeloid;T/NK	1027977293
GSE263733	DCTD	Fibroblast/CAF	Epithelial/Ductal	3.8684537849964555	0.4935290216979124	11	0.986	1000	Acinar;B/Plasma;Endothelial;Epithelial/Ductal;Fibroblast/CAF;Myeloid;T/NK	1027977293
GSE263733	DCTPP1	Epithelial/Ductal	Endothelial	4.036402488890039	0.6106761508340611	18	0.872	1000	Acinar;B/Plasma;Endothelial;Epithelial/Ductal;Fibroblast/CAF;Myeloid;T/NK	1027977293
GSE263733	DDHD2	T/NK	Fibroblast/CAF	2.8521683578691666	0.08743610154094086	20	0.911	1000	Acinar;B/Plasma;Endothelial;Epithelial/Ductal;Fibroblast/CAF;Myeloid;T/NK	1027977293
GSE263733	DDO	Myeloid	Endothelial	1.14921441312032	0.0335508630397266	20	0.83	1000	Endothelial;Epithelial/Ductal;Fibroblast/CAF;Myeloid;T/NK	1027977293
GSE263733	DGAT1	Epithelial/Ductal	Endothelial	3.940815473940145	0.6208049224245955	18	0.58	1000	Acinar;B/Plasma;Endothelial;Epithelial/Ductal;Fibroblast/CAF;Myeloid;T/NK	1027977293
GSE263733	DGAT2	Myeloid	Epithelial/Ductal	1.8824010545629672	0.07347277559538884	20	0.642	1000	B/Plasma;Epithelial/Ductal;Fibroblast/CAF;Myeloid;T/NK	1027977293
GSE263733	DGAT2L6	NOT_EVALUABLE	NOT_EVALUABLE	NA	NA	0	NA	0		1027977293
GSE263733	DGKA	T/NK	Epithelial/Ductal	3.661420841091985	0.1764094335866941	20	1.0	1000	Acinar;B/Plasma;Endothelial;Epithelial/Ductal;Fibroblast/CAF;Myeloid;T/NK	1027977293
GSE263733	DGKB	Epithelial/Ductal	Fibroblast/CAF	0.14369201430638945	0.006767763432380017	18	0.725	1000	Epithelial/Ductal;Fibroblast/CAF;Myeloid;T/NK	1027977293
GSE263733	DGUOK	Epithelial/Ductal	T/NK	4.499353244542415	0.7565459201662857	18	0.964	1000	Acinar;B/Plasma;Endothelial;Epithelial/Ductal;Fibroblast/CAF;Myeloid;T/NK	1027977293
GSE263733	DIMT1	T/NK	Fibroblast/CAF	3.247511562989377	0.12384752738767943	20	0.581	1000	Acinar;B/Plasma;Endothelial;Epithelial/Ductal;Fibroblast/CAF;Myeloid;T/NK	1027977293
GSE263733	DNMT1	T/NK	Myeloid	4.511306470308733	0.3199165874747994	20	1.0	1000	Acinar;B/Plasma;Endothelial;Epithelial/Ductal;Fibroblast/CAF;Myeloid;T/NK	1027977293
GSE263733	DNMT3A	Endothelial	T/NK	3.2055211591230313	0.2621292088510508	4	0.856	1000	Acinar;B/Plasma;Endothelial;Epithelial/Ductal;Fibroblast/CAF;Myeloid;T/NK	1027977293
GSE263733	DNMT3B	Endothelial	Epithelial/Ductal	1.3471355549646196	0.043851386332259525	4	0.961	1000	Acinar;B/Plasma;Endothelial;Epithelial/Ductal;Fibroblast/CAF;Myeloid;T/NK	1027977293
GSE263733	DOT1L	Myeloid	Epithelial/Ductal	2.963523400363508	0.22370690548075042	20	0.929	1000	Acinar;B/Plasma;Endothelial;Epithelial/Ductal;Fibroblast/CAF;Myeloid;T/NK	1027977293
GSE263733	DPEP1	Acinar	Fibroblast/CAF	2.7981803641658405	0.27515981768230563	4	0.648	1000	Acinar;B/Plasma;Epithelial/Ductal;Fibroblast/CAF;Myeloid;T/NK	1027977293
GSE263733	DPH5	T/NK	Fibroblast/CAF	3.119660445416687	0.11462638036103785	20	0.951	1000	Acinar;B/Plasma;Endothelial;Epithelial/Ductal;Fibroblast/CAF;Myeloid;T/NK	1027977293
GSE263733	EEF1AKMT1	Fibroblast/CAF	Endothelial	3.0047187307573195	0.2992731010298023	11	0.994	1000	Acinar;B/Plasma;Endothelial;Epithelial/Ductal;Fibroblast/CAF;Myeloid;T/NK	1027977293
GSE263733	EEF1AKMT2	T/NK	Fibroblast/CAF	2.999914561449192	0.0996800865994574	20	0.453	1000	Acinar;B/Plasma;Endothelial;Epithelial/Ductal;Fibroblast/CAF;Myeloid;T/NK	1027977293
GSE263733	EEF1AKMT3	Fibroblast/CAF	Myeloid	1.845465619509245	0.12076164741281961	11	0.788	1000	Acinar;B/Plasma;Endothelial;Epithelial/Ductal;Fibroblast/CAF;Myeloid;T/NK	1027977293
GSE263733	EEF1AKMT4	NOT_EVALUABLE	NOT_EVALUABLE	NA	NA	0	NA	0		1027977293
GSE263733	EEF2KMT	Epithelial/Ductal	Fibroblast/CAF	2.60407743065793	0.29828247658266593	18	0.797	1000	Acinar;B/Plasma;Endothelial;Epithelial/Ductal;Fibroblast/CAF;Myeloid;T/NK	1027977293
GSE263733	EGLN1	Endothelial	Epithelial/Ductal	4.083134475377478	0.44058712992790305	4	0.779	1000	Acinar;B/Plasma;Endothelial;Epithelial/Ductal;Fibroblast/CAF;Myeloid;T/NK	1027977293
GSE263733	EGLN2	Endothelial	T/NK	4.567212530560915	0.5916455744746126	4	0.989	1000	Acinar;B/Plasma;Endothelial;Epithelial/Ductal;Fibroblast/CAF;Myeloid;T/NK	1027977293
GSE263733	EGLN3	Epithelial/Ductal	Endothelial	4.42799095599857	0.5646596738143427	18	1.0	1000	Acinar;B/Plasma;Endothelial;Epithelial/Ductal;Fibroblast/CAF;Myeloid;T/NK	1027977293
GSE263733	EHMT1	B/Plasma	T/NK	3.921050864011602	0.30948129352542764	17	0.975	1000	Acinar;B/Plasma;Endothelial;Epithelial/Ductal;Fibroblast/CAF;Myeloid;T/NK	1027977293
GSE263733	EHMT2	Endothelial	Epithelial/Ductal	3.2407916677345034	0.28492795098941553	4	0.819	1000	Acinar;B/Plasma;Endothelial;Epithelial/Ductal;Fibroblast/CAF;Myeloid;T/NK	1027977293
GSE263733	EMG1	Epithelial/Ductal	Fibroblast/CAF	3.544836471401742	0.5310244974759329	18	0.892	1000	Acinar;B/Plasma;Endothelial;Epithelial/Ductal;Fibroblast/CAF;Myeloid;T/NK	1027977293
GSE263733	ENPP6	Fibroblast/CAF	B/Plasma	0.617925178678918	0.0255023210473898	11	0.932	1000	B/Plasma;Epithelial/Ductal;Fibroblast/CAF;Myeloid;T/NK	1027977293
GSE263733	EPHX1	Endothelial	Fibroblast/CAF	5.045352234221134	0.6207462081991103	4	0.755	1000	Acinar;B/Plasma;Endothelial;Epithelial/Ductal;Fibroblast/CAF;Myeloid;T/NK	1027977293
GSE263733	ETFBKMT	Fibroblast/CAF	Endothelial	1.912085015250659	0.1206708347332184	11	0.636	1000	Acinar;B/Plasma;Endothelial;Epithelial/Ductal;Fibroblast/CAF;Myeloid;T/NK	1027977293
GSE263733	EZH1	Endothelial	T/NK	3.0842391099835997	0.2795272712455898	4	0.834	1000	Acinar;B/Plasma;Endothelial;Epithelial/Ductal;Fibroblast/CAF;Myeloid;T/NK	1027977293
GSE263733	EZH2	T/NK	B/Plasma	3.2946193263866923	0.10155320870872393	20	0.985	1000	Acinar;B/Plasma;Endothelial;Epithelial/Ductal;Fibroblast/CAF;Myeloid;T/NK	1027977293
GSE263733	FAAH	Epithelial/Ductal	Myeloid	2.50525264327589	0.3030178130245684	18	1.0	1000	Acinar;B/Plasma;Endothelial;Epithelial/Ductal;Fibroblast/CAF;Myeloid;T/NK	1027977293
GSE263733	FAHD1	Epithelial/Ductal	Endothelial	3.46428440846418	0.538454770890321	18	0.956	1000	Acinar;B/Plasma;Endothelial;Epithelial/Ductal;Fibroblast/CAF;Myeloid;T/NK	1027977293
GSE263733	FBL	T/NK	Epithelial/Ductal	4.6021846173411785	0.367036506965465	20	0.586	1000	Acinar;B/Plasma;Endothelial;Epithelial/Ductal;Fibroblast/CAF;Myeloid;T/NK	1027977293
GSE263733	FBLL1	Fibroblast/CAF	Epithelial/Ductal	0.36011374873273555	0.011905510720410883	11	0.496	1000	Epithelial/Ductal;Fibroblast/CAF;T/NK	1027977293
GSE263733	FMO1	Fibroblast/CAF	Endothelial	3.4557253245233595	0.2854670062834455	11	1.0	1000	B/Plasma;Endothelial;Epithelial/Ductal;Fibroblast/CAF;T/NK	1027977293
GSE263733	FMO3	Fibroblast/CAF	Endothelial	2.4473742034836565	0.12959821410829367	11	1.0	1000	Endothelial;Epithelial/Ductal;Fibroblast/CAF	1027977293
GSE263733	FTO	Fibroblast/CAF	Endothelial	2.970154342002519	0.31428627383039504	11	0.914	1000	Acinar;B/Plasma;Endothelial;Epithelial/Ductal;Fibroblast/CAF;Myeloid;T/NK	1027977293
GSE263733	FTSJ1	Fibroblast/CAF	B/Plasma	2.8600828540317376	0.27540357249398	11	0.511	1000	Acinar;B/Plasma;Endothelial;Epithelial/Ductal;Fibroblast/CAF;Myeloid;T/NK	1027977293
GSE263733	FTSJ3	Fibroblast/CAF	Endothelial	3.197060826610409	0.33297419280942275	11	0.551	1000	Acinar;B/Plasma;Endothelial;Epithelial/Ductal;Fibroblast/CAF;Myeloid;T/NK	1027977293
GSE263733	GAD1	Epithelial/Ductal	T/NK	0.822780352471084	0.05661475460803005	18	1.0	1000	Epithelial/Ductal;Myeloid;T/NK	1027977293
GSE263733	GAD2	T/NK	Epithelial/Ductal	0.3763550972711955	0.00041207419253019503	20	0.67	1000	Epithelial/Ductal;T/NK	1027977293
GSE263733	GADL1	Myeloid	NOT_EVALUABLE	0.03828765404188372	0.0005887202228665549	20	1.0	1000	Myeloid	1027977293
GSE263733	GAMT	Acinar	Fibroblast/CAF	4.729633292920798	0.5226520519452602	4	0.992	1000	Acinar;B/Plasma;Endothelial;Epithelial/Ductal;Fibroblast/CAF;Myeloid;T/NK	1027977293
GSE263733	GATM	Acinar	Epithelial/Ductal	6.368790990705788	0.5164259482365369	4	0.992	1000	Acinar;B/Plasma;Endothelial;Epithelial/Ductal;Fibroblast/CAF;Myeloid;T/NK	1027977293
GSE263733	GDPD2	Epithelial/Ductal	T/NK	0.6217809095576379	0.033144882145092196	18	1.0	1000	Epithelial/Ductal;T/NK	1027977293
GSE263733	GDPD3	Epithelial/Ductal	Endothelial	1.8882454092796317	0.16107552476582399	18	0.57	1000	B/Plasma;Endothelial;Epithelial/Ductal;Fibroblast/CAF;Myeloid;T/NK	1027977293
GSE263733	GDPD5	Endothelial	Acinar	2.379162925864775	0.15249954460039877	4	0.701	1000	Acinar;B/Plasma;Endothelial;Epithelial/Ductal;Fibroblast/CAF;Myeloid;T/NK	1027977293
GSE263733	GGCT	Epithelial/Ductal	Fibroblast/CAF	4.203064049737201	0.6173380227002498	18	0.919	1000	Acinar;B/Plasma;Endothelial;Epithelial/Ductal;Fibroblast/CAF;Myeloid;T/NK	1027977293
GSE263733	GGT1	Epithelial/Ductal	Myeloid	1.910849590753732	0.18228028469972968	18	0.983	1000	Acinar;B/Plasma;Epithelial/Ductal;Fibroblast/CAF;Myeloid;T/NK	1027977293
GSE263733	GGT5	Fibroblast/CAF	Endothelial	4.935502291139464	0.6265230217457798	11	1.0	1000	B/Plasma;Endothelial;Epithelial/Ductal;Fibroblast/CAF;Myeloid;T/NK	1027977293
GSE263733	GK	Myeloid	Epithelial/Ductal	4.720001938841082	0.5823320847338406	20	1.0	1000	Acinar;B/Plasma;Endothelial;Epithelial/Ductal;Fibroblast/CAF;Myeloid;T/NK	1027977293
GSE263733	GK2	NOT_EVALUABLE	NOT_EVALUABLE	NA	NA	0	NA	0		1027977293
GSE263733	GK3	NOT_EVALUABLE	NOT_EVALUABLE	NA	NA	0	NA	0		1027977293
GSE263733	GK5	T/NK	Epithelial/Ductal	3.433484004511283	0.1512608046720798	20	0.993	1000	Acinar;B/Plasma;Endothelial;Epithelial/Ductal;Fibroblast/CAF;Myeloid;T/NK	1027977293
GSE263733	GLUD1	Epithelial/Ductal	Myeloid	4.04390048594901	0.6630545076802311	18	0.7	1000	Acinar;B/Plasma;Endothelial;Epithelial/Ductal;Fibroblast/CAF;Myeloid;T/NK	1027977293
GSE263733	GLUD2	Endothelial	Epithelial/Ductal	1.0824734013176094	0.02904370877435185	4	0.989	1000	B/Plasma;Endothelial;Epithelial/Ductal;Fibroblast/CAF;Myeloid;T/NK	1027977293
GSE263733	GNMT	Acinar	Fibroblast/CAF	3.7624213032204947	0.39227775465078274	4	0.992	1000	Acinar;B/Plasma;Epithelial/Ductal;Fibroblast/CAF;Myeloid;T/NK	1027977293
GSE263733	GOT1	Epithelial/Ductal	Fibroblast/CAF	3.1593097492957236	0.41210966610314	18	0.938	1000	Acinar;B/Plasma;Endothelial;Epithelial/Ductal;Fibroblast/CAF;Myeloid;T/NK	1027977293
GSE263733	GOT1L1	NOT_EVALUABLE	NOT_EVALUABLE	NA	NA	0	NA	0		1027977293
GSE263733	GOT2	Epithelial/Ductal	Endothelial	3.3203495436514987	0.4762218702146687	18	0.923	1000	Acinar;B/Plasma;Endothelial;Epithelial/Ductal;Fibroblast/CAF;Myeloid;T/NK	1027977293
GSE263733	GPCPD1	Myeloid	T/NK	4.993338294791462	0.676141285388812	20	1.0	1000	Acinar;B/Plasma;Endothelial;Epithelial/Ductal;Fibroblast/CAF;Myeloid;T/NK	1027977293
GSE263733	GPT	Epithelial/Ductal	Acinar	1.5237316946398782	0.14108845148304208	18	0.841	1000	Acinar;Epithelial/Ductal;Fibroblast/CAF;Myeloid;T/NK	1027977293
GSE263733	GPT2	Acinar	Epithelial/Ductal	3.5262563113996945	0.2933362450255093	4	0.992	1000	Acinar;B/Plasma;Endothelial;Epithelial/Ductal;Fibroblast/CAF;Myeloid;T/NK	1027977293
GSE263733	HAO1	Epithelial/Ductal	NOT_EVALUABLE	0.01847356581210978	0.0006849371183734166	18	1.0	1000	Epithelial/Ductal	1027977293
GSE263733	HAO2	NOT_EVALUABLE	NOT_EVALUABLE	NA	NA	0	NA	0		1027977293
GSE263733	HDAC10	T/NK	Endothelial	3.1212181260727334	0.11475513238397565	20	0.955	1000	Acinar;B/Plasma;Endothelial;Epithelial/Ductal;Fibroblast/CAF;Myeloid;T/NK	1027977293
GSE263733	HEMK1	T/NK	Endothelial	2.387146119617552	0.05554544672678578	20	0.896	1000	Acinar;B/Plasma;Endothelial;Epithelial/Ductal;Fibroblast/CAF;Myeloid;T/NK	1027977293
GSE263733	HEMK2	Endothelial	Epithelial/Ductal	2.12602476340186	0.08984734526000918	4	0.55	1000	Acinar;B/Plasma;Endothelial;Epithelial/Ductal;Fibroblast/CAF;Myeloid;T/NK	1027977293
GSE263733	HENMT1	T/NK	Epithelial/Ductal	3.1029586874124306	0.10989805303271485	20	1.0	1000	Acinar;B/Plasma;Endothelial;Epithelial/Ductal;Fibroblast/CAF;Myeloid;T/NK	1027977293
GSE263733	HIF1AN	T/NK	Fibroblast/CAF	2.701461204172216	0.07338474325901381	20	0.31	1000	Acinar;B/Plasma;Endothelial;Epithelial/Ductal;Fibroblast/CAF;Myeloid;T/NK	1027977293
GSE263733	HNMT	Myeloid	Epithelial/Ductal	4.644401135251507	0.5671746557666716	20	0.999	1000	Acinar;B/Plasma;Endothelial;Epithelial/Ductal;Fibroblast/CAF;Myeloid;T/NK	1027977293
GSE263733	HOGA1	Epithelial/Ductal	Fibroblast/CAF	0.698596558126085	0.039400877095859835	18	0.975	1000	Epithelial/Ductal;Fibroblast/CAF;Myeloid;T/NK	1027977293
GSE263733	HPD	Fibroblast/CAF	Epithelial/Ductal	0.5763833190711478	0.027434782888929855	11	0.951	1000	Epithelial/Ductal;Fibroblast/CAF;Myeloid	1027977293
GSE263733	HR	Epithelial/Ductal	Fibroblast/CAF	1.6932443349149326	0.12697779179219282	18	0.999	1000	Epithelial/Ductal;Fibroblast/CAF;Myeloid;T/NK	1027977293
GSE263733	ICMT	Epithelial/Ductal	Fibroblast/CAF	3.5068339268511073	0.5062371939653206	18	0.318	1000	Acinar;B/Plasma;Endothelial;Epithelial/Ductal;Fibroblast/CAF;Myeloid;T/NK	1027977293
GSE263733	IDH1	Epithelial/Ductal	Myeloid	3.9640891957773405	0.5949849440734968	18	0.907	1000	Acinar;B/Plasma;Endothelial;Epithelial/Ductal;Fibroblast/CAF;Myeloid;T/NK	1027977293
GSE263733	IDH2	T/NK	B/Plasma	4.530433291866456	0.3237553383394326	20	0.852	1000	Acinar;B/Plasma;Endothelial;Epithelial/Ductal;Fibroblast/CAF;Myeloid;T/NK	1027977293
GSE263733	IDH3A	Endothelial	Myeloid	3.0468179390824557	0.23542181987267985	4	0.708	1000	Acinar;B/Plasma;Endothelial;Epithelial/Ductal;Fibroblast/CAF;Myeloid;T/NK	1027977293
GSE263733	IDO1	Myeloid	Epithelial/Ductal	1.5358912841235106	0.031630751689669376	20	0.832	1000	B/Plasma;Epithelial/Ductal;Fibroblast/CAF;Myeloid;T/NK	1027977293
GSE263733	IDO2	Myeloid	T/NK	0.33043214647556335	0.00515206131071641	20	0.937	1000	B/Plasma;Myeloid;T/NK	1027977293
GSE263733	IL4I1	Myeloid	T/NK	4.13593805578139	0.2859605947021883	20	1.0	1000	Acinar;B/Plasma;Endothelial;Epithelial/Ductal;Fibroblast/CAF;Myeloid;T/NK	1027977293
GSE263733	IMPA1	T/NK	Epithelial/Ductal	2.9212487474385442	0.0899979229862636	20	0.634	1000	Acinar;B/Plasma;Endothelial;Epithelial/Ductal;Fibroblast/CAF;Myeloid;T/NK	1027977293
GSE263733	IMPA2	Acinar	Epithelial/Ductal	4.581220670587869	0.4559199299346517	4	0.992	1000	Acinar;B/Plasma;Endothelial;Epithelial/Ductal;Fibroblast/CAF;Myeloid;T/NK	1027977293
GSE263733	INMT	Fibroblast/CAF	Endothelial	3.99921389289581	0.3738986475067625	11	0.898	1000	Endothelial;Epithelial/Ductal;Fibroblast/CAF;Myeloid;T/NK	1027977293
GSE263733	JMJD4	Epithelial/Ductal	Fibroblast/CAF	2.578138082013288	0.31549143563692983	18	0.763	1000	Acinar;B/Plasma;Endothelial;Epithelial/Ductal;Fibroblast/CAF;Myeloid;T/NK	1027977293
GSE263733	JMJD6	T/NK	Myeloid	4.719431761728943	0.37591335032740225	20	1.0	1000	Acinar;B/Plasma;Endothelial;Epithelial/Ductal;Fibroblast/CAF;Myeloid;T/NK	1027977293
GSE263733	JMJD7	Epithelial/Ductal	T/NK	0.04538770607599276	0.001994592906974806	18	0.562	1000	Epithelial/Ductal;T/NK	1027977293
GSE263733	KDM1A	Endothelial	Epithelial/Ductal	3.251653318401187	0.26440740527688295	4	0.653	1000	Acinar;B/Plasma;Endothelial;Epithelial/Ductal;Fibroblast/CAF;Myeloid;T/NK	1027977293
GSE263733	KDM2A	T/NK	Epithelial/Ductal	4.391842670998921	0.33141656303310574	20	0.984	1000	Acinar;B/Plasma;Endothelial;Epithelial/Ductal;Fibroblast/CAF;Myeloid;T/NK	1027977293
GSE263733	KDM2B	T/NK	B/Plasma	3.171969560815681	0.11910595845139046	20	0.913	1000	Acinar;B/Plasma;Endothelial;Epithelial/Ductal;Fibroblast/CAF;Myeloid;T/NK	1027977293
GSE263733	KDM3A	Epithelial/Ductal	T/NK	3.4804959515719402	0.5444412761368594	18	0.593	1000	Acinar;B/Plasma;Endothelial;Epithelial/Ductal;Fibroblast/CAF;Myeloid;T/NK	1027977293
GSE263733	KDM3B	Epithelial/Ductal	Myeloid	3.200739801810191	0.479755159348826	18	0.966	1000	Acinar;B/Plasma;Endothelial;Epithelial/Ductal;Fibroblast/CAF;Myeloid;T/NK	1027977293
GSE263733	KDM4A	Epithelial/Ductal	Endothelial	2.8118873744503237	0.37257375918622615	18	0.546	1000	Acinar;B/Plasma;Endothelial;Epithelial/Ductal;Fibroblast/CAF;Myeloid;T/NK	1027977293
GSE263733	KDM4B	B/Plasma	Myeloid	4.015253483725574	0.3659846958825586	17	0.999	1000	Acinar;B/Plasma;Endothelial;Epithelial/Ductal;Fibroblast/CAF;Myeloid;T/NK	1027977293
GSE263733	KDM4C	T/NK	B/Plasma	2.8684220528349	0.09112377918779513	20	0.828	1000	Acinar;B/Plasma;Endothelial;Epithelial/Ductal;Fibroblast/CAF;Myeloid;T/NK	1027977293
GSE263733	KDM4D	Acinar	Fibroblast/CAF	0.9096478819936515	0.03835340973428865	4	0.622	1000	Acinar;B/Plasma;Epithelial/Ductal;Fibroblast/CAF;Myeloid;T/NK	1027977293
GSE263733	KDM4E	NOT_EVALUABLE	NOT_EVALUABLE	NA	NA	0	NA	0		1027977293
GSE263733	KDM4F	NOT_EVALUABLE	NOT_EVALUABLE	NA	NA	0	NA	0		1027977293
GSE263733	KDM5A	T/NK	Endothelial	4.593467654875802	0.3851227538260792	20	0.846	1000	Acinar;B/Plasma;Endothelial;Epithelial/Ductal;Fibroblast/CAF;Myeloid;T/NK	1027977293
GSE263733	KDM5B	Epithelial/Ductal	Fibroblast/CAF	4.0278508858632325	0.677123424230701	18	0.852	1000	Acinar;B/Plasma;Endothelial;Epithelial/Ductal;Fibroblast/CAF;Myeloid;T/NK	1027977293
GSE263733	KDM5C	T/NK	Epithelial/Ductal	3.269812251946	0.12659618604335182	20	0.777	1000	Acinar;B/Plasma;Endothelial;Epithelial/Ductal;Fibroblast/CAF;Myeloid;T/NK	1027977293
GSE263733	KDM5D	Endothelial	Fibroblast/CAF	2.1905036674938922	0.16324397913790456	4	0.86	1000	B/Plasma;Endothelial;Epithelial/Ductal;Fibroblast/CAF;Myeloid;T/NK	1027977293
GSE263733	KDM6A	T/NK	Myeloid	3.075976022415115	0.10570604963949552	20	0.963	1000	Acinar;B/Plasma;Endothelial;Epithelial/Ductal;Fibroblast/CAF;Myeloid;T/NK	1027977293
GSE263733	KDM6B	Myeloid	B/Plasma	5.6861757972681195	0.7803073670415935	20	0.999	1000	Acinar;B/Plasma;Endothelial;Epithelial/Ductal;Fibroblast/CAF;Myeloid;T/NK	1027977293
GSE263733	KDM7A	Myeloid	T/NK	3.453199974793171	0.3024087406480993	20	0.996	1000	Acinar;B/Plasma;Endothelial;Epithelial/Ductal;Fibroblast/CAF;Myeloid;T/NK	1027977293
GSE263733	KDM8	T/NK	Endothelial	0.9083371126590292	0.009150941783716855	20	0.893	1000	Acinar;B/Plasma;Endothelial;Epithelial/Ductal;Fibroblast/CAF;Myeloid;T/NK	1027977293
GSE263733	KMT2A	T/NK	Epithelial/Ductal	4.900440151871338	0.4686408001378298	20	0.998	1000	Acinar;B/Plasma;Endothelial;Epithelial/Ductal;Fibroblast/CAF;Myeloid;T/NK	1027977293
GSE263733	KMT2B	T/NK	Epithelial/Ductal	3.6965585319507532	0.2006804142511122	20	0.941	1000	Acinar;B/Plasma;Endothelial;Epithelial/Ductal;Fibroblast/CAF;Myeloid;T/NK	1027977293
GSE263733	KMT2C	Myeloid	T/NK	4.4351127658257425	0.5883605521001787	20	0.913	1000	Acinar;B/Plasma;Endothelial;Epithelial/Ductal;Fibroblast/CAF;Myeloid;T/NK	1027977293
GSE263733	KMT2D	T/NK	Endothelial	3.207338943903668	0.13104576557418854	20	1.0	1000	Acinar;B/Plasma;Endothelial;Epithelial/Ductal;Fibroblast/CAF;Myeloid;T/NK	1027977293
GSE263733	KMT5A	Epithelial/Ductal	Endothelial	3.387129401704956	0.49167120371969175	18	0.405	1000	Acinar;B/Plasma;Endothelial;Epithelial/Ductal;Fibroblast/CAF;Myeloid;T/NK	1027977293
GSE263733	KMT5B	Endothelial	Epithelial/Ductal	3.8816493448373386	0.3970946703865623	4	0.978	1000	Acinar;B/Plasma;Endothelial;Epithelial/Ductal;Fibroblast/CAF;Myeloid;T/NK	1027977293
GSE263733	KMT5C	Epithelial/Ductal	T/NK	2.9951867981286195	0.39001962613327223	18	0.992	1000	Acinar;B/Plasma;Endothelial;Epithelial/Ductal;Fibroblast/CAF;Myeloid;T/NK	1027977293
GSE263733	KYAT1	Endothelial	Epithelial/Ductal	1.5220766144614923	0.059675324052768805	4	0.594	1000	B/Plasma;Endothelial;Epithelial/Ductal;Fibroblast/CAF;Myeloid;T/NK	1027977293
GSE263733	KYAT3	Fibroblast/CAF	T/NK	2.9192963909211938	0.2905091470417411	11	0.511	1000	Acinar;B/Plasma;Endothelial;Epithelial/Ductal;Fibroblast/CAF;Myeloid;T/NK	1027977293
GSE263733	L2HGDH	Epithelial/Ductal	T/NK	1.8134053282862235	0.1660099188736254	18	1.0	1000	Acinar;B/Plasma;Epithelial/Ductal;Fibroblast/CAF;Myeloid;T/NK	1027977293
GSE263733	LACC1	Myeloid	Fibroblast/CAF	3.361496569569982	0.2541534535571264	20	1.0	1000	Acinar;B/Plasma;Endothelial;Epithelial/Ductal;Fibroblast/CAF;Myeloid;T/NK	1027977293
GSE263733	LARS1	Endothelial	Epithelial/Ductal	4.166801465862029	0.4953399438180702	4	0.793	1000	Acinar;B/Plasma;Endothelial;Epithelial/Ductal;Fibroblast/CAF;Myeloid;T/NK	1027977293
GSE263733	LARS2	Fibroblast/CAF	T/NK	1.7767143219363781	0.09675276467818093	11	0.683	1000	B/Plasma;Endothelial;Epithelial/Ductal;Fibroblast/CAF;Myeloid;T/NK	1027977293
GSE263733	LCMT1	T/NK	Epithelial/Ductal	3.389445025537969	0.1411902469902724	20	0.248	1000	Acinar;B/Plasma;Endothelial;Epithelial/Ductal;Fibroblast/CAF;Myeloid;T/NK	1027977293
GSE263733	LCMT2	Endothelial	Fibroblast/CAF	1.6198814084132052	0.060238581454210724	4	0.59	1000	Acinar;B/Plasma;Endothelial;Epithelial/Ductal;Fibroblast/CAF;Myeloid;T/NK	1027977293
GSE263733	LDHA	Epithelial/Ductal	Fibroblast/CAF	6.648666680024652	0.9000190676342128	18	0.883	1000	Acinar;B/Plasma;Endothelial;Epithelial/Ductal;Fibroblast/CAF;Myeloid;T/NK	1027977293
GSE263733	LDHAL6A	B/Plasma	T/NK	0.1939067334517194	0.003597364871874671	17	0.62	1000	B/Plasma;Epithelial/Ductal;Myeloid;T/NK	1027977293
GSE263733	LDHAL6B	Myeloid	Epithelial/Ductal	0.07573611959344737	0.0019007250487438451	20	0.844	1000	Epithelial/Ductal;Myeloid	1027977293
GSE263733	LDHB	T/NK	Fibroblast/CAF	5.985568761834233	0.6654509925327139	20	1.0	1000	Acinar;B/Plasma;Endothelial;Epithelial/Ductal;Fibroblast/CAF;Myeloid;T/NK	1027977293
GSE263733	LDHC	Epithelial/Ductal	T/NK	0.3940499455543457	0.019319374102664245	18	0.876	1000	B/Plasma;Epithelial/Ductal;Fibroblast/CAF;Myeloid;T/NK	1027977293
GSE263733	LDHD	Epithelial/Ductal	Myeloid	1.4307593034859807	0.11739646029140023	18	0.805	1000	Acinar;B/Plasma;Endothelial;Epithelial/Ductal;Fibroblast/CAF;Myeloid;T/NK	1027977293
GSE263733	LIPA	Myeloid	Endothelial	5.3198119376103765	0.5482073856311372	20	1.0	1000	Acinar;B/Plasma;Endothelial;Epithelial/Ductal;Fibroblast/CAF;Myeloid;T/NK	1027977293
GSE263733	LIPC	T/NK	Fibroblast/CAF	0.7055409458421953	0.006465028055438045	20	0.477	1000	Acinar;Epithelial/Ductal;Fibroblast/CAF;Myeloid;T/NK	1027977293
GSE263733	LIPE	Endothelial	T/NK	2.5993656762226633	0.16997310745513114	4	0.989	1000	B/Plasma;Endothelial;Epithelial/Ductal;Fibroblast/CAF;Myeloid;T/NK	1027977293
GSE263733	LRRC8A	Endothelial	Epithelial/Ductal	4.301280992047134	0.449659768561129	4	0.875	1000	Acinar;B/Plasma;Endothelial;Epithelial/Ductal;Fibroblast/CAF;Myeloid;T/NK	1027977293
GSE263733	LRRC8B	Epithelial/Ductal	Endothelial	2.5836667233881623	0.3134285766088098	18	0.894	1000	Acinar;B/Plasma;Endothelial;Epithelial/Ductal;Fibroblast/CAF;Myeloid;T/NK	1027977293
GSE263733	LRRC8C	Endothelial	T/NK	4.004392572468742	0.40158455092805645	4	0.963	1000	Acinar;B/Plasma;Endothelial;Epithelial/Ductal;Fibroblast/CAF;Myeloid;T/NK	1027977293
GSE263733	LRRC8D	Myeloid	T/NK	2.628499892899822	0.15896312401120521	20	0.987	1000	Acinar;B/Plasma;Endothelial;Epithelial/Ductal;Fibroblast/CAF;Myeloid;T/NK	1027977293
GSE263733	LRRC8E	Epithelial/Ductal	Fibroblast/CAF	1.862495361481398	0.1671741832631877	18	1.0	1000	Acinar;Epithelial/Ductal;Fibroblast/CAF;Myeloid;T/NK	1027977293
GSE263733	LYPLA1	Epithelial/Ductal	Endothelial	4.727830663833717	0.7647592435657874	18	0.999	1000	Acinar;B/Plasma;Endothelial;Epithelial/Ductal;Fibroblast/CAF;Myeloid;T/NK	1027977293
GSE263733	LYPLA2	Epithelial/Ductal	T/NK	3.7300500204817033	0.5938458774258698	18	0.818	1000	Acinar;B/Plasma;Endothelial;Epithelial/Ductal;Fibroblast/CAF;Myeloid;T/NK	1027977293
GSE263733	MBLAC2	Fibroblast/CAF	Endothelial	1.6942889405849066	0.09884084346146625	11	0.582	1000	Acinar;B/Plasma;Endothelial;Epithelial/Ductal;Fibroblast/CAF;Myeloid;T/NK	1027977293
GSE263733	MDH1	Fibroblast/CAF	Epithelial/Ductal	4.736144620280085	0.6427103383605739	11	0.851	1000	Acinar;B/Plasma;Endothelial;Epithelial/Ductal;Fibroblast/CAF;Myeloid;T/NK	1027977293
GSE263733	ME1	Myeloid	Fibroblast/CAF	2.064192292379789	0.08593892608535533	20	0.986	1000	Epithelial/Ductal;Fibroblast/CAF;Myeloid;T/NK	1027977293
GSE263733	ME2	Myeloid	T/NK	4.155999908239638	0.45346510559020337	20	1.0	1000	Acinar;B/Plasma;Endothelial;Epithelial/Ductal;Fibroblast/CAF;Myeloid;T/NK	1027977293
GSE263733	ME3	Endothelial	Fibroblast/CAF	2.4482733945647075	0.1538855173339469	4	0.49	1000	Acinar;Endothelial;Epithelial/Ductal;Fibroblast/CAF;Myeloid;T/NK	1027977293
GSE263733	MECOM	Endothelial	Epithelial/Ductal	4.361002842508503	0.4491366582297898	4	0.953	1000	Acinar;B/Plasma;Endothelial;Epithelial/Ductal;Fibroblast/CAF;Myeloid;T/NK	1027977293
GSE263733	MEPCE	B/Plasma	T/NK	3.58710852145996	0.282848996402941	17	0.954	1000	Acinar;B/Plasma;Endothelial;Epithelial/Ductal;Fibroblast/CAF;Myeloid;T/NK	1027977293
GSE263733	METTL1	Fibroblast/CAF	Endothelial	2.4582339539403537	0.2265533771427479	11	0.691	1000	Acinar;B/Plasma;Endothelial;Epithelial/Ductal;Fibroblast/CAF;Myeloid;T/NK	1027977293
GSE263733	METTL13	Epithelial/Ductal	Fibroblast/CAF	2.7849189054729617	0.3766231914690678	18	0.876	1000	Acinar;B/Plasma;Endothelial;Epithelial/Ductal;Fibroblast/CAF;Myeloid;T/NK	1027977293
GSE263733	METTL15	T/NK	Epithelial/Ductal	3.250519911309987	0.12676724719485094	20	0.672	1000	Acinar;B/Plasma;Endothelial;Epithelial/Ductal;Fibroblast/CAF;Myeloid;T/NK	1027977293
GSE263733	METTL16	T/NK	B/Plasma	3.205026966829313	0.12156997619389794	20	1.0	1000	Acinar;B/Plasma;Endothelial;Epithelial/Ductal;Fibroblast/CAF;Myeloid;T/NK	1027977293
GSE263733	METTL18	T/NK	Epithelial/Ductal	2.3035183956821426	0.05053148967171918	20	0.674	1000	Acinar;B/Plasma;Endothelial;Epithelial/Ductal;Fibroblast/CAF;Myeloid;T/NK	1027977293
GSE263733	METTL21A	B/Plasma	Myeloid	3.2299439136128685	0.2180658269451915	17	0.949	1000	Acinar;B/Plasma;Endothelial;Epithelial/Ductal;Fibroblast/CAF;Myeloid;T/NK	1027977293
GSE263733	METTL21C	NOT_EVALUABLE	NOT_EVALUABLE	NA	NA	0	NA	0		1027977293
GSE263733	METTL22	Myeloid	Fibroblast/CAF	2.7186014619781558	0.1546661685254971	20	1.0	1000	Acinar;B/Plasma;Endothelial;Epithelial/Ductal;Fibroblast/CAF;Myeloid;T/NK	1027977293
GSE263733	METTL23	T/NK	Epithelial/Ductal	3.887088158796628	0.2123571907374861	20	0.995	1000	Acinar;B/Plasma;Endothelial;Epithelial/Ductal;Fibroblast/CAF;Myeloid;T/NK	1027977293
GSE263733	METTL2A	Epithelial/Ductal	Fibroblast/CAF	2.9647823041929295	0.42640295909416503	18	1.0	1000	Acinar;B/Plasma;Endothelial;Epithelial/Ductal;Fibroblast/CAF;Myeloid;T/NK	1027977293
GSE263733	METTL2B	Epithelial/Ductal	Endothelial	2.9530073818718177	0.42613370893594316	18	0.794	1000	Acinar;B/Plasma;Endothelial;Epithelial/Ductal;Fibroblast/CAF;Myeloid;T/NK	1027977293
GSE263733	METTL3	Endothelial	Fibroblast/CAF	2.7265571411073912	0.17720437375364317	4	0.661	1000	Acinar;B/Plasma;Endothelial;Epithelial/Ductal;Fibroblast/CAF;Myeloid;T/NK	1027977293
GSE263733	METTL4	T/NK	Endothelial	2.952869627901138	0.09407678058207593	20	0.977	1000	Acinar;B/Plasma;Endothelial;Epithelial/Ductal;Fibroblast/CAF;Myeloid;T/NK	1027977293
GSE263733	METTL5	Epithelial/Ductal	T/NK	4.531967684803577	0.7428341891276687	18	1.0	1000	Acinar;B/Plasma;Endothelial;Epithelial/Ductal;Fibroblast/CAF;Myeloid;T/NK	1027977293
GSE263733	METTL6	Fibroblast/CAF	Myeloid	2.213168874638402	0.18198789175680774	11	0.564	1000	B/Plasma;Endothelial;Epithelial/Ductal;Fibroblast/CAF;Myeloid;T/NK	1027977293
GSE263733	METTL8	B/Plasma	T/NK	2.9026185177922312	0.15215717179523836	17	0.761	1000	Acinar;B/Plasma;Endothelial;Epithelial/Ductal;Fibroblast/CAF;Myeloid;T/NK	1027977293
GSE263733	METTL9	Endothelial	Myeloid	4.794298987501635	0.5869471688525847	4	0.818	1000	Acinar;B/Plasma;Endothelial;Epithelial/Ductal;Fibroblast/CAF;Myeloid;T/NK	1027977293
GSE263733	MGLL	Endothelial	Epithelial/Ductal	5.574027556396067	0.6630114856573094	4	0.928	1000	Acinar;B/Plasma;Endothelial;Epithelial/Ductal;Fibroblast/CAF;Myeloid;T/NK	1027977293
GSE263733	MOGAT1	Epithelial/Ductal	Myeloid	0.8169824074056993	0.053656946980679056	18	0.522	1000	Epithelial/Ductal;Myeloid;T/NK	1027977293
GSE263733	MOGAT2	Epithelial/Ductal	T/NK	0.7395883654024848	0.03871748081234895	18	1.0	1000	Epithelial/Ductal;T/NK	1027977293
GSE263733	MOGAT3	Epithelial/Ductal	Fibroblast/CAF	0.8167956351679035	0.06079789520810533	18	1.0	1000	Epithelial/Ductal;Fibroblast/CAF;Myeloid;T/NK	1027977293
GSE263733	MPC1	Myeloid	T/NK	4.107907933196246	0.4433773273255345	20	0.93	1000	Acinar;B/Plasma;Endothelial;Epithelial/Ductal;Fibroblast/CAF;Myeloid;T/NK	1027977293
GSE263733	MPC1L	NOT_EVALUABLE	NOT_EVALUABLE	NA	NA	0	NA	0		1027977293
GSE263733	MPC2	Epithelial/Ductal	T/NK	4.984766943435538	0.7832726950966302	18	1.0	1000	Acinar;B/Plasma;Endothelial;Epithelial/Ductal;Fibroblast/CAF;Myeloid;T/NK	1027977293
GSE263733	MPST	Epithelial/Ductal	Fibroblast/CAF	4.517645003983796	0.7003926024721764	18	0.998	1000	Acinar;B/Plasma;Endothelial;Epithelial/Ductal;Fibroblast/CAF;Myeloid;T/NK	1027977293
GSE263733	MRM1	Epithelial/Ductal	Endothelial	1.3496187764396799	0.09763919581432416	18	0.73	1000	Acinar;B/Plasma;Endothelial;Epithelial/Ductal;Fibroblast/CAF;Myeloid;T/NK	1027977293
GSE263733	MRM2	Fibroblast/CAF	Epithelial/Ductal	2.954421045108509	0.2900465836869087	11	0.538	1000	Acinar;B/Plasma;Endothelial;Epithelial/Ductal;Fibroblast/CAF;Myeloid;T/NK	1027977293
GSE263733	MRM3	T/NK	Endothelial	2.640875845594894	0.06955091408775604	20	0.553	1000	Acinar;B/Plasma;Endothelial;Epithelial/Ductal;Fibroblast/CAF;Myeloid;T/NK	1027977293
GSE263733	MTO1	B/Plasma	Endothelial	2.783769709033283	0.12926350219670257	17	0.467	1000	Acinar;B/Plasma;Endothelial;Epithelial/Ductal;Fibroblast/CAF;Myeloid;T/NK	1027977293
GSE263733	MTRR	T/NK	Fibroblast/CAF	2.4193282626256325	0.053316000483602945	20	0.616	1000	Acinar;B/Plasma;Endothelial;Epithelial/Ductal;Fibroblast/CAF;Myeloid;T/NK	1027977293
GSE263733	NAAA	Myeloid	T/NK	3.982594798835394	0.4152678653779397	20	1.0	1000	Acinar;B/Plasma;Endothelial;Epithelial/Ductal;Fibroblast/CAF;Myeloid;T/NK	1027977293
GSE263733	NDUFAF7	T/NK	Fibroblast/CAF	2.6239628413234013	0.06997085745713971	20	0.675	1000	Acinar;B/Plasma;Endothelial;Epithelial/Ductal;Fibroblast/CAF;Myeloid;T/NK	1027977293
GSE263733	NIT1	Epithelial/Ductal	Fibroblast/CAF	3.2292261348075266	0.478343176749247	18	0.993	1000	Acinar;B/Plasma;Endothelial;Epithelial/Ductal;Fibroblast/CAF;Myeloid;T/NK	1027977293
GSE263733	NIT2	Fibroblast/CAF	Epithelial/Ductal	3.7446400359721053	0.4466130260225688	11	0.519	1000	Acinar;B/Plasma;Endothelial;Epithelial/Ductal;Fibroblast/CAF;Myeloid;T/NK	1027977293
GSE263733	NNMT	Fibroblast/CAF	Endothelial	6.555842179260074	0.8248294177936629	11	1.0	1000	Acinar;B/Plasma;Endothelial;Epithelial/Ductal;Fibroblast/CAF;Myeloid;T/NK	1027977293
GSE263733	NOP2	T/NK	Epithelial/Ductal	2.830395722781185	0.08064126290329503	20	0.969	1000	Acinar;B/Plasma;Endothelial;Epithelial/Ductal;Fibroblast/CAF;Myeloid;T/NK	1027977293
GSE263733	NPL	Myeloid	T/NK	4.499880308314397	0.4626071306542644	20	1.0	1000	Acinar;B/Plasma;Epithelial/Ductal;Fibroblast/CAF;Myeloid;T/NK	1027977293
GSE263733	NSD1	T/NK	Endothelial	4.073215234014336	0.26312731185266114	20	0.937	1000	Acinar;B/Plasma;Endothelial;Epithelial/Ductal;Fibroblast/CAF;Myeloid;T/NK	1027977293
GSE263733	NSD2	Epithelial/Ductal	T/NK	3.1640415922862815	0.4105950156966716	18	1.0	1000	Acinar;B/Plasma;Endothelial;Epithelial/Ductal;Fibroblast/CAF;Myeloid;T/NK	1027977293
GSE263733	NSD3	T/NK	B/Plasma	5.296440705362571	0.5800335519980424	20	1.0	1000	Acinar;B/Plasma;Endothelial;Epithelial/Ductal;Fibroblast/CAF;Myeloid;T/NK	1027977293
GSE263733	NSUN2	Epithelial/Ductal	T/NK	3.0627012695317877	0.4392127609472689	18	0.852	1000	Acinar;B/Plasma;Endothelial;Epithelial/Ductal;Fibroblast/CAF;Myeloid;T/NK	1027977293
GSE263733	NSUN3	T/NK	Epithelial/Ductal	2.3898932820024745	0.05614070230376289	20	0.995	1000	Acinar;B/Plasma;Endothelial;Epithelial/Ductal;Fibroblast/CAF;Myeloid;T/NK	1027977293
GSE263733	NSUN4	Epithelial/Ductal	Endothelial	2.5653326184876875	0.3323069420393661	18	0.527	1000	Acinar;B/Plasma;Endothelial;Epithelial/Ductal;Fibroblast/CAF;Myeloid;T/NK	1027977293
GSE263733	NSUN5	Epithelial/Ductal	T/NK	3.2634869777659072	0.48325913786380564	18	0.938	1000	Acinar;B/Plasma;Endothelial;Epithelial/Ductal;Fibroblast/CAF;Myeloid;T/NK	1027977293
GSE263733	NSUN6	Endothelial	T/NK	3.502831092128164	0.2751098951142813	4	0.915	1000	Acinar;B/Plasma;Endothelial;Epithelial/Ductal;Fibroblast/CAF;Myeloid;T/NK	1027977293
GSE263733	NT5C	Epithelial/Ductal	Fibroblast/CAF	4.441256993244294	0.7331728340394252	18	0.99	1000	Acinar;B/Plasma;Endothelial;Epithelial/Ductal;Fibroblast/CAF;Myeloid;T/NK	1027977293
GSE263733	NT5C1A	NOT_EVALUABLE	NOT_EVALUABLE	NA	NA	0	NA	0		1027977293
GSE263733	NT5C2	Epithelial/Ductal	Myeloid	3.559270616043999	0.5485466256966477	18	0.925	1000	Acinar;B/Plasma;Endothelial;Epithelial/Ductal;Fibroblast/CAF;Myeloid;T/NK	1027977293
GSE263733	NT5E	Epithelial/Ductal	Fibroblast/CAF	3.492406839937079	0.4603474862972413	18	0.899	1000	Acinar;B/Plasma;Endothelial;Epithelial/Ductal;Fibroblast/CAF;Myeloid;T/NK	1027977293
GSE263733	NT5M	Endothelial	Fibroblast/CAF	1.3140203287725498	0.0393734899907961	4	0.844	1000	B/Plasma;Endothelial;Epithelial/Ductal;Fibroblast/CAF;Myeloid;T/NK	1027977293
GSE263733	NTMT1	Fibroblast/CAF	Epithelial/Ductal	3.856195492229366	0.4899635914542666	11	0.839	1000	Acinar;B/Plasma;Endothelial;Epithelial/Ductal;Fibroblast/CAF;Myeloid;T/NK	1027977293
GSE263733	NTMT2	Fibroblast/CAF	NOT_EVALUABLE	0.23118057722043603	0.007711132337253954	11	1.0	1000	Fibroblast/CAF	1027977293
GSE263733	OAT	Fibroblast/CAF	T/NK	4.2007798310384095	0.5703221221965007	11	1.0	1000	Acinar;B/Plasma;Endothelial;Epithelial/Ductal;Fibroblast/CAF;Myeloid;T/NK	1027977293
GSE263733	ODC1	B/Plasma	Epithelial/Ductal	5.025247185549776	0.5717027341135547	17	0.886	1000	Acinar;B/Plasma;Endothelial;Epithelial/Ductal;Fibroblast/CAF;Myeloid;T/NK	1027977293
GSE263733	OGDH	Myeloid	T/NK	3.5128497991005525	0.32356908060719924	20	0.68	1000	Acinar;B/Plasma;Endothelial;Epithelial/Ductal;Fibroblast/CAF;Myeloid;T/NK	1027977293
GSE263733	OGDHL	Fibroblast/CAF	Epithelial/Ductal	0.5434128884117736	0.03429356633584297	11	0.982	1000	Epithelial/Ductal;Fibroblast/CAF;T/NK	1027977293
GSE263733	OGFOD1	Fibroblast/CAF	Endothelial	2.9226803047378307	0.27956239929401644	11	0.853	1000	Acinar;B/Plasma;Endothelial;Epithelial/Ductal;Fibroblast/CAF;Myeloid;T/NK	1027977293
GSE263733	OLAH	Epithelial/Ductal	T/NK	0.1753702059745752	0.008933836785545579	18	0.698	1000	Epithelial/Ductal;Myeloid;T/NK	1027977293
GSE263733	OTC	Endothelial	Epithelial/Ductal	0.9009132257265933	0.021603917395306	4	0.916	1000	Endothelial;Epithelial/Ductal;T/NK	1027977293
GSE263733	P3H1	Fibroblast/CAF	Endothelial	4.031383080684612	0.5060707107823791	11	0.999	1000	Acinar;B/Plasma;Endothelial;Epithelial/Ductal;Fibroblast/CAF;Myeloid;T/NK	1027977293
GSE263733	P3H2	Endothelial	Epithelial/Ductal	1.743239961350102	0.06594006461880655	4	0.565	1000	Endothelial;Epithelial/Ductal;Fibroblast/CAF;Myeloid;T/NK	1027977293
GSE263733	P3H3	Fibroblast/CAF	Endothelial	3.9819106473038626	0.5465475396521401	11	1.0	1000	Acinar;B/Plasma;Endothelial;Epithelial/Ductal;Fibroblast/CAF;Myeloid;T/NK	1027977293
GSE263733	P4HA1	Epithelial/Ductal	Fibroblast/CAF	4.328793914206099	0.6747390525142639	18	0.592	1000	Acinar;B/Plasma;Endothelial;Epithelial/Ductal;Fibroblast/CAF;Myeloid;T/NK	1027977293
GSE263733	P4HA2	Fibroblast/CAF	Epithelial/Ductal	4.419803559193622	0.6010895901957368	11	1.0	1000	Acinar;B/Plasma;Endothelial;Epithelial/Ductal;Fibroblast/CAF;Myeloid;T/NK	1027977293
GSE263733	P4HA3	Fibroblast/CAF	Endothelial	2.784059560488395	0.24436917825811885	11	1.0	1000	B/Plasma;Endothelial;Epithelial/Ductal;Fibroblast/CAF;Myeloid;T/NK	1027977293
GSE263733	P4HTM	Fibroblast/CAF	Epithelial/Ductal	3.5612899556903814	0.40702350510086094	11	0.518	1000	Acinar;B/Plasma;Endothelial;Epithelial/Ductal;Fibroblast/CAF;Myeloid;T/NK	1027977293
GSE263733	PAOX	B/Plasma	Myeloid	2.781042230595706	0.12384470862609266	17	0.996	1000	Acinar;B/Plasma;Endothelial;Epithelial/Ductal;Fibroblast/CAF;Myeloid;T/NK	1027977293
GSE263733	PC	Myeloid	Epithelial/Ductal	1.6658775616690022	0.05820599756326811	20	0.577	1000	B/Plasma;Endothelial;Epithelial/Ductal;Fibroblast/CAF;Myeloid;T/NK	1027977293
GSE263733	PCIF1	T/NK	B/Plasma	3.317820161570438	0.13567150505509445	20	1.0	1000	Acinar;B/Plasma;Endothelial;Epithelial/Ductal;Fibroblast/CAF;Myeloid;T/NK	1027977293
GSE263733	PCMT1	T/NK	Myeloid	4.371513297725686	0.32788656796116455	20	0.917	1000	Acinar;B/Plasma;Endothelial;Epithelial/Ductal;Fibroblast/CAF;Myeloid;T/NK	1027977293
GSE263733	PDHA1	Epithelial/Ductal	T/NK	3.7467447854395934	0.5831526372865903	18	0.774	1000	Acinar;B/Plasma;Endothelial;Epithelial/Ductal;Fibroblast/CAF;Myeloid;T/NK	1027977293
GSE263733	PDHA2	NOT_EVALUABLE	NOT_EVALUABLE	NA	NA	0	NA	0		1027977293
GSE263733	PDHB	Endothelial	Fibroblast/CAF	4.102029487659995	0.43443564005215524	4	0.773	1000	Acinar;B/Plasma;Endothelial;Epithelial/Ductal;Fibroblast/CAF;Myeloid;T/NK	1027977293
GSE263733	PEMT	Endothelial	Fibroblast/CAF	3.141458506892672	0.2301817284092652	4	0.979	1000	Acinar;B/Plasma;Endothelial;Epithelial/Ductal;Fibroblast/CAF;Myeloid;T/NK	1027977293
GSE263733	PEPD	Myeloid	Endothelial	4.323908779643426	0.46629130281090375	20	0.524	1000	Acinar;B/Plasma;Endothelial;Epithelial/Ductal;Fibroblast/CAF;Myeloid;T/NK	1027977293
GSE263733	PGP	T/NK	Epithelial/Ductal	4.138571664163155	0.2629149706910871	20	0.864	1000	Acinar;B/Plasma;Endothelial;Epithelial/Ductal;Fibroblast/CAF;Myeloid;T/NK	1027977293
GSE263733	PHF2	Endothelial	T/NK	2.571388501938991	0.16707173262770358	4	0.78	1000	Acinar;B/Plasma;Endothelial;Epithelial/Ductal;Fibroblast/CAF;Myeloid;T/NK	1027977293
GSE263733	PHF8	T/NK	Myeloid	2.7260856642067948	0.0787373291569001	20	1.0	1000	Acinar;B/Plasma;Endothelial;Epithelial/Ductal;Fibroblast/CAF;Myeloid;T/NK	1027977293
GSE263733	PHGDH	Fibroblast/CAF	B/Plasma	3.7969896696642746	0.3210367389386591	11	0.998	1000	Acinar;B/Plasma;Epithelial/Ductal;Fibroblast/CAF;Myeloid;T/NK	1027977293
GSE263733	PHYH	Fibroblast/CAF	Endothelial	3.557785622711917	0.4239633226618599	11	0.535	1000	Acinar;B/Plasma;Endothelial;Epithelial/Ductal;Fibroblast/CAF;Myeloid;T/NK	1027977293
GSE263733	PIPOX	Myeloid	T/NK	0.7239227690878653	0.016110667778525364	20	0.997	1000	B/Plasma;Epithelial/Ductal;Fibroblast/CAF;Myeloid;T/NK	1027977293
GSE263733	PKLR	NOT_EVALUABLE	NOT_EVALUABLE	NA	NA	0	NA	0		1027977293
GSE263733	PKM	Epithelial/Ductal	Myeloid	6.456536965284866	0.9264471928295066	18	0.993	1000	Acinar;B/Plasma;Endothelial;Epithelial/Ductal;Fibroblast/CAF;Myeloid;T/NK	1027977293
GSE263733	PLA2G15	Myeloid	Fibroblast/CAF	3.1501844969222916	0.21300081058973525	20	0.998	1000	B/Plasma;Endothelial;Epithelial/Ductal;Fibroblast/CAF;Myeloid;T/NK	1027977293
GSE263733	PLA2G4A	Myeloid	Fibroblast/CAF	1.9799656603685072	0.08206499065874903	20	0.303	1000	Endothelial;Epithelial/Ductal;Fibroblast/CAF;Myeloid;T/NK	1027977293
GSE263733	PLA2G4B	B/Plasma	Myeloid	0.34244881867751364	0.006782207492993342	17	0.92	1000	B/Plasma;Epithelial/Ductal;Myeloid;T/NK	1027977293
GSE263733	PLA2G4C	Endothelial	Fibroblast/CAF	2.656445899371638	0.1721530334407117	4	0.89	1000	Acinar;B/Plasma;Endothelial;Epithelial/Ductal;Fibroblast/CAF;Myeloid;T/NK	1027977293
GSE263733	PLA2G4E	Epithelial/Ductal	NOT_EVALUABLE	0.07259035983068289	0.0028113520081603834	18	1.0	1000	Epithelial/Ductal	1027977293
GSE263733	PLA2G4F	Epithelial/Ductal	NOT_EVALUABLE	0.7117594318342763	0.044035048164116575	18	1.0	1000	Epithelial/Ductal	1027977293
GSE263733	PLA2G6	T/NK	Endothelial	1.94297392693266	0.0349039128821164	20	0.832	1000	Acinar;B/Plasma;Endothelial;Epithelial/Ductal;Fibroblast/CAF;Myeloid;T/NK	1027977293
GSE263733	PLB1	Myeloid	Epithelial/Ductal	2.3101569505488024	0.1165801507816667	20	1.0	1000	B/Plasma;Epithelial/Ductal;Fibroblast/CAF;Myeloid;T/NK	1027977293
GSE263733	PLBD1	Myeloid	Epithelial/Ductal	4.967335934966427	0.6127285881794294	20	1.0	1000	Acinar;B/Plasma;Endothelial;Epithelial/Ductal;Fibroblast/CAF;Myeloid;T/NK	1027977293
GSE263733	PLD3	Myeloid	Fibroblast/CAF	5.377846532754186	0.532451979550479	20	0.982	1000	Acinar;B/Plasma;Endothelial;Epithelial/Ductal;Fibroblast/CAF;Myeloid;T/NK	1027977293
GSE263733	PLD4	Myeloid	B/Plasma	3.6398698428096146	0.19090249800901296	20	0.999	1000	B/Plasma;Epithelial/Ductal;Fibroblast/CAF;Myeloid;T/NK	1027977293
GSE263733	PLOD1	Fibroblast/CAF	Endothelial	4.111921461485931	0.5171003638922925	11	1.0	1000	Acinar;B/Plasma;Endothelial;Epithelial/Ductal;Fibroblast/CAF;Myeloid;T/NK	1027977293
GSE263733	PLOD2	Fibroblast/CAF	Epithelial/Ductal	4.895730451429307	0.6689791797962319	11	1.0	1000	Acinar;Endothelial;Epithelial/Ductal;Fibroblast/CAF;Myeloid;T/NK	1027977293
GSE263733	PLOD3	Epithelial/Ductal	Endothelial	3.8262906990461567	0.6153308307912527	18	0.401	1000	Acinar;B/Plasma;Endothelial;Epithelial/Ductal;Fibroblast/CAF;Myeloid;T/NK	1027977293
GSE263733	PM20D1	Acinar	T/NK	2.039503429151364	0.1821028337461554	4	0.957	1000	Acinar;B/Plasma;Epithelial/Ductal;Fibroblast/CAF;Myeloid;T/NK	1027977293
GSE263733	PM20D2	Epithelial/Ductal	Acinar	2.6552531672370243	0.32078599316801804	18	0.778	1000	Acinar;B/Plasma;Endothelial;Epithelial/Ductal;Fibroblast/CAF;Myeloid;T/NK	1027977293
GSE263733	PNLIPRP2	NOT_EVALUABLE	NOT_EVALUABLE	NA	NA	0	NA	0		1027977293
GSE263733	PNMT	Epithelial/Ductal	T/NK	0.6086745160522109	0.03511804268389088	18	0.996	1000	B/Plasma;Epithelial/Ductal;Myeloid;T/NK	1027977293
GSE263733	PNP	Endothelial	Myeloid	4.917177001486701	0.5606646197653015	4	0.988	1000	Acinar;B/Plasma;Endothelial;Epithelial/Ductal;Fibroblast/CAF;Myeloid;T/NK	1027977293
GSE263733	PNPLA2	Epithelial/Ductal	Endothelial	4.50549695996911	0.7324649369603836	18	0.964	1000	Acinar;B/Plasma;Endothelial;Epithelial/Ductal;Fibroblast/CAF;Myeloid;T/NK	1027977293
GSE263733	PNPLA3	Epithelial/Ductal	Myeloid	1.2912395311906009	0.10840845644234703	18	0.999	1000	Epithelial/Ductal;Fibroblast/CAF;Myeloid;T/NK	1027977293
GSE263733	PNPLA4	Epithelial/Ductal	Fibroblast/CAF	3.1013332162669176	0.4149331471273689	18	0.92	1000	Acinar;B/Plasma;Endothelial;Epithelial/Ductal;Fibroblast/CAF;Myeloid;T/NK	1027977293
GSE263733	PNPLA6	Myeloid	Endothelial	3.783905277609784	0.3735666218360008	20	1.0	1000	Acinar;B/Plasma;Endothelial;Epithelial/Ductal;Fibroblast/CAF;Myeloid;T/NK	1027977293
GSE263733	PNPLA7	B/Plasma	Acinar	1.2361269385956777	0.028005232149091317	17	0.669	1000	Acinar;B/Plasma;Endothelial;Epithelial/Ductal;Fibroblast/CAF;Myeloid;T/NK	1027977293
GSE263733	PNPLA8	Myeloid	T/NK	4.496441510696105	0.5672161733581588	20	1.0	1000	Acinar;B/Plasma;Endothelial;Epithelial/Ductal;Fibroblast/CAF;Myeloid;T/NK	1027977293
GSE263733	PRDM16	Epithelial/Ductal	Fibroblast/CAF	2.0826390374918553	0.209899436567767	18	1.0	1000	Acinar;Epithelial/Ductal;Fibroblast/CAF;Myeloid;T/NK	1027977293
GSE263733	PRDM2	B/Plasma	T/NK	4.741952190720197	0.5908874105628819	17	0.994	1000	Acinar;B/Plasma;Endothelial;Epithelial/Ductal;Fibroblast/CAF;Myeloid;T/NK	1027977293
GSE263733	PRDM6	Fibroblast/CAF	Epithelial/Ductal	2.5932058088814927	0.22223653779720395	11	1.0	1000	Epithelial/Ductal;Fibroblast/CAF;Myeloid;T/NK	1027977293
GSE263733	PRDM7	T/NK	Epithelial/Ductal	0.024030896726880552	0.00013072433765223	20	0.438	1000	Epithelial/Ductal;Myeloid;T/NK	1027977293
GSE263733	PRDM9	NOT_EVALUABLE	NOT_EVALUABLE	NA	NA	0	NA	0		1027977293
GSE263733	PRMT1	Endothelial	Epithelial/Ductal	5.52276237322072	0.7490059106074551	4	0.989	1000	Acinar;B/Plasma;Endothelial;Epithelial/Ductal;Fibroblast/CAF;Myeloid;T/NK	1027977293
GSE263733	PRMT2	T/NK	Endothelial	5.0405645601403215	0.5109127843923356	20	1.0	1000	Acinar;B/Plasma;Endothelial;Epithelial/Ductal;Fibroblast/CAF;Myeloid;T/NK	1027977293
GSE263733	PRMT3	Fibroblast/CAF	Epithelial/Ductal	2.108257842032062	0.15402792940687182	11	0.801	1000	B/Plasma;Endothelial;Epithelial/Ductal;Fibroblast/CAF;Myeloid;T/NK	1027977293
GSE263733	PRMT5	Epithelial/Ductal	Fibroblast/CAF	3.0838305062662603	0.4332261555028229	18	0.648	1000	Acinar;B/Plasma;Endothelial;Epithelial/Ductal;Fibroblast/CAF;Myeloid;T/NK	1027977293
GSE263733	PRMT6	Fibroblast/CAF	Epithelial/Ductal	2.1484525215621506	0.1548326344619346	11	0.828	1000	Acinar;B/Plasma;Endothelial;Epithelial/Ductal;Fibroblast/CAF;Myeloid;T/NK	1027977293
GSE263733	PRMT7	Epithelial/Ductal	T/NK	2.8318812516726126	0.37534881836354583	18	0.984	1000	Acinar;B/Plasma;Endothelial;Epithelial/Ductal;Fibroblast/CAF;Myeloid;T/NK	1027977293
GSE263733	PRMT8	T/NK	Myeloid	0.12902644394476032	0.0007327494456922399	20	0.722	1000	Epithelial/Ductal;Myeloid;T/NK	1027977293
GSE263733	PRMT9	Myeloid	T/NK	3.8727945554279666	0.3317511980205894	20	1.0	1000	Acinar;B/Plasma;Endothelial;Epithelial/Ductal;Fibroblast/CAF;Myeloid;T/NK	1027977293
GSE263733	PSAT1	Acinar	B/Plasma	2.211704205309754	0.1800984737652756	4	0.549	1000	Acinar;B/Plasma;Epithelial/Ductal;Fibroblast/CAF;Myeloid;T/NK	1027977293
GSE263733	PTER	Epithelial/Ductal	T/NK	3.125669580874275	0.4339003901571028	18	1.0	1000	Acinar;B/Plasma;Endothelial;Epithelial/Ductal;Fibroblast/CAF;Myeloid;T/NK	1027977293
GSE263733	RAD23A	Endothelial	Epithelial/Ductal	4.746082492442005	0.6402522913790459	4	0.672	1000	Acinar;B/Plasma;Endothelial;Epithelial/Ductal;Fibroblast/CAF;Myeloid;T/NK	1027977293
GSE263733	RAD23B	Fibroblast/CAF	Epithelial/Ductal	4.304865929456816	0.6116740584348835	11	0.564	1000	Acinar;B/Plasma;Endothelial;Epithelial/Ductal;Fibroblast/CAF;Myeloid;T/NK	1027977293
GSE263733	RIDA	Epithelial/Ductal	Fibroblast/CAF	3.196985648444768	0.4441873082012664	18	0.967	1000	Acinar;B/Plasma;Endothelial;Epithelial/Ductal;Fibroblast/CAF;Myeloid;T/NK	1027977293
GSE263733	RIOX1	T/NK	Myeloid	2.557642782850361	0.06741514353275965	20	0.986	1000	Acinar;B/Plasma;Endothelial;Epithelial/Ductal;Fibroblast/CAF;Myeloid;T/NK	1027977293
GSE263733	RIOX2	Endothelial	Fibroblast/CAF	3.252705614701819	0.2688181900981746	4	0.983	1000	Acinar;B/Plasma;Endothelial;Epithelial/Ductal;Fibroblast/CAF;Myeloid;T/NK	1027977293
GSE263733	RNMT	T/NK	B/Plasma	4.705655088295421	0.40950361571310473	20	1.0	1000	Acinar;B/Plasma;Endothelial;Epithelial/Ductal;Fibroblast/CAF;Myeloid;T/NK	1027977293
GSE263733	RSBN1	T/NK	Endothelial	4.369077248342759	0.3310088769424059	20	1.0	1000	Acinar;B/Plasma;Endothelial;Epithelial/Ductal;Fibroblast/CAF;Myeloid;T/NK	1027977293
GSE263733	SAMHD1	Myeloid	T/NK	5.726414669474876	0.8249463705732121	20	1.0	1000	Acinar;B/Plasma;Endothelial;Epithelial/Ductal;Fibroblast/CAF;Myeloid;T/NK	1027977293
GSE263733	SDS	Myeloid	Fibroblast/CAF	3.84477132811421	0.20541276668188893	20	1.0	1000	B/Plasma;Epithelial/Ductal;Fibroblast/CAF;Myeloid;T/NK	1027977293
GSE263733	SDSL	Myeloid	Fibroblast/CAF	3.469709254283303	0.25554571412008226	20	0.995	1000	Acinar;B/Plasma;Endothelial;Epithelial/Ductal;Fibroblast/CAF;Myeloid;T/NK	1027977293
GSE263733	SETD1A	T/NK	Endothelial	2.3081490903386306	0.052174535865785174	20	0.504	1000	B/Plasma;Endothelial;Epithelial/Ductal;Fibroblast/CAF;Myeloid;T/NK	1027977293
GSE263733	SETD1B	T/NK	Epithelial/Ductal	3.210976800131456	0.1299871012721953	20	1.0	1000	Acinar;B/Plasma;Endothelial;Epithelial/Ductal;Fibroblast/CAF;Myeloid;T/NK	1027977293
GSE263733	SETD2	T/NK	Endothelial	4.010286868387598	0.2423710824356872	20	0.811	1000	Acinar;B/Plasma;Endothelial;Epithelial/Ductal;Fibroblast/CAF;Myeloid;T/NK	1027977293
GSE263733	SETD3	Myeloid	T/NK	3.4812752541948626	0.301109151171256	20	0.332	1000	Acinar;B/Plasma;Endothelial;Epithelial/Ductal;Fibroblast/CAF;Myeloid;T/NK	1027977293
GSE263733	SETD4	Epithelial/Ductal	Endothelial	2.364649265876521	0.27789558418884763	18	0.801	1000	Acinar;B/Plasma;Endothelial;Epithelial/Ductal;Fibroblast/CAF;Myeloid;T/NK	1027977293
GSE263733	SETD5	Endothelial	Epithelial/Ductal	3.9857640651223067	0.4494009098404663	4	0.485	1000	Acinar;B/Plasma;Endothelial;Epithelial/Ductal;Fibroblast/CAF;Myeloid;T/NK	1027977293
GSE263733	SETD6	Epithelial/Ductal	T/NK	2.2595601675893136	0.2675617096447281	18	0.858	1000	Acinar;B/Plasma;Epithelial/Ductal;Fibroblast/CAF;Myeloid;T/NK	1027977293
GSE263733	SETD7	Fibroblast/CAF	Endothelial	3.3745891723975494	0.4060064015895959	11	0.69	1000	Acinar;B/Plasma;Endothelial;Epithelial/Ductal;Fibroblast/CAF;Myeloid;T/NK	1027977293
GSE263733	SETDB1	Epithelial/Ductal	Myeloid	2.3671182870442564	0.2872390114325938	18	0.439	1000	Acinar;B/Plasma;Endothelial;Epithelial/Ductal;Fibroblast/CAF;Myeloid;T/NK	1027977293
GSE263733	SETDB2	Myeloid	B/Plasma	2.994101298505967	0.20194927508474483	20	0.856	1000	Acinar;B/Plasma;Endothelial;Epithelial/Ductal;Fibroblast/CAF;Myeloid;T/NK	1027977293
GSE263733	SETMAR	Endothelial	Fibroblast/CAF	2.179582509801093	0.09928789883417698	4	0.671	1000	Acinar;B/Plasma;Endothelial;Epithelial/Ductal;Fibroblast/CAF;Myeloid;T/NK	1027977293
GSE263733	SLC13A2	Epithelial/Ductal	T/NK	0.5282324297892217	0.029045984538953858	18	1.0	1000	Epithelial/Ductal;Myeloid;T/NK	1027977293
GSE263733	SLC13A3	Fibroblast/CAF	Acinar	1.1200360774831155	0.06510659357328343	11	0.936	1000	Acinar;Epithelial/Ductal;Fibroblast/CAF;T/NK	1027977293
GSE263733	SLC15A1	Epithelial/Ductal	Acinar	2.3151789042113764	0.22186709293183066	18	0.968	1000	Acinar;B/Plasma;Epithelial/Ductal;Myeloid;T/NK	1027977293
GSE263733	SLC15A2	B/Plasma	Epithelial/Ductal	1.9627796726717384	0.06257213359531542	17	0.903	1000	B/Plasma;Endothelial;Epithelial/Ductal;Fibroblast/CAF;Myeloid;T/NK	1027977293
GSE263733	SLC16A1	Fibroblast/CAF	T/NK	3.925279435817419	0.4293176865723476	11	0.983	1000	Acinar;B/Plasma;Endothelial;Epithelial/Ductal;Fibroblast/CAF;Myeloid;T/NK	1027977293
GSE263733	SLC16A10	Myeloid	Acinar	3.4560662850751003	0.1931087560614229	20	0.804	1000	Acinar;B/Plasma;Epithelial/Ductal;Fibroblast/CAF;Myeloid;T/NK	1027977293
GSE263733	SLC16A11	T/NK	Epithelial/Ductal	1.0442221278165777	0.012109639376381924	20	0.995	1000	B/Plasma;Epithelial/Ductal;Fibroblast/CAF;Myeloid;T/NK	1027977293
GSE263733	SLC16A3	Myeloid	Epithelial/Ductal	5.121909591226718	0.6591416997295452	20	0.84	1000	Acinar;B/Plasma;Endothelial;Epithelial/Ductal;Fibroblast/CAF;Myeloid;T/NK	1027977293
GSE263733	SLC16A6	Myeloid	T/NK	3.093610727907554	0.18692783703417187	20	1.0	1000	B/Plasma;Epithelial/Ductal;Fibroblast/CAF;Myeloid;T/NK	1027977293
GSE263733	SLC16A7	T/NK	Epithelial/Ductal	3.5565677266912594	0.1650410032054734	20	0.993	1000	Acinar;B/Plasma;Endothelial;Epithelial/Ductal;Fibroblast/CAF;Myeloid;T/NK	1027977293
GSE263733	SLC22A1	Myeloid	Epithelial/Ductal	0.4169654765250016	0.008550461531505533	20	0.853	1000	Epithelial/Ductal;Fibroblast/CAF;Myeloid;T/NK	1027977293
GSE263733	SLC22A2	Epithelial/Ductal	NOT_EVALUABLE	0.04493441363943565	0.002402277907445228	18	1.0	1000	Epithelial/Ductal	1027977293
GSE263733	SLC22A7	NOT_EVALUABLE	NOT_EVALUABLE	NA	NA	0	NA	0		1027977293
GSE263733	SLC22A8	NOT_EVALUABLE	NOT_EVALUABLE	NA	NA	0	NA	0		1027977293
GSE263733	SLC25A11	Endothelial	Myeloid	3.9761388503052553	0.40349842767295596	4	0.422	1000	Acinar;B/Plasma;Endothelial;Epithelial/Ductal;Fibroblast/CAF;Myeloid;T/NK	1027977293
GSE263733	SLC25A15	Epithelial/Ductal	T/NK	1.0059639185009888	0.06585763503311319	18	0.505	1000	Acinar;B/Plasma;Endothelial;Epithelial/Ductal;Fibroblast/CAF;Myeloid;T/NK	1027977293
GSE263733	SLC25A2	Epithelial/Ductal	T/NK	0.04101511598645777	0.0017801569571146668	18	0.726	1000	Epithelial/Ductal;Myeloid;T/NK	1027977293
GSE263733	SLC25A20	T/NK	Endothelial	2.6915064266288358	0.07550749923214886	20	0.996	1000	Acinar;B/Plasma;Endothelial;Epithelial/Ductal;Fibroblast/CAF;Myeloid;T/NK	1027977293
GSE263733	SLC25A21	Endothelial	Fibroblast/CAF	0.7459429547705678	0.015823937720509253	4	0.597	1000	Endothelial;Epithelial/Ductal;Fibroblast/CAF	1027977293
GSE263733	SLC25A26	T/NK	Fibroblast/CAF	3.4957593929607453	0.15618615449303544	20	0.981	1000	Acinar;B/Plasma;Endothelial;Epithelial/Ductal;Fibroblast/CAF;Myeloid;T/NK	1027977293
GSE263733	SLC25A29	Epithelial/Ductal	Fibroblast/CAF	2.8414251081083766	0.3457587367396116	18	0.6	1000	Acinar;B/Plasma;Endothelial;Epithelial/Ductal;Fibroblast/CAF;Myeloid;T/NK	1027977293
GSE263733	SLC25A36	Fibroblast/CAF	Epithelial/Ductal	4.172403380121659	0.584752619380099	11	0.787	1000	Acinar;B/Plasma;Endothelial;Epithelial/Ductal;Fibroblast/CAF;Myeloid;T/NK	1027977293
GSE263733	SLC25A44	Endothelial	Epithelial/Ductal	3.26127226573847	0.20093428823439174	4	0.822	1000	Acinar;B/Plasma;Endothelial;Epithelial/Ductal;Fibroblast/CAF;Myeloid;T/NK	1027977293
GSE263733	SLC28A1	Epithelial/Ductal	Myeloid	0.17076078101374975	0.007765817596924794	18	0.756	1000	Epithelial/Ductal;Fibroblast/CAF;Myeloid	1027977293
GSE263733	SLC28A2	Epithelial/Ductal	T/NK	1.197150731470064	0.07406135671197665	18	0.964	1000	B/Plasma;Epithelial/Ductal;Fibroblast/CAF;Myeloid;T/NK	1027977293
GSE263733	SLC28A3	Epithelial/Ductal	Fibroblast/CAF	2.298603047503581	0.23360267847028218	18	0.957	1000	B/Plasma;Epithelial/Ductal;Fibroblast/CAF;Myeloid;T/NK	1027977293
GSE263733	SLC29A1	Endothelial	Myeloid	4.045283603576334	0.43616915458659294	4	0.989	1000	Acinar;B/Plasma;Endothelial;Epithelial/Ductal;Fibroblast/CAF;Myeloid;T/NK	1027977293
GSE263733	SLC29A2	Epithelial/Ductal	T/NK	1.927645943958665	0.18545760469225397	18	1.0	1000	B/Plasma;Endothelial;Epithelial/Ductal;Myeloid;T/NK	1027977293
GSE263733	SLC29A3	Myeloid	Fibroblast/CAF	2.6794300909603543	0.1432174440094472	20	0.982	1000	Acinar;B/Plasma;Endothelial;Epithelial/Ductal;Fibroblast/CAF;Myeloid;T/NK	1027977293
GSE263733	SLC32A1	Myeloid	T/NK	0.4499408643322087	0.005136763292944391	20	1.0	1000	Myeloid;T/NK	1027977293
GSE263733	SLC36A1	Myeloid	Fibroblast/CAF	2.6114491091010956	0.14861510003567635	20	1.0	1000	Acinar;B/Plasma;Endothelial;Epithelial/Ductal;Fibroblast/CAF;Myeloid;T/NK	1027977293
GSE263733	SLC36A2	T/NK	NOT_EVALUABLE	0.015297613954666126	7.6933066934705e-05	20	1.0	1000	T/NK	1027977293
GSE263733	SLC36A4	Myeloid	T/NK	3.4883567270834073	0.33116030518796513	20	1.0	1000	Acinar;B/Plasma;Endothelial;Epithelial/Ductal;Fibroblast/CAF;Myeloid;T/NK	1027977293
GSE263733	SLC38A10	Fibroblast/CAF	Epithelial/Ductal	3.8536235174543547	0.5024914467624018	11	0.71	1000	Acinar;B/Plasma;Endothelial;Epithelial/Ductal;Fibroblast/CAF;Myeloid;T/NK	1027977293
GSE263733	SLC38A2	Endothelial	Fibroblast/CAF	5.568969891734106	0.7494858778186839	4	0.989	1000	Acinar;B/Plasma;Endothelial;Epithelial/Ductal;Fibroblast/CAF;Myeloid;T/NK	1027977293
GSE263733	SLC38A8	Fibroblast/CAF	T/NK	0.0775265578470893	0.0027825342465753367	11	0.582	1000	Epithelial/Ductal;Fibroblast/CAF;T/NK	1027977293
GSE263733	SLC38A9	Endothelial	Myeloid	2.3579986778737148	0.11230214085749347	4	0.898	1000	Acinar;B/Plasma;Endothelial;Epithelial/Ductal;Fibroblast/CAF;Myeloid;T/NK	1027977293
GSE263733	SLC43A1	Acinar	Fibroblast/CAF	3.443104592402268	0.3640684537361083	4	0.957	1000	Acinar;B/Plasma;Endothelial;Epithelial/Ductal;Fibroblast/CAF;Myeloid;T/NK	1027977293
GSE263733	SLC43A2	Myeloid	B/Plasma	4.964771947229986	0.660166864879643	20	1.0	1000	Acinar;B/Plasma;Endothelial;Epithelial/Ductal;Fibroblast/CAF;Myeloid;T/NK	1027977293
GSE263733	SLC45A4	Epithelial/Ductal	Myeloid	3.0623007352198055	0.3972204366203289	18	1.0	1000	Acinar;B/Plasma;Epithelial/Ductal;Fibroblast/CAF;Myeloid;T/NK	1027977293
GSE263733	SLC5A12	Fibroblast/CAF	Epithelial/Ductal	0.21376465903578035	0.012259486846641472	11	0.877	1000	Epithelial/Ductal;Fibroblast/CAF	1027977293
GSE263733	SLC5A8	Epithelial/Ductal	NOT_EVALUABLE	0.06259546604790676	0.0017511866941446385	18	1.0	1000	Epithelial/Ductal	1027977293
GSE263733	SLC6A1	Fibroblast/CAF	Epithelial/Ductal	0.5991100289917104	0.013275816871139682	11	1.0	1000	Epithelial/Ductal;Fibroblast/CAF	1027977293
GSE263733	SLC6A11	Fibroblast/CAF	T/NK	0.1273568559934757	0.0022556488512688907	11	0.669	1000	Epithelial/Ductal;Fibroblast/CAF;Myeloid;T/NK	1027977293
GSE263733	SLC6A12	Myeloid	Epithelial/Ductal	1.2778257972813585	0.03757372210170299	20	1.0	1000	Epithelial/Ductal;Myeloid;T/NK	1027977293
GSE263733	SLC6A13	B/Plasma	T/NK	0.22310950416336459	0.003926554173345346	17	0.443	1000	B/Plasma;Epithelial/Ductal;Myeloid;T/NK	1027977293
GSE263733	SLC6A14	Epithelial/Ductal	T/NK	3.5649705772062643	0.3312631170388889	18	1.0	1000	Epithelial/Ductal;Fibroblast/CAF;Myeloid;T/NK	1027977293
GSE263733	SLC6A15	Epithelial/Ductal	NOT_EVALUABLE	0.08492612361304334	0.0028095065643515224	18	1.0	1000	Epithelial/Ductal	1027977293
GSE263733	SLC6A17	Fibroblast/CAF	T/NK	0.13570448122886117	0.004721303145889909	11	0.685	1000	Epithelial/Ductal;Fibroblast/CAF;T/NK	1027977293
GSE263733	SLC6A19	Epithelial/Ductal	Myeloid	0.49917764384105595	0.025537371865488663	18	0.995	1000	Epithelial/Ductal;Fibroblast/CAF;Myeloid;T/NK	1027977293
GSE263733	SLC6A20	Epithelial/Ductal	Fibroblast/CAF	2.6914960338776313	0.32256652586908446	18	1.0	1000	Epithelial/Ductal;Fibroblast/CAF;Myeloid;T/NK	1027977293
GSE263733	SLC6A6	Myeloid	Fibroblast/CAF	3.8693678963723364	0.41726237960150314	20	0.776	1000	B/Plasma;Endothelial;Epithelial/Ductal;Fibroblast/CAF;Myeloid;T/NK	1027977293
GSE263733	SLC6A7	Myeloid	Epithelial/Ductal	0.33623265480022463	0.006149360865744636	20	1.0	1000	Epithelial/Ductal;Myeloid	1027977293
GSE263733	SLC7A1	Epithelial/Ductal	Endothelial	3.500878286313846	0.519160907669318	18	1.0	1000	Acinar;B/Plasma;Endothelial;Epithelial/Ductal;Fibroblast/CAF;Myeloid;T/NK	1027977293
GSE263733	SLC7A13	NOT_EVALUABLE	NOT_EVALUABLE	NA	NA	0	NA	0		1027977293
GSE263733	SLC7A14	Fibroblast/CAF	T/NK	0.34730854968350067	0.010747315242308528	11	0.614	1000	B/Plasma;Epithelial/Ductal;Fibroblast/CAF;Myeloid;T/NK	1027977293
GSE263733	SLC7A2	Acinar	Fibroblast/CAF	3.4246154731268468	0.2690883779397437	4	0.992	1000	Acinar;Endothelial;Epithelial/Ductal;Fibroblast/CAF;Myeloid;T/NK	1027977293
GSE263733	SLC7A3	Fibroblast/CAF	T/NK	0.39611713255249403	0.010331376738321145	11	0.9405	1000	Fibroblast/CAF;T/NK	1027977293
GSE263733	SLC7A5	T/NK	Myeloid	4.0298542098976124	0.2286584608308074	20	0.81	1000	Acinar;B/Plasma;Endothelial;Epithelial/Ductal;Fibroblast/CAF;Myeloid;T/NK	1027977293
GSE263733	SLC7A6	T/NK	Endothelial	3.030445858021078	0.10088148219700407	20	0.912	1000	Acinar;B/Plasma;Endothelial;Epithelial/Ductal;Fibroblast/CAF;Myeloid;T/NK	1027977293
GSE263733	SLC7A7	Myeloid	Epithelial/Ductal	5.158015855091478	0.7136407667182343	20	1.0	1000	Acinar;B/Plasma;Endothelial;Epithelial/Ductal;Fibroblast/CAF;Myeloid;T/NK	1027977293
GSE263733	SLC7A8	Myeloid	Fibroblast/CAF	2.575957171803114	0.12140302359987434	20	0.562	1000	Acinar;B/Plasma;Endothelial;Epithelial/Ductal;Fibroblast/CAF;Myeloid;T/NK	1027977293
GSE263733	SLC7A9	Epithelial/Ductal	Fibroblast/CAF	0.387938899388916	0.019096642421998995	18	0.93	1000	Epithelial/Ductal;Fibroblast/CAF;Myeloid;T/NK	1027977293
GSE263733	SLCO3A1	Myeloid	Fibroblast/CAF	3.7747076538600695	0.4255266436451562	20	0.506	1000	Acinar;B/Plasma;Endothelial;Epithelial/Ductal;Fibroblast/CAF;Myeloid;T/NK	1027977293
GSE263733	SMYD1	NOT_EVALUABLE	NOT_EVALUABLE	NA	NA	0	NA	0		1027977293
GSE263733	SMYD2	Epithelial/Ductal	T/NK	3.044086893130584	0.40160436356233	18	0.639	1000	Acinar;B/Plasma;Endothelial;Epithelial/Ductal;Fibroblast/CAF;Myeloid;T/NK	1027977293
GSE263733	SMYD3	Fibroblast/CAF	T/NK	3.1352248083716137	0.29355100991030664	11	0.942	1000	Acinar;B/Plasma;Endothelial;Epithelial/Ductal;Fibroblast/CAF;Myeloid;T/NK	1027977293
GSE263733	SMYD4	Fibroblast/CAF	Endothelial	2.872039222793644	0.22498535125532682	11	0.891	1000	Acinar;B/Plasma;Endothelial;Epithelial/Ductal;Fibroblast/CAF;Myeloid;T/NK	1027977293
GSE263733	SMYD5	Epithelial/Ductal	Endothelial	2.0744871057105105	0.22031403284128104	18	0.683	1000	Acinar;B/Plasma;Endothelial;Epithelial/Ductal;Fibroblast/CAF;Myeloid;T/NK	1027977293
GSE263733	SPOUT1	T/NK	Endothelial	2.8882227579607282	0.09280612219632275	20	0.681	1000	Acinar;B/Plasma;Endothelial;Epithelial/Ductal;Fibroblast/CAF;Myeloid;T/NK	1027977293
GSE263733	SRM	B/Plasma	Fibroblast/CAF	4.858103865320949	0.3482994535792331	17	0.773	1000	Acinar;B/Plasma;Endothelial;Epithelial/Ductal;Fibroblast/CAF;Myeloid;T/NK	1027977293
GSE263733	SRR	Fibroblast/CAF	Endothelial	2.0261967313814178	0.1617357458571539	11	0.829	1000	Acinar;B/Plasma;Endothelial;Epithelial/Ductal;Fibroblast/CAF;Myeloid;T/NK	1027977293
GSE263733	SUV39H1	T/NK	Epithelial/Ductal	1.4341641460310588	0.020376222430908492	20	0.995	1000	B/Plasma;Endothelial;Epithelial/Ductal;Fibroblast/CAF;Myeloid;T/NK	1027977293
GSE263733	SUV39H2	Fibroblast/CAF	Epithelial/Ductal	1.6931558089136212	0.08755827707668552	11	0.887	1000	Acinar;B/Plasma;Endothelial;Epithelial/Ductal;Fibroblast/CAF;Myeloid;T/NK	1027977293
GSE263733	TARBP1	Endothelial	Epithelial/Ductal	2.9126350011424447	0.23085224440098173	4	0.553	1000	Acinar;B/Plasma;Endothelial;Epithelial/Ductal;Fibroblast/CAF;Myeloid;T/NK	1027977293
GSE263733	TAT	Epithelial/Ductal	NOT_EVALUABLE	0.07854618368652098	0.0029371198376920388	18	1.0	1000	Epithelial/Ductal	1027977293
GSE263733	TDO2	Fibroblast/CAF	Endothelial	2.796888063402889	0.14681570122431858	11	0.969	1000	Endothelial;Epithelial/Ductal;Fibroblast/CAF;Myeloid	1027977293
GSE263733	TET1	Fibroblast/CAF	Endothelial	2.325267678817236	0.1762276416674493	11	0.822	1000	B/Plasma;Endothelial;Epithelial/Ductal;Fibroblast/CAF;Myeloid;T/NK	1027977293
GSE263733	TET2	Myeloid	T/NK	4.4146549875874985	0.5758880632674896	20	1.0	1000	Acinar;B/Plasma;Endothelial;Epithelial/Ductal;Fibroblast/CAF;Myeloid;T/NK	1027977293
GSE263733	TET3	Myeloid	Epithelial/Ductal	3.2188755451778412	0.27185484460048276	20	1.0	1000	B/Plasma;Endothelial;Epithelial/Ductal;Fibroblast/CAF;Myeloid;T/NK	1027977293
GSE263733	TFB1M	Fibroblast/CAF	Epithelial/Ductal	2.2499006352795985	0.1570706336119552	11	0.661	1000	Acinar;B/Plasma;Endothelial;Epithelial/Ductal;Fibroblast/CAF;Myeloid;T/NK	1027977293
GSE263733	TFB2M	Epithelial/Ductal	T/NK	2.669578999223891	0.3424874931666263	18	0.981	1000	Acinar;B/Plasma;Endothelial;Epithelial/Ductal;Fibroblast/CAF;Myeloid;T/NK	1027977293
GSE263733	TGS1	T/NK	Endothelial	3.8582540162076002	0.21587416482362065	20	1.0	1000	Acinar;B/Plasma;Endothelial;Epithelial/Ductal;Fibroblast/CAF;Myeloid;T/NK	1027977293
GSE263733	THEM4	T/NK	Epithelial/Ductal	3.372743336627844	0.13274005550058893	20	1.0	1000	Acinar;B/Plasma;Endothelial;Epithelial/Ductal;Fibroblast/CAF;Myeloid;T/NK	1027977293
GSE263733	THUMPD2	Fibroblast/CAF	Endothelial	2.945264437499924	0.3154771027006253	11	0.734	1000	Acinar;B/Plasma;Endothelial;Epithelial/Ductal;Fibroblast/CAF;Myeloid;T/NK	1027977293
GSE263733	THUMPD3	Epithelial/Ductal	Fibroblast/CAF	3.2028886641111125	0.4867772566203041	18	0.493	1000	Acinar;B/Plasma;Endothelial;Epithelial/Ductal;Fibroblast/CAF;Myeloid;T/NK	1027977293
GSE263733	TK1	Epithelial/Ductal	T/NK	3.30378041575779	0.23900491926091424	18	0.996	1000	B/Plasma;Endothelial;Epithelial/Ductal;Fibroblast/CAF;Myeloid;T/NK	1027977293
GSE263733	TK2	Myeloid	Endothelial	3.1504651267896424	0.2377377546613082	20	0.485	1000	Acinar;B/Plasma;Endothelial;Epithelial/Ductal;Fibroblast/CAF;Myeloid;T/NK	1027977293
GSE263733	TKFC	Epithelial/Ductal	Endothelial	2.8626218408274937	0.37362377210687536	18	0.516	1000	Acinar;B/Plasma;Endothelial;Epithelial/Ductal;Fibroblast/CAF;Myeloid;T/NK	1027977293
GSE263733	TMEM68	Epithelial/Ductal	T/NK	2.975929508179755	0.4425511571532907	18	1.0	1000	Acinar;B/Plasma;Endothelial;Epithelial/Ductal;Fibroblast/CAF;Myeloid;T/NK	1027977293
GSE263733	TMEM86A	Myeloid	Epithelial/Ductal	2.1001648621267135	0.09700101403256582	20	0.947	1000	Acinar;Epithelial/Ductal;Fibroblast/CAF;Myeloid;T/NK	1027977293
GSE263733	TMEM86B	Epithelial/Ductal	T/NK	1.647825790260229	0.14211045853395443	18	0.908	1000	Acinar;B/Plasma;Endothelial;Epithelial/Ductal;Fibroblast/CAF;Myeloid;T/NK	1027977293
GSE263733	TMLHE	Myeloid	Fibroblast/CAF	2.2625033914256543	0.11129277269298173	20	0.643	1000	Acinar;B/Plasma;Endothelial;Epithelial/Ductal;Fibroblast/CAF;Myeloid;T/NK	1027977293
GSE263733	TMT1A	Fibroblast/CAF	Myeloid	4.07624816459967	0.5081139429534942	11	0.944	1000	Acinar;B/Plasma;Endothelial;Epithelial/Ductal;Fibroblast/CAF;Myeloid;T/NK	1027977293
GSE263733	TMT1B	Epithelial/Ductal	Myeloid	2.11660213723662	0.21425239342576285	18	1.0	1000	B/Plasma;Epithelial/Ductal;Fibroblast/CAF;Myeloid;T/NK	1027977293
GSE263733	TOMT	Epithelial/Ductal	Fibroblast/CAF	2.1096839771392815	0.22103770200642478	18	0.905	1000	B/Plasma;Endothelial;Epithelial/Ductal;Fibroblast/CAF;Myeloid;T/NK	1027977293
GSE263733	TPH1	T/NK	Epithelial/Ductal	0.7754371049006438	0.0054382638743404495	20	0.649	1000	B/Plasma;Epithelial/Ductal;Fibroblast/CAF;Myeloid;T/NK	1027977293
GSE263733	TPH2	Epithelial/Ductal	T/NK	0.04149743077367769	0.0016233156360023779	18	0.723	1000	Epithelial/Ductal;T/NK	1027977293
GSE263733	TPMT	Myeloid	Epithelial/Ductal	3.733970074315234	0.3556394968052292	20	1.0	1000	Acinar;B/Plasma;Endothelial;Epithelial/Ductal;Fibroblast/CAF;Myeloid;T/NK	1027977293
GSE263733	TRDMT1	Endothelial	T/NK	2.205043492679795	0.10900588663905504	4	0.721	1000	B/Plasma;Endothelial;Epithelial/Ductal;Fibroblast/CAF;Myeloid;T/NK	1027977293
GSE263733	TRMO	T/NK	B/Plasma	2.864653108252143	0.08665840470600475	20	0.999	1000	Acinar;B/Plasma;Endothelial;Epithelial/Ductal;Fibroblast/CAF;Myeloid;T/NK	1027977293
GSE263733	TRMT1	Myeloid	B/Plasma	3.515920104818688	0.3208186800707694	20	0.963	1000	Acinar;B/Plasma;Endothelial;Epithelial/Ductal;Fibroblast/CAF;Myeloid;T/NK	1027977293
GSE263733	TRMT10A	Epithelial/Ductal	Endothelial	2.443602337223145	0.2897955172240509	18	0.769	1000	Acinar;B/Plasma;Endothelial;Epithelial/Ductal;Fibroblast/CAF;Myeloid;T/NK	1027977293
GSE263733	TRMT10B	Endothelial	T/NK	2.7639852762313426	0.17856637808712988	4	0.637	1000	Acinar;B/Plasma;Endothelial;Epithelial/Ductal;Fibroblast/CAF;Myeloid;T/NK	1027977293
GSE263733	TRMT10C	T/NK	Epithelial/Ductal	4.267317001335963	0.30465868735169854	20	1.0	1000	Acinar;B/Plasma;Endothelial;Epithelial/Ductal;Fibroblast/CAF;Myeloid;T/NK	1027977293
GSE263733	TRMT11	Fibroblast/CAF	T/NK	3.076737750154445	0.34279442743945254	11	0.925	1000	Acinar;B/Plasma;Endothelial;Epithelial/Ductal;Fibroblast/CAF;Myeloid;T/NK	1027977293
GSE263733	TRMT13	T/NK	B/Plasma	2.9093720010671547	0.08623845316407083	20	0.744	1000	Acinar;B/Plasma;Endothelial;Epithelial/Ductal;Fibroblast/CAF;Myeloid;T/NK	1027977293
GSE263733	TRMT1L	Myeloid	Epithelial/Ductal	2.5735747750633875	0.1445944828703544	20	0.371	1000	Acinar;B/Plasma;Endothelial;Epithelial/Ductal;Fibroblast/CAF;Myeloid;T/NK	1027977293
GSE263733	TRMT2A	Endothelial	Myeloid	2.8321922901971464	0.20846755637367692	4	0.583	1000	Acinar;B/Plasma;Endothelial;Epithelial/Ductal;Fibroblast/CAF;Myeloid;T/NK	1027977293
GSE263733	TRMT2B	T/NK	Epithelial/Ductal	2.070328664708307	0.0399245336270763	20	0.992	1000	Acinar;B/Plasma;Endothelial;Epithelial/Ductal;Fibroblast/CAF;Myeloid;T/NK	1027977293
GSE263733	TRMT44	Fibroblast/CAF	Epithelial/Ductal	2.1233740292242675	0.15351727472717425	11	0.755	1000	Acinar;B/Plasma;Endothelial;Epithelial/Ductal;Fibroblast/CAF;Myeloid;T/NK	1027977293
GSE263733	TRMT5	Fibroblast/CAF	Endothelial	2.448593339238128	0.21602633928382894	11	0.495	1000	Acinar;B/Plasma;Endothelial;Epithelial/Ductal;Fibroblast/CAF;Myeloid;T/NK	1027977293
GSE263733	TRMT61A	Epithelial/Ductal	Fibroblast/CAF	2.5557966114418216	0.2991419432704949	18	0.744	1000	Acinar;B/Plasma;Endothelial;Epithelial/Ductal;Fibroblast/CAF;Myeloid;T/NK	1027977293
GSE263733	TRMT61B	Fibroblast/CAF	T/NK	2.5396554296686173	0.20907902803777195	11	0.749	1000	Acinar;B/Plasma;Endothelial;Epithelial/Ductal;Fibroblast/CAF;Myeloid;T/NK	1027977293
GSE263733	TYMP	Myeloid	Epithelial/Ductal	6.6633691237498125	0.92871963926228	20	1.0	1000	Acinar;B/Plasma;Endothelial;Epithelial/Ductal;Fibroblast/CAF;Myeloid;T/NK	1027977293
GSE263733	TYW1	T/NK	Epithelial/Ductal	2.7708562278209863	0.08462246816527536	20	0.748	1000	Acinar;B/Plasma;Endothelial;Epithelial/Ductal;Fibroblast/CAF;Myeloid;T/NK	1027977293
GSE263733	TYW1B	T/NK	Epithelial/Ductal	1.6634623496268044	0.02845402441305419	20	0.981	1000	Acinar;B/Plasma;Endothelial;Epithelial/Ductal;Fibroblast/CAF;Myeloid;T/NK	1027977293
GSE263733	TYW3	Fibroblast/CAF	T/NK	3.578100735710174	0.44233830227157467	11	0.59	1000	Acinar;B/Plasma;Endothelial;Epithelial/Ductal;Fibroblast/CAF;Myeloid;T/NK	1027977293
GSE263733	TYW5	T/NK	Epithelial/Ductal	2.356505924416332	0.05079261351130656	20	0.487	1000	Acinar;B/Plasma;Endothelial;Epithelial/Ductal;Fibroblast/CAF;Myeloid;T/NK	1027977293
GSE263733	UCK1	Fibroblast/CAF	Endothelial	2.9900957541583177	0.2673299443623873	11	0.8	1000	Acinar;B/Plasma;Endothelial;Epithelial/Ductal;Fibroblast/CAF;Myeloid;T/NK	1027977293
GSE263733	UCK2	Epithelial/Ductal	Endothelial	3.1325894836331454	0.4131131342391989	18	0.53	1000	Acinar;B/Plasma;Endothelial;Epithelial/Ductal;Fibroblast/CAF;Myeloid;T/NK	1027977293
GSE263733	UCKL1	Epithelial/Ductal	T/NK	3.001994277849537	0.4165204380247498	18	0.817	1000	Acinar;B/Plasma;Endothelial;Epithelial/Ductal;Fibroblast/CAF;Myeloid;T/NK	1027977293
GSE263733	UPP1	Myeloid	Endothelial	5.301896311052178	0.7221869382245678	20	1.0	1000	Acinar;B/Plasma;Endothelial;Epithelial/Ductal;Fibroblast/CAF;Myeloid;T/NK	1027977293
GSE263733	UPP2	Epithelial/Ductal	NOT_EVALUABLE	0.03850098736062542	0.002074173343680111	18	1.0	1000	Epithelial/Ductal	1027977293
GSE263733	USB1	T/NK	Myeloid	3.3078252372413814	0.12747742198157472	20	0.965	1000	Acinar;B/Plasma;Endothelial;Epithelial/Ductal;Fibroblast/CAF;Myeloid;T/NK	1027977293
GSE263733	UTY	Endothelial	T/NK	2.081590173717535	0.14603466789384872	4	0.891	1000	B/Plasma;Endothelial;Epithelial/Ductal;Fibroblast/CAF;Myeloid;T/NK	1027977293
GSE263733	VCPKMT	T/NK	B/Plasma	2.992500867555713	0.10218430272868803	20	0.76	1000	Acinar;B/Plasma;Endothelial;Epithelial/Ductal;Fibroblast/CAF;Myeloid;T/NK	1027977293
GSE263733	WARS1	Myeloid	Endothelial	5.0091838834973945	0.5733304851933378	20	0.554	1000	Acinar;B/Plasma;Endothelial;Epithelial/Ductal;Fibroblast/CAF;Myeloid;T/NK	1027977293
GSE263733	WARS2	Fibroblast/CAF	Epithelial/Ductal	2.4331916807200233	0.21779674800195722	11	0.855	1000	Acinar;B/Plasma;Endothelial;Epithelial/Ductal;Fibroblast/CAF;Myeloid;T/NK	1027977293
GSE263733	ZCCHC4	Epithelial/Ductal	T/NK	1.6646364857409046	0.14945402107558664	18	0.723	1000	Acinar;B/Plasma;Endothelial;Epithelial/Ductal;Fibroblast/CAF;Myeloid;T/NK	1027977293
GSE278688	AADAT	Fibroblast/CAF	Epithelial/Ductal	1.3206502351192704	0.024337503064047535	13	0.831	1000	Endothelial;Epithelial/Ductal;Fibroblast/CAF;T/NK	2436680333
GSE278688	AASS	Fibroblast/CAF	Endothelial	3.4522183048991266	0.18643441736949162	13	0.954	1000	B/Plasma;Endothelial;Epithelial/Ductal;Fibroblast/CAF;Myeloid;T/NK	2436680333
GSE278688	ABAT	T/NK	Myeloid	2.3431072285231296	0.0344253215758986	13	0.973	1000	B/Plasma;Endothelial;Epithelial/Ductal;Fibroblast/CAF;Myeloid;T/NK	2436680333
GSE278688	ABHD11	Epithelial/Ductal	Myeloid	4.338726321737639	0.25943121336500347	12	1.0	1000	B/Plasma;Endothelial;Epithelial/Ductal;Fibroblast/CAF;Myeloid;T/NK	2436680333
GSE278688	ABHD12	Myeloid	Epithelial/Ductal	4.3482781184867285	0.3027764253526437	13	0.902	1000	B/Plasma;Endothelial;Epithelial/Ductal;Fibroblast/CAF;Myeloid;T/NK	2436680333
GSE278688	ABHD16A	Myeloid	T/NK	3.746960934528492	0.21409465176073603	13	0.792	1000	B/Plasma;Endothelial;Epithelial/Ductal;Fibroblast/CAF;Myeloid;T/NK	2436680333
GSE278688	ABHD16B	T/NK	NOT_EVALUABLE	0.03498835314778713	0.00013733341854836923	13	1.0	1000	T/NK	2436680333
GSE278688	ABHD2	Epithelial/Ductal	Fibroblast/CAF	4.964491950715801	0.3610023004088956	12	1.0	1000	B/Plasma;Endothelial;Epithelial/Ductal;Fibroblast/CAF;Myeloid;T/NK	2436680333
GSE278688	ABHD6	Myeloid	B/Plasma	3.01509344725614	0.11355455145830287	13	0.954	1000	B/Plasma;Endothelial;Epithelial/Ductal;Fibroblast/CAF;Myeloid;T/NK	2436680333
GSE278688	ACAA2	Epithelial/Ductal	T/NK	4.324220249930785	0.2509400658012936	12	0.953	1000	B/Plasma;Endothelial;Epithelial/Ductal;Fibroblast/CAF;Myeloid;T/NK	2436680333
GSE278688	ACE2	Epithelial/Ductal	Fibroblast/CAF	1.2957285657547852	0.014409088900680626	12	0.976	1000	Epithelial/Ductal;Fibroblast/CAF	2436680333
GSE278688	ACER2	Endothelial	Epithelial/Ductal	2.4440447316354574	0.07102318570587643	13	0.494	1000	B/Plasma;Endothelial;Epithelial/Ductal;Fibroblast/CAF;Myeloid;T/NK	2436680333
GSE278688	ACOT1	Epithelial/Ductal	Fibroblast/CAF	0.6391480639789158	0.006328029607350775	12	0.78	1000	Endothelial;Epithelial/Ductal;Fibroblast/CAF;Myeloid;T/NK	2436680333
GSE278688	ACOT11	Epithelial/Ductal	Myeloid	2.959194484155972	0.08991346661710992	12	0.998	1000	B/Plasma;Endothelial;Epithelial/Ductal;Fibroblast/CAF;Myeloid;T/NK	2436680333
GSE278688	ACOT13	Epithelial/Ductal	Myeloid	3.555524766112749	0.1438942426931262	12	0.923	1000	B/Plasma;Endothelial;Epithelial/Ductal;Fibroblast/CAF;Myeloid;T/NK	2436680333
GSE278688	ACOT2	Fibroblast/CAF	T/NK	3.722579744826691	0.23214965267372897	13	1.0	1000	B/Plasma;Endothelial;Epithelial/Ductal;Fibroblast/CAF;Myeloid;T/NK	2436680333
GSE278688	ACOT4	T/NK	Epithelial/Ductal	2.265212870668258	0.03263965801495501	13	0.923	1000	B/Plasma;Endothelial;Epithelial/Ductal;Fibroblast/CAF;Myeloid;T/NK	2436680333
GSE278688	ACOT7	Myeloid	Endothelial	3.4420969847541203	0.1436771240570641	13	0.84	1000	B/Plasma;Endothelial;Epithelial/Ductal;Fibroblast/CAF;Myeloid;T/NK	2436680333
GSE278688	ACOT8	Epithelial/Ductal	T/NK	3.2829747141390144	0.11755766645268688	12	0.981	1000	B/Plasma;Endothelial;Epithelial/Ductal;Fibroblast/CAF;Myeloid;T/NK	2436680333
GSE278688	ACOT9	Myeloid	Endothelial	4.1552419924838135	0.288982208379838	13	0.973	1000	B/Plasma;Endothelial;Epithelial/Ductal;Fibroblast/CAF;Myeloid;T/NK	2436680333
GSE278688	ACSL3	Myeloid	Fibroblast/CAF	4.85468536402628	0.38209844814404664	13	1.0	1000	B/Plasma;Endothelial;Epithelial/Ductal;Fibroblast/CAF;Myeloid;T/NK	2436680333
GSE278688	ACSM1	Epithelial/Ductal	B/Plasma	1.5734390664003228	0.03436669641731298	12	0.954	1000	B/Plasma;Endothelial;Epithelial/Ductal;Myeloid;T/NK	2436680333
GSE278688	ACSM2A	Endothelial	NOT_EVALUABLE	0.2582672131053089	0.0030233498101669923	13	1.0	1000	Endothelial	2436680333
GSE278688	ACSM2B	Endothelial	NOT_EVALUABLE	0.17719059543519203	0.0022104709217369923	13	1.0	1000	Endothelial	2436680333
GSE278688	ACSM4	NOT_EVALUABLE	NOT_EVALUABLE	NA	NA	0	NA	0		2436680333
GSE278688	ACY3	Epithelial/Ductal	B/Plasma	2.8820664456096807	0.083109254786855	12	0.998	1000	B/Plasma;Epithelial/Ductal;Fibroblast/CAF;Myeloid;T/NK	2436680333
GSE278688	ADA	T/NK	Endothelial	3.8447216308587233	0.14747413746089577	13	0.665	1000	B/Plasma;Endothelial;Epithelial/Ductal;Fibroblast/CAF;Myeloid;T/NK	2436680333
GSE278688	ADA2	Myeloid	B/Plasma	4.725859355086351	0.36733293311740806	13	1.0	1000	B/Plasma;Endothelial;Epithelial/Ductal;Fibroblast/CAF;Myeloid;T/NK	2436680333
GSE278688	ADHFE1	T/NK	Epithelial/Ductal	2.4737918741053	0.041057015477948905	13	1.0	1000	B/Plasma;Endothelial;Epithelial/Ductal;Fibroblast/CAF;Myeloid;T/NK	2436680333
GSE278688	AGMAT	B/Plasma	T/NK	1.8675209587490889	0.02362375501397208	11	0.958	1000	B/Plasma;Endothelial;Epithelial/Ductal;Fibroblast/CAF;Myeloid;T/NK	2436680333
GSE278688	AGXT	NOT_EVALUABLE	NOT_EVALUABLE	NA	NA	0	NA	0		2436680333
GSE278688	AGXT2	NOT_EVALUABLE	NOT_EVALUABLE	NA	NA	0	NA	0		2436680333
GSE278688	AHCY	Epithelial/Ductal	Fibroblast/CAF	4.503422020553615	0.2885925615831244	12	1.0	1000	B/Plasma;Endothelial;Epithelial/Ductal;Fibroblast/CAF;Myeloid;T/NK	2436680333
GSE278688	AK4	Epithelial/Ductal	Fibroblast/CAF	3.1197639610626076	0.09499244560290594	12	0.993	1000	B/Plasma;Endothelial;Epithelial/Ductal;Fibroblast/CAF;Myeloid;T/NK	2436680333
GSE278688	AK9	B/Plasma	Epithelial/Ductal	2.6575877147717892	0.054455674442864366	11	0.914	1000	B/Plasma;Endothelial;Epithelial/Ductal;Fibroblast/CAF;Myeloid;T/NK	2436680333
GSE278688	AKR1A1	Myeloid	Fibroblast/CAF	5.213121820183899	0.5296736624794288	13	1.0	1000	B/Plasma;Endothelial;Epithelial/Ductal;Fibroblast/CAF;Myeloid;T/NK	2436680333
GSE278688	AKR1B1	Myeloid	T/NK	4.865373372233302	0.3899407938130771	13	1.0	1000	B/Plasma;Endothelial;Epithelial/Ductal;Fibroblast/CAF;Myeloid;T/NK	2436680333
GSE278688	AKR7A2	Fibroblast/CAF	Epithelial/Ductal	4.28705423056589	0.35294836446198513	13	0.618	1000	B/Plasma;Endothelial;Epithelial/Ductal;Fibroblast/CAF;Myeloid;T/NK	2436680333
GSE278688	ALDH1A1	Epithelial/Ductal	Fibroblast/CAF	4.504363876881428	0.2539395096834564	12	0.601	1000	B/Plasma;Endothelial;Epithelial/Ductal;Fibroblast/CAF;Myeloid;T/NK	2436680333
GSE278688	ALDH2	Myeloid	Epithelial/Ductal	5.348742641312839	0.43880308843544363	13	0.974	1000	B/Plasma;Endothelial;Epithelial/Ductal;Fibroblast/CAF;Myeloid;T/NK	2436680333
GSE278688	ALDH3A2	Epithelial/Ductal	Myeloid	4.169471450357721	0.22895514291094643	12	1.0	1000	B/Plasma;Endothelial;Epithelial/Ductal;Fibroblast/CAF;Myeloid;T/NK	2436680333
GSE278688	ALDH9A1	Endothelial	T/NK	4.189253693591852	0.29856361396321257	13	1.0	1000	B/Plasma;Endothelial;Epithelial/Ductal;Fibroblast/CAF;Myeloid;T/NK	2436680333
GSE278688	ALKBH1	T/NK	Myeloid	2.5674958625498974	0.04517045573919316	13	0.871	1000	B/Plasma;Endothelial;Epithelial/Ductal;Fibroblast/CAF;Myeloid;T/NK	2436680333
GSE278688	ALKBH2	Fibroblast/CAF	Epithelial/Ductal	3.19103259076524	0.15217184150945418	13	1.0	1000	B/Plasma;Endothelial;Epithelial/Ductal;Fibroblast/CAF;Myeloid;T/NK	2436680333
GSE278688	ALKBH3	Endothelial	Fibroblast/CAF	3.112314154127478	0.13124682170083346	13	0.967	1000	B/Plasma;Endothelial;Epithelial/Ductal;Fibroblast/CAF;Myeloid;T/NK	2436680333
GSE278688	ALKBH4	Fibroblast/CAF	Epithelial/Ductal	2.70830908439623	0.09978842615373273	13	0.794	1000	B/Plasma;Endothelial;Epithelial/Ductal;Fibroblast/CAF;Myeloid;T/NK	2436680333
GSE278688	ALKBH5	T/NK	Fibroblast/CAF	4.264991011174212	0.21270743363916247	13	1.0	1000	B/Plasma;Endothelial;Epithelial/Ductal;Fibroblast/CAF;Myeloid;T/NK	2436680333
GSE278688	ALKBH7	Epithelial/Ductal	Fibroblast/CAF	4.95545622642497	0.3854285476496837	12	0.672	1000	B/Plasma;Endothelial;Epithelial/Ductal;Fibroblast/CAF;Myeloid;T/NK	2436680333
GSE278688	ALKBH8	T/NK	Endothelial	2.159286994202948	0.028166997299857107	13	0.425	1000	B/Plasma;Endothelial;Epithelial/Ductal;Fibroblast/CAF;Myeloid;T/NK	2436680333
GSE278688	ANTKMT	Epithelial/Ductal	Fibroblast/CAF	4.373972665915576	0.27716272427355615	12	1.0	1000	B/Plasma;Endothelial;Epithelial/Ductal;Fibroblast/CAF;Myeloid;T/NK	2436680333
GSE278688	AOC1	Epithelial/Ductal	Myeloid	3.6978606502307865	0.1451142192975242	12	1.0	1000	Epithelial/Ductal;Fibroblast/CAF;Myeloid;T/NK	2436680333
GSE278688	AQP1	Endothelial	Epithelial/Ductal	7.041449590773189	0.8047978270777716	13	1.0	1000	B/Plasma;Endothelial;Epithelial/Ductal;Fibroblast/CAF;Myeloid;T/NK	2436680333
GSE278688	AQP10	Myeloid	T/NK	0.9107709722780838	0.0169556911766436	13	0.999	1000	Epithelial/Ductal;Fibroblast/CAF;Myeloid;T/NK	2436680333
GSE278688	AQP11	Epithelial/Ductal	Myeloid	1.1572029706043756	0.014125817825630218	12	0.986	1000	B/Plasma;Endothelial;Epithelial/Ductal;Fibroblast/CAF;Myeloid;T/NK	2436680333
GSE278688	AQP2	Myeloid	Epithelial/Ductal	0.4157140497041662	0.005217331687919923	13	0.818	1000	Epithelial/Ductal;Myeloid	2436680333
GSE278688	AQP3	T/NK	Epithelial/Ductal	4.9403212780770405	0.28865511383061726	13	1.0	1000	B/Plasma;Endothelial;Epithelial/Ductal;Fibroblast/CAF;Myeloid;T/NK	2436680333
GSE278688	AQP7	Endothelial	Epithelial/Ductal	2.3460381865722786	0.070914826295379	13	0.868	1000	Endothelial;Epithelial/Ductal;Fibroblast/CAF;T/NK	2436680333
GSE278688	AQP7B	NOT_EVALUABLE	NOT_EVALUABLE	NA	NA	0	NA	0		2436680333
GSE278688	AQP9	Myeloid	Fibroblast/CAF	4.0159883967450245	0.19146789603798708	13	1.0	1000	Epithelial/Ductal;Fibroblast/CAF;Myeloid;T/NK	2436680333
GSE278688	ARG1	T/NK	NOT_EVALUABLE	0.2893379998541763	0.0011213388577138539	13	1.0	1000	T/NK	2436680333
GSE278688	ARG2	T/NK	B/Plasma	3.693266910717551	0.1197909976527324	13	0.977	1000	B/Plasma;Endothelial;Epithelial/Ductal;Fibroblast/CAF;Myeloid;T/NK	2436680333
GSE278688	AS3MT	Fibroblast/CAF	Epithelial/Ductal	1.9514711549991899	0.043344378628269606	13	0.972	1000	B/Plasma;Endothelial;Epithelial/Ductal;Fibroblast/CAF;Myeloid;T/NK	2436680333
GSE278688	ASAH1	Myeloid	Epithelial/Ductal	6.118983388414301	0.7302489022978962	13	1.0	1000	B/Plasma;Endothelial;Epithelial/Ductal;Fibroblast/CAF;Myeloid;T/NK	2436680333
GSE278688	ASAH2	Epithelial/Ductal	Fibroblast/CAF	0.571555765473507	0.004122752102751016	12	0.688	1000	B/Plasma;Endothelial;Epithelial/Ductal;Fibroblast/CAF;Myeloid;T/NK	2436680333
GSE278688	ASH1L	Endothelial	B/Plasma	4.7878088969062285	0.4882274424544971	13	0.253	1000	B/Plasma;Endothelial;Epithelial/Ductal;Fibroblast/CAF;Myeloid;T/NK	2436680333
GSE278688	ASMT	T/NK	B/Plasma	0.6439990669816539	0.003701931560877246	13	1.0	1000	B/Plasma;T/NK	2436680333
GSE278688	ASPG	Epithelial/Ductal	Fibroblast/CAF	0.6580789416474845	0.01936288561129199	12	0.933	1000	Epithelial/Ductal;Fibroblast/CAF	2436680333
GSE278688	ASPH	Epithelial/Ductal	Endothelial	5.429184674602055	0.45366316601394024	12	0.825	1000	B/Plasma;Endothelial;Epithelial/Ductal;Fibroblast/CAF;Myeloid;T/NK	2436680333
GSE278688	ATP13A3	Myeloid	Endothelial	4.80809064331181	0.38743212254412346	13	0.991	1000	B/Plasma;Endothelial;Epithelial/Ductal;Fibroblast/CAF;Myeloid;T/NK	2436680333
GSE278688	ATP13A4	Epithelial/Ductal	B/Plasma	2.250351710236787	0.05681468558625313	12	1.0	1000	B/Plasma;Endothelial;Epithelial/Ductal;Fibroblast/CAF;Myeloid;T/NK	2436680333
GSE278688	ATPSCKMT	Epithelial/Ductal	Fibroblast/CAF	2.6159411962746213	0.06701074004623829	12	0.947	1000	B/Plasma;Endothelial;Epithelial/Ductal;Fibroblast/CAF;Myeloid;T/NK	2436680333
GSE278688	AWAT2	NOT_EVALUABLE	NOT_EVALUABLE	NA	NA	0	NA	0		2436680333
GSE278688	BAAT	Epithelial/Ductal	NOT_EVALUABLE	1.1264411992692624	0.016773376847798015	12	1.0	1000	Epithelial/Ductal	2436680333
GSE278688	BBOX1	Epithelial/Ductal	NOT_EVALUABLE	0.733782250654341	0.007897001158542492	12	1.0	1000	Epithelial/Ductal	2436680333
GSE278688	BCAT1	Myeloid	Endothelial	4.352909842511391	0.2879335262092694	13	1.0	1000	B/Plasma;Endothelial;Epithelial/Ductal;Fibroblast/CAF;Myeloid;T/NK	2436680333
GSE278688	BCAT2	Epithelial/Ductal	Fibroblast/CAF	3.4085841298609814	0.14839695947890774	12	0.911	1000	B/Plasma;Endothelial;Epithelial/Ductal;Fibroblast/CAF;Myeloid;T/NK	2436680333
GSE278688	BCDIN3D	Epithelial/Ductal	B/Plasma	2.2831169997941556	0.046245998491350526	12	0.805	1000	B/Plasma;Endothelial;Epithelial/Ductal;Fibroblast/CAF;Myeloid;T/NK	2436680333
GSE278688	BEST1	Myeloid	T/NK	4.755960270325795	0.4034131006862744	13	1.0	1000	B/Plasma;Endothelial;Epithelial/Ductal;Fibroblast/CAF;Myeloid;T/NK	2436680333
GSE278688	BUD23	Epithelial/Ductal	T/NK	4.618373118003613	0.3242880255692931	12	1.0	1000	B/Plasma;Endothelial;Epithelial/Ductal;Fibroblast/CAF;Myeloid;T/NK	2436680333
GSE278688	CAMKMT	B/Plasma	Epithelial/Ductal	3.1377024965170137	0.1000501464341982	11	0.558	1000	B/Plasma;Endothelial;Epithelial/Ductal;Fibroblast/CAF;Myeloid;T/NK	2436680333
GSE278688	CARM1	Fibroblast/CAF	Endothelial	3.361664808873285	0.1784996611610684	13	0.469	1000	B/Plasma;Endothelial;Epithelial/Ductal;Fibroblast/CAF;Myeloid;T/NK	2436680333
GSE278688	CARNMT1	T/NK	Endothelial	3.251690996589569	0.08736859582846845	13	1.0	1000	B/Plasma;Endothelial;Epithelial/Ductal;Fibroblast/CAF;Myeloid;T/NK	2436680333
GSE278688	CARNS1	T/NK	Epithelial/Ductal	1.4168784447638776	0.011821082043839994	13	0.69	1000	B/Plasma;Epithelial/Ductal;Fibroblast/CAF;Myeloid;T/NK	2436680333
GSE278688	CDA	Endothelial	Epithelial/Ductal	3.809432242222189	0.19646451505573112	13	0.939	1000	Endothelial;Epithelial/Ductal;Fibroblast/CAF;Myeloid;T/NK	2436680333
GSE278688	CDK5RAP1	T/NK	B/Plasma	3.583281954356558	0.12149931771873958	13	0.99	1000	B/Plasma;Endothelial;Epithelial/Ductal;Fibroblast/CAF;Myeloid;T/NK	2436680333
GSE278688	CDKAL1	B/Plasma	T/NK	3.2549006026239793	0.12318485963647699	11	0.56	1000	B/Plasma;Endothelial;Epithelial/Ductal;Fibroblast/CAF;Myeloid;T/NK	2436680333
GSE278688	CEL	Epithelial/Ductal	Endothelial	1.5423230186067471	0.026204874358389457	12	0.985	1000	B/Plasma;Endothelial;Epithelial/Ductal;Fibroblast/CAF;Myeloid;T/NK	2436680333
GSE278688	CES1	Fibroblast/CAF	Epithelial/Ductal	2.8202789324197894	0.10059993531827437	13	0.655	1000	Endothelial;Epithelial/Ductal;Fibroblast/CAF;Myeloid;T/NK	2436680333
GSE278688	CES2	Epithelial/Ductal	Endothelial	3.608209625590103	0.14673835016920267	12	0.998	1000	B/Plasma;Endothelial;Epithelial/Ductal;Fibroblast/CAF;Myeloid;T/NK	2436680333
GSE278688	CISD1	Fibroblast/CAF	Endothelial	4.219274152405923	0.30527513950827156	13	0.529	1000	B/Plasma;Endothelial;Epithelial/Ductal;Fibroblast/CAF;Myeloid;T/NK	2436680333
GSE278688	CLYBL	Epithelial/Ductal	B/Plasma	2.217232342150971	0.04282565268810459	12	0.502	1000	B/Plasma;Endothelial;Epithelial/Ductal;Fibroblast/CAF;Myeloid;T/NK	2436680333
GSE278688	CMPK1	Epithelial/Ductal	T/NK	5.306981401681003	0.46063205169501575	12	1.0	1000	B/Plasma;Endothelial;Epithelial/Ductal;Fibroblast/CAF;Myeloid;T/NK	2436680333
GSE278688	CMPK2	Myeloid	Endothelial	3.1957255815894716	0.13855945604925637	13	0.999	1000	B/Plasma;Endothelial;Epithelial/Ductal;Fibroblast/CAF;Myeloid;T/NK	2436680333
GSE278688	CMTR1	T/NK	Endothelial	2.9551010295310154	0.06581010964009058	13	0.678	1000	B/Plasma;Endothelial;Epithelial/Ductal;Fibroblast/CAF;Myeloid;T/NK	2436680333
GSE278688	CMTR2	B/Plasma	Epithelial/Ductal	3.104534295081235	0.0831856784243566	11	0.969	1000	B/Plasma;Endothelial;Epithelial/Ductal;Fibroblast/CAF;Myeloid;T/NK	2436680333
GSE278688	CNDP1	Epithelial/Ductal	NOT_EVALUABLE	0.1274402261803978	0.0012349721899225	12	1.0	1000	Epithelial/Ductal	2436680333
GSE278688	CNDP2	Myeloid	Epithelial/Ductal	4.708270087564704	0.3786937792454925	13	0.995	1000	B/Plasma;Endothelial;Epithelial/Ductal;Fibroblast/CAF;Myeloid;T/NK	2436680333
GSE278688	COMT	Epithelial/Ductal	Myeloid	5.318132169355175	0.4465809218864775	12	0.647	1000	B/Plasma;Endothelial;Epithelial/Ductal;Fibroblast/CAF;Myeloid;T/NK	2436680333
GSE278688	COQ3	Fibroblast/CAF	Epithelial/Ductal	1.6851473015884342	0.032758193270630995	13	0.84	1000	B/Plasma;Endothelial;Epithelial/Ductal;Fibroblast/CAF;Myeloid;T/NK	2436680333
GSE278688	COQ5	Epithelial/Ductal	Fibroblast/CAF	2.931460868828721	0.08805570953376367	12	0.901	1000	B/Plasma;Endothelial;Epithelial/Ductal;Fibroblast/CAF;Myeloid;T/NK	2436680333
GSE278688	CRAT	Fibroblast/CAF	Endothelial	3.3445618277639317	0.17131854699665686	13	0.922	1000	B/Plasma;Endothelial;Epithelial/Ductal;Fibroblast/CAF;Myeloid;T/NK	2436680333
GSE278688	CRYM	Epithelial/Ductal	B/Plasma	1.8042087730194634	0.023225579127478375	12	0.998	1000	B/Plasma;Endothelial;Epithelial/Ductal;Fibroblast/CAF;Myeloid;T/NK	2436680333
GSE278688	CSAD	Endothelial	Epithelial/Ductal	3.1748240805589014	0.1490287369505445	13	0.994	1000	B/Plasma;Endothelial;Epithelial/Ductal;Fibroblast/CAF;Myeloid;T/NK	2436680333
GSE278688	CSKMT	Epithelial/Ductal	T/NK	4.122263256727446	0.19149074355642995	12	1.0	1000	B/Plasma;Endothelial;Epithelial/Ductal;Fibroblast/CAF;Myeloid;T/NK	2436680333
GSE278688	CTH	T/NK	B/Plasma	2.582036573651114	0.042029712808605485	13	0.791	1000	B/Plasma;Endothelial;Epithelial/Ductal;Fibroblast/CAF;Myeloid;T/NK	2436680333
GSE278688	CYP2E1	Fibroblast/CAF	Epithelial/Ductal	0.5972813075099769	0.007151822791408931	13	0.585	1000	B/Plasma;Endothelial;Epithelial/Ductal;Fibroblast/CAF;Myeloid;T/NK	2436680333
GSE278688	CYP4A11	NOT_EVALUABLE	NOT_EVALUABLE	NA	NA	0	NA	0		2436680333
GSE278688	CYP4B1	Epithelial/Ductal	Endothelial	0.6597185174878587	0.0057718275146993	12	0.693	1000	Endothelial;Epithelial/Ductal;Fibroblast/CAF;T/NK	2436680333
GSE278688	CYP4F11	Epithelial/Ductal	Fibroblast/CAF	2.416529502632303	0.05546716037544308	12	1.0	1000	Epithelial/Ductal;Fibroblast/CAF	2436680333
GSE278688	CYP4V2	T/NK	Epithelial/Ductal	3.578567084165616	0.12048738300605621	13	0.824	1000	B/Plasma;Endothelial;Epithelial/Ductal;Fibroblast/CAF;Myeloid;T/NK	2436680333
GSE278688	CYP4Z1	NOT_EVALUABLE	NOT_EVALUABLE	NA	NA	0	NA	0		2436680333
GSE278688	D2HGDH	Epithelial/Ductal	Endothelial	3.4913787256029156	0.1452576939299785	12	1.0	1000	B/Plasma;Endothelial;Epithelial/Ductal;Fibroblast/CAF;Myeloid;T/NK	2436680333
GSE278688	DAGLA	Epithelial/Ductal	Fibroblast/CAF	1.7211369064281516	0.0243740717329782	12	1.0	1000	Endothelial;Epithelial/Ductal;Fibroblast/CAF;Myeloid;T/NK	2436680333
GSE278688	DAGLB	Myeloid	Endothelial	3.448510626918723	0.16786932287882864	13	1.0	1000	B/Plasma;Endothelial;Epithelial/Ductal;Fibroblast/CAF;Myeloid;T/NK	2436680333
GSE278688	DAO	NOT_EVALUABLE	NOT_EVALUABLE	NA	NA	0	NA	0		2436680333
GSE278688	DCK	B/Plasma	T/NK	4.503002497836072	0.29792691166428775	11	0.989	1000	B/Plasma;Endothelial;Epithelial/Ductal;Fibroblast/CAF;Myeloid;T/NK	2436680333
GSE278688	DCPH1	Myeloid	Fibroblast/CAF	3.0523758926341316	0.1174115472487687	13	0.911	1000	B/Plasma;Endothelial;Epithelial/Ductal;Fibroblast/CAF;Myeloid;T/NK	2436680333
GSE278688	DCTD	Fibroblast/CAF	Epithelial/Ductal	4.0305801313818685	0.2893355893887121	13	0.683	1000	B/Plasma;Endothelial;Epithelial/Ductal;Fibroblast/CAF;Myeloid;T/NK	2436680333
GSE278688	DCTPP1	Epithelial/Ductal	Endothelial	4.162668527281288	0.23360816890491268	12	1.0	1000	B/Plasma;Endothelial;Epithelial/Ductal;Fibroblast/CAF;Myeloid;T/NK	2436680333
GSE278688	DDHD2	Endothelial	T/NK	3.248203515754374	0.15038736297001767	13	0.762	1000	B/Plasma;Endothelial;Epithelial/Ductal;Fibroblast/CAF;Myeloid;T/NK	2436680333
GSE278688	DDO	Myeloid	Epithelial/Ductal	1.626546469399142	0.02699988270400483	13	0.609	1000	Endothelial;Epithelial/Ductal;Fibroblast/CAF;Myeloid;T/NK	2436680333
GSE278688	DGAT1	Endothelial	Epithelial/Ductal	4.148390074716985	0.3181248553404227	13	0.473	1000	B/Plasma;Endothelial;Epithelial/Ductal;Fibroblast/CAF;Myeloid;T/NK	2436680333
GSE278688	DGAT2	B/Plasma	Myeloid	2.095258868028391	0.028796621560908207	11	0.866	1000	B/Plasma;Endothelial;Epithelial/Ductal;Myeloid;T/NK	2436680333
GSE278688	DGAT2L6	NOT_EVALUABLE	NOT_EVALUABLE	NA	NA	0	NA	0		2436680333
GSE278688	DGKA	T/NK	B/Plasma	4.308236271911521	0.2252076919773276	13	1.0	1000	B/Plasma;Endothelial;Epithelial/Ductal;Fibroblast/CAF;Myeloid;T/NK	2436680333
GSE278688	DGKB	Fibroblast/CAF	Epithelial/Ductal	1.405915970815522	0.039857454142781905	13	1.0	1000	Epithelial/Ductal;Fibroblast/CAF	2436680333
GSE278688	DGUOK	T/NK	Epithelial/Ductal	4.692058270796939	0.310169465046763	13	0.777	1000	B/Plasma;Endothelial;Epithelial/Ductal;Fibroblast/CAF;Myeloid;T/NK	2436680333
GSE278688	DIMT1	T/NK	B/Plasma	3.7119151513284177	0.13749911587306934	13	0.285	1000	B/Plasma;Endothelial;Epithelial/Ductal;Fibroblast/CAF;Myeloid;T/NK	2436680333
GSE278688	DNMT1	T/NK	Endothelial	4.5347234047923015	0.25784324379384205	13	1.0	1000	B/Plasma;Endothelial;Epithelial/Ductal;Fibroblast/CAF;Myeloid;T/NK	2436680333
GSE278688	DNMT3A	Endothelial	T/NK	3.498262895756891	0.17448955786038345	13	0.991	1000	B/Plasma;Endothelial;Epithelial/Ductal;Fibroblast/CAF;Myeloid;T/NK	2436680333
GSE278688	DNMT3B	Endothelial	Epithelial/Ductal	1.5531839197374413	0.025443554143839482	13	0.976	1000	B/Plasma;Endothelial;Epithelial/Ductal;Fibroblast/CAF;Myeloid;T/NK	2436680333
GSE278688	DOT1L	Myeloid	Endothelial	3.1640226787892893	0.14117050758718092	13	0.991	1000	B/Plasma;Endothelial;Epithelial/Ductal;Fibroblast/CAF;Myeloid;T/NK	2436680333
GSE278688	DPEP1	Fibroblast/CAF	Endothelial	3.460171748225788	0.09108432769370836	13	1.0	1000	B/Plasma;Endothelial;Epithelial/Ductal;Fibroblast/CAF;Myeloid	2436680333
GSE278688	DPH5	T/NK	Endothelial	2.495788543218135	0.043123292594167	13	0.515	1000	B/Plasma;Endothelial;Epithelial/Ductal;Fibroblast/CAF;Myeloid;T/NK	2436680333
GSE278688	EEF1AKMT1	Fibroblast/CAF	Endothelial	2.7902781940632124	0.10618989249655034	13	0.972	1000	B/Plasma;Endothelial;Epithelial/Ductal;Fibroblast/CAF;Myeloid;T/NK	2436680333
GSE278688	EEF1AKMT2	Endothelial	Fibroblast/CAF	3.35241804553129	0.16005142969731911	13	0.899	1000	B/Plasma;Endothelial;Epithelial/Ductal;Fibroblast/CAF;Myeloid;T/NK	2436680333
GSE278688	EEF1AKMT3	Fibroblast/CAF	Endothelial	2.2298459212664343	0.0628534991239268	13	0.921	1000	B/Plasma;Endothelial;Epithelial/Ductal;Fibroblast/CAF;Myeloid;T/NK	2436680333
GSE278688	EEF1AKMT4	Endothelial	Epithelial/Ductal	2.2350390615994007	0.05759343423267706	13	0.713	1000	B/Plasma;Endothelial;Epithelial/Ductal;Fibroblast/CAF;Myeloid;T/NK	2436680333
GSE278688	EEF2KMT	Epithelial/Ductal	Endothelial	2.7555473820308936	0.07172591284467754	12	0.983	1000	B/Plasma;Endothelial;Epithelial/Ductal;Fibroblast/CAF;Myeloid;T/NK	2436680333
GSE278688	EGLN1	Endothelial	Epithelial/Ductal	4.448058461248087	0.3554380057177475	13	1.0	1000	B/Plasma;Endothelial;Epithelial/Ductal;Fibroblast/CAF;Myeloid;T/NK	2436680333
GSE278688	EGLN2	Endothelial	T/NK	4.522023622448848	0.4276121422700332	13	1.0	1000	B/Plasma;Endothelial;Epithelial/Ductal;Fibroblast/CAF;Myeloid;T/NK	2436680333
GSE278688	EGLN3	Epithelial/Ductal	Endothelial	4.236642210831749	0.195526723081219	12	0.991	1000	B/Plasma;Endothelial;Epithelial/Ductal;Fibroblast/CAF;Myeloid;T/NK	2436680333
GSE278688	EHMT1	B/Plasma	Endothelial	4.738296779703557	0.30400574399288005	11	1.0	1000	B/Plasma;Endothelial;Epithelial/Ductal;Fibroblast/CAF;Myeloid;T/NK	2436680333
GSE278688	EHMT2	Epithelial/Ductal	Endothelial	3.385758164040284	0.1451001429082409	12	0.579	1000	B/Plasma;Endothelial;Epithelial/Ductal;Fibroblast/CAF;Myeloid;T/NK	2436680333
GSE278688	EMG1	Epithelial/Ductal	Fibroblast/CAF	3.521557196689454	0.14956245426775677	12	0.824	1000	B/Plasma;Endothelial;Epithelial/Ductal;Fibroblast/CAF;Myeloid;T/NK	2436680333
GSE278688	ENPP6	Myeloid	Fibroblast/CAF	0.6653773751703417	0.00611483368593123	13	0.782	1000	Endothelial;Epithelial/Ductal;Fibroblast/CAF;Myeloid;T/NK	2436680333
GSE278688	EPHX1	Fibroblast/CAF	Epithelial/Ductal	5.083860635555903	0.5099668218927899	13	0.997	1000	B/Plasma;Endothelial;Epithelial/Ductal;Fibroblast/CAF;Myeloid;T/NK	2436680333
GSE278688	ETFBKMT	Fibroblast/CAF	Endothelial	1.6739960869781496	0.032707678314547343	13	0.691	1000	B/Plasma;Endothelial;Epithelial/Ductal;Fibroblast/CAF;Myeloid;T/NK	2436680333
GSE278688	EZH1	Endothelial	Fibroblast/CAF	3.419494321229747	0.16330715175672864	13	0.997	1000	B/Plasma;Endothelial;Epithelial/Ductal;Fibroblast/CAF;Myeloid;T/NK	2436680333
GSE278688	EZH2	T/NK	Myeloid	3.5720432140358267	0.10698277068013885	13	1.0	1000	B/Plasma;Endothelial;Epithelial/Ductal;Fibroblast/CAF;Myeloid;T/NK	2436680333
GSE278688	FAAH	Epithelial/Ductal	Myeloid	3.3006437886307123	0.13202274901832134	12	1.0	1000	B/Plasma;Endothelial;Epithelial/Ductal;Fibroblast/CAF;Myeloid;T/NK	2436680333
GSE278688	FAHD1	Epithelial/Ductal	Fibroblast/CAF	3.4750822878294	0.1403695070661866	12	1.0	1000	B/Plasma;Endothelial;Epithelial/Ductal;Fibroblast/CAF;Myeloid;T/NK	2436680333
GSE278688	FBL	B/Plasma	Epithelial/Ductal	4.808143786433025	0.3728444961556091	11	0.498	1000	B/Plasma;Endothelial;Epithelial/Ductal;Fibroblast/CAF;Myeloid;T/NK	2436680333
GSE278688	FBLL1	Epithelial/Ductal	Fibroblast/CAF	1.2128532639784566	0.015376122428568841	12	0.817	1000	Endothelial;Epithelial/Ductal;Fibroblast/CAF;T/NK	2436680333
GSE278688	FMO1	Fibroblast/CAF	Epithelial/Ductal	3.491618011986482	0.12964800028005333	13	1.0	1000	B/Plasma;Epithelial/Ductal;Fibroblast/CAF;T/NK	2436680333
GSE278688	FMO3	Fibroblast/CAF	Endothelial	3.3675330964815466	0.13517337574568128	13	1.0	1000	Endothelial;Epithelial/Ductal;Fibroblast/CAF	2436680333
GSE278688	FTO	Fibroblast/CAF	Endothelial	3.740538351271632	0.23695057728528096	13	0.732	1000	B/Plasma;Endothelial;Epithelial/Ductal;Fibroblast/CAF;Myeloid;T/NK	2436680333
GSE278688	FTSJ1	T/NK	Fibroblast/CAF	3.6660961546832924	0.13475860443861779	13	0.686	1000	B/Plasma;Endothelial;Epithelial/Ductal;Fibroblast/CAF;Myeloid;T/NK	2436680333
GSE278688	FTSJ3	Endothelial	T/NK	3.278636977500708	0.1567402075473299	13	0.87	1000	B/Plasma;Endothelial;Epithelial/Ductal;Fibroblast/CAF;Myeloid;T/NK	2436680333
GSE278688	GAD1	Epithelial/Ductal	Fibroblast/CAF	1.5263259298632967	0.04121417655666226	12	0.631	1000	Endothelial;Epithelial/Ductal;Fibroblast/CAF;Myeloid;T/NK	2436680333
GSE278688	GAD2	NOT_EVALUABLE	NOT_EVALUABLE	NA	NA	0	NA	0		2436680333
GSE278688	GADL1	NOT_EVALUABLE	NOT_EVALUABLE	NA	NA	0	NA	0		2436680333
GSE278688	GAMT	Fibroblast/CAF	Epithelial/Ductal	3.8378720040737444	0.25514240998753085	13	0.996	1000	B/Plasma;Endothelial;Epithelial/Ductal;Fibroblast/CAF;Myeloid;T/NK	2436680333
GSE278688	GATM	Epithelial/Ductal	Myeloid	4.715848586655415	0.26629681645411785	12	1.0	1000	B/Plasma;Endothelial;Epithelial/Ductal;Fibroblast/CAF;Myeloid;T/NK	2436680333
GSE278688	GDPD2	Epithelial/Ductal	T/NK	0.5216437468822234	0.004935135121053567	12	1.0	1000	Epithelial/Ductal;T/NK	2436680333
GSE278688	GDPD3	Epithelial/Ductal	Endothelial	2.114188433316324	0.03629981531399065	12	0.982	1000	B/Plasma;Endothelial;Epithelial/Ductal;Fibroblast/CAF;Myeloid;T/NK	2436680333
GSE278688	GDPD5	Endothelial	T/NK	3.148294378417227	0.1324758051140002	13	0.998	1000	B/Plasma;Endothelial;Epithelial/Ductal;Fibroblast/CAF;Myeloid;T/NK	2436680333
GSE278688	GGCT	Epithelial/Ductal	Endothelial	4.198236109848121	0.23521418684041284	12	0.954	1000	B/Plasma;Endothelial;Epithelial/Ductal;Fibroblast/CAF;Myeloid;T/NK	2436680333
GSE278688	GGT1	Myeloid	T/NK	0.17094701078728558	0.0015524717447794232	13	0.979	1000	Myeloid;T/NK	2436680333
GSE278688	GGT5	Fibroblast/CAF	Endothelial	5.917494169829476	0.6116463556204769	13	1.0	1000	Endothelial;Epithelial/Ductal;Fibroblast/CAF;Myeloid;T/NK	2436680333
GSE278688	GK	Myeloid	T/NK	5.364830885992754	0.45081432317729847	13	1.0	1000	B/Plasma;Endothelial;Epithelial/Ductal;Fibroblast/CAF;Myeloid;T/NK	2436680333
GSE278688	GK2	NOT_EVALUABLE	NOT_EVALUABLE	NA	NA	0	NA	0		2436680333
GSE278688	GK3	Myeloid	B/Plasma	0.20409616184308038	0.0019852448669551615	13	0.567	1000	B/Plasma;Endothelial;Myeloid;T/NK	2436680333
GSE278688	GK5	Epithelial/Ductal	T/NK	3.670333675447708	0.16552653279842866	12	1.0	1000	B/Plasma;Endothelial;Epithelial/Ductal;Fibroblast/CAF;Myeloid;T/NK	2436680333
GSE278688	GLUD1	T/NK	Myeloid	4.947890554351416	0.33356316609453807	13	0.922	1000	B/Plasma;Endothelial;Epithelial/Ductal;Fibroblast/CAF;Myeloid;T/NK	2436680333
GSE278688	GLUD2	Endothelial	Epithelial/Ductal	0.7897225478626649	0.009820730823458461	13	0.499	1000	Endothelial;Epithelial/Ductal;Fibroblast/CAF;T/NK	2436680333
GSE278688	GNMT	Epithelial/Ductal	B/Plasma	1.0565502527420472	0.011258278966155858	12	0.99	1000	B/Plasma;Endothelial;Epithelial/Ductal;Fibroblast/CAF;Myeloid;T/NK	2436680333
GSE278688	GOT1	B/Plasma	Epithelial/Ductal	4.14272714894539	0.2006172635872196	11	0.961	1000	B/Plasma;Endothelial;Epithelial/Ductal;Fibroblast/CAF;Myeloid;T/NK	2436680333
GSE278688	GOT1L1	NOT_EVALUABLE	NOT_EVALUABLE	NA	NA	0	NA	0		2436680333
GSE278688	GOT2	Epithelial/Ductal	Endothelial	3.7268027032892754	0.17676743430683492	12	0.995	1000	B/Plasma;Endothelial;Epithelial/Ductal;Fibroblast/CAF;Myeloid;T/NK	2436680333
GSE278688	GPCPD1	Myeloid	T/NK	5.072339856656115	0.43924153095494894	13	0.999	1000	B/Plasma;Endothelial;Epithelial/Ductal;Fibroblast/CAF;Myeloid;T/NK	2436680333
GSE278688	GPT	Epithelial/Ductal	Myeloid	1.7921908711480714	0.028988738008455844	12	1.0	1000	B/Plasma;Epithelial/Ductal;Fibroblast/CAF;Myeloid;T/NK	2436680333
GSE278688	GPT2	Epithelial/Ductal	B/Plasma	2.447804801690723	0.05041106786033258	12	1.0	1000	B/Plasma;Endothelial;Epithelial/Ductal;Fibroblast/CAF;Myeloid;T/NK	2436680333
GSE278688	HAO1	NOT_EVALUABLE	NOT_EVALUABLE	NA	NA	0	NA	0		2436680333
GSE278688	HAO2	NOT_EVALUABLE	NOT_EVALUABLE	NA	NA	0	NA	0		2436680333
GSE278688	HDAC10	T/NK	Epithelial/Ductal	3.4237222166422403	0.10444156726986087	13	0.596	1000	B/Plasma;Endothelial;Epithelial/Ductal;Fibroblast/CAF;Myeloid;T/NK	2436680333
GSE278688	HEMK1	T/NK	Myeloid	2.481128770344966	0.04207016406909032	13	0.395	1000	B/Plasma;Endothelial;Epithelial/Ductal;Fibroblast/CAF;Myeloid;T/NK	2436680333
GSE278688	HEMK2	Epithelial/Ductal	Fibroblast/CAF	2.591683255035257	0.06138420910156561	12	0.885	1000	B/Plasma;Endothelial;Epithelial/Ductal;Fibroblast/CAF;Myeloid;T/NK	2436680333
GSE278688	HENMT1	T/NK	Epithelial/Ductal	3.0007277290146375	0.0681486769226568	13	1.0	1000	B/Plasma;Endothelial;Epithelial/Ductal;Fibroblast/CAF;Myeloid;T/NK	2436680333
GSE278688	HIF1AN	T/NK	Fibroblast/CAF	2.890548669886357	0.06199188637974906	13	0.289	1000	B/Plasma;Endothelial;Epithelial/Ductal;Fibroblast/CAF;Myeloid;T/NK	2436680333
GSE278688	HNMT	Epithelial/Ductal	Myeloid	4.792058345840405	0.33615495970488185	12	0.966	1000	B/Plasma;Endothelial;Epithelial/Ductal;Fibroblast/CAF;Myeloid;T/NK	2436680333
GSE278688	HOGA1	Epithelial/Ductal	Fibroblast/CAF	1.6994577772230859	0.04559605879500506	12	1.0	1000	Epithelial/Ductal;Fibroblast/CAF	2436680333
GSE278688	HPD	Epithelial/Ductal	Fibroblast/CAF	0.4954831687031629	0.010056182458164925	12	0.831	1000	Epithelial/Ductal;Fibroblast/CAF;T/NK	2436680333
GSE278688	HR	Epithelial/Ductal	Fibroblast/CAF	1.8461130731481328	0.04281766955537474	12	0.838	1000	Endothelial;Epithelial/Ductal;Fibroblast/CAF;Myeloid;T/NK	2436680333
GSE278688	ICMT	Fibroblast/CAF	Endothelial	3.561393325443613	0.21112000202021985	13	0.703	1000	B/Plasma;Endothelial;Epithelial/Ductal;Fibroblast/CAF;Myeloid;T/NK	2436680333
GSE278688	IDH1	Epithelial/Ductal	Myeloid	4.250169322202839	0.2293322664673961	12	0.93	1000	B/Plasma;Endothelial;Epithelial/Ductal;Fibroblast/CAF;Myeloid;T/NK	2436680333
GSE278688	IDH2	T/NK	Epithelial/Ductal	4.924699509270113	0.35100248891618246	13	0.997	1000	B/Plasma;Endothelial;Epithelial/Ductal;Fibroblast/CAF;Myeloid;T/NK	2436680333
GSE278688	IDH3A	B/Plasma	Fibroblast/CAF	3.5450360791187494	0.13255235377354146	11	0.811	1000	B/Plasma;Endothelial;Epithelial/Ductal;Fibroblast/CAF;Myeloid;T/NK	2436680333
GSE278688	IDO1	Myeloid	Endothelial	2.416905704433176	0.02515372501979361	13	0.996	1000	B/Plasma;Endothelial;Epithelial/Ductal;Fibroblast/CAF;Myeloid;T/NK	2436680333
GSE278688	IDO2	Myeloid	B/Plasma	0.40012958166679236	0.005746532669609584	13	0.89075	1000	B/Plasma;Epithelial/Ductal;Fibroblast/CAF;Myeloid	2436680333
GSE278688	IL4I1	Myeloid	T/NK	4.141872107673133	0.19437824938160292	13	1.0	1000	B/Plasma;Endothelial;Epithelial/Ductal;Fibroblast/CAF;Myeloid;T/NK	2436680333
GSE278688	IMPA1	T/NK	B/Plasma	3.48910508784338	0.11204765951164448	13	0.882	1000	B/Plasma;Endothelial;Epithelial/Ductal;Fibroblast/CAF;Myeloid;T/NK	2436680333
GSE278688	IMPA2	Epithelial/Ductal	Fibroblast/CAF	4.4672215583848525	0.29089116956740135	12	1.0	1000	B/Plasma;Endothelial;Epithelial/Ductal;Fibroblast/CAF;Myeloid;T/NK	2436680333
GSE278688	INMT	Endothelial	Fibroblast/CAF	3.2360938902394074	0.13796205102750572	13	0.872	1000	Endothelial;Epithelial/Ductal;Fibroblast/CAF;Myeloid;T/NK	2436680333
GSE278688	JMJD4	Epithelial/Ductal	Fibroblast/CAF	2.714183970317911	0.07719877014886123	12	0.775	1000	B/Plasma;Endothelial;Epithelial/Ductal;Fibroblast/CAF;Myeloid;T/NK	2436680333
GSE278688	JMJD6	T/NK	Myeloid	5.108083320970507	0.38607473459110014	13	1.0	1000	B/Plasma;Endothelial;Epithelial/Ductal;Fibroblast/CAF;Myeloid;T/NK	2436680333
GSE278688	JMJD7	T/NK	Epithelial/Ductal	3.0787586778074547	0.0738802046721038	13	1.0	1000	B/Plasma;Endothelial;Epithelial/Ductal;Fibroblast/CAF;Myeloid;T/NK	2436680333
GSE278688	KDM1A	Epithelial/Ductal	Endothelial	3.8951515663902865	0.1961224698553069	12	0.557	1000	B/Plasma;Endothelial;Epithelial/Ductal;Fibroblast/CAF;Myeloid;T/NK	2436680333
GSE278688	KDM2A	T/NK	B/Plasma	4.991182642892403	0.37304967716811926	13	1.0	1000	B/Plasma;Endothelial;Epithelial/Ductal;Fibroblast/CAF;Myeloid;T/NK	2436680333
GSE278688	KDM2B	B/Plasma	T/NK	3.9056362037320245	0.185708932333693	11	0.693	1000	B/Plasma;Endothelial;Epithelial/Ductal;Fibroblast/CAF;Myeloid;T/NK	2436680333
GSE278688	KDM3A	T/NK	Endothelial	3.7595678958024292	0.1371274974543146	13	1.0	1000	B/Plasma;Endothelial;Epithelial/Ductal;Fibroblast/CAF;Myeloid;T/NK	2436680333
GSE278688	KDM3B	Epithelial/Ductal	B/Plasma	3.7731231739959585	0.18653820640519955	12	0.862	1000	B/Plasma;Endothelial;Epithelial/Ductal;Fibroblast/CAF;Myeloid;T/NK	2436680333
GSE278688	KDM4A	T/NK	Epithelial/Ductal	3.25882359453532	0.08659411064951114	13	0.33	1000	B/Plasma;Endothelial;Epithelial/Ductal;Fibroblast/CAF;Myeloid;T/NK	2436680333
GSE278688	KDM4B	B/Plasma	Myeloid	4.351859275028485	0.25387996694338866	11	1.0	1000	B/Plasma;Endothelial;Epithelial/Ductal;Fibroblast/CAF;Myeloid;T/NK	2436680333
GSE278688	KDM4C	B/Plasma	T/NK	4.499487597019904	0.31042659195806344	11	0.96	1000	B/Plasma;Endothelial;Epithelial/Ductal;Fibroblast/CAF;Myeloid;T/NK	2436680333
GSE278688	KDM4D	Fibroblast/CAF	B/Plasma	0.8299208008562104	0.010033951695766355	13	0.774	1000	B/Plasma;Endothelial;Epithelial/Ductal;Fibroblast/CAF;Myeloid;T/NK	2436680333
GSE278688	KDM4E	NOT_EVALUABLE	NOT_EVALUABLE	NA	NA	0	NA	0		2436680333
GSE278688	KDM4F	NOT_EVALUABLE	NOT_EVALUABLE	NA	NA	0	NA	0		2436680333
GSE278688	KDM5A	T/NK	B/Plasma	4.644495997382278	0.2930547110554053	13	0.841	1000	B/Plasma;Endothelial;Epithelial/Ductal;Fibroblast/CAF;Myeloid;T/NK	2436680333
GSE278688	KDM5B	Epithelial/Ductal	Endothelial	4.481639839806863	0.30158653479940506	12	0.588	1000	B/Plasma;Endothelial;Epithelial/Ductal;Fibroblast/CAF;Myeloid;T/NK	2436680333
GSE278688	KDM5C	Endothelial	T/NK	3.8027662094750587	0.24763126821333734	13	1.0	1000	B/Plasma;Endothelial;Epithelial/Ductal;Fibroblast/CAF;Myeloid;T/NK	2436680333
GSE278688	KDM5D	B/Plasma	T/NK	2.1318448851240217	0.09010464604135347	11	0.749	1000	B/Plasma;Endothelial;Epithelial/Ductal;Fibroblast/CAF;Myeloid;T/NK	2436680333
GSE278688	KDM6A	T/NK	Endothelial	4.110279428376723	0.20017980368839186	13	0.885	1000	B/Plasma;Endothelial;Epithelial/Ductal;Fibroblast/CAF;Myeloid;T/NK	2436680333
GSE278688	KDM6B	Myeloid	B/Plasma	5.724441837360306	0.4727868829615083	13	1.0	1000	B/Plasma;Endothelial;Epithelial/Ductal;Fibroblast/CAF;Myeloid;T/NK	2436680333
GSE278688	KDM7A	Myeloid	B/Plasma	3.6165301813467456	0.18429249346654075	13	0.431	1000	B/Plasma;Endothelial;Epithelial/Ductal;Fibroblast/CAF;Myeloid;T/NK	2436680333
GSE278688	KDM8	T/NK	B/Plasma	1.5823207800186276	0.015454369458401392	13	0.52	1000	B/Plasma;Endothelial;Epithelial/Ductal;Fibroblast/CAF;Myeloid;T/NK	2436680333
GSE278688	KMT2A	T/NK	Endothelial	5.240174283655382	0.45536815824431687	13	1.0	1000	B/Plasma;Endothelial;Epithelial/Ductal;Fibroblast/CAF;Myeloid;T/NK	2436680333
GSE278688	KMT2B	Epithelial/Ductal	T/NK	3.8453990571466683	0.20067260730179223	12	0.696	1000	B/Plasma;Endothelial;Epithelial/Ductal;Fibroblast/CAF;Myeloid;T/NK	2436680333
GSE278688	KMT2C	Endothelial	Epithelial/Ductal	4.706582174324959	0.4474080052597463	13	0.468	1000	B/Plasma;Endothelial;Epithelial/Ductal;Fibroblast/CAF;Myeloid;T/NK	2436680333
GSE278688	KMT2D	Endothelial	Epithelial/Ductal	3.525938912032152	0.19198002558138974	13	1.0	1000	B/Plasma;Endothelial;Epithelial/Ductal;Fibroblast/CAF;Myeloid;T/NK	2436680333
GSE278688	KMT5A	Endothelial	Epithelial/Ductal	3.6082106867594637	0.2001465354338311	13	1.0	1000	B/Plasma;Endothelial;Epithelial/Ductal;Fibroblast/CAF;Myeloid;T/NK	2436680333
GSE278688	KMT5B	Endothelial	Epithelial/Ductal	3.8699171195083273	0.2446497071427408	13	0.757	1000	B/Plasma;Endothelial;Epithelial/Ductal;Fibroblast/CAF;Myeloid;T/NK	2436680333
GSE278688	KMT5C	T/NK	Epithelial/Ductal	3.212784071839387	0.08792273943949833	13	0.949	1000	B/Plasma;Endothelial;Epithelial/Ductal;Fibroblast/CAF;Myeloid;T/NK	2436680333
GSE278688	KYAT1	Epithelial/Ductal	B/Plasma	2.0500202469341104	0.035010054892281144	12	0.93	1000	B/Plasma;Endothelial;Epithelial/Ductal;Fibroblast/CAF;Myeloid;T/NK	2436680333
GSE278688	KYAT3	Fibroblast/CAF	Epithelial/Ductal	3.0779132345969478	0.1371685041909725	13	0.641	1000	B/Plasma;Endothelial;Epithelial/Ductal;Fibroblast/CAF;Myeloid;T/NK	2436680333
GSE278688	L2HGDH	T/NK	Epithelial/Ductal	1.931497218212158	0.023660059217455218	13	0.439	1000	B/Plasma;Endothelial;Epithelial/Ductal;Fibroblast/CAF;Myeloid;T/NK	2436680333
GSE278688	LACC1	Myeloid	Endothelial	2.8790968853499543	0.09778665789606569	13	1.0	1000	B/Plasma;Endothelial;Epithelial/Ductal;Fibroblast/CAF;Myeloid;T/NK	2436680333
GSE278688	LARS1	Endothelial	Epithelial/Ductal	4.511647966672073	0.38501400923232343	13	0.937	1000	B/Plasma;Endothelial;Epithelial/Ductal;Fibroblast/CAF;Myeloid;T/NK	2436680333
GSE278688	LARS2	B/Plasma	Endothelial	2.3954979051025362	0.041100041592794984	11	0.694	1000	B/Plasma;Endothelial;Epithelial/Ductal;Fibroblast/CAF;Myeloid;T/NK	2436680333
GSE278688	LCMT1	T/NK	Epithelial/Ductal	3.8343165950391924	0.14999786136197715	13	0.999	1000	B/Plasma;Endothelial;Epithelial/Ductal;Fibroblast/CAF;Myeloid;T/NK	2436680333
GSE278688	LCMT2	Fibroblast/CAF	B/Plasma	1.5886595693057666	0.03250712885505165	13	0.74	1000	B/Plasma;Endothelial;Epithelial/Ductal;Fibroblast/CAF;Myeloid;T/NK	2436680333
GSE278688	LDHA	T/NK	Fibroblast/CAF	6.472505731857305	0.7412099425243728	13	0.88	1000	B/Plasma;Endothelial;Epithelial/Ductal;Fibroblast/CAF;Myeloid;T/NK	2436680333
GSE278688	LDHAL6A	B/Plasma	T/NK	0.25750852904748006	0.001436238030077109	11	0.936	1000	B/Plasma;Epithelial/Ductal;Myeloid;T/NK	2436680333
GSE278688	LDHAL6B	Epithelial/Ductal	NOT_EVALUABLE	0.07033391841684601	0.0004709848049118417	12	1.0	1000	Epithelial/Ductal	2436680333
GSE278688	LDHB	T/NK	Fibroblast/CAF	5.993655837804656	0.6459771237265725	13	1.0	1000	B/Plasma;Endothelial;Epithelial/Ductal;Fibroblast/CAF;Myeloid;T/NK	2436680333
GSE278688	LDHC	Endothelial	Epithelial/Ductal	0.3988664914102766	0.005146347616685592	13	0.7911666666666666	1000	B/Plasma;Endothelial;Epithelial/Ductal;Fibroblast/CAF;Myeloid;T/NK	2436680333
GSE278688	LDHD	Epithelial/Ductal	Myeloid	1.8833125382731648	0.03328487575427961	12	1.0	1000	B/Plasma;Endothelial;Epithelial/Ductal;Fibroblast/CAF;Myeloid;T/NK	2436680333
GSE278688	LIPA	Myeloid	Endothelial	4.752693284295775	0.3328089701628755	13	1.0	1000	B/Plasma;Endothelial;Epithelial/Ductal;Fibroblast/CAF;Myeloid;T/NK	2436680333
GSE278688	LIPC	Epithelial/Ductal	T/NK	2.082965547489238	0.05214211699053128	12	0.993	1000	Epithelial/Ductal;Fibroblast/CAF;Myeloid;T/NK	2436680333
GSE278688	LIPE	B/Plasma	T/NK	2.497974328631301	0.04886555593659629	11	0.997	1000	B/Plasma;Endothelial;Epithelial/Ductal;Fibroblast/CAF;Myeloid;T/NK	2436680333
GSE278688	LRRC8A	Endothelial	Epithelial/Ductal	4.738465877254149	0.44859681161660375	13	1.0	1000	B/Plasma;Endothelial;Epithelial/Ductal;Fibroblast/CAF;Myeloid;T/NK	2436680333
GSE278688	LRRC8B	Endothelial	T/NK	2.812226518198516	0.10314460969033759	13	0.711	1000	B/Plasma;Endothelial;Epithelial/Ductal;Fibroblast/CAF;Myeloid;T/NK	2436680333
GSE278688	LRRC8C	Endothelial	T/NK	4.581335056141162	0.41539998671255063	13	1.0	1000	B/Plasma;Endothelial;Epithelial/Ductal;Fibroblast/CAF;Myeloid;T/NK	2436680333
GSE278688	LRRC8D	T/NK	Myeloid	3.1946722329610493	0.07962217505552933	13	0.557	1000	B/Plasma;Endothelial;Epithelial/Ductal;Fibroblast/CAF;Myeloid;T/NK	2436680333
GSE278688	LRRC8E	Epithelial/Ductal	Fibroblast/CAF	1.9735905986040176	0.03759984299231688	12	1.0	1000	Epithelial/Ductal;Fibroblast/CAF;T/NK	2436680333
GSE278688	LYPLA1	Epithelial/Ductal	Endothelial	4.533789533180778	0.29033957653773523	12	0.757	1000	B/Plasma;Endothelial;Epithelial/Ductal;Fibroblast/CAF;Myeloid;T/NK	2436680333
GSE278688	LYPLA2	Epithelial/Ductal	T/NK	3.9808536117128153	0.20809802734792163	12	0.655	1000	B/Plasma;Endothelial;Epithelial/Ductal;Fibroblast/CAF;Myeloid;T/NK	2436680333
GSE278688	MBLAC2	Fibroblast/CAF	Endothelial	1.9937736130788162	0.04846117706576965	13	0.5	1000	B/Plasma;Endothelial;Epithelial/Ductal;Fibroblast/CAF;Myeloid;T/NK	2436680333
GSE278688	MDH1	Epithelial/Ductal	Fibroblast/CAF	4.803684119763737	0.3382639461128302	12	0.819	1000	B/Plasma;Endothelial;Epithelial/Ductal;Fibroblast/CAF;Myeloid;T/NK	2436680333
GSE278688	ME1	Myeloid	Epithelial/Ductal	2.406664882317353	0.05854105992347888	13	0.693	1000	B/Plasma;Endothelial;Epithelial/Ductal;Fibroblast/CAF;Myeloid;T/NK	2436680333
GSE278688	ME2	Myeloid	T/NK	4.2561097591927	0.3085324344577648	13	0.999	1000	B/Plasma;Endothelial;Epithelial/Ductal;Fibroblast/CAF;Myeloid;T/NK	2436680333
GSE278688	ME3	Endothelial	Epithelial/Ductal	3.48465730937532	0.17762301817408116	13	0.891	1000	B/Plasma;Endothelial;Epithelial/Ductal;Fibroblast/CAF;Myeloid;T/NK	2436680333
GSE278688	MECOM	Endothelial	Epithelial/Ductal	5.1086564147375	0.517719030581391	13	1.0	1000	B/Plasma;Endothelial;Epithelial/Ductal;Fibroblast/CAF;Myeloid;T/NK	2436680333
GSE278688	MEPCE	B/Plasma	Epithelial/Ductal	3.242575555643151	0.11098935367775152	11	0.648	1000	B/Plasma;Endothelial;Epithelial/Ductal;Fibroblast/CAF;Myeloid;T/NK	2436680333
GSE278688	METTL1	Fibroblast/CAF	Epithelial/Ductal	2.5354134608581194	0.07942190031687213	13	0.873	1000	B/Plasma;Endothelial;Epithelial/Ductal;Fibroblast/CAF;Myeloid;T/NK	2436680333
GSE278688	METTL13	NOT_EVALUABLE	NOT_EVALUABLE	NA	NA	0	NA	0		2436680333
GSE278688	METTL15	T/NK	Epithelial/Ductal	3.6146556217771564	0.12629275156438843	13	0.978	1000	B/Plasma;Endothelial;Epithelial/Ductal;Fibroblast/CAF;Myeloid;T/NK	2436680333
GSE278688	METTL16	B/Plasma	T/NK	3.517631204497145	0.12961849654587726	11	0.669	1000	B/Plasma;Endothelial;Epithelial/Ductal;Fibroblast/CAF;Myeloid;T/NK	2436680333
GSE278688	METTL18	B/Plasma	T/NK	2.2171856457394856	0.034164984727442005	11	0.59	1000	B/Plasma;Endothelial;Epithelial/Ductal;Fibroblast/CAF;Myeloid;T/NK	2436680333
GSE278688	METTL21A	B/Plasma	Myeloid	4.053788602006369	0.2111421370163453	11	0.985	1000	B/Plasma;Endothelial;Epithelial/Ductal;Fibroblast/CAF;Myeloid;T/NK	2436680333
GSE278688	METTL21C	NOT_EVALUABLE	NOT_EVALUABLE	NA	NA	0	NA	0		2436680333
GSE278688	METTL22	Myeloid	Epithelial/Ductal	3.0475344324454525	0.11845920602804375	13	1.0	1000	B/Plasma;Endothelial;Epithelial/Ductal;Fibroblast/CAF;Myeloid;T/NK	2436680333
GSE278688	METTL23	T/NK	B/Plasma	4.227990662223219	0.21729898469927547	13	0.989	1000	B/Plasma;Endothelial;Epithelial/Ductal;Fibroblast/CAF;Myeloid;T/NK	2436680333
GSE278688	METTL2A	Epithelial/Ductal	B/Plasma	2.76333060274486	0.07998373288630249	12	0.755	1000	B/Plasma;Endothelial;Epithelial/Ductal;Fibroblast/CAF;Myeloid;T/NK	2436680333
GSE278688	METTL2B	Epithelial/Ductal	T/NK	3.121758479420517	0.10763075196466232	12	0.814	1000	B/Plasma;Endothelial;Epithelial/Ductal;Fibroblast/CAF;Myeloid;T/NK	2436680333
GSE278688	METTL3	Endothelial	Fibroblast/CAF	3.0554755745924944	0.12345146601925291	13	0.751	1000	B/Plasma;Endothelial;Epithelial/Ductal;Fibroblast/CAF;Myeloid;T/NK	2436680333
GSE278688	METTL4	B/Plasma	T/NK	3.199093144179757	0.09230997990943682	11	0.637	1000	B/Plasma;Endothelial;Epithelial/Ductal;Fibroblast/CAF;Myeloid;T/NK	2436680333
GSE278688	METTL5	Epithelial/Ductal	T/NK	4.303686556484421	0.25197598902133905	12	1.0	1000	B/Plasma;Endothelial;Epithelial/Ductal;Fibroblast/CAF;Myeloid;T/NK	2436680333
GSE278688	METTL6	B/Plasma	Epithelial/Ductal	2.567289278048472	0.052408059458766386	11	0.512	1000	B/Plasma;Endothelial;Epithelial/Ductal;Fibroblast/CAF;Myeloid;T/NK	2436680333
GSE278688	METTL8	B/Plasma	T/NK	3.6195798044674365	0.1347818160417692	11	0.982	1000	B/Plasma;Endothelial;Epithelial/Ductal;Fibroblast/CAF;Myeloid;T/NK	2436680333
GSE278688	METTL9	T/NK	Endothelial	4.740260539124867	0.31985982795915907	13	0.999	1000	B/Plasma;Endothelial;Epithelial/Ductal;Fibroblast/CAF;Myeloid;T/NK	2436680333
GSE278688	MGLL	Endothelial	Epithelial/Ductal	5.107937227853681	0.49289487459025355	13	0.563	1000	B/Plasma;Endothelial;Epithelial/Ductal;Fibroblast/CAF;Myeloid;T/NK	2436680333
GSE278688	MOGAT1	Epithelial/Ductal	Myeloid	1.6789820594673797	0.02010567310678468	12	0.96	1000	Endothelial;Epithelial/Ductal;Fibroblast/CAF;Myeloid	2436680333
GSE278688	MOGAT2	Epithelial/Ductal	NOT_EVALUABLE	0.6234982903087299	0.010508513809052891	12	1.0	1000	Epithelial/Ductal	2436680333
GSE278688	MOGAT3	Epithelial/Ductal	NOT_EVALUABLE	0.8871023306404789	0.013468617652397276	12	1.0	1000	Epithelial/Ductal	2436680333
GSE278688	MPC1	T/NK	Myeloid	4.20189373920152	0.20294397466953182	13	0.567	1000	B/Plasma;Endothelial;Epithelial/Ductal;Fibroblast/CAF;Myeloid;T/NK	2436680333
GSE278688	MPC1L	NOT_EVALUABLE	NOT_EVALUABLE	NA	NA	0	NA	0		2436680333
GSE278688	MPC2	Epithelial/Ductal	T/NK	4.986437872687556	0.36161055339972886	12	0.814	1000	B/Plasma;Endothelial;Epithelial/Ductal;Fibroblast/CAF;Myeloid;T/NK	2436680333
GSE278688	MPST	Epithelial/Ductal	Fibroblast/CAF	4.85428070010018	0.35153697051600613	12	1.0	1000	B/Plasma;Endothelial;Epithelial/Ductal;Fibroblast/CAF;Myeloid;T/NK	2436680333
GSE278688	MRM1	Epithelial/Ductal	B/Plasma	2.0495899817420544	0.04040349523973597	12	0.821	1000	B/Plasma;Endothelial;Epithelial/Ductal;Fibroblast/CAF;Myeloid;T/NK	2436680333
GSE278688	MRM2	Epithelial/Ductal	Myeloid	2.8544687407195313	0.0875238670618735	12	0.572	1000	B/Plasma;Endothelial;Epithelial/Ductal;Fibroblast/CAF;Myeloid;T/NK	2436680333
GSE278688	MRM3	B/Plasma	T/NK	3.031296995183314	0.08165610049743877	11	0.937	1000	B/Plasma;Endothelial;Epithelial/Ductal;Fibroblast/CAF;Myeloid;T/NK	2436680333
GSE278688	MTO1	T/NK	B/Plasma	3.359119276867702	0.09695674687291453	13	0.527	1000	B/Plasma;Endothelial;Epithelial/Ductal;Fibroblast/CAF;Myeloid;T/NK	2436680333
GSE278688	MTRR	T/NK	B/Plasma	3.1510729398356867	0.07964904559202791	13	1.0	1000	B/Plasma;Endothelial;Epithelial/Ductal;Fibroblast/CAF;Myeloid;T/NK	2436680333
GSE278688	NAAA	Myeloid	T/NK	4.124994087906253	0.2564967659251001	13	1.0	1000	B/Plasma;Endothelial;Epithelial/Ductal;Fibroblast/CAF;Myeloid;T/NK	2436680333
GSE278688	NDUFAF7	T/NK	B/Plasma	3.307293673102376	0.09082622955370365	13	0.881	1000	B/Plasma;Endothelial;Epithelial/Ductal;Fibroblast/CAF;Myeloid;T/NK	2436680333
GSE278688	NIT1	Epithelial/Ductal	Fibroblast/CAF	3.523985000169461	0.15272277643017304	12	0.999	1000	B/Plasma;Endothelial;Epithelial/Ductal;Fibroblast/CAF;Myeloid;T/NK	2436680333
GSE278688	NIT2	Epithelial/Ductal	Fibroblast/CAF	3.999975751173159	0.21227916293649587	12	1.0	1000	B/Plasma;Endothelial;Epithelial/Ductal;Fibroblast/CAF;Myeloid;T/NK	2436680333
GSE278688	NNMT	Fibroblast/CAF	Endothelial	6.584894954692962	0.7778966230355523	13	1.0	1000	B/Plasma;Endothelial;Epithelial/Ductal;Fibroblast/CAF;Myeloid;T/NK	2436680333
GSE278688	NOP2	T/NK	Epithelial/Ductal	3.5619895855077184	0.11862873311513002	13	0.904	1000	B/Plasma;Endothelial;Epithelial/Ductal;Fibroblast/CAF;Myeloid;T/NK	2436680333
GSE278688	NPL	Myeloid	T/NK	3.719261268769018	0.18944344712799815	13	1.0	1000	B/Plasma;Endothelial;Epithelial/Ductal;Fibroblast/CAF;Myeloid;T/NK	2436680333
GSE278688	NSD1	B/Plasma	T/NK	4.154907448437121	0.21733816408213602	11	0.539	1000	B/Plasma;Endothelial;Epithelial/Ductal;Fibroblast/CAF;Myeloid;T/NK	2436680333
GSE278688	NSD2	Epithelial/Ductal	T/NK	3.6707497232282473	0.16138421562636615	12	0.993	1000	B/Plasma;Endothelial;Epithelial/Ductal;Fibroblast/CAF;Myeloid;T/NK	2436680333
GSE278688	NSD3	T/NK	B/Plasma	5.29254838260115	0.46756181755835236	13	0.789	1000	B/Plasma;Endothelial;Epithelial/Ductal;Fibroblast/CAF;Myeloid;T/NK	2436680333
GSE278688	NSUN2	T/NK	B/Plasma	3.716857663025334	0.13531178033053032	13	0.473	1000	B/Plasma;Endothelial;Epithelial/Ductal;Fibroblast/CAF;Myeloid;T/NK	2436680333
GSE278688	NSUN3	Epithelial/Ductal	T/NK	2.8024506359047314	0.07669947444685499	12	0.52	1000	B/Plasma;Endothelial;Epithelial/Ductal;Fibroblast/CAF;Myeloid;T/NK	2436680333
GSE278688	NSUN4	B/Plasma	Endothelial	3.049696133148652	0.08322560900633975	11	0.921	1000	B/Plasma;Endothelial;Epithelial/Ductal;Fibroblast/CAF;Myeloid;T/NK	2436680333
GSE278688	NSUN5	Epithelial/Ductal	B/Plasma	3.596542856568331	0.15387726339230115	12	0.805	1000	B/Plasma;Endothelial;Epithelial/Ductal;Fibroblast/CAF;Myeloid;T/NK	2436680333
GSE278688	NSUN6	Endothelial	Epithelial/Ductal	3.2244519588148637	0.15072186680954397	13	0.475	1000	B/Plasma;Endothelial;Epithelial/Ductal;Fibroblast/CAF;Myeloid;T/NK	2436680333
GSE278688	NT5C	Epithelial/Ductal	B/Plasma	4.898505699364121	0.40587460009330756	12	0.969	1000	B/Plasma;Endothelial;Epithelial/Ductal;Fibroblast/CAF;Myeloid;T/NK	2436680333
GSE278688	NT5C1A	Fibroblast/CAF	T/NK	0.1247148683361329	0.0017975147784448386	13	0.6215	1000	Fibroblast/CAF;T/NK	2436680333
GSE278688	NT5C2	Epithelial/Ductal	Endothelial	3.8772225888290373	0.19370714095052788	12	0.934	1000	B/Plasma;Endothelial;Epithelial/Ductal;Fibroblast/CAF;Myeloid;T/NK	2436680333
GSE278688	NT5E	Endothelial	Fibroblast/CAF	3.7178222561843453	0.20587350055059653	13	0.594	1000	B/Plasma;Endothelial;Epithelial/Ductal;Fibroblast/CAF;Myeloid;T/NK	2436680333
GSE278688	NT5M	T/NK	Myeloid	1.641598514938845	0.016579962183537113	13	0.962	1000	B/Plasma;Endothelial;Epithelial/Ductal;Fibroblast/CAF;Myeloid;T/NK	2436680333
GSE278688	NTMT1	Fibroblast/CAF	Epithelial/Ductal	3.8570159479918873	0.26144747686960507	13	0.445	1000	B/Plasma;Endothelial;Epithelial/Ductal;Fibroblast/CAF;Myeloid;T/NK	2436680333
GSE278688	NTMT2	Fibroblast/CAF	NOT_EVALUABLE	0.24564620568696943	0.004805513032990062	13	1.0	1000	Fibroblast/CAF	2436680333
GSE278688	OAT	Fibroblast/CAF	T/NK	4.94444058885418	0.5056176696198593	13	1.0	1000	B/Plasma;Endothelial;Epithelial/Ductal;Fibroblast/CAF;Myeloid;T/NK	2436680333
GSE278688	ODC1	B/Plasma	T/NK	5.553663256466263	0.5197329038846045	11	0.725	1000	B/Plasma;Endothelial;Epithelial/Ductal;Fibroblast/CAF;Myeloid;T/NK	2436680333
GSE278688	OGDH	T/NK	Myeloid	4.009305579562241	0.1767571245270365	13	0.781	1000	B/Plasma;Endothelial;Epithelial/Ductal;Fibroblast/CAF;Myeloid;T/NK	2436680333
GSE278688	OGDHL	Epithelial/Ductal	NOT_EVALUABLE	0.9229242007971573	0.012295697946051858	12	1.0	1000	Epithelial/Ductal	2436680333
GSE278688	OGFOD1	T/NK	Fibroblast/CAF	3.3132645103919622	0.09251060374606702	13	0.82	1000	B/Plasma;Endothelial;Epithelial/Ductal;Fibroblast/CAF;Myeloid;T/NK	2436680333
GSE278688	OLAH	Myeloid	T/NK	0.2187261283523043	0.0015324166000694152	13	0.546	1000	B/Plasma;Fibroblast/CAF;Myeloid;T/NK	2436680333
GSE278688	OTC	Epithelial/Ductal	Endothelial	0.544476119238353	0.007098866292565234	12	0.754	1000	Endothelial;Epithelial/Ductal	2436680333
GSE278688	P3H1	Fibroblast/CAF	Endothelial	4.254749278825082	0.3064601478102704	13	0.973	1000	B/Plasma;Endothelial;Epithelial/Ductal;Fibroblast/CAF;Myeloid;T/NK	2436680333
GSE278688	P3H2	Epithelial/Ductal	Myeloid	3.2686565296466945	0.11292954963186973	12	0.871	1000	B/Plasma;Endothelial;Epithelial/Ductal;Fibroblast/CAF;Myeloid;T/NK	2436680333
GSE278688	P3H3	Fibroblast/CAF	Endothelial	3.7824692762577823	0.23055448398812203	13	1.0	1000	B/Plasma;Endothelial;Epithelial/Ductal;Fibroblast/CAF;Myeloid;T/NK	2436680333
GSE278688	P4HA1	Myeloid	Fibroblast/CAF	4.810548076313639	0.39341912208005525	13	0.966	1000	B/Plasma;Endothelial;Epithelial/Ductal;Fibroblast/CAF;Myeloid;T/NK	2436680333
GSE278688	P4HA2	Fibroblast/CAF	Epithelial/Ductal	4.124708280796941	0.2862008010076406	13	1.0	1000	B/Plasma;Endothelial;Epithelial/Ductal;Fibroblast/CAF;Myeloid;T/NK	2436680333
GSE278688	P4HA3	Fibroblast/CAF	Endothelial	2.8392170311101905	0.09808399630311487	13	0.911	1000	B/Plasma;Endothelial;Epithelial/Ductal;Fibroblast/CAF;Myeloid;T/NK	2436680333
GSE278688	P4HTM	Epithelial/Ductal	Fibroblast/CAF	4.130109066292574	0.23714991611847316	12	0.98	1000	B/Plasma;Endothelial;Epithelial/Ductal;Fibroblast/CAF;Myeloid;T/NK	2436680333
GSE278688	PAOX	B/Plasma	T/NK	3.003076356398158	0.07827416612246212	11	1.0	1000	B/Plasma;Endothelial;Epithelial/Ductal;Fibroblast/CAF;Myeloid;T/NK	2436680333
GSE278688	PC	Myeloid	Epithelial/Ductal	1.9482971474882491	0.04105738976496921	13	0.896	1000	B/Plasma;Endothelial;Epithelial/Ductal;Fibroblast/CAF;Myeloid;T/NK	2436680333
GSE278688	PCIF1	T/NK	B/Plasma	4.082590090736001	0.19174800911792983	13	1.0	1000	B/Plasma;Endothelial;Epithelial/Ductal;Fibroblast/CAF;Myeloid;T/NK	2436680333
GSE278688	PCMT1	T/NK	Myeloid	4.384500972550911	0.24735426069850586	13	0.965	1000	B/Plasma;Endothelial;Epithelial/Ductal;Fibroblast/CAF;Myeloid;T/NK	2436680333
GSE278688	PDHA1	Epithelial/Ductal	T/NK	3.9665586277515934	0.20798524654259853	12	0.998	1000	B/Plasma;Endothelial;Epithelial/Ductal;Fibroblast/CAF;Myeloid;T/NK	2436680333
GSE278688	PDHA2	NOT_EVALUABLE	NOT_EVALUABLE	NA	NA	0	NA	0		2436680333
GSE278688	PDHB	Fibroblast/CAF	Endothelial	4.06554590789256	0.30156689943988507	13	0.995	1000	B/Plasma;Endothelial;Epithelial/Ductal;Fibroblast/CAF;Myeloid;T/NK	2436680333
GSE278688	PEMT	Endothelial	Fibroblast/CAF	3.592339371320702	0.19942808314507265	13	0.98	1000	B/Plasma;Endothelial;Epithelial/Ductal;Fibroblast/CAF;Myeloid;T/NK	2436680333
GSE278688	PEPD	Myeloid	Endothelial	4.348272360192892	0.33908358060494037	13	0.977	1000	B/Plasma;Endothelial;Epithelial/Ductal;Fibroblast/CAF;Myeloid;T/NK	2436680333
GSE278688	PGP	T/NK	Myeloid	4.038302027130723	0.18185037387874475	13	0.608	1000	B/Plasma;Endothelial;Epithelial/Ductal;Fibroblast/CAF;Myeloid;T/NK	2436680333
GSE278688	PHF2	Endothelial	Fibroblast/CAF	3.34920048117151	0.16190443207891542	13	0.983	1000	B/Plasma;Endothelial;Epithelial/Ductal;Fibroblast/CAF;Myeloid;T/NK	2436680333
GSE278688	PHF8	T/NK	B/Plasma	3.2734671505605197	0.08958418771196702	13	0.822	1000	B/Plasma;Endothelial;Epithelial/Ductal;Fibroblast/CAF;Myeloid;T/NK	2436680333
GSE278688	PHGDH	Epithelial/Ductal	Fibroblast/CAF	3.828291126040375	0.14841961637947063	12	0.991	1000	B/Plasma;Endothelial;Epithelial/Ductal;Fibroblast/CAF;Myeloid;T/NK	2436680333
GSE278688	PHYH	T/NK	Fibroblast/CAF	3.7123660511374528	0.13259770083956673	13	0.424	1000	B/Plasma;Endothelial;Epithelial/Ductal;Fibroblast/CAF;Myeloid;T/NK	2436680333
GSE278688	PIPOX	Myeloid	Epithelial/Ductal	1.5418207845287417	0.030039226996553644	13	0.946	1000	B/Plasma;Endothelial;Epithelial/Ductal;Fibroblast/CAF;Myeloid;T/NK	2436680333
GSE278688	PKLR	NOT_EVALUABLE	NOT_EVALUABLE	NA	NA	0	NA	0		2436680333
GSE278688	PKM	Epithelial/Ductal	Myeloid	6.5377756697795695	0.6735034371808548	12	0.941	1000	B/Plasma;Endothelial;Epithelial/Ductal;Fibroblast/CAF;Myeloid;T/NK	2436680333
GSE278688	PLA2G15	Myeloid	Epithelial/Ductal	3.1516781785270913	0.12272956738020395	13	1.0	1000	B/Plasma;Endothelial;Epithelial/Ductal;Fibroblast/CAF;Myeloid;T/NK	2436680333
GSE278688	PLA2G4A	Myeloid	Epithelial/Ductal	2.8770838287385416	0.1015315577792189	13	0.94	1000	B/Plasma;Endothelial;Epithelial/Ductal;Fibroblast/CAF;Myeloid;T/NK	2436680333
GSE278688	PLA2G4B	Epithelial/Ductal	T/NK	2.070005355079905	0.035110023727838675	12	1.0	1000	B/Plasma;Endothelial;Epithelial/Ductal;Fibroblast/CAF;Myeloid;T/NK	2436680333
GSE278688	PLA2G4C	Endothelial	Fibroblast/CAF	3.0126838949251846	0.1118282264745407	13	0.778	1000	B/Plasma;Endothelial;Epithelial/Ductal;Fibroblast/CAF;Myeloid;T/NK	2436680333
GSE278688	PLA2G4E	NOT_EVALUABLE	NOT_EVALUABLE	NA	NA	0	NA	0		2436680333
GSE278688	PLA2G4F	Epithelial/Ductal	NOT_EVALUABLE	0.7775447013340911	0.007979395470110501	12	1.0	1000	Epithelial/Ductal	2436680333
GSE278688	PLA2G6	Epithelial/Ductal	T/NK	2.564629457143906	0.06502688129921587	12	0.715	1000	B/Plasma;Endothelial;Epithelial/Ductal;Fibroblast/CAF;Myeloid;T/NK	2436680333
GSE278688	PLB1	Myeloid	T/NK	2.814352288802282	0.09755880174707988	13	1.0	1000	B/Plasma;Endothelial;Epithelial/Ductal;Fibroblast/CAF;Myeloid;T/NK	2436680333
GSE278688	PLBD1	Epithelial/Ductal	Myeloid	4.532925371401354	0.27410222189954553	12	0.678	1000	B/Plasma;Endothelial;Epithelial/Ductal;Fibroblast/CAF;Myeloid;T/NK	2436680333
GSE278688	PLD3	Fibroblast/CAF	Myeloid	5.398304677197375	0.6006039059245262	13	0.641	1000	B/Plasma;Endothelial;Epithelial/Ductal;Fibroblast/CAF;Myeloid;T/NK	2436680333
GSE278688	PLD4	Myeloid	B/Plasma	4.857562959260739	0.2209019901398723	13	1.0	1000	B/Plasma;Endothelial;Epithelial/Ductal;Fibroblast/CAF;Myeloid;T/NK	2436680333
GSE278688	PLOD1	Fibroblast/CAF	Endothelial	4.638914468800462	0.39455021394981193	13	1.0	1000	B/Plasma;Endothelial;Epithelial/Ductal;Fibroblast/CAF;Myeloid;T/NK	2436680333
GSE278688	PLOD2	Fibroblast/CAF	Epithelial/Ductal	4.845776397995939	0.41011851829057755	13	0.998	1000	Endothelial;Epithelial/Ductal;Fibroblast/CAF;Myeloid;T/NK	2436680333
GSE278688	PLOD3	Endothelial	Epithelial/Ductal	4.222221634666611	0.33513025897043475	13	0.945	1000	B/Plasma;Endothelial;Epithelial/Ductal;Fibroblast/CAF;Myeloid;T/NK	2436680333
GSE278688	PM20D1	T/NK	B/Plasma	1.2964473010152369	0.010709269753836277	13	0.535	1000	B/Plasma;Endothelial;Epithelial/Ductal;Fibroblast/CAF;Myeloid;T/NK	2436680333
GSE278688	PM20D2	Fibroblast/CAF	Epithelial/Ductal	3.109041990021512	0.13595035429781074	13	0.931	1000	B/Plasma;Endothelial;Epithelial/Ductal;Fibroblast/CAF;Myeloid;T/NK	2436680333
GSE278688	PNLIPRP2	NOT_EVALUABLE	NOT_EVALUABLE	NA	NA	0	NA	0		2436680333
GSE278688	PNMT	Myeloid	Epithelial/Ductal	1.1662098458347216	0.01562593391065933	13	0.838	1000	Endothelial;Epithelial/Ductal;Fibroblast/CAF;Myeloid;T/NK	2436680333
GSE278688	PNP	Endothelial	T/NK	5.841361690637372	0.625398523032011	13	1.0	1000	B/Plasma;Endothelial;Epithelial/Ductal;Fibroblast/CAF;Myeloid;T/NK	2436680333
GSE278688	PNPLA2	Epithelial/Ductal	T/NK	5.1843616952992475	0.43964438988948756	12	1.0	1000	B/Plasma;Endothelial;Epithelial/Ductal;Fibroblast/CAF;Myeloid;T/NK	2436680333
GSE278688	PNPLA3	Epithelial/Ductal	Fibroblast/CAF	1.4971128154628568	0.020514713936366554	12	1.0	1000	B/Plasma;Endothelial;Epithelial/Ductal;Fibroblast/CAF;Myeloid;T/NK	2436680333
GSE278688	PNPLA4	Epithelial/Ductal	B/Plasma	3.074308060771733	0.10003372720045384	12	1.0	1000	B/Plasma;Endothelial;Epithelial/Ductal;Fibroblast/CAF;Myeloid;T/NK	2436680333
GSE278688	PNPLA6	Myeloid	Endothelial	3.8972390231860126	0.24565304830195805	13	0.978	1000	B/Plasma;Endothelial;Epithelial/Ductal;Fibroblast/CAF;Myeloid;T/NK	2436680333
GSE278688	PNPLA7	B/Plasma	Epithelial/Ductal	2.3475620485373	0.045060408284262006	11	0.842	1000	B/Plasma;Endothelial;Epithelial/Ductal;Fibroblast/CAF;Myeloid;T/NK	2436680333
GSE278688	PNPLA8	Myeloid	B/Plasma	4.629735573259461	0.35498588967090405	13	0.52	1000	B/Plasma;Endothelial;Epithelial/Ductal;Fibroblast/CAF;Myeloid;T/NK	2436680333
GSE278688	PRDM16	Epithelial/Ductal	Fibroblast/CAF	2.750606140128808	0.09884727552367702	12	0.998	1000	Endothelial;Epithelial/Ductal;Fibroblast/CAF;Myeloid;T/NK	2436680333
GSE278688	PRDM2	B/Plasma	T/NK	5.167998798782023	0.44423876964120557	11	0.999	1000	B/Plasma;Endothelial;Epithelial/Ductal;Fibroblast/CAF;Myeloid;T/NK	2436680333
GSE278688	PRDM6	Fibroblast/CAF	Epithelial/Ductal	2.3974489411876196	0.07316045716574013	13	1.0	1000	Endothelial;Epithelial/Ductal;Fibroblast/CAF	2436680333
GSE278688	PRDM7	NOT_EVALUABLE	NOT_EVALUABLE	NA	NA	0	NA	0		2436680333
GSE278688	PRDM9	NOT_EVALUABLE	NOT_EVALUABLE	NA	NA	0	NA	0		2436680333
GSE278688	PRMT1	Endothelial	Fibroblast/CAF	5.271767683475956	0.5807520767943524	13	1.0	1000	B/Plasma;Endothelial;Epithelial/Ductal;Fibroblast/CAF;Myeloid;T/NK	2436680333
GSE278688	PRMT2	T/NK	Endothelial	4.930278105408934	0.3696431216148199	13	1.0	1000	B/Plasma;Endothelial;Epithelial/Ductal;Fibroblast/CAF;Myeloid;T/NK	2436680333
GSE278688	PRMT3	T/NK	Epithelial/Ductal	3.0795976860808714	0.07224760003413538	13	0.641	1000	B/Plasma;Endothelial;Epithelial/Ductal;Fibroblast/CAF;Myeloid;T/NK	2436680333
GSE278688	PRMT5	Epithelial/Ductal	Fibroblast/CAF	3.4488226653442933	0.1221306222282559	12	1.0	1000	B/Plasma;Endothelial;Epithelial/Ductal;Fibroblast/CAF;Myeloid;T/NK	2436680333
GSE278688	PRMT6	Fibroblast/CAF	Epithelial/Ductal	2.4169504194410774	0.07265906001794176	13	0.896	1000	B/Plasma;Endothelial;Epithelial/Ductal;Fibroblast/CAF;Myeloid;T/NK	2436680333
GSE278688	PRMT7	Epithelial/Ductal	T/NK	3.405272317780369	0.12829793454989583	12	1.0	1000	B/Plasma;Endothelial;Epithelial/Ductal;Fibroblast/CAF;Myeloid;T/NK	2436680333
GSE278688	PRMT8	NOT_EVALUABLE	NOT_EVALUABLE	NA	NA	0	NA	0		2436680333
GSE278688	PRMT9	Myeloid	T/NK	4.560911428882958	0.26732241687748676	13	0.884	1000	B/Plasma;Endothelial;Epithelial/Ductal;Fibroblast/CAF;Myeloid;T/NK	2436680333
GSE278688	PSAT1	T/NK	B/Plasma	2.341204325862143	0.0346000745204602	13	0.969	1000	B/Plasma;Endothelial;Epithelial/Ductal;Fibroblast/CAF;Myeloid;T/NK	2436680333
GSE278688	PTER	Epithelial/Ductal	T/NK	3.143914100741197	0.10377691184375994	12	0.999	1000	B/Plasma;Endothelial;Epithelial/Ductal;Fibroblast/CAF;Myeloid;T/NK	2436680333
GSE278688	RAD23A	Fibroblast/CAF	Endothelial	5.0846073407986845	0.5809435178839445	13	0.856	1000	B/Plasma;Endothelial;Epithelial/Ductal;Fibroblast/CAF;Myeloid;T/NK	2436680333
GSE278688	RAD23B	Endothelial	Epithelial/Ductal	4.63219242200479	0.42184658137291886	13	0.65	1000	B/Plasma;Endothelial;Epithelial/Ductal;Fibroblast/CAF;Myeloid;T/NK	2436680333
GSE278688	RIDA	Epithelial/Ductal	Endothelial	3.3395762483376594	0.1290603584663828	12	1.0	1000	B/Plasma;Endothelial;Epithelial/Ductal;Fibroblast/CAF;Myeloid;T/NK	2436680333
GSE278688	RIOX1	T/NK	B/Plasma	2.8523812593466804	0.05872785963687677	13	1.0	1000	B/Plasma;Endothelial;Epithelial/Ductal;Fibroblast/CAF;Myeloid;T/NK	2436680333
GSE278688	RIOX2	Endothelial	Fibroblast/CAF	3.2916425274618746	0.15797639372082525	13	0.997	1000	B/Plasma;Endothelial;Epithelial/Ductal;Fibroblast/CAF;Myeloid;T/NK	2436680333
GSE278688	RNMT	B/Plasma	T/NK	4.578210368697867	0.30254880334199774	11	0.754	1000	B/Plasma;Endothelial;Epithelial/Ductal;Fibroblast/CAF;Myeloid;T/NK	2436680333
GSE278688	RSBN1	T/NK	B/Plasma	4.8708207361885165	0.34244924537455795	13	1.0	1000	B/Plasma;Endothelial;Epithelial/Ductal;Fibroblast/CAF;Myeloid;T/NK	2436680333
GSE278688	SAMHD1	Myeloid	T/NK	5.915257714703762	0.5555136535708913	13	1.0	1000	B/Plasma;Endothelial;Epithelial/Ductal;Fibroblast/CAF;Myeloid;T/NK	2436680333
GSE278688	SDS	Myeloid	Endothelial	4.596927451517756	0.17351841286041525	13	1.0	1000	B/Plasma;Endothelial;Epithelial/Ductal;Fibroblast/CAF;Myeloid;T/NK	2436680333
GSE278688	SDSL	Myeloid	Epithelial/Ductal	3.754546154558186	0.20770037879850267	13	1.0	1000	Endothelial;Epithelial/Ductal;Fibroblast/CAF;Myeloid;T/NK	2436680333
GSE278688	SETD1A	Endothelial	Epithelial/Ductal	2.753361523640442	0.10072810623657705	13	1.0	1000	B/Plasma;Endothelial;Epithelial/Ductal;Fibroblast/CAF;Myeloid;T/NK	2436680333
GSE278688	SETD1B	T/NK	Epithelial/Ductal	3.0214306904143555	0.06949731885926622	13	0.999	1000	B/Plasma;Endothelial;Epithelial/Ductal;Fibroblast/CAF;Myeloid;T/NK	2436680333
GSE278688	SETD2	T/NK	B/Plasma	4.672588884565372	0.2999952326466998	13	0.901	1000	B/Plasma;Endothelial;Epithelial/Ductal;Fibroblast/CAF;Myeloid;T/NK	2436680333
GSE278688	SETD3	Endothelial	Myeloid	3.7468515556225626	0.2218913271516866	13	0.524	1000	B/Plasma;Endothelial;Epithelial/Ductal;Fibroblast/CAF;Myeloid;T/NK	2436680333
GSE278688	SETD4	Epithelial/Ductal	Endothelial	2.8086950541043763	0.08154028523065676	12	0.792	1000	B/Plasma;Endothelial;Epithelial/Ductal;Fibroblast/CAF;Myeloid;T/NK	2436680333
GSE278688	SETD5	Endothelial	B/Plasma	4.73317794103292	0.4629954286350392	13	0.996	1000	B/Plasma;Endothelial;Epithelial/Ductal;Fibroblast/CAF;Myeloid;T/NK	2436680333
GSE278688	SETD6	Epithelial/Ductal	Endothelial	2.5483450403796133	0.06428742338131636	12	0.997	1000	B/Plasma;Endothelial;Epithelial/Ductal;Fibroblast/CAF;Myeloid;T/NK	2436680333
GSE278688	SETD7	Endothelial	Fibroblast/CAF	3.782367930587945	0.2283417860288513	13	0.538	1000	B/Plasma;Endothelial;Epithelial/Ductal;Fibroblast/CAF;Myeloid;T/NK	2436680333
GSE278688	SETDB1	B/Plasma	Endothelial	3.1871155780657547	0.09531732584608821	11	0.682	1000	B/Plasma;Endothelial;Epithelial/Ductal;Fibroblast/CAF;Myeloid;T/NK	2436680333
GSE278688	SETDB2	Myeloid	B/Plasma	3.507005489125599	0.15697129163093265	13	0.57	1000	B/Plasma;Endothelial;Epithelial/Ductal;Fibroblast/CAF;Myeloid;T/NK	2436680333
GSE278688	SETMAR	Fibroblast/CAF	Epithelial/Ductal	2.207844188373321	0.05804663102294756	13	0.99	1000	B/Plasma;Endothelial;Epithelial/Ductal;Fibroblast/CAF;Myeloid;T/NK	2436680333
GSE278688	SLC13A2	Epithelial/Ductal	NOT_EVALUABLE	0.43398792394197994	0.0035370607885083917	12	1.0	1000	Epithelial/Ductal	2436680333
GSE278688	SLC13A3	Fibroblast/CAF	Epithelial/Ductal	1.6184236998415622	0.02741715769688099	13	0.95	1000	B/Plasma;Endothelial;Epithelial/Ductal;Fibroblast/CAF;Myeloid;T/NK	2436680333
GSE278688	SLC15A1	Epithelial/Ductal	Fibroblast/CAF	2.801535499944906	0.0821488109501448	12	1.0	1000	Epithelial/Ductal;Fibroblast/CAF	2436680333
GSE278688	SLC15A2	Epithelial/Ductal	B/Plasma	1.7424852604783239	0.028794161522164324	12	0.605	1000	B/Plasma;Endothelial;Epithelial/Ductal;Fibroblast/CAF;Myeloid;T/NK	2436680333
GSE278688	SLC16A1	T/NK	Fibroblast/CAF	3.8254022612053875	0.1337583196051713	13	1.0	1000	B/Plasma;Endothelial;Epithelial/Ductal;Fibroblast/CAF;Myeloid;T/NK	2436680333
GSE278688	SLC16A10	Myeloid	T/NK	4.9398648202619935	0.25672183303336743	13	1.0	1000	B/Plasma;Endothelial;Epithelial/Ductal;Fibroblast/CAF;Myeloid;T/NK	2436680333
GSE278688	SLC16A11	T/NK	Epithelial/Ductal	1.462895366898728	0.012343828128119301	13	0.581	1000	B/Plasma;Endothelial;Epithelial/Ductal;Fibroblast/CAF;Myeloid;T/NK	2436680333
GSE278688	SLC16A3	Myeloid	Epithelial/Ductal	5.529419078383702	0.54348544971202	13	1.0	1000	B/Plasma;Endothelial;Epithelial/Ductal;Fibroblast/CAF;Myeloid;T/NK	2436680333
GSE278688	SLC16A6	Myeloid	T/NK	2.518992657743629	0.0569213350969597	13	1.0	1000	B/Plasma;Endothelial;Epithelial/Ductal;Fibroblast/CAF;Myeloid;T/NK	2436680333
GSE278688	SLC16A7	T/NK	Epithelial/Ductal	3.9766846058733285	0.1746360096475429	13	0.843	1000	B/Plasma;Endothelial;Epithelial/Ductal;Fibroblast/CAF;Myeloid;T/NK	2436680333
GSE278688	SLC22A1	Epithelial/Ductal	Myeloid	0.3586610013876231	0.003374696724719533	12	0.483	1000	Endothelial;Epithelial/Ductal;Fibroblast/CAF;Myeloid;T/NK	2436680333
GSE278688	SLC22A2	NOT_EVALUABLE	NOT_EVALUABLE	NA	NA	0	NA	0		2436680333
GSE278688	SLC22A7	NOT_EVALUABLE	NOT_EVALUABLE	NA	NA	0	NA	0		2436680333
GSE278688	SLC22A8	NOT_EVALUABLE	NOT_EVALUABLE	NA	NA	0	NA	0		2436680333
GSE278688	SLC25A11	Myeloid	Fibroblast/CAF	3.9011450990484913	0.2492158254259674	13	0.937	1000	B/Plasma;Endothelial;Epithelial/Ductal;Fibroblast/CAF;Myeloid;T/NK	2436680333
GSE278688	SLC25A15	T/NK	Epithelial/Ductal	1.8633130341758106	0.02005784449270784	13	0.699	1000	B/Plasma;Endothelial;Epithelial/Ductal;Fibroblast/CAF;Myeloid;T/NK	2436680333
GSE278688	SLC25A2	NOT_EVALUABLE	NOT_EVALUABLE	NA	NA	0	NA	0		2436680333
GSE278688	SLC25A20	T/NK	Endothelial	3.123726632622834	0.08001517402140931	13	1.0	1000	B/Plasma;Endothelial;Epithelial/Ductal;Fibroblast/CAF;Myeloid;T/NK	2436680333
GSE278688	SLC25A21	Fibroblast/CAF	Epithelial/Ductal	1.0619790345000308	0.014235869768118421	13	0.995	1000	Endothelial;Epithelial/Ductal;Fibroblast/CAF	2436680333
GSE278688	SLC25A26	T/NK	B/Plasma	3.5294923022873594	0.11871710674990155	13	0.774	1000	B/Plasma;Endothelial;Epithelial/Ductal;Fibroblast/CAF;Myeloid;T/NK	2436680333
GSE278688	SLC25A29	Epithelial/Ductal	Endothelial	4.072269778598883	0.2263042901866137	12	0.984	1000	B/Plasma;Endothelial;Epithelial/Ductal;Fibroblast/CAF;Myeloid;T/NK	2436680333
GSE278688	SLC25A36	Fibroblast/CAF	Endothelial	4.346185946439577	0.3724211528862904	13	0.507	1000	B/Plasma;Endothelial;Epithelial/Ductal;Fibroblast/CAF;Myeloid;T/NK	2436680333
GSE278688	SLC25A44	T/NK	Endothelial	3.0899590885540675	0.07453167404432214	13	0.974	1000	B/Plasma;Endothelial;Epithelial/Ductal;Fibroblast/CAF;Myeloid;T/NK	2436680333
GSE278688	SLC28A1	Epithelial/Ductal	Fibroblast/CAF	0.18795567014903036	0.0013666153188004	12	0.7555	1000	Epithelial/Ductal;Fibroblast/CAF	2436680333
GSE278688	SLC28A2	Epithelial/Ductal	NOT_EVALUABLE	0.8990323589809416	0.013026189415468731	12	1.0	1000	Epithelial/Ductal	2436680333
GSE278688	SLC28A3	Epithelial/Ductal	Myeloid	3.321866842193973	0.12662215897955134	12	1.0	1000	B/Plasma;Epithelial/Ductal;Fibroblast/CAF;Myeloid;T/NK	2436680333
GSE278688	SLC29A1	Endothelial	Fibroblast/CAF	4.817094847973701	0.4471113220374917	13	1.0	1000	B/Plasma;Endothelial;Epithelial/Ductal;Fibroblast/CAF;Myeloid;T/NK	2436680333
GSE278688	SLC29A2	Epithelial/Ductal	B/Plasma	2.5263364116804676	0.05915251758681106	12	1.0	1000	B/Plasma;Endothelial;Epithelial/Ductal;Fibroblast/CAF;Myeloid;T/NK	2436680333
GSE278688	SLC29A3	Myeloid	Epithelial/Ductal	2.8909384710132056	0.09432173868340918	13	1.0	1000	B/Plasma;Endothelial;Epithelial/Ductal;Fibroblast/CAF;Myeloid;T/NK	2436680333
GSE278688	SLC32A1	Myeloid	NOT_EVALUABLE	0.42012996708334127	0.0031096938524121922	13	1.0	1000	Myeloid	2436680333
GSE278688	SLC36A1	Myeloid	Fibroblast/CAF	2.790031225877582	0.09576754190153997	13	0.612	1000	B/Plasma;Endothelial;Epithelial/Ductal;Fibroblast/CAF;Myeloid;T/NK	2436680333
GSE278688	SLC36A2	NOT_EVALUABLE	NOT_EVALUABLE	NA	NA	0	NA	0		2436680333
GSE278688	SLC36A4	B/Plasma	Myeloid	3.5051995017102002	0.12750500157208733	11	0.856	1000	B/Plasma;Endothelial;Epithelial/Ductal;Fibroblast/CAF;Myeloid;T/NK	2436680333
GSE278688	SLC38A10	Epithelial/Ductal	Endothelial	4.028750564190884	0.23374514350925157	12	0.639	1000	B/Plasma;Endothelial;Epithelial/Ductal;Fibroblast/CAF;Myeloid;T/NK	2436680333
GSE278688	SLC38A2	Endothelial	T/NK	5.896459189725677	0.6925482753816569	13	0.987	1000	B/Plasma;Endothelial;Epithelial/Ductal;Fibroblast/CAF;Myeloid;T/NK	2436680333
GSE278688	SLC38A8	NOT_EVALUABLE	NOT_EVALUABLE	NA	NA	0	NA	0		2436680333
GSE278688	SLC38A9	B/Plasma	Endothelial	2.971285597877976	0.07582741660989091	11	0.793	1000	B/Plasma;Endothelial;Epithelial/Ductal;Fibroblast/CAF;Myeloid;T/NK	2436680333
GSE278688	SLC43A1	Fibroblast/CAF	T/NK	2.7952791089547735	0.10315004955627641	13	1.0	1000	B/Plasma;Endothelial;Epithelial/Ductal;Fibroblast/CAF;Myeloid;T/NK	2436680333
GSE278688	SLC43A2	Myeloid	B/Plasma	4.490959544877243	0.32414794303852	13	1.0	1000	B/Plasma;Endothelial;Epithelial/Ductal;Fibroblast/CAF;Myeloid;T/NK	2436680333
GSE278688	SLC45A4	Epithelial/Ductal	Myeloid	3.8001582851720044	0.17717169147744027	12	0.997	1000	B/Plasma;Endothelial;Epithelial/Ductal;Fibroblast/CAF;Myeloid;T/NK	2436680333
GSE278688	SLC5A12	NOT_EVALUABLE	NOT_EVALUABLE	NA	NA	0	NA	0		2436680333
GSE278688	SLC5A8	NOT_EVALUABLE	NOT_EVALUABLE	NA	NA	0	NA	0		2436680333
GSE278688	SLC6A1	Fibroblast/CAF	Epithelial/Ductal	1.909074888161148	0.037412805869059776	13	1.0	1000	Epithelial/Ductal;Fibroblast/CAF	2436680333
GSE278688	SLC6A11	Fibroblast/CAF	Myeloid	0.14981928991167265	0.0019437111901146617	13	0.788	1000	Fibroblast/CAF;Myeloid	2436680333
GSE278688	SLC6A12	Myeloid	Epithelial/Ductal	1.4265053976680115	0.019591663910358666	13	1.0	1000	Epithelial/Ductal;Fibroblast/CAF;Myeloid;T/NK	2436680333
GSE278688	SLC6A13	T/NK	Myeloid	0.14980880610373642	0.0003385746799382769	13	0.7745	1000	Myeloid;T/NK	2436680333
GSE278688	SLC6A14	Epithelial/Ductal	Fibroblast/CAF	2.5827103170002945	0.06575853293794838	12	1.0	1000	Epithelial/Ductal;Fibroblast/CAF;T/NK	2436680333
GSE278688	SLC6A15	NOT_EVALUABLE	NOT_EVALUABLE	NA	NA	0	NA	0		2436680333
GSE278688	SLC6A17	Endothelial	Fibroblast/CAF	0.2376392730522441	0.0025782341984940693	13	0.547	1000	Endothelial;Fibroblast/CAF	2436680333
GSE278688	SLC6A19	Epithelial/Ductal	NOT_EVALUABLE	0.170957843704582	0.0009248056164490084	12	1.0	1000	Epithelial/Ductal	2436680333
GSE278688	SLC6A20	Epithelial/Ductal	Fibroblast/CAF	3.5624484628873856	0.1450198356775747	12	1.0	1000	B/Plasma;Endothelial;Epithelial/Ductal;Fibroblast/CAF;T/NK	2436680333
GSE278688	SLC6A6	Myeloid	Endothelial	4.156682433651221	0.28522318197355323	13	0.744	1000	B/Plasma;Endothelial;Epithelial/Ductal;Fibroblast/CAF;Myeloid;T/NK	2436680333
GSE278688	SLC6A7	Fibroblast/CAF	Epithelial/Ductal	0.361809370149491	0.004151263073203916	13	0.748	1000	Epithelial/Ductal;Fibroblast/CAF;Myeloid	2436680333
GSE278688	SLC7A1	Epithelial/Ductal	T/NK	3.7087461760207314	0.1586525752372886	12	0.725	1000	B/Plasma;Endothelial;Epithelial/Ductal;Fibroblast/CAF;Myeloid;T/NK	2436680333
GSE278688	SLC7A13	NOT_EVALUABLE	NOT_EVALUABLE	NA	NA	0	NA	0		2436680333
GSE278688	SLC7A14	NOT_EVALUABLE	NOT_EVALUABLE	NA	NA	0	NA	0		2436680333
GSE278688	SLC7A2	Fibroblast/CAF	Epithelial/Ductal	3.9167285574382	0.21861617749302345	13	1.0	1000	Endothelial;Epithelial/Ductal;Fibroblast/CAF;T/NK	2436680333
GSE278688	SLC7A3	Fibroblast/CAF	B/Plasma	0.6891727724766444	0.008562126133548646	13	0.997	1000	B/Plasma;Fibroblast/CAF	2436680333
GSE278688	SLC7A5	T/NK	Myeloid	5.394239406285336	0.43591337177051426	13	0.951	1000	B/Plasma;Endothelial;Epithelial/Ductal;Fibroblast/CAF;Myeloid;T/NK	2436680333
GSE278688	SLC7A6	T/NK	Endothelial	3.8340938011911456	0.15126996487532549	13	0.988	1000	B/Plasma;Endothelial;Epithelial/Ductal;Fibroblast/CAF;Myeloid;T/NK	2436680333
GSE278688	SLC7A7	Myeloid	Epithelial/Ductal	4.650547593410736	0.3541048771528805	13	1.0	1000	B/Plasma;Endothelial;Epithelial/Ductal;Fibroblast/CAF;Myeloid;T/NK	2436680333
GSE278688	SLC7A8	Myeloid	Fibroblast/CAF	2.7012214127080196	0.07446687259551393	13	0.81	1000	B/Plasma;Endothelial;Epithelial/Ductal;Fibroblast/CAF;Myeloid;T/NK	2436680333
GSE278688	SLC7A9	Epithelial/Ductal	Fibroblast/CAF	0.3177903660448317	0.0029339799848283003	12	0.998	1000	Epithelial/Ductal;Fibroblast/CAF;T/NK	2436680333
GSE278688	SLCO3A1	Fibroblast/CAF	Endothelial	4.129171824335109	0.29119069406979564	13	0.975	1000	B/Plasma;Endothelial;Epithelial/Ductal;Fibroblast/CAF;Myeloid;T/NK	2436680333
GSE278688	SMYD1	NOT_EVALUABLE	NOT_EVALUABLE	NA	NA	0	NA	0		2436680333
GSE278688	SMYD2	Epithelial/Ductal	T/NK	3.644287290477829	0.16547696318759136	12	0.829	1000	B/Plasma;Endothelial;Epithelial/Ductal;Fibroblast/CAF;Myeloid;T/NK	2436680333
GSE278688	SMYD3	Myeloid	Epithelial/Ductal	3.763170514236422	0.19714552628728194	13	0.4	1000	B/Plasma;Endothelial;Epithelial/Ductal;Fibroblast/CAF;Myeloid;T/NK	2436680333
GSE278688	SMYD4	Fibroblast/CAF	Endothelial	2.760025164339925	0.09714562025538931	13	0.749	1000	B/Plasma;Endothelial;Epithelial/Ductal;Fibroblast/CAF;Myeloid;T/NK	2436680333
GSE278688	SMYD5	Epithelial/Ductal	B/Plasma	2.231955658140876	0.04978745616469143	12	0.916	1000	B/Plasma;Endothelial;Epithelial/Ductal;Fibroblast/CAF;Myeloid;T/NK	2436680333
GSE278688	SPOUT1	T/NK	Epithelial/Ductal	2.69684606210169	0.05270531592441207	13	0.492	1000	B/Plasma;Endothelial;Epithelial/Ductal;Fibroblast/CAF;Myeloid;T/NK	2436680333
GSE278688	SRM	Fibroblast/CAF	Endothelial	4.70261114226108	0.43684496276716467	13	1.0	1000	B/Plasma;Endothelial;Epithelial/Ductal;Fibroblast/CAF;Myeloid;T/NK	2436680333
GSE278688	SRR	Fibroblast/CAF	Endothelial	1.7868657486292192	0.03843232945699446	13	0.678	1000	B/Plasma;Endothelial;Epithelial/Ductal;Fibroblast/CAF;Myeloid;T/NK	2436680333
GSE278688	SUV39H1	T/NK	B/Plasma	1.6205802609705395	0.015166841696842858	13	0.746	1000	B/Plasma;Endothelial;Epithelial/Ductal;Fibroblast/CAF;Myeloid;T/NK	2436680333
GSE278688	SUV39H2	T/NK	Epithelial/Ductal	1.6105500531127044	0.015221607186614168	13	0.727	1000	B/Plasma;Endothelial;Epithelial/Ductal;Fibroblast/CAF;Myeloid;T/NK	2436680333
GSE278688	TARBP1	Epithelial/Ductal	Endothelial	3.238741032913712	0.11570034528194258	12	0.788	1000	B/Plasma;Endothelial;Epithelial/Ductal;Fibroblast/CAF;Myeloid;T/NK	2436680333
GSE278688	TAT	Epithelial/Ductal	T/NK	0.10086473318113819	0.0009660540746846668	12	0.8465	1000	Epithelial/Ductal;T/NK	2436680333
GSE278688	TDO2	Fibroblast/CAF	Myeloid	3.1033764395193226	0.08747090673829566	13	1.0	1000	Epithelial/Ductal;Fibroblast/CAF;Myeloid;T/NK	2436680333
GSE278688	TET1	Fibroblast/CAF	Endothelial	2.813571453634332	0.09932387436870257	13	0.575	1000	B/Plasma;Endothelial;Epithelial/Ductal;Fibroblast/CAF;Myeloid;T/NK	2436680333
GSE278688	TET2	Myeloid	Endothelial	4.617330876340014	0.3787465443750401	13	1.0	1000	B/Plasma;Endothelial;Epithelial/Ductal;Fibroblast/CAF;Myeloid;T/NK	2436680333
GSE278688	TET3	Myeloid	Epithelial/Ductal	3.1226981053691776	0.12967023236232128	13	1.0	1000	B/Plasma;Endothelial;Epithelial/Ductal;Fibroblast/CAF;Myeloid;T/NK	2436680333
GSE278688	TFB1M	B/Plasma	T/NK	3.012309058146964	0.08160591171015495	11	0.678	1000	B/Plasma;Endothelial;Epithelial/Ductal;Fibroblast/CAF;Myeloid;T/NK	2436680333
GSE278688	TFB2M	B/Plasma	Endothelial	2.9937396008643877	0.07731365591708264	11	0.749	1000	B/Plasma;Endothelial;Epithelial/Ductal;Fibroblast/CAF;Myeloid;T/NK	2436680333
GSE278688	TGS1	T/NK	B/Plasma	4.221934582933574	0.2007023438317028	13	1.0	1000	B/Plasma;Endothelial;Epithelial/Ductal;Fibroblast/CAF;Myeloid;T/NK	2436680333
GSE278688	THEM4	T/NK	Epithelial/Ductal	4.222645966452962	0.2000569226620235	13	1.0	1000	B/Plasma;Endothelial;Epithelial/Ductal;Fibroblast/CAF;Myeloid;T/NK	2436680333
GSE278688	THUMPD2	Epithelial/Ductal	Endothelial	3.378088454871595	0.12729421830945006	12	0.779	1000	B/Plasma;Endothelial;Epithelial/Ductal;Fibroblast/CAF;Myeloid;T/NK	2436680333
GSE278688	THUMPD3	Fibroblast/CAF	Epithelial/Ductal	3.265734383290367	0.1546647207837515	13	0.905	1000	B/Plasma;Endothelial;Epithelial/Ductal;Fibroblast/CAF;Myeloid;T/NK	2436680333
GSE278688	TK1	Epithelial/Ductal	Myeloid	2.7763815479155998	0.06194220921981435	12	0.837	1000	B/Plasma;Endothelial;Epithelial/Ductal;Fibroblast/CAF;Myeloid;T/NK	2436680333
GSE278688	TK2	Myeloid	Epithelial/Ductal	3.3673324730657392	0.1552849107699118	13	0.967	1000	B/Plasma;Endothelial;Epithelial/Ductal;Fibroblast/CAF;Myeloid;T/NK	2436680333
GSE278688	TKFC	Epithelial/Ductal	Endothelial	3.1383269513154097	0.10766331126766056	12	0.998	1000	B/Plasma;Endothelial;Epithelial/Ductal;Fibroblast/CAF;Myeloid;T/NK	2436680333
GSE278688	TMEM68	Epithelial/Ductal	T/NK	3.0218114418698456	0.09865127307345319	12	0.982	1000	B/Plasma;Endothelial;Epithelial/Ductal;Fibroblast/CAF;Myeloid;T/NK	2436680333
GSE278688	TMEM86A	Myeloid	Epithelial/Ductal	2.4732371752344835	0.06711029626010706	13	1.0	1000	B/Plasma;Endothelial;Epithelial/Ductal;Fibroblast/CAF;Myeloid;T/NK	2436680333
GSE278688	TMEM86B	Epithelial/Ductal	Endothelial	1.2522824022466474	0.012925955406440865	12	0.82	1000	B/Plasma;Endothelial;Epithelial/Ductal;Fibroblast/CAF;Myeloid;T/NK	2436680333
GSE278688	TMLHE	Myeloid	Epithelial/Ductal	3.061622231885774	0.12355463211934636	13	0.44	1000	B/Plasma;Endothelial;Epithelial/Ductal;Fibroblast/CAF;Myeloid;T/NK	2436680333
GSE278688	TMT1A	Fibroblast/CAF	Myeloid	3.961374130926098	0.2712015524313118	13	0.896	1000	B/Plasma;Endothelial;Epithelial/Ductal;Fibroblast/CAF;Myeloid;T/NK	2436680333
GSE278688	TMT1B	Epithelial/Ductal	Myeloid	2.77775069230516	0.07905450330092771	12	0.991	1000	B/Plasma;Epithelial/Ductal;Fibroblast/CAF;Myeloid	2436680333
GSE278688	TOMT	Epithelial/Ductal	Fibroblast/CAF	2.085897813150899	0.038265283135906956	12	0.947	1000	B/Plasma;Endothelial;Epithelial/Ductal;Fibroblast/CAF;Myeloid;T/NK	2436680333
GSE278688	TPH1	Endothelial	B/Plasma	0.4804122014616806	0.007247631214642039	13	0.734	1000	B/Plasma;Endothelial;Epithelial/Ductal;Fibroblast/CAF;Myeloid;T/NK	2436680333
GSE278688	TPH2	NOT_EVALUABLE	NOT_EVALUABLE	NA	NA	0	NA	0		2436680333
GSE278688	TPMT	Myeloid	Epithelial/Ductal	3.505351661669439	0.17124285010393553	13	0.992	1000	B/Plasma;Endothelial;Epithelial/Ductal;Fibroblast/CAF;Myeloid;T/NK	2436680333
GSE278688	TRDMT1	T/NK	Endothelial	3.1045515972605164	0.07376440869336119	13	0.959	1000	B/Plasma;Endothelial;Epithelial/Ductal;Fibroblast/CAF;Myeloid;T/NK	2436680333
GSE278688	TRMO	T/NK	B/Plasma	4.073616249827188	0.17270780036751	13	1.0	1000	B/Plasma;Endothelial;Epithelial/Ductal;Fibroblast/CAF;Myeloid;T/NK	2436680333
GSE278688	TRMT1	Myeloid	B/Plasma	4.032932806682438	0.26384407425786527	13	0.896	1000	B/Plasma;Endothelial;Epithelial/Ductal;Fibroblast/CAF;Myeloid;T/NK	2436680333
GSE278688	TRMT10A	B/Plasma	Epithelial/Ductal	2.149466883418187	0.03339569634674315	11	0.445	1000	B/Plasma;Endothelial;Epithelial/Ductal;Fibroblast/CAF;Myeloid;T/NK	2436680333
GSE278688	TRMT10B	Epithelial/Ductal	Endothelial	3.0869928516447858	0.09913288555170179	12	0.991	1000	B/Plasma;Endothelial;Epithelial/Ductal;Fibroblast/CAF;Myeloid;T/NK	2436680333
GSE278688	TRMT10C	T/NK	B/Plasma	4.20755399470312	0.204464235991433	13	0.984	1000	B/Plasma;Endothelial;Epithelial/Ductal;Fibroblast/CAF;Myeloid;T/NK	2436680333
GSE278688	TRMT11	Epithelial/Ductal	Fibroblast/CAF	3.280517059638107	0.1254896566428715	12	0.799	1000	B/Plasma;Endothelial;Epithelial/Ductal;Fibroblast/CAF;Myeloid;T/NK	2436680333
GSE278688	TRMT13	B/Plasma	Endothelial	3.073212128648279	0.08407997512612553	11	0.737	1000	B/Plasma;Endothelial;Epithelial/Ductal;Fibroblast/CAF;Myeloid;T/NK	2436680333
GSE278688	TRMT1L	B/Plasma	T/NK	3.38480022263277	0.10806281044175985	11	0.994	1000	B/Plasma;Endothelial;Epithelial/Ductal;Fibroblast/CAF;Myeloid;T/NK	2436680333
GSE278688	TRMT2A	T/NK	Epithelial/Ductal	3.149637513801286	0.08054708910028795	13	0.908	1000	B/Plasma;Endothelial;Epithelial/Ductal;Fibroblast/CAF;Myeloid;T/NK	2436680333
GSE278688	TRMT2B	T/NK	B/Plasma	2.4637610777888597	0.040583578698270305	13	0.351	1000	B/Plasma;Endothelial;Epithelial/Ductal;Fibroblast/CAF;Myeloid;T/NK	2436680333
GSE278688	TRMT44	Epithelial/Ductal	B/Plasma	2.4188734961072185	0.050424162190646986	12	0.875	1000	B/Plasma;Endothelial;Epithelial/Ductal;Fibroblast/CAF;Myeloid;T/NK	2436680333
GSE278688	TRMT5	Endothelial	Fibroblast/CAF	2.4083003906668683	0.05859242263020848	13	0.65	1000	B/Plasma;Endothelial;Epithelial/Ductal;Fibroblast/CAF;Myeloid;T/NK	2436680333
GSE278688	TRMT61A	Epithelial/Ductal	Fibroblast/CAF	3.015405514970309	0.09492503029678151	12	0.995	1000	B/Plasma;Endothelial;Epithelial/Ductal;Fibroblast/CAF;Myeloid;T/NK	2436680333
GSE278688	TRMT61B	Endothelial	Epithelial/Ductal	3.0868217597478687	0.1290797339042893	13	0.837	1000	B/Plasma;Endothelial;Epithelial/Ductal;Fibroblast/CAF;Myeloid;T/NK	2436680333
GSE278688	TYMP	Myeloid	Epithelial/Ductal	6.224113505923888	0.6592569661111711	13	1.0	1000	B/Plasma;Endothelial;Epithelial/Ductal;Fibroblast/CAF;Myeloid;T/NK	2436680333
GSE278688	TYW1	T/NK	Fibroblast/CAF	3.4692267260457723	0.11085862400224511	13	0.971	1000	B/Plasma;Endothelial;Epithelial/Ductal;Fibroblast/CAF;Myeloid;T/NK	2436680333
GSE278688	TYW1B	T/NK	Epithelial/Ductal	2.5277227272570615	0.04971185219740788	13	0.358	1000	B/Plasma;Endothelial;Epithelial/Ductal;Fibroblast/CAF;Myeloid;T/NK	2436680333
GSE278688	TYW3	Fibroblast/CAF	Endothelial	3.6853792482965986	0.21685247229536178	13	0.888	1000	B/Plasma;Endothelial;Epithelial/Ductal;Fibroblast/CAF;Myeloid;T/NK	2436680333
GSE278688	TYW5	Endothelial	Epithelial/Ductal	2.4882212271319424	0.07225229643577785	13	0.322	1000	B/Plasma;Endothelial;Epithelial/Ductal;Fibroblast/CAF;Myeloid;T/NK	2436680333
GSE278688	UCK1	Fibroblast/CAF	Endothelial	3.2116398361019134	0.1557030258686935	13	1.0	1000	B/Plasma;Endothelial;Epithelial/Ductal;Fibroblast/CAF;Myeloid;T/NK	2436680333
GSE278688	UCK2	Endothelial	Epithelial/Ductal	4.197005566542104	0.3096535814444463	13	1.0	1000	B/Plasma;Endothelial;Epithelial/Ductal;Fibroblast/CAF;Myeloid;T/NK	2436680333
GSE278688	UCKL1	Endothelial	Epithelial/Ductal	3.580935667209248	0.20066614202580044	13	0.734	1000	B/Plasma;Endothelial;Epithelial/Ductal;Fibroblast/CAF;Myeloid;T/NK	2436680333
GSE278688	UPP1	Myeloid	Endothelial	5.817694352977527	0.542688526549036	13	0.999	1000	B/Plasma;Endothelial;Epithelial/Ductal;Fibroblast/CAF;Myeloid;T/NK	2436680333
GSE278688	UPP2	Myeloid	T/NK	0.30521230182899706	0.003990169374784746	13	0.6215	1000	B/Plasma;Fibroblast/CAF;Myeloid;T/NK	2436680333
GSE278688	USB1	Myeloid	T/NK	3.387672078270516	0.15995424625040672	13	0.623	1000	B/Plasma;Endothelial;Epithelial/Ductal;Fibroblast/CAF;Myeloid;T/NK	2436680333
GSE278688	UTY	B/Plasma	T/NK	2.3060945230799064	0.11770753612280464	11	0.65	1000	B/Plasma;Endothelial;Epithelial/Ductal;Fibroblast/CAF;Myeloid;T/NK	2436680333
GSE278688	VCPKMT	B/Plasma	T/NK	3.923703925904612	0.17869242808517985	11	0.992	1000	B/Plasma;Endothelial;Epithelial/Ductal;Fibroblast/CAF;Myeloid;T/NK	2436680333
GSE278688	WARS1	Endothelial	Myeloid	5.08981518892217	0.4877048962428734	13	0.993	1000	B/Plasma;Endothelial;Epithelial/Ductal;Fibroblast/CAF;Myeloid;T/NK	2436680333
GSE278688	WARS2	T/NK	Fibroblast/CAF	3.188662002892097	0.08512797393011996	13	0.551	1000	B/Plasma;Endothelial;Epithelial/Ductal;Fibroblast/CAF;Myeloid;T/NK	2436680333
GSE278688	ZCCHC4	B/Plasma	T/NK	2.1037541733146394	0.031155708503313537	11	0.545	1000	B/Plasma;Endothelial;Epithelial/Ductal;Fibroblast/CAF;Myeloid;T/NK	2436680333
GSE242230	AADAT	Fibroblast/CAF	Epithelial/Ductal	1.197587203642716	0.028461679683903403	7	0.879	1000	Epithelial/Ductal;Fibroblast/CAF	2435585233
GSE242230	AASS	Fibroblast/CAF	Epithelial/Ductal	2.1693608683031824	0.09710671850293788	7	0.988	1000	B/Plasma;Epithelial/Ductal;Fibroblast/CAF;T/NK	2435585233
GSE242230	ABAT	Myeloid	T/NK	1.7999802929605508	0.037558655679353	20	0.685	1000	B/Plasma;Epithelial/Ductal;Fibroblast/CAF;Myeloid;T/NK	2435585233
GSE242230	ABHD11	Epithelial/Ductal	Endothelial	4.2696202444181806	0.3717011811768729	24	1.0	1000	B/Plasma;Endothelial;Epithelial/Ductal;Fibroblast/CAF;Myeloid;T/NK	2435585233
GSE242230	ABHD12	Myeloid	Epithelial/Ductal	3.943379296217522	0.2233442447155069	20	0.936	1000	B/Plasma;Endothelial;Epithelial/Ductal;Fibroblast/CAF;Myeloid;T/NK	2435585233
GSE242230	ABHD16A	Myeloid	T/NK	3.258413524166971	0.13647932041733452	20	0.73	1000	B/Plasma;Endothelial;Epithelial/Ductal;Fibroblast/CAF;Myeloid;T/NK	2435585233
GSE242230	ABHD16B	NOT_EVALUABLE	NOT_EVALUABLE	NA	NA	0	NA	0		2435585233
GSE242230	ABHD2	Epithelial/Ductal	Myeloid	5.031453747841411	0.4863602670790102	24	1.0	1000	B/Plasma;Endothelial;Epithelial/Ductal;Fibroblast/CAF;Myeloid;T/NK	2435585233
GSE242230	ABHD6	Myeloid	B/Plasma	2.3632667228491098	0.07101399771329216	20	0.986	1000	B/Plasma;Epithelial/Ductal;Fibroblast/CAF;Myeloid;T/NK	2435585233
GSE242230	ACAA2	Fibroblast/CAF	Myeloid	4.101650796974725	0.30810404213175113	7	0.503	1000	B/Plasma;Endothelial;Epithelial/Ductal;Fibroblast/CAF;Myeloid;T/NK	2435585233
GSE242230	ACE2	Epithelial/Ductal	NOT_EVALUABLE	1.438364580059065	0.07586344900661633	24	1.0	1000	Epithelial/Ductal	2435585233
GSE242230	ACER2	Epithelial/Ductal	B/Plasma	1.4098449198657004	0.04882981987218101	24	0.99	1000	B/Plasma;Epithelial/Ductal;Fibroblast/CAF;Myeloid;T/NK	2435585233
GSE242230	ACOT1	Fibroblast/CAF	Epithelial/Ductal	1.2756986232240402	0.023390206674052644	7	0.853	1000	Epithelial/Ductal;Fibroblast/CAF;Myeloid;T/NK	2435585233
GSE242230	ACOT11	Epithelial/Ductal	Myeloid	2.750917240560586	0.14664746649691493	24	1.0	1000	Epithelial/Ductal;Fibroblast/CAF;Myeloid;T/NK	2435585233
GSE242230	ACOT13	Endothelial	Myeloid	3.6631225385125012	0.152281837804502	3	0.523	1000	B/Plasma;Endothelial;Epithelial/Ductal;Fibroblast/CAF;Myeloid;T/NK	2435585233
GSE242230	ACOT2	Fibroblast/CAF	Myeloid	3.5290204479165452	0.2492929244631654	7	0.999	1000	B/Plasma;Epithelial/Ductal;Fibroblast/CAF;Myeloid;T/NK	2435585233
GSE242230	ACOT4	Epithelial/Ductal	Myeloid	2.262371443866423	0.09406020227501181	24	0.983	1000	B/Plasma;Epithelial/Ductal;Fibroblast/CAF;Myeloid;T/NK	2435585233
GSE242230	ACOT7	Epithelial/Ductal	Myeloid	2.8231577989672285	0.1461770325929691	24	0.902	1000	B/Plasma;Epithelial/Ductal;Fibroblast/CAF;Myeloid;T/NK	2435585233
GSE242230	ACOT8	Epithelial/Ductal	T/NK	3.490019563016879	0.254292839686776	24	0.853	1000	B/Plasma;Endothelial;Epithelial/Ductal;Fibroblast/CAF;Myeloid;T/NK	2435585233
GSE242230	ACOT9	Endothelial	Myeloid	3.868439910397436	0.20444290266214407	3	0.538	1000	B/Plasma;Endothelial;Epithelial/Ductal;Fibroblast/CAF;Myeloid;T/NK	2435585233
GSE242230	ACSL3	Endothelial	Epithelial/Ductal	3.805158474922051	0.16318480830506726	3	0.564	1000	B/Plasma;Endothelial;Epithelial/Ductal;Fibroblast/CAF;Myeloid;T/NK	2435585233
GSE242230	ACSM1	Epithelial/Ductal	Myeloid	0.820583434889242	0.02260402930127384	24	0.969	1000	B/Plasma;Epithelial/Ductal;Myeloid;T/NK	2435585233
GSE242230	ACSM2A	NOT_EVALUABLE	NOT_EVALUABLE	NA	NA	0	NA	0		2435585233
GSE242230	ACSM2B	NOT_EVALUABLE	NOT_EVALUABLE	NA	NA	0	NA	0		2435585233
GSE242230	ACSM4	NOT_EVALUABLE	NOT_EVALUABLE	NA	NA	0	NA	0		2435585233
GSE242230	ACY3	Epithelial/Ductal	B/Plasma	2.152862507793298	0.10512257304579331	24	1.0	1000	B/Plasma;Epithelial/Ductal;Myeloid;T/NK	2435585233
GSE242230	ADA	T/NK	Myeloid	3.1870177873017242	0.09732022681673824	21	1.0	1000	B/Plasma;Epithelial/Ductal;Fibroblast/CAF;Myeloid;T/NK	2435585233
GSE242230	ADA2	Myeloid	T/NK	4.944695092228542	0.4512628513838224	20	1.0	1000	B/Plasma;Epithelial/Ductal;Fibroblast/CAF;Myeloid;T/NK	2435585233
GSE242230	ADHFE1	T/NK	Endothelial	2.7044436704068646	0.0616764466211497	21	0.921	1000	B/Plasma;Endothelial;Epithelial/Ductal;Fibroblast/CAF;Myeloid;T/NK	2435585233
GSE242230	AGMAT	T/NK	B/Plasma	1.6529452241773983	0.02447432519838419	21	0.514	1000	B/Plasma;Epithelial/Ductal;Myeloid;T/NK	2435585233
GSE242230	AGXT	Epithelial/Ductal	NOT_EVALUABLE	0.1414266060180123	0.0024133606119487875	24	1.0	1000	Epithelial/Ductal	2435585233
GSE242230	AGXT2	NOT_EVALUABLE	NOT_EVALUABLE	NA	NA	0	NA	0		2435585233
GSE242230	AHCY	Fibroblast/CAF	Epithelial/Ductal	4.335566914756965	0.3778313466433526	7	0.892	1000	B/Plasma;Epithelial/Ductal;Fibroblast/CAF;Myeloid;T/NK	2435585233
GSE242230	AK4	Epithelial/Ductal	Fibroblast/CAF	3.616627042848428	0.26081174820356945	24	0.976	1000	B/Plasma;Epithelial/Ductal;Fibroblast/CAF;Myeloid;T/NK	2435585233
GSE242230	AK9	T/NK	Epithelial/Ductal	2.0012047355703513	0.03286362750777624	21	0.911	1000	B/Plasma;Epithelial/Ductal;Fibroblast/CAF;Myeloid;T/NK	2435585233
GSE242230	AKR1A1	Myeloid	Fibroblast/CAF	5.213455535973546	0.4796648197826433	20	1.0	1000	B/Plasma;Endothelial;Epithelial/Ductal;Fibroblast/CAF;Myeloid;T/NK	2435585233
GSE242230	AKR1B1	Myeloid	T/NK	4.447927608563449	0.2857178389577536	20	0.955	1000	B/Plasma;Endothelial;Epithelial/Ductal;Fibroblast/CAF;Myeloid;T/NK	2435585233
GSE242230	AKR7A2	Endothelial	Fibroblast/CAF	4.375346828116158	0.27028471579812924	3	0.486	1000	B/Plasma;Endothelial;Epithelial/Ductal;Fibroblast/CAF;Myeloid;T/NK	2435585233
GSE242230	ALDH1A1	Fibroblast/CAF	Epithelial/Ductal	3.7849226989789018	0.18626340150136264	7	0.566	1000	B/Plasma;Epithelial/Ductal;Fibroblast/CAF;Myeloid;T/NK	2435585233
GSE242230	ALDH2	Myeloid	Fibroblast/CAF	5.303627359075419	0.46109587720035544	20	0.998	1000	B/Plasma;Endothelial;Epithelial/Ductal;Fibroblast/CAF;Myeloid;T/NK	2435585233
GSE242230	ALDH3A2	Epithelial/Ductal	Myeloid	3.5832415852249113	0.2688453729275933	24	0.983	1000	B/Plasma;Epithelial/Ductal;Fibroblast/CAF;Myeloid;T/NK	2435585233
GSE242230	ALDH9A1	Endothelial	Fibroblast/CAF	4.189759963221712	0.22243807174426966	3	0.845	1000	B/Plasma;Endothelial;Epithelial/Ductal;Fibroblast/CAF;Myeloid;T/NK	2435585233
GSE242230	ALKBH1	Endothelial	T/NK	2.3894500125346476	0.0522612807071641	3	0.752	1000	B/Plasma;Endothelial;Epithelial/Ductal;Fibroblast/CAF;Myeloid;T/NK	2435585233
GSE242230	ALKBH2	Fibroblast/CAF	Endothelial	3.044925332497784	0.17899560571788214	7	0.9	1000	B/Plasma;Endothelial;Epithelial/Ductal;Fibroblast/CAF;Myeloid;T/NK	2435585233
GSE242230	ALKBH3	Fibroblast/CAF	T/NK	2.915377142228052	0.12135400296477529	7	0.616	1000	B/Plasma;Endothelial;Epithelial/Ductal;Fibroblast/CAF;Myeloid;T/NK	2435585233
GSE242230	ALKBH4	Endothelial	Fibroblast/CAF	3.347006624778178	0.10321461609620719	3	0.83	1000	B/Plasma;Endothelial;Epithelial/Ductal;Fibroblast/CAF;Myeloid;T/NK	2435585233
GSE242230	ALKBH5	Fibroblast/CAF	Epithelial/Ductal	3.429653971158521	0.21695765664399597	7	0.332	1000	B/Plasma;Endothelial;Epithelial/Ductal;Fibroblast/CAF;Myeloid;T/NK	2435585233
GSE242230	ALKBH7	Fibroblast/CAF	Myeloid	4.816473674211527	0.4777379403119325	7	0.567	1000	B/Plasma;Endothelial;Epithelial/Ductal;Fibroblast/CAF;Myeloid;T/NK	2435585233
GSE242230	ALKBH8	T/NK	B/Plasma	1.8793916129635706	0.024469635318454162	21	0.51	1000	B/Plasma;Epithelial/Ductal;Fibroblast/CAF;Myeloid;T/NK	2435585233
GSE242230	ANTKMT	Epithelial/Ductal	Myeloid	4.026068154881805	0.33452751672960285	24	0.759	1000	B/Plasma;Endothelial;Epithelial/Ductal;Fibroblast/CAF;Myeloid;T/NK	2435585233
GSE242230	AOC1	Epithelial/Ductal	Myeloid	3.3327557637806198	0.23053664711982372	24	1.0	1000	Epithelial/Ductal;Myeloid;T/NK	2435585233
GSE242230	AQP1	Endothelial	Fibroblast/CAF	7.1956902852090705	0.8232346592661116	3	0.962	1000	B/Plasma;Endothelial;Epithelial/Ductal;Fibroblast/CAF;Myeloid	2435585233
GSE242230	AQP10	T/NK	Epithelial/Ductal	0.2199674568362774	0.0012077126420812286	21	0.77	1000	Epithelial/Ductal;T/NK	2435585233
GSE242230	AQP11	Epithelial/Ductal	Fibroblast/CAF	1.6231279608913305	0.05348271785382328	24	0.987	1000	B/Plasma;Epithelial/Ductal;Fibroblast/CAF;Myeloid;T/NK	2435585233
GSE242230	AQP2	Epithelial/Ductal	NOT_EVALUABLE	0.02744315753531788	0.0003934704845142208	24	1.0	1000	Epithelial/Ductal	2435585233
GSE242230	AQP3	T/NK	Epithelial/Ductal	4.558197561224502	0.2671859875047501	21	1.0	1000	B/Plasma;Endothelial;Epithelial/Ductal;Fibroblast/CAF;Myeloid;T/NK	2435585233
GSE242230	AQP7	Epithelial/Ductal	Fibroblast/CAF	1.0878730944783852	0.03745832941653237	24	0.996	1000	Epithelial/Ductal;Fibroblast/CAF;T/NK	2435585233
GSE242230	AQP7B	NOT_EVALUABLE	NOT_EVALUABLE	NA	NA	0	NA	0		2435585233
GSE242230	AQP9	Myeloid	Fibroblast/CAF	3.825950714008152	0.20196356918500835	20	1.0	1000	B/Plasma;Epithelial/Ductal;Fibroblast/CAF;Myeloid;T/NK	2435585233
GSE242230	ARG1	Myeloid	Epithelial/Ductal	0.2290661383912756	0.0012317915318799748	20	0.846	1000	Epithelial/Ductal;Myeloid	2435585233
GSE242230	ARG2	Epithelial/Ductal	T/NK	1.4072233526440094	0.04452746132668738	24	0.6	1000	B/Plasma;Epithelial/Ductal;Fibroblast/CAF;Myeloid;T/NK	2435585233
GSE242230	AS3MT	Fibroblast/CAF	Epithelial/Ductal	1.3208963424471667	0.023541177865285843	7	1.0	1000	Epithelial/Ductal;Fibroblast/CAF	2435585233
GSE242230	ASAH1	Myeloid	Epithelial/Ductal	6.032613212032375	0.6531773641828986	20	1.0	1000	B/Plasma;Endothelial;Epithelial/Ductal;Erythrocyte;Fibroblast/CAF;Myeloid;T/NK	2435585233
GSE242230	ASAH2	Epithelial/Ductal	T/NK	0.33595753287142904	0.005903126927451892	24	0.994	1000	Epithelial/Ductal;T/NK	2435585233
GSE242230	ASH1L	T/NK	Epithelial/Ductal	4.511236904235692	0.27049969708629096	21	0.904	1000	B/Plasma;Endothelial;Epithelial/Ductal;Fibroblast/CAF;Myeloid;T/NK	2435585233
GSE242230	ASMT	T/NK	Myeloid	0.15570385355038463	0.0007949182623687333	21	0.872	1000	Epithelial/Ductal;Myeloid;T/NK	2435585233
GSE242230	ASPG	Epithelial/Ductal	NOT_EVALUABLE	0.777446573732318	0.017846285929344372	24	1.0	1000	Epithelial/Ductal	2435585233
GSE242230	ASPH	Epithelial/Ductal	Fibroblast/CAF	5.156768014945205	0.533810822169298	24	1.0	1000	B/Plasma;Endothelial;Epithelial/Ductal;Erythrocyte;Fibroblast/CAF;Myeloid;T/NK	2435585233
GSE242230	ATP13A3	Epithelial/Ductal	Myeloid	3.563805214470133	0.2653140407825481	24	0.835	1000	B/Plasma;Endothelial;Epithelial/Ductal;Fibroblast/CAF;Myeloid;T/NK	2435585233
GSE242230	ATP13A4	Epithelial/Ductal	T/NK	1.6783814318301793	0.07171131625624318	24	0.902	1000	B/Plasma;Epithelial/Ductal;Myeloid;T/NK	2435585233
GSE242230	ATPSCKMT	Epithelial/Ductal	T/NK	2.3059495962549335	0.107039920252754	24	0.813	1000	B/Plasma;Epithelial/Ductal;Fibroblast/CAF;Myeloid;T/NK	2435585233
GSE242230	AWAT2	NOT_EVALUABLE	NOT_EVALUABLE	NA	NA	0	NA	0		2435585233
GSE242230	BAAT	Epithelial/Ductal	NOT_EVALUABLE	1.6538620151254573	0.05777796579456021	24	1.0	1000	Epithelial/Ductal	2435585233
GSE242230	BBOX1	Epithelial/Ductal	NOT_EVALUABLE	0.693659971931889	0.019344349812342607	24	1.0	1000	Epithelial/Ductal	2435585233
GSE242230	BCAT1	Fibroblast/CAF	Myeloid	4.336911929175573	0.2871171897291206	7	0.988	1000	B/Plasma;Endothelial;Epithelial/Ductal;Fibroblast/CAF;Myeloid;T/NK	2435585233
GSE242230	BCAT2	Fibroblast/CAF	Epithelial/Ductal	3.2569951264535706	0.20299045849350408	7	0.727	1000	B/Plasma;Epithelial/Ductal;Fibroblast/CAF;Myeloid;T/NK	2435585233
GSE242230	BCDIN3D	T/NK	Fibroblast/CAF	2.43247941673027	0.043063589804879544	21	0.889	1000	B/Plasma;Epithelial/Ductal;Fibroblast/CAF;Myeloid;T/NK	2435585233
GSE242230	BEST1	Myeloid	Fibroblast/CAF	4.246181347516126	0.2688971462665364	20	1.0	1000	B/Plasma;Epithelial/Ductal;Fibroblast/CAF;Myeloid;T/NK	2435585233
GSE242230	BUD23	Endothelial	Epithelial/Ductal	4.426701694391915	0.25440949737897006	3	0.537	1000	B/Plasma;Endothelial;Epithelial/Ductal;Fibroblast/CAF;Myeloid;T/NK	2435585233
GSE242230	CAMKMT	T/NK	Epithelial/Ductal	2.606877305531133	0.05534721991473361	21	0.976	1000	B/Plasma;Epithelial/Ductal;Fibroblast/CAF;Myeloid;T/NK	2435585233
GSE242230	CARM1	Epithelial/Ductal	Fibroblast/CAF	3.358752836244731	0.23529947064194853	24	0.719	1000	B/Plasma;Endothelial;Epithelial/Ductal;Erythrocyte;Fibroblast/CAF;Myeloid;T/NK	2435585233
GSE242230	CARNMT1	T/NK	Epithelial/Ductal	2.634527428340321	0.05452746911905939	21	0.938	1000	B/Plasma;Epithelial/Ductal;Fibroblast/CAF;Myeloid;T/NK	2435585233
GSE242230	CARNS1	Fibroblast/CAF	T/NK	1.318175003775972	0.054093182501111545	7	0.496	1000	B/Plasma;Epithelial/Ductal;Fibroblast/CAF;T/NK	2435585233
GSE242230	CDA	Endothelial	Myeloid	4.210371553942083	0.21963973686915406	3	0.538	1000	B/Plasma;Endothelial;Epithelial/Ductal;Fibroblast/CAF;Myeloid;T/NK	2435585233
GSE242230	CDK5RAP1	T/NK	Epithelial/Ductal	3.1486420508919575	0.07513770778458202	21	0.995	1000	B/Plasma;Endothelial;Epithelial/Ductal;Fibroblast/CAF;Myeloid;T/NK	2435585233
GSE242230	CDKAL1	Endothelial	T/NK	3.306938762315196	0.10901171754548251	3	0.96	1000	B/Plasma;Endothelial;Epithelial/Ductal;Fibroblast/CAF;Myeloid;T/NK	2435585233
GSE242230	CEL	B/Plasma	Epithelial/Ductal	2.181147627863874	0.025990796075696432	15	0.992	1000	B/Plasma;Epithelial/Ductal;Myeloid;T/NK	2435585233
GSE242230	CES1	Myeloid	Fibroblast/CAF	4.135442684097006	0.1845482422476891	20	1.0	1000	B/Plasma;Epithelial/Ductal;Fibroblast/CAF;Myeloid;T/NK	2435585233
GSE242230	CES2	Epithelial/Ductal	Fibroblast/CAF	3.85347977615748	0.3029058334764318	24	0.994	1000	B/Plasma;Endothelial;Epithelial/Ductal;Fibroblast/CAF;Myeloid;T/NK	2435585233
GSE242230	CISD1	Fibroblast/CAF	Endothelial	4.532390849998257	0.42446920765690466	7	0.517	1000	B/Plasma;Endothelial;Epithelial/Ductal;Fibroblast/CAF;Myeloid;T/NK	2435585233
GSE242230	CLYBL	Epithelial/Ductal	T/NK	1.7834789063384526	0.06876785521060397	24	0.495	1000	B/Plasma;Epithelial/Ductal;Fibroblast/CAF;Myeloid;T/NK	2435585233
GSE242230	CMPK1	Epithelial/Ductal	Endothelial	5.099190877111025	0.5340644532777574	24	1.0	1000	B/Plasma;Endothelial;Epithelial/Ductal;Fibroblast/CAF;Myeloid;T/NK	2435585233
GSE242230	CMPK2	Endothelial	Myeloid	2.6680223700200005	0.07163891458526053	3	0.637	1000	B/Plasma;Endothelial;Epithelial/Ductal;Fibroblast/CAF;Myeloid;T/NK	2435585233
GSE242230	CMTR1	T/NK	Endothelial	2.9836518795786526	0.06512270370901378	21	0.908	1000	B/Plasma;Endothelial;Epithelial/Ductal;Fibroblast/CAF;Myeloid;T/NK	2435585233
GSE242230	CMTR2	Epithelial/Ductal	T/NK	2.9236057112794582	0.17492700406610248	24	0.558	1000	B/Plasma;Epithelial/Ductal;Fibroblast/CAF;Myeloid;T/NK	2435585233
GSE242230	CNDP1	Epithelial/Ductal	NOT_EVALUABLE	0.08934339801202135	0.0013478122756925292	24	1.0	1000	Epithelial/Ductal	2435585233
GSE242230	CNDP2	Myeloid	Endothelial	4.70865622579301	0.3817922492301597	20	0.939	1000	B/Plasma;Endothelial;Epithelial/Ductal;Fibroblast/CAF;Myeloid;T/NK	2435585233
GSE242230	COMT	Myeloid	Epithelial/Ductal	5.255040745636306	0.5073260693404723	20	0.95	1000	B/Plasma;Endothelial;Epithelial/Ductal;Erythrocyte;Fibroblast/CAF;Myeloid;T/NK	2435585233
GSE242230	COQ3	Fibroblast/CAF	Epithelial/Ductal	1.7810321741637243	0.04064982663098602	7	0.646	1000	B/Plasma;Epithelial/Ductal;Fibroblast/CAF;Myeloid;T/NK	2435585233
GSE242230	COQ5	Fibroblast/CAF	Epithelial/Ductal	3.048295000463057	0.16456682774328152	7	0.909	1000	B/Plasma;Epithelial/Ductal;Fibroblast/CAF;Myeloid;T/NK	2435585233
GSE242230	CRAT	Fibroblast/CAF	Endothelial	3.267785608009469	0.20542611905779953	7	0.759	1000	B/Plasma;Endothelial;Epithelial/Ductal;Erythrocyte;Fibroblast/CAF;Myeloid;T/NK	2435585233
GSE242230	CRYM	Epithelial/Ductal	B/Plasma	1.2859192174888394	0.04898083064054751	24	0.945	1000	B/Plasma;Epithelial/Ductal;Myeloid	2435585233
GSE242230	CSAD	Endothelial	Fibroblast/CAF	2.49944288248288	0.06156079761537667	3	0.494	1000	B/Plasma;Endothelial;Epithelial/Ductal;Fibroblast/CAF;Myeloid;T/NK	2435585233
GSE242230	CSKMT	T/NK	B/Plasma	3.291227614477854	0.09911180088119108	21	0.975	1000	B/Plasma;Epithelial/Ductal;Fibroblast/CAF;Myeloid;T/NK	2435585233
GSE242230	CTH	Epithelial/Ductal	Fibroblast/CAF	1.2753113230962168	0.03812361699319348	24	0.64	1000	B/Plasma;Epithelial/Ductal;Fibroblast/CAF;Myeloid;T/NK	2435585233
GSE242230	CYP2E1	Epithelial/Ductal	Fibroblast/CAF	0.7908504276078473	0.015701920051316372	24	0.596	1000	Epithelial/Ductal;Fibroblast/CAF;Myeloid;T/NK	2435585233
GSE242230	CYP4A11	Epithelial/Ductal	NOT_EVALUABLE	0.10349124837428177	0.0028929094095295795	24	1.0	1000	Epithelial/Ductal	2435585233
GSE242230	CYP4B1	Epithelial/Ductal	T/NK	0.7543524133313076	0.02563123487415608	24	1.0	1000	Epithelial/Ductal;T/NK	2435585233
GSE242230	CYP4F11	Epithelial/Ductal	NOT_EVALUABLE	1.8050963969417186	0.06995308999744004	24	1.0	1000	Epithelial/Ductal	2435585233
GSE242230	CYP4V2	T/NK	Fibroblast/CAF	3.046944255584936	0.07439176592609212	21	0.959	1000	B/Plasma;Endothelial;Epithelial/Ductal;Fibroblast/CAF;Myeloid;T/NK	2435585233
GSE242230	CYP4Z1	Epithelial/Ductal	NOT_EVALUABLE	0.12486778096900135	0.0017173977532781916	24	1.0	1000	Epithelial/Ductal	2435585233
GSE242230	D2HGDH	Epithelial/Ductal	Endothelial	3.227522470715042	0.2204980579751754	24	0.671	1000	B/Plasma;Endothelial;Epithelial/Ductal;Fibroblast/CAF;Myeloid;T/NK	2435585233
GSE242230	DAGLA	Epithelial/Ductal	Myeloid	1.4544644723794964	0.04140093552789736	24	0.778	1000	Epithelial/Ductal;Fibroblast/CAF;Myeloid;T/NK	2435585233
GSE242230	DAGLB	Myeloid	Epithelial/Ductal	3.115613410366394	0.12433227933481303	20	1.0	1000	B/Plasma;Epithelial/Ductal;Fibroblast/CAF;Myeloid;T/NK	2435585233
GSE242230	DAO	Myeloid	NOT_EVALUABLE	0.46651996412829344	0.004795411340923235	20	1.0	1000	Myeloid	2435585233
GSE242230	DCK	B/Plasma	T/NK	4.128802147541414	0.21714345447534272	15	0.932	1000	B/Plasma;Endothelial;Epithelial/Ductal;Erythrocyte;Fibroblast/CAF;Myeloid;T/NK	2435585233
GSE242230	DCPH1	Endothelial	Myeloid	3.0069983263902826	0.09163326138349259	3	0.521	1000	B/Plasma;Endothelial;Epithelial/Ductal;Fibroblast/CAF;Myeloid;T/NK	2435585233
GSE242230	DCTD	Fibroblast/CAF	Endothelial	4.191532394141675	0.36008163371807456	7	0.999	1000	B/Plasma;Endothelial;Epithelial/Ductal;Fibroblast/CAF;Myeloid;T/NK	2435585233
GSE242230	DCTPP1	Epithelial/Ductal	B/Plasma	4.09584729398957	0.33699137790601386	24	1.0	1000	B/Plasma;Endothelial;Epithelial/Ductal;Fibroblast/CAF;Myeloid;T/NK	2435585233
GSE242230	DDHD2	Endothelial	T/NK	3.1947889384268002	0.12931442080378247	3	0.587	1000	B/Plasma;Endothelial;Epithelial/Ductal;Fibroblast/CAF;Myeloid;T/NK	2435585233
GSE242230	DDO	Myeloid	Epithelial/Ductal	1.3057915598402794	0.026205753055078808	20	0.957	1000	Epithelial/Ductal;Fibroblast/CAF;Myeloid	2435585233
GSE242230	DGAT1	Endothelial	Epithelial/Ductal	3.8644958645594016	0.22224277931956005	3	0.717	1000	B/Plasma;Endothelial;Epithelial/Ductal;Fibroblast/CAF;Myeloid;T/NK	2435585233
GSE242230	DGAT2	B/Plasma	Myeloid	1.8026375925143145	0.02414772036481234	15	0.49	1000	B/Plasma;Epithelial/Ductal;Myeloid;T/NK	2435585233
GSE242230	DGAT2L6	NOT_EVALUABLE	NOT_EVALUABLE	NA	NA	0	NA	0		2435585233
GSE242230	DGKA	T/NK	Endothelial	4.823017718007286	0.3127797901808497	21	1.0	1000	B/Plasma;Endothelial;Epithelial/Ductal;Fibroblast/CAF;Myeloid;T/NK	2435585233
GSE242230	DGKB	Fibroblast/CAF	Epithelial/Ductal	0.7055876943633266	0.0092074662377266	7	0.9385	1000	Epithelial/Ductal;Fibroblast/CAF	2435585233
GSE242230	DGUOK	Epithelial/Ductal	Endothelial	4.593654422624961	0.4391310694553561	24	0.486	1000	B/Plasma;Endothelial;Epithelial/Ductal;Fibroblast/CAF;Myeloid;T/NK	2435585233
GSE242230	DIMT1	Endothelial	T/NK	3.6213324083889655	0.16708294788775824	3	0.8	1000	B/Plasma;Endothelial;Epithelial/Ductal;Fibroblast/CAF;Myeloid;T/NK	2435585233
GSE242230	DNMT1	T/NK	Endothelial	4.4454705672513635	0.24056177828847092	21	0.901	1000	B/Plasma;Endothelial;Epithelial/Ductal;Fibroblast/CAF;Myeloid;T/NK	2435585233
GSE242230	DNMT3A	Endothelial	T/NK	3.149890803461164	0.1099239387398499	3	0.716	1000	B/Plasma;Endothelial;Epithelial/Ductal;Fibroblast/CAF;Myeloid;T/NK	2435585233
GSE242230	DNMT3B	Fibroblast/CAF	Epithelial/Ductal	0.967512376611619	0.01847329099209993	7	0.684	1000	Epithelial/Ductal;Fibroblast/CAF;Myeloid;T/NK	2435585233
GSE242230	DOT1L	Epithelial/Ductal	Endothelial	2.6396061626836307	0.1428061511504143	24	0.601	1000	B/Plasma;Endothelial;Epithelial/Ductal;Fibroblast/CAF;Myeloid;T/NK	2435585233
GSE242230	DPEP1	Fibroblast/CAF	B/Plasma	3.286497724885248	0.11749806335825143	7	1.0	1000	B/Plasma;Epithelial/Ductal;Fibroblast/CAF	2435585233
GSE242230	DPH5	T/NK	Fibroblast/CAF	2.8629181014807745	0.06895827524173426	21	0.644	1000	B/Plasma;Epithelial/Ductal;Fibroblast/CAF;Myeloid;T/NK	2435585233
GSE242230	EEF1AKMT1	Endothelial	Fibroblast/CAF	2.6040532658860784	0.054160242573748574	3	0.416	1000	B/Plasma;Endothelial;Epithelial/Ductal;Fibroblast/CAF;Myeloid;T/NK	2435585233
GSE242230	EEF1AKMT2	Epithelial/Ductal	Endothelial	2.8868522388959676	0.16940150609703494	24	0.222	1000	B/Plasma;Endothelial;Epithelial/Ductal;Fibroblast/CAF;Myeloid;T/NK	2435585233
GSE242230	EEF1AKMT3	Fibroblast/CAF	Myeloid	1.9255119668641838	0.08067759493150077	7	0.587	1000	B/Plasma;Epithelial/Ductal;Fibroblast/CAF;Myeloid;T/NK	2435585233
GSE242230	EEF1AKMT4	Epithelial/Ductal	Myeloid	2.3560861645315097	0.1024281033727487	24	0.965	1000	B/Plasma;Epithelial/Ductal;Fibroblast/CAF;Myeloid;T/NK	2435585233
GSE242230	EEF2KMT	Endothelial	Epithelial/Ductal	3.0708950596968463	0.11101089526158903	3	0.847	1000	B/Plasma;Endothelial;Epithelial/Ductal;Fibroblast/CAF;Myeloid;T/NK	2435585233
GSE242230	EGLN1	Endothelial	Epithelial/Ductal	3.719431609371371	0.14869205468187888	3	0.948	1000	B/Plasma;Endothelial;Epithelial/Ductal;Fibroblast/CAF;Myeloid;T/NK	2435585233
GSE242230	EGLN2	Endothelial	T/NK	4.148654248905067	0.21032737177510533	3	0.653	1000	B/Plasma;Endothelial;Epithelial/Ductal;Fibroblast/CAF;Myeloid;T/NK	2435585233
GSE242230	EGLN3	Epithelial/Ductal	Fibroblast/CAF	4.669848468730572	0.3479961977251833	24	0.969	1000	B/Plasma;Epithelial/Ductal;Fibroblast/CAF;Myeloid;T/NK	2435585233
GSE242230	EHMT1	Endothelial	T/NK	3.956954749792254	0.2044557508479803	3	0.679	1000	B/Plasma;Endothelial;Epithelial/Ductal;Fibroblast/CAF;Myeloid;T/NK	2435585233
GSE242230	EHMT2	T/NK	Fibroblast/CAF	3.3722004513446353	0.0972063398340864	21	0.444	1000	B/Plasma;Endothelial;Epithelial/Ductal;Fibroblast/CAF;Myeloid;T/NK	2435585233
GSE242230	EMG1	NOT_EVALUABLE	NOT_EVALUABLE	NA	NA	0	NA	0		2435585233
GSE242230	ENPP6	Myeloid	T/NK	0.32950672907846146	0.004185925432896925	20	0.8	1000	Myeloid;T/NK	2435585233
GSE242230	EPHX1	Endothelial	Fibroblast/CAF	5.140333939252972	0.4227361496556686	3	0.766	1000	B/Plasma;Endothelial;Epithelial/Ductal;Fibroblast/CAF;Myeloid;T/NK	2435585233
GSE242230	ETFBKMT	Fibroblast/CAF	Epithelial/Ductal	1.6285553224386935	0.04405341431044106	7	0.762	1000	B/Plasma;Epithelial/Ductal;Fibroblast/CAF;Myeloid;T/NK	2435585233
GSE242230	EZH1	Endothelial	T/NK	3.6219516325370638	0.16058176585466127	3	0.955	1000	B/Plasma;Endothelial;Epithelial/Ductal;Fibroblast/CAF;Myeloid;T/NK	2435585233
GSE242230	EZH2	Endothelial	T/NK	2.6769371783993026	0.05255678898139577	3	0.864	1000	B/Plasma;Endothelial;Epithelial/Ductal;Fibroblast/CAF;Myeloid;T/NK	2435585233
GSE242230	FAAH	Epithelial/Ductal	Myeloid	2.8780107114335425	0.17295486148908013	24	1.0	1000	B/Plasma;Epithelial/Ductal;Fibroblast/CAF;Myeloid;T/NK	2435585233
GSE242230	FAHD1	Epithelial/Ductal	Endothelial	3.3326067254823215	0.23523160982860228	24	0.953	1000	B/Plasma;Endothelial;Epithelial/Ductal;Erythrocyte;Fibroblast/CAF;Myeloid;T/NK	2435585233
GSE242230	FBL	T/NK	B/Plasma	4.994779008789	0.3682056388470015	21	0.777	1000	B/Plasma;Endothelial;Epithelial/Ductal;Fibroblast/CAF;Myeloid;T/NK	2435585233
GSE242230	FBLL1	Epithelial/Ductal	NOT_EVALUABLE	0.09999815456422693	0.0018816659194484415	24	1.0	1000	Epithelial/Ductal	2435585233
GSE242230	FMO1	Fibroblast/CAF	Epithelial/Ductal	3.3560751738182324	0.16227142159928895	7	1.0	1000	B/Plasma;Epithelial/Ductal;Fibroblast/CAF	2435585233
GSE242230	FMO3	Fibroblast/CAF	Epithelial/Ductal	2.39061897802855	0.060827506508396474	7	1.0	1000	Epithelial/Ductal;Fibroblast/CAF	2435585233
GSE242230	FTO	Fibroblast/CAF	Endothelial	3.418075487110772	0.21535046228347252	7	0.744	1000	B/Plasma;Endothelial;Epithelial/Ductal;Fibroblast/CAF;Myeloid;T/NK	2435585233
GSE242230	FTSJ1	Fibroblast/CAF	Endothelial	3.6457746254452914	0.24240870855214824	7	0.523	1000	B/Plasma;Endothelial;Epithelial/Ductal;Fibroblast/CAF;Myeloid;T/NK	2435585233
GSE242230	FTSJ3	Endothelial	T/NK	3.674001820101303	0.2006578271148114	3	0.87	1000	B/Plasma;Endothelial;Epithelial/Ductal;Fibroblast/CAF;Myeloid;T/NK	2435585233
GSE242230	GAD1	Epithelial/Ductal	Fibroblast/CAF	1.3003818307347703	0.0442819113428899	24	0.815	1000	Epithelial/Ductal;Fibroblast/CAF;Myeloid	2435585233
GSE242230	GAD2	Epithelial/Ductal	NOT_EVALUABLE	0.14484829438049673	0.0011262687289382333	24	1.0	1000	Epithelial/Ductal	2435585233
GSE242230	GADL1	NOT_EVALUABLE	NOT_EVALUABLE	NA	NA	0	NA	0		2435585233
GSE242230	GAMT	Fibroblast/CAF	T/NK	3.334291002634582	0.22270228185251767	7	0.977	1000	B/Plasma;Epithelial/Ductal;Fibroblast/CAF;Myeloid;T/NK	2435585233
GSE242230	GATM	Epithelial/Ductal	B/Plasma	3.876934848807943	0.29569063260742684	24	0.964	1000	B/Plasma;Epithelial/Ductal;Fibroblast/CAF;Myeloid;T/NK	2435585233
GSE242230	GDPD2	Epithelial/Ductal	NOT_EVALUABLE	0.7978318634628768	0.028013144347424666	24	1.0	1000	Epithelial/Ductal	2435585233
GSE242230	GDPD3	Endothelial	Epithelial/Ductal	2.5687629657771893	0.05545533970603347	3	0.713	1000	B/Plasma;Endothelial;Epithelial/Ductal;Fibroblast/CAF;Myeloid;T/NK	2435585233
GSE242230	GDPD5	T/NK	B/Plasma	2.134152087685535	0.035618076602637674	21	0.948	1000	B/Plasma;Epithelial/Ductal;Fibroblast/CAF;Myeloid;T/NK	2435585233
GSE242230	GGCT	Fibroblast/CAF	Epithelial/Ductal	4.2814695300622	0.3742603762125685	7	0.847	1000	B/Plasma;Endothelial;Epithelial/Ductal;Fibroblast/CAF;Myeloid;T/NK	2435585233
GSE242230	GGT1	Epithelial/Ductal	Myeloid	3.0777596903090334	0.20826302846047687	24	0.971	1000	B/Plasma;Epithelial/Ductal;Fibroblast/CAF;Myeloid;T/NK	2435585233
GSE242230	GGT5	Fibroblast/CAF	Endothelial	5.129375830713853	0.44102601316588746	7	0.993	1000	B/Plasma;Endothelial;Epithelial/Ductal;Fibroblast/CAF;Myeloid;T/NK	2435585233
GSE242230	GK	Myeloid	T/NK	4.518793368856537	0.3089982393324481	20	1.0	1000	B/Plasma;Epithelial/Ductal;Fibroblast/CAF;Myeloid;T/NK	2435585233
GSE242230	GK2	NOT_EVALUABLE	NOT_EVALUABLE	NA	NA	0	NA	0		2435585233
GSE242230	GK3	Myeloid	NOT_EVALUABLE	0.12388064738258071	0.0027376999605489903	20	1.0	1000	Myeloid	2435585233
GSE242230	GK5	Epithelial/Ductal	T/NK	3.369006630915015	0.24645238503574152	24	0.829	1000	B/Plasma;Endothelial;Epithelial/Ductal;Fibroblast/CAF;Myeloid;T/NK	2435585233
GSE242230	GLUD1	Epithelial/Ductal	Myeloid	4.413627783694029	0.4054603550981633	24	0.787	1000	B/Plasma;Endothelial;Epithelial/Ductal;Fibroblast/CAF;Myeloid;T/NK	2435585233
GSE242230	GLUD2	Epithelial/Ductal	Myeloid	0.34115313646704354	0.009324633726881991	24	1.0	1000	Epithelial/Ductal;Myeloid	2435585233
GSE242230	GNMT	B/Plasma	Myeloid	0.4266751823054901	0.00572019793072424	15	0.646	1000	B/Plasma;Epithelial/Ductal;Myeloid;T/NK	2435585233
GSE242230	GOT1	Epithelial/Ductal	Endothelial	3.372144288876429	0.2274903351363923	24	0.611	1000	B/Plasma;Endothelial;Epithelial/Ductal;Fibroblast/CAF;Myeloid;T/NK	2435585233
GSE242230	GOT1L1	NOT_EVALUABLE	NOT_EVALUABLE	NA	NA	0	NA	0		2435585233
GSE242230	GOT2	Epithelial/Ductal	Endothelial	3.4653027275445587	0.2621236845647887	24	0.607	1000	B/Plasma;Endothelial;Epithelial/Ductal;Fibroblast/CAF;Myeloid;T/NK	2435585233
GSE242230	GPCPD1	Myeloid	Endothelial	4.606142940186683	0.36469484410347386	20	1.0	1000	B/Plasma;Endothelial;Epithelial/Ductal;Fibroblast/CAF;Myeloid;T/NK	2435585233
GSE242230	GPT	Epithelial/Ductal	Myeloid	1.5143475665759045	0.05786278773164389	24	1.0	1000	B/Plasma;Epithelial/Ductal;Myeloid	2435585233
GSE242230	GPT2	Epithelial/Ductal	Fibroblast/CAF	2.5219252281412587	0.1252585045681263	24	1.0	1000	B/Plasma;Epithelial/Ductal;Fibroblast/CAF;Myeloid;T/NK	2435585233
GSE242230	HAO1	NOT_EVALUABLE	NOT_EVALUABLE	NA	NA	0	NA	0		2435585233
GSE242230	HAO2	NOT_EVALUABLE	NOT_EVALUABLE	NA	NA	0	NA	0		2435585233
GSE242230	HDAC10	T/NK	Endothelial	3.6412211783279327	0.12762346987949744	21	0.534	1000	B/Plasma;Endothelial;Epithelial/Ductal;Fibroblast/CAF;Myeloid;T/NK	2435585233
GSE242230	HEMK1	T/NK	Endothelial	3.1105239450283344	0.07450162137228913	21	0.905	1000	B/Plasma;Endothelial;Epithelial/Ductal;Fibroblast/CAF;Myeloid;T/NK	2435585233
GSE242230	HEMK2	Fibroblast/CAF	Epithelial/Ductal	2.4674481284911614	0.09065202654921518	7	0.799	1000	B/Plasma;Epithelial/Ductal;Fibroblast/CAF;Myeloid;T/NK	2435585233
GSE242230	HENMT1	T/NK	Epithelial/Ductal	3.127126613853038	0.08750584514333896	21	0.998	1000	B/Plasma;Endothelial;Epithelial/Ductal;Fibroblast/CAF;Myeloid;T/NK	2435585233
GSE242230	HIF1AN	Epithelial/Ductal	Fibroblast/CAF	3.1827030277445	0.2176123452436832	24	0.353	1000	B/Plasma;Epithelial/Ductal;Fibroblast/CAF;Myeloid;T/NK	2435585233
GSE242230	HNMT	Myeloid	Epithelial/Ductal	4.715002648503024	0.38685838992160887	20	1.0	1000	B/Plasma;Epithelial/Ductal;Fibroblast/CAF;Myeloid;T/NK	2435585233
GSE242230	HOGA1	Epithelial/Ductal	Fibroblast/CAF	0.8043915941408449	0.028501166915360376	24	0.93	1000	Epithelial/Ductal;Fibroblast/CAF	2435585233
GSE242230	HPD	Fibroblast/CAF	Epithelial/Ductal	0.7128778698409738	0.029507234365827528	7	0.742	1000	Epithelial/Ductal;Fibroblast/CAF;Myeloid	2435585233
GSE242230	HR	Epithelial/Ductal	Fibroblast/CAF	1.6199909320068897	0.07237654072448563	24	1.0	1000	Epithelial/Ductal;Fibroblast/CAF	2435585233
GSE242230	ICMT	Endothelial	Fibroblast/CAF	3.5779912856282152	0.14120413197656487	3	0.768	1000	B/Plasma;Endothelial;Epithelial/Ductal;Fibroblast/CAF;Myeloid;T/NK	2435585233
GSE242230	IDH1	Epithelial/Ductal	Myeloid	4.077748278426614	0.3473489114748453	24	0.515	1000	B/Plasma;Endothelial;Epithelial/Ductal;Fibroblast/CAF;Myeloid;T/NK	2435585233
GSE242230	IDH2	Myeloid	T/NK	4.367562780863492	0.29382994395088236	20	0.864	1000	B/Plasma;Endothelial;Epithelial/Ductal;Fibroblast/CAF;Myeloid;T/NK	2435585233
GSE242230	IDH3A	Endothelial	Fibroblast/CAF	3.1432547206079846	0.10672987974098054	3	0.529	1000	B/Plasma;Endothelial;Epithelial/Ductal;Fibroblast/CAF;Myeloid;T/NK	2435585233
GSE242230	IDO1	Myeloid	Epithelial/Ductal	1.403027993216732	0.01006230840682071	20	0.902	1000	Epithelial/Ductal;Fibroblast/CAF;Myeloid	2435585233
GSE242230	IDO2	Myeloid	NOT_EVALUABLE	0.205227163091343	0.001991586087177145	20	1.0	1000	Myeloid	2435585233
GSE242230	IL4I1	Myeloid	T/NK	4.240754120318616	0.17747596720870817	20	1.0	1000	B/Plasma;Epithelial/Ductal;Fibroblast/CAF;Myeloid;T/NK	2435585233
GSE242230	IMPA1	Epithelial/Ductal	T/NK	3.041261058225574	0.1957661739877737	24	0.624	1000	B/Plasma;Epithelial/Ductal;Fibroblast/CAF;Myeloid;T/NK	2435585233
GSE242230	IMPA2	Epithelial/Ductal	Myeloid	3.329837564145766	0.2137583008768217	24	0.637	1000	B/Plasma;Epithelial/Ductal;Fibroblast/CAF;Myeloid;T/NK	2435585233
GSE242230	INMT	Endothelial	Fibroblast/CAF	3.9038611378994417	0.17095539109877678	3	0.826	1000	Endothelial;Epithelial/Ductal;Fibroblast/CAF;T/NK	2435585233
GSE242230	JMJD4	Epithelial/Ductal	T/NK	2.758142448182774	0.1443420278713693	24	0.921	1000	B/Plasma;Epithelial/Ductal;Fibroblast/CAF;Myeloid;T/NK	2435585233
GSE242230	JMJD6	Myeloid	T/NK	3.5593400711852987	0.17553373154686985	20	0.678	1000	B/Plasma;Endothelial;Epithelial/Ductal;Fibroblast/CAF;Myeloid;T/NK	2435585233
GSE242230	JMJD7	T/NK	Epithelial/Ductal	1.691651944110009	0.019508693560517192	21	0.994	1000	B/Plasma;Epithelial/Ductal;Fibroblast/CAF;Myeloid;T/NK	2435585233
GSE242230	KDM1A	Endothelial	Fibroblast/CAF	3.856102631707022	0.18157570151094662	3	0.956	1000	B/Plasma;Endothelial;Epithelial/Ductal;Fibroblast/CAF;Myeloid;T/NK	2435585233
GSE242230	KDM2A	T/NK	Endothelial	4.227369514849244	0.20484941767980705	21	0.932	1000	B/Plasma;Endothelial;Epithelial/Ductal;Fibroblast/CAF;Myeloid;T/NK	2435585233
GSE242230	KDM2B	T/NK	Endothelial	3.258221639088103	0.08802790364138931	21	0.459	1000	B/Plasma;Endothelial;Epithelial/Ductal;Fibroblast/CAF;Myeloid;T/NK	2435585233
GSE242230	KDM3A	Epithelial/Ductal	T/NK	3.5087573471410387	0.26210119411632316	24	0.901	1000	B/Plasma;Endothelial;Epithelial/Ductal;Fibroblast/CAF;Myeloid;T/NK	2435585233
GSE242230	KDM3B	Epithelial/Ductal	Endothelial	3.2700885723031767	0.23407701250291044	24	0.563	1000	B/Plasma;Endothelial;Epithelial/Ductal;Fibroblast/CAF;Myeloid;T/NK	2435585233
GSE242230	KDM4A	Endothelial	Epithelial/Ductal	2.786994064014744	0.06095693288107717	3	0.911	1000	B/Plasma;Endothelial;Epithelial/Ductal;Fibroblast/CAF;Myeloid;T/NK	2435585233
GSE242230	KDM4B	Endothelial	B/Plasma	3.4765763781080903	0.1280064754856614	3	0.58	1000	B/Plasma;Endothelial;Epithelial/Ductal;Fibroblast/CAF;Myeloid;T/NK	2435585233
GSE242230	KDM4C	T/NK	B/Plasma	3.9642900431814123	0.17402006696652958	21	0.905	1000	B/Plasma;Epithelial/Ductal;Fibroblast/CAF;Myeloid;T/NK	2435585233
GSE242230	KDM4D	Epithelial/Ductal	T/NK	0.5024951143526033	0.012511724971764657	24	0.71	1000	Epithelial/Ductal;Fibroblast/CAF;Myeloid;T/NK	2435585233
GSE242230	KDM4E	NOT_EVALUABLE	NOT_EVALUABLE	NA	NA	0	NA	0		2435585233
GSE242230	KDM4F	NOT_EVALUABLE	NOT_EVALUABLE	NA	NA	0	NA	0		2435585233
GSE242230	KDM5A	T/NK	Endothelial	4.55224412675881	0.25320391373145784	21	0.985	1000	B/Plasma;Endothelial;Epithelial/Ductal;Fibroblast/CAF;Myeloid;T/NK	2435585233
GSE242230	KDM5B	Epithelial/Ductal	Endothelial	4.12443648429195	0.36999827164447713	24	0.879	1000	B/Plasma;Endothelial;Epithelial/Ductal;Erythrocyte;Fibroblast/CAF;Myeloid;T/NK	2435585233
GSE242230	KDM5C	Epithelial/Ductal	T/NK	3.4421153927591117	0.26232437823276084	24	0.805	1000	B/Plasma;Endothelial;Epithelial/Ductal;Fibroblast/CAF;Myeloid;T/NK	2435585233
GSE242230	KDM5D	Endothelial	T/NK	3.187860867717903	0.12251773049645391	3	0.956	1000	B/Plasma;Endothelial;Epithelial/Ductal;Fibroblast/CAF;Myeloid;T/NK	2435585233
GSE242230	KDM6A	T/NK	Endothelial	3.4043903923410492	0.10349099801634921	21	0.973	1000	B/Plasma;Endothelial;Epithelial/Ductal;Fibroblast/CAF;Myeloid;T/NK	2435585233
GSE242230	KDM6B	Myeloid	Epithelial/Ductal	3.955809298809433	0.2323195564624258	20	0.959	1000	B/Plasma;Endothelial;Epithelial/Ductal;Fibroblast/CAF;Myeloid;T/NK	2435585233
GSE242230	KDM7A	Erythrocyte	Myeloid	3.4263073041928465	0.18540651199064143	3	0.56	1000	B/Plasma;Endothelial;Epithelial/Ductal;Erythrocyte;Fibroblast/CAF;Myeloid;T/NK	2435585233
GSE242230	KDM8	T/NK	Fibroblast/CAF	1.7753426678614639	0.023643093623127304	21	0.992	1000	B/Plasma;Epithelial/Ductal;Fibroblast/CAF;Myeloid;T/NK	2435585233
GSE242230	KMT2A	T/NK	Endothelial	4.639046636759289	0.29529513128449836	21	0.721	1000	B/Plasma;Endothelial;Epithelial/Ductal;Fibroblast/CAF;Myeloid;T/NK	2435585233
GSE242230	KMT2B	Epithelial/Ductal	Endothelial	3.380810481779804	0.2517067629072217	24	0.608	1000	B/Plasma;Endothelial;Epithelial/Ductal;Fibroblast/CAF;Myeloid;T/NK	2435585233
GSE242230	KMT2C	T/NK	Myeloid	4.362506952768056	0.22934254577371602	21	0.58	1000	B/Plasma;Endothelial;Epithelial/Ductal;Fibroblast/CAF;Myeloid;T/NK	2435585233
GSE242230	KMT2D	Endothelial	T/NK	3.8716189064110123	0.19025850549902348	3	0.962	1000	B/Plasma;Endothelial;Epithelial/Ductal;Fibroblast/CAF;Myeloid;T/NK	2435585233
GSE242230	KMT5A	Epithelial/Ductal	Myeloid	2.682920495689487	0.14358738920780853	24	0.978	1000	B/Plasma;Epithelial/Ductal;Fibroblast/CAF;Myeloid;T/NK	2435585233
GSE242230	KMT5B	Endothelial	Epithelial/Ductal	3.7056623308734853	0.18576934936786924	3	0.762	1000	B/Plasma;Endothelial;Epithelial/Ductal;Fibroblast/CAF;Myeloid;T/NK	2435585233
GSE242230	KMT5C	Epithelial/Ductal	Fibroblast/CAF	2.5097352452178487	0.12598889424666146	24	0.994	1000	B/Plasma;Epithelial/Ductal;Fibroblast/CAF;Myeloid;T/NK	2435585233
GSE242230	KYAT1	T/NK	Epithelial/Ductal	1.9299695844830345	0.025557767726132222	21	0.515	1000	B/Plasma;Epithelial/Ductal;Fibroblast/CAF;Myeloid;T/NK	2435585233
GSE242230	KYAT3	T/NK	Epithelial/Ductal	2.7433023103957503	0.06329680181732947	21	0.576	1000	B/Plasma;Epithelial/Ductal;Fibroblast/CAF;Myeloid;T/NK	2435585233
GSE242230	L2HGDH	Epithelial/Ductal	T/NK	1.8154387988742624	0.06429972234489366	24	0.988	1000	B/Plasma;Epithelial/Ductal;Fibroblast/CAF;Myeloid;T/NK	2435585233
GSE242230	LACC1	Myeloid	Endothelial	2.4430288599989956	0.067224926917431	20	0.671	1000	B/Plasma;Endothelial;Epithelial/Ductal;Fibroblast/CAF;Myeloid;T/NK	2435585233
GSE242230	LARS1	Endothelial	Fibroblast/CAF	4.36615173984358	0.28730599239387394	3	0.78	1000	B/Plasma;Endothelial;Epithelial/Ductal;Fibroblast/CAF;Myeloid;T/NK	2435585233
GSE242230	LARS2	T/NK	Epithelial/Ductal	2.230905574854486	0.032643671939835986	21	0.967	1000	B/Plasma;Epithelial/Ductal;Fibroblast/CAF;Myeloid;T/NK	2435585233
GSE242230	LCMT1	Fibroblast/CAF	Epithelial/Ductal	3.5711804768530557	0.23042575233080204	7	0.464	1000	B/Plasma;Endothelial;Epithelial/Ductal;Fibroblast/CAF;Myeloid;T/NK	2435585233
GSE242230	LCMT2	T/NK	Fibroblast/CAF	1.563811982407171	0.017381274448401988	21	0.52	1000	B/Plasma;Epithelial/Ductal;Fibroblast/CAF;Myeloid;T/NK	2435585233
GSE242230	LDHA	Epithelial/Ductal	Fibroblast/CAF	6.47995248520331	0.7202807029286898	24	0.781	1000	B/Plasma;Endothelial;Epithelial/Ductal;Fibroblast/CAF;Myeloid;T/NK	2435585233
GSE242230	LDHAL6A	T/NK	NOT_EVALUABLE	0.08913391944217884	0.0005403440093746905	21	1.0	1000	T/NK	2435585233
GSE242230	LDHAL6B	Myeloid	NOT_EVALUABLE	0.09771330257344354	0.000977311430858905	20	1.0	1000	Myeloid	2435585233
GSE242230	LDHB	T/NK	Fibroblast/CAF	6.2930552763501435	0.6590736438642226	21	1.0	1000	B/Plasma;Endothelial;Epithelial/Ductal;Fibroblast/CAF;Myeloid;T/NK	2435585233
GSE242230	LDHC	Epithelial/Ductal	NOT_EVALUABLE	0.24636993973032037	0.005655660292527921	24	1.0	1000	Epithelial/Ductal	2435585233
GSE242230	LDHD	Epithelial/Ductal	Myeloid	1.9520293206617414	0.08633510542237337	24	1.0	1000	B/Plasma;Epithelial/Ductal;Fibroblast/CAF;Myeloid;T/NK	2435585233
GSE242230	LIPA	Myeloid	Endothelial	5.201322045560682	0.3546111203779315	20	1.0	1000	B/Plasma;Endothelial;Epithelial/Ductal;Fibroblast/CAF;Myeloid;T/NK	2435585233
GSE242230	LIPC	T/NK	Fibroblast/CAF	0.7391793551997061	0.005500468544031724	21	0.821	1000	Epithelial/Ductal;Fibroblast/CAF;Myeloid;T/NK	2435585233
GSE242230	LIPE	Endothelial	B/Plasma	2.82478207474203	0.07583256244218313	3	0.752	1000	B/Plasma;Endothelial;Epithelial/Ductal;Fibroblast/CAF;Myeloid;T/NK	2435585233
GSE242230	LRRC8A	Endothelial	Epithelial/Ductal	4.3297275789022125	0.24602220166512487	3	0.825	1000	B/Plasma;Endothelial;Epithelial/Ductal;Fibroblast/CAF;Myeloid;T/NK	2435585233
GSE242230	LRRC8B	Epithelial/Ductal	Endothelial	2.6563314814444112	0.13746945922507672	24	0.95	1000	B/Plasma;Endothelial;Epithelial/Ductal;Fibroblast/CAF;Myeloid;T/NK	2435585233
GSE242230	LRRC8C	Endothelial	T/NK	4.0148955371910935	0.19735070408058375	3	0.962	1000	B/Plasma;Endothelial;Epithelial/Ductal;Fibroblast/CAF;Myeloid;T/NK	2435585233
GSE242230	LRRC8D	Myeloid	T/NK	3.070218812260406	0.12550718811760114	20	0.994	1000	B/Plasma;Epithelial/Ductal;Fibroblast/CAF;Myeloid;T/NK	2435585233
GSE242230	LRRC8E	Epithelial/Ductal	Fibroblast/CAF	1.7937558933857807	0.07181964643033201	24	1.0	1000	Epithelial/Ductal;Fibroblast/CAF	2435585233
GSE242230	LYPLA1	Epithelial/Ductal	Endothelial	4.247906758634813	0.3768975855141101	24	0.625	1000	B/Plasma;Endothelial;Epithelial/Ductal;Fibroblast/CAF;Myeloid;T/NK	2435585233
GSE242230	LYPLA2	Endothelial	T/NK	4.278514793198709	0.260910679412067	3	0.95	1000	B/Plasma;Endothelial;Epithelial/Ductal;Fibroblast/CAF;Myeloid;T/NK	2435585233
GSE242230	MBLAC2	Endothelial	T/NK	2.8172874882784273	0.06515058073799977	3	0.96	1000	B/Plasma;Endothelial;Epithelial/Ductal;Fibroblast/CAF;Myeloid;T/NK	2435585233
GSE242230	MDH1	Fibroblast/CAF	Myeloid	4.736670941497728	0.46849166077155885	7	0.945	1000	B/Plasma;Endothelial;Epithelial/Ductal;Fibroblast/CAF;Myeloid;T/NK	2435585233
GSE242230	ME1	Myeloid	Epithelial/Ductal	1.7277209221484182	0.03305420280673038	20	0.413	1000	Epithelial/Ductal;Fibroblast/CAF;Myeloid;T/NK	2435585233
GSE242230	ME2	Myeloid	T/NK	4.162698713201643	0.281073364246789	20	0.999	1000	B/Plasma;Endothelial;Epithelial/Ductal;Fibroblast/CAF;Myeloid;T/NK	2435585233
GSE242230	ME3	Fibroblast/CAF	Endothelial	3.2085033181180953	0.1719432097007393	7	0.751	1000	Endothelial;Epithelial/Ductal;Fibroblast/CAF;Myeloid;T/NK	2435585233
GSE242230	MECOM	Endothelial	Epithelial/Ductal	4.434527305565499	0.2692106074622263	3	0.962	1000	B/Plasma;Endothelial;Epithelial/Ductal;Fibroblast/CAF;Myeloid;T/NK	2435585233
GSE242230	MEPCE	Epithelial/Ductal	Myeloid	2.9798529798768043	0.17814073093393357	24	0.805	1000	B/Plasma;Epithelial/Ductal;Fibroblast/CAF;Myeloid;T/NK	2435585233
GSE242230	METTL1	Fibroblast/CAF	Myeloid	2.7590640744795882	0.11688546848506749	7	0.89	1000	B/Plasma;Endothelial;Epithelial/Ductal;Fibroblast/CAF;Myeloid;T/NK	2435585233
GSE242230	METTL13	Endothelial	Epithelial/Ductal	2.9691059019911505	0.08283739336005753	3	0.601	1000	B/Plasma;Endothelial;Epithelial/Ductal;Fibroblast/CAF;Myeloid;T/NK	2435585233
GSE242230	METTL15	Endothelial	Epithelial/Ductal	3.0364247307196237	0.08803063007503337	3	0.609	1000	B/Plasma;Endothelial;Epithelial/Ductal;Fibroblast/CAF;Myeloid;T/NK	2435585233
GSE242230	METTL16	T/NK	Endothelial	3.139209195896148	0.07680989872377737	21	0.842	1000	B/Plasma;Endothelial;Epithelial/Ductal;Fibroblast/CAF;Myeloid;T/NK	2435585233
GSE242230	METTL18	T/NK	Epithelial/Ductal	2.5258765073550378	0.053200111726215485	21	0.72	1000	B/Plasma;Endothelial;Epithelial/Ductal;Fibroblast/CAF;Myeloid;T/NK	2435585233
GSE242230	METTL21A	B/Plasma	Myeloid	3.4798375808266897	0.11661278150556222	15	0.979	1000	B/Plasma;Epithelial/Ductal;Fibroblast/CAF;Myeloid;T/NK	2435585233
GSE242230	METTL21C	NOT_EVALUABLE	NOT_EVALUABLE	NA	NA	0	NA	0		2435585233
GSE242230	METTL22	Myeloid	Epithelial/Ductal	3.393630745572687	0.1597305011604324	20	1.0	1000	B/Plasma;Epithelial/Ductal;Fibroblast/CAF;Myeloid;T/NK	2435585233
GSE242230	METTL23	T/NK	B/Plasma	4.013728949699895	0.20455370184462573	21	0.87	1000	B/Plasma;Endothelial;Epithelial/Ductal;Fibroblast/CAF;Myeloid;T/NK	2435585233
GSE242230	METTL2A	Epithelial/Ductal	Fibroblast/CAF	2.7712944038431053	0.16116819254362733	24	0.737	1000	B/Plasma;Endothelial;Epithelial/Ductal;Fibroblast/CAF;Myeloid;T/NK	2435585233
GSE242230	METTL2B	T/NK	Fibroblast/CAF	3.0668973563411206	0.07411532550961179	21	0.964	1000	B/Plasma;Endothelial;Epithelial/Ductal;Fibroblast/CAF;Myeloid;T/NK	2435585233
GSE242230	METTL3	Endothelial	T/NK	3.1251533795748987	0.12061876862986941	3	0.494	1000	B/Plasma;Endothelial;Epithelial/Ductal;Fibroblast/CAF;Myeloid;T/NK	2435585233
GSE242230	METTL4	T/NK	Endothelial	2.866525337592597	0.06285188184902044	21	0.625	1000	B/Plasma;Endothelial;Epithelial/Ductal;Fibroblast/CAF;Myeloid;T/NK	2435585233
GSE242230	METTL5	Epithelial/Ductal	Endothelial	4.538696087324488	0.4170659365444715	24	0.901	1000	B/Plasma;Endothelial;Epithelial/Ductal;Fibroblast/CAF;Myeloid;T/NK	2435585233
GSE242230	METTL6	T/NK	Myeloid	2.2331762617266158	0.035783102609757506	21	0.557	1000	B/Plasma;Epithelial/Ductal;Fibroblast/CAF;Myeloid;T/NK	2435585233
GSE242230	METTL8	B/Plasma	Endothelial	3.407137951221421	0.11401123417936306	15	0.999	1000	B/Plasma;Endothelial;Epithelial/Ductal;Fibroblast/CAF;Myeloid;T/NK	2435585233
GSE242230	METTL9	Myeloid	Endothelial	4.547536816754422	0.36407610893487397	20	0.436	1000	B/Plasma;Endothelial;Epithelial/Ductal;Erythrocyte;Fibroblast/CAF;Myeloid;T/NK	2435585233
GSE242230	MGLL	Epithelial/Ductal	Endothelial	5.292517199093315	0.5109912019339927	24	0.506	1000	B/Plasma;Endothelial;Epithelial/Ductal;Fibroblast/CAF;Myeloid;T/NK	2435585233
GSE242230	MOGAT1	Epithelial/Ductal	Myeloid	1.0802719467182567	0.02538389820948792	24	1.0	1000	Epithelial/Ductal;Myeloid	2435585233
GSE242230	MOGAT2	Epithelial/Ductal	NOT_EVALUABLE	0.542307455934375	0.012792979013768718	24	1.0	1000	Epithelial/Ductal	2435585233
GSE242230	MOGAT3	Epithelial/Ductal	NOT_EVALUABLE	0.9083053704648393	0.025178368928540182	24	1.0	1000	Epithelial/Ductal	2435585233
GSE242230	MPC1	Fibroblast/CAF	Myeloid	4.143288946141977	0.35681854334113666	7	0.841	1000	B/Plasma;Endothelial;Epithelial/Ductal;Fibroblast/CAF;Myeloid;T/NK	2435585233
GSE242230	MPC1L	NOT_EVALUABLE	NOT_EVALUABLE	NA	NA	0	NA	0		2435585233
GSE242230	MPC2	Epithelial/Ductal	Myeloid	4.849316959145907	0.4616139703152003	24	1.0	1000	B/Plasma;Endothelial;Epithelial/Ductal;Erythrocyte;Fibroblast/CAF;Myeloid;T/NK	2435585233
GSE242230	MPST	Epithelial/Ductal	Fibroblast/CAF	4.562676357390732	0.41728561928301894	24	0.998	1000	B/Plasma;Endothelial;Epithelial/Ductal;Fibroblast/CAF;Myeloid;T/NK	2435585233
GSE242230	MRM1	T/NK	Epithelial/Ductal	1.8920989392273133	0.028495266385262896	21	0.788	1000	B/Plasma;Epithelial/Ductal;Fibroblast/CAF;Myeloid;T/NK	2435585233
GSE242230	MRM2	B/Plasma	Myeloid	3.1488012360166358	0.09170627371409829	15	0.73	1000	B/Plasma;Epithelial/Ductal;Fibroblast/CAF;Myeloid;T/NK	2435585233
GSE242230	MRM3	Fibroblast/CAF	Endothelial	2.6178230387233214	0.1122974621374991	7	0.486	1000	B/Plasma;Endothelial;Epithelial/Ductal;Fibroblast/CAF;Myeloid;T/NK	2435585233
GSE242230	MTO1	T/NK	Myeloid	3.1560082509506717	0.09500743222065365	21	0.939	1000	B/Plasma;Endothelial;Epithelial/Ductal;Fibroblast/CAF;Myeloid;T/NK	2435585233
GSE242230	MTRR	T/NK	Endothelial	3.0413704114030398	0.06673365138849606	21	0.97	1000	B/Plasma;Endothelial;Epithelial/Ductal;Fibroblast/CAF;Myeloid;T/NK	2435585233
GSE242230	NAAA	Myeloid	T/NK	4.509898355243579	0.32609212744477434	20	1.0	1000	B/Plasma;Epithelial/Ductal;Fibroblast/CAF;Myeloid;T/NK	2435585233
GSE242230	NDUFAF7	Endothelial	T/NK	2.5475421735939974	0.054160242573748574	3	0.414	1000	B/Plasma;Endothelial;Epithelial/Ductal;Fibroblast/CAF;Myeloid;T/NK	2435585233
GSE242230	NIT1	Endothelial	Epithelial/Ductal	3.697247376495293	0.1570793503957241	3	0.555	1000	B/Plasma;Endothelial;Epithelial/Ductal;Fibroblast/CAF;Myeloid;T/NK	2435585233
GSE242230	NIT2	Fibroblast/CAF	Epithelial/Ductal	3.8444749271036542	0.26761646222514823	7	0.694	1000	B/Plasma;Epithelial/Ductal;Fibroblast/CAF;Myeloid;T/NK	2435585233
GSE242230	NNMT	Fibroblast/CAF	Endothelial	6.666230951037086	0.7200928198344775	7	1.0	1000	B/Plasma;Endothelial;Epithelial/Ductal;Fibroblast/CAF;Myeloid;T/NK	2435585233
GSE242230	NOP2	T/NK	B/Plasma	3.2701309523718862	0.10388892786656502	21	0.646	1000	B/Plasma;Endothelial;Epithelial/Ductal;Fibroblast/CAF;Myeloid;T/NK	2435585233
GSE242230	NPL	Myeloid	Erythrocyte	4.067881254714495	0.2425556735108866	20	0.615	1000	B/Plasma;Epithelial/Ductal;Erythrocyte;Fibroblast/CAF;Myeloid;T/NK	2435585233
GSE242230	NSD1	T/NK	Endothelial	4.166013308490867	0.19530040448010663	21	0.86	1000	B/Plasma;Endothelial;Epithelial/Ductal;Fibroblast/CAF;Myeloid;T/NK	2435585233
GSE242230	NSD2	Epithelial/Ductal	Myeloid	3.1000337852261697	0.1844343567595118	24	1.0	1000	B/Plasma;Epithelial/Ductal;Fibroblast/CAF;Myeloid;T/NK	2435585233
GSE242230	NSD3	T/NK	B/Plasma	4.858819030578873	0.35090268497624005	21	0.903	1000	B/Plasma;Endothelial;Epithelial/Ductal;Fibroblast/CAF;Myeloid;T/NK	2435585233
GSE242230	NSUN2	T/NK	Epithelial/Ductal	3.447368604406095	0.1059826615236891	21	0.859	1000	B/Plasma;Endothelial;Epithelial/Ductal;Fibroblast/CAF;Myeloid;T/NK	2435585233
GSE242230	NSUN3	T/NK	Epithelial/Ductal	2.5520935558637245	0.04914862259730254	21	0.923	1000	B/Plasma;Epithelial/Ductal;Fibroblast/CAF;Myeloid;T/NK	2435585233
GSE242230	NSUN4	Endothelial	Epithelial/Ductal	2.977546647829342	0.08483657107616405	3	0.925	1000	B/Plasma;Endothelial;Epithelial/Ductal;Fibroblast/CAF;Myeloid;T/NK	2435585233
GSE242230	NSUN5	Epithelial/Ductal	B/Plasma	3.5278871789468695	0.25930111912429066	24	0.655	1000	B/Plasma;Endothelial;Epithelial/Ductal;Fibroblast/CAF;Myeloid;T/NK	2435585233
GSE242230	NSUN6	T/NK	B/Plasma	3.4010060318606308	0.12232386730205433	21	0.933	1000	B/Plasma;Epithelial/Ductal;Fibroblast/CAF;Myeloid;T/NK	2435585233
GSE242230	NT5C	B/Plasma	Epithelial/Ductal	4.567965300804896	0.3108643389746385	15	0.863	1000	B/Plasma;Endothelial;Epithelial/Ductal;Fibroblast/CAF;Myeloid;T/NK	2435585233
GSE242230	NT5C1A	NOT_EVALUABLE	NOT_EVALUABLE	NA	NA	0	NA	0		2435585233
GSE242230	NT5C2	Epithelial/Ductal	Myeloid	3.740269022879152	0.31046009835807553	24	0.952	1000	B/Plasma;Endothelial;Epithelial/Ductal;Fibroblast/CAF;Myeloid;T/NK	2435585233
GSE242230	NT5E	B/Plasma	Epithelial/Ductal	3.748680420655137	0.15342849959022095	15	0.714	1000	B/Plasma;Endothelial;Epithelial/Ductal;Fibroblast/CAF;Myeloid;T/NK	2435585233
GSE242230	NT5M	Fibroblast/CAF	T/NK	0.7957182434246199	0.015557839097056199	7	0.916	1000	B/Plasma;Epithelial/Ductal;Fibroblast/CAF;Myeloid;T/NK	2435585233
GSE242230	NTMT1	Endothelial	Fibroblast/CAF	3.8225949191521633	0.19965823825675813	3	0.485	1000	B/Plasma;Endothelial;Epithelial/Ductal;Fibroblast/CAF;Myeloid;T/NK	2435585233
GSE242230	NTMT2	Fibroblast/CAF	NOT_EVALUABLE	0.61485175400768	0.010024449378661187	7	1.0	1000	Fibroblast/CAF	2435585233
GSE242230	OAT	Fibroblast/CAF	Endothelial	4.40933663193005	0.3893413273975997	7	1.0	1000	B/Plasma;Endothelial;Epithelial/Ductal;Fibroblast/CAF;Myeloid;T/NK	2435585233
GSE242230	ODC1	B/Plasma	Erythrocyte	4.424464906475625	0.25565734993256567	15	0.997	1000	B/Plasma;Epithelial/Ductal;Erythrocyte;Fibroblast/CAF;Myeloid;T/NK	2435585233
GSE242230	OGDH	Endothelial	Epithelial/Ductal	3.8726183163703176	0.18995014903895568	3	0.828	1000	B/Plasma;Endothelial;Epithelial/Ductal;Fibroblast/CAF;Myeloid;T/NK	2435585233
GSE242230	OGDHL	Epithelial/Ductal	NOT_EVALUABLE	0.4535816933614838	0.011241955549984308	24	1.0	1000	Epithelial/Ductal	2435585233
GSE242230	OGFOD1	Endothelial	T/NK	3.0339362345744054	0.08963408366738612	3	0.493	1000	B/Plasma;Endothelial;Epithelial/Ductal;Fibroblast/CAF;Myeloid;T/NK	2435585233
GSE242230	OLAH	Epithelial/Ductal	NOT_EVALUABLE	0.08553796249252434	0.0008951690974875457	24	1.0	1000	Epithelial/Ductal	2435585233
GSE242230	OTC	Epithelial/Ductal	NOT_EVALUABLE	0.7176361305245038	0.039413696343453895	24	1.0	1000	Epithelial/Ductal	2435585233
GSE242230	P3H1	Fibroblast/CAF	Endothelial	4.2528230384009404	0.3682815900658393	7	1.0	1000	B/Plasma;Endothelial;Epithelial/Ductal;Fibroblast/CAF;Myeloid;T/NK	2435585233
GSE242230	P3H2	Epithelial/Ductal	Myeloid	2.547540835779205	0.13408531192556988	24	0.996	1000	Epithelial/Ductal;Fibroblast/CAF;Myeloid;T/NK	2435585233
GSE242230	P3H3	Fibroblast/CAF	Epithelial/Ductal	3.8639751504802478	0.27620543030936767	7	1.0	1000	B/Plasma;Epithelial/Ductal;Fibroblast/CAF;Myeloid;T/NK	2435585233
GSE242230	P4HA1	Fibroblast/CAF	Epithelial/Ductal	4.393158896229935	0.35789029579866055	7	0.591	1000	B/Plasma;Endothelial;Epithelial/Ductal;Fibroblast/CAF;Myeloid;T/NK	2435585233
GSE242230	P4HA2	Fibroblast/CAF	Epithelial/Ductal	4.40886931186454	0.35465226370698266	7	1.0	1000	B/Plasma;Endothelial;Epithelial/Ductal;Fibroblast/CAF;Myeloid;T/NK	2435585233
GSE242230	P4HA3	Fibroblast/CAF	Epithelial/Ductal	2.8425689702913033	0.12145980723509575	7	1.0	1000	Epithelial/Ductal;Fibroblast/CAF;Myeloid	2435585233
GSE242230	P4HTM	Epithelial/Ductal	T/NK	3.606562826582144	0.27551233336899233	24	0.909	1000	B/Plasma;Endothelial;Epithelial/Ductal;Fibroblast/CAF;Myeloid;T/NK	2435585233
GSE242230	PAOX	B/Plasma	Endothelial	2.912665445679351	0.06874280268623582	15	1.0	1000	B/Plasma;Endothelial;Epithelial/Ductal;Fibroblast/CAF;Myeloid;T/NK	2435585233
GSE242230	PC	Epithelial/Ductal	Myeloid	1.6761696455990327	0.06183384716235579	24	0.517	1000	Epithelial/Ductal;Fibroblast/CAF;Myeloid;T/NK	2435585233
GSE242230	PCIF1	T/NK	Endothelial	3.7950444127557073	0.13480663290670664	21	0.719	1000	B/Plasma;Endothelial;Epithelial/Ductal;Fibroblast/CAF;Myeloid;T/NK	2435585233
GSE242230	PCMT1	Myeloid	Endothelial	4.226364776165396	0.2877124862737609	20	0.655	1000	B/Plasma;Endothelial;Epithelial/Ductal;Fibroblast/CAF;Myeloid;T/NK	2435585233
GSE242230	PDHA1	Epithelial/Ductal	Endothelial	3.5907912399203177	0.2800384762702007	24	0.342	1000	B/Plasma;Endothelial;Epithelial/Ductal;Fibroblast/CAF;Myeloid;T/NK	2435585233
GSE242230	PDHA2	NOT_EVALUABLE	NOT_EVALUABLE	NA	NA	0	NA	0		2435585233
GSE242230	PDHB	Fibroblast/CAF	Myeloid	3.9068324657973954	0.27182549074133217	7	0.967	1000	B/Plasma;Endothelial;Epithelial/Ductal;Fibroblast/CAF;Myeloid;T/NK	2435585233
GSE242230	PEMT	Endothelial	Fibroblast/CAF	3.5704764017098896	0.14099599136601912	3	0.583	1000	B/Plasma;Endothelial;Epithelial/Ductal;Fibroblast/CAF;Myeloid;T/NK	2435585233
GSE242230	PEPD	Myeloid	Endothelial	4.323322422360346	0.2984855413868418	20	0.513	1000	B/Plasma;Endothelial;Epithelial/Ductal;Fibroblast/CAF;Myeloid;T/NK	2435585233
GSE242230	PGP	Myeloid	Epithelial/Ductal	3.11958231570003	0.15297653988042453	20	0.616	1000	B/Plasma;Epithelial/Ductal;Fibroblast/CAF;Myeloid;T/NK	2435585233
GSE242230	PHF2	Endothelial	Fibroblast/CAF	3.6360893282995654	0.14798797409805733	3	0.958	1000	B/Plasma;Endothelial;Epithelial/Ductal;Fibroblast/CAF;Myeloid;T/NK	2435585233
GSE242230	PHF8	Endothelial	T/NK	2.7632035222566382	0.09163326138349259	3	0.524	1000	B/Plasma;Endothelial;Epithelial/Ductal;Fibroblast/CAF;Myeloid;T/NK	2435585233
GSE242230	PHGDH	Fibroblast/CAF	Epithelial/Ductal	3.851099414950756	0.19066797223992377	7	0.954	1000	B/Plasma;Epithelial/Ductal;Fibroblast/CAF;Myeloid;T/NK	2435585233
GSE242230	PHYH	Fibroblast/CAF	Epithelial/Ductal	3.395295594946048	0.21482345351129026	7	0.433	1000	B/Plasma;Endothelial;Epithelial/Ductal;Fibroblast/CAF;Myeloid;T/NK	2435585233
GSE242230	PIPOX	Myeloid	Epithelial/Ductal	0.9353231121010964	0.014135236595300821	20	0.998	1000	Epithelial/Ductal;Myeloid;T/NK	2435585233
GSE242230	PKLR	Epithelial/Ductal	NOT_EVALUABLE	0.18872472173049204	0.013846347311591059	24	1.0	1000	Epithelial/Ductal	2435585233
GSE242230	PKM	Myeloid	Epithelial/Ductal	6.658319040393417	0.7932014245034054	20	0.584	1000	B/Plasma;Endothelial;Epithelial/Ductal;Fibroblast/CAF;Myeloid;T/NK	2435585233
GSE242230	PLA2G15	Myeloid	Endothelial	3.478278486052683	0.15546778056702681	20	1.0	1000	B/Plasma;Endothelial;Epithelial/Ductal;Fibroblast/CAF;Myeloid;T/NK	2435585233
GSE242230	PLA2G4A	Myeloid	Epithelial/Ductal	1.8391371606717495	0.03772209997690259	20	0.323	1000	Epithelial/Ductal;Fibroblast/CAF;Myeloid	2435585233
GSE242230	PLA2G4B	B/Plasma	T/NK	0.3343485370920998	0.0040370370370370265	15	0.562	1000	B/Plasma;Epithelial/Ductal;Myeloid;T/NK	2435585233
GSE242230	PLA2G4C	Fibroblast/CAF	Myeloid	2.2697080476761937	0.07144494504756616	7	0.894	1000	B/Plasma;Epithelial/Ductal;Fibroblast/CAF;Myeloid;T/NK	2435585233
GSE242230	PLA2G4E	Epithelial/Ductal	NOT_EVALUABLE	0.061868519972247155	0.000581031428883175	24	1.0	1000	Epithelial/Ductal	2435585233
GSE242230	PLA2G4F	Epithelial/Ductal	NOT_EVALUABLE	0.8832676510459203	0.02601789484711788	24	1.0	1000	Epithelial/Ductal	2435585233
GSE242230	PLA2G6	T/NK	Epithelial/Ductal	2.528692606595834	0.045243044156688846	21	0.967	1000	B/Plasma;Epithelial/Ductal;Fibroblast/CAF;Myeloid;T/NK	2435585233
GSE242230	PLB1	Myeloid	Epithelial/Ductal	2.870411032948117	0.09597824304396235	20	1.0	1000	B/Plasma;Epithelial/Ductal;Fibroblast/CAF;Myeloid;T/NK	2435585233
GSE242230	PLBD1	Myeloid	Epithelial/Ductal	4.967834582737635	0.41699292871321597	20	1.0	1000	B/Plasma;Epithelial/Ductal;Fibroblast/CAF;Myeloid;T/NK	2435585233
GSE242230	PLD3	Myeloid	Fibroblast/CAF	5.5988514173532185	0.47131127973367837	20	0.998	1000	B/Plasma;Endothelial;Epithelial/Ductal;Fibroblast/CAF;Myeloid;T/NK	2435585233
GSE242230	PLD4	Myeloid	B/Plasma	3.9525351418594057	0.1283353066781599	20	0.921	1000	B/Plasma;Epithelial/Ductal;Myeloid	2435585233
GSE242230	PLOD1	Fibroblast/CAF	Endothelial	4.522747530105606	0.41325514308450834	7	0.999	1000	B/Plasma;Endothelial;Epithelial/Ductal;Fibroblast/CAF;Myeloid;T/NK	2435585233
GSE242230	PLOD2	Fibroblast/CAF	Epithelial/Ductal	4.926830963221756	0.43545771704282676	7	1.0	1000	B/Plasma;Epithelial/Ductal;Fibroblast/CAF;Myeloid;T/NK	2435585233
GSE242230	PLOD3	Epithelial/Ductal	Fibroblast/CAF	4.065743097190905	0.3541418621517711	24	0.489	1000	B/Plasma;Endothelial;Epithelial/Ductal;Fibroblast/CAF;Myeloid;T/NK	2435585233
GSE242230	PM20D1	B/Plasma	T/NK	0.7855081296537259	0.008572629898463155	15	0.781	1000	B/Plasma;Epithelial/Ductal;T/NK	2435585233
GSE242230	PM20D2	Epithelial/Ductal	T/NK	2.397307701514956	0.12524125591676738	24	0.621	1000	B/Plasma;Epithelial/Ductal;Fibroblast/CAF;Myeloid;T/NK	2435585233
GSE242230	PNLIPRP2	NOT_EVALUABLE	NOT_EVALUABLE	NA	NA	0	NA	0		2435585233
GSE242230	PNMT	Epithelial/Ductal	T/NK	0.3245932403136697	0.008410636693348525	24	0.814	1000	Epithelial/Ductal;T/NK	2435585233
GSE242230	PNP	Erythrocyte	Endothelial	5.105825858268268	0.419032299993501	3	0.674	1000	B/Plasma;Endothelial;Epithelial/Ductal;Erythrocyte;Fibroblast/CAF;Myeloid;T/NK	2435585233
GSE242230	PNPLA2	Erythrocyte	Epithelial/Ductal	5.289759252344278	0.6584161954896991	3	0.681	1000	B/Plasma;Endothelial;Epithelial/Ductal;Erythrocyte;Fibroblast/CAF;Myeloid;T/NK	2435585233
GSE242230	PNPLA3	Epithelial/Ductal	Myeloid	1.1576981579722865	0.030835406386892004	24	0.995	1000	Epithelial/Ductal;Myeloid;T/NK	2435585233
GSE242230	PNPLA4	Epithelial/Ductal	Fibroblast/CAF	2.959314325968682	0.1661592227834881	24	0.773	1000	B/Plasma;Epithelial/Ductal;Fibroblast/CAF;Myeloid;T/NK	2435585233
GSE242230	PNPLA6	Myeloid	Endothelial	4.354651907613247	0.3192008731745638	20	1.0	1000	B/Plasma;Endothelial;Epithelial/Ductal;Erythrocyte;Fibroblast/CAF;Myeloid;T/NK	2435585233
GSE242230	PNPLA7	B/Plasma	Epithelial/Ductal	1.975249183315254	0.03609193588757835	15	0.621	1000	B/Plasma;Epithelial/Ductal;Fibroblast/CAF;Myeloid;T/NK	2435585233
GSE242230	PNPLA8	Endothelial	Myeloid	3.853148828659409	0.16058176585466127	3	0.962	1000	B/Plasma;Endothelial;Epithelial/Ductal;Fibroblast/CAF;Myeloid;T/NK	2435585233
GSE242230	PRDM16	Epithelial/Ductal	NOT_EVALUABLE	2.0848935383952987	0.08586936182551619	24	1.0	1000	Epithelial/Ductal	2435585233
GSE242230	PRDM2	T/NK	B/Plasma	3.815512345425238	0.14588808922013263	21	0.674	1000	B/Plasma;Endothelial;Epithelial/Ductal;Fibroblast/CAF;Myeloid;T/NK	2435585233
GSE242230	PRDM6	Fibroblast/CAF	Epithelial/Ductal	2.5718841665028367	0.09510005996542947	7	1.0	1000	Epithelial/Ductal;Fibroblast/CAF	2435585233
GSE242230	PRDM7	NOT_EVALUABLE	NOT_EVALUABLE	NA	NA	0	NA	0		2435585233
GSE242230	PRDM9	NOT_EVALUABLE	NOT_EVALUABLE	NA	NA	0	NA	0		2435585233
GSE242230	PRMT1	Endothelial	Fibroblast/CAF	5.8022392101474365	0.6182881077191901	3	0.962	1000	B/Plasma;Endothelial;Epithelial/Ductal;Fibroblast/CAF;Myeloid;T/NK	2435585233
GSE242230	PRMT2	T/NK	Fibroblast/CAF	5.353640655625856	0.4721258088840098	21	1.0	1000	B/Plasma;Endothelial;Epithelial/Ductal;Fibroblast/CAF;Myeloid;T/NK	2435585233
GSE242230	PRMT3	Endothelial	T/NK	2.6040532658860784	0.059957344023023905	3	0.649	1000	B/Plasma;Endothelial;Epithelial/Ductal;Fibroblast/CAF;Myeloid;T/NK	2435585233
GSE242230	PRMT5	Epithelial/Ductal	Fibroblast/CAF	3.276463877513892	0.21078198101165913	24	0.787	1000	B/Plasma;Endothelial;Epithelial/Ductal;Fibroblast/CAF;Myeloid;T/NK	2435585233
GSE242230	PRMT6	Fibroblast/CAF	T/NK	2.458178912973886	0.09402336702924674	7	0.945	1000	B/Plasma;Epithelial/Ductal;Fibroblast/CAF;Myeloid;T/NK	2435585233
GSE242230	PRMT7	Epithelial/Ductal	T/NK	3.3012463979020352	0.2401276985066079	24	0.458	1000	B/Plasma;Endothelial;Epithelial/Ductal;Fibroblast/CAF;Myeloid;T/NK	2435585233
GSE242230	PRMT8	NOT_EVALUABLE	NOT_EVALUABLE	NA	NA	0	NA	0		2435585233
GSE242230	PRMT9	Myeloid	T/NK	3.4587775191398484	0.15533094746683293	20	0.902	1000	B/Plasma;Epithelial/Ductal;Fibroblast/CAF;Myeloid;T/NK	2435585233
GSE242230	PSAT1	Epithelial/Ductal	T/NK	1.6875031194879988	0.05315494861851544	24	0.438	1000	B/Plasma;Epithelial/Ductal;Fibroblast/CAF;Myeloid;T/NK	2435585233
GSE242230	PTER	Epithelial/Ductal	T/NK	2.632339467493472	0.15094162317810286	24	0.844	1000	B/Plasma;Epithelial/Ductal;Fibroblast/CAF;Myeloid;T/NK	2435585233
GSE242230	RAD23A	Erythrocyte	Endothelial	5.631737963424001	0.7265223890297005	3	0.956	1000	B/Plasma;Endothelial;Epithelial/Ductal;Erythrocyte;Fibroblast/CAF;Myeloid;T/NK	2435585233
GSE242230	RAD23B	Endothelial	Epithelial/Ductal	4.320502619901155	0.2844948093329222	3	0.682	1000	B/Plasma;Endothelial;Epithelial/Ductal;Fibroblast/CAF;Myeloid;T/NK	2435585233
GSE242230	RIDA	Epithelial/Ductal	Endothelial	2.695983447747294	0.17207268730039238	24	0.421	1000	B/Plasma;Endothelial;Epithelial/Ductal;Fibroblast/CAF;Myeloid;T/NK	2435585233
GSE242230	RIOX1	T/NK	B/Plasma	2.6269912354675036	0.05723430901301086	21	0.99	1000	B/Plasma;Epithelial/Ductal;Fibroblast/CAF;Myeloid;T/NK	2435585233
GSE242230	RIOX2	Endothelial	T/NK	3.3807597399879854	0.10512642614862781	3	0.962	1000	B/Plasma;Endothelial;Epithelial/Ductal;Fibroblast/CAF;Myeloid;T/NK	2435585233
GSE242230	RNMT	Endothelial	T/NK	4.1396308170972596	0.24862524411553086	3	0.61	1000	B/Plasma;Endothelial;Epithelial/Ductal;Fibroblast/CAF;Myeloid;T/NK	2435585233
GSE242230	RSBN1	T/NK	Endothelial	4.302790084593998	0.22483497983476236	21	1.0	1000	B/Plasma;Endothelial;Epithelial/Ductal;Fibroblast/CAF;Myeloid;T/NK	2435585233
GSE242230	SAMHD1	Myeloid	T/NK	6.049309011756464	0.6853750755827053	20	1.0	1000	B/Plasma;Endothelial;Epithelial/Ductal;Fibroblast/CAF;Myeloid;T/NK	2435585233
GSE242230	SDS	Myeloid	Fibroblast/CAF	3.537093442352611	0.08635918496629715	20	1.0	1000	Epithelial/Ductal;Fibroblast/CAF;Myeloid	2435585233
GSE242230	SDSL	Myeloid	Fibroblast/CAF	3.320800883220447	0.14059936127407952	20	0.998	1000	B/Plasma;Epithelial/Ductal;Fibroblast/CAF;Myeloid;T/NK	2435585233
GSE242230	SETD1A	Epithelial/Ductal	T/NK	2.434340954238372	0.12132858405430069	24	0.815	1000	B/Plasma;Epithelial/Ductal;Fibroblast/CAF;Myeloid;T/NK	2435585233
GSE242230	SETD1B	T/NK	Myeloid	2.9979469468201194	0.06723152867863666	21	0.987	1000	B/Plasma;Epithelial/Ductal;Fibroblast/CAF;Myeloid;T/NK	2435585233
GSE242230	SETD2	Endothelial	T/NK	4.110213374576765	0.2528188919724535	3	0.955	1000	B/Plasma;Endothelial;Epithelial/Ductal;Fibroblast/CAF;Myeloid;T/NK	2435585233
GSE242230	SETD3	Myeloid	T/NK	3.566807549495169	0.18327268626247295	20	0.513	1000	B/Plasma;Endothelial;Epithelial/Ductal;Fibroblast/CAF;Myeloid;T/NK	2435585233
GSE242230	SETD4	Endothelial	Epithelial/Ductal	2.94344848255119	0.08093843149347306	3	0.919	1000	B/Plasma;Endothelial;Epithelial/Ductal;Fibroblast/CAF;Myeloid;T/NK	2435585233
GSE242230	SETD5	Endothelial	Fibroblast/CAF	4.496965537127285	0.30917360468701816	3	0.96	1000	B/Plasma;Endothelial;Epithelial/Ductal;Fibroblast/CAF;Myeloid;T/NK	2435585233
GSE242230	SETD6	Epithelial/Ductal	T/NK	2.4209002510855413	0.11517297521490831	24	0.994	1000	B/Plasma;Epithelial/Ductal;Fibroblast/CAF;Myeloid;T/NK	2435585233
GSE242230	SETD7	Fibroblast/CAF	Endothelial	3.6997612997554357	0.2657892649478194	7	0.822	1000	B/Plasma;Endothelial;Epithelial/Ductal;Fibroblast/CAF;Myeloid;T/NK	2435585233
GSE242230	SETDB1	Myeloid	Epithelial/Ductal	3.0690875063874308	0.12727969349622323	20	0.687	1000	B/Plasma;Endothelial;Epithelial/Ductal;Fibroblast/CAF;Myeloid;T/NK	2435585233
GSE242230	SETDB2	Myeloid	T/NK	3.174975858468488	0.14485524670117608	20	0.945	1000	B/Plasma;Epithelial/Ductal;Fibroblast/CAF;Myeloid;T/NK	2435585233
GSE242230	SETMAR	Fibroblast/CAF	Epithelial/Ductal	2.4137086061162236	0.08373741478700492	7	1.0	1000	B/Plasma;Epithelial/Ductal;Fibroblast/CAF;Myeloid;T/NK	2435585233
GSE242230	SLC13A2	Epithelial/Ductal	NOT_EVALUABLE	0.5754935363636376	0.021041421086914036	24	1.0	1000	Epithelial/Ductal	2435585233
GSE242230	SLC13A3	Fibroblast/CAF	Epithelial/Ductal	1.5892308408441067	0.05277030277686475	7	0.983	1000	Epithelial/Ductal;Fibroblast/CAF;Myeloid	2435585233
GSE242230	SLC15A1	Epithelial/Ductal	NOT_EVALUABLE	2.2047709918949696	0.09300260349300105	24	1.0	1000	Epithelial/Ductal	2435585233
GSE242230	SLC15A2	B/Plasma	Epithelial/Ductal	2.024417444596501	0.030929875731646843	15	0.863	1000	B/Plasma;Epithelial/Ductal;Fibroblast/CAF;Myeloid;T/NK	2435585233
GSE242230	SLC16A1	Fibroblast/CAF	Endothelial	3.032329645678604	0.19079270098416326	7	0.737	1000	B/Plasma;Endothelial;Epithelial/Ductal;Fibroblast/CAF;Myeloid;T/NK	2435585233
GSE242230	SLC16A10	Myeloid	T/NK	2.27751636009775	0.05568988142033694	20	0.998	1000	B/Plasma;Epithelial/Ductal;Myeloid;T/NK	2435585233
GSE242230	SLC16A11	T/NK	B/Plasma	1.4241410898443412	0.014893300003532114	21	0.976	1000	B/Plasma;Epithelial/Ductal;Fibroblast/CAF;Myeloid;T/NK	2435585233
GSE242230	SLC16A3	Myeloid	Epithelial/Ductal	5.333625946200124	0.4807159126642858	20	1.0	1000	B/Plasma;Endothelial;Epithelial/Ductal;Fibroblast/CAF;Myeloid;T/NK	2435585233
GSE242230	SLC16A6	Myeloid	T/NK	2.3693620357855854	0.05746400866565724	20	0.959	1000	B/Plasma;Epithelial/Ductal;Myeloid;T/NK	2435585233
GSE242230	SLC16A7	T/NK	Endothelial	3.6930449632137057	0.13721029966800224	21	1.0	1000	B/Plasma;Endothelial;Epithelial/Ductal;Fibroblast/CAF;Myeloid;T/NK	2435585233
GSE242230	SLC22A1	T/NK	Epithelial/Ductal	0.1784217115683297	0.0009417280944113238	21	0.492	1000	Epithelial/Ductal;Myeloid;T/NK	2435585233
GSE242230	SLC22A2	Epithelial/Ductal	NOT_EVALUABLE	0.08090437079396466	0.0011557888202118041	24	1.0	1000	Epithelial/Ductal	2435585233
GSE242230	SLC22A7	NOT_EVALUABLE	NOT_EVALUABLE	NA	NA	0	NA	0		2435585233
GSE242230	SLC22A8	NOT_EVALUABLE	NOT_EVALUABLE	NA	NA	0	NA	0		2435585233
GSE242230	SLC25A11	Myeloid	Endothelial	4.058860311290227	0.27121274894520375	20	0.656	1000	B/Plasma;Endothelial;Epithelial/Ductal;Fibroblast/CAF;Myeloid;T/NK	2435585233
GSE242230	SLC25A15	T/NK	Fibroblast/CAF	1.2899358195267976	0.011855301124141477	21	0.899	1000	B/Plasma;Epithelial/Ductal;Fibroblast/CAF;Myeloid;T/NK	2435585233
GSE242230	SLC25A2	Epithelial/Ductal	NOT_EVALUABLE	0.019772486935955045	0.00060470306932925	24	1.0	1000	Epithelial/Ductal	2435585233
GSE242230	SLC25A20	T/NK	Myeloid	3.5171829481010315	0.10562060743415043	21	0.99	1000	B/Plasma;Endothelial;Epithelial/Ductal;Fibroblast/CAF;Myeloid;T/NK	2435585233
GSE242230	SLC25A21	Epithelial/Ductal	Fibroblast/CAF	0.5935047428843229	0.011278175378530078	24	0.907	1000	Epithelial/Ductal;Fibroblast/CAF	2435585233
GSE242230	SLC25A26	T/NK	Fibroblast/CAF	3.224912025182851	0.08297861948687865	21	0.735	1000	B/Plasma;Endothelial;Epithelial/Ductal;Fibroblast/CAF;Myeloid;T/NK	2435585233
GSE242230	SLC25A29	Epithelial/Ductal	Endothelial	3.0995686328222054	0.2082785915711349	24	0.687	1000	B/Plasma;Endothelial;Epithelial/Ductal;Fibroblast/CAF;Myeloid;T/NK	2435585233
GSE242230	SLC25A36	Fibroblast/CAF	Epithelial/Ductal	3.905660426314266	0.3197601502633271	7	0.784	1000	B/Plasma;Endothelial;Epithelial/Ductal;Fibroblast/CAF;Myeloid;T/NK	2435585233
GSE242230	SLC25A44	Epithelial/Ductal	Myeloid	2.4514200717154897	0.11900652923936837	24	0.758	1000	B/Plasma;Endothelial;Epithelial/Ductal;Fibroblast/CAF;Myeloid;T/NK	2435585233
GSE242230	SLC28A1	Epithelial/Ductal	NOT_EVALUABLE	0.07643146994817687	0.0011853145979900583	24	1.0	1000	Epithelial/Ductal	2435585233
GSE242230	SLC28A2	Epithelial/Ductal	NOT_EVALUABLE	0.7839787672810657	0.04398671959833417	24	1.0	1000	Epithelial/Ductal	2435585233
GSE242230	SLC28A3	Epithelial/Ductal	Myeloid	1.993257905232985	0.09829016967570477	24	0.915	1000	Epithelial/Ductal;Fibroblast/CAF;Myeloid	2435585233
GSE242230	SLC29A1	Endothelial	Myeloid	4.730857784493516	0.34045379792373315	3	0.962	1000	B/Plasma;Endothelial;Epithelial/Ductal;Fibroblast/CAF;Myeloid;T/NK	2435585233
GSE242230	SLC29A2	Epithelial/Ductal	T/NK	2.37648646484289	0.11002516910235	24	1.0	1000	B/Plasma;Epithelial/Ductal;Myeloid;T/NK	2435585233
GSE242230	SLC29A3	Myeloid	Epithelial/Ductal	3.3573227578220943	0.13724022189579024	20	1.0	1000	B/Plasma;Epithelial/Ductal;Fibroblast/CAF;Myeloid;T/NK	2435585233
GSE242230	SLC32A1	NOT_EVALUABLE	NOT_EVALUABLE	NA	NA	0	NA	0		2435585233
GSE242230	SLC36A1	Myeloid	Fibroblast/CAF	2.6524113233459667	0.08803399309505935	20	0.768	1000	B/Plasma;Epithelial/Ductal;Fibroblast/CAF;Myeloid;T/NK	2435585233
GSE242230	SLC36A2	NOT_EVALUABLE	NOT_EVALUABLE	NA	NA	0	NA	0		2435585233
GSE242230	SLC36A4	Myeloid	Endothelial	3.0228874262352874	0.11823374756199054	20	0.931	1000	B/Plasma;Endothelial;Epithelial/Ductal;Fibroblast/CAF;Myeloid;T/NK	2435585233
GSE242230	SLC38A10	Fibroblast/CAF	Epithelial/Ductal	4.091869494497736	0.33564339117679765	7	0.738	1000	B/Plasma;Endothelial;Epithelial/Ductal;Fibroblast/CAF;Myeloid;T/NK	2435585233
GSE242230	SLC38A2	Fibroblast/CAF	T/NK	4.686417433145244	0.40124803272987236	7	0.678	1000	B/Plasma;Endothelial;Epithelial/Ductal;Fibroblast/CAF;Myeloid;T/NK	2435585233
GSE242230	SLC38A8	NOT_EVALUABLE	NOT_EVALUABLE	NA	NA	0	NA	0		2435585233
GSE242230	SLC38A9	Endothelial	T/NK	2.9003841084759188	0.08842635419878707	3	0.743	1000	B/Plasma;Endothelial;Epithelial/Ductal;Fibroblast/CAF;Myeloid;T/NK	2435585233
GSE242230	SLC43A1	Endothelial	Fibroblast/CAF	2.608849632759687	0.05835389043067113	3	0.52	1000	B/Plasma;Endothelial;Epithelial/Ductal;Fibroblast/CAF;Myeloid;T/NK	2435585233
GSE242230	SLC43A2	Myeloid	B/Plasma	4.089422659352181	0.2652970082650574	20	1.0	1000	B/Plasma;Epithelial/Ductal;Fibroblast/CAF;Myeloid;T/NK	2435585233
GSE242230	SLC45A4	Epithelial/Ductal	Myeloid	3.1078621243632845	0.1753878605772403	24	1.0	1000	B/Plasma;Epithelial/Ductal;Fibroblast/CAF;Myeloid;T/NK	2435585233
GSE242230	SLC5A12	Epithelial/Ductal	NOT_EVALUABLE	0.4009697406911042	0.01072663884471014	24	1.0	1000	Epithelial/Ductal	2435585233
GSE242230	SLC5A8	NOT_EVALUABLE	NOT_EVALUABLE	NA	NA	0	NA	0		2435585233
GSE242230	SLC6A1	Fibroblast/CAF	Epithelial/Ductal	1.3969259766894246	0.035975702119489715	7	0.998	1000	Epithelial/Ductal;Fibroblast/CAF	2435585233
GSE242230	SLC6A11	Epithelial/Ductal	NOT_EVALUABLE	0.03315844205784595	0.00035566098159669585	24	1.0	1000	Epithelial/Ductal	2435585233
GSE242230	SLC6A12	Myeloid	Epithelial/Ductal	1.3125433146178511	0.02293281576583255	20	1.0	1000	Epithelial/Ductal;Myeloid	2435585233
GSE242230	SLC6A13	Myeloid	Epithelial/Ductal	0.05724345293306765	0.00041864271696203	20	0.7145	1000	Epithelial/Ductal;Myeloid	2435585233
GSE242230	SLC6A14	Epithelial/Ductal	T/NK	2.9945762776063964	0.1685582897772341	24	1.0	1000	Epithelial/Ductal;Myeloid;T/NK	2435585233
GSE242230	SLC6A15	NOT_EVALUABLE	NOT_EVALUABLE	NA	NA	0	NA	0		2435585233
GSE242230	SLC6A17	Epithelial/Ductal	NOT_EVALUABLE	0.1046746771003189	0.0014621466546012917	24	1.0	1000	Epithelial/Ductal	2435585233
GSE242230	SLC6A19	Epithelial/Ductal	NOT_EVALUABLE	0.6771886967160428	0.03623843114553154	24	1.0	1000	Epithelial/Ductal	2435585233
GSE242230	SLC6A20	Epithelial/Ductal	Fibroblast/CAF	3.139877424348422	0.21445318175956582	24	1.0	1000	Epithelial/Ductal;Fibroblast/CAF;T/NK	2435585233
GSE242230	SLC6A6	Endothelial	Myeloid	3.9893216940969793	0.14088292733066088	3	0.668	1000	B/Plasma;Endothelial;Epithelial/Ductal;Fibroblast/CAF;Myeloid;T/NK	2435585233
GSE242230	SLC6A7	Fibroblast/CAF	Epithelial/Ductal	0.3891594143405013	0.005548188966593171	7	0.865	1000	Epithelial/Ductal;Fibroblast/CAF;Myeloid	2435585233
GSE242230	SLC7A1	Epithelial/Ductal	T/NK	3.2207663906648634	0.20250032069647386	24	1.0	1000	B/Plasma;Epithelial/Ductal;Fibroblast/CAF;Myeloid;T/NK	2435585233
GSE242230	SLC7A13	NOT_EVALUABLE	NOT_EVALUABLE	NA	NA	0	NA	0		2435585233
GSE242230	SLC7A14	NOT_EVALUABLE	NOT_EVALUABLE	NA	NA	0	NA	0		2435585233
GSE242230	SLC7A2	Fibroblast/CAF	Epithelial/Ductal	2.3346932800826323	0.08386947045338969	7	0.975	1000	B/Plasma;Epithelial/Ductal;Fibroblast/CAF	2435585233
GSE242230	SLC7A3	NOT_EVALUABLE	NOT_EVALUABLE	NA	NA	0	NA	0		2435585233
GSE242230	SLC7A5	Erythrocyte	Epithelial/Ductal	3.645588548396015	0.19930135828946507	3	0.96	1000	B/Plasma;Epithelial/Ductal;Erythrocyte;Fibroblast/CAF;Myeloid;T/NK	2435585233
GSE242230	SLC7A6	T/NK	B/Plasma	3.7905208249545916	0.14393592214916928	21	1.0	1000	B/Plasma;Epithelial/Ductal;Fibroblast/CAF;Myeloid;T/NK	2435585233
GSE242230	SLC7A7	Myeloid	Epithelial/Ductal	5.105593930837207	0.45664497122943065	20	1.0	1000	B/Plasma;Epithelial/Ductal;Fibroblast/CAF;Myeloid;T/NK	2435585233
GSE242230	SLC7A8	Fibroblast/CAF	Myeloid	2.5424566416458156	0.12600881264537106	7	0.763	1000	B/Plasma;Epithelial/Ductal;Fibroblast/CAF;Myeloid;T/NK	2435585233
GSE242230	SLC7A9	Epithelial/Ductal	NOT_EVALUABLE	0.5053305365478825	0.015747605183435973	24	1.0	1000	Epithelial/Ductal	2435585233
GSE242230	SLCO3A1	Endothelial	Fibroblast/CAF	3.7837002655946708	0.16637886730393664	3	0.952	1000	B/Plasma;Endothelial;Epithelial/Ductal;Fibroblast/CAF;Myeloid;T/NK	2435585233
GSE242230	SMYD1	NOT_EVALUABLE	NOT_EVALUABLE	NA	NA	0	NA	0		2435585233
GSE242230	SMYD2	T/NK	Epithelial/Ductal	3.334853530353376	0.09528997578190242	21	0.555	1000	B/Plasma;Endothelial;Epithelial/Ductal;Fibroblast/CAF;Myeloid;T/NK	2435585233
GSE242230	SMYD3	Fibroblast/CAF	T/NK	3.3713042837737484	0.1754740507238204	7	0.955	1000	B/Plasma;Endothelial;Epithelial/Ductal;Fibroblast/CAF;Myeloid;T/NK	2435585233
GSE242230	SMYD4	T/NK	Fibroblast/CAF	2.7726558560425327	0.05289850130508212	21	0.677	1000	B/Plasma;Endothelial;Epithelial/Ductal;Fibroblast/CAF;Myeloid;T/NK	2435585233
GSE242230	SMYD5	Epithelial/Ductal	Fibroblast/CAF	2.193075192711136	0.08743602620467793	24	0.74	1000	B/Plasma;Epithelial/Ductal;Fibroblast/CAF;Myeloid;T/NK	2435585233
GSE242230	SPOUT1	T/NK	Epithelial/Ductal	2.8152426970147624	0.07225294226671755	21	0.666	1000	B/Plasma;Epithelial/Ductal;Fibroblast/CAF;Myeloid;T/NK	2435585233
GSE242230	SRM	Fibroblast/CAF	Endothelial	4.1263008109733	0.3311812336864821	7	0.6	1000	B/Plasma;Endothelial;Epithelial/Ductal;Fibroblast/CAF;Myeloid;T/NK	2435585233
GSE242230	SRR	Fibroblast/CAF	Myeloid	1.9113742489481298	0.05015170434939104	7	0.978	1000	B/Plasma;Epithelial/Ductal;Fibroblast/CAF;Myeloid;T/NK	2435585233
GSE242230	SUV39H1	T/NK	Myeloid	1.773334253499947	0.02038428152639619	21	0.973	1000	B/Plasma;Epithelial/Ductal;Fibroblast/CAF;Myeloid;T/NK	2435585233
GSE242230	SUV39H2	Fibroblast/CAF	Epithelial/Ductal	1.6002044352484501	0.03410719992595787	7	0.968	1000	B/Plasma;Epithelial/Ductal;Fibroblast/CAF;Myeloid;T/NK	2435585233
GSE242230	TARBP1	Epithelial/Ductal	Endothelial	2.892637299544802	0.1648713529723538	24	0.783	1000	B/Plasma;Endothelial;Epithelial/Ductal;Fibroblast/CAF;Myeloid;T/NK	2435585233
GSE242230	TAT	Epithelial/Ductal	NOT_EVALUABLE	0.09723281427674808	0.0018198476906356455	24	1.0	1000	Epithelial/Ductal	2435585233
GSE242230	TDO2	Fibroblast/CAF	Epithelial/Ductal	2.708947694599204	0.09375191989922069	7	1.0	1000	Epithelial/Ductal;Fibroblast/CAF;Myeloid	2435585233
GSE242230	TET1	Fibroblast/CAF	T/NK	1.8480223076813904	0.042855348679421486	7	1.0	1000	Epithelial/Ductal;Fibroblast/CAF;Myeloid;T/NK	2435585233
GSE242230	TET2	Myeloid	Epithelial/Ductal	3.9300477164886543	0.2523317821827857	20	1.0	1000	B/Plasma;Epithelial/Ductal;Erythrocyte;Fibroblast/CAF;Myeloid;T/NK	2435585233
GSE242230	TET3	Myeloid	Endothelial	2.719489021730208	0.09922286378626477	20	0.995	1000	B/Plasma;Endothelial;Epithelial/Ductal;Fibroblast/CAF;Myeloid;T/NK	2435585233
GSE242230	TFB1M	T/NK	B/Plasma	3.065480650859447	0.08857877720662635	21	0.74	1000	B/Plasma;Endothelial;Epithelial/Ductal;Fibroblast/CAF;Myeloid;T/NK	2435585233
GSE242230	TFB2M	Epithelial/Ductal	Fibroblast/CAF	2.7860541607232037	0.15702509955754587	24	0.979	1000	B/Plasma;Epithelial/Ductal;Fibroblast/CAF;Myeloid;T/NK	2435585233
GSE242230	TGS1	T/NK	Endothelial	3.590747961211752	0.1394230741846775	21	0.681	1000	B/Plasma;Endothelial;Epithelial/Ductal;Fibroblast/CAF;Myeloid;T/NK	2435585233
GSE242230	THEM4	T/NK	Epithelial/Ductal	4.29558661222123	0.2326385992651964	21	1.0	1000	B/Plasma;Endothelial;Epithelial/Ductal;Fibroblast/CAF;Myeloid;T/NK	2435585233
GSE242230	THUMPD2	Endothelial	Fibroblast/CAF	3.309436754560808	0.113513721862473	3	0.894	1000	B/Plasma;Endothelial;Epithelial/Ductal;Fibroblast/CAF;Myeloid;T/NK	2435585233
GSE242230	THUMPD3	Epithelial/Ductal	Fibroblast/CAF	3.02040020592692	0.1870406007049049	24	0.728	1000	B/Plasma;Epithelial/Ductal;Fibroblast/CAF;Myeloid;T/NK	2435585233
GSE242230	TK1	Epithelial/Ductal	Myeloid	2.398084586797576	0.08498708174703752	24	0.724	1000	B/Plasma;Epithelial/Ductal;Fibroblast/CAF;Myeloid;T/NK	2435585233
GSE242230	TK2	Myeloid	Epithelial/Ductal	3.4950723690520342	0.18209745350488687	20	0.901	1000	B/Plasma;Endothelial;Epithelial/Ductal;Fibroblast/CAF;Myeloid;T/NK	2435585233
GSE242230	TKFC	Epithelial/Ductal	Myeloid	3.0329558895097164	0.19466736216111924	24	0.97	1000	B/Plasma;Epithelial/Ductal;Fibroblast/CAF;Myeloid;T/NK	2435585233
GSE242230	TMEM68	Epithelial/Ductal	T/NK	2.932445591424971	0.17219703577358061	24	0.994	1000	B/Plasma;Epithelial/Ductal;Fibroblast/CAF;Myeloid;T/NK	2435585233
GSE242230	TMEM86A	Myeloid	Epithelial/Ductal	2.1313352180396716	0.054427230718466335	20	0.996	1000	Epithelial/Ductal;Fibroblast/CAF;Myeloid;T/NK	2435585233
GSE242230	TMEM86B	Erythrocyte	Myeloid	3.4468627017067788	0.18994605836095402	3	0.963	1000	B/Plasma;Epithelial/Ductal;Erythrocyte;Fibroblast/CAF;Myeloid;T/NK	2435585233
GSE242230	TMLHE	B/Plasma	Myeloid	2.7153104036234614	0.06690672439524167	15	0.57	1000	B/Plasma;Epithelial/Ductal;Fibroblast/CAF;Myeloid;T/NK	2435585233
GSE242230	TMT1A	B/Plasma	Fibroblast/CAF	3.937006395077846	0.16973169888904957	15	0.848	1000	B/Plasma;Epithelial/Ductal;Fibroblast/CAF;Myeloid;T/NK	2435585233
GSE242230	TMT1B	Epithelial/Ductal	Myeloid	2.469223661889878	0.12604438743531765	24	1.0	1000	B/Plasma;Epithelial/Ductal;Myeloid	2435585233
GSE242230	TOMT	Epithelial/Ductal	Fibroblast/CAF	1.6330029675262427	0.05891049646898446	24	0.872	1000	B/Plasma;Epithelial/Ductal;Fibroblast/CAF;Myeloid;T/NK	2435585233
GSE242230	TPH1	Epithelial/Ductal	T/NK	0.35986072084579285	0.0064649627393631665	24	0.639	1000	B/Plasma;Epithelial/Ductal;Myeloid;T/NK	2435585233
GSE242230	TPH2	Epithelial/Ductal	NOT_EVALUABLE	0.04980725658936191	0.00047705253535297907	24	1.0	1000	Epithelial/Ductal	2435585233
GSE242230	TPMT	Myeloid	Epithelial/Ductal	3.5655174372524114	0.18214365403639993	20	0.999	1000	B/Plasma;Endothelial;Epithelial/Ductal;Fibroblast/CAF;Myeloid;T/NK	2435585233
GSE242230	TRDMT1	T/NK	Endothelial	3.1191299863645163	0.07700955656428603	21	0.995	1000	B/Plasma;Endothelial;Epithelial/Ductal;Fibroblast/CAF;Myeloid;T/NK	2435585233
GSE242230	TRMO	T/NK	Endothelial	3.2792890459505846	0.08772026032846322	21	1.0	1000	B/Plasma;Endothelial;Epithelial/Ductal;Fibroblast/CAF;Myeloid;T/NK	2435585233
GSE242230	TRMT1	Myeloid	T/NK	4.304251974435939	0.3266333975351229	20	1.0	1000	B/Plasma;Endothelial;Epithelial/Ductal;Fibroblast/CAF;Myeloid;T/NK	2435585233
GSE242230	TRMT10A	Epithelial/Ductal	T/NK	2.365046432398381	0.10149830305568693	24	0.989	1000	B/Plasma;Epithelial/Ductal;Fibroblast/CAF;Myeloid;T/NK	2435585233
GSE242230	TRMT10B	T/NK	B/Plasma	3.025852925002938	0.08447818403980882	21	0.694	1000	B/Plasma;Endothelial;Epithelial/Ductal;Fibroblast/CAF;Myeloid;T/NK	2435585233
GSE242230	TRMT10C	Epithelial/Ductal	Endothelial	3.7159583008281665	0.30139204594892505	24	0.555	1000	B/Plasma;Endothelial;Epithelial/Ductal;Fibroblast/CAF;Myeloid;T/NK	2435585233
GSE242230	TRMT11	Fibroblast/CAF	T/NK	2.6437996894011313	0.11877303094172227	7	0.444	1000	B/Plasma;Endothelial;Epithelial/Ductal;Fibroblast/CAF;Myeloid;T/NK	2435585233
GSE242230	TRMT13	Endothelial	T/NK	2.7758480071377902	0.08644002466851676	3	0.553	1000	B/Plasma;Endothelial;Epithelial/Ductal;Fibroblast/CAF;Myeloid;T/NK	2435585233
GSE242230	TRMT1L	B/Plasma	Myeloid	2.787073668578316	0.06905710852909713	15	0.615	1000	B/Plasma;Epithelial/Ductal;Fibroblast/CAF;Myeloid;T/NK	2435585233
GSE242230	TRMT2A	T/NK	Myeloid	3.20268277828284	0.10229095825432581	21	0.754	1000	B/Plasma;Endothelial;Epithelial/Ductal;Fibroblast/CAF;Myeloid;T/NK	2435585233
GSE242230	TRMT2B	T/NK	Endothelial	3.04956895544849	0.06967924191981112	21	0.624	1000	B/Plasma;Endothelial;Epithelial/Ductal;Fibroblast/CAF;Myeloid;T/NK	2435585233
GSE242230	TRMT44	Fibroblast/CAF	Epithelial/Ductal	2.1452866859131254	0.06329140752913116	7	0.736	1000	B/Plasma;Epithelial/Ductal;Fibroblast/CAF;Myeloid;T/NK	2435585233
GSE242230	TRMT5	Endothelial	Epithelial/Ductal	2.9094591021897256	0.09002980779113988	3	0.879	1000	B/Plasma;Endothelial;Epithelial/Ductal;Fibroblast/CAF;Myeloid;T/NK	2435585233
GSE242230	TRMT61A	Epithelial/Ductal	Endothelial	2.90747817985163	0.16062273661791562	24	0.576	1000	B/Plasma;Endothelial;Epithelial/Ductal;Fibroblast/CAF;Myeloid;T/NK	2435585233
GSE242230	TRMT61B	Endothelial	T/NK	3.1787833979727806	0.11441309487100416	3	0.652	1000	B/Plasma;Endothelial;Epithelial/Ductal;Fibroblast/CAF;Myeloid;T/NK	2435585233
GSE242230	TYMP	Myeloid	Epithelial/Ductal	6.458003213825327	0.7791534143702155	20	1.0	1000	B/Plasma;Endothelial;Epithelial/Ductal;Fibroblast/CAF;Myeloid;T/NK	2435585233
GSE242230	TYW1	T/NK	Epithelial/Ductal	2.895939688366116	0.07697347517159414	21	0.825	1000	B/Plasma;Endothelial;Epithelial/Ductal;Fibroblast/CAF;Myeloid;T/NK	2435585233
GSE242230	TYW1B	T/NK	Epithelial/Ductal	1.8780309868424188	0.02637155054610258	21	0.944	1000	B/Plasma;Epithelial/Ductal;Fibroblast/CAF;Myeloid;T/NK	2435585233
GSE242230	TYW3	Fibroblast/CAF	T/NK	3.6134971208527267	0.24001734536972977	7	0.971	1000	B/Plasma;Epithelial/Ductal;Fibroblast/CAF;Myeloid;T/NK	2435585233
GSE242230	TYW5	Epithelial/Ductal	T/NK	2.544039151040282	0.12016907559664343	24	1.0	1000	B/Plasma;Epithelial/Ductal;Fibroblast/CAF;Myeloid;T/NK	2435585233
GSE242230	UCK1	T/NK	Myeloid	2.548142068582917	0.04982602872069341	21	0.405	1000	B/Plasma;Epithelial/Ductal;Fibroblast/CAF;Myeloid;T/NK	2435585233
GSE242230	UCK2	Endothelial	Epithelial/Ductal	4.146670164968678	0.22833538904306708	3	0.962	1000	B/Plasma;Endothelial;Epithelial/Ductal;Fibroblast/CAF;Myeloid;T/NK	2435585233
GSE242230	UCKL1	Endothelial	Epithelial/Ductal	3.5487337796585785	0.15059101654846332	3	0.784	1000	B/Plasma;Endothelial;Epithelial/Ductal;Fibroblast/CAF;Myeloid;T/NK	2435585233
GSE242230	UPP1	Myeloid	Endothelial	5.185671308149306	0.44837262166601494	20	1.0	1000	B/Plasma;Endothelial;Epithelial/Ductal;Fibroblast/CAF;Myeloid;T/NK	2435585233
GSE242230	UPP2	Epithelial/Ductal	NOT_EVALUABLE	0.07318813089169096	0.0009092768668845791	24	1.0	1000	Epithelial/Ductal	2435585233
GSE242230	USB1	T/NK	Myeloid	3.415608607415658	0.11622258914562608	21	0.643	1000	B/Plasma;Endothelial;Epithelial/Ductal;Fibroblast/CAF;Myeloid;T/NK	2435585233
GSE242230	UTY	Endothelial	T/NK	3.0370216096099765	0.12581200534484527	3	0.905	1000	B/Plasma;Endothelial;Epithelial/Ductal;Fibroblast/CAF;Myeloid;T/NK	2435585233
GSE242230	VCPKMT	B/Plasma	T/NK	2.8677486732574007	0.07505026036751714	15	0.694	1000	B/Plasma;Epithelial/Ductal;Fibroblast/CAF;Myeloid;T/NK	2435585233
GSE242230	WARS1	Endothelial	Myeloid	5.2347176268920785	0.4335311953952102	3	0.772	1000	B/Plasma;Endothelial;Epithelial/Ductal;Fibroblast/CAF;Myeloid;T/NK	2435585233
GSE242230	WARS2	Fibroblast/CAF	T/NK	2.589733202936182	0.10815851793509497	7	0.741	1000	B/Plasma;Endothelial;Epithelial/Ductal;Fibroblast/CAF;Myeloid;T/NK	2435585233
GSE242230	ZCCHC4	Endothelial	T/NK	2.1266415038625652	0.035473841093637534	3	0.596	1000	B/Plasma;Endothelial;Epithelial/Ductal;Fibroblast/CAF;Myeloid;T/NK	2435585233
