cancer	cohort	stage_id	run_id	analysis_version	analysis_type	metabolite_key	metabolite_name	gene	unit	n	n_reference	effect_type	effect	ci_lower	ci_upper	p_value	q_value	test_family	family_n_evaluable	status	reason	source_id	study	partition	celltype	human_gene_id	n_donors	n_cells	mean_expression	mean_detection_fraction	expression_scale	row_scaled
COAD	Uhlitz	06_EXTERNAL	20260922T141755Z_source_contract_sc_v2	COAD_source_contract_sc_v2	sc_expression_source	NA	NA	ADSL	author_source_donor_label	11	NA	donor_equal_mean_log1p_CP10K	0.000470594220570296	NA	NA	NA	NA	NA:descriptive only	NA	DONE	DESCRIPTIVE_SOURCE_ONLY	Uhlitz original count matrix and annotation	Uhlitz	ALL	Bcells	hsa:158	11	1948	0.000470594220570296	0.00035650623885918	per_cell_log1p_10000_full_gene_UMI_then_donor_mean	0.2534449979108165
COAD	Uhlitz	06_EXTERNAL	20260922T141755Z_source_contract_sc_v2	COAD_source_contract_sc_v2	sc_expression_source	NA	NA	ADSS1	author_source_donor_label	11	NA	donor_equal_mean_log1p_CP10K	NA	NA	NA	NA	NA	NA:descriptive only	NA	NOT_EVALUABLE	GENE_MISSING_OR_IDENTITY_HOLD	Uhlitz original count matrix and annotation	Uhlitz	ALL	Bcells	hsa:122622	11	1948	NA	NA	per_cell_log1p_10000_full_gene_UMI_then_donor_mean	NA
COAD	Uhlitz	06_EXTERNAL	20260922T141755Z_source_contract_sc_v2	COAD_source_contract_sc_v2	sc_expression_source	NA	NA	ADSS2	author_source_donor_label	11	NA	donor_equal_mean_log1p_CP10K	0.13590522559313428	NA	NA	NA	NA	NA:descriptive only	NA	DONE	DESCRIPTIVE_SOURCE_ONLY	Uhlitz original count matrix and annotation	Uhlitz	ALL	Bcells	hsa:159	11	1948	0.13590522559313428	0.08979268677587111	per_cell_log1p_10000_full_gene_UMI_then_donor_mean	0.4697244514407296
COAD	Uhlitz	06_EXTERNAL	20260922T141755Z_source_contract_sc_v2	COAD_source_contract_sc_v2	sc_expression_source	NA	NA	AFMID	author_source_donor_label	11	NA	donor_equal_mean_log1p_CP10K	0.04816033723998774	NA	NA	NA	NA	NA:descriptive only	NA	DONE	DESCRIPTIVE_SOURCE_ONLY	Uhlitz original count matrix and annotation	Uhlitz	ALL	Bcells	hsa:125061	11	1948	0.04816033723998774	0.0347910981105234	per_cell_log1p_10000_full_gene_UMI_then_donor_mean	0.31222920757752676
COAD	Uhlitz	06_EXTERNAL	20260922T141755Z_source_contract_sc_v2	COAD_source_contract_sc_v2	sc_expression_source	NA	NA	AGMAT	author_source_donor_label	11	NA	donor_equal_mean_log1p_CP10K	0.023046261934146106	NA	NA	NA	NA	NA:descriptive only	NA	DONE	DESCRIPTIVE_SOURCE_ONLY	Uhlitz original count matrix and annotation	Uhlitz	ALL	Bcells	hsa:79814	11	1948	0.023046261934146106	0.01767119666333009	per_cell_log1p_10000_full_gene_UMI_then_donor_mean	0.261746253111857
COAD	Uhlitz	06_EXTERNAL	20260922T141755Z_source_contract_sc_v2	COAD_source_contract_sc_v2	sc_expression_source	NA	NA	AGXT	author_source_donor_label	11	NA	donor_equal_mean_log1p_CP10K	0.00081825229672087	NA	NA	NA	NA	NA:descriptive only	NA	DONE	DESCRIPTIVE_SOURCE_ONLY	Uhlitz original count matrix and annotation	Uhlitz	ALL	Bcells	hsa:189	11	1948	0.00081825229672087	0.0003935458480913026	per_cell_log1p_10000_full_gene_UMI_then_donor_mean	0.07799575998992615
COAD	Uhlitz	06_EXTERNAL	20260922T141755Z_source_contract_sc_v2	COAD_source_contract_sc_v2	sc_expression_source	NA	NA	AGXT2	author_source_donor_label	11	NA	donor_equal_mean_log1p_CP10K	NA	NA	NA	NA	NA	NA:descriptive only	NA	NOT_EVALUABLE	GENE_MISSING_OR_IDENTITY_HOLD	Uhlitz original count matrix and annotation	Uhlitz	ALL	Bcells	hsa:64902	11	1948	NA	NA	per_cell_log1p_10000_full_gene_UMI_then_donor_mean	NA
COAD	Uhlitz	06_EXTERNAL	20260922T141755Z_source_contract_sc_v2	COAD_source_contract_sc_v2	sc_expression_source	NA	NA	AHCY	author_source_donor_label	11	NA	donor_equal_mean_log1p_CP10K	0.11138688047250148	NA	NA	NA	NA	NA:descriptive only	NA	DONE	DESCRIPTIVE_SOURCE_ONLY	Uhlitz original count matrix and annotation	Uhlitz	ALL	Bcells	hsa:191	11	1948	0.11138688047250148	0.07782959111244707	per_cell_log1p_10000_full_gene_UMI_then_donor_mean	0.26294401754436464
COAD	Uhlitz	06_EXTERNAL	20260922T141755Z_source_contract_sc_v2	COAD_source_contract_sc_v2	sc_expression_source	NA	NA	AHCYL1	author_source_donor_label	11	NA	donor_equal_mean_log1p_CP10K	0.3333709846804955	NA	NA	NA	NA	NA:descriptive only	NA	DONE	DESCRIPTIVE_SOURCE_ONLY	Uhlitz original count matrix and annotation	Uhlitz	ALL	Bcells	hsa:10768	11	1948	0.3333709846804955	0.1995894693359034	per_cell_log1p_10000_full_gene_UMI_then_donor_mean	0.3916004220975386
COAD	Uhlitz	06_EXTERNAL	20260922T141755Z_source_contract_sc_v2	COAD_source_contract_sc_v2	sc_expression_source	NA	NA	AHCYL2	author_source_donor_label	11	NA	donor_equal_mean_log1p_CP10K	0.019960972143464397	NA	NA	NA	NA	NA:descriptive only	NA	DONE	DESCRIPTIVE_SOURCE_ONLY	Uhlitz original count matrix and annotation	Uhlitz	ALL	Bcells	hsa:23382	11	1948	0.019960972143464397	0.013031096048234325	per_cell_log1p_10000_full_gene_UMI_then_donor_mean	0.07340495327768712
COAD	Uhlitz	06_EXTERNAL	20260922T141755Z_source_contract_sc_v2	COAD_source_contract_sc_v2	sc_expression_source	NA	NA	AK3	author_source_donor_label	11	NA	donor_equal_mean_log1p_CP10K	0.0937801089576117	NA	NA	NA	NA	NA:descriptive only	NA	DONE	DESCRIPTIVE_SOURCE_ONLY	Uhlitz original count matrix and annotation	Uhlitz	ALL	Bcells	hsa:50808	11	1948	0.0937801089576117	0.062260573891218085	per_cell_log1p_10000_full_gene_UMI_then_donor_mean	0.17369355574010378
COAD	Uhlitz	06_EXTERNAL	20260922T141755Z_source_contract_sc_v2	COAD_source_contract_sc_v2	sc_expression_source	NA	NA	AK4	author_source_donor_label	11	NA	donor_equal_mean_log1p_CP10K	0.0	NA	NA	NA	NA	NA:descriptive only	NA	DONE	DESCRIPTIVE_SOURCE_ONLY	Uhlitz original count matrix and annotation	Uhlitz	ALL	Bcells	hsa:205	11	1948	0.0	0.0	per_cell_log1p_10000_full_gene_UMI_then_donor_mean	0.0
COAD	Uhlitz	06_EXTERNAL	20260922T141755Z_source_contract_sc_v2	COAD_source_contract_sc_v2	sc_expression_source	NA	NA	AK9	author_source_donor_label	11	NA	donor_equal_mean_log1p_CP10K	0.08839273648990496	NA	NA	NA	NA	NA:descriptive only	NA	DONE	DESCRIPTIVE_SOURCE_ONLY	Uhlitz original count matrix and annotation	Uhlitz	ALL	Bcells	hsa:221264	11	1948	0.08839273648990496	0.0509377341634106	per_cell_log1p_10000_full_gene_UMI_then_donor_mean	0.9661478860553155
COAD	Uhlitz	06_EXTERNAL	20260922T141755Z_source_contract_sc_v2	COAD_source_contract_sc_v2	sc_expression_source	NA	NA	AKR1A1	author_source_donor_label	11	NA	donor_equal_mean_log1p_CP10K	0.19457619342996535	NA	NA	NA	NA	NA:descriptive only	NA	DONE	DESCRIPTIVE_SOURCE_ONLY	Uhlitz original count matrix and annotation	Uhlitz	ALL	Bcells	hsa:10327	11	1948	0.19457619342996535	0.12399137061530598	per_cell_log1p_10000_full_gene_UMI_then_donor_mean	0.31072063107443915
COAD	Uhlitz	06_EXTERNAL	20260922T141755Z_source_contract_sc_v2	COAD_source_contract_sc_v2	sc_expression_source	NA	NA	ALDH18A1	author_source_donor_label	11	NA	donor_equal_mean_log1p_CP10K	0.04982145827979522	NA	NA	NA	NA	NA:descriptive only	NA	DONE	DESCRIPTIVE_SOURCE_ONLY	Uhlitz original count matrix and annotation	Uhlitz	ALL	Bcells	hsa:5832	11	1948	0.04982145827979522	0.034296894271242544	per_cell_log1p_10000_full_gene_UMI_then_donor_mean	0.1819433623711788
COAD	Uhlitz	06_EXTERNAL	20260922T141755Z_source_contract_sc_v2	COAD_source_contract_sc_v2	sc_expression_source	NA	NA	ALDH1B1	author_source_donor_label	11	NA	donor_equal_mean_log1p_CP10K	0.01480967265203526	NA	NA	NA	NA	NA:descriptive only	NA	DONE	DESCRIPTIVE_SOURCE_ONLY	Uhlitz original count matrix and annotation	Uhlitz	ALL	Bcells	hsa:219	11	1948	0.01480967265203526	0.009575818432335827	per_cell_log1p_10000_full_gene_UMI_then_donor_mean	0.08992424000850295
COAD	Uhlitz	06_EXTERNAL	20260922T141755Z_source_contract_sc_v2	COAD_source_contract_sc_v2	sc_expression_source	NA	NA	ALDH2	author_source_donor_label	11	NA	donor_equal_mean_log1p_CP10K	0.09372996700403197	NA	NA	NA	NA	NA:descriptive only	NA	DONE	DESCRIPTIVE_SOURCE_ONLY	Uhlitz original count matrix and annotation	Uhlitz	ALL	Bcells	hsa:217	11	1948	0.09372996700403197	0.06344859233291177	per_cell_log1p_10000_full_gene_UMI_then_donor_mean	0.10091188327237585
COAD	Uhlitz	06_EXTERNAL	20260922T141755Z_source_contract_sc_v2	COAD_source_contract_sc_v2	sc_expression_source	NA	NA	ALDH3A1	author_source_donor_label	11	NA	donor_equal_mean_log1p_CP10K	0.0004897414340633784	NA	NA	NA	NA	NA:descriptive only	NA	DONE	DESCRIPTIVE_SOURCE_ONLY	Uhlitz original count matrix and annotation	Uhlitz	ALL	Bcells	hsa:218	11	1948	0.0004897414340633784	0.0003935458480913026	per_cell_log1p_10000_full_gene_UMI_then_donor_mean	0.013405093298821159
COAD	Uhlitz	06_EXTERNAL	20260922T141755Z_source_contract_sc_v2	COAD_source_contract_sc_v2	sc_expression_source	NA	NA	ALDH3A2	author_source_donor_label	11	NA	donor_equal_mean_log1p_CP10K	0.02742854487814728	NA	NA	NA	NA	NA:descriptive only	NA	DONE	DESCRIPTIVE_SOURCE_ONLY	Uhlitz original count matrix and annotation	Uhlitz	ALL	Bcells	hsa:224	11	1948	0.02742854487814728	0.018519085557197897	per_cell_log1p_10000_full_gene_UMI_then_donor_mean	0.1196205184899669
COAD	Uhlitz	06_EXTERNAL	20260922T141755Z_source_contract_sc_v2	COAD_source_contract_sc_v2	sc_expression_source	NA	NA	ALDH3B1	author_source_donor_label	11	NA	donor_equal_mean_log1p_CP10K	0.001123723155836971	NA	NA	NA	NA	NA:descriptive only	NA	DONE	DESCRIPTIVE_SOURCE_ONLY	Uhlitz original count matrix and annotation	Uhlitz	ALL	Bcells	hsa:221	11	1948	0.001123723155836971	0.0009615364516378518	per_cell_log1p_10000_full_gene_UMI_then_donor_mean	0.00681116540101079
COAD	Uhlitz	06_EXTERNAL	20260922T141755Z_source_contract_sc_v2	COAD_source_contract_sc_v2	sc_expression_source	NA	NA	ALDH3B2	author_source_donor_label	11	NA	donor_equal_mean_log1p_CP10K	0.0	NA	NA	NA	NA	NA:descriptive only	NA	DONE	DESCRIPTIVE_SOURCE_ONLY	Uhlitz original count matrix and annotation	Uhlitz	ALL	Bcells	hsa:222	11	1948	0.0	0.0	per_cell_log1p_10000_full_gene_UMI_then_donor_mean	0.0
COAD	Uhlitz	06_EXTERNAL	20260922T141755Z_source_contract_sc_v2	COAD_source_contract_sc_v2	sc_expression_source	NA	NA	ALDH4A1	author_source_donor_label	11	NA	donor_equal_mean_log1p_CP10K	0.00017518726403752667	NA	NA	NA	NA	NA:descriptive only	NA	DONE	DESCRIPTIVE_SOURCE_ONLY	Uhlitz original count matrix and annotation	Uhlitz	ALL	Bcells	hsa:8659	11	1948	0.00017518726403752667	0.000225022502250225	per_cell_log1p_10000_full_gene_UMI_then_donor_mean	0.11409840061781452
COAD	Uhlitz	06_EXTERNAL	20260922T141755Z_source_contract_sc_v2	COAD_source_contract_sc_v2	sc_expression_source	NA	NA	ALDH5A1	author_source_donor_label	11	NA	donor_equal_mean_log1p_CP10K	0.07539674636174334	NA	NA	NA	NA	NA:descriptive only	NA	DONE	DESCRIPTIVE_SOURCE_ONLY	Uhlitz original count matrix and annotation	Uhlitz	ALL	Bcells	hsa:7915	11	1948	0.07539674636174334	0.05243549135581451	per_cell_log1p_10000_full_gene_UMI_then_donor_mean	0.8003588245391263
COAD	Uhlitz	06_EXTERNAL	20260922T141755Z_source_contract_sc_v2	COAD_source_contract_sc_v2	sc_expression_source	NA	NA	ALDH7A1	author_source_donor_label	11	NA	donor_equal_mean_log1p_CP10K	0.0018434096797585037	NA	NA	NA	NA	NA:descriptive only	NA	DONE	DESCRIPTIVE_SOURCE_ONLY	Uhlitz original count matrix and annotation	Uhlitz	ALL	Bcells	hsa:501	11	1948	0.0018434096797585037	0.002296864209082432	per_cell_log1p_10000_full_gene_UMI_then_donor_mean	0.017300937354525082
COAD	Uhlitz	06_EXTERNAL	20260922T141755Z_source_contract_sc_v2	COAD_source_contract_sc_v2	sc_expression_source	NA	NA	ALDH9A1	author_source_donor_label	11	NA	donor_equal_mean_log1p_CP10K	0.21510915268075442	NA	NA	NA	NA	NA:descriptive only	NA	DONE	DESCRIPTIVE_SOURCE_ONLY	Uhlitz original count matrix and annotation	Uhlitz	ALL	Bcells	hsa:223	11	1948	0.21510915268075442	0.1335780572847421	per_cell_log1p_10000_full_gene_UMI_then_donor_mean	0.4338353477018577
COAD	Uhlitz	06_EXTERNAL	20260922T141755Z_source_contract_sc_v2	COAD_source_contract_sc_v2	sc_expression_source	NA	NA	ALDOA	author_source_donor_label	11	NA	donor_equal_mean_log1p_CP10K	0.010488113110372538	NA	NA	NA	NA	NA:descriptive only	NA	DONE	DESCRIPTIVE_SOURCE_ONLY	Uhlitz original count matrix and annotation	Uhlitz	ALL	Bcells	hsa:226	11	1948	0.010488113110372538	0.008038467312530401	per_cell_log1p_10000_full_gene_UMI_then_donor_mean	0.2973659498953674
COAD	Uhlitz	06_EXTERNAL	20260922T141755Z_source_contract_sc_v2	COAD_source_contract_sc_v2	sc_expression_source	NA	NA	ADSL	author_source_donor_label	7	NA	donor_equal_mean_log1p_CP10K	0.0	NA	NA	NA	NA	NA:descriptive only	NA	DONE	DESCRIPTIVE_SOURCE_ONLY	Uhlitz original count matrix and annotation	Uhlitz	ALL	Endothelial	hsa:158	7	480	0.0	0.0	per_cell_log1p_10000_full_gene_UMI_then_donor_mean	0.0
COAD	Uhlitz	06_EXTERNAL	20260922T141755Z_source_contract_sc_v2	COAD_source_contract_sc_v2	sc_expression_source	NA	NA	ADSS1	author_source_donor_label	7	NA	donor_equal_mean_log1p_CP10K	NA	NA	NA	NA	NA	NA:descriptive only	NA	NOT_EVALUABLE	GENE_MISSING_OR_IDENTITY_HOLD	Uhlitz original count matrix and annotation	Uhlitz	ALL	Endothelial	hsa:122622	7	480	NA	NA	per_cell_log1p_10000_full_gene_UMI_then_donor_mean	NA
COAD	Uhlitz	06_EXTERNAL	20260922T141755Z_source_contract_sc_v2	COAD_source_contract_sc_v2	sc_expression_source	NA	NA	ADSS2	author_source_donor_label	7	NA	donor_equal_mean_log1p_CP10K	0.28932968078687066	NA	NA	NA	NA	NA:descriptive only	NA	DONE	DESCRIPTIVE_SOURCE_ONLY	Uhlitz original count matrix and annotation	Uhlitz	ALL	Endothelial	hsa:159	7	480	0.28932968078687066	0.31785125541680553	per_cell_log1p_10000_full_gene_UMI_then_donor_mean	1.0
COAD	Uhlitz	06_EXTERNAL	20260922T141755Z_source_contract_sc_v2	COAD_source_contract_sc_v2	sc_expression_source	NA	NA	AFMID	author_source_donor_label	7	NA	donor_equal_mean_log1p_CP10K	0.15424673948233839	NA	NA	NA	NA	NA:descriptive only	NA	DONE	DESCRIPTIVE_SOURCE_ONLY	Uhlitz original count matrix and annotation	Uhlitz	ALL	Endothelial	hsa:125061	7	480	0.15424673948233839	0.18466972187607675	per_cell_log1p_10000_full_gene_UMI_then_donor_mean	1.0
COAD	Uhlitz	06_EXTERNAL	20260922T141755Z_source_contract_sc_v2	COAD_source_contract_sc_v2	sc_expression_source	NA	NA	AGMAT	author_source_donor_label	7	NA	donor_equal_mean_log1p_CP10K	0.009826094962798846	NA	NA	NA	NA	NA:descriptive only	NA	DONE	DESCRIPTIVE_SOURCE_ONLY	Uhlitz original count matrix and annotation	Uhlitz	ALL	Endothelial	hsa:79814	7	480	0.009826094962798846	0.013525062765743851	per_cell_log1p_10000_full_gene_UMI_then_donor_mean	0.11159916287435759
COAD	Uhlitz	06_EXTERNAL	20260922T141755Z_source_contract_sc_v2	COAD_source_contract_sc_v2	sc_expression_source	NA	NA	AGXT	author_source_donor_label	7	NA	donor_equal_mean_log1p_CP10K	0.0	NA	NA	NA	NA	NA:descriptive only	NA	DONE	DESCRIPTIVE_SOURCE_ONLY	Uhlitz original count matrix and annotation	Uhlitz	ALL	Endothelial	hsa:189	7	480	0.0	0.0	per_cell_log1p_10000_full_gene_UMI_then_donor_mean	0.0
COAD	Uhlitz	06_EXTERNAL	20260922T141755Z_source_contract_sc_v2	COAD_source_contract_sc_v2	sc_expression_source	NA	NA	AGXT2	author_source_donor_label	7	NA	donor_equal_mean_log1p_CP10K	NA	NA	NA	NA	NA	NA:descriptive only	NA	NOT_EVALUABLE	GENE_MISSING_OR_IDENTITY_HOLD	Uhlitz original count matrix and annotation	Uhlitz	ALL	Endothelial	hsa:64902	7	480	NA	NA	per_cell_log1p_10000_full_gene_UMI_then_donor_mean	NA
COAD	Uhlitz	06_EXTERNAL	20260922T141755Z_source_contract_sc_v2	COAD_source_contract_sc_v2	sc_expression_source	NA	NA	AHCY	author_source_donor_label	7	NA	donor_equal_mean_log1p_CP10K	0.17150286039086374	NA	NA	NA	NA	NA:descriptive only	NA	DONE	DESCRIPTIVE_SOURCE_ONLY	Uhlitz original count matrix and annotation	Uhlitz	ALL	Endothelial	hsa:191	7	480	0.17150286039086374	0.20978259585883688	per_cell_log1p_10000_full_gene_UMI_then_donor_mean	0.40485603816382093
COAD	Uhlitz	06_EXTERNAL	20260922T141755Z_source_contract_sc_v2	COAD_source_contract_sc_v2	sc_expression_source	NA	NA	AHCYL1	author_source_donor_label	7	NA	donor_equal_mean_log1p_CP10K	0.630495536762872	NA	NA	NA	NA	NA:descriptive only	NA	DONE	DESCRIPTIVE_SOURCE_ONLY	Uhlitz original count matrix and annotation	Uhlitz	ALL	Endothelial	hsa:10768	7	480	0.630495536762872	0.5843892067030598	per_cell_log1p_10000_full_gene_UMI_then_donor_mean	0.7406232985860701
COAD	Uhlitz	06_EXTERNAL	20260922T141755Z_source_contract_sc_v2	COAD_source_contract_sc_v2	sc_expression_source	NA	NA	AHCYL2	author_source_donor_label	7	NA	donor_equal_mean_log1p_CP10K	0.10131280160083286	NA	NA	NA	NA	NA:descriptive only	NA	DONE	DESCRIPTIVE_SOURCE_ONLY	Uhlitz original count matrix and annotation	Uhlitz	ALL	Endothelial	hsa:23382	7	480	0.10131280160083286	0.12975245316401124	per_cell_log1p_10000_full_gene_UMI_then_donor_mean	0.3725701040255057
COAD	Uhlitz	06_EXTERNAL	20260922T141755Z_source_contract_sc_v2	COAD_source_contract_sc_v2	sc_expression_source	NA	NA	AK3	author_source_donor_label	7	NA	donor_equal_mean_log1p_CP10K	0.539917031222126	NA	NA	NA	NA	NA:descriptive only	NA	DONE	DESCRIPTIVE_SOURCE_ONLY	Uhlitz original count matrix and annotation	Uhlitz	ALL	Endothelial	hsa:50808	7	480	0.539917031222126	0.5096425979543803	per_cell_log1p_10000_full_gene_UMI_then_donor_mean	1.0
COAD	Uhlitz	06_EXTERNAL	20260922T141755Z_source_contract_sc_v2	COAD_source_contract_sc_v2	sc_expression_source	NA	NA	AK4	author_source_donor_label	7	NA	donor_equal_mean_log1p_CP10K	0.06117471164928356	NA	NA	NA	NA	NA:descriptive only	NA	DONE	DESCRIPTIVE_SOURCE_ONLY	Uhlitz original count matrix and annotation	Uhlitz	ALL	Endothelial	hsa:205	7	480	0.06117471164928356	0.07481082430589092	per_cell_log1p_10000_full_gene_UMI_then_donor_mean	0.7347370705545315
COAD	Uhlitz	06_EXTERNAL	20260922T141755Z_source_contract_sc_v2	COAD_source_contract_sc_v2	sc_expression_source	NA	NA	AK9	author_source_donor_label	7	NA	donor_equal_mean_log1p_CP10K	0.09148986171341077	NA	NA	NA	NA	NA:descriptive only	NA	DONE	DESCRIPTIVE_SOURCE_ONLY	Uhlitz original count matrix and annotation	Uhlitz	ALL	Endothelial	hsa:221264	7	480	0.09148986171341077	0.10363319223038357	per_cell_log1p_10000_full_gene_UMI_then_donor_mean	1.0
COAD	Uhlitz	06_EXTERNAL	20260922T141755Z_source_contract_sc_v2	COAD_source_contract_sc_v2	sc_expression_source	NA	NA	AKR1A1	author_source_donor_label	7	NA	donor_equal_mean_log1p_CP10K	0.37539049690233744	NA	NA	NA	NA	NA:descriptive only	NA	DONE	DESCRIPTIVE_SOURCE_ONLY	Uhlitz original count matrix and annotation	Uhlitz	ALL	Endothelial	hsa:10327	7	480	0.37539049690233744	0.4005253850400169	per_cell_log1p_10000_full_gene_UMI_then_donor_mean	0.5994647651426324
COAD	Uhlitz	06_EXTERNAL	20260922T141755Z_source_contract_sc_v2	COAD_source_contract_sc_v2	sc_expression_source	NA	NA	ALDH18A1	author_source_donor_label	7	NA	donor_equal_mean_log1p_CP10K	0.11110480347495633	NA	NA	NA	NA	NA:descriptive only	NA	DONE	DESCRIPTIVE_SOURCE_ONLY	Uhlitz original count matrix and annotation	Uhlitz	ALL	Endothelial	hsa:5832	7	480	0.11110480347495633	0.1408097714590718	per_cell_log1p_10000_full_gene_UMI_then_donor_mean	0.4057444767332426
COAD	Uhlitz	06_EXTERNAL	20260922T141755Z_source_contract_sc_v2	COAD_source_contract_sc_v2	sc_expression_source	NA	NA	ALDH1B1	author_source_donor_label	7	NA	donor_equal_mean_log1p_CP10K	0.033306067616150584	NA	NA	NA	NA	NA:descriptive only	NA	DONE	DESCRIPTIVE_SOURCE_ONLY	Uhlitz original count matrix and annotation	Uhlitz	ALL	Endothelial	hsa:219	7	480	0.033306067616150584	0.04368290246290981	per_cell_log1p_10000_full_gene_UMI_then_donor_mean	0.20223423491015236
COAD	Uhlitz	06_EXTERNAL	20260922T141755Z_source_contract_sc_v2	COAD_source_contract_sc_v2	sc_expression_source	NA	NA	ALDH2	author_source_donor_label	7	NA	donor_equal_mean_log1p_CP10K	0.4649852203027546	NA	NA	NA	NA	NA:descriptive only	NA	DONE	DESCRIPTIVE_SOURCE_ONLY	Uhlitz original count matrix and annotation	Uhlitz	ALL	Endothelial	hsa:217	7	480	0.4649852203027546	0.4448314621676256	per_cell_log1p_10000_full_gene_UMI_then_donor_mean	0.5006140061113338
COAD	Uhlitz	06_EXTERNAL	20260922T141755Z_source_contract_sc_v2	COAD_source_contract_sc_v2	sc_expression_source	NA	NA	ALDH3A1	author_source_donor_label	7	NA	donor_equal_mean_log1p_CP10K	0.0	NA	NA	NA	NA	NA:descriptive only	NA	DONE	DESCRIPTIVE_SOURCE_ONLY	Uhlitz original count matrix and annotation	Uhlitz	ALL	Endothelial	hsa:218	7	480	0.0	0.0	per_cell_log1p_10000_full_gene_UMI_then_donor_mean	0.0
COAD	Uhlitz	06_EXTERNAL	20260922T141755Z_source_contract_sc_v2	COAD_source_contract_sc_v2	sc_expression_source	NA	NA	ALDH3A2	author_source_donor_label	7	NA	donor_equal_mean_log1p_CP10K	0.1008699101658046	NA	NA	NA	NA	NA:descriptive only	NA	DONE	DESCRIPTIVE_SOURCE_ONLY	Uhlitz original count matrix and annotation	Uhlitz	ALL	Endothelial	hsa:224	7	480	0.1008699101658046	0.12682993900503367	per_cell_log1p_10000_full_gene_UMI_then_donor_mean	0.4399107210271009
COAD	Uhlitz	06_EXTERNAL	20260922T141755Z_source_contract_sc_v2	COAD_source_contract_sc_v2	sc_expression_source	NA	NA	ALDH3B1	author_source_donor_label	7	NA	donor_equal_mean_log1p_CP10K	0.00116610389639185	NA	NA	NA	NA	NA:descriptive only	NA	DONE	DESCRIPTIVE_SOURCE_ONLY	Uhlitz original count matrix and annotation	Uhlitz	ALL	Endothelial	hsa:221	7	480	0.00116610389639185	0.001519756838905775	per_cell_log1p_10000_full_gene_UMI_then_donor_mean	0.007068045605211766
COAD	Uhlitz	06_EXTERNAL	20260922T141755Z_source_contract_sc_v2	COAD_source_contract_sc_v2	sc_expression_source	NA	NA	ALDH3B2	author_source_donor_label	7	NA	donor_equal_mean_log1p_CP10K	0.0	NA	NA	NA	NA	NA:descriptive only	NA	DONE	DESCRIPTIVE_SOURCE_ONLY	Uhlitz original count matrix and annotation	Uhlitz	ALL	Endothelial	hsa:222	7	480	0.0	0.0	per_cell_log1p_10000_full_gene_UMI_then_donor_mean	0.0
COAD	Uhlitz	06_EXTERNAL	20260922T141755Z_source_contract_sc_v2	COAD_source_contract_sc_v2	sc_expression_source	NA	NA	ALDH4A1	author_source_donor_label	7	NA	donor_equal_mean_log1p_CP10K	0.0	NA	NA	NA	NA	NA:descriptive only	NA	DONE	DESCRIPTIVE_SOURCE_ONLY	Uhlitz original count matrix and annotation	Uhlitz	ALL	Endothelial	hsa:8659	7	480	0.0	0.0	per_cell_log1p_10000_full_gene_UMI_then_donor_mean	0.0
COAD	Uhlitz	06_EXTERNAL	20260922T141755Z_source_contract_sc_v2	COAD_source_contract_sc_v2	sc_expression_source	NA	NA	ALDH5A1	author_source_donor_label	7	NA	donor_equal_mean_log1p_CP10K	0.021181541805226124	NA	NA	NA	NA	NA:descriptive only	NA	DONE	DESCRIPTIVE_SOURCE_ONLY	Uhlitz original count matrix and annotation	Uhlitz	ALL	Endothelial	hsa:7915	7	480	0.021181541805226124	0.028248376234275594	per_cell_log1p_10000_full_gene_UMI_then_donor_mean	0.224848348492649
COAD	Uhlitz	06_EXTERNAL	20260922T141755Z_source_contract_sc_v2	COAD_source_contract_sc_v2	sc_expression_source	NA	NA	ALDH7A1	author_source_donor_label	7	NA	donor_equal_mean_log1p_CP10K	0.09656026406123056	NA	NA	NA	NA	NA:descriptive only	NA	DONE	DESCRIPTIVE_SOURCE_ONLY	Uhlitz original count matrix and annotation	Uhlitz	ALL	Endothelial	hsa:501	7	480	0.09656026406123056	0.12044475871877326	per_cell_log1p_10000_full_gene_UMI_then_donor_mean	0.9062462337067726
COAD	Uhlitz	06_EXTERNAL	20260922T141755Z_source_contract_sc_v2	COAD_source_contract_sc_v2	sc_expression_source	NA	NA	ALDH9A1	author_source_donor_label	7	NA	donor_equal_mean_log1p_CP10K	0.4958313190021175	NA	NA	NA	NA	NA:descriptive only	NA	DONE	DESCRIPTIVE_SOURCE_ONLY	Uhlitz original count matrix and annotation	Uhlitz	ALL	Endothelial	hsa:223	7	480	0.4958313190021175	0.4813309061849277	per_cell_log1p_10000_full_gene_UMI_then_donor_mean	1.0
COAD	Uhlitz	06_EXTERNAL	20260922T141755Z_source_contract_sc_v2	COAD_source_contract_sc_v2	sc_expression_source	NA	NA	ALDOA	author_source_donor_label	7	NA	donor_equal_mean_log1p_CP10K	0.007336773878486037	NA	NA	NA	NA	NA:descriptive only	NA	DONE	DESCRIPTIVE_SOURCE_ONLY	Uhlitz original count matrix and annotation	Uhlitz	ALL	Endothelial	hsa:226	7	480	0.007336773878486037	0.010145585887270034	per_cell_log1p_10000_full_gene_UMI_then_donor_mean	0.2080170866374287
COAD	Uhlitz	06_EXTERNAL	20260922T141755Z_source_contract_sc_v2	COAD_source_contract_sc_v2	sc_expression_source	NA	NA	ADSL	author_source_donor_label	12	NA	donor_equal_mean_log1p_CP10K	0.0010961972668045187	NA	NA	NA	NA	NA:descriptive only	NA	DONE	DESCRIPTIVE_SOURCE_ONLY	Uhlitz original count matrix and annotation	Uhlitz	ALL	Epithelial	hsa:158	12	13373	0.0010961972668045187	0.001475144827607213	per_cell_log1p_10000_full_gene_UMI_then_donor_mean	0.5903721334666606
COAD	Uhlitz	06_EXTERNAL	20260922T141755Z_source_contract_sc_v2	COAD_source_contract_sc_v2	sc_expression_source	NA	NA	ADSS1	author_source_donor_label	12	NA	donor_equal_mean_log1p_CP10K	NA	NA	NA	NA	NA	NA:descriptive only	NA	NOT_EVALUABLE	GENE_MISSING_OR_IDENTITY_HOLD	Uhlitz original count matrix and annotation	Uhlitz	ALL	Epithelial	hsa:122622	12	13373	NA	NA	per_cell_log1p_10000_full_gene_UMI_then_donor_mean	NA
COAD	Uhlitz	06_EXTERNAL	20260922T141755Z_source_contract_sc_v2	COAD_source_contract_sc_v2	sc_expression_source	NA	NA	ADSS2	author_source_donor_label	12	NA	donor_equal_mean_log1p_CP10K	0.22689458283249167	NA	NA	NA	NA	NA:descriptive only	NA	DONE	DESCRIPTIVE_SOURCE_ONLY	Uhlitz original count matrix and annotation	Uhlitz	ALL	Epithelial	hsa:159	12	13373	0.22689458283249167	0.2262497649775251	per_cell_log1p_10000_full_gene_UMI_then_donor_mean	0.7842077667780973
COAD	Uhlitz	06_EXTERNAL	20260922T141755Z_source_contract_sc_v2	COAD_source_contract_sc_v2	sc_expression_source	NA	NA	AFMID	author_source_donor_label	12	NA	donor_equal_mean_log1p_CP10K	0.14697227238077962	NA	NA	NA	NA	NA:descriptive only	NA	DONE	DESCRIPTIVE_SOURCE_ONLY	Uhlitz original count matrix and annotation	Uhlitz	ALL	Epithelial	hsa:125061	12	13373	0.14697227238077962	0.14460013031780086	per_cell_log1p_10000_full_gene_UMI_then_donor_mean	0.9528387625827796
COAD	Uhlitz	06_EXTERNAL	20260922T141755Z_source_contract_sc_v2	COAD_source_contract_sc_v2	sc_expression_source	NA	NA	AGMAT	author_source_donor_label	12	NA	donor_equal_mean_log1p_CP10K	0.08804810636313981	NA	NA	NA	NA	NA:descriptive only	NA	DONE	DESCRIPTIVE_SOURCE_ONLY	Uhlitz original count matrix and annotation	Uhlitz	ALL	Epithelial	hsa:79814	12	13373	0.08804810636313981	0.10108834355245017	per_cell_log1p_10000_full_gene_UMI_then_donor_mean	1.0
COAD	Uhlitz	06_EXTERNAL	20260922T141755Z_source_contract_sc_v2	COAD_source_contract_sc_v2	sc_expression_source	NA	NA	AGXT	author_source_donor_label	12	NA	donor_equal_mean_log1p_CP10K	0.010490984341026875	NA	NA	NA	NA	NA:descriptive only	NA	DONE	DESCRIPTIVE_SOURCE_ONLY	Uhlitz original count matrix and annotation	Uhlitz	ALL	Epithelial	hsa:189	12	13373	0.010490984341026875	0.01204470770976071	per_cell_log1p_10000_full_gene_UMI_then_donor_mean	1.0
COAD	Uhlitz	06_EXTERNAL	20260922T141755Z_source_contract_sc_v2	COAD_source_contract_sc_v2	sc_expression_source	NA	NA	AGXT2	author_source_donor_label	12	NA	donor_equal_mean_log1p_CP10K	NA	NA	NA	NA	NA	NA:descriptive only	NA	NOT_EVALUABLE	GENE_MISSING_OR_IDENTITY_HOLD	Uhlitz original count matrix and annotation	Uhlitz	ALL	Epithelial	hsa:64902	12	13373	NA	NA	per_cell_log1p_10000_full_gene_UMI_then_donor_mean	NA
COAD	Uhlitz	06_EXTERNAL	20260922T141755Z_source_contract_sc_v2	COAD_source_contract_sc_v2	sc_expression_source	NA	NA	AHCY	author_source_donor_label	12	NA	donor_equal_mean_log1p_CP10K	0.42361443136354265	NA	NA	NA	NA	NA:descriptive only	NA	DONE	DESCRIPTIVE_SOURCE_ONLY	Uhlitz original count matrix and annotation	Uhlitz	ALL	Epithelial	hsa:191	12	13373	0.42361443136354265	0.3461394124052289	per_cell_log1p_10000_full_gene_UMI_then_donor_mean	1.0
COAD	Uhlitz	06_EXTERNAL	20260922T141755Z_source_contract_sc_v2	COAD_source_contract_sc_v2	sc_expression_source	NA	NA	AHCYL1	author_source_donor_label	12	NA	donor_equal_mean_log1p_CP10K	0.4848788617875748	NA	NA	NA	NA	NA:descriptive only	NA	DONE	DESCRIPTIVE_SOURCE_ONLY	Uhlitz original count matrix and annotation	Uhlitz	ALL	Epithelial	hsa:10768	12	13373	0.4848788617875748	0.3983954395531726	per_cell_log1p_10000_full_gene_UMI_then_donor_mean	0.5695719653711591
COAD	Uhlitz	06_EXTERNAL	20260922T141755Z_source_contract_sc_v2	COAD_source_contract_sc_v2	sc_expression_source	NA	NA	AHCYL2	author_source_donor_label	12	NA	donor_equal_mean_log1p_CP10K	0.2719294986532173	NA	NA	NA	NA	NA:descriptive only	NA	DONE	DESCRIPTIVE_SOURCE_ONLY	Uhlitz original count matrix and annotation	Uhlitz	ALL	Epithelial	hsa:23382	12	13373	0.2719294986532173	0.21939713335113664	per_cell_log1p_10000_full_gene_UMI_then_donor_mean	1.0
COAD	Uhlitz	06_EXTERNAL	20260922T141755Z_source_contract_sc_v2	COAD_source_contract_sc_v2	sc_expression_source	NA	NA	AK3	author_source_donor_label	12	NA	donor_equal_mean_log1p_CP10K	0.4798355182792802	NA	NA	NA	NA	NA:descriptive only	NA	DONE	DESCRIPTIVE_SOURCE_ONLY	Uhlitz original count matrix and annotation	Uhlitz	ALL	Epithelial	hsa:50808	12	13373	0.4798355182792802	0.3893019809369855	per_cell_log1p_10000_full_gene_UMI_then_donor_mean	0.8887208414099318
COAD	Uhlitz	06_EXTERNAL	20260922T141755Z_source_contract_sc_v2	COAD_source_contract_sc_v2	sc_expression_source	NA	NA	AK4	author_source_donor_label	12	NA	donor_equal_mean_log1p_CP10K	0.08326068480948275	NA	NA	NA	NA	NA:descriptive only	NA	DONE	DESCRIPTIVE_SOURCE_ONLY	Uhlitz original count matrix and annotation	Uhlitz	ALL	Epithelial	hsa:205	12	13373	0.08326068480948275	0.09606418024938994	per_cell_log1p_10000_full_gene_UMI_then_donor_mean	1.0
COAD	Uhlitz	06_EXTERNAL	20260922T141755Z_source_contract_sc_v2	COAD_source_contract_sc_v2	sc_expression_source	NA	NA	AK9	author_source_donor_label	12	NA	donor_equal_mean_log1p_CP10K	0.08729265674380006	NA	NA	NA	NA	NA:descriptive only	NA	DONE	DESCRIPTIVE_SOURCE_ONLY	Uhlitz original count matrix and annotation	Uhlitz	ALL	Epithelial	hsa:221264	12	13373	0.08729265674380006	0.07678163011403302	per_cell_log1p_10000_full_gene_UMI_then_donor_mean	0.9541238243122685
COAD	Uhlitz	06_EXTERNAL	20260922T141755Z_source_contract_sc_v2	COAD_source_contract_sc_v2	sc_expression_source	NA	NA	AKR1A1	author_source_donor_label	12	NA	donor_equal_mean_log1p_CP10K	0.45819588295710956	NA	NA	NA	NA	NA:descriptive only	NA	DONE	DESCRIPTIVE_SOURCE_ONLY	Uhlitz original count matrix and annotation	Uhlitz	ALL	Epithelial	hsa:10327	12	13373	0.45819588295710956	0.38875505924146075	per_cell_log1p_10000_full_gene_UMI_then_donor_mean	0.7316974980260734
COAD	Uhlitz	06_EXTERNAL	20260922T141755Z_source_contract_sc_v2	COAD_source_contract_sc_v2	sc_expression_source	NA	NA	ALDH18A1	author_source_donor_label	12	NA	donor_equal_mean_log1p_CP10K	0.27382949083987745	NA	NA	NA	NA	NA:descriptive only	NA	DONE	DESCRIPTIVE_SOURCE_ONLY	Uhlitz original count matrix and annotation	Uhlitz	ALL	Epithelial	hsa:5832	12	13373	0.27382949083987745	0.25674744985084014	per_cell_log1p_10000_full_gene_UMI_then_donor_mean	1.0
COAD	Uhlitz	06_EXTERNAL	20260922T141755Z_source_contract_sc_v2	COAD_source_contract_sc_v2	sc_expression_source	NA	NA	ALDH1B1	author_source_donor_label	12	NA	donor_equal_mean_log1p_CP10K	0.16469055118658607	NA	NA	NA	NA	NA:descriptive only	NA	DONE	DESCRIPTIVE_SOURCE_ONLY	Uhlitz original count matrix and annotation	Uhlitz	ALL	Epithelial	hsa:219	12	13373	0.16469055118658607	0.16181911363678847	per_cell_log1p_10000_full_gene_UMI_then_donor_mean	1.0
COAD	Uhlitz	06_EXTERNAL	20260922T141755Z_source_contract_sc_v2	COAD_source_contract_sc_v2	sc_expression_source	NA	NA	ALDH2	author_source_donor_label	12	NA	donor_equal_mean_log1p_CP10K	0.7512432422199056	NA	NA	NA	NA	NA:descriptive only	NA	DONE	DESCRIPTIVE_SOURCE_ONLY	Uhlitz original count matrix and annotation	Uhlitz	ALL	Epithelial	hsa:217	12	13373	0.7512432422199056	0.5154119719795811	per_cell_log1p_10000_full_gene_UMI_then_donor_mean	0.8088061138951993
COAD	Uhlitz	06_EXTERNAL	20260922T141755Z_source_contract_sc_v2	COAD_source_contract_sc_v2	sc_expression_source	NA	NA	ALDH3A1	author_source_donor_label	12	NA	donor_equal_mean_log1p_CP10K	0.036533981759483004	NA	NA	NA	NA	NA:descriptive only	NA	DONE	DESCRIPTIVE_SOURCE_ONLY	Uhlitz original count matrix and annotation	Uhlitz	ALL	Epithelial	hsa:218	12	13373	0.036533981759483004	0.04259605739975295	per_cell_log1p_10000_full_gene_UMI_then_donor_mean	1.0
COAD	Uhlitz	06_EXTERNAL	20260922T141755Z_source_contract_sc_v2	COAD_source_contract_sc_v2	sc_expression_source	NA	NA	ALDH3A2	author_source_donor_label	12	NA	donor_equal_mean_log1p_CP10K	0.22929632160428862	NA	NA	NA	NA	NA:descriptive only	NA	DONE	DESCRIPTIVE_SOURCE_ONLY	Uhlitz original count matrix and annotation	Uhlitz	ALL	Epithelial	hsa:224	12	13373	0.22929632160428862	0.22714741554198734	per_cell_log1p_10000_full_gene_UMI_then_donor_mean	1.0
COAD	Uhlitz	06_EXTERNAL	20260922T141755Z_source_contract_sc_v2	COAD_source_contract_sc_v2	sc_expression_source	NA	NA	ALDH3B1	author_source_donor_label	12	NA	donor_equal_mean_log1p_CP10K	0.074958805433097	NA	NA	NA	NA	NA:descriptive only	NA	DONE	DESCRIPTIVE_SOURCE_ONLY	Uhlitz original count matrix and annotation	Uhlitz	ALL	Epithelial	hsa:221	12	13373	0.074958805433097	0.08147575479656603	per_cell_log1p_10000_full_gene_UMI_then_donor_mean	0.45434395421599144
COAD	Uhlitz	06_EXTERNAL	20260922T141755Z_source_contract_sc_v2	COAD_source_contract_sc_v2	sc_expression_source	NA	NA	ALDH3B2	author_source_donor_label	12	NA	donor_equal_mean_log1p_CP10K	0.0034617873697296384	NA	NA	NA	NA	NA:descriptive only	NA	DONE	DESCRIPTIVE_SOURCE_ONLY	Uhlitz original count matrix and annotation	Uhlitz	ALL	Epithelial	hsa:222	12	13373	0.0034617873697296384	0.003966474296799507	per_cell_log1p_10000_full_gene_UMI_then_donor_mean	1.0
COAD	Uhlitz	06_EXTERNAL	20260922T141755Z_source_contract_sc_v2	COAD_source_contract_sc_v2	sc_expression_source	NA	NA	ALDH4A1	author_source_donor_label	12	NA	donor_equal_mean_log1p_CP10K	0.001535405080955651	NA	NA	NA	NA	NA:descriptive only	NA	DONE	DESCRIPTIVE_SOURCE_ONLY	Uhlitz original count matrix and annotation	Uhlitz	ALL	Epithelial	hsa:8659	12	13373	0.001535405080955651	0.002188299896819291	per_cell_log1p_10000_full_gene_UMI_then_donor_mean	1.0
COAD	Uhlitz	06_EXTERNAL	20260922T141755Z_source_contract_sc_v2	COAD_source_contract_sc_v2	sc_expression_source	NA	NA	ALDH5A1	author_source_donor_label	12	NA	donor_equal_mean_log1p_CP10K	0.07556050309184709	NA	NA	NA	NA	NA:descriptive only	NA	DONE	DESCRIPTIVE_SOURCE_ONLY	Uhlitz original count matrix and annotation	Uhlitz	ALL	Epithelial	hsa:7915	12	13373	0.07556050309184709	0.08736433547908636	per_cell_log1p_10000_full_gene_UMI_then_donor_mean	0.80209715079776
COAD	Uhlitz	06_EXTERNAL	20260922T141755Z_source_contract_sc_v2	COAD_source_contract_sc_v2	sc_expression_source	NA	NA	ALDH7A1	author_source_donor_label	12	NA	donor_equal_mean_log1p_CP10K	0.0983141577767873	NA	NA	NA	NA	NA:descriptive only	NA	DONE	DESCRIPTIVE_SOURCE_ONLY	Uhlitz original count matrix and annotation	Uhlitz	ALL	Epithelial	hsa:501	12	13373	0.0983141577767873	0.11083760810901822	per_cell_log1p_10000_full_gene_UMI_then_donor_mean	0.9227070376357824
COAD	Uhlitz	06_EXTERNAL	20260922T141755Z_source_contract_sc_v2	COAD_source_contract_sc_v2	sc_expression_source	NA	NA	ALDH9A1	author_source_donor_label	12	NA	donor_equal_mean_log1p_CP10K	0.22736971159660002	NA	NA	NA	NA	NA:descriptive only	NA	DONE	DESCRIPTIVE_SOURCE_ONLY	Uhlitz original count matrix and annotation	Uhlitz	ALL	Epithelial	hsa:223	12	13373	0.22736971159660002	0.2356701709784259	per_cell_log1p_10000_full_gene_UMI_then_donor_mean	0.4585626258022418
COAD	Uhlitz	06_EXTERNAL	20260922T141755Z_source_contract_sc_v2	COAD_source_contract_sc_v2	sc_expression_source	NA	NA	ALDOA	author_source_donor_label	12	NA	donor_equal_mean_log1p_CP10K	0.035270053999332834	NA	NA	NA	NA	NA:descriptive only	NA	DONE	DESCRIPTIVE_SOURCE_ONLY	Uhlitz original count matrix and annotation	Uhlitz	ALL	Epithelial	hsa:226	12	13373	0.035270053999332834	0.04436558981811265	per_cell_log1p_10000_full_gene_UMI_then_donor_mean	1.0
COAD	Uhlitz	06_EXTERNAL	20260922T141755Z_source_contract_sc_v2	COAD_source_contract_sc_v2	sc_expression_source	NA	NA	ADSL	author_source_donor_label	10	NA	donor_equal_mean_log1p_CP10K	0.0008061307119807701	NA	NA	NA	NA	NA:descriptive only	NA	DONE	DESCRIPTIVE_SOURCE_ONLY	Uhlitz original count matrix and annotation	Uhlitz	ALL	Fibroblast	hsa:158	10	1315	0.0008061307119807701	0.0022727272727272726	per_cell_log1p_10000_full_gene_UMI_then_donor_mean	0.4341527959400768
COAD	Uhlitz	06_EXTERNAL	20260922T141755Z_source_contract_sc_v2	COAD_source_contract_sc_v2	sc_expression_source	NA	NA	ADSS1	author_source_donor_label	10	NA	donor_equal_mean_log1p_CP10K	NA	NA	NA	NA	NA	NA:descriptive only	NA	NOT_EVALUABLE	GENE_MISSING_OR_IDENTITY_HOLD	Uhlitz original count matrix and annotation	Uhlitz	ALL	Fibroblast	hsa:122622	10	1315	NA	NA	per_cell_log1p_10000_full_gene_UMI_then_donor_mean	NA
COAD	Uhlitz	06_EXTERNAL	20260922T141755Z_source_contract_sc_v2	COAD_source_contract_sc_v2	sc_expression_source	NA	NA	ADSS2	author_source_donor_label	10	NA	donor_equal_mean_log1p_CP10K	0.15276252992080325	NA	NA	NA	NA	NA:descriptive only	NA	DONE	DESCRIPTIVE_SOURCE_ONLY	Uhlitz original count matrix and annotation	Uhlitz	ALL	Fibroblast	hsa:159	10	1315	0.15276252992080325	0.18008830851229138	per_cell_log1p_10000_full_gene_UMI_then_donor_mean	0.5279877595182947
COAD	Uhlitz	06_EXTERNAL	20260922T141755Z_source_contract_sc_v2	COAD_source_contract_sc_v2	sc_expression_source	NA	NA	AFMID	author_source_donor_label	10	NA	donor_equal_mean_log1p_CP10K	0.09608497506036731	NA	NA	NA	NA	NA:descriptive only	NA	DONE	DESCRIPTIVE_SOURCE_ONLY	Uhlitz original count matrix and annotation	Uhlitz	ALL	Fibroblast	hsa:125061	10	1315	0.09608497506036731	0.11420070062948037	per_cell_log1p_10000_full_gene_UMI_then_donor_mean	0.622930347719728
COAD	Uhlitz	06_EXTERNAL	20260922T141755Z_source_contract_sc_v2	COAD_source_contract_sc_v2	sc_expression_source	NA	NA	AGMAT	author_source_donor_label	10	NA	donor_equal_mean_log1p_CP10K	0.0010333664882716449	NA	NA	NA	NA	NA:descriptive only	NA	DONE	DESCRIPTIVE_SOURCE_ONLY	Uhlitz original count matrix and annotation	Uhlitz	ALL	Fibroblast	hsa:79814	10	1315	0.0010333664882716449	0.0016839640299420506	per_cell_log1p_10000_full_gene_UMI_then_donor_mean	0.011736385153016823
COAD	Uhlitz	06_EXTERNAL	20260922T141755Z_source_contract_sc_v2	COAD_source_contract_sc_v2	sc_expression_source	NA	NA	AGXT	author_source_donor_label	10	NA	donor_equal_mean_log1p_CP10K	0.001594628289553829	NA	NA	NA	NA	NA:descriptive only	NA	DONE	DESCRIPTIVE_SOURCE_ONLY	Uhlitz original count matrix and annotation	Uhlitz	ALL	Fibroblast	hsa:189	10	1315	0.001594628289553829	0.002857142857142857	per_cell_log1p_10000_full_gene_UMI_then_donor_mean	0.15199987319757324
COAD	Uhlitz	06_EXTERNAL	20260922T141755Z_source_contract_sc_v2	COAD_source_contract_sc_v2	sc_expression_source	NA	NA	AGXT2	author_source_donor_label	10	NA	donor_equal_mean_log1p_CP10K	NA	NA	NA	NA	NA	NA:descriptive only	NA	NOT_EVALUABLE	GENE_MISSING_OR_IDENTITY_HOLD	Uhlitz original count matrix and annotation	Uhlitz	ALL	Fibroblast	hsa:64902	10	1315	NA	NA	per_cell_log1p_10000_full_gene_UMI_then_donor_mean	NA
COAD	Uhlitz	06_EXTERNAL	20260922T141755Z_source_contract_sc_v2	COAD_source_contract_sc_v2	sc_expression_source	NA	NA	AHCY	author_source_donor_label	10	NA	donor_equal_mean_log1p_CP10K	0.22282881867129647	NA	NA	NA	NA	NA:descriptive only	NA	DONE	DESCRIPTIVE_SOURCE_ONLY	Uhlitz original count matrix and annotation	Uhlitz	ALL	Fibroblast	hsa:191	10	1315	0.22282881867129647	0.2627067054993509	per_cell_log1p_10000_full_gene_UMI_then_donor_mean	0.5260180064074975
COAD	Uhlitz	06_EXTERNAL	20260922T141755Z_source_contract_sc_v2	COAD_source_contract_sc_v2	sc_expression_source	NA	NA	AHCYL1	author_source_donor_label	10	NA	donor_equal_mean_log1p_CP10K	0.8513039462390071	NA	NA	NA	NA	NA:descriptive only	NA	DONE	DESCRIPTIVE_SOURCE_ONLY	Uhlitz original count matrix and annotation	Uhlitz	ALL	Fibroblast	hsa:10768	10	1315	0.8513039462390071	0.6695993342487975	per_cell_log1p_10000_full_gene_UMI_then_donor_mean	1.0
COAD	Uhlitz	06_EXTERNAL	20260922T141755Z_source_contract_sc_v2	COAD_source_contract_sc_v2	sc_expression_source	NA	NA	AHCYL2	author_source_donor_label	10	NA	donor_equal_mean_log1p_CP10K	0.05191875120470705	NA	NA	NA	NA	NA:descriptive only	NA	DONE	DESCRIPTIVE_SOURCE_ONLY	Uhlitz original count matrix and annotation	Uhlitz	ALL	Fibroblast	hsa:23382	10	1315	0.05191875120470705	0.05627448825783232	per_cell_log1p_10000_full_gene_UMI_then_donor_mean	0.19092724938575814
COAD	Uhlitz	06_EXTERNAL	20260922T141755Z_source_contract_sc_v2	COAD_source_contract_sc_v2	sc_expression_source	NA	NA	AK3	author_source_donor_label	10	NA	donor_equal_mean_log1p_CP10K	0.527257870749334	NA	NA	NA	NA	NA:descriptive only	NA	DONE	DESCRIPTIVE_SOURCE_ONLY	Uhlitz original count matrix and annotation	Uhlitz	ALL	Fibroblast	hsa:50808	10	1315	0.527257870749334	0.47418800238976033	per_cell_log1p_10000_full_gene_UMI_then_donor_mean	0.9765535077785239
COAD	Uhlitz	06_EXTERNAL	20260922T141755Z_source_contract_sc_v2	COAD_source_contract_sc_v2	sc_expression_source	NA	NA	AK4	author_source_donor_label	10	NA	donor_equal_mean_log1p_CP10K	0.05752217857846351	NA	NA	NA	NA	NA:descriptive only	NA	DONE	DESCRIPTIVE_SOURCE_ONLY	Uhlitz original count matrix and annotation	Uhlitz	ALL	Fibroblast	hsa:205	10	1315	0.05752217857846351	0.06285501933132441	per_cell_log1p_10000_full_gene_UMI_then_donor_mean	0.6908684298007624
COAD	Uhlitz	06_EXTERNAL	20260922T141755Z_source_contract_sc_v2	COAD_source_contract_sc_v2	sc_expression_source	NA	NA	AK9	author_source_donor_label	10	NA	donor_equal_mean_log1p_CP10K	0.04585227280881327	NA	NA	NA	NA	NA:descriptive only	NA	DONE	DESCRIPTIVE_SOURCE_ONLY	Uhlitz original count matrix and annotation	Uhlitz	ALL	Fibroblast	hsa:221264	10	1315	0.04585227280881327	0.044293302368035296	per_cell_log1p_10000_full_gene_UMI_then_donor_mean	0.5011732660876033
COAD	Uhlitz	06_EXTERNAL	20260922T141755Z_source_contract_sc_v2	COAD_source_contract_sc_v2	sc_expression_source	NA	NA	AKR1A1	author_source_donor_label	10	NA	donor_equal_mean_log1p_CP10K	0.4609281766434868	NA	NA	NA	NA	NA:descriptive only	NA	DONE	DESCRIPTIVE_SOURCE_ONLY	Uhlitz original count matrix and annotation	Uhlitz	ALL	Fibroblast	hsa:10327	10	1315	0.4609281766434868	0.43150213611524446	per_cell_log1p_10000_full_gene_UMI_then_donor_mean	0.7360607246035192
COAD	Uhlitz	06_EXTERNAL	20260922T141755Z_source_contract_sc_v2	COAD_source_contract_sc_v2	sc_expression_source	NA	NA	ALDH18A1	author_source_donor_label	10	NA	donor_equal_mean_log1p_CP10K	0.2079474583316617	NA	NA	NA	NA	NA:descriptive only	NA	DONE	DESCRIPTIVE_SOURCE_ONLY	Uhlitz original count matrix and annotation	Uhlitz	ALL	Fibroblast	hsa:5832	10	1315	0.2079474583316617	0.233906430711097	per_cell_log1p_10000_full_gene_UMI_then_donor_mean	0.7594049044675746
COAD	Uhlitz	06_EXTERNAL	20260922T141755Z_source_contract_sc_v2	COAD_source_contract_sc_v2	sc_expression_source	NA	NA	ALDH1B1	author_source_donor_label	10	NA	donor_equal_mean_log1p_CP10K	0.14760836004832414	NA	NA	NA	NA	NA:descriptive only	NA	DONE	DESCRIPTIVE_SOURCE_ONLY	Uhlitz original count matrix and annotation	Uhlitz	ALL	Fibroblast	hsa:219	10	1315	0.14760836004832414	0.15212479401127013	per_cell_log1p_10000_full_gene_UMI_then_donor_mean	0.8962770419117205
COAD	Uhlitz	06_EXTERNAL	20260922T141755Z_source_contract_sc_v2	COAD_source_contract_sc_v2	sc_expression_source	NA	NA	ALDH2	author_source_donor_label	10	NA	donor_equal_mean_log1p_CP10K	0.6414024433176487	NA	NA	NA	NA	NA:descriptive only	NA	DONE	DESCRIPTIVE_SOURCE_ONLY	Uhlitz original count matrix and annotation	Uhlitz	ALL	Fibroblast	hsa:217	10	1315	0.6414024433176487	0.5035035218788508	per_cell_log1p_10000_full_gene_UMI_then_donor_mean	0.6905489307160753
COAD	Uhlitz	06_EXTERNAL	20260922T141755Z_source_contract_sc_v2	COAD_source_contract_sc_v2	sc_expression_source	NA	NA	ALDH3A1	author_source_donor_label	10	NA	donor_equal_mean_log1p_CP10K	0.0011064950040249053	NA	NA	NA	NA	NA:descriptive only	NA	DONE	DESCRIPTIVE_SOURCE_ONLY	Uhlitz original count matrix and annotation	Uhlitz	ALL	Fibroblast	hsa:218	10	1315	0.0011064950040249053	0.0015125521816206325	per_cell_log1p_10000_full_gene_UMI_then_donor_mean	0.03028673445203358
COAD	Uhlitz	06_EXTERNAL	20260922T141755Z_source_contract_sc_v2	COAD_source_contract_sc_v2	sc_expression_source	NA	NA	ALDH3A2	author_source_donor_label	10	NA	donor_equal_mean_log1p_CP10K	0.11751106521491912	NA	NA	NA	NA	NA:descriptive only	NA	DONE	DESCRIPTIVE_SOURCE_ONLY	Uhlitz original count matrix and annotation	Uhlitz	ALL	Fibroblast	hsa:224	10	1315	0.11751106521491912	0.14517673028313932	per_cell_log1p_10000_full_gene_UMI_then_donor_mean	0.5124856098551616
COAD	Uhlitz	06_EXTERNAL	20260922T141755Z_source_contract_sc_v2	COAD_source_contract_sc_v2	sc_expression_source	NA	NA	ALDH3B1	author_source_donor_label	10	NA	donor_equal_mean_log1p_CP10K	0.03541001845463989	NA	NA	NA	NA	NA:descriptive only	NA	DONE	DESCRIPTIVE_SOURCE_ONLY	Uhlitz original count matrix and annotation	Uhlitz	ALL	Fibroblast	hsa:221	10	1315	0.03541001845463989	0.04373234622063628	per_cell_log1p_10000_full_gene_UMI_then_donor_mean	0.21462892465517736
COAD	Uhlitz	06_EXTERNAL	20260922T141755Z_source_contract_sc_v2	COAD_source_contract_sc_v2	sc_expression_source	NA	NA	ALDH3B2	author_source_donor_label	10	NA	donor_equal_mean_log1p_CP10K	0.0	NA	NA	NA	NA	NA:descriptive only	NA	DONE	DESCRIPTIVE_SOURCE_ONLY	Uhlitz original count matrix and annotation	Uhlitz	ALL	Fibroblast	hsa:222	10	1315	0.0	0.0	per_cell_log1p_10000_full_gene_UMI_then_donor_mean	0.0
COAD	Uhlitz	06_EXTERNAL	20260922T141755Z_source_contract_sc_v2	COAD_source_contract_sc_v2	sc_expression_source	NA	NA	ALDH4A1	author_source_donor_label	10	NA	donor_equal_mean_log1p_CP10K	0.00024807646721862	NA	NA	NA	NA	NA:descriptive only	NA	DONE	DESCRIPTIVE_SOURCE_ONLY	Uhlitz original count matrix and annotation	Uhlitz	ALL	Fibroblast	hsa:8659	10	1315	0.00024807646721862	0.0002487562189054726	per_cell_log1p_10000_full_gene_UMI_then_donor_mean	0.1615706957698766
COAD	Uhlitz	06_EXTERNAL	20260922T141755Z_source_contract_sc_v2	COAD_source_contract_sc_v2	sc_expression_source	NA	NA	ALDH5A1	author_source_donor_label	10	NA	donor_equal_mean_log1p_CP10K	0.03029720421690115	NA	NA	NA	NA	NA:descriptive only	NA	DONE	DESCRIPTIVE_SOURCE_ONLY	Uhlitz original count matrix and annotation	Uhlitz	ALL	Fibroblast	hsa:7915	10	1315	0.03029720421690115	0.040497858110082385	per_cell_log1p_10000_full_gene_UMI_then_donor_mean	0.3216138086054693
COAD	Uhlitz	06_EXTERNAL	20260922T141755Z_source_contract_sc_v2	COAD_source_contract_sc_v2	sc_expression_source	NA	NA	ALDH7A1	author_source_donor_label	10	NA	donor_equal_mean_log1p_CP10K	0.10654969970608878	NA	NA	NA	NA	NA:descriptive only	NA	DONE	DESCRIPTIVE_SOURCE_ONLY	Uhlitz original count matrix and annotation	Uhlitz	ALL	Fibroblast	hsa:501	10	1315	0.10654969970608878	0.12990583432322733	per_cell_log1p_10000_full_gene_UMI_then_donor_mean	1.0
COAD	Uhlitz	06_EXTERNAL	20260922T141755Z_source_contract_sc_v2	COAD_source_contract_sc_v2	sc_expression_source	NA	NA	ALDH9A1	author_source_donor_label	10	NA	donor_equal_mean_log1p_CP10K	0.35324731156726064	NA	NA	NA	NA	NA:descriptive only	NA	DONE	DESCRIPTIVE_SOURCE_ONLY	Uhlitz original count matrix and annotation	Uhlitz	ALL	Fibroblast	hsa:223	10	1315	0.35324731156726064	0.35257083872358225	per_cell_log1p_10000_full_gene_UMI_then_donor_mean	0.7124344470175592
COAD	Uhlitz	06_EXTERNAL	20260922T141755Z_source_contract_sc_v2	COAD_source_contract_sc_v2	sc_expression_source	NA	NA	ALDOA	author_source_donor_label	10	NA	donor_equal_mean_log1p_CP10K	0.02049320218530885	NA	NA	NA	NA	NA:descriptive only	NA	DONE	DESCRIPTIVE_SOURCE_ONLY	Uhlitz original count matrix and annotation	Uhlitz	ALL	Fibroblast	hsa:226	10	1315	0.02049320218530885	0.029459803096488758	per_cell_log1p_10000_full_gene_UMI_then_donor_mean	0.5810368814773141
COAD	Uhlitz	06_EXTERNAL	20260922T141755Z_source_contract_sc_v2	COAD_source_contract_sc_v2	sc_expression_source	NA	NA	ADSL	author_source_donor_label	1	NA	donor_equal_mean_log1p_CP10K	NA	NA	NA	NA	NA	NA:descriptive only	NA	NOT_EVALUABLE	FEWER_THAN_3_DONORS_WITH_20_CELLS	Uhlitz original count matrix and annotation	Uhlitz	ALL	Glia	hsa:158	1	33	NA	NA	per_cell_log1p_10000_full_gene_UMI_then_donor_mean	NA
COAD	Uhlitz	06_EXTERNAL	20260922T141755Z_source_contract_sc_v2	COAD_source_contract_sc_v2	sc_expression_source	NA	NA	ADSS1	author_source_donor_label	1	NA	donor_equal_mean_log1p_CP10K	NA	NA	NA	NA	NA	NA:descriptive only	NA	NOT_EVALUABLE	GENE_MISSING_OR_IDENTITY_HOLD	Uhlitz original count matrix and annotation	Uhlitz	ALL	Glia	hsa:122622	1	33	NA	NA	per_cell_log1p_10000_full_gene_UMI_then_donor_mean	NA
COAD	Uhlitz	06_EXTERNAL	20260922T141755Z_source_contract_sc_v2	COAD_source_contract_sc_v2	sc_expression_source	NA	NA	ADSS2	author_source_donor_label	1	NA	donor_equal_mean_log1p_CP10K	NA	NA	NA	NA	NA	NA:descriptive only	NA	NOT_EVALUABLE	FEWER_THAN_3_DONORS_WITH_20_CELLS	Uhlitz original count matrix and annotation	Uhlitz	ALL	Glia	hsa:159	1	33	NA	NA	per_cell_log1p_10000_full_gene_UMI_then_donor_mean	NA
COAD	Uhlitz	06_EXTERNAL	20260922T141755Z_source_contract_sc_v2	COAD_source_contract_sc_v2	sc_expression_source	NA	NA	AFMID	author_source_donor_label	1	NA	donor_equal_mean_log1p_CP10K	NA	NA	NA	NA	NA	NA:descriptive only	NA	NOT_EVALUABLE	FEWER_THAN_3_DONORS_WITH_20_CELLS	Uhlitz original count matrix and annotation	Uhlitz	ALL	Glia	hsa:125061	1	33	NA	NA	per_cell_log1p_10000_full_gene_UMI_then_donor_mean	NA
COAD	Uhlitz	06_EXTERNAL	20260922T141755Z_source_contract_sc_v2	COAD_source_contract_sc_v2	sc_expression_source	NA	NA	AGMAT	author_source_donor_label	1	NA	donor_equal_mean_log1p_CP10K	NA	NA	NA	NA	NA	NA:descriptive only	NA	NOT_EVALUABLE	FEWER_THAN_3_DONORS_WITH_20_CELLS	Uhlitz original count matrix and annotation	Uhlitz	ALL	Glia	hsa:79814	1	33	NA	NA	per_cell_log1p_10000_full_gene_UMI_then_donor_mean	NA
COAD	Uhlitz	06_EXTERNAL	20260922T141755Z_source_contract_sc_v2	COAD_source_contract_sc_v2	sc_expression_source	NA	NA	AGXT	author_source_donor_label	1	NA	donor_equal_mean_log1p_CP10K	NA	NA	NA	NA	NA	NA:descriptive only	NA	NOT_EVALUABLE	FEWER_THAN_3_DONORS_WITH_20_CELLS	Uhlitz original count matrix and annotation	Uhlitz	ALL	Glia	hsa:189	1	33	NA	NA	per_cell_log1p_10000_full_gene_UMI_then_donor_mean	NA
COAD	Uhlitz	06_EXTERNAL	20260922T141755Z_source_contract_sc_v2	COAD_source_contract_sc_v2	sc_expression_source	NA	NA	AGXT2	author_source_donor_label	1	NA	donor_equal_mean_log1p_CP10K	NA	NA	NA	NA	NA	NA:descriptive only	NA	NOT_EVALUABLE	GENE_MISSING_OR_IDENTITY_HOLD	Uhlitz original count matrix and annotation	Uhlitz	ALL	Glia	hsa:64902	1	33	NA	NA	per_cell_log1p_10000_full_gene_UMI_then_donor_mean	NA
COAD	Uhlitz	06_EXTERNAL	20260922T141755Z_source_contract_sc_v2	COAD_source_contract_sc_v2	sc_expression_source	NA	NA	AHCY	author_source_donor_label	1	NA	donor_equal_mean_log1p_CP10K	NA	NA	NA	NA	NA	NA:descriptive only	NA	NOT_EVALUABLE	FEWER_THAN_3_DONORS_WITH_20_CELLS	Uhlitz original count matrix and annotation	Uhlitz	ALL	Glia	hsa:191	1	33	NA	NA	per_cell_log1p_10000_full_gene_UMI_then_donor_mean	NA
COAD	Uhlitz	06_EXTERNAL	20260922T141755Z_source_contract_sc_v2	COAD_source_contract_sc_v2	sc_expression_source	NA	NA	AHCYL1	author_source_donor_label	1	NA	donor_equal_mean_log1p_CP10K	NA	NA	NA	NA	NA	NA:descriptive only	NA	NOT_EVALUABLE	FEWER_THAN_3_DONORS_WITH_20_CELLS	Uhlitz original count matrix and annotation	Uhlitz	ALL	Glia	hsa:10768	1	33	NA	NA	per_cell_log1p_10000_full_gene_UMI_then_donor_mean	NA
COAD	Uhlitz	06_EXTERNAL	20260922T141755Z_source_contract_sc_v2	COAD_source_contract_sc_v2	sc_expression_source	NA	NA	AHCYL2	author_source_donor_label	1	NA	donor_equal_mean_log1p_CP10K	NA	NA	NA	NA	NA	NA:descriptive only	NA	NOT_EVALUABLE	FEWER_THAN_3_DONORS_WITH_20_CELLS	Uhlitz original count matrix and annotation	Uhlitz	ALL	Glia	hsa:23382	1	33	NA	NA	per_cell_log1p_10000_full_gene_UMI_then_donor_mean	NA
COAD	Uhlitz	06_EXTERNAL	20260922T141755Z_source_contract_sc_v2	COAD_source_contract_sc_v2	sc_expression_source	NA	NA	AK3	author_source_donor_label	1	NA	donor_equal_mean_log1p_CP10K	NA	NA	NA	NA	NA	NA:descriptive only	NA	NOT_EVALUABLE	FEWER_THAN_3_DONORS_WITH_20_CELLS	Uhlitz original count matrix and annotation	Uhlitz	ALL	Glia	hsa:50808	1	33	NA	NA	per_cell_log1p_10000_full_gene_UMI_then_donor_mean	NA
COAD	Uhlitz	06_EXTERNAL	20260922T141755Z_source_contract_sc_v2	COAD_source_contract_sc_v2	sc_expression_source	NA	NA	AK4	author_source_donor_label	1	NA	donor_equal_mean_log1p_CP10K	NA	NA	NA	NA	NA	NA:descriptive only	NA	NOT_EVALUABLE	FEWER_THAN_3_DONORS_WITH_20_CELLS	Uhlitz original count matrix and annotation	Uhlitz	ALL	Glia	hsa:205	1	33	NA	NA	per_cell_log1p_10000_full_gene_UMI_then_donor_mean	NA
COAD	Uhlitz	06_EXTERNAL	20260922T141755Z_source_contract_sc_v2	COAD_source_contract_sc_v2	sc_expression_source	NA	NA	AK9	author_source_donor_label	1	NA	donor_equal_mean_log1p_CP10K	NA	NA	NA	NA	NA	NA:descriptive only	NA	NOT_EVALUABLE	FEWER_THAN_3_DONORS_WITH_20_CELLS	Uhlitz original count matrix and annotation	Uhlitz	ALL	Glia	hsa:221264	1	33	NA	NA	per_cell_log1p_10000_full_gene_UMI_then_donor_mean	NA
COAD	Uhlitz	06_EXTERNAL	20260922T141755Z_source_contract_sc_v2	COAD_source_contract_sc_v2	sc_expression_source	NA	NA	AKR1A1	author_source_donor_label	1	NA	donor_equal_mean_log1p_CP10K	NA	NA	NA	NA	NA	NA:descriptive only	NA	NOT_EVALUABLE	FEWER_THAN_3_DONORS_WITH_20_CELLS	Uhlitz original count matrix and annotation	Uhlitz	ALL	Glia	hsa:10327	1	33	NA	NA	per_cell_log1p_10000_full_gene_UMI_then_donor_mean	NA
COAD	Uhlitz	06_EXTERNAL	20260922T141755Z_source_contract_sc_v2	COAD_source_contract_sc_v2	sc_expression_source	NA	NA	ALDH18A1	author_source_donor_label	1	NA	donor_equal_mean_log1p_CP10K	NA	NA	NA	NA	NA	NA:descriptive only	NA	NOT_EVALUABLE	FEWER_THAN_3_DONORS_WITH_20_CELLS	Uhlitz original count matrix and annotation	Uhlitz	ALL	Glia	hsa:5832	1	33	NA	NA	per_cell_log1p_10000_full_gene_UMI_then_donor_mean	NA
COAD	Uhlitz	06_EXTERNAL	20260922T141755Z_source_contract_sc_v2	COAD_source_contract_sc_v2	sc_expression_source	NA	NA	ALDH1B1	author_source_donor_label	1	NA	donor_equal_mean_log1p_CP10K	NA	NA	NA	NA	NA	NA:descriptive only	NA	NOT_EVALUABLE	FEWER_THAN_3_DONORS_WITH_20_CELLS	Uhlitz original count matrix and annotation	Uhlitz	ALL	Glia	hsa:219	1	33	NA	NA	per_cell_log1p_10000_full_gene_UMI_then_donor_mean	NA
COAD	Uhlitz	06_EXTERNAL	20260922T141755Z_source_contract_sc_v2	COAD_source_contract_sc_v2	sc_expression_source	NA	NA	ALDH2	author_source_donor_label	1	NA	donor_equal_mean_log1p_CP10K	NA	NA	NA	NA	NA	NA:descriptive only	NA	NOT_EVALUABLE	FEWER_THAN_3_DONORS_WITH_20_CELLS	Uhlitz original count matrix and annotation	Uhlitz	ALL	Glia	hsa:217	1	33	NA	NA	per_cell_log1p_10000_full_gene_UMI_then_donor_mean	NA
COAD	Uhlitz	06_EXTERNAL	20260922T141755Z_source_contract_sc_v2	COAD_source_contract_sc_v2	sc_expression_source	NA	NA	ALDH3A1	author_source_donor_label	1	NA	donor_equal_mean_log1p_CP10K	NA	NA	NA	NA	NA	NA:descriptive only	NA	NOT_EVALUABLE	FEWER_THAN_3_DONORS_WITH_20_CELLS	Uhlitz original count matrix and annotation	Uhlitz	ALL	Glia	hsa:218	1	33	NA	NA	per_cell_log1p_10000_full_gene_UMI_then_donor_mean	NA
COAD	Uhlitz	06_EXTERNAL	20260922T141755Z_source_contract_sc_v2	COAD_source_contract_sc_v2	sc_expression_source	NA	NA	ALDH3A2	author_source_donor_label	1	NA	donor_equal_mean_log1p_CP10K	NA	NA	NA	NA	NA	NA:descriptive only	NA	NOT_EVALUABLE	FEWER_THAN_3_DONORS_WITH_20_CELLS	Uhlitz original count matrix and annotation	Uhlitz	ALL	Glia	hsa:224	1	33	NA	NA	per_cell_log1p_10000_full_gene_UMI_then_donor_mean	NA
COAD	Uhlitz	06_EXTERNAL	20260922T141755Z_source_contract_sc_v2	COAD_source_contract_sc_v2	sc_expression_source	NA	NA	ALDH3B1	author_source_donor_label	1	NA	donor_equal_mean_log1p_CP10K	NA	NA	NA	NA	NA	NA:descriptive only	NA	NOT_EVALUABLE	FEWER_THAN_3_DONORS_WITH_20_CELLS	Uhlitz original count matrix and annotation	Uhlitz	ALL	Glia	hsa:221	1	33	NA	NA	per_cell_log1p_10000_full_gene_UMI_then_donor_mean	NA
COAD	Uhlitz	06_EXTERNAL	20260922T141755Z_source_contract_sc_v2	COAD_source_contract_sc_v2	sc_expression_source	NA	NA	ALDH3B2	author_source_donor_label	1	NA	donor_equal_mean_log1p_CP10K	NA	NA	NA	NA	NA	NA:descriptive only	NA	NOT_EVALUABLE	FEWER_THAN_3_DONORS_WITH_20_CELLS	Uhlitz original count matrix and annotation	Uhlitz	ALL	Glia	hsa:222	1	33	NA	NA	per_cell_log1p_10000_full_gene_UMI_then_donor_mean	NA
COAD	Uhlitz	06_EXTERNAL	20260922T141755Z_source_contract_sc_v2	COAD_source_contract_sc_v2	sc_expression_source	NA	NA	ALDH4A1	author_source_donor_label	1	NA	donor_equal_mean_log1p_CP10K	NA	NA	NA	NA	NA	NA:descriptive only	NA	NOT_EVALUABLE	FEWER_THAN_3_DONORS_WITH_20_CELLS	Uhlitz original count matrix and annotation	Uhlitz	ALL	Glia	hsa:8659	1	33	NA	NA	per_cell_log1p_10000_full_gene_UMI_then_donor_mean	NA
COAD	Uhlitz	06_EXTERNAL	20260922T141755Z_source_contract_sc_v2	COAD_source_contract_sc_v2	sc_expression_source	NA	NA	ALDH5A1	author_source_donor_label	1	NA	donor_equal_mean_log1p_CP10K	NA	NA	NA	NA	NA	NA:descriptive only	NA	NOT_EVALUABLE	FEWER_THAN_3_DONORS_WITH_20_CELLS	Uhlitz original count matrix and annotation	Uhlitz	ALL	Glia	hsa:7915	1	33	NA	NA	per_cell_log1p_10000_full_gene_UMI_then_donor_mean	NA
COAD	Uhlitz	06_EXTERNAL	20260922T141755Z_source_contract_sc_v2	COAD_source_contract_sc_v2	sc_expression_source	NA	NA	ALDH7A1	author_source_donor_label	1	NA	donor_equal_mean_log1p_CP10K	NA	NA	NA	NA	NA	NA:descriptive only	NA	NOT_EVALUABLE	FEWER_THAN_3_DONORS_WITH_20_CELLS	Uhlitz original count matrix and annotation	Uhlitz	ALL	Glia	hsa:501	1	33	NA	NA	per_cell_log1p_10000_full_gene_UMI_then_donor_mean	NA
COAD	Uhlitz	06_EXTERNAL	20260922T141755Z_source_contract_sc_v2	COAD_source_contract_sc_v2	sc_expression_source	NA	NA	ALDH9A1	author_source_donor_label	1	NA	donor_equal_mean_log1p_CP10K	NA	NA	NA	NA	NA	NA:descriptive only	NA	NOT_EVALUABLE	FEWER_THAN_3_DONORS_WITH_20_CELLS	Uhlitz original count matrix and annotation	Uhlitz	ALL	Glia	hsa:223	1	33	NA	NA	per_cell_log1p_10000_full_gene_UMI_then_donor_mean	NA
COAD	Uhlitz	06_EXTERNAL	20260922T141755Z_source_contract_sc_v2	COAD_source_contract_sc_v2	sc_expression_source	NA	NA	ALDOA	author_source_donor_label	1	NA	donor_equal_mean_log1p_CP10K	NA	NA	NA	NA	NA	NA:descriptive only	NA	NOT_EVALUABLE	FEWER_THAN_3_DONORS_WITH_20_CELLS	Uhlitz original count matrix and annotation	Uhlitz	ALL	Glia	hsa:226	1	33	NA	NA	per_cell_log1p_10000_full_gene_UMI_then_donor_mean	NA
COAD	Uhlitz	06_EXTERNAL	20260922T141755Z_source_contract_sc_v2	COAD_source_contract_sc_v2	sc_expression_source	NA	NA	ADSL	author_source_donor_label	8	NA	donor_equal_mean_log1p_CP10K	0.0	NA	NA	NA	NA	NA:descriptive only	NA	DONE	DESCRIPTIVE_SOURCE_ONLY	Uhlitz original count matrix and annotation	Uhlitz	ALL	Mast	hsa:158	8	374	0.0	0.0	per_cell_log1p_10000_full_gene_UMI_then_donor_mean	0.0
COAD	Uhlitz	06_EXTERNAL	20260922T141755Z_source_contract_sc_v2	COAD_source_contract_sc_v2	sc_expression_source	NA	NA	ADSS1	author_source_donor_label	8	NA	donor_equal_mean_log1p_CP10K	NA	NA	NA	NA	NA	NA:descriptive only	NA	NOT_EVALUABLE	GENE_MISSING_OR_IDENTITY_HOLD	Uhlitz original count matrix and annotation	Uhlitz	ALL	Mast	hsa:122622	8	374	NA	NA	per_cell_log1p_10000_full_gene_UMI_then_donor_mean	NA
COAD	Uhlitz	06_EXTERNAL	20260922T141755Z_source_contract_sc_v2	COAD_source_contract_sc_v2	sc_expression_source	NA	NA	ADSS2	author_source_donor_label	8	NA	donor_equal_mean_log1p_CP10K	0.1316671348755568	NA	NA	NA	NA	NA:descriptive only	NA	DONE	DESCRIPTIVE_SOURCE_ONLY	Uhlitz original count matrix and annotation	Uhlitz	ALL	Mast	hsa:159	8	374	0.1316671348755568	0.09283347740434028	per_cell_log1p_10000_full_gene_UMI_then_donor_mean	0.4550764875469067
COAD	Uhlitz	06_EXTERNAL	20260922T141755Z_source_contract_sc_v2	COAD_source_contract_sc_v2	sc_expression_source	NA	NA	AFMID	author_source_donor_label	8	NA	donor_equal_mean_log1p_CP10K	0.008955279905326857	NA	NA	NA	NA	NA:descriptive only	NA	DONE	DESCRIPTIVE_SOURCE_ONLY	Uhlitz original count matrix and annotation	Uhlitz	ALL	Mast	hsa:125061	8	374	0.008955279905326857	0.0065596814568524035	per_cell_log1p_10000_full_gene_UMI_then_donor_mean	0.058058147195728604
COAD	Uhlitz	06_EXTERNAL	20260922T141755Z_source_contract_sc_v2	COAD_source_contract_sc_v2	sc_expression_source	NA	NA	AGMAT	author_source_donor_label	8	NA	donor_equal_mean_log1p_CP10K	0.0016064191894427156	NA	NA	NA	NA	NA:descriptive only	NA	DONE	DESCRIPTIVE_SOURCE_ONLY	Uhlitz original count matrix and annotation	Uhlitz	ALL	Mast	hsa:79814	8	374	0.0016064191894427156	0.0014044943820224719	per_cell_log1p_10000_full_gene_UMI_then_donor_mean	0.018244789760921046
COAD	Uhlitz	06_EXTERNAL	20260922T141755Z_source_contract_sc_v2	COAD_source_contract_sc_v2	sc_expression_source	NA	NA	AGXT	author_source_donor_label	8	NA	donor_equal_mean_log1p_CP10K	0.0	NA	NA	NA	NA	NA:descriptive only	NA	DONE	DESCRIPTIVE_SOURCE_ONLY	Uhlitz original count matrix and annotation	Uhlitz	ALL	Mast	hsa:189	8	374	0.0	0.0	per_cell_log1p_10000_full_gene_UMI_then_donor_mean	0.0
COAD	Uhlitz	06_EXTERNAL	20260922T141755Z_source_contract_sc_v2	COAD_source_contract_sc_v2	sc_expression_source	NA	NA	AGXT2	author_source_donor_label	8	NA	donor_equal_mean_log1p_CP10K	NA	NA	NA	NA	NA	NA:descriptive only	NA	NOT_EVALUABLE	GENE_MISSING_OR_IDENTITY_HOLD	Uhlitz original count matrix and annotation	Uhlitz	ALL	Mast	hsa:64902	8	374	NA	NA	per_cell_log1p_10000_full_gene_UMI_then_donor_mean	NA
COAD	Uhlitz	06_EXTERNAL	20260922T141755Z_source_contract_sc_v2	COAD_source_contract_sc_v2	sc_expression_source	NA	NA	AHCY	author_source_donor_label	8	NA	donor_equal_mean_log1p_CP10K	0.10054829451434308	NA	NA	NA	NA	NA:descriptive only	NA	DONE	DESCRIPTIVE_SOURCE_ONLY	Uhlitz original count matrix and annotation	Uhlitz	ALL	Mast	hsa:191	8	374	0.10054829451434308	0.07190175805074638	per_cell_log1p_10000_full_gene_UMI_then_donor_mean	0.23735804795576768
COAD	Uhlitz	06_EXTERNAL	20260922T141755Z_source_contract_sc_v2	COAD_source_contract_sc_v2	sc_expression_source	NA	NA	AHCYL1	author_source_donor_label	8	NA	donor_equal_mean_log1p_CP10K	0.6436927702529102	NA	NA	NA	NA	NA:descriptive only	NA	DONE	DESCRIPTIVE_SOURCE_ONLY	Uhlitz original count matrix and annotation	Uhlitz	ALL	Mast	hsa:10768	8	374	0.6436927702529102	0.35923025550789217	per_cell_log1p_10000_full_gene_UMI_then_donor_mean	0.7561256741457543
COAD	Uhlitz	06_EXTERNAL	20260922T141755Z_source_contract_sc_v2	COAD_source_contract_sc_v2	sc_expression_source	NA	NA	AHCYL2	author_source_donor_label	8	NA	donor_equal_mean_log1p_CP10K	0.011751798525074172	NA	NA	NA	NA	NA:descriptive only	NA	DONE	DESCRIPTIVE_SOURCE_ONLY	Uhlitz original count matrix and annotation	Uhlitz	ALL	Mast	hsa:23382	8	374	0.011751798525074172	0.009671092160374319	per_cell_log1p_10000_full_gene_UMI_then_donor_mean	0.04321634314510608
COAD	Uhlitz	06_EXTERNAL	20260922T141755Z_source_contract_sc_v2	COAD_source_contract_sc_v2	sc_expression_source	NA	NA	AK3	author_source_donor_label	8	NA	donor_equal_mean_log1p_CP10K	0.19724198110165483	NA	NA	NA	NA	NA:descriptive only	NA	DONE	DESCRIPTIVE_SOURCE_ONLY	Uhlitz original count matrix and annotation	Uhlitz	ALL	Mast	hsa:50808	8	374	0.19724198110165483	0.12531146027467419	per_cell_log1p_10000_full_gene_UMI_then_donor_mean	0.36531905773594303
COAD	Uhlitz	06_EXTERNAL	20260922T141755Z_source_contract_sc_v2	COAD_source_contract_sc_v2	sc_expression_source	NA	NA	AK4	author_source_donor_label	8	NA	donor_equal_mean_log1p_CP10K	0.0072174625598624845	NA	NA	NA	NA	NA:descriptive only	NA	DONE	DESCRIPTIVE_SOURCE_ONLY	Uhlitz original count matrix and annotation	Uhlitz	ALL	Mast	hsa:205	8	374	0.0072174625598624845	0.005436752446538601	per_cell_log1p_10000_full_gene_UMI_then_donor_mean	0.08668512127155109
COAD	Uhlitz	06_EXTERNAL	20260922T141755Z_source_contract_sc_v2	COAD_source_contract_sc_v2	sc_expression_source	NA	NA	AK9	author_source_donor_label	8	NA	donor_equal_mean_log1p_CP10K	0.04043875316916771	NA	NA	NA	NA	NA:descriptive only	NA	DONE	DESCRIPTIVE_SOURCE_ONLY	Uhlitz original count matrix and annotation	Uhlitz	ALL	Mast	hsa:221264	8	374	0.04043875316916771	0.024909004881874586	per_cell_log1p_10000_full_gene_UMI_then_donor_mean	0.4420025608503039
COAD	Uhlitz	06_EXTERNAL	20260922T141755Z_source_contract_sc_v2	COAD_source_contract_sc_v2	sc_expression_source	NA	NA	AKR1A1	author_source_donor_label	8	NA	donor_equal_mean_log1p_CP10K	0.45287193100556933	NA	NA	NA	NA	NA:descriptive only	NA	DONE	DESCRIPTIVE_SOURCE_ONLY	Uhlitz original count matrix and annotation	Uhlitz	ALL	Mast	hsa:10327	8	374	0.45287193100556933	0.27219226394151025	per_cell_log1p_10000_full_gene_UMI_then_donor_mean	0.7231956269542251
COAD	Uhlitz	06_EXTERNAL	20260922T141755Z_source_contract_sc_v2	COAD_source_contract_sc_v2	sc_expression_source	NA	NA	ALDH18A1	author_source_donor_label	8	NA	donor_equal_mean_log1p_CP10K	0.06813541393481637	NA	NA	NA	NA	NA:descriptive only	NA	DONE	DESCRIPTIVE_SOURCE_ONLY	Uhlitz original count matrix and annotation	Uhlitz	ALL	Mast	hsa:5832	8	374	0.06813541393481637	0.04745249057415475	per_cell_log1p_10000_full_gene_UMI_then_donor_mean	0.24882423630060607
COAD	Uhlitz	06_EXTERNAL	20260922T141755Z_source_contract_sc_v2	COAD_source_contract_sc_v2	sc_expression_source	NA	NA	ALDH1B1	author_source_donor_label	8	NA	donor_equal_mean_log1p_CP10K	0.027168098514831436	NA	NA	NA	NA	NA:descriptive only	NA	DONE	DESCRIPTIVE_SOURCE_ONLY	Uhlitz original count matrix and annotation	Uhlitz	ALL	Mast	hsa:219	8	374	0.027168098514831436	0.018665331301059747	per_cell_log1p_10000_full_gene_UMI_then_donor_mean	0.16496452479566562
COAD	Uhlitz	06_EXTERNAL	20260922T141755Z_source_contract_sc_v2	COAD_source_contract_sc_v2	sc_expression_source	NA	NA	ALDH2	author_source_donor_label	8	NA	donor_equal_mean_log1p_CP10K	0.12062454596291708	NA	NA	NA	NA	NA:descriptive only	NA	DONE	DESCRIPTIVE_SOURCE_ONLY	Uhlitz original count matrix and annotation	Uhlitz	ALL	Mast	hsa:217	8	374	0.12062454596291708	0.0843228852846831	per_cell_log1p_10000_full_gene_UMI_then_donor_mean	0.12986721846887672
COAD	Uhlitz	06_EXTERNAL	20260922T141755Z_source_contract_sc_v2	COAD_source_contract_sc_v2	sc_expression_source	NA	NA	ALDH3A1	author_source_donor_label	8	NA	donor_equal_mean_log1p_CP10K	0.0	NA	NA	NA	NA	NA:descriptive only	NA	DONE	DESCRIPTIVE_SOURCE_ONLY	Uhlitz original count matrix and annotation	Uhlitz	ALL	Mast	hsa:218	8	374	0.0	0.0	per_cell_log1p_10000_full_gene_UMI_then_donor_mean	0.0
COAD	Uhlitz	06_EXTERNAL	20260922T141755Z_source_contract_sc_v2	COAD_source_contract_sc_v2	sc_expression_source	NA	NA	ALDH3A2	author_source_donor_label	8	NA	donor_equal_mean_log1p_CP10K	0.055530235704785345	NA	NA	NA	NA	NA:descriptive only	NA	DONE	DESCRIPTIVE_SOURCE_ONLY	Uhlitz original count matrix and annotation	Uhlitz	ALL	Mast	hsa:224	8	374	0.055530235704785345	0.042557858817684376	per_cell_log1p_10000_full_gene_UMI_then_donor_mean	0.24217674019480084
COAD	Uhlitz	06_EXTERNAL	20260922T141755Z_source_contract_sc_v2	COAD_source_contract_sc_v2	sc_expression_source	NA	NA	ALDH3B1	author_source_donor_label	8	NA	donor_equal_mean_log1p_CP10K	0.048419305760621395	NA	NA	NA	NA	NA:descriptive only	NA	DONE	DESCRIPTIVE_SOURCE_ONLY	Uhlitz original count matrix and annotation	Uhlitz	ALL	Mast	hsa:221	8	374	0.048419305760621395	0.036347872334113566	per_cell_log1p_10000_full_gene_UMI_then_donor_mean	0.2934814490781687
COAD	Uhlitz	06_EXTERNAL	20260922T141755Z_source_contract_sc_v2	COAD_source_contract_sc_v2	sc_expression_source	NA	NA	ALDH3B2	author_source_donor_label	8	NA	donor_equal_mean_log1p_CP10K	0.0	NA	NA	NA	NA	NA:descriptive only	NA	DONE	DESCRIPTIVE_SOURCE_ONLY	Uhlitz original count matrix and annotation	Uhlitz	ALL	Mast	hsa:222	8	374	0.0	0.0	per_cell_log1p_10000_full_gene_UMI_then_donor_mean	0.0
COAD	Uhlitz	06_EXTERNAL	20260922T141755Z_source_contract_sc_v2	COAD_source_contract_sc_v2	sc_expression_source	NA	NA	ALDH4A1	author_source_donor_label	8	NA	donor_equal_mean_log1p_CP10K	0.0	NA	NA	NA	NA	NA:descriptive only	NA	DONE	DESCRIPTIVE_SOURCE_ONLY	Uhlitz original count matrix and annotation	Uhlitz	ALL	Mast	hsa:8659	8	374	0.0	0.0	per_cell_log1p_10000_full_gene_UMI_then_donor_mean	0.0
COAD	Uhlitz	06_EXTERNAL	20260922T141755Z_source_contract_sc_v2	COAD_source_contract_sc_v2	sc_expression_source	NA	NA	ALDH5A1	author_source_donor_label	8	NA	donor_equal_mean_log1p_CP10K	0.09420367971223328	NA	NA	NA	NA	NA:descriptive only	NA	DONE	DESCRIPTIVE_SOURCE_ONLY	Uhlitz original count matrix and annotation	Uhlitz	ALL	Mast	hsa:7915	8	374	0.09420367971223328	0.061031148326068055	per_cell_log1p_10000_full_gene_UMI_then_donor_mean	1.0
COAD	Uhlitz	06_EXTERNAL	20260922T141755Z_source_contract_sc_v2	COAD_source_contract_sc_v2	sc_expression_source	NA	NA	ALDH7A1	author_source_donor_label	8	NA	donor_equal_mean_log1p_CP10K	0.0	NA	NA	NA	NA	NA:descriptive only	NA	DONE	DESCRIPTIVE_SOURCE_ONLY	Uhlitz original count matrix and annotation	Uhlitz	ALL	Mast	hsa:501	8	374	0.0	0.0	per_cell_log1p_10000_full_gene_UMI_then_donor_mean	0.0
COAD	Uhlitz	06_EXTERNAL	20260922T141755Z_source_contract_sc_v2	COAD_source_contract_sc_v2	sc_expression_source	NA	NA	ALDH9A1	author_source_donor_label	8	NA	donor_equal_mean_log1p_CP10K	0.11930053843577398	NA	NA	NA	NA	NA:descriptive only	NA	DONE	DESCRIPTIVE_SOURCE_ONLY	Uhlitz original count matrix and annotation	Uhlitz	ALL	Mast	hsa:223	8	374	0.11930053843577398	0.07601318111819091	per_cell_log1p_10000_full_gene_UMI_then_donor_mean	0.24060710540808822
COAD	Uhlitz	06_EXTERNAL	20260922T141755Z_source_contract_sc_v2	COAD_source_contract_sc_v2	sc_expression_source	NA	NA	ALDOA	author_source_donor_label	8	NA	donor_equal_mean_log1p_CP10K	0.0	NA	NA	NA	NA	NA:descriptive only	NA	DONE	DESCRIPTIVE_SOURCE_ONLY	Uhlitz original count matrix and annotation	Uhlitz	ALL	Mast	hsa:226	8	374	0.0	0.0	per_cell_log1p_10000_full_gene_UMI_then_donor_mean	0.0
COAD	Uhlitz	06_EXTERNAL	20260922T141755Z_source_contract_sc_v2	COAD_source_contract_sc_v2	sc_expression_source	NA	NA	ADSL	author_source_donor_label	12	NA	donor_equal_mean_log1p_CP10K	0.0010758048353892355	NA	NA	NA	NA	NA:descriptive only	NA	DONE	DESCRIPTIVE_SOURCE_ONLY	Uhlitz original count matrix and annotation	Uhlitz	ALL	Monocyte	hsa:158	12	2980	0.0010758048353892355	0.001113925154896407	per_cell_log1p_10000_full_gene_UMI_then_donor_mean	0.5793895087094231
COAD	Uhlitz	06_EXTERNAL	20260922T141755Z_source_contract_sc_v2	COAD_source_contract_sc_v2	sc_expression_source	NA	NA	ADSS1	author_source_donor_label	12	NA	donor_equal_mean_log1p_CP10K	NA	NA	NA	NA	NA	NA:descriptive only	NA	NOT_EVALUABLE	GENE_MISSING_OR_IDENTITY_HOLD	Uhlitz original count matrix and annotation	Uhlitz	ALL	Monocyte	hsa:122622	12	2980	NA	NA	per_cell_log1p_10000_full_gene_UMI_then_donor_mean	NA
COAD	Uhlitz	06_EXTERNAL	20260922T141755Z_source_contract_sc_v2	COAD_source_contract_sc_v2	sc_expression_source	NA	NA	ADSS2	author_source_donor_label	12	NA	donor_equal_mean_log1p_CP10K	0.18055814147656798	NA	NA	NA	NA	NA:descriptive only	NA	DONE	DESCRIPTIVE_SOURCE_ONLY	Uhlitz original count matrix and annotation	Uhlitz	ALL	Monocyte	hsa:159	12	2980	0.18055814147656798	0.20290194167952344	per_cell_log1p_10000_full_gene_UMI_then_donor_mean	0.6240567541688636
COAD	Uhlitz	06_EXTERNAL	20260922T141755Z_source_contract_sc_v2	COAD_source_contract_sc_v2	sc_expression_source	NA	NA	AFMID	author_source_donor_label	12	NA	donor_equal_mean_log1p_CP10K	0.09384739445399952	NA	NA	NA	NA	NA:descriptive only	NA	DONE	DESCRIPTIVE_SOURCE_ONLY	Uhlitz original count matrix and annotation	Uhlitz	ALL	Monocyte	hsa:125061	12	2980	0.09384739445399952	0.10223723173175368	per_cell_log1p_10000_full_gene_UMI_then_donor_mean	0.6084238459040187
COAD	Uhlitz	06_EXTERNAL	20260922T141755Z_source_contract_sc_v2	COAD_source_contract_sc_v2	sc_expression_source	NA	NA	AGMAT	author_source_donor_label	12	NA	donor_equal_mean_log1p_CP10K	0.003916894555223353	NA	NA	NA	NA	NA:descriptive only	NA	DONE	DESCRIPTIVE_SOURCE_ONLY	Uhlitz original count matrix and annotation	Uhlitz	ALL	Monocyte	hsa:79814	12	2980	0.003916894555223353	0.00572421654243948	per_cell_log1p_10000_full_gene_UMI_then_donor_mean	0.04448584662421607
COAD	Uhlitz	06_EXTERNAL	20260922T141755Z_source_contract_sc_v2	COAD_source_contract_sc_v2	sc_expression_source	NA	NA	AGXT	author_source_donor_label	12	NA	donor_equal_mean_log1p_CP10K	0.0	NA	NA	NA	NA	NA:descriptive only	NA	DONE	DESCRIPTIVE_SOURCE_ONLY	Uhlitz original count matrix and annotation	Uhlitz	ALL	Monocyte	hsa:189	12	2980	0.0	0.0	per_cell_log1p_10000_full_gene_UMI_then_donor_mean	0.0
COAD	Uhlitz	06_EXTERNAL	20260922T141755Z_source_contract_sc_v2	COAD_source_contract_sc_v2	sc_expression_source	NA	NA	AGXT2	author_source_donor_label	12	NA	donor_equal_mean_log1p_CP10K	NA	NA	NA	NA	NA	NA:descriptive only	NA	NOT_EVALUABLE	GENE_MISSING_OR_IDENTITY_HOLD	Uhlitz original count matrix and annotation	Uhlitz	ALL	Monocyte	hsa:64902	12	2980	NA	NA	per_cell_log1p_10000_full_gene_UMI_then_donor_mean	NA
COAD	Uhlitz	06_EXTERNAL	20260922T141755Z_source_contract_sc_v2	COAD_source_contract_sc_v2	sc_expression_source	NA	NA	AHCY	author_source_donor_label	12	NA	donor_equal_mean_log1p_CP10K	0.23911984810015155	NA	NA	NA	NA	NA:descriptive only	NA	DONE	DESCRIPTIVE_SOURCE_ONLY	Uhlitz original count matrix and annotation	Uhlitz	ALL	Monocyte	hsa:191	12	2980	0.23911984810015155	0.26506093417958326	per_cell_log1p_10000_full_gene_UMI_then_donor_mean	0.5644752170752669
COAD	Uhlitz	06_EXTERNAL	20260922T141755Z_source_contract_sc_v2	COAD_source_contract_sc_v2	sc_expression_source	NA	NA	AHCYL1	author_source_donor_label	12	NA	donor_equal_mean_log1p_CP10K	0.5518116466237358	NA	NA	NA	NA	NA:descriptive only	NA	DONE	DESCRIPTIVE_SOURCE_ONLY	Uhlitz original count matrix and annotation	Uhlitz	ALL	Monocyte	hsa:10768	12	2980	0.5518116466237358	0.4686182770604012	per_cell_log1p_10000_full_gene_UMI_then_donor_mean	0.6481958048727433
COAD	Uhlitz	06_EXTERNAL	20260922T141755Z_source_contract_sc_v2	COAD_source_contract_sc_v2	sc_expression_source	NA	NA	AHCYL2	author_source_donor_label	12	NA	donor_equal_mean_log1p_CP10K	0.04255848166093403	NA	NA	NA	NA	NA:descriptive only	NA	DONE	DESCRIPTIVE_SOURCE_ONLY	Uhlitz original count matrix and annotation	Uhlitz	ALL	Monocyte	hsa:23382	12	2980	0.04255848166093403	0.05026261165734952	per_cell_log1p_10000_full_gene_UMI_then_donor_mean	0.15650557174456245
COAD	Uhlitz	06_EXTERNAL	20260922T141755Z_source_contract_sc_v2	COAD_source_contract_sc_v2	sc_expression_source	NA	NA	AK3	author_source_donor_label	12	NA	donor_equal_mean_log1p_CP10K	0.16966378368551702	NA	NA	NA	NA	NA:descriptive only	NA	DONE	DESCRIPTIVE_SOURCE_ONLY	Uhlitz original count matrix and annotation	Uhlitz	ALL	Monocyte	hsa:50808	12	2980	0.16966378368551702	0.18745119202582824	per_cell_log1p_10000_full_gene_UMI_then_donor_mean	0.3142404737658961
COAD	Uhlitz	06_EXTERNAL	20260922T141755Z_source_contract_sc_v2	COAD_source_contract_sc_v2	sc_expression_source	NA	NA	AK4	author_source_donor_label	12	NA	donor_equal_mean_log1p_CP10K	0.02711887938791187	NA	NA	NA	NA	NA:descriptive only	NA	DONE	DESCRIPTIVE_SOURCE_ONLY	Uhlitz original count matrix and annotation	Uhlitz	ALL	Monocyte	hsa:205	12	2980	0.02711887938791187	0.02774516064038049	per_cell_log1p_10000_full_gene_UMI_then_donor_mean	0.3257105013004071
COAD	Uhlitz	06_EXTERNAL	20260922T141755Z_source_contract_sc_v2	COAD_source_contract_sc_v2	sc_expression_source	NA	NA	AK9	author_source_donor_label	12	NA	donor_equal_mean_log1p_CP10K	0.02169626836563177	NA	NA	NA	NA	NA:descriptive only	NA	DONE	DESCRIPTIVE_SOURCE_ONLY	Uhlitz original count matrix and annotation	Uhlitz	ALL	Monocyte	hsa:221264	12	2980	0.02169626836563177	0.024738522303548838	per_cell_log1p_10000_full_gene_UMI_then_donor_mean	0.23714396283158262
COAD	Uhlitz	06_EXTERNAL	20260922T141755Z_source_contract_sc_v2	COAD_source_contract_sc_v2	sc_expression_source	NA	NA	AKR1A1	author_source_donor_label	12	NA	donor_equal_mean_log1p_CP10K	0.6262094433740732	NA	NA	NA	NA	NA:descriptive only	NA	DONE	DESCRIPTIVE_SOURCE_ONLY	Uhlitz original count matrix and annotation	Uhlitz	ALL	Monocyte	hsa:10327	12	2980	0.6262094433740732	0.4911548861533735	per_cell_log1p_10000_full_gene_UMI_then_donor_mean	1.0
COAD	Uhlitz	06_EXTERNAL	20260922T141755Z_source_contract_sc_v2	COAD_source_contract_sc_v2	sc_expression_source	NA	NA	ALDH18A1	author_source_donor_label	12	NA	donor_equal_mean_log1p_CP10K	0.05955621667293828	NA	NA	NA	NA	NA:descriptive only	NA	DONE	DESCRIPTIVE_SOURCE_ONLY	Uhlitz original count matrix and annotation	Uhlitz	ALL	Monocyte	hsa:5832	12	2980	0.05955621667293828	0.07184283479093963	per_cell_log1p_10000_full_gene_UMI_then_donor_mean	0.21749380057739606
COAD	Uhlitz	06_EXTERNAL	20260922T141755Z_source_contract_sc_v2	COAD_source_contract_sc_v2	sc_expression_source	NA	NA	ALDH1B1	author_source_donor_label	12	NA	donor_equal_mean_log1p_CP10K	0.03036410119298859	NA	NA	NA	NA	NA:descriptive only	NA	DONE	DESCRIPTIVE_SOURCE_ONLY	Uhlitz original count matrix and annotation	Uhlitz	ALL	Monocyte	hsa:219	12	2980	0.03036410119298859	0.03706907064486918	per_cell_log1p_10000_full_gene_UMI_then_donor_mean	0.18437063313114743
COAD	Uhlitz	06_EXTERNAL	20260922T141755Z_source_contract_sc_v2	COAD_source_contract_sc_v2	sc_expression_source	NA	NA	ALDH2	author_source_donor_label	12	NA	donor_equal_mean_log1p_CP10K	0.9288298262261251	NA	NA	NA	NA	NA:descriptive only	NA	DONE	DESCRIPTIVE_SOURCE_ONLY	Uhlitz original count matrix and annotation	Uhlitz	ALL	Monocyte	hsa:217	12	2980	0.9288298262261251	0.6166768639133782	per_cell_log1p_10000_full_gene_UMI_then_donor_mean	1.0
COAD	Uhlitz	06_EXTERNAL	20260922T141755Z_source_contract_sc_v2	COAD_source_contract_sc_v2	sc_expression_source	NA	NA	ALDH3A1	author_source_donor_label	12	NA	donor_equal_mean_log1p_CP10K	0.0015271605489599928	NA	NA	NA	NA	NA:descriptive only	NA	DONE	DESCRIPTIVE_SOURCE_ONLY	Uhlitz original count matrix and annotation	Uhlitz	ALL	Monocyte	hsa:218	12	2980	0.0015271605489599928	0.0016756074671132215	per_cell_log1p_10000_full_gene_UMI_then_donor_mean	0.041801097920663964
COAD	Uhlitz	06_EXTERNAL	20260922T141755Z_source_contract_sc_v2	COAD_source_contract_sc_v2	sc_expression_source	NA	NA	ALDH3A2	author_source_donor_label	12	NA	donor_equal_mean_log1p_CP10K	0.14038499550805608	NA	NA	NA	NA	NA:descriptive only	NA	DONE	DESCRIPTIVE_SOURCE_ONLY	Uhlitz original count matrix and annotation	Uhlitz	ALL	Monocyte	hsa:224	12	2980	0.14038499550805608	0.15582435980189405	per_cell_log1p_10000_full_gene_UMI_then_donor_mean	0.6122426846006166
COAD	Uhlitz	06_EXTERNAL	20260922T141755Z_source_contract_sc_v2	COAD_source_contract_sc_v2	sc_expression_source	NA	NA	ALDH3B1	author_source_donor_label	12	NA	donor_equal_mean_log1p_CP10K	0.16498250881855517	NA	NA	NA	NA	NA:descriptive only	NA	DONE	DESCRIPTIVE_SOURCE_ONLY	Uhlitz original count matrix and annotation	Uhlitz	ALL	Monocyte	hsa:221	12	2980	0.16498250881855517	0.1840743835842411	per_cell_log1p_10000_full_gene_UMI_then_donor_mean	1.0
COAD	Uhlitz	06_EXTERNAL	20260922T141755Z_source_contract_sc_v2	COAD_source_contract_sc_v2	sc_expression_source	NA	NA	ALDH3B2	author_source_donor_label	12	NA	donor_equal_mean_log1p_CP10K	0.0	NA	NA	NA	NA	NA:descriptive only	NA	DONE	DESCRIPTIVE_SOURCE_ONLY	Uhlitz original count matrix and annotation	Uhlitz	ALL	Monocyte	hsa:222	12	2980	0.0	0.0	per_cell_log1p_10000_full_gene_UMI_then_donor_mean	0.0
COAD	Uhlitz	06_EXTERNAL	20260922T141755Z_source_contract_sc_v2	COAD_source_contract_sc_v2	sc_expression_source	NA	NA	ALDH4A1	author_source_donor_label	12	NA	donor_equal_mean_log1p_CP10K	0.0011753108583378137	NA	NA	NA	NA	NA:descriptive only	NA	DONE	DESCRIPTIVE_SOURCE_ONLY	Uhlitz original count matrix and annotation	Uhlitz	ALL	Monocyte	hsa:8659	12	2980	0.0011753108583378137	0.0015060738099953784	per_cell_log1p_10000_full_gene_UMI_then_donor_mean	0.7654728207661748
COAD	Uhlitz	06_EXTERNAL	20260922T141755Z_source_contract_sc_v2	COAD_source_contract_sc_v2	sc_expression_source	NA	NA	ALDH5A1	author_source_donor_label	12	NA	donor_equal_mean_log1p_CP10K	0.016658588502028036	NA	NA	NA	NA	NA:descriptive only	NA	DONE	DESCRIPTIVE_SOURCE_ONLY	Uhlitz original count matrix and annotation	Uhlitz	ALL	Monocyte	hsa:7915	12	2980	0.016658588502028036	0.01948671551442659	per_cell_log1p_10000_full_gene_UMI_then_donor_mean	0.1768358577171878
COAD	Uhlitz	06_EXTERNAL	20260922T141755Z_source_contract_sc_v2	COAD_source_contract_sc_v2	sc_expression_source	NA	NA	ALDH7A1	author_source_donor_label	12	NA	donor_equal_mean_log1p_CP10K	0.02475014109006286	NA	NA	NA	NA	NA:descriptive only	NA	DONE	DESCRIPTIVE_SOURCE_ONLY	Uhlitz original count matrix and annotation	Uhlitz	ALL	Monocyte	hsa:501	12	2980	0.02475014109006286	0.03296198682067144	per_cell_log1p_10000_full_gene_UMI_then_donor_mean	0.232287290891806
COAD	Uhlitz	06_EXTERNAL	20260922T141755Z_source_contract_sc_v2	COAD_source_contract_sc_v2	sc_expression_source	NA	NA	ALDH9A1	author_source_donor_label	12	NA	donor_equal_mean_log1p_CP10K	0.24018099715385013	NA	NA	NA	NA	NA:descriptive only	NA	DONE	DESCRIPTIVE_SOURCE_ONLY	Uhlitz original count matrix and annotation	Uhlitz	ALL	Monocyte	hsa:223	12	2980	0.24018099715385013	0.2564298963848719	per_cell_log1p_10000_full_gene_UMI_then_donor_mean	0.48440061760766745
COAD	Uhlitz	06_EXTERNAL	20260922T141755Z_source_contract_sc_v2	COAD_source_contract_sc_v2	sc_expression_source	NA	NA	ALDOA	author_source_donor_label	12	NA	donor_equal_mean_log1p_CP10K	0.024848607609341062	NA	NA	NA	NA	NA:descriptive only	NA	DONE	DESCRIPTIVE_SOURCE_ONLY	Uhlitz original count matrix and annotation	Uhlitz	ALL	Monocyte	hsa:226	12	2980	0.024848607609341062	0.030608801750237502	per_cell_log1p_10000_full_gene_UMI_then_donor_mean	0.704524229245894
COAD	Uhlitz	06_EXTERNAL	20260922T141755Z_source_contract_sc_v2	COAD_source_contract_sc_v2	sc_expression_source	NA	NA	ADSL	author_source_donor_label	5	NA	donor_equal_mean_log1p_CP10K	0.001856790327090245	NA	NA	NA	NA	NA:descriptive only	NA	DONE	DESCRIPTIVE_SOURCE_ONLY	Uhlitz original count matrix and annotation	Uhlitz	ALL	Pericytes	hsa:158	5	199	0.001856790327090245	0.004	per_cell_log1p_10000_full_gene_UMI_then_donor_mean	1.0
COAD	Uhlitz	06_EXTERNAL	20260922T141755Z_source_contract_sc_v2	COAD_source_contract_sc_v2	sc_expression_source	NA	NA	ADSS1	author_source_donor_label	5	NA	donor_equal_mean_log1p_CP10K	NA	NA	NA	NA	NA	NA:descriptive only	NA	NOT_EVALUABLE	GENE_MISSING_OR_IDENTITY_HOLD	Uhlitz original count matrix and annotation	Uhlitz	ALL	Pericytes	hsa:122622	5	199	NA	NA	per_cell_log1p_10000_full_gene_UMI_then_donor_mean	NA
COAD	Uhlitz	06_EXTERNAL	20260922T141755Z_source_contract_sc_v2	COAD_source_contract_sc_v2	sc_expression_source	NA	NA	ADSS2	author_source_donor_label	5	NA	donor_equal_mean_log1p_CP10K	0.1377182083879422	NA	NA	NA	NA	NA:descriptive only	NA	DONE	DESCRIPTIVE_SOURCE_ONLY	Uhlitz original count matrix and annotation	Uhlitz	ALL	Pericytes	hsa:159	5	199	0.1377182083879422	0.15518831734960767	per_cell_log1p_10000_full_gene_UMI_then_donor_mean	0.4759906001119525
COAD	Uhlitz	06_EXTERNAL	20260922T141755Z_source_contract_sc_v2	COAD_source_contract_sc_v2	sc_expression_source	NA	NA	AFMID	author_source_donor_label	5	NA	donor_equal_mean_log1p_CP10K	0.09800724379641985	NA	NA	NA	NA	NA:descriptive only	NA	DONE	DESCRIPTIVE_SOURCE_ONLY	Uhlitz original count matrix and annotation	Uhlitz	ALL	Pericytes	hsa:125061	5	199	0.09800724379641985	0.11268933449578611	per_cell_log1p_10000_full_gene_UMI_then_donor_mean	0.6353926450914829
COAD	Uhlitz	06_EXTERNAL	20260922T141755Z_source_contract_sc_v2	COAD_source_contract_sc_v2	sc_expression_source	NA	NA	AGMAT	author_source_donor_label	5	NA	donor_equal_mean_log1p_CP10K	0.028341080572306176	NA	NA	NA	NA	NA:descriptive only	NA	DONE	DESCRIPTIVE_SOURCE_ONLY	Uhlitz original count matrix and annotation	Uhlitz	ALL	Pericytes	hsa:79814	5	199	0.028341080572306176	0.021036036036036036	per_cell_log1p_10000_full_gene_UMI_then_donor_mean	0.3218817728506053
COAD	Uhlitz	06_EXTERNAL	20260922T141755Z_source_contract_sc_v2	COAD_source_contract_sc_v2	sc_expression_source	NA	NA	AGXT	author_source_donor_label	5	NA	donor_equal_mean_log1p_CP10K	0.0	NA	NA	NA	NA	NA:descriptive only	NA	DONE	DESCRIPTIVE_SOURCE_ONLY	Uhlitz original count matrix and annotation	Uhlitz	ALL	Pericytes	hsa:189	5	199	0.0	0.0	per_cell_log1p_10000_full_gene_UMI_then_donor_mean	0.0
COAD	Uhlitz	06_EXTERNAL	20260922T141755Z_source_contract_sc_v2	COAD_source_contract_sc_v2	sc_expression_source	NA	NA	AGXT2	author_source_donor_label	5	NA	donor_equal_mean_log1p_CP10K	NA	NA	NA	NA	NA	NA:descriptive only	NA	NOT_EVALUABLE	GENE_MISSING_OR_IDENTITY_HOLD	Uhlitz original count matrix and annotation	Uhlitz	ALL	Pericytes	hsa:64902	5	199	NA	NA	per_cell_log1p_10000_full_gene_UMI_then_donor_mean	NA
COAD	Uhlitz	06_EXTERNAL	20260922T141755Z_source_contract_sc_v2	COAD_source_contract_sc_v2	sc_expression_source	NA	NA	AHCY	author_source_donor_label	5	NA	donor_equal_mean_log1p_CP10K	0.26903399549056184	NA	NA	NA	NA	NA:descriptive only	NA	DONE	DESCRIPTIVE_SOURCE_ONLY	Uhlitz original count matrix and annotation	Uhlitz	ALL	Pericytes	hsa:191	5	199	0.26903399549056184	0.2791761115954664	per_cell_log1p_10000_full_gene_UMI_then_donor_mean	0.6350916672611631
COAD	Uhlitz	06_EXTERNAL	20260922T141755Z_source_contract_sc_v2	COAD_source_contract_sc_v2	sc_expression_source	NA	NA	AHCYL1	author_source_donor_label	5	NA	donor_equal_mean_log1p_CP10K	0.6788490560701463	NA	NA	NA	NA	NA:descriptive only	NA	DONE	DESCRIPTIVE_SOURCE_ONLY	Uhlitz original count matrix and annotation	Uhlitz	ALL	Pericytes	hsa:10768	5	199	0.6788490560701463	0.5411650682941005	per_cell_log1p_10000_full_gene_UMI_then_donor_mean	0.7974226585806953
COAD	Uhlitz	06_EXTERNAL	20260922T141755Z_source_contract_sc_v2	COAD_source_contract_sc_v2	sc_expression_source	NA	NA	AHCYL2	author_source_donor_label	5	NA	donor_equal_mean_log1p_CP10K	0.05167397819117796	NA	NA	NA	NA	NA:descriptive only	NA	DONE	DESCRIPTIVE_SOURCE_ONLY	Uhlitz original count matrix and annotation	Uhlitz	ALL	Pericytes	hsa:23382	5	199	0.05167397819117796	0.04196512641673932	per_cell_log1p_10000_full_gene_UMI_then_donor_mean	0.19002711528945235
COAD	Uhlitz	06_EXTERNAL	20260922T141755Z_source_contract_sc_v2	COAD_source_contract_sc_v2	sc_expression_source	NA	NA	AK3	author_source_donor_label	5	NA	donor_equal_mean_log1p_CP10K	0.4930565348662184	NA	NA	NA	NA	NA:descriptive only	NA	DONE	DESCRIPTIVE_SOURCE_ONLY	Uhlitz original count matrix and annotation	Uhlitz	ALL	Pericytes	hsa:50808	5	199	0.4930565348662184	0.4266907875617553	per_cell_log1p_10000_full_gene_UMI_then_donor_mean	0.9132079678060224
COAD	Uhlitz	06_EXTERNAL	20260922T141755Z_source_contract_sc_v2	COAD_source_contract_sc_v2	sc_expression_source	NA	NA	AK4	author_source_donor_label	5	NA	donor_equal_mean_log1p_CP10K	0.03943410913432102	NA	NA	NA	NA	NA:descriptive only	NA	DONE	DESCRIPTIVE_SOURCE_ONLY	Uhlitz original count matrix and annotation	Uhlitz	ALL	Pericytes	hsa:205	5	199	0.03943410913432102	0.05316129032258064	per_cell_log1p_10000_full_gene_UMI_then_donor_mean	0.4736222050605784
COAD	Uhlitz	06_EXTERNAL	20260922T141755Z_source_contract_sc_v2	COAD_source_contract_sc_v2	sc_expression_source	NA	NA	AK9	author_source_donor_label	5	NA	donor_equal_mean_log1p_CP10K	0.010558282571772212	NA	NA	NA	NA	NA:descriptive only	NA	DONE	DESCRIPTIVE_SOURCE_ONLY	Uhlitz original count matrix and annotation	Uhlitz	ALL	Pericytes	hsa:221264	5	199	0.010558282571772212	0.010810810810810811	per_cell_log1p_10000_full_gene_UMI_then_donor_mean	0.11540385321431253
COAD	Uhlitz	06_EXTERNAL	20260922T141755Z_source_contract_sc_v2	COAD_source_contract_sc_v2	sc_expression_source	NA	NA	AKR1A1	author_source_donor_label	5	NA	donor_equal_mean_log1p_CP10K	0.3470147239683308	NA	NA	NA	NA	NA:descriptive only	NA	DONE	DESCRIPTIVE_SOURCE_ONLY	Uhlitz original count matrix and annotation	Uhlitz	ALL	Pericytes	hsa:10327	5	199	0.3470147239683308	0.3298945074106364	per_cell_log1p_10000_full_gene_UMI_then_donor_mean	0.5541512151247416
COAD	Uhlitz	06_EXTERNAL	20260922T141755Z_source_contract_sc_v2	COAD_source_contract_sc_v2	sc_expression_source	NA	NA	ALDH18A1	author_source_donor_label	5	NA	donor_equal_mean_log1p_CP10K	0.11653452221131147	NA	NA	NA	NA	NA:descriptive only	NA	DONE	DESCRIPTIVE_SOURCE_ONLY	Uhlitz original count matrix and annotation	Uhlitz	ALL	Pericytes	hsa:5832	5	199	0.11653452221131147	0.14332112757919208	per_cell_log1p_10000_full_gene_UMI_then_donor_mean	0.42557330787813247
COAD	Uhlitz	06_EXTERNAL	20260922T141755Z_source_contract_sc_v2	COAD_source_contract_sc_v2	sc_expression_source	NA	NA	ALDH1B1	author_source_donor_label	5	NA	donor_equal_mean_log1p_CP10K	0.08422908333702316	NA	NA	NA	NA	NA:descriptive only	NA	DONE	DESCRIPTIVE_SOURCE_ONLY	Uhlitz original count matrix and annotation	Uhlitz	ALL	Pericytes	hsa:219	5	199	0.08422908333702316	0.09435600116245277	per_cell_log1p_10000_full_gene_UMI_then_donor_mean	0.5114384688748528
COAD	Uhlitz	06_EXTERNAL	20260922T141755Z_source_contract_sc_v2	COAD_source_contract_sc_v2	sc_expression_source	NA	NA	ALDH2	author_source_donor_label	5	NA	donor_equal_mean_log1p_CP10K	0.18805828839521652	NA	NA	NA	NA	NA:descriptive only	NA	DONE	DESCRIPTIVE_SOURCE_ONLY	Uhlitz original count matrix and annotation	Uhlitz	ALL	Pericytes	hsa:217	5	199	0.18805828839521652	0.18791688462656206	per_cell_log1p_10000_full_gene_UMI_then_donor_mean	0.2024679689274248
COAD	Uhlitz	06_EXTERNAL	20260922T141755Z_source_contract_sc_v2	COAD_source_contract_sc_v2	sc_expression_source	NA	NA	ALDH3A1	author_source_donor_label	5	NA	donor_equal_mean_log1p_CP10K	0.0	NA	NA	NA	NA	NA:descriptive only	NA	DONE	DESCRIPTIVE_SOURCE_ONLY	Uhlitz original count matrix and annotation	Uhlitz	ALL	Pericytes	hsa:218	5	199	0.0	0.0	per_cell_log1p_10000_full_gene_UMI_then_donor_mean	0.0
COAD	Uhlitz	06_EXTERNAL	20260922T141755Z_source_contract_sc_v2	COAD_source_contract_sc_v2	sc_expression_source	NA	NA	ALDH3A2	author_source_donor_label	5	NA	donor_equal_mean_log1p_CP10K	0.08659213138408076	NA	NA	NA	NA	NA:descriptive only	NA	DONE	DESCRIPTIVE_SOURCE_ONLY	Uhlitz original count matrix and annotation	Uhlitz	ALL	Pericytes	hsa:224	5	199	0.08659213138408076	0.08446410927056089	per_cell_log1p_10000_full_gene_UMI_then_donor_mean	0.37764291541282685
COAD	Uhlitz	06_EXTERNAL	20260922T141755Z_source_contract_sc_v2	COAD_source_contract_sc_v2	sc_expression_source	NA	NA	ALDH3B1	author_source_donor_label	5	NA	donor_equal_mean_log1p_CP10K	0.043907576266240964	NA	NA	NA	NA	NA:descriptive only	NA	DONE	DESCRIPTIVE_SOURCE_ONLY	Uhlitz original count matrix and annotation	Uhlitz	ALL	Pericytes	hsa:221	5	199	0.043907576266240964	0.03855972101133392	per_cell_log1p_10000_full_gene_UMI_then_donor_mean	0.26613473501321094
COAD	Uhlitz	06_EXTERNAL	20260922T141755Z_source_contract_sc_v2	COAD_source_contract_sc_v2	sc_expression_source	NA	NA	ALDH3B2	author_source_donor_label	5	NA	donor_equal_mean_log1p_CP10K	0.0	NA	NA	NA	NA	NA:descriptive only	NA	DONE	DESCRIPTIVE_SOURCE_ONLY	Uhlitz original count matrix and annotation	Uhlitz	ALL	Pericytes	hsa:222	5	199	0.0	0.0	per_cell_log1p_10000_full_gene_UMI_then_donor_mean	0.0
COAD	Uhlitz	06_EXTERNAL	20260922T141755Z_source_contract_sc_v2	COAD_source_contract_sc_v2	sc_expression_source	NA	NA	ALDH4A1	author_source_donor_label	5	NA	donor_equal_mean_log1p_CP10K	0.0	NA	NA	NA	NA	NA:descriptive only	NA	DONE	DESCRIPTIVE_SOURCE_ONLY	Uhlitz original count matrix and annotation	Uhlitz	ALL	Pericytes	hsa:8659	5	199	0.0	0.0	per_cell_log1p_10000_full_gene_UMI_then_donor_mean	0.0
COAD	Uhlitz	06_EXTERNAL	20260922T141755Z_source_contract_sc_v2	COAD_source_contract_sc_v2	sc_expression_source	NA	NA	ALDH5A1	author_source_donor_label	5	NA	donor_equal_mean_log1p_CP10K	0.04994731829203057	NA	NA	NA	NA	NA:descriptive only	NA	DONE	DESCRIPTIVE_SOURCE_ONLY	Uhlitz original count matrix and annotation	Uhlitz	ALL	Pericytes	hsa:7915	5	199	0.04994731829203057	0.03985701830863121	per_cell_log1p_10000_full_gene_UMI_then_donor_mean	0.5302055975372307
COAD	Uhlitz	06_EXTERNAL	20260922T141755Z_source_contract_sc_v2	COAD_source_contract_sc_v2	sc_expression_source	NA	NA	ALDH7A1	author_source_donor_label	5	NA	donor_equal_mean_log1p_CP10K	0.07623116231037817	NA	NA	NA	NA	NA:descriptive only	NA	DONE	DESCRIPTIVE_SOURCE_ONLY	Uhlitz original count matrix and annotation	Uhlitz	ALL	Pericytes	hsa:501	5	199	0.07623116231037817	0.09637169427492008	per_cell_log1p_10000_full_gene_UMI_then_donor_mean	0.7154516861207253
COAD	Uhlitz	06_EXTERNAL	20260922T141755Z_source_contract_sc_v2	COAD_source_contract_sc_v2	sc_expression_source	NA	NA	ALDH9A1	author_source_donor_label	5	NA	donor_equal_mean_log1p_CP10K	0.29089357687558015	NA	NA	NA	NA	NA:descriptive only	NA	DONE	DESCRIPTIVE_SOURCE_ONLY	Uhlitz original count matrix and annotation	Uhlitz	ALL	Pericytes	hsa:223	5	199	0.29089357687558015	0.29409386806161	per_cell_log1p_10000_full_gene_UMI_then_donor_mean	0.5866785048209869
COAD	Uhlitz	06_EXTERNAL	20260922T141755Z_source_contract_sc_v2	COAD_source_contract_sc_v2	sc_expression_source	NA	NA	ALDOA	author_source_donor_label	5	NA	donor_equal_mean_log1p_CP10K	0.016798186636000613	NA	NA	NA	NA	NA:descriptive only	NA	DONE	DESCRIPTIVE_SOURCE_ONLY	Uhlitz original count matrix and annotation	Uhlitz	ALL	Pericytes	hsa:226	5	199	0.016798186636000613	0.022702702702702703	per_cell_log1p_10000_full_gene_UMI_then_donor_mean	0.47627334611731437
COAD	Uhlitz	06_EXTERNAL	20260922T141755Z_source_contract_sc_v2	COAD_source_contract_sc_v2	sc_expression_source	NA	NA	ADSL	author_source_donor_label	11	NA	donor_equal_mean_log1p_CP10K	0.00015236527364104565	NA	NA	NA	NA	NA:descriptive only	NA	DONE	DESCRIPTIVE_SOURCE_ONLY	Uhlitz original count matrix and annotation	Uhlitz	ALL	Plasma	hsa:158	11	6583	0.00015236527364104565	0.0002821596238636739	per_cell_log1p_10000_full_gene_UMI_then_donor_mean	0.08205841629936407
COAD	Uhlitz	06_EXTERNAL	20260922T141755Z_source_contract_sc_v2	COAD_source_contract_sc_v2	sc_expression_source	NA	NA	ADSS1	author_source_donor_label	11	NA	donor_equal_mean_log1p_CP10K	NA	NA	NA	NA	NA	NA:descriptive only	NA	NOT_EVALUABLE	GENE_MISSING_OR_IDENTITY_HOLD	Uhlitz original count matrix and annotation	Uhlitz	ALL	Plasma	hsa:122622	11	6583	NA	NA	per_cell_log1p_10000_full_gene_UMI_then_donor_mean	NA
COAD	Uhlitz	06_EXTERNAL	20260922T141755Z_source_contract_sc_v2	COAD_source_contract_sc_v2	sc_expression_source	NA	NA	ADSS2	author_source_donor_label	11	NA	donor_equal_mean_log1p_CP10K	0.0602369538790801	NA	NA	NA	NA	NA:descriptive only	NA	DONE	DESCRIPTIVE_SOURCE_ONLY	Uhlitz original count matrix and annotation	Uhlitz	ALL	Plasma	hsa:159	11	6583	0.0602369538790801	0.0929939657823058	per_cell_log1p_10000_full_gene_UMI_then_donor_mean	0.20819486516301294
COAD	Uhlitz	06_EXTERNAL	20260922T141755Z_source_contract_sc_v2	COAD_source_contract_sc_v2	sc_expression_source	NA	NA	AFMID	author_source_donor_label	11	NA	donor_equal_mean_log1p_CP10K	0.04520852211250476	NA	NA	NA	NA	NA:descriptive only	NA	DONE	DESCRIPTIVE_SOURCE_ONLY	Uhlitz original count matrix and annotation	Uhlitz	ALL	Plasma	hsa:125061	11	6583	0.04520852211250476	0.06386350573851077	per_cell_log1p_10000_full_gene_UMI_then_donor_mean	0.2930922382166866
COAD	Uhlitz	06_EXTERNAL	20260922T141755Z_source_contract_sc_v2	COAD_source_contract_sc_v2	sc_expression_source	NA	NA	AGMAT	author_source_donor_label	11	NA	donor_equal_mean_log1p_CP10K	0.005352467220461166	NA	NA	NA	NA	NA:descriptive only	NA	DONE	DESCRIPTIVE_SOURCE_ONLY	Uhlitz original count matrix and annotation	Uhlitz	ALL	Plasma	hsa:79814	11	6583	0.005352467220461166	0.009705990236169965	per_cell_log1p_10000_full_gene_UMI_then_donor_mean	0.06079025934283854
COAD	Uhlitz	06_EXTERNAL	20260922T141755Z_source_contract_sc_v2	COAD_source_contract_sc_v2	sc_expression_source	NA	NA	AGXT	author_source_donor_label	11	NA	donor_equal_mean_log1p_CP10K	0.0001644522839457413	NA	NA	NA	NA	NA:descriptive only	NA	DONE	DESCRIPTIVE_SOURCE_ONLY	Uhlitz original count matrix and annotation	Uhlitz	ALL	Plasma	hsa:189	11	6583	0.0001644522839457413	0.00035753902826071894	per_cell_log1p_10000_full_gene_UMI_then_donor_mean	0.015675581871052943
COAD	Uhlitz	06_EXTERNAL	20260922T141755Z_source_contract_sc_v2	COAD_source_contract_sc_v2	sc_expression_source	NA	NA	AGXT2	author_source_donor_label	11	NA	donor_equal_mean_log1p_CP10K	NA	NA	NA	NA	NA	NA:descriptive only	NA	NOT_EVALUABLE	GENE_MISSING_OR_IDENTITY_HOLD	Uhlitz original count matrix and annotation	Uhlitz	ALL	Plasma	hsa:64902	11	6583	NA	NA	per_cell_log1p_10000_full_gene_UMI_then_donor_mean	NA
COAD	Uhlitz	06_EXTERNAL	20260922T141755Z_source_contract_sc_v2	COAD_source_contract_sc_v2	sc_expression_source	NA	NA	AHCY	author_source_donor_label	11	NA	donor_equal_mean_log1p_CP10K	0.11022659384621325	NA	NA	NA	NA	NA:descriptive only	NA	DONE	DESCRIPTIVE_SOURCE_ONLY	Uhlitz original count matrix and annotation	Uhlitz	ALL	Plasma	hsa:191	11	6583	0.11022659384621325	0.16667414945296816	per_cell_log1p_10000_full_gene_UMI_then_donor_mean	0.260205001730967
COAD	Uhlitz	06_EXTERNAL	20260922T141755Z_source_contract_sc_v2	COAD_source_contract_sc_v2	sc_expression_source	NA	NA	AHCYL1	author_source_donor_label	11	NA	donor_equal_mean_log1p_CP10K	0.13074133680673342	NA	NA	NA	NA	NA:descriptive only	NA	DONE	DESCRIPTIVE_SOURCE_ONLY	Uhlitz original count matrix and annotation	Uhlitz	ALL	Plasma	hsa:10768	11	6583	0.13074133680673342	0.19628784856902293	per_cell_log1p_10000_full_gene_UMI_then_donor_mean	0.15357774081083284
COAD	Uhlitz	06_EXTERNAL	20260922T141755Z_source_contract_sc_v2	COAD_source_contract_sc_v2	sc_expression_source	NA	NA	AHCYL2	author_source_donor_label	11	NA	donor_equal_mean_log1p_CP10K	0.01980935732367509	NA	NA	NA	NA	NA:descriptive only	NA	DONE	DESCRIPTIVE_SOURCE_ONLY	Uhlitz original count matrix and annotation	Uhlitz	ALL	Plasma	hsa:23382	11	6583	0.01980935732367509	0.03077137572728332	per_cell_log1p_10000_full_gene_UMI_then_donor_mean	0.07284740133668696
COAD	Uhlitz	06_EXTERNAL	20260922T141755Z_source_contract_sc_v2	COAD_source_contract_sc_v2	sc_expression_source	NA	NA	AK3	author_source_donor_label	11	NA	donor_equal_mean_log1p_CP10K	0.14007822820881574	NA	NA	NA	NA	NA:descriptive only	NA	DONE	DESCRIPTIVE_SOURCE_ONLY	Uhlitz original count matrix and annotation	Uhlitz	ALL	Plasma	hsa:50808	11	6583	0.14007822820881574	0.20816727151395528	per_cell_log1p_10000_full_gene_UMI_then_donor_mean	0.2594439888138784
COAD	Uhlitz	06_EXTERNAL	20260922T141755Z_source_contract_sc_v2	COAD_source_contract_sc_v2	sc_expression_source	NA	NA	AK4	author_source_donor_label	11	NA	donor_equal_mean_log1p_CP10K	0.0033088497772051652	NA	NA	NA	NA	NA:descriptive only	NA	DONE	DESCRIPTIVE_SOURCE_ONLY	Uhlitz original count matrix and annotation	Uhlitz	ALL	Plasma	hsa:205	11	6583	0.0033088497772051652	0.0035238056946819613	per_cell_log1p_10000_full_gene_UMI_then_donor_mean	0.03974084268915657
COAD	Uhlitz	06_EXTERNAL	20260922T141755Z_source_contract_sc_v2	COAD_source_contract_sc_v2	sc_expression_source	NA	NA	AK9	author_source_donor_label	11	NA	donor_equal_mean_log1p_CP10K	0.03145658485547927	NA	NA	NA	NA	NA:descriptive only	NA	DONE	DESCRIPTIVE_SOURCE_ONLY	Uhlitz original count matrix and annotation	Uhlitz	ALL	Plasma	hsa:221264	11	6583	0.03145658485547927	0.046269928913459026	per_cell_log1p_10000_full_gene_UMI_then_donor_mean	0.3438259088642633
COAD	Uhlitz	06_EXTERNAL	20260922T141755Z_source_contract_sc_v2	COAD_source_contract_sc_v2	sc_expression_source	NA	NA	AKR1A1	author_source_donor_label	11	NA	donor_equal_mean_log1p_CP10K	0.38000941751729084	NA	NA	NA	NA	NA:descriptive only	NA	DONE	DESCRIPTIVE_SOURCE_ONLY	Uhlitz original count matrix and annotation	Uhlitz	ALL	Plasma	hsa:10327	11	6583	0.38000941751729084	0.49644104386520793	per_cell_log1p_10000_full_gene_UMI_then_donor_mean	0.6068407647603741
COAD	Uhlitz	06_EXTERNAL	20260922T141755Z_source_contract_sc_v2	COAD_source_contract_sc_v2	sc_expression_source	NA	NA	ALDH18A1	author_source_donor_label	11	NA	donor_equal_mean_log1p_CP10K	0.11215183698906793	NA	NA	NA	NA	NA:descriptive only	NA	DONE	DESCRIPTIVE_SOURCE_ONLY	Uhlitz original count matrix and annotation	Uhlitz	ALL	Plasma	hsa:5832	11	6583	0.11215183698906793	0.1700690894402862	per_cell_log1p_10000_full_gene_UMI_then_donor_mean	0.4095681463858435
COAD	Uhlitz	06_EXTERNAL	20260922T141755Z_source_contract_sc_v2	COAD_source_contract_sc_v2	sc_expression_source	NA	NA	ALDH1B1	author_source_donor_label	11	NA	donor_equal_mean_log1p_CP10K	0.016081313281241665	NA	NA	NA	NA	NA:descriptive only	NA	DONE	DESCRIPTIVE_SOURCE_ONLY	Uhlitz original count matrix and annotation	Uhlitz	ALL	Plasma	hsa:219	11	6583	0.016081313281241665	0.021126515561649333	per_cell_log1p_10000_full_gene_UMI_then_donor_mean	0.09764563398067866
COAD	Uhlitz	06_EXTERNAL	20260922T141755Z_source_contract_sc_v2	COAD_source_contract_sc_v2	sc_expression_source	NA	NA	ALDH2	author_source_donor_label	11	NA	donor_equal_mean_log1p_CP10K	0.08603291858946673	NA	NA	NA	NA	NA:descriptive only	NA	DONE	DESCRIPTIVE_SOURCE_ONLY	Uhlitz original count matrix and annotation	Uhlitz	ALL	Plasma	hsa:217	11	6583	0.08603291858946673	0.13114109620297973	per_cell_log1p_10000_full_gene_UMI_then_donor_mean	0.09262506022122705
COAD	Uhlitz	06_EXTERNAL	20260922T141755Z_source_contract_sc_v2	COAD_source_contract_sc_v2	sc_expression_source	NA	NA	ALDH3A1	author_source_donor_label	11	NA	donor_equal_mean_log1p_CP10K	0.0006599509285874776	NA	NA	NA	NA	NA:descriptive only	NA	DONE	DESCRIPTIVE_SOURCE_ONLY	Uhlitz original count matrix and annotation	Uhlitz	ALL	Plasma	hsa:218	11	6583	0.0006599509285874776	0.0008512014624216297	per_cell_log1p_10000_full_gene_UMI_then_donor_mean	0.018064029618564608
COAD	Uhlitz	06_EXTERNAL	20260922T141755Z_source_contract_sc_v2	COAD_source_contract_sc_v2	sc_expression_source	NA	NA	ALDH3A2	author_source_donor_label	11	NA	donor_equal_mean_log1p_CP10K	0.04440552686645606	NA	NA	NA	NA	NA:descriptive only	NA	DONE	DESCRIPTIVE_SOURCE_ONLY	Uhlitz original count matrix and annotation	Uhlitz	ALL	Plasma	hsa:224	11	6583	0.04440552686645606	0.07264393432025627	per_cell_log1p_10000_full_gene_UMI_then_donor_mean	0.19366000534055436
COAD	Uhlitz	06_EXTERNAL	20260922T141755Z_source_contract_sc_v2	COAD_source_contract_sc_v2	sc_expression_source	NA	NA	ALDH3B1	author_source_donor_label	11	NA	donor_equal_mean_log1p_CP10K	0.004348214551902737	NA	NA	NA	NA	NA:descriptive only	NA	DONE	DESCRIPTIVE_SOURCE_ONLY	Uhlitz original count matrix and annotation	Uhlitz	ALL	Plasma	hsa:221	11	6583	0.004348214551902737	0.007094647809418774	per_cell_log1p_10000_full_gene_UMI_then_donor_mean	0.02635560934938134
COAD	Uhlitz	06_EXTERNAL	20260922T141755Z_source_contract_sc_v2	COAD_source_contract_sc_v2	sc_expression_source	NA	NA	ALDH3B2	author_source_donor_label	11	NA	donor_equal_mean_log1p_CP10K	5.109191306006228e-05	NA	NA	NA	NA	NA:descriptive only	NA	DONE	DESCRIPTIVE_SOURCE_ONLY	Uhlitz original count matrix and annotation	Uhlitz	ALL	Plasma	hsa:222	11	6583	5.109191306006228e-05	0.00010796804145972792	per_cell_log1p_10000_full_gene_UMI_then_donor_mean	0.014758824735111638
COAD	Uhlitz	06_EXTERNAL	20260922T141755Z_source_contract_sc_v2	COAD_source_contract_sc_v2	sc_expression_source	NA	NA	ALDH4A1	author_source_donor_label	11	NA	donor_equal_mean_log1p_CP10K	0.0014690761543866221	NA	NA	NA	NA	NA:descriptive only	NA	DONE	DESCRIPTIVE_SOURCE_ONLY	Uhlitz original count matrix and annotation	Uhlitz	ALL	Plasma	hsa:8659	11	6583	0.0014690761543866221	0.003082061642482035	per_cell_log1p_10000_full_gene_UMI_then_donor_mean	0.9568003731447089
COAD	Uhlitz	06_EXTERNAL	20260922T141755Z_source_contract_sc_v2	COAD_source_contract_sc_v2	sc_expression_source	NA	NA	ALDH5A1	author_source_donor_label	11	NA	donor_equal_mean_log1p_CP10K	0.039060760907342555	NA	NA	NA	NA	NA:descriptive only	NA	DONE	DESCRIPTIVE_SOURCE_ONLY	Uhlitz original count matrix and annotation	Uhlitz	ALL	Plasma	hsa:7915	11	6583	0.039060760907342555	0.061384371007011856	per_cell_log1p_10000_full_gene_UMI_then_donor_mean	0.41464156205641406
COAD	Uhlitz	06_EXTERNAL	20260922T141755Z_source_contract_sc_v2	COAD_source_contract_sc_v2	sc_expression_source	NA	NA	ALDH7A1	author_source_donor_label	11	NA	donor_equal_mean_log1p_CP10K	0.004437227630495321	NA	NA	NA	NA	NA:descriptive only	NA	DONE	DESCRIPTIVE_SOURCE_ONLY	Uhlitz original count matrix and annotation	Uhlitz	ALL	Plasma	hsa:501	11	6583	0.004437227630495321	0.006538004262044191	per_cell_log1p_10000_full_gene_UMI_then_donor_mean	0.04164467513972485
COAD	Uhlitz	06_EXTERNAL	20260922T141755Z_source_contract_sc_v2	COAD_source_contract_sc_v2	sc_expression_source	NA	NA	ALDH9A1	author_source_donor_label	11	NA	donor_equal_mean_log1p_CP10K	0.09869352373613784	NA	NA	NA	NA	NA:descriptive only	NA	DONE	DESCRIPTIVE_SOURCE_ONLY	Uhlitz original count matrix and annotation	Uhlitz	ALL	Plasma	hsa:223	11	6583	0.09869352373613784	0.16299695343345608	per_cell_log1p_10000_full_gene_UMI_then_donor_mean	0.199046570786942
COAD	Uhlitz	06_EXTERNAL	20260922T141755Z_source_contract_sc_v2	COAD_source_contract_sc_v2	sc_expression_source	NA	NA	ALDOA	author_source_donor_label	11	NA	donor_equal_mean_log1p_CP10K	0.005070964344641161	NA	NA	NA	NA	NA:descriptive only	NA	DONE	DESCRIPTIVE_SOURCE_ONLY	Uhlitz original count matrix and annotation	Uhlitz	ALL	Plasma	hsa:226	11	6583	0.005070964344641161	0.009190054546281273	per_cell_log1p_10000_full_gene_UMI_then_donor_mean	0.14377534961350008
COAD	Uhlitz	06_EXTERNAL	20260922T141755Z_source_contract_sc_v2	COAD_source_contract_sc_v2	sc_expression_source	NA	NA	ADSL	author_source_donor_label	12	NA	donor_equal_mean_log1p_CP10K	0.0009996192009769417	NA	NA	NA	NA	NA:descriptive only	NA	DONE	DESCRIPTIVE_SOURCE_ONLY	Uhlitz original count matrix and annotation	Uhlitz	ALL	Tcells	hsa:158	12	10746	0.0009996192009769417	0.0005406939185902529	per_cell_log1p_10000_full_gene_UMI_then_donor_mean	0.5383586861653982
COAD	Uhlitz	06_EXTERNAL	20260922T141755Z_source_contract_sc_v2	COAD_source_contract_sc_v2	sc_expression_source	NA	NA	ADSS1	author_source_donor_label	12	NA	donor_equal_mean_log1p_CP10K	NA	NA	NA	NA	NA	NA:descriptive only	NA	NOT_EVALUABLE	GENE_MISSING_OR_IDENTITY_HOLD	Uhlitz original count matrix and annotation	Uhlitz	ALL	Tcells	hsa:122622	12	10746	NA	NA	per_cell_log1p_10000_full_gene_UMI_then_donor_mean	NA
COAD	Uhlitz	06_EXTERNAL	20260922T141755Z_source_contract_sc_v2	COAD_source_contract_sc_v2	sc_expression_source	NA	NA	ADSS2	author_source_donor_label	12	NA	donor_equal_mean_log1p_CP10K	0.2166845021690589	NA	NA	NA	NA	NA:descriptive only	NA	DONE	DESCRIPTIVE_SOURCE_ONLY	Uhlitz original count matrix and annotation	Uhlitz	ALL	Tcells	hsa:159	12	10746	0.2166845021690589	0.1309271451347734	per_cell_log1p_10000_full_gene_UMI_then_donor_mean	0.7489190240688633
COAD	Uhlitz	06_EXTERNAL	20260922T141755Z_source_contract_sc_v2	COAD_source_contract_sc_v2	sc_expression_source	NA	NA	AFMID	author_source_donor_label	12	NA	donor_equal_mean_log1p_CP10K	0.01057285301550353	NA	NA	NA	NA	NA:descriptive only	NA	DONE	DESCRIPTIVE_SOURCE_ONLY	Uhlitz original count matrix and annotation	Uhlitz	ALL	Tcells	hsa:125061	12	10746	0.01057285301550353	0.006678720719838552	per_cell_log1p_10000_full_gene_UMI_then_donor_mean	0.0685450665018052
COAD	Uhlitz	06_EXTERNAL	20260922T141755Z_source_contract_sc_v2	COAD_source_contract_sc_v2	sc_expression_source	NA	NA	AGMAT	author_source_donor_label	12	NA	donor_equal_mean_log1p_CP10K	0.0243535939048279	NA	NA	NA	NA	NA:descriptive only	NA	DONE	DESCRIPTIVE_SOURCE_ONLY	Uhlitz original count matrix and annotation	Uhlitz	ALL	Tcells	hsa:79814	12	10746	0.0243535939048279	0.017021977184150383	per_cell_log1p_10000_full_gene_UMI_then_donor_mean	0.27659418141698067
COAD	Uhlitz	06_EXTERNAL	20260922T141755Z_source_contract_sc_v2	COAD_source_contract_sc_v2	sc_expression_source	NA	NA	AGXT	author_source_donor_label	12	NA	donor_equal_mean_log1p_CP10K	0.0	NA	NA	NA	NA	NA:descriptive only	NA	DONE	DESCRIPTIVE_SOURCE_ONLY	Uhlitz original count matrix and annotation	Uhlitz	ALL	Tcells	hsa:189	12	10746	0.0	0.0	per_cell_log1p_10000_full_gene_UMI_then_donor_mean	0.0
COAD	Uhlitz	06_EXTERNAL	20260922T141755Z_source_contract_sc_v2	COAD_source_contract_sc_v2	sc_expression_source	NA	NA	AGXT2	author_source_donor_label	12	NA	donor_equal_mean_log1p_CP10K	NA	NA	NA	NA	NA	NA:descriptive only	NA	NOT_EVALUABLE	GENE_MISSING_OR_IDENTITY_HOLD	Uhlitz original count matrix and annotation	Uhlitz	ALL	Tcells	hsa:64902	12	10746	NA	NA	per_cell_log1p_10000_full_gene_UMI_then_donor_mean	NA
COAD	Uhlitz	06_EXTERNAL	20260922T141755Z_source_contract_sc_v2	COAD_source_contract_sc_v2	sc_expression_source	NA	NA	AHCY	author_source_donor_label	12	NA	donor_equal_mean_log1p_CP10K	0.07488357276866202	NA	NA	NA	NA	NA:descriptive only	NA	DONE	DESCRIPTIVE_SOURCE_ONLY	Uhlitz original count matrix and annotation	Uhlitz	ALL	Tcells	hsa:191	12	10746	0.07488357276866202	0.0473722677579562	per_cell_log1p_10000_full_gene_UMI_then_donor_mean	0.17677295017458342
COAD	Uhlitz	06_EXTERNAL	20260922T141755Z_source_contract_sc_v2	COAD_source_contract_sc_v2	sc_expression_source	NA	NA	AHCYL1	author_source_donor_label	12	NA	donor_equal_mean_log1p_CP10K	0.2572508661077004	NA	NA	NA	NA	NA:descriptive only	NA	DONE	DESCRIPTIVE_SOURCE_ONLY	Uhlitz original count matrix and annotation	Uhlitz	ALL	Tcells	hsa:10768	12	10746	0.2572508661077004	0.15149350580551982	per_cell_log1p_10000_full_gene_UMI_then_donor_mean	0.302184510296486
COAD	Uhlitz	06_EXTERNAL	20260922T141755Z_source_contract_sc_v2	COAD_source_contract_sc_v2	sc_expression_source	NA	NA	AHCYL2	author_source_donor_label	12	NA	donor_equal_mean_log1p_CP10K	0.02814372083974787	NA	NA	NA	NA	NA:descriptive only	NA	DONE	DESCRIPTIVE_SOURCE_ONLY	Uhlitz original count matrix and annotation	Uhlitz	ALL	Tcells	hsa:23382	12	10746	0.02814372083974787	0.016844081037643056	per_cell_log1p_10000_full_gene_UMI_then_donor_mean	0.10349638777379778
COAD	Uhlitz	06_EXTERNAL	20260922T141755Z_source_contract_sc_v2	COAD_source_contract_sc_v2	sc_expression_source	NA	NA	AK3	author_source_donor_label	12	NA	donor_equal_mean_log1p_CP10K	0.16957073421358604	NA	NA	NA	NA	NA:descriptive only	NA	DONE	DESCRIPTIVE_SOURCE_ONLY	Uhlitz original count matrix and annotation	Uhlitz	ALL	Tcells	hsa:50808	12	10746	0.16957073421358604	0.10413413799216621	per_cell_log1p_10000_full_gene_UMI_then_donor_mean	0.3140681334496065
COAD	Uhlitz	06_EXTERNAL	20260922T141755Z_source_contract_sc_v2	COAD_source_contract_sc_v2	sc_expression_source	NA	NA	AK4	author_source_donor_label	12	NA	donor_equal_mean_log1p_CP10K	0.002368786615070965	NA	NA	NA	NA	NA:descriptive only	NA	DONE	DESCRIPTIVE_SOURCE_ONLY	Uhlitz original count matrix and annotation	Uhlitz	ALL	Tcells	hsa:205	12	10746	0.002368786615070965	0.0015012927533248023	per_cell_log1p_10000_full_gene_UMI_then_donor_mean	0.028450241797688344
COAD	Uhlitz	06_EXTERNAL	20260922T141755Z_source_contract_sc_v2	COAD_source_contract_sc_v2	sc_expression_source	NA	NA	AK9	author_source_donor_label	12	NA	donor_equal_mean_log1p_CP10K	0.0474197083922113	NA	NA	NA	NA	NA:descriptive only	NA	DONE	DESCRIPTIVE_SOURCE_ONLY	Uhlitz original count matrix and annotation	Uhlitz	ALL	Tcells	hsa:221264	12	10746	0.0474197083922113	0.027194455425352215	per_cell_log1p_10000_full_gene_UMI_then_donor_mean	0.5183056079016946
COAD	Uhlitz	06_EXTERNAL	20260922T141755Z_source_contract_sc_v2	COAD_source_contract_sc_v2	sc_expression_source	NA	NA	AKR1A1	author_source_donor_label	12	NA	donor_equal_mean_log1p_CP10K	0.14681494257372757	NA	NA	NA	NA	NA:descriptive only	NA	DONE	DESCRIPTIVE_SOURCE_ONLY	Uhlitz original count matrix and annotation	Uhlitz	ALL	Tcells	hsa:10327	12	10746	0.14681494257372757	0.09151267187867669	per_cell_log1p_10000_full_gene_UMI_then_donor_mean	0.23445022129125886
COAD	Uhlitz	06_EXTERNAL	20260922T141755Z_source_contract_sc_v2	COAD_source_contract_sc_v2	sc_expression_source	NA	NA	ALDH18A1	author_source_donor_label	12	NA	donor_equal_mean_log1p_CP10K	0.054807556585479034	NA	NA	NA	NA	NA:descriptive only	NA	DONE	DESCRIPTIVE_SOURCE_ONLY	Uhlitz original count matrix and annotation	Uhlitz	ALL	Tcells	hsa:5832	12	10746	0.054807556585479034	0.03511365418561412	per_cell_log1p_10000_full_gene_UMI_then_donor_mean	0.2001521326916825
COAD	Uhlitz	06_EXTERNAL	20260922T141755Z_source_contract_sc_v2	COAD_source_contract_sc_v2	sc_expression_source	NA	NA	ALDH1B1	author_source_donor_label	12	NA	donor_equal_mean_log1p_CP10K	0.008982599071449425	NA	NA	NA	NA	NA:descriptive only	NA	DONE	DESCRIPTIVE_SOURCE_ONLY	Uhlitz original count matrix and annotation	Uhlitz	ALL	Tcells	hsa:219	12	10746	0.008982599071449425	0.005529187144665097	per_cell_log1p_10000_full_gene_UMI_then_donor_mean	0.05454228555755195
COAD	Uhlitz	06_EXTERNAL	20260922T141755Z_source_contract_sc_v2	COAD_source_contract_sc_v2	sc_expression_source	NA	NA	ALDH2	author_source_donor_label	12	NA	donor_equal_mean_log1p_CP10K	0.02036386051919038	NA	NA	NA	NA	NA:descriptive only	NA	DONE	DESCRIPTIVE_SOURCE_ONLY	Uhlitz original count matrix and annotation	Uhlitz	ALL	Tcells	hsa:217	12	10746	0.02036386051919038	0.011889185030762056	per_cell_log1p_10000_full_gene_UMI_then_donor_mean	0.021924210381927038
COAD	Uhlitz	06_EXTERNAL	20260922T141755Z_source_contract_sc_v2	COAD_source_contract_sc_v2	sc_expression_source	NA	NA	ALDH3A1	author_source_donor_label	12	NA	donor_equal_mean_log1p_CP10K	0.0005595613110619365	NA	NA	NA	NA	NA:descriptive only	NA	DONE	DESCRIPTIVE_SOURCE_ONLY	Uhlitz original count matrix and annotation	Uhlitz	ALL	Tcells	hsa:218	12	10746	0.0005595613110619365	0.00041887226399963464	per_cell_log1p_10000_full_gene_UMI_then_donor_mean	0.015316187399055034
COAD	Uhlitz	06_EXTERNAL	20260922T141755Z_source_contract_sc_v2	COAD_source_contract_sc_v2	sc_expression_source	NA	NA	ALDH3A2	author_source_donor_label	12	NA	donor_equal_mean_log1p_CP10K	0.055025090799987	NA	NA	NA	NA	NA:descriptive only	NA	DONE	DESCRIPTIVE_SOURCE_ONLY	Uhlitz original count matrix and annotation	Uhlitz	ALL	Tcells	hsa:224	12	10746	0.055025090799987	0.03525150689996762	per_cell_log1p_10000_full_gene_UMI_then_donor_mean	0.23997371791662378
COAD	Uhlitz	06_EXTERNAL	20260922T141755Z_source_contract_sc_v2	COAD_source_contract_sc_v2	sc_expression_source	NA	NA	ALDH3B1	author_source_donor_label	12	NA	donor_equal_mean_log1p_CP10K	0.0012527081675254754	NA	NA	NA	NA	NA:descriptive only	NA	DONE	DESCRIPTIVE_SOURCE_ONLY	Uhlitz original count matrix and annotation	Uhlitz	ALL	Tcells	hsa:221	12	10746	0.0012527081675254754	0.0008082277307620071	per_cell_log1p_10000_full_gene_UMI_then_donor_mean	0.00759297562205886
COAD	Uhlitz	06_EXTERNAL	20260922T141755Z_source_contract_sc_v2	COAD_source_contract_sc_v2	sc_expression_source	NA	NA	ALDH3B2	author_source_donor_label	12	NA	donor_equal_mean_log1p_CP10K	9.401397154876917e-05	NA	NA	NA	NA	NA:descriptive only	NA	DONE	DESCRIPTIVE_SOURCE_ONLY	Uhlitz original count matrix and annotation	Uhlitz	ALL	Tcells	hsa:222	12	10746	9.401397154876917e-05	6.06501698204755e-05	per_cell_log1p_10000_full_gene_UMI_then_donor_mean	0.027157638961549678
COAD	Uhlitz	06_EXTERNAL	20260922T141755Z_source_contract_sc_v2	COAD_source_contract_sc_v2	sc_expression_source	NA	NA	ALDH4A1	author_source_donor_label	12	NA	donor_equal_mean_log1p_CP10K	0.0005992351821291959	NA	NA	NA	NA	NA:descriptive only	NA	DONE	DESCRIPTIVE_SOURCE_ONLY	Uhlitz original count matrix and annotation	Uhlitz	ALL	Tcells	hsa:8659	12	10746	0.0005992351821291959	0.00041631725850454674	per_cell_log1p_10000_full_gene_UMI_then_donor_mean	0.39027823312669396
COAD	Uhlitz	06_EXTERNAL	20260922T141755Z_source_contract_sc_v2	COAD_source_contract_sc_v2	sc_expression_source	NA	NA	ALDH5A1	author_source_donor_label	12	NA	donor_equal_mean_log1p_CP10K	0.02597487126706151	NA	NA	NA	NA	NA:descriptive only	NA	DONE	DESCRIPTIVE_SOURCE_ONLY	Uhlitz original count matrix and annotation	Uhlitz	ALL	Tcells	hsa:7915	12	10746	0.02597487126706151	0.0173422682057587	per_cell_log1p_10000_full_gene_UMI_then_donor_mean	0.2757309623828678
COAD	Uhlitz	06_EXTERNAL	20260922T141755Z_source_contract_sc_v2	COAD_source_contract_sc_v2	sc_expression_source	NA	NA	ALDH7A1	author_source_donor_label	12	NA	donor_equal_mean_log1p_CP10K	0.0019050800627340011	NA	NA	NA	NA	NA:descriptive only	NA	DONE	DESCRIPTIVE_SOURCE_ONLY	Uhlitz original count matrix and annotation	Uhlitz	ALL	Tcells	hsa:501	12	10746	0.0019050800627340011	0.0019062096223592328	per_cell_log1p_10000_full_gene_UMI_then_donor_mean	0.01787973188088803
COAD	Uhlitz	06_EXTERNAL	20260922T141755Z_source_contract_sc_v2	COAD_source_contract_sc_v2	sc_expression_source	NA	NA	ALDH9A1	author_source_donor_label	12	NA	donor_equal_mean_log1p_CP10K	0.19009869717835037	NA	NA	NA	NA	NA:descriptive only	NA	DONE	DESCRIPTIVE_SOURCE_ONLY	Uhlitz original count matrix and annotation	Uhlitz	ALL	Tcells	hsa:223	12	10746	0.19009869717835037	0.11352007431878852	per_cell_log1p_10000_full_gene_UMI_then_donor_mean	0.38339388798781876
COAD	Uhlitz	06_EXTERNAL	20260922T141755Z_source_contract_sc_v2	COAD_source_contract_sc_v2	sc_expression_source	NA	NA	ALDOA	author_source_donor_label	12	NA	donor_equal_mean_log1p_CP10K	0.007156169363196429	NA	NA	NA	NA	NA:descriptive only	NA	DONE	DESCRIPTIVE_SOURCE_ONLY	Uhlitz original count matrix and annotation	Uhlitz	ALL	Tcells	hsa:226	12	10746	0.007156169363196429	0.004223352872238299	per_cell_log1p_10000_full_gene_UMI_then_donor_mean	0.20289646744889508
