cancer	cohort	stage_id	run_id	analysis_version	analysis_type	metabolite_key	metabolite_name	gene	unit	n	n_reference	effect_type	effect	ci_lower	ci_upper	p_value	q_value	test_family	family_n_evaluable	status	reason	source_id	study	partition	celltype	human_gene_id	n_donors	n_cells	mean_expression	mean_detection_fraction	expression_scale	row_scaled
COAD	Uhlitz	06_EXTERNAL	20260922T141755Z_source_contract_sc_v2	COAD_source_contract_sc_v2	sc_expression_source	NA	NA	SLC36A2	author_source_donor_label	11	NA	donor_equal_mean_log1p_CP10K	NA	NA	NA	NA	NA	NA:descriptive only	NA	NOT_EVALUABLE	GENE_MISSING_OR_IDENTITY_HOLD	Uhlitz original count matrix and annotation	Uhlitz	ALL	Bcells	hsa:153201	11	1948	NA	NA	per_cell_log1p_10000_full_gene_UMI_then_donor_mean	NA
COAD	Uhlitz	06_EXTERNAL	20260922T141755Z_source_contract_sc_v2	COAD_source_contract_sc_v2	sc_expression_source	NA	NA	SLC36A4	author_source_donor_label	11	NA	donor_equal_mean_log1p_CP10K	0.12573038233417916	NA	NA	NA	NA	NA:descriptive only	NA	DONE	DESCRIPTIVE_SOURCE_ONLY	Uhlitz original count matrix and annotation	Uhlitz	ALL	Bcells	hsa:120103	11	1948	0.12573038233417916	0.08215625732955532	per_cell_log1p_10000_full_gene_UMI_then_donor_mean	0.5040359697078661
COAD	Uhlitz	06_EXTERNAL	20260922T141755Z_source_contract_sc_v2	COAD_source_contract_sc_v2	sc_expression_source	NA	NA	SLC38A1	author_source_donor_label	11	NA	donor_equal_mean_log1p_CP10K	0.7266887737244236	NA	NA	NA	NA	NA:descriptive only	NA	DONE	DESCRIPTIVE_SOURCE_ONLY	Uhlitz original count matrix and annotation	Uhlitz	ALL	Bcells	hsa:81539	11	1948	0.7266887737244236	0.39359163736234176	per_cell_log1p_10000_full_gene_UMI_then_donor_mean	0.9078388069630839
COAD	Uhlitz	06_EXTERNAL	20260922T141755Z_source_contract_sc_v2	COAD_source_contract_sc_v2	sc_expression_source	NA	NA	SLC38A10	author_source_donor_label	11	NA	donor_equal_mean_log1p_CP10K	0.08677807729362141	NA	NA	NA	NA	NA:descriptive only	NA	DONE	DESCRIPTIVE_SOURCE_ONLY	Uhlitz original count matrix and annotation	Uhlitz	ALL	Bcells	hsa:124565	11	1948	0.08677807729362141	0.05913453094089773	per_cell_log1p_10000_full_gene_UMI_then_donor_mean	0.23854039241308034
COAD	Uhlitz	06_EXTERNAL	20260922T141755Z_source_contract_sc_v2	COAD_source_contract_sc_v2	sc_expression_source	NA	NA	SLC38A2	author_source_donor_label	11	NA	donor_equal_mean_log1p_CP10K	0.5951687906256968	NA	NA	NA	NA	NA:descriptive only	NA	DONE	DESCRIPTIVE_SOURCE_ONLY	Uhlitz original count matrix and annotation	Uhlitz	ALL	Bcells	hsa:54407	11	1948	0.5951687906256968	0.3352958858785156	per_cell_log1p_10000_full_gene_UMI_then_donor_mean	0.3972640974610142
COAD	Uhlitz	06_EXTERNAL	20260922T141755Z_source_contract_sc_v2	COAD_source_contract_sc_v2	sc_expression_source	NA	NA	SLC38A3	author_source_donor_label	11	NA	donor_equal_mean_log1p_CP10K	0.0	NA	NA	NA	NA	NA:descriptive only	NA	DONE	DESCRIPTIVE_SOURCE_ONLY	Uhlitz original count matrix and annotation	Uhlitz	ALL	Bcells	hsa:10991	11	1948	0.0	0.0	per_cell_log1p_10000_full_gene_UMI_then_donor_mean	0.0
COAD	Uhlitz	06_EXTERNAL	20260922T141755Z_source_contract_sc_v2	COAD_source_contract_sc_v2	sc_expression_source	NA	NA	SLC38A4	author_source_donor_label	11	NA	donor_equal_mean_log1p_CP10K	0.0004759137490490676	NA	NA	NA	NA	NA:descriptive only	NA	DONE	DESCRIPTIVE_SOURCE_ONLY	Uhlitz original count matrix and annotation	Uhlitz	ALL	Bcells	hsa:55089	11	1948	0.0004759137490490676	0.00027800945232137893	per_cell_log1p_10000_full_gene_UMI_then_donor_mean	0.05588131376642666
COAD	Uhlitz	06_EXTERNAL	20260922T141755Z_source_contract_sc_v2	COAD_source_contract_sc_v2	sc_expression_source	NA	NA	SLC38A6	author_source_donor_label	11	NA	donor_equal_mean_log1p_CP10K	0.02351885581294301	NA	NA	NA	NA	NA:descriptive only	NA	DONE	DESCRIPTIVE_SOURCE_ONLY	Uhlitz original count matrix and annotation	Uhlitz	ALL	Bcells	hsa:145389	11	1948	0.02351885581294301	0.015284763253017747	per_cell_log1p_10000_full_gene_UMI_then_donor_mean	0.25778483634917515
COAD	Uhlitz	06_EXTERNAL	20260922T141755Z_source_contract_sc_v2	COAD_source_contract_sc_v2	sc_expression_source	NA	NA	SLC38A7	author_source_donor_label	11	NA	donor_equal_mean_log1p_CP10K	0.018526143472739558	NA	NA	NA	NA	NA:descriptive only	NA	DONE	DESCRIPTIVE_SOURCE_ONLY	Uhlitz original count matrix and annotation	Uhlitz	ALL	Bcells	hsa:55238	11	1948	0.018526143472739558	0.01092485347088255	per_cell_log1p_10000_full_gene_UMI_then_donor_mean	0.16661687122612373
COAD	Uhlitz	06_EXTERNAL	20260922T141755Z_source_contract_sc_v2	COAD_source_contract_sc_v2	sc_expression_source	NA	NA	SLC38A8	author_source_donor_label	11	NA	donor_equal_mean_log1p_CP10K	NA	NA	NA	NA	NA	NA:descriptive only	NA	NOT_EVALUABLE	GENE_MISSING_OR_IDENTITY_HOLD	Uhlitz original count matrix and annotation	Uhlitz	ALL	Bcells	hsa:146167	11	1948	NA	NA	per_cell_log1p_10000_full_gene_UMI_then_donor_mean	NA
COAD	Uhlitz	06_EXTERNAL	20260922T141755Z_source_contract_sc_v2	COAD_source_contract_sc_v2	sc_expression_source	NA	NA	SLC38A9	author_source_donor_label	11	NA	donor_equal_mean_log1p_CP10K	0.0369013398357353	NA	NA	NA	NA	NA:descriptive only	NA	DONE	DESCRIPTIVE_SOURCE_ONLY	Uhlitz original count matrix and annotation	Uhlitz	ALL	Bcells	hsa:153129	11	1948	0.0369013398357353	0.023642693269970906	per_cell_log1p_10000_full_gene_UMI_then_donor_mean	0.5359578750988199
COAD	Uhlitz	06_EXTERNAL	20260922T141755Z_source_contract_sc_v2	COAD_source_contract_sc_v2	sc_expression_source	NA	NA	SLC43A1	author_source_donor_label	11	NA	donor_equal_mean_log1p_CP10K	0.010424422259272186	NA	NA	NA	NA	NA:descriptive only	NA	DONE	DESCRIPTIVE_SOURCE_ONLY	Uhlitz original count matrix and annotation	Uhlitz	ALL	Bcells	hsa:8501	11	1948	0.010424422259272186	0.00858141196991216	per_cell_log1p_10000_full_gene_UMI_then_donor_mean	0.141402931245087
COAD	Uhlitz	06_EXTERNAL	20260922T141755Z_source_contract_sc_v2	COAD_source_contract_sc_v2	sc_expression_source	NA	NA	SLC43A2	author_source_donor_label	11	NA	donor_equal_mean_log1p_CP10K	0.0947675686950559	NA	NA	NA	NA	NA:descriptive only	NA	DONE	DESCRIPTIVE_SOURCE_ONLY	Uhlitz original count matrix and annotation	Uhlitz	ALL	Bcells	hsa:124935	11	1948	0.0947675686950559	0.0599185325667252	per_cell_log1p_10000_full_gene_UMI_then_donor_mean	0.1421444715585008
COAD	Uhlitz	06_EXTERNAL	20260922T141755Z_source_contract_sc_v2	COAD_source_contract_sc_v2	sc_expression_source	NA	NA	SLC43A3	author_source_donor_label	11	NA	donor_equal_mean_log1p_CP10K	0.0006626055090009455	NA	NA	NA	NA	NA:descriptive only	NA	DONE	DESCRIPTIVE_SOURCE_ONLY	Uhlitz original count matrix and annotation	Uhlitz	ALL	Bcells	hsa:29015	11	1948	0.0006626055090009455	0.0014903129657228018	per_cell_log1p_10000_full_gene_UMI_then_donor_mean	0.03540784325461096
COAD	Uhlitz	06_EXTERNAL	20260922T141755Z_source_contract_sc_v2	COAD_source_contract_sc_v2	sc_expression_source	NA	NA	SLC45A1	author_source_donor_label	11	NA	donor_equal_mean_log1p_CP10K	0.0004967408668011095	NA	NA	NA	NA	NA:descriptive only	NA	DONE	DESCRIPTIVE_SOURCE_ONLY	Uhlitz original count matrix and annotation	Uhlitz	ALL	Bcells	hsa:50651	11	1948	0.0004967408668011095	0.00027800945232137893	per_cell_log1p_10000_full_gene_UMI_then_donor_mean	0.01663228188923483
COAD	Uhlitz	06_EXTERNAL	20260922T141755Z_source_contract_sc_v2	COAD_source_contract_sc_v2	sc_expression_source	NA	NA	SLC45A2	author_source_donor_label	11	NA	donor_equal_mean_log1p_CP10K	0.0	NA	NA	NA	NA	NA:descriptive only	NA	DONE	DESCRIPTIVE_SOURCE_ONLY	Uhlitz original count matrix and annotation	Uhlitz	ALL	Bcells	hsa:51151	11	1948	0.0	0.0	per_cell_log1p_10000_full_gene_UMI_then_donor_mean	0.0
COAD	Uhlitz	06_EXTERNAL	20260922T141755Z_source_contract_sc_v2	COAD_source_contract_sc_v2	sc_expression_source	NA	NA	SLC45A4	author_source_donor_label	11	NA	donor_equal_mean_log1p_CP10K	0.020000652610727827	NA	NA	NA	NA	NA:descriptive only	NA	DONE	DESCRIPTIVE_SOURCE_ONLY	Uhlitz original count matrix and annotation	Uhlitz	ALL	Bcells	hsa:57210	11	1948	0.020000652610727827	0.014065241728267392	per_cell_log1p_10000_full_gene_UMI_then_donor_mean	0.17221431506859175
COAD	Uhlitz	06_EXTERNAL	20260922T141755Z_source_contract_sc_v2	COAD_source_contract_sc_v2	sc_expression_source	NA	NA	SLC47A1	author_source_donor_label	11	NA	donor_equal_mean_log1p_CP10K	0.0	NA	NA	NA	NA	NA:descriptive only	NA	DONE	DESCRIPTIVE_SOURCE_ONLY	Uhlitz original count matrix and annotation	Uhlitz	ALL	Bcells	hsa:55244	11	1948	0.0	0.0	per_cell_log1p_10000_full_gene_UMI_then_donor_mean	0.0
COAD	Uhlitz	06_EXTERNAL	20260922T141755Z_source_contract_sc_v2	COAD_source_contract_sc_v2	sc_expression_source	NA	NA	SLC47A2	author_source_donor_label	11	NA	donor_equal_mean_log1p_CP10K	0.0	NA	NA	NA	NA	NA:descriptive only	NA	DONE	DESCRIPTIVE_SOURCE_ONLY	Uhlitz original count matrix and annotation	Uhlitz	ALL	Bcells	hsa:146802	11	1948	0.0	0.0	per_cell_log1p_10000_full_gene_UMI_then_donor_mean	0.0
COAD	Uhlitz	06_EXTERNAL	20260922T141755Z_source_contract_sc_v2	COAD_source_contract_sc_v2	sc_expression_source	NA	NA	SLC5A1	author_source_donor_label	11	NA	donor_equal_mean_log1p_CP10K	0.001777049641119187	NA	NA	NA	NA	NA:descriptive only	NA	DONE	DESCRIPTIVE_SOURCE_ONLY	Uhlitz original count matrix and annotation	Uhlitz	ALL	Bcells	hsa:6523	11	1948	0.001777049641119187	0.000908549501566698	per_cell_log1p_10000_full_gene_UMI_then_donor_mean	0.007256636907347989
COAD	Uhlitz	06_EXTERNAL	20260922T141755Z_source_contract_sc_v2	COAD_source_contract_sc_v2	sc_expression_source	NA	NA	SLC5A11	author_source_donor_label	11	NA	donor_equal_mean_log1p_CP10K	0.0	NA	NA	NA	NA	NA:descriptive only	NA	DONE	DESCRIPTIVE_SOURCE_ONLY	Uhlitz original count matrix and annotation	Uhlitz	ALL	Bcells	hsa:115584	11	1948	0.0	0.0	per_cell_log1p_10000_full_gene_UMI_then_donor_mean	0.0
COAD	Uhlitz	06_EXTERNAL	20260922T141755Z_source_contract_sc_v2	COAD_source_contract_sc_v2	sc_expression_source	NA	NA	SLC5A2	author_source_donor_label	11	NA	donor_equal_mean_log1p_CP10K	0.0	NA	NA	NA	NA	NA:descriptive only	NA	DONE	DESCRIPTIVE_SOURCE_ONLY	Uhlitz original count matrix and annotation	Uhlitz	ALL	Bcells	hsa:6524	11	1948	0.0	0.0	per_cell_log1p_10000_full_gene_UMI_then_donor_mean	0.0
COAD	Uhlitz	06_EXTERNAL	20260922T141755Z_source_contract_sc_v2	COAD_source_contract_sc_v2	sc_expression_source	NA	NA	SLC5A6	author_source_donor_label	11	NA	donor_equal_mean_log1p_CP10K	0.04173371897080411	NA	NA	NA	NA	NA:descriptive only	NA	DONE	DESCRIPTIVE_SOURCE_ONLY	Uhlitz original count matrix and annotation	Uhlitz	ALL	Bcells	hsa:8884	11	1948	0.04173371897080411	0.02790774958890132	per_cell_log1p_10000_full_gene_UMI_then_donor_mean	0.5092768151403045
COAD	Uhlitz	06_EXTERNAL	20260922T141755Z_source_contract_sc_v2	COAD_source_contract_sc_v2	sc_expression_source	NA	NA	SLC5A8	author_source_donor_label	11	NA	donor_equal_mean_log1p_CP10K	0.0	NA	NA	NA	NA	NA:descriptive only	NA	DONE	DESCRIPTIVE_SOURCE_ONLY	Uhlitz original count matrix and annotation	Uhlitz	ALL	Bcells	hsa:160728	11	1948	0.0	0.0	per_cell_log1p_10000_full_gene_UMI_then_donor_mean	0.0
COAD	Uhlitz	06_EXTERNAL	20260922T141755Z_source_contract_sc_v2	COAD_source_contract_sc_v2	sc_expression_source	NA	NA	SLC60A2	author_source_donor_label	11	NA	donor_equal_mean_log1p_CP10K	NA	NA	NA	NA	NA	NA:descriptive only	NA	NOT_EVALUABLE	GENE_MISSING_OR_IDENTITY_HOLD	Uhlitz original count matrix and annotation	Uhlitz	ALL	Bcells	hsa:91749	11	1948	NA	NA	per_cell_log1p_10000_full_gene_UMI_then_donor_mean	NA
COAD	Uhlitz	06_EXTERNAL	20260922T141755Z_source_contract_sc_v2	COAD_source_contract_sc_v2	sc_expression_source	NA	NA	SLC6A1	author_source_donor_label	11	NA	donor_equal_mean_log1p_CP10K	0.0	NA	NA	NA	NA	NA:descriptive only	NA	DONE	DESCRIPTIVE_SOURCE_ONLY	Uhlitz original count matrix and annotation	Uhlitz	ALL	Bcells	hsa:6529	11	1948	0.0	0.0	per_cell_log1p_10000_full_gene_UMI_then_donor_mean	0.0
COAD	Uhlitz	06_EXTERNAL	20260922T141755Z_source_contract_sc_v2	COAD_source_contract_sc_v2	sc_expression_source	NA	NA	SLC36A2	author_source_donor_label	7	NA	donor_equal_mean_log1p_CP10K	NA	NA	NA	NA	NA	NA:descriptive only	NA	NOT_EVALUABLE	GENE_MISSING_OR_IDENTITY_HOLD	Uhlitz original count matrix and annotation	Uhlitz	ALL	Endothelial	hsa:153201	7	480	NA	NA	per_cell_log1p_10000_full_gene_UMI_then_donor_mean	NA
COAD	Uhlitz	06_EXTERNAL	20260922T141755Z_source_contract_sc_v2	COAD_source_contract_sc_v2	sc_expression_source	NA	NA	SLC36A4	author_source_donor_label	7	NA	donor_equal_mean_log1p_CP10K	0.17945838687624546	NA	NA	NA	NA	NA:descriptive only	NA	DONE	DESCRIPTIVE_SOURCE_ONLY	Uhlitz original count matrix and annotation	Uhlitz	ALL	Endothelial	hsa:120103	7	480	0.17945838687624546	0.1897448392497185	per_cell_log1p_10000_full_gene_UMI_then_donor_mean	0.7194242184912889
COAD	Uhlitz	06_EXTERNAL	20260922T141755Z_source_contract_sc_v2	COAD_source_contract_sc_v2	sc_expression_source	NA	NA	SLC38A1	author_source_donor_label	7	NA	donor_equal_mean_log1p_CP10K	0.2640799283031436	NA	NA	NA	NA	NA:descriptive only	NA	DONE	DESCRIPTIVE_SOURCE_ONLY	Uhlitz original count matrix and annotation	Uhlitz	ALL	Endothelial	hsa:81539	7	480	0.2640799283031436	0.2540243885041709	per_cell_log1p_10000_full_gene_UMI_then_donor_mean	0.32991015648266786
COAD	Uhlitz	06_EXTERNAL	20260922T141755Z_source_contract_sc_v2	COAD_source_contract_sc_v2	sc_expression_source	NA	NA	SLC38A10	author_source_donor_label	7	NA	donor_equal_mean_log1p_CP10K	0.36378776950843544	NA	NA	NA	NA	NA:descriptive only	NA	DONE	DESCRIPTIVE_SOURCE_ONLY	Uhlitz original count matrix and annotation	Uhlitz	ALL	Endothelial	hsa:124565	7	480	0.36378776950843544	0.3656638726988981	per_cell_log1p_10000_full_gene_UMI_then_donor_mean	1.0
COAD	Uhlitz	06_EXTERNAL	20260922T141755Z_source_contract_sc_v2	COAD_source_contract_sc_v2	sc_expression_source	NA	NA	SLC38A2	author_source_donor_label	7	NA	donor_equal_mean_log1p_CP10K	1.4067983254393799	NA	NA	NA	NA	NA:descriptive only	NA	DONE	DESCRIPTIVE_SOURCE_ONLY	Uhlitz original count matrix and annotation	Uhlitz	ALL	Endothelial	hsa:54407	7	480	1.4067983254393799	0.7965362943537129	per_cell_log1p_10000_full_gene_UMI_then_donor_mean	0.9390117154459743
COAD	Uhlitz	06_EXTERNAL	20260922T141755Z_source_contract_sc_v2	COAD_source_contract_sc_v2	sc_expression_source	NA	NA	SLC38A3	author_source_donor_label	7	NA	donor_equal_mean_log1p_CP10K	0.0	NA	NA	NA	NA	NA:descriptive only	NA	DONE	DESCRIPTIVE_SOURCE_ONLY	Uhlitz original count matrix and annotation	Uhlitz	ALL	Endothelial	hsa:10991	7	480	0.0	0.0	per_cell_log1p_10000_full_gene_UMI_then_donor_mean	0.0
COAD	Uhlitz	06_EXTERNAL	20260922T141755Z_source_contract_sc_v2	COAD_source_contract_sc_v2	sc_expression_source	NA	NA	SLC38A4	author_source_donor_label	7	NA	donor_equal_mean_log1p_CP10K	0.0037723946526318033	NA	NA	NA	NA	NA:descriptive only	NA	DONE	DESCRIPTIVE_SOURCE_ONLY	Uhlitz original count matrix and annotation	Uhlitz	ALL	Endothelial	hsa:55089	7	480	0.0037723946526318033	0.005208712755882567	per_cell_log1p_10000_full_gene_UMI_then_donor_mean	0.44295078605262805
COAD	Uhlitz	06_EXTERNAL	20260922T141755Z_source_contract_sc_v2	COAD_source_contract_sc_v2	sc_expression_source	NA	NA	SLC38A6	author_source_donor_label	7	NA	donor_equal_mean_log1p_CP10K	0.01891840663009756	NA	NA	NA	NA	NA:descriptive only	NA	DONE	DESCRIPTIVE_SOURCE_ONLY	Uhlitz original count matrix and annotation	Uhlitz	ALL	Endothelial	hsa:145389	7	480	0.01891840663009756	0.024426460296313172	per_cell_log1p_10000_full_gene_UMI_then_donor_mean	0.207360357830119
COAD	Uhlitz	06_EXTERNAL	20260922T141755Z_source_contract_sc_v2	COAD_source_contract_sc_v2	sc_expression_source	NA	NA	SLC38A7	author_source_donor_label	7	NA	donor_equal_mean_log1p_CP10K	0.068885815412463	NA	NA	NA	NA	NA:descriptive only	NA	DONE	DESCRIPTIVE_SOURCE_ONLY	Uhlitz original count matrix and annotation	Uhlitz	ALL	Endothelial	hsa:55238	7	480	0.068885815412463	0.0787040548909488	per_cell_log1p_10000_full_gene_UMI_then_donor_mean	0.6195320171612418
COAD	Uhlitz	06_EXTERNAL	20260922T141755Z_source_contract_sc_v2	COAD_source_contract_sc_v2	sc_expression_source	NA	NA	SLC38A8	author_source_donor_label	7	NA	donor_equal_mean_log1p_CP10K	NA	NA	NA	NA	NA	NA:descriptive only	NA	NOT_EVALUABLE	GENE_MISSING_OR_IDENTITY_HOLD	Uhlitz original count matrix and annotation	Uhlitz	ALL	Endothelial	hsa:146167	7	480	NA	NA	per_cell_log1p_10000_full_gene_UMI_then_donor_mean	NA
COAD	Uhlitz	06_EXTERNAL	20260922T141755Z_source_contract_sc_v2	COAD_source_contract_sc_v2	sc_expression_source	NA	NA	SLC38A9	author_source_donor_label	7	NA	donor_equal_mean_log1p_CP10K	0.06885119437592267	NA	NA	NA	NA	NA:descriptive only	NA	DONE	DESCRIPTIVE_SOURCE_ONLY	Uhlitz original count matrix and annotation	Uhlitz	ALL	Endothelial	hsa:153129	7	480	0.06885119437592267	0.08127304051615787	per_cell_log1p_10000_full_gene_UMI_then_donor_mean	1.0
COAD	Uhlitz	06_EXTERNAL	20260922T141755Z_source_contract_sc_v2	COAD_source_contract_sc_v2	sc_expression_source	NA	NA	SLC43A1	author_source_donor_label	7	NA	donor_equal_mean_log1p_CP10K	0.04840623416515335	NA	NA	NA	NA	NA:descriptive only	NA	DONE	DESCRIPTIVE_SOURCE_ONLY	Uhlitz original count matrix and annotation	Uhlitz	ALL	Endothelial	hsa:8501	7	480	0.04840623416515335	0.059457034110879284	per_cell_log1p_10000_full_gene_UMI_then_donor_mean	0.6566103359253886
COAD	Uhlitz	06_EXTERNAL	20260922T141755Z_source_contract_sc_v2	COAD_source_contract_sc_v2	sc_expression_source	NA	NA	SLC43A2	author_source_donor_label	7	NA	donor_equal_mean_log1p_CP10K	0.04362006256050478	NA	NA	NA	NA	NA:descriptive only	NA	DONE	DESCRIPTIVE_SOURCE_ONLY	Uhlitz original count matrix and annotation	Uhlitz	ALL	Endothelial	hsa:124935	7	480	0.04362006256050478	0.05180748667445055	per_cell_log1p_10000_full_gene_UMI_then_donor_mean	0.06542692639887429
COAD	Uhlitz	06_EXTERNAL	20260922T141755Z_source_contract_sc_v2	COAD_source_contract_sc_v2	sc_expression_source	NA	NA	SLC43A3	author_source_donor_label	7	NA	donor_equal_mean_log1p_CP10K	0.002187109564701471	NA	NA	NA	NA	NA:descriptive only	NA	DONE	DESCRIPTIVE_SOURCE_ONLY	Uhlitz original count matrix and annotation	Uhlitz	ALL	Endothelial	hsa:29015	7	480	0.002187109564701471	0.003861003861003861	per_cell_log1p_10000_full_gene_UMI_then_donor_mean	0.116873209769076
COAD	Uhlitz	06_EXTERNAL	20260922T141755Z_source_contract_sc_v2	COAD_source_contract_sc_v2	sc_expression_source	NA	NA	SLC45A1	author_source_donor_label	7	NA	donor_equal_mean_log1p_CP10K	0.018234915020950537	NA	NA	NA	NA	NA:descriptive only	NA	DONE	DESCRIPTIVE_SOURCE_ONLY	Uhlitz original count matrix and annotation	Uhlitz	ALL	Endothelial	hsa:50651	7	480	0.018234915020950537	0.017704474906372343	per_cell_log1p_10000_full_gene_UMI_then_donor_mean	0.6105562620764415
COAD	Uhlitz	06_EXTERNAL	20260922T141755Z_source_contract_sc_v2	COAD_source_contract_sc_v2	sc_expression_source	NA	NA	SLC45A2	author_source_donor_label	7	NA	donor_equal_mean_log1p_CP10K	0.0	NA	NA	NA	NA	NA:descriptive only	NA	DONE	DESCRIPTIVE_SOURCE_ONLY	Uhlitz original count matrix and annotation	Uhlitz	ALL	Endothelial	hsa:51151	7	480	0.0	0.0	per_cell_log1p_10000_full_gene_UMI_then_donor_mean	0.0
COAD	Uhlitz	06_EXTERNAL	20260922T141755Z_source_contract_sc_v2	COAD_source_contract_sc_v2	sc_expression_source	NA	NA	SLC45A4	author_source_donor_label	7	NA	donor_equal_mean_log1p_CP10K	0.11613815380423911	NA	NA	NA	NA	NA:descriptive only	NA	DONE	DESCRIPTIVE_SOURCE_ONLY	Uhlitz original count matrix and annotation	Uhlitz	ALL	Endothelial	hsa:57210	7	480	0.11613815380423911	0.1021262103837013	per_cell_log1p_10000_full_gene_UMI_then_donor_mean	1.0
COAD	Uhlitz	06_EXTERNAL	20260922T141755Z_source_contract_sc_v2	COAD_source_contract_sc_v2	sc_expression_source	NA	NA	SLC47A1	author_source_donor_label	7	NA	donor_equal_mean_log1p_CP10K	0.0	NA	NA	NA	NA	NA:descriptive only	NA	DONE	DESCRIPTIVE_SOURCE_ONLY	Uhlitz original count matrix and annotation	Uhlitz	ALL	Endothelial	hsa:55244	7	480	0.0	0.0	per_cell_log1p_10000_full_gene_UMI_then_donor_mean	0.0
COAD	Uhlitz	06_EXTERNAL	20260922T141755Z_source_contract_sc_v2	COAD_source_contract_sc_v2	sc_expression_source	NA	NA	SLC47A2	author_source_donor_label	7	NA	donor_equal_mean_log1p_CP10K	0.0	NA	NA	NA	NA	NA:descriptive only	NA	DONE	DESCRIPTIVE_SOURCE_ONLY	Uhlitz original count matrix and annotation	Uhlitz	ALL	Endothelial	hsa:146802	7	480	0.0	0.0	per_cell_log1p_10000_full_gene_UMI_then_donor_mean	0.0
COAD	Uhlitz	06_EXTERNAL	20260922T141755Z_source_contract_sc_v2	COAD_source_contract_sc_v2	sc_expression_source	NA	NA	SLC5A1	author_source_donor_label	7	NA	donor_equal_mean_log1p_CP10K	0.006073058967697539	NA	NA	NA	NA	NA:descriptive only	NA	DONE	DESCRIPTIVE_SOURCE_ONLY	Uhlitz original count matrix and annotation	Uhlitz	ALL	Endothelial	hsa:6523	7	480	0.006073058967697539	0.007730936963129377	per_cell_log1p_10000_full_gene_UMI_then_donor_mean	0.024799523224202792
COAD	Uhlitz	06_EXTERNAL	20260922T141755Z_source_contract_sc_v2	COAD_source_contract_sc_v2	sc_expression_source	NA	NA	SLC5A11	author_source_donor_label	7	NA	donor_equal_mean_log1p_CP10K	0.0	NA	NA	NA	NA	NA:descriptive only	NA	DONE	DESCRIPTIVE_SOURCE_ONLY	Uhlitz original count matrix and annotation	Uhlitz	ALL	Endothelial	hsa:115584	7	480	0.0	0.0	per_cell_log1p_10000_full_gene_UMI_then_donor_mean	0.0
COAD	Uhlitz	06_EXTERNAL	20260922T141755Z_source_contract_sc_v2	COAD_source_contract_sc_v2	sc_expression_source	NA	NA	SLC5A2	author_source_donor_label	7	NA	donor_equal_mean_log1p_CP10K	0.0	NA	NA	NA	NA	NA:descriptive only	NA	DONE	DESCRIPTIVE_SOURCE_ONLY	Uhlitz original count matrix and annotation	Uhlitz	ALL	Endothelial	hsa:6524	7	480	0.0	0.0	per_cell_log1p_10000_full_gene_UMI_then_donor_mean	0.0
COAD	Uhlitz	06_EXTERNAL	20260922T141755Z_source_contract_sc_v2	COAD_source_contract_sc_v2	sc_expression_source	NA	NA	SLC5A6	author_source_donor_label	7	NA	donor_equal_mean_log1p_CP10K	0.029539550368662255	NA	NA	NA	NA	NA:descriptive only	NA	DONE	DESCRIPTIVE_SOURCE_ONLY	Uhlitz original count matrix and annotation	Uhlitz	ALL	Endothelial	hsa:8884	7	480	0.029539550368662255	0.035088173712928925	per_cell_log1p_10000_full_gene_UMI_then_donor_mean	0.3604713048207656
COAD	Uhlitz	06_EXTERNAL	20260922T141755Z_source_contract_sc_v2	COAD_source_contract_sc_v2	sc_expression_source	NA	NA	SLC5A8	author_source_donor_label	7	NA	donor_equal_mean_log1p_CP10K	0.0	NA	NA	NA	NA	NA:descriptive only	NA	DONE	DESCRIPTIVE_SOURCE_ONLY	Uhlitz original count matrix and annotation	Uhlitz	ALL	Endothelial	hsa:160728	7	480	0.0	0.0	per_cell_log1p_10000_full_gene_UMI_then_donor_mean	0.0
COAD	Uhlitz	06_EXTERNAL	20260922T141755Z_source_contract_sc_v2	COAD_source_contract_sc_v2	sc_expression_source	NA	NA	SLC60A2	author_source_donor_label	7	NA	donor_equal_mean_log1p_CP10K	NA	NA	NA	NA	NA	NA:descriptive only	NA	NOT_EVALUABLE	GENE_MISSING_OR_IDENTITY_HOLD	Uhlitz original count matrix and annotation	Uhlitz	ALL	Endothelial	hsa:91749	7	480	NA	NA	per_cell_log1p_10000_full_gene_UMI_then_donor_mean	NA
COAD	Uhlitz	06_EXTERNAL	20260922T141755Z_source_contract_sc_v2	COAD_source_contract_sc_v2	sc_expression_source	NA	NA	SLC6A1	author_source_donor_label	7	NA	donor_equal_mean_log1p_CP10K	0.003639703529161459	NA	NA	NA	NA	NA:descriptive only	NA	DONE	DESCRIPTIVE_SOURCE_ONLY	Uhlitz original count matrix and annotation	Uhlitz	ALL	Endothelial	hsa:6529	7	480	0.003639703529161459	0.0068441018869776415	per_cell_log1p_10000_full_gene_UMI_then_donor_mean	0.03594164320960246
COAD	Uhlitz	06_EXTERNAL	20260922T141755Z_source_contract_sc_v2	COAD_source_contract_sc_v2	sc_expression_source	NA	NA	SLC36A2	author_source_donor_label	12	NA	donor_equal_mean_log1p_CP10K	NA	NA	NA	NA	NA	NA:descriptive only	NA	NOT_EVALUABLE	GENE_MISSING_OR_IDENTITY_HOLD	Uhlitz original count matrix and annotation	Uhlitz	ALL	Epithelial	hsa:153201	12	13373	NA	NA	per_cell_log1p_10000_full_gene_UMI_then_donor_mean	NA
COAD	Uhlitz	06_EXTERNAL	20260922T141755Z_source_contract_sc_v2	COAD_source_contract_sc_v2	sc_expression_source	NA	NA	SLC36A4	author_source_donor_label	12	NA	donor_equal_mean_log1p_CP10K	0.07108509240253545	NA	NA	NA	NA	NA:descriptive only	NA	DONE	DESCRIPTIVE_SOURCE_ONLY	Uhlitz original count matrix and annotation	Uhlitz	ALL	Epithelial	hsa:120103	12	13373	0.07108509240253545	0.07116284452310777	per_cell_log1p_10000_full_gene_UMI_then_donor_mean	0.28497044879458033
COAD	Uhlitz	06_EXTERNAL	20260922T141755Z_source_contract_sc_v2	COAD_source_contract_sc_v2	sc_expression_source	NA	NA	SLC38A1	author_source_donor_label	12	NA	donor_equal_mean_log1p_CP10K	0.6708671172898534	NA	NA	NA	NA	NA:descriptive only	NA	DONE	DESCRIPTIVE_SOURCE_ONLY	Uhlitz original count matrix and annotation	Uhlitz	ALL	Epithelial	hsa:81539	12	13373	0.6708671172898534	0.479639006737026	per_cell_log1p_10000_full_gene_UMI_then_donor_mean	0.8381018469154786
COAD	Uhlitz	06_EXTERNAL	20260922T141755Z_source_contract_sc_v2	COAD_source_contract_sc_v2	sc_expression_source	NA	NA	SLC38A10	author_source_donor_label	12	NA	donor_equal_mean_log1p_CP10K	0.3054231407320383	NA	NA	NA	NA	NA:descriptive only	NA	DONE	DESCRIPTIVE_SOURCE_ONLY	Uhlitz original count matrix and annotation	Uhlitz	ALL	Epithelial	hsa:124565	12	13373	0.3054231407320383	0.27210410286683995	per_cell_log1p_10000_full_gene_UMI_then_donor_mean	0.8395640709547171
COAD	Uhlitz	06_EXTERNAL	20260922T141755Z_source_contract_sc_v2	COAD_source_contract_sc_v2	sc_expression_source	NA	NA	SLC38A2	author_source_donor_label	12	NA	donor_equal_mean_log1p_CP10K	1.0057705385718119	NA	NA	NA	NA	NA:descriptive only	NA	DONE	DESCRIPTIVE_SOURCE_ONLY	Uhlitz original count matrix and annotation	Uhlitz	ALL	Epithelial	hsa:54407	12	13373	1.0057705385718119	0.6107477860685625	per_cell_log1p_10000_full_gene_UMI_then_donor_mean	0.6713331269244782
COAD	Uhlitz	06_EXTERNAL	20260922T141755Z_source_contract_sc_v2	COAD_source_contract_sc_v2	sc_expression_source	NA	NA	SLC38A3	author_source_donor_label	12	NA	donor_equal_mean_log1p_CP10K	0.0008113448383826627	NA	NA	NA	NA	NA:descriptive only	NA	DONE	DESCRIPTIVE_SOURCE_ONLY	Uhlitz original count matrix and annotation	Uhlitz	ALL	Epithelial	hsa:10991	12	13373	0.0008113448383826627	0.0013773834967494303	per_cell_log1p_10000_full_gene_UMI_then_donor_mean	0.341786691874937
COAD	Uhlitz	06_EXTERNAL	20260922T141755Z_source_contract_sc_v2	COAD_source_contract_sc_v2	sc_expression_source	NA	NA	SLC38A4	author_source_donor_label	12	NA	donor_equal_mean_log1p_CP10K	0.008516509669730268	NA	NA	NA	NA	NA:descriptive only	NA	DONE	DESCRIPTIVE_SOURCE_ONLY	Uhlitz original count matrix and annotation	Uhlitz	ALL	Epithelial	hsa:55089	12	13373	0.008516509669730268	0.009718960121778428	per_cell_log1p_10000_full_gene_UMI_then_donor_mean	1.0
COAD	Uhlitz	06_EXTERNAL	20260922T141755Z_source_contract_sc_v2	COAD_source_contract_sc_v2	sc_expression_source	NA	NA	SLC38A6	author_source_donor_label	12	NA	donor_equal_mean_log1p_CP10K	0.023402705688767164	NA	NA	NA	NA	NA:descriptive only	NA	DONE	DESCRIPTIVE_SOURCE_ONLY	Uhlitz original count matrix and annotation	Uhlitz	ALL	Epithelial	hsa:145389	12	13373	0.023402705688767164	0.026766051355717815	per_cell_log1p_10000_full_gene_UMI_then_donor_mean	0.25651174122113146
COAD	Uhlitz	06_EXTERNAL	20260922T141755Z_source_contract_sc_v2	COAD_source_contract_sc_v2	sc_expression_source	NA	NA	SLC38A7	author_source_donor_label	12	NA	donor_equal_mean_log1p_CP10K	0.05484691138851163	NA	NA	NA	NA	NA:descriptive only	NA	DONE	DESCRIPTIVE_SOURCE_ONLY	Uhlitz original count matrix and annotation	Uhlitz	ALL	Epithelial	hsa:55238	12	13373	0.05484691138851163	0.06487505406979902	per_cell_log1p_10000_full_gene_UMI_then_donor_mean	0.4932716183169524
COAD	Uhlitz	06_EXTERNAL	20260922T141755Z_source_contract_sc_v2	COAD_source_contract_sc_v2	sc_expression_source	NA	NA	SLC38A8	author_source_donor_label	12	NA	donor_equal_mean_log1p_CP10K	NA	NA	NA	NA	NA	NA:descriptive only	NA	NOT_EVALUABLE	GENE_MISSING_OR_IDENTITY_HOLD	Uhlitz original count matrix and annotation	Uhlitz	ALL	Epithelial	hsa:146167	12	13373	NA	NA	per_cell_log1p_10000_full_gene_UMI_then_donor_mean	NA
COAD	Uhlitz	06_EXTERNAL	20260922T141755Z_source_contract_sc_v2	COAD_source_contract_sc_v2	sc_expression_source	NA	NA	SLC38A9	author_source_donor_label	12	NA	donor_equal_mean_log1p_CP10K	0.047378425020281306	NA	NA	NA	NA	NA:descriptive only	NA	DONE	DESCRIPTIVE_SOURCE_ONLY	Uhlitz original count matrix and annotation	Uhlitz	ALL	Epithelial	hsa:153129	12	13373	0.047378425020281306	0.05296846085622526	per_cell_log1p_10000_full_gene_UMI_then_donor_mean	0.6881278596504584
COAD	Uhlitz	06_EXTERNAL	20260922T141755Z_source_contract_sc_v2	COAD_source_contract_sc_v2	sc_expression_source	NA	NA	SLC43A1	author_source_donor_label	12	NA	donor_equal_mean_log1p_CP10K	0.07243359436167826	NA	NA	NA	NA	NA:descriptive only	NA	DONE	DESCRIPTIVE_SOURCE_ONLY	Uhlitz original count matrix and annotation	Uhlitz	ALL	Epithelial	hsa:8501	12	13373	0.07243359436167826	0.07856515489557885	per_cell_log1p_10000_full_gene_UMI_then_donor_mean	0.9825314351832567
COAD	Uhlitz	06_EXTERNAL	20260922T141755Z_source_contract_sc_v2	COAD_source_contract_sc_v2	sc_expression_source	NA	NA	SLC43A2	author_source_donor_label	12	NA	donor_equal_mean_log1p_CP10K	0.10068687017288447	NA	NA	NA	NA	NA:descriptive only	NA	DONE	DESCRIPTIVE_SOURCE_ONLY	Uhlitz original count matrix and annotation	Uhlitz	ALL	Epithelial	hsa:124935	12	13373	0.10068687017288447	0.10128566240702329	per_cell_log1p_10000_full_gene_UMI_then_donor_mean	0.15102299394909666
COAD	Uhlitz	06_EXTERNAL	20260922T141755Z_source_contract_sc_v2	COAD_source_contract_sc_v2	sc_expression_source	NA	NA	SLC43A3	author_source_donor_label	12	NA	donor_equal_mean_log1p_CP10K	0.0019272029484965947	NA	NA	NA	NA	NA:descriptive only	NA	DONE	DESCRIPTIVE_SOURCE_ONLY	Uhlitz original count matrix and annotation	Uhlitz	ALL	Epithelial	hsa:29015	12	13373	0.0019272029484965947	0.002405634038757129	per_cell_log1p_10000_full_gene_UMI_then_donor_mean	0.10298450434419111
COAD	Uhlitz	06_EXTERNAL	20260922T141755Z_source_contract_sc_v2	COAD_source_contract_sc_v2	sc_expression_source	NA	NA	SLC45A1	author_source_donor_label	12	NA	donor_equal_mean_log1p_CP10K	0.0005546536748535441	NA	NA	NA	NA	NA:descriptive only	NA	DONE	DESCRIPTIVE_SOURCE_ONLY	Uhlitz original count matrix and annotation	Uhlitz	ALL	Epithelial	hsa:50651	12	13373	0.0005546536748535441	0.0003409581811381252	per_cell_log1p_10000_full_gene_UMI_then_donor_mean	0.018571365650809756
COAD	Uhlitz	06_EXTERNAL	20260922T141755Z_source_contract_sc_v2	COAD_source_contract_sc_v2	sc_expression_source	NA	NA	SLC45A2	author_source_donor_label	12	NA	donor_equal_mean_log1p_CP10K	0.0006695208377576813	NA	NA	NA	NA	NA:descriptive only	NA	DONE	DESCRIPTIVE_SOURCE_ONLY	Uhlitz original count matrix and annotation	Uhlitz	ALL	Epithelial	hsa:51151	12	13373	0.0006695208377576813	0.0005539930415052574	per_cell_log1p_10000_full_gene_UMI_then_donor_mean	0.6671043366691033
COAD	Uhlitz	06_EXTERNAL	20260922T141755Z_source_contract_sc_v2	COAD_source_contract_sc_v2	sc_expression_source	NA	NA	SLC45A4	author_source_donor_label	12	NA	donor_equal_mean_log1p_CP10K	0.10180796026688542	NA	NA	NA	NA	NA:descriptive only	NA	DONE	DESCRIPTIVE_SOURCE_ONLY	Uhlitz original count matrix and annotation	Uhlitz	ALL	Epithelial	hsa:57210	12	13373	0.10180796026688542	0.10340280281204715	per_cell_log1p_10000_full_gene_UMI_then_donor_mean	0.876610803013896
COAD	Uhlitz	06_EXTERNAL	20260922T141755Z_source_contract_sc_v2	COAD_source_contract_sc_v2	sc_expression_source	NA	NA	SLC47A1	author_source_donor_label	12	NA	donor_equal_mean_log1p_CP10K	0.000577004874152486	NA	NA	NA	NA	NA:descriptive only	NA	DONE	DESCRIPTIVE_SOURCE_ONLY	Uhlitz original count matrix and annotation	Uhlitz	ALL	Epithelial	hsa:55244	12	13373	0.000577004874152486	0.0006099163309991326	per_cell_log1p_10000_full_gene_UMI_then_donor_mean	0.056683808458682275
COAD	Uhlitz	06_EXTERNAL	20260922T141755Z_source_contract_sc_v2	COAD_source_contract_sc_v2	sc_expression_source	NA	NA	SLC47A2	author_source_donor_label	12	NA	donor_equal_mean_log1p_CP10K	0.0004523136209446975	NA	NA	NA	NA	NA:descriptive only	NA	DONE	DESCRIPTIVE_SOURCE_ONLY	Uhlitz original count matrix and annotation	Uhlitz	ALL	Epithelial	hsa:146802	12	13373	0.0004523136209446975	0.0004025121541742467	per_cell_log1p_10000_full_gene_UMI_then_donor_mean	1.0
COAD	Uhlitz	06_EXTERNAL	20260922T141755Z_source_contract_sc_v2	COAD_source_contract_sc_v2	sc_expression_source	NA	NA	SLC5A1	author_source_donor_label	12	NA	donor_equal_mean_log1p_CP10K	0.24488611788191852	NA	NA	NA	NA	NA:descriptive only	NA	DONE	DESCRIPTIVE_SOURCE_ONLY	Uhlitz original count matrix and annotation	Uhlitz	ALL	Epithelial	hsa:6523	12	13373	0.24488611788191852	0.2264557854534698	per_cell_log1p_10000_full_gene_UMI_then_donor_mean	1.0
COAD	Uhlitz	06_EXTERNAL	20260922T141755Z_source_contract_sc_v2	COAD_source_contract_sc_v2	sc_expression_source	NA	NA	SLC5A11	author_source_donor_label	12	NA	donor_equal_mean_log1p_CP10K	0.0016730706085452017	NA	NA	NA	NA	NA:descriptive only	NA	DONE	DESCRIPTIVE_SOURCE_ONLY	Uhlitz original count matrix and annotation	Uhlitz	ALL	Epithelial	hsa:115584	12	13373	0.0016730706085452017	0.001218812863021044	per_cell_log1p_10000_full_gene_UMI_then_donor_mean	1.0
COAD	Uhlitz	06_EXTERNAL	20260922T141755Z_source_contract_sc_v2	COAD_source_contract_sc_v2	sc_expression_source	NA	NA	SLC5A2	author_source_donor_label	12	NA	donor_equal_mean_log1p_CP10K	0.0004979066598829867	NA	NA	NA	NA	NA:descriptive only	NA	DONE	DESCRIPTIVE_SOURCE_ONLY	Uhlitz original count matrix and annotation	Uhlitz	ALL	Epithelial	hsa:6524	12	13373	0.0004979066598829867	0.0005762875355302108	per_cell_log1p_10000_full_gene_UMI_then_donor_mean	0.9338415279701653
COAD	Uhlitz	06_EXTERNAL	20260922T141755Z_source_contract_sc_v2	COAD_source_contract_sc_v2	sc_expression_source	NA	NA	SLC5A6	author_source_donor_label	12	NA	donor_equal_mean_log1p_CP10K	0.08194702317109522	NA	NA	NA	NA	NA:descriptive only	NA	DONE	DESCRIPTIVE_SOURCE_ONLY	Uhlitz original count matrix and annotation	Uhlitz	ALL	Epithelial	hsa:8884	12	13373	0.08194702317109522	0.09080217914279597	per_cell_log1p_10000_full_gene_UMI_then_donor_mean	1.0
COAD	Uhlitz	06_EXTERNAL	20260922T141755Z_source_contract_sc_v2	COAD_source_contract_sc_v2	sc_expression_source	NA	NA	SLC5A8	author_source_donor_label	12	NA	donor_equal_mean_log1p_CP10K	0.003946658803168552	NA	NA	NA	NA	NA:descriptive only	NA	DONE	DESCRIPTIVE_SOURCE_ONLY	Uhlitz original count matrix and annotation	Uhlitz	ALL	Epithelial	hsa:160728	12	13373	0.003946658803168552	0.0037533959587134815	per_cell_log1p_10000_full_gene_UMI_then_donor_mean	1.0
COAD	Uhlitz	06_EXTERNAL	20260922T141755Z_source_contract_sc_v2	COAD_source_contract_sc_v2	sc_expression_source	NA	NA	SLC60A2	author_source_donor_label	12	NA	donor_equal_mean_log1p_CP10K	NA	NA	NA	NA	NA	NA:descriptive only	NA	NOT_EVALUABLE	GENE_MISSING_OR_IDENTITY_HOLD	Uhlitz original count matrix and annotation	Uhlitz	ALL	Epithelial	hsa:91749	12	13373	NA	NA	per_cell_log1p_10000_full_gene_UMI_then_donor_mean	NA
COAD	Uhlitz	06_EXTERNAL	20260922T141755Z_source_contract_sc_v2	COAD_source_contract_sc_v2	sc_expression_source	NA	NA	SLC6A1	author_source_donor_label	12	NA	donor_equal_mean_log1p_CP10K	0.0	NA	NA	NA	NA	NA:descriptive only	NA	DONE	DESCRIPTIVE_SOURCE_ONLY	Uhlitz original count matrix and annotation	Uhlitz	ALL	Epithelial	hsa:6529	12	13373	0.0	0.0	per_cell_log1p_10000_full_gene_UMI_then_donor_mean	0.0
COAD	Uhlitz	06_EXTERNAL	20260922T141755Z_source_contract_sc_v2	COAD_source_contract_sc_v2	sc_expression_source	NA	NA	SLC36A2	author_source_donor_label	10	NA	donor_equal_mean_log1p_CP10K	NA	NA	NA	NA	NA	NA:descriptive only	NA	NOT_EVALUABLE	GENE_MISSING_OR_IDENTITY_HOLD	Uhlitz original count matrix and annotation	Uhlitz	ALL	Fibroblast	hsa:153201	10	1315	NA	NA	per_cell_log1p_10000_full_gene_UMI_then_donor_mean	NA
COAD	Uhlitz	06_EXTERNAL	20260922T141755Z_source_contract_sc_v2	COAD_source_contract_sc_v2	sc_expression_source	NA	NA	SLC36A4	author_source_donor_label	10	NA	donor_equal_mean_log1p_CP10K	0.11726211412572644	NA	NA	NA	NA	NA:descriptive only	NA	DONE	DESCRIPTIVE_SOURCE_ONLY	Uhlitz original count matrix and annotation	Uhlitz	ALL	Fibroblast	hsa:120103	10	1315	0.11726211412572644	0.13888019824740236	per_cell_log1p_10000_full_gene_UMI_then_donor_mean	0.47008783641698826
COAD	Uhlitz	06_EXTERNAL	20260922T141755Z_source_contract_sc_v2	COAD_source_contract_sc_v2	sc_expression_source	NA	NA	SLC38A1	author_source_donor_label	10	NA	donor_equal_mean_log1p_CP10K	0.12987570910089646	NA	NA	NA	NA	NA:descriptive only	NA	DONE	DESCRIPTIVE_SOURCE_ONLY	Uhlitz original count matrix and annotation	Uhlitz	ALL	Fibroblast	hsa:81539	10	1315	0.12987570910089646	0.1142484122060556	per_cell_log1p_10000_full_gene_UMI_then_donor_mean	0.1622513145474227
COAD	Uhlitz	06_EXTERNAL	20260922T141755Z_source_contract_sc_v2	COAD_source_contract_sc_v2	sc_expression_source	NA	NA	SLC38A10	author_source_donor_label	10	NA	donor_equal_mean_log1p_CP10K	0.34005489874463324	NA	NA	NA	NA	NA:descriptive only	NA	DONE	DESCRIPTIVE_SOURCE_ONLY	Uhlitz original count matrix and annotation	Uhlitz	ALL	Fibroblast	hsa:124565	10	1315	0.34005489874463324	0.3422832538488099	per_cell_log1p_10000_full_gene_UMI_then_donor_mean	0.9347617683907543
COAD	Uhlitz	06_EXTERNAL	20260922T141755Z_source_contract_sc_v2	COAD_source_contract_sc_v2	sc_expression_source	NA	NA	SLC38A2	author_source_donor_label	10	NA	donor_equal_mean_log1p_CP10K	1.366354782345902	NA	NA	NA	NA	NA:descriptive only	NA	DONE	DESCRIPTIVE_SOURCE_ONLY	Uhlitz original count matrix and annotation	Uhlitz	ALL	Fibroblast	hsa:54407	10	1315	1.366354782345902	0.8238346806784657	per_cell_log1p_10000_full_gene_UMI_then_donor_mean	0.9120164026906376
COAD	Uhlitz	06_EXTERNAL	20260922T141755Z_source_contract_sc_v2	COAD_source_contract_sc_v2	sc_expression_source	NA	NA	SLC38A3	author_source_donor_label	10	NA	donor_equal_mean_log1p_CP10K	0.0	NA	NA	NA	NA	NA:descriptive only	NA	DONE	DESCRIPTIVE_SOURCE_ONLY	Uhlitz original count matrix and annotation	Uhlitz	ALL	Fibroblast	hsa:10991	10	1315	0.0	0.0	per_cell_log1p_10000_full_gene_UMI_then_donor_mean	0.0
COAD	Uhlitz	06_EXTERNAL	20260922T141755Z_source_contract_sc_v2	COAD_source_contract_sc_v2	sc_expression_source	NA	NA	SLC38A4	author_source_donor_label	10	NA	donor_equal_mean_log1p_CP10K	0.00806049313811379	NA	NA	NA	NA	NA:descriptive only	NA	DONE	DESCRIPTIVE_SOURCE_ONLY	Uhlitz original count matrix and annotation	Uhlitz	ALL	Fibroblast	hsa:55089	10	1315	0.00806049313811379	0.013149069207551902	per_cell_log1p_10000_full_gene_UMI_then_donor_mean	0.9464549974930109
COAD	Uhlitz	06_EXTERNAL	20260922T141755Z_source_contract_sc_v2	COAD_source_contract_sc_v2	sc_expression_source	NA	NA	SLC38A6	author_source_donor_label	10	NA	donor_equal_mean_log1p_CP10K	0.0641528245638919	NA	NA	NA	NA	NA:descriptive only	NA	DONE	DESCRIPTIVE_SOURCE_ONLY	Uhlitz original count matrix and annotation	Uhlitz	ALL	Fibroblast	hsa:145389	10	1315	0.0641528245638919	0.07874097481141343	per_cell_log1p_10000_full_gene_UMI_then_donor_mean	0.7031645379805918
COAD	Uhlitz	06_EXTERNAL	20260922T141755Z_source_contract_sc_v2	COAD_source_contract_sc_v2	sc_expression_source	NA	NA	SLC38A7	author_source_donor_label	10	NA	donor_equal_mean_log1p_CP10K	0.08790698198377868	NA	NA	NA	NA	NA:descriptive only	NA	DONE	DESCRIPTIVE_SOURCE_ONLY	Uhlitz original count matrix and annotation	Uhlitz	ALL	Fibroblast	hsa:55238	10	1315	0.08790698198377868	0.1071547392883665	per_cell_log1p_10000_full_gene_UMI_then_donor_mean	0.7906009320623363
COAD	Uhlitz	06_EXTERNAL	20260922T141755Z_source_contract_sc_v2	COAD_source_contract_sc_v2	sc_expression_source	NA	NA	SLC38A8	author_source_donor_label	10	NA	donor_equal_mean_log1p_CP10K	NA	NA	NA	NA	NA	NA:descriptive only	NA	NOT_EVALUABLE	GENE_MISSING_OR_IDENTITY_HOLD	Uhlitz original count matrix and annotation	Uhlitz	ALL	Fibroblast	hsa:146167	10	1315	NA	NA	per_cell_log1p_10000_full_gene_UMI_then_donor_mean	NA
COAD	Uhlitz	06_EXTERNAL	20260922T141755Z_source_contract_sc_v2	COAD_source_contract_sc_v2	sc_expression_source	NA	NA	SLC38A9	author_source_donor_label	10	NA	donor_equal_mean_log1p_CP10K	0.055695197792839136	NA	NA	NA	NA	NA:descriptive only	NA	DONE	DESCRIPTIVE_SOURCE_ONLY	Uhlitz original count matrix and annotation	Uhlitz	ALL	Fibroblast	hsa:153129	10	1315	0.055695197792839136	0.06055963509529729	per_cell_log1p_10000_full_gene_UMI_then_donor_mean	0.8089213019130401
COAD	Uhlitz	06_EXTERNAL	20260922T141755Z_source_contract_sc_v2	COAD_source_contract_sc_v2	sc_expression_source	NA	NA	SLC43A1	author_source_donor_label	10	NA	donor_equal_mean_log1p_CP10K	0.07372140144113386	NA	NA	NA	NA	NA:descriptive only	NA	DONE	DESCRIPTIVE_SOURCE_ONLY	Uhlitz original count matrix and annotation	Uhlitz	ALL	Fibroblast	hsa:8501	10	1315	0.07372140144113386	0.09714003922324671	per_cell_log1p_10000_full_gene_UMI_then_donor_mean	1.0
COAD	Uhlitz	06_EXTERNAL	20260922T141755Z_source_contract_sc_v2	COAD_source_contract_sc_v2	sc_expression_source	NA	NA	SLC43A2	author_source_donor_label	10	NA	donor_equal_mean_log1p_CP10K	0.061548708573804754	NA	NA	NA	NA	NA:descriptive only	NA	DONE	DESCRIPTIVE_SOURCE_ONLY	Uhlitz original count matrix and annotation	Uhlitz	ALL	Fibroblast	hsa:124935	10	1315	0.061548708573804754	0.07293356107326057	per_cell_log1p_10000_full_gene_UMI_then_donor_mean	0.09231859354209715
COAD	Uhlitz	06_EXTERNAL	20260922T141755Z_source_contract_sc_v2	COAD_source_contract_sc_v2	sc_expression_source	NA	NA	SLC43A3	author_source_donor_label	10	NA	donor_equal_mean_log1p_CP10K	0.0007579157744207173	NA	NA	NA	NA	NA:descriptive only	NA	DONE	DESCRIPTIVE_SOURCE_ONLY	Uhlitz original count matrix and annotation	Uhlitz	ALL	Fibroblast	hsa:29015	10	1315	0.0007579157744207173	0.0012234778969058887	per_cell_log1p_10000_full_gene_UMI_then_donor_mean	0.04050096562183695
COAD	Uhlitz	06_EXTERNAL	20260922T141755Z_source_contract_sc_v2	COAD_source_contract_sc_v2	sc_expression_source	NA	NA	SLC45A1	author_source_donor_label	10	NA	donor_equal_mean_log1p_CP10K	0.02986606829473079	NA	NA	NA	NA	NA:descriptive only	NA	DONE	DESCRIPTIVE_SOURCE_ONLY	Uhlitz original count matrix and annotation	Uhlitz	ALL	Fibroblast	hsa:50651	10	1315	0.02986606829473079	0.03443169079831669	per_cell_log1p_10000_full_gene_UMI_then_donor_mean	1.0
COAD	Uhlitz	06_EXTERNAL	20260922T141755Z_source_contract_sc_v2	COAD_source_contract_sc_v2	sc_expression_source	NA	NA	SLC45A2	author_source_donor_label	10	NA	donor_equal_mean_log1p_CP10K	0.0010036223735264797	NA	NA	NA	NA	NA:descriptive only	NA	DONE	DESCRIPTIVE_SOURCE_ONLY	Uhlitz original count matrix and annotation	Uhlitz	ALL	Fibroblast	hsa:51151	10	1315	0.0010036223735264797	0.001532567049808429	per_cell_log1p_10000_full_gene_UMI_then_donor_mean	1.0
COAD	Uhlitz	06_EXTERNAL	20260922T141755Z_source_contract_sc_v2	COAD_source_contract_sc_v2	sc_expression_source	NA	NA	SLC45A4	author_source_donor_label	10	NA	donor_equal_mean_log1p_CP10K	0.02599514661617337	NA	NA	NA	NA	NA:descriptive only	NA	DONE	DESCRIPTIVE_SOURCE_ONLY	Uhlitz original count matrix and annotation	Uhlitz	ALL	Fibroblast	hsa:57210	10	1315	0.02599514661617337	0.034501611181599785	per_cell_log1p_10000_full_gene_UMI_then_donor_mean	0.22382951480346733
COAD	Uhlitz	06_EXTERNAL	20260922T141755Z_source_contract_sc_v2	COAD_source_contract_sc_v2	sc_expression_source	NA	NA	SLC47A1	author_source_donor_label	10	NA	donor_equal_mean_log1p_CP10K	0.0003685045309591613	NA	NA	NA	NA	NA:descriptive only	NA	DONE	DESCRIPTIVE_SOURCE_ONLY	Uhlitz original count matrix and annotation	Uhlitz	ALL	Fibroblast	hsa:55244	10	1315	0.0003685045309591613	0.0002487562189054726	per_cell_log1p_10000_full_gene_UMI_then_donor_mean	0.03620115043174683
COAD	Uhlitz	06_EXTERNAL	20260922T141755Z_source_contract_sc_v2	COAD_source_contract_sc_v2	sc_expression_source	NA	NA	SLC47A2	author_source_donor_label	10	NA	donor_equal_mean_log1p_CP10K	0.0	NA	NA	NA	NA	NA:descriptive only	NA	DONE	DESCRIPTIVE_SOURCE_ONLY	Uhlitz original count matrix and annotation	Uhlitz	ALL	Fibroblast	hsa:146802	10	1315	0.0	0.0	per_cell_log1p_10000_full_gene_UMI_then_donor_mean	0.0
COAD	Uhlitz	06_EXTERNAL	20260922T141755Z_source_contract_sc_v2	COAD_source_contract_sc_v2	sc_expression_source	NA	NA	SLC5A1	author_source_donor_label	10	NA	donor_equal_mean_log1p_CP10K	0.004776434007417922	NA	NA	NA	NA	NA:descriptive only	NA	DONE	DESCRIPTIVE_SOURCE_ONLY	Uhlitz original count matrix and annotation	Uhlitz	ALL	Fibroblast	hsa:6523	10	1315	0.004776434007417922	0.006210917457724211	per_cell_log1p_10000_full_gene_UMI_then_donor_mean	0.019504715288602214
COAD	Uhlitz	06_EXTERNAL	20260922T141755Z_source_contract_sc_v2	COAD_source_contract_sc_v2	sc_expression_source	NA	NA	SLC5A11	author_source_donor_label	10	NA	donor_equal_mean_log1p_CP10K	0.0008132525577664449	NA	NA	NA	NA	NA:descriptive only	NA	DONE	DESCRIPTIVE_SOURCE_ONLY	Uhlitz original count matrix and annotation	Uhlitz	ALL	Fibroblast	hsa:115584	10	1315	0.0008132525577664449	0.0008130081300813009	per_cell_log1p_10000_full_gene_UMI_then_donor_mean	0.486083823128992
COAD	Uhlitz	06_EXTERNAL	20260922T141755Z_source_contract_sc_v2	COAD_source_contract_sc_v2	sc_expression_source	NA	NA	SLC5A2	author_source_donor_label	10	NA	donor_equal_mean_log1p_CP10K	0.0	NA	NA	NA	NA	NA:descriptive only	NA	DONE	DESCRIPTIVE_SOURCE_ONLY	Uhlitz original count matrix and annotation	Uhlitz	ALL	Fibroblast	hsa:6524	10	1315	0.0	0.0	per_cell_log1p_10000_full_gene_UMI_then_donor_mean	0.0
COAD	Uhlitz	06_EXTERNAL	20260922T141755Z_source_contract_sc_v2	COAD_source_contract_sc_v2	sc_expression_source	NA	NA	SLC5A6	author_source_donor_label	10	NA	donor_equal_mean_log1p_CP10K	0.031117678438257877	NA	NA	NA	NA	NA:descriptive only	NA	DONE	DESCRIPTIVE_SOURCE_ONLY	Uhlitz original count matrix and annotation	Uhlitz	ALL	Fibroblast	hsa:8884	10	1315	0.031117678438257877	0.043102931659526264	per_cell_log1p_10000_full_gene_UMI_then_donor_mean	0.37972921082548605
COAD	Uhlitz	06_EXTERNAL	20260922T141755Z_source_contract_sc_v2	COAD_source_contract_sc_v2	sc_expression_source	NA	NA	SLC5A8	author_source_donor_label	10	NA	donor_equal_mean_log1p_CP10K	0.0	NA	NA	NA	NA	NA:descriptive only	NA	DONE	DESCRIPTIVE_SOURCE_ONLY	Uhlitz original count matrix and annotation	Uhlitz	ALL	Fibroblast	hsa:160728	10	1315	0.0	0.0	per_cell_log1p_10000_full_gene_UMI_then_donor_mean	0.0
COAD	Uhlitz	06_EXTERNAL	20260922T141755Z_source_contract_sc_v2	COAD_source_contract_sc_v2	sc_expression_source	NA	NA	SLC60A2	author_source_donor_label	10	NA	donor_equal_mean_log1p_CP10K	NA	NA	NA	NA	NA	NA:descriptive only	NA	NOT_EVALUABLE	GENE_MISSING_OR_IDENTITY_HOLD	Uhlitz original count matrix and annotation	Uhlitz	ALL	Fibroblast	hsa:91749	10	1315	NA	NA	per_cell_log1p_10000_full_gene_UMI_then_donor_mean	NA
COAD	Uhlitz	06_EXTERNAL	20260922T141755Z_source_contract_sc_v2	COAD_source_contract_sc_v2	sc_expression_source	NA	NA	SLC6A1	author_source_donor_label	10	NA	donor_equal_mean_log1p_CP10K	0.005871283083648622	NA	NA	NA	NA	NA:descriptive only	NA	DONE	DESCRIPTIVE_SOURCE_ONLY	Uhlitz original count matrix and annotation	Uhlitz	ALL	Fibroblast	hsa:6529	10	1315	0.005871283083648622	0.005454007524542985	per_cell_log1p_10000_full_gene_UMI_then_donor_mean	0.057978228194781864
COAD	Uhlitz	06_EXTERNAL	20260922T141755Z_source_contract_sc_v2	COAD_source_contract_sc_v2	sc_expression_source	NA	NA	SLC36A2	author_source_donor_label	1	NA	donor_equal_mean_log1p_CP10K	NA	NA	NA	NA	NA	NA:descriptive only	NA	NOT_EVALUABLE	GENE_MISSING_OR_IDENTITY_HOLD	Uhlitz original count matrix and annotation	Uhlitz	ALL	Glia	hsa:153201	1	33	NA	NA	per_cell_log1p_10000_full_gene_UMI_then_donor_mean	NA
COAD	Uhlitz	06_EXTERNAL	20260922T141755Z_source_contract_sc_v2	COAD_source_contract_sc_v2	sc_expression_source	NA	NA	SLC36A4	author_source_donor_label	1	NA	donor_equal_mean_log1p_CP10K	NA	NA	NA	NA	NA	NA:descriptive only	NA	NOT_EVALUABLE	FEWER_THAN_3_DONORS_WITH_20_CELLS	Uhlitz original count matrix and annotation	Uhlitz	ALL	Glia	hsa:120103	1	33	NA	NA	per_cell_log1p_10000_full_gene_UMI_then_donor_mean	NA
COAD	Uhlitz	06_EXTERNAL	20260922T141755Z_source_contract_sc_v2	COAD_source_contract_sc_v2	sc_expression_source	NA	NA	SLC38A1	author_source_donor_label	1	NA	donor_equal_mean_log1p_CP10K	NA	NA	NA	NA	NA	NA:descriptive only	NA	NOT_EVALUABLE	FEWER_THAN_3_DONORS_WITH_20_CELLS	Uhlitz original count matrix and annotation	Uhlitz	ALL	Glia	hsa:81539	1	33	NA	NA	per_cell_log1p_10000_full_gene_UMI_then_donor_mean	NA
COAD	Uhlitz	06_EXTERNAL	20260922T141755Z_source_contract_sc_v2	COAD_source_contract_sc_v2	sc_expression_source	NA	NA	SLC38A10	author_source_donor_label	1	NA	donor_equal_mean_log1p_CP10K	NA	NA	NA	NA	NA	NA:descriptive only	NA	NOT_EVALUABLE	FEWER_THAN_3_DONORS_WITH_20_CELLS	Uhlitz original count matrix and annotation	Uhlitz	ALL	Glia	hsa:124565	1	33	NA	NA	per_cell_log1p_10000_full_gene_UMI_then_donor_mean	NA
COAD	Uhlitz	06_EXTERNAL	20260922T141755Z_source_contract_sc_v2	COAD_source_contract_sc_v2	sc_expression_source	NA	NA	SLC38A2	author_source_donor_label	1	NA	donor_equal_mean_log1p_CP10K	NA	NA	NA	NA	NA	NA:descriptive only	NA	NOT_EVALUABLE	FEWER_THAN_3_DONORS_WITH_20_CELLS	Uhlitz original count matrix and annotation	Uhlitz	ALL	Glia	hsa:54407	1	33	NA	NA	per_cell_log1p_10000_full_gene_UMI_then_donor_mean	NA
COAD	Uhlitz	06_EXTERNAL	20260922T141755Z_source_contract_sc_v2	COAD_source_contract_sc_v2	sc_expression_source	NA	NA	SLC38A3	author_source_donor_label	1	NA	donor_equal_mean_log1p_CP10K	NA	NA	NA	NA	NA	NA:descriptive only	NA	NOT_EVALUABLE	FEWER_THAN_3_DONORS_WITH_20_CELLS	Uhlitz original count matrix and annotation	Uhlitz	ALL	Glia	hsa:10991	1	33	NA	NA	per_cell_log1p_10000_full_gene_UMI_then_donor_mean	NA
COAD	Uhlitz	06_EXTERNAL	20260922T141755Z_source_contract_sc_v2	COAD_source_contract_sc_v2	sc_expression_source	NA	NA	SLC38A4	author_source_donor_label	1	NA	donor_equal_mean_log1p_CP10K	NA	NA	NA	NA	NA	NA:descriptive only	NA	NOT_EVALUABLE	FEWER_THAN_3_DONORS_WITH_20_CELLS	Uhlitz original count matrix and annotation	Uhlitz	ALL	Glia	hsa:55089	1	33	NA	NA	per_cell_log1p_10000_full_gene_UMI_then_donor_mean	NA
COAD	Uhlitz	06_EXTERNAL	20260922T141755Z_source_contract_sc_v2	COAD_source_contract_sc_v2	sc_expression_source	NA	NA	SLC38A6	author_source_donor_label	1	NA	donor_equal_mean_log1p_CP10K	NA	NA	NA	NA	NA	NA:descriptive only	NA	NOT_EVALUABLE	FEWER_THAN_3_DONORS_WITH_20_CELLS	Uhlitz original count matrix and annotation	Uhlitz	ALL	Glia	hsa:145389	1	33	NA	NA	per_cell_log1p_10000_full_gene_UMI_then_donor_mean	NA
COAD	Uhlitz	06_EXTERNAL	20260922T141755Z_source_contract_sc_v2	COAD_source_contract_sc_v2	sc_expression_source	NA	NA	SLC38A7	author_source_donor_label	1	NA	donor_equal_mean_log1p_CP10K	NA	NA	NA	NA	NA	NA:descriptive only	NA	NOT_EVALUABLE	FEWER_THAN_3_DONORS_WITH_20_CELLS	Uhlitz original count matrix and annotation	Uhlitz	ALL	Glia	hsa:55238	1	33	NA	NA	per_cell_log1p_10000_full_gene_UMI_then_donor_mean	NA
COAD	Uhlitz	06_EXTERNAL	20260922T141755Z_source_contract_sc_v2	COAD_source_contract_sc_v2	sc_expression_source	NA	NA	SLC38A8	author_source_donor_label	1	NA	donor_equal_mean_log1p_CP10K	NA	NA	NA	NA	NA	NA:descriptive only	NA	NOT_EVALUABLE	GENE_MISSING_OR_IDENTITY_HOLD	Uhlitz original count matrix and annotation	Uhlitz	ALL	Glia	hsa:146167	1	33	NA	NA	per_cell_log1p_10000_full_gene_UMI_then_donor_mean	NA
COAD	Uhlitz	06_EXTERNAL	20260922T141755Z_source_contract_sc_v2	COAD_source_contract_sc_v2	sc_expression_source	NA	NA	SLC38A9	author_source_donor_label	1	NA	donor_equal_mean_log1p_CP10K	NA	NA	NA	NA	NA	NA:descriptive only	NA	NOT_EVALUABLE	FEWER_THAN_3_DONORS_WITH_20_CELLS	Uhlitz original count matrix and annotation	Uhlitz	ALL	Glia	hsa:153129	1	33	NA	NA	per_cell_log1p_10000_full_gene_UMI_then_donor_mean	NA
COAD	Uhlitz	06_EXTERNAL	20260922T141755Z_source_contract_sc_v2	COAD_source_contract_sc_v2	sc_expression_source	NA	NA	SLC43A1	author_source_donor_label	1	NA	donor_equal_mean_log1p_CP10K	NA	NA	NA	NA	NA	NA:descriptive only	NA	NOT_EVALUABLE	FEWER_THAN_3_DONORS_WITH_20_CELLS	Uhlitz original count matrix and annotation	Uhlitz	ALL	Glia	hsa:8501	1	33	NA	NA	per_cell_log1p_10000_full_gene_UMI_then_donor_mean	NA
COAD	Uhlitz	06_EXTERNAL	20260922T141755Z_source_contract_sc_v2	COAD_source_contract_sc_v2	sc_expression_source	NA	NA	SLC43A2	author_source_donor_label	1	NA	donor_equal_mean_log1p_CP10K	NA	NA	NA	NA	NA	NA:descriptive only	NA	NOT_EVALUABLE	FEWER_THAN_3_DONORS_WITH_20_CELLS	Uhlitz original count matrix and annotation	Uhlitz	ALL	Glia	hsa:124935	1	33	NA	NA	per_cell_log1p_10000_full_gene_UMI_then_donor_mean	NA
COAD	Uhlitz	06_EXTERNAL	20260922T141755Z_source_contract_sc_v2	COAD_source_contract_sc_v2	sc_expression_source	NA	NA	SLC43A3	author_source_donor_label	1	NA	donor_equal_mean_log1p_CP10K	NA	NA	NA	NA	NA	NA:descriptive only	NA	NOT_EVALUABLE	FEWER_THAN_3_DONORS_WITH_20_CELLS	Uhlitz original count matrix and annotation	Uhlitz	ALL	Glia	hsa:29015	1	33	NA	NA	per_cell_log1p_10000_full_gene_UMI_then_donor_mean	NA
COAD	Uhlitz	06_EXTERNAL	20260922T141755Z_source_contract_sc_v2	COAD_source_contract_sc_v2	sc_expression_source	NA	NA	SLC45A1	author_source_donor_label	1	NA	donor_equal_mean_log1p_CP10K	NA	NA	NA	NA	NA	NA:descriptive only	NA	NOT_EVALUABLE	FEWER_THAN_3_DONORS_WITH_20_CELLS	Uhlitz original count matrix and annotation	Uhlitz	ALL	Glia	hsa:50651	1	33	NA	NA	per_cell_log1p_10000_full_gene_UMI_then_donor_mean	NA
COAD	Uhlitz	06_EXTERNAL	20260922T141755Z_source_contract_sc_v2	COAD_source_contract_sc_v2	sc_expression_source	NA	NA	SLC45A2	author_source_donor_label	1	NA	donor_equal_mean_log1p_CP10K	NA	NA	NA	NA	NA	NA:descriptive only	NA	NOT_EVALUABLE	FEWER_THAN_3_DONORS_WITH_20_CELLS	Uhlitz original count matrix and annotation	Uhlitz	ALL	Glia	hsa:51151	1	33	NA	NA	per_cell_log1p_10000_full_gene_UMI_then_donor_mean	NA
COAD	Uhlitz	06_EXTERNAL	20260922T141755Z_source_contract_sc_v2	COAD_source_contract_sc_v2	sc_expression_source	NA	NA	SLC45A4	author_source_donor_label	1	NA	donor_equal_mean_log1p_CP10K	NA	NA	NA	NA	NA	NA:descriptive only	NA	NOT_EVALUABLE	FEWER_THAN_3_DONORS_WITH_20_CELLS	Uhlitz original count matrix and annotation	Uhlitz	ALL	Glia	hsa:57210	1	33	NA	NA	per_cell_log1p_10000_full_gene_UMI_then_donor_mean	NA
COAD	Uhlitz	06_EXTERNAL	20260922T141755Z_source_contract_sc_v2	COAD_source_contract_sc_v2	sc_expression_source	NA	NA	SLC47A1	author_source_donor_label	1	NA	donor_equal_mean_log1p_CP10K	NA	NA	NA	NA	NA	NA:descriptive only	NA	NOT_EVALUABLE	FEWER_THAN_3_DONORS_WITH_20_CELLS	Uhlitz original count matrix and annotation	Uhlitz	ALL	Glia	hsa:55244	1	33	NA	NA	per_cell_log1p_10000_full_gene_UMI_then_donor_mean	NA
COAD	Uhlitz	06_EXTERNAL	20260922T141755Z_source_contract_sc_v2	COAD_source_contract_sc_v2	sc_expression_source	NA	NA	SLC47A2	author_source_donor_label	1	NA	donor_equal_mean_log1p_CP10K	NA	NA	NA	NA	NA	NA:descriptive only	NA	NOT_EVALUABLE	FEWER_THAN_3_DONORS_WITH_20_CELLS	Uhlitz original count matrix and annotation	Uhlitz	ALL	Glia	hsa:146802	1	33	NA	NA	per_cell_log1p_10000_full_gene_UMI_then_donor_mean	NA
COAD	Uhlitz	06_EXTERNAL	20260922T141755Z_source_contract_sc_v2	COAD_source_contract_sc_v2	sc_expression_source	NA	NA	SLC5A1	author_source_donor_label	1	NA	donor_equal_mean_log1p_CP10K	NA	NA	NA	NA	NA	NA:descriptive only	NA	NOT_EVALUABLE	FEWER_THAN_3_DONORS_WITH_20_CELLS	Uhlitz original count matrix and annotation	Uhlitz	ALL	Glia	hsa:6523	1	33	NA	NA	per_cell_log1p_10000_full_gene_UMI_then_donor_mean	NA
COAD	Uhlitz	06_EXTERNAL	20260922T141755Z_source_contract_sc_v2	COAD_source_contract_sc_v2	sc_expression_source	NA	NA	SLC5A11	author_source_donor_label	1	NA	donor_equal_mean_log1p_CP10K	NA	NA	NA	NA	NA	NA:descriptive only	NA	NOT_EVALUABLE	FEWER_THAN_3_DONORS_WITH_20_CELLS	Uhlitz original count matrix and annotation	Uhlitz	ALL	Glia	hsa:115584	1	33	NA	NA	per_cell_log1p_10000_full_gene_UMI_then_donor_mean	NA
COAD	Uhlitz	06_EXTERNAL	20260922T141755Z_source_contract_sc_v2	COAD_source_contract_sc_v2	sc_expression_source	NA	NA	SLC5A2	author_source_donor_label	1	NA	donor_equal_mean_log1p_CP10K	NA	NA	NA	NA	NA	NA:descriptive only	NA	NOT_EVALUABLE	FEWER_THAN_3_DONORS_WITH_20_CELLS	Uhlitz original count matrix and annotation	Uhlitz	ALL	Glia	hsa:6524	1	33	NA	NA	per_cell_log1p_10000_full_gene_UMI_then_donor_mean	NA
COAD	Uhlitz	06_EXTERNAL	20260922T141755Z_source_contract_sc_v2	COAD_source_contract_sc_v2	sc_expression_source	NA	NA	SLC5A6	author_source_donor_label	1	NA	donor_equal_mean_log1p_CP10K	NA	NA	NA	NA	NA	NA:descriptive only	NA	NOT_EVALUABLE	FEWER_THAN_3_DONORS_WITH_20_CELLS	Uhlitz original count matrix and annotation	Uhlitz	ALL	Glia	hsa:8884	1	33	NA	NA	per_cell_log1p_10000_full_gene_UMI_then_donor_mean	NA
COAD	Uhlitz	06_EXTERNAL	20260922T141755Z_source_contract_sc_v2	COAD_source_contract_sc_v2	sc_expression_source	NA	NA	SLC5A8	author_source_donor_label	1	NA	donor_equal_mean_log1p_CP10K	NA	NA	NA	NA	NA	NA:descriptive only	NA	NOT_EVALUABLE	FEWER_THAN_3_DONORS_WITH_20_CELLS	Uhlitz original count matrix and annotation	Uhlitz	ALL	Glia	hsa:160728	1	33	NA	NA	per_cell_log1p_10000_full_gene_UMI_then_donor_mean	NA
COAD	Uhlitz	06_EXTERNAL	20260922T141755Z_source_contract_sc_v2	COAD_source_contract_sc_v2	sc_expression_source	NA	NA	SLC60A2	author_source_donor_label	1	NA	donor_equal_mean_log1p_CP10K	NA	NA	NA	NA	NA	NA:descriptive only	NA	NOT_EVALUABLE	GENE_MISSING_OR_IDENTITY_HOLD	Uhlitz original count matrix and annotation	Uhlitz	ALL	Glia	hsa:91749	1	33	NA	NA	per_cell_log1p_10000_full_gene_UMI_then_donor_mean	NA
COAD	Uhlitz	06_EXTERNAL	20260922T141755Z_source_contract_sc_v2	COAD_source_contract_sc_v2	sc_expression_source	NA	NA	SLC6A1	author_source_donor_label	1	NA	donor_equal_mean_log1p_CP10K	NA	NA	NA	NA	NA	NA:descriptive only	NA	NOT_EVALUABLE	FEWER_THAN_3_DONORS_WITH_20_CELLS	Uhlitz original count matrix and annotation	Uhlitz	ALL	Glia	hsa:6529	1	33	NA	NA	per_cell_log1p_10000_full_gene_UMI_then_donor_mean	NA
COAD	Uhlitz	06_EXTERNAL	20260922T141755Z_source_contract_sc_v2	COAD_source_contract_sc_v2	sc_expression_source	NA	NA	SLC36A2	author_source_donor_label	8	NA	donor_equal_mean_log1p_CP10K	NA	NA	NA	NA	NA	NA:descriptive only	NA	NOT_EVALUABLE	GENE_MISSING_OR_IDENTITY_HOLD	Uhlitz original count matrix and annotation	Uhlitz	ALL	Mast	hsa:153201	8	374	NA	NA	per_cell_log1p_10000_full_gene_UMI_then_donor_mean	NA
COAD	Uhlitz	06_EXTERNAL	20260922T141755Z_source_contract_sc_v2	COAD_source_contract_sc_v2	sc_expression_source	NA	NA	SLC36A4	author_source_donor_label	8	NA	donor_equal_mean_log1p_CP10K	0.05795822618112344	NA	NA	NA	NA	NA:descriptive only	NA	DONE	DESCRIPTIVE_SOURCE_ONLY	Uhlitz original count matrix and annotation	Uhlitz	ALL	Mast	hsa:120103	8	374	0.05795822618112344	0.038323793000919926	per_cell_log1p_10000_full_gene_UMI_then_donor_mean	0.23234663088914326
COAD	Uhlitz	06_EXTERNAL	20260922T141755Z_source_contract_sc_v2	COAD_source_contract_sc_v2	sc_expression_source	NA	NA	SLC38A1	author_source_donor_label	8	NA	donor_equal_mean_log1p_CP10K	0.1523646294323619	NA	NA	NA	NA	NA:descriptive only	NA	DONE	DESCRIPTIVE_SOURCE_ONLY	Uhlitz original count matrix and annotation	Uhlitz	ALL	Mast	hsa:81539	8	374	0.1523646294323619	0.09692973361727844	per_cell_log1p_10000_full_gene_UMI_then_donor_mean	0.19034630561074659
COAD	Uhlitz	06_EXTERNAL	20260922T141755Z_source_contract_sc_v2	COAD_source_contract_sc_v2	sc_expression_source	NA	NA	SLC38A10	author_source_donor_label	8	NA	donor_equal_mean_log1p_CP10K	0.11707976773921809	NA	NA	NA	NA	NA:descriptive only	NA	DONE	DESCRIPTIVE_SOURCE_ONLY	Uhlitz original count matrix and annotation	Uhlitz	ALL	Mast	hsa:124565	8	374	0.11707976773921809	0.07234786040473144	per_cell_log1p_10000_full_gene_UMI_then_donor_mean	0.3218353599336802
COAD	Uhlitz	06_EXTERNAL	20260922T141755Z_source_contract_sc_v2	COAD_source_contract_sc_v2	sc_expression_source	NA	NA	SLC38A2	author_source_donor_label	8	NA	donor_equal_mean_log1p_CP10K	0.8566906934071776	NA	NA	NA	NA	NA:descriptive only	NA	DONE	DESCRIPTIVE_SOURCE_ONLY	Uhlitz original count matrix and annotation	Uhlitz	ALL	Mast	hsa:54407	8	374	0.8566906934071776	0.4384994603323104	per_cell_log1p_10000_full_gene_UMI_then_donor_mean	0.5718251031978067
COAD	Uhlitz	06_EXTERNAL	20260922T141755Z_source_contract_sc_v2	COAD_source_contract_sc_v2	sc_expression_source	NA	NA	SLC38A3	author_source_donor_label	8	NA	donor_equal_mean_log1p_CP10K	0.0	NA	NA	NA	NA	NA:descriptive only	NA	DONE	DESCRIPTIVE_SOURCE_ONLY	Uhlitz original count matrix and annotation	Uhlitz	ALL	Mast	hsa:10991	8	374	0.0	0.0	per_cell_log1p_10000_full_gene_UMI_then_donor_mean	0.0
COAD	Uhlitz	06_EXTERNAL	20260922T141755Z_source_contract_sc_v2	COAD_source_contract_sc_v2	sc_expression_source	NA	NA	SLC38A4	author_source_donor_label	8	NA	donor_equal_mean_log1p_CP10K	0.0	NA	NA	NA	NA	NA:descriptive only	NA	DONE	DESCRIPTIVE_SOURCE_ONLY	Uhlitz original count matrix and annotation	Uhlitz	ALL	Mast	hsa:55089	8	374	0.0	0.0	per_cell_log1p_10000_full_gene_UMI_then_donor_mean	0.0
COAD	Uhlitz	06_EXTERNAL	20260922T141755Z_source_contract_sc_v2	COAD_source_contract_sc_v2	sc_expression_source	NA	NA	SLC38A6	author_source_donor_label	8	NA	donor_equal_mean_log1p_CP10K	0.005695140698112866	NA	NA	NA	NA	NA:descriptive only	NA	DONE	DESCRIPTIVE_SOURCE_ONLY	Uhlitz original count matrix and annotation	Uhlitz	ALL	Mast	hsa:145389	8	374	0.005695140698112866	0.004008661048689138	per_cell_log1p_10000_full_gene_UMI_then_donor_mean	0.06242314356298713
COAD	Uhlitz	06_EXTERNAL	20260922T141755Z_source_contract_sc_v2	COAD_source_contract_sc_v2	sc_expression_source	NA	NA	SLC38A7	author_source_donor_label	8	NA	donor_equal_mean_log1p_CP10K	0.010550139583423577	NA	NA	NA	NA	NA:descriptive only	NA	DONE	DESCRIPTIVE_SOURCE_ONLY	Uhlitz original count matrix and annotation	Uhlitz	ALL	Mast	hsa:55238	8	374	0.010550139583423577	0.010517498138495904	per_cell_log1p_10000_full_gene_UMI_then_donor_mean	0.09488381923498997
COAD	Uhlitz	06_EXTERNAL	20260922T141755Z_source_contract_sc_v2	COAD_source_contract_sc_v2	sc_expression_source	NA	NA	SLC38A8	author_source_donor_label	8	NA	donor_equal_mean_log1p_CP10K	NA	NA	NA	NA	NA	NA:descriptive only	NA	NOT_EVALUABLE	GENE_MISSING_OR_IDENTITY_HOLD	Uhlitz original count matrix and annotation	Uhlitz	ALL	Mast	hsa:146167	8	374	NA	NA	per_cell_log1p_10000_full_gene_UMI_then_donor_mean	NA
COAD	Uhlitz	06_EXTERNAL	20260922T141755Z_source_contract_sc_v2	COAD_source_contract_sc_v2	sc_expression_source	NA	NA	SLC38A9	author_source_donor_label	8	NA	donor_equal_mean_log1p_CP10K	0.02629886434165131	NA	NA	NA	NA	NA:descriptive only	NA	DONE	DESCRIPTIVE_SOURCE_ONLY	Uhlitz original count matrix and annotation	Uhlitz	ALL	Mast	hsa:153129	8	374	0.02629886434165131	0.012071207339878447	per_cell_log1p_10000_full_gene_UMI_then_donor_mean	0.3819667121250124
COAD	Uhlitz	06_EXTERNAL	20260922T141755Z_source_contract_sc_v2	COAD_source_contract_sc_v2	sc_expression_source	NA	NA	SLC43A1	author_source_donor_label	8	NA	donor_equal_mean_log1p_CP10K	0.03307261527000656	NA	NA	NA	NA	NA:descriptive only	NA	DONE	DESCRIPTIVE_SOURCE_ONLY	Uhlitz original count matrix and annotation	Uhlitz	ALL	Mast	hsa:8501	8	374	0.03307261527000656	0.021519842539366823	per_cell_log1p_10000_full_gene_UMI_then_donor_mean	0.44861620402611085
COAD	Uhlitz	06_EXTERNAL	20260922T141755Z_source_contract_sc_v2	COAD_source_contract_sc_v2	sc_expression_source	NA	NA	SLC43A2	author_source_donor_label	8	NA	donor_equal_mean_log1p_CP10K	0.03192914040537115	NA	NA	NA	NA	NA:descriptive only	NA	DONE	DESCRIPTIVE_SOURCE_ONLY	Uhlitz original count matrix and annotation	Uhlitz	ALL	Mast	hsa:124935	8	374	0.03192914040537115	0.02131173858748449	per_cell_log1p_10000_full_gene_UMI_then_donor_mean	0.04789139209472439
COAD	Uhlitz	06_EXTERNAL	20260922T141755Z_source_contract_sc_v2	COAD_source_contract_sc_v2	sc_expression_source	NA	NA	SLC43A3	author_source_donor_label	8	NA	donor_equal_mean_log1p_CP10K	0.003623125557148614	NA	NA	NA	NA	NA:descriptive only	NA	DONE	DESCRIPTIVE_SOURCE_ONLY	Uhlitz original count matrix and annotation	Uhlitz	ALL	Mast	hsa:29015	8	374	0.003623125557148614	0.0015822784810126582	per_cell_log1p_10000_full_gene_UMI_then_donor_mean	0.1936100139172226
COAD	Uhlitz	06_EXTERNAL	20260922T141755Z_source_contract_sc_v2	COAD_source_contract_sc_v2	sc_expression_source	NA	NA	SLC45A1	author_source_donor_label	8	NA	donor_equal_mean_log1p_CP10K	0.0	NA	NA	NA	NA	NA:descriptive only	NA	DONE	DESCRIPTIVE_SOURCE_ONLY	Uhlitz original count matrix and annotation	Uhlitz	ALL	Mast	hsa:50651	8	374	0.0	0.0	per_cell_log1p_10000_full_gene_UMI_then_donor_mean	0.0
COAD	Uhlitz	06_EXTERNAL	20260922T141755Z_source_contract_sc_v2	COAD_source_contract_sc_v2	sc_expression_source	NA	NA	SLC45A2	author_source_donor_label	8	NA	donor_equal_mean_log1p_CP10K	0.0	NA	NA	NA	NA	NA:descriptive only	NA	DONE	DESCRIPTIVE_SOURCE_ONLY	Uhlitz original count matrix and annotation	Uhlitz	ALL	Mast	hsa:51151	8	374	0.0	0.0	per_cell_log1p_10000_full_gene_UMI_then_donor_mean	0.0
COAD	Uhlitz	06_EXTERNAL	20260922T141755Z_source_contract_sc_v2	COAD_source_contract_sc_v2	sc_expression_source	NA	NA	SLC45A4	author_source_donor_label	8	NA	donor_equal_mean_log1p_CP10K	0.015367980294628762	NA	NA	NA	NA	NA:descriptive only	NA	DONE	DESCRIPTIVE_SOURCE_ONLY	Uhlitz original count matrix and annotation	Uhlitz	ALL	Mast	hsa:57210	8	374	0.015367980294628762	0.010515196247038141	per_cell_log1p_10000_full_gene_UMI_then_donor_mean	0.13232499218588198
COAD	Uhlitz	06_EXTERNAL	20260922T141755Z_source_contract_sc_v2	COAD_source_contract_sc_v2	sc_expression_source	NA	NA	SLC47A1	author_source_donor_label	8	NA	donor_equal_mean_log1p_CP10K	0.009497618856946922	NA	NA	NA	NA	NA:descriptive only	NA	DONE	DESCRIPTIVE_SOURCE_ONLY	Uhlitz original count matrix and annotation	Uhlitz	ALL	Mast	hsa:55244	8	374	0.009497618856946922	0.006684319297339188	per_cell_log1p_10000_full_gene_UMI_then_donor_mean	0.9330271410472586
COAD	Uhlitz	06_EXTERNAL	20260922T141755Z_source_contract_sc_v2	COAD_source_contract_sc_v2	sc_expression_source	NA	NA	SLC47A2	author_source_donor_label	8	NA	donor_equal_mean_log1p_CP10K	0.0	NA	NA	NA	NA	NA:descriptive only	NA	DONE	DESCRIPTIVE_SOURCE_ONLY	Uhlitz original count matrix and annotation	Uhlitz	ALL	Mast	hsa:146802	8	374	0.0	0.0	per_cell_log1p_10000_full_gene_UMI_then_donor_mean	0.0
COAD	Uhlitz	06_EXTERNAL	20260922T141755Z_source_contract_sc_v2	COAD_source_contract_sc_v2	sc_expression_source	NA	NA	SLC5A1	author_source_donor_label	8	NA	donor_equal_mean_log1p_CP10K	0.012704798795416885	NA	NA	NA	NA	NA:descriptive only	NA	DONE	DESCRIPTIVE_SOURCE_ONLY	Uhlitz original count matrix and annotation	Uhlitz	ALL	Mast	hsa:6523	8	374	0.012704798795416885	0.009111253196930947	per_cell_log1p_10000_full_gene_UMI_then_donor_mean	0.05188043693658013
COAD	Uhlitz	06_EXTERNAL	20260922T141755Z_source_contract_sc_v2	COAD_source_contract_sc_v2	sc_expression_source	NA	NA	SLC5A11	author_source_donor_label	8	NA	donor_equal_mean_log1p_CP10K	0.0	NA	NA	NA	NA	NA:descriptive only	NA	DONE	DESCRIPTIVE_SOURCE_ONLY	Uhlitz original count matrix and annotation	Uhlitz	ALL	Mast	hsa:115584	8	374	0.0	0.0	per_cell_log1p_10000_full_gene_UMI_then_donor_mean	0.0
COAD	Uhlitz	06_EXTERNAL	20260922T141755Z_source_contract_sc_v2	COAD_source_contract_sc_v2	sc_expression_source	NA	NA	SLC5A2	author_source_donor_label	8	NA	donor_equal_mean_log1p_CP10K	0.0	NA	NA	NA	NA	NA:descriptive only	NA	DONE	DESCRIPTIVE_SOURCE_ONLY	Uhlitz original count matrix and annotation	Uhlitz	ALL	Mast	hsa:6524	8	374	0.0	0.0	per_cell_log1p_10000_full_gene_UMI_then_donor_mean	0.0
COAD	Uhlitz	06_EXTERNAL	20260922T141755Z_source_contract_sc_v2	COAD_source_contract_sc_v2	sc_expression_source	NA	NA	SLC5A6	author_source_donor_label	8	NA	donor_equal_mean_log1p_CP10K	0.007849021145767188	NA	NA	NA	NA	NA:descriptive only	NA	DONE	DESCRIPTIVE_SOURCE_ONLY	Uhlitz original count matrix and annotation	Uhlitz	ALL	Mast	hsa:8884	8	374	0.007849021145767188	0.0076319853784210315	per_cell_log1p_10000_full_gene_UMI_then_donor_mean	0.09578165065714857
COAD	Uhlitz	06_EXTERNAL	20260922T141755Z_source_contract_sc_v2	COAD_source_contract_sc_v2	sc_expression_source	NA	NA	SLC5A8	author_source_donor_label	8	NA	donor_equal_mean_log1p_CP10K	0.0	NA	NA	NA	NA	NA:descriptive only	NA	DONE	DESCRIPTIVE_SOURCE_ONLY	Uhlitz original count matrix and annotation	Uhlitz	ALL	Mast	hsa:160728	8	374	0.0	0.0	per_cell_log1p_10000_full_gene_UMI_then_donor_mean	0.0
COAD	Uhlitz	06_EXTERNAL	20260922T141755Z_source_contract_sc_v2	COAD_source_contract_sc_v2	sc_expression_source	NA	NA	SLC60A2	author_source_donor_label	8	NA	donor_equal_mean_log1p_CP10K	NA	NA	NA	NA	NA	NA:descriptive only	NA	NOT_EVALUABLE	GENE_MISSING_OR_IDENTITY_HOLD	Uhlitz original count matrix and annotation	Uhlitz	ALL	Mast	hsa:91749	8	374	NA	NA	per_cell_log1p_10000_full_gene_UMI_then_donor_mean	NA
COAD	Uhlitz	06_EXTERNAL	20260922T141755Z_source_contract_sc_v2	COAD_source_contract_sc_v2	sc_expression_source	NA	NA	SLC6A1	author_source_donor_label	8	NA	donor_equal_mean_log1p_CP10K	0.0	NA	NA	NA	NA	NA:descriptive only	NA	DONE	DESCRIPTIVE_SOURCE_ONLY	Uhlitz original count matrix and annotation	Uhlitz	ALL	Mast	hsa:6529	8	374	0.0	0.0	per_cell_log1p_10000_full_gene_UMI_then_donor_mean	0.0
COAD	Uhlitz	06_EXTERNAL	20260922T141755Z_source_contract_sc_v2	COAD_source_contract_sc_v2	sc_expression_source	NA	NA	SLC36A2	author_source_donor_label	12	NA	donor_equal_mean_log1p_CP10K	NA	NA	NA	NA	NA	NA:descriptive only	NA	NOT_EVALUABLE	GENE_MISSING_OR_IDENTITY_HOLD	Uhlitz original count matrix and annotation	Uhlitz	ALL	Monocyte	hsa:153201	12	2980	NA	NA	per_cell_log1p_10000_full_gene_UMI_then_donor_mean	NA
COAD	Uhlitz	06_EXTERNAL	20260922T141755Z_source_contract_sc_v2	COAD_source_contract_sc_v2	sc_expression_source	NA	NA	SLC36A4	author_source_donor_label	12	NA	donor_equal_mean_log1p_CP10K	0.2494472416463672	NA	NA	NA	NA	NA:descriptive only	NA	DONE	DESCRIPTIVE_SOURCE_ONLY	Uhlitz original count matrix and annotation	Uhlitz	ALL	Monocyte	hsa:120103	12	2980	0.2494472416463672	0.23813846596317412	per_cell_log1p_10000_full_gene_UMI_then_donor_mean	1.0
COAD	Uhlitz	06_EXTERNAL	20260922T141755Z_source_contract_sc_v2	COAD_source_contract_sc_v2	sc_expression_source	NA	NA	SLC38A1	author_source_donor_label	12	NA	donor_equal_mean_log1p_CP10K	0.2221501995738424	NA	NA	NA	NA	NA:descriptive only	NA	DONE	DESCRIPTIVE_SOURCE_ONLY	Uhlitz original count matrix and annotation	Uhlitz	ALL	Monocyte	hsa:81539	12	2980	0.2221501995738424	0.18240050736793045	per_cell_log1p_10000_full_gene_UMI_then_donor_mean	0.2775281240607252
COAD	Uhlitz	06_EXTERNAL	20260922T141755Z_source_contract_sc_v2	COAD_source_contract_sc_v2	sc_expression_source	NA	NA	SLC38A10	author_source_donor_label	12	NA	donor_equal_mean_log1p_CP10K	0.22469127628150884	NA	NA	NA	NA	NA:descriptive only	NA	DONE	DESCRIPTIVE_SOURCE_ONLY	Uhlitz original count matrix and annotation	Uhlitz	ALL	Monocyte	hsa:124565	12	2980	0.22469127628150884	0.22541912073711015	per_cell_log1p_10000_full_gene_UMI_then_donor_mean	0.6176438437859543
COAD	Uhlitz	06_EXTERNAL	20260922T141755Z_source_contract_sc_v2	COAD_source_contract_sc_v2	sc_expression_source	NA	NA	SLC38A2	author_source_donor_label	12	NA	donor_equal_mean_log1p_CP10K	1.1076674109137188	NA	NA	NA	NA	NA:descriptive only	NA	DONE	DESCRIPTIVE_SOURCE_ONLY	Uhlitz original count matrix and annotation	Uhlitz	ALL	Monocyte	hsa:54407	12	2980	1.1076674109137188	0.702826266685371	per_cell_log1p_10000_full_gene_UMI_then_donor_mean	0.7393473939065413
COAD	Uhlitz	06_EXTERNAL	20260922T141755Z_source_contract_sc_v2	COAD_source_contract_sc_v2	sc_expression_source	NA	NA	SLC38A3	author_source_donor_label	12	NA	donor_equal_mean_log1p_CP10K	0.002373833907727156	NA	NA	NA	NA	NA:descriptive only	NA	DONE	DESCRIPTIVE_SOURCE_ONLY	Uhlitz original count matrix and annotation	Uhlitz	ALL	Monocyte	hsa:10991	12	2980	0.002373833907727156	0.0012254901960784314	per_cell_log1p_10000_full_gene_UMI_then_donor_mean	1.0
COAD	Uhlitz	06_EXTERNAL	20260922T141755Z_source_contract_sc_v2	COAD_source_contract_sc_v2	sc_expression_source	NA	NA	SLC38A4	author_source_donor_label	12	NA	donor_equal_mean_log1p_CP10K	0.0	NA	NA	NA	NA	NA:descriptive only	NA	DONE	DESCRIPTIVE_SOURCE_ONLY	Uhlitz original count matrix and annotation	Uhlitz	ALL	Monocyte	hsa:55089	12	2980	0.0	0.0	per_cell_log1p_10000_full_gene_UMI_then_donor_mean	0.0
COAD	Uhlitz	06_EXTERNAL	20260922T141755Z_source_contract_sc_v2	COAD_source_contract_sc_v2	sc_expression_source	NA	NA	SLC38A6	author_source_donor_label	12	NA	donor_equal_mean_log1p_CP10K	0.09123444243666144	NA	NA	NA	NA	NA:descriptive only	NA	DONE	DESCRIPTIVE_SOURCE_ONLY	Uhlitz original count matrix and annotation	Uhlitz	ALL	Monocyte	hsa:145389	12	2980	0.09123444243666144	0.1046730307262287	per_cell_log1p_10000_full_gene_UMI_then_donor_mean	1.0
COAD	Uhlitz	06_EXTERNAL	20260922T141755Z_source_contract_sc_v2	COAD_source_contract_sc_v2	sc_expression_source	NA	NA	SLC38A7	author_source_donor_label	12	NA	donor_equal_mean_log1p_CP10K	0.11119008139095822	NA	NA	NA	NA	NA:descriptive only	NA	DONE	DESCRIPTIVE_SOURCE_ONLY	Uhlitz original count matrix and annotation	Uhlitz	ALL	Monocyte	hsa:55238	12	2980	0.11119008139095822	0.12721382938444062	per_cell_log1p_10000_full_gene_UMI_then_donor_mean	1.0
COAD	Uhlitz	06_EXTERNAL	20260922T141755Z_source_contract_sc_v2	COAD_source_contract_sc_v2	sc_expression_source	NA	NA	SLC38A8	author_source_donor_label	12	NA	donor_equal_mean_log1p_CP10K	NA	NA	NA	NA	NA	NA:descriptive only	NA	NOT_EVALUABLE	GENE_MISSING_OR_IDENTITY_HOLD	Uhlitz original count matrix and annotation	Uhlitz	ALL	Monocyte	hsa:146167	12	2980	NA	NA	per_cell_log1p_10000_full_gene_UMI_then_donor_mean	NA
COAD	Uhlitz	06_EXTERNAL	20260922T141755Z_source_contract_sc_v2	COAD_source_contract_sc_v2	sc_expression_source	NA	NA	SLC38A9	author_source_donor_label	12	NA	donor_equal_mean_log1p_CP10K	0.06591458268334134	NA	NA	NA	NA	NA:descriptive only	NA	DONE	DESCRIPTIVE_SOURCE_ONLY	Uhlitz original count matrix and annotation	Uhlitz	ALL	Monocyte	hsa:153129	12	2980	0.06591458268334134	0.07590089788195471	per_cell_log1p_10000_full_gene_UMI_then_donor_mean	0.9573484277331833
COAD	Uhlitz	06_EXTERNAL	20260922T141755Z_source_contract_sc_v2	COAD_source_contract_sc_v2	sc_expression_source	NA	NA	SLC43A1	author_source_donor_label	12	NA	donor_equal_mean_log1p_CP10K	0.035517952202583185	NA	NA	NA	NA	NA:descriptive only	NA	DONE	DESCRIPTIVE_SOURCE_ONLY	Uhlitz original count matrix and annotation	Uhlitz	ALL	Monocyte	hsa:8501	12	2980	0.035517952202583185	0.04265024322687147	per_cell_log1p_10000_full_gene_UMI_then_donor_mean	0.48178617753141906
COAD	Uhlitz	06_EXTERNAL	20260922T141755Z_source_contract_sc_v2	COAD_source_contract_sc_v2	sc_expression_source	NA	NA	SLC43A2	author_source_donor_label	12	NA	donor_equal_mean_log1p_CP10K	0.6666989412673252	NA	NA	NA	NA	NA:descriptive only	NA	DONE	DESCRIPTIVE_SOURCE_ONLY	Uhlitz original count matrix and annotation	Uhlitz	ALL	Monocyte	hsa:124935	12	2980	0.6666989412673252	0.5182808763551704	per_cell_log1p_10000_full_gene_UMI_then_donor_mean	1.0
COAD	Uhlitz	06_EXTERNAL	20260922T141755Z_source_contract_sc_v2	COAD_source_contract_sc_v2	sc_expression_source	NA	NA	SLC43A3	author_source_donor_label	12	NA	donor_equal_mean_log1p_CP10K	0.018713523561326082	NA	NA	NA	NA	NA:descriptive only	NA	DONE	DESCRIPTIVE_SOURCE_ONLY	Uhlitz original count matrix and annotation	Uhlitz	ALL	Monocyte	hsa:29015	12	2980	0.018713523561326082	0.024655296400535185	per_cell_log1p_10000_full_gene_UMI_then_donor_mean	1.0
COAD	Uhlitz	06_EXTERNAL	20260922T141755Z_source_contract_sc_v2	COAD_source_contract_sc_v2	sc_expression_source	NA	NA	SLC45A1	author_source_donor_label	12	NA	donor_equal_mean_log1p_CP10K	0.0022669487028619674	NA	NA	NA	NA	NA:descriptive only	NA	DONE	DESCRIPTIVE_SOURCE_ONLY	Uhlitz original count matrix and annotation	Uhlitz	ALL	Monocyte	hsa:50651	12	2980	0.0022669487028619674	0.003080099619501985	per_cell_log1p_10000_full_gene_UMI_then_donor_mean	0.07590382103498572
COAD	Uhlitz	06_EXTERNAL	20260922T141755Z_source_contract_sc_v2	COAD_source_contract_sc_v2	sc_expression_source	NA	NA	SLC45A2	author_source_donor_label	12	NA	donor_equal_mean_log1p_CP10K	0.0	NA	NA	NA	NA	NA:descriptive only	NA	DONE	DESCRIPTIVE_SOURCE_ONLY	Uhlitz original count matrix and annotation	Uhlitz	ALL	Monocyte	hsa:51151	12	2980	0.0	0.0	per_cell_log1p_10000_full_gene_UMI_then_donor_mean	0.0
COAD	Uhlitz	06_EXTERNAL	20260922T141755Z_source_contract_sc_v2	COAD_source_contract_sc_v2	sc_expression_source	NA	NA	SLC45A4	author_source_donor_label	12	NA	donor_equal_mean_log1p_CP10K	0.09625314861959929	NA	NA	NA	NA	NA:descriptive only	NA	DONE	DESCRIPTIVE_SOURCE_ONLY	Uhlitz original count matrix and annotation	Uhlitz	ALL	Monocyte	hsa:57210	12	2980	0.09625314861959929	0.10385562818309657	per_cell_log1p_10000_full_gene_UMI_then_donor_mean	0.8287814595524069
COAD	Uhlitz	06_EXTERNAL	20260922T141755Z_source_contract_sc_v2	COAD_source_contract_sc_v2	sc_expression_source	NA	NA	SLC47A1	author_source_donor_label	12	NA	donor_equal_mean_log1p_CP10K	0.01017935967681125	NA	NA	NA	NA	NA:descriptive only	NA	DONE	DESCRIPTIVE_SOURCE_ONLY	Uhlitz original count matrix and annotation	Uhlitz	ALL	Monocyte	hsa:55244	12	2980	0.01017935967681125	0.013127701619720539	per_cell_log1p_10000_full_gene_UMI_then_donor_mean	1.0
COAD	Uhlitz	06_EXTERNAL	20260922T141755Z_source_contract_sc_v2	COAD_source_contract_sc_v2	sc_expression_source	NA	NA	SLC47A2	author_source_donor_label	12	NA	donor_equal_mean_log1p_CP10K	0.0	NA	NA	NA	NA	NA:descriptive only	NA	DONE	DESCRIPTIVE_SOURCE_ONLY	Uhlitz original count matrix and annotation	Uhlitz	ALL	Monocyte	hsa:146802	12	2980	0.0	0.0	per_cell_log1p_10000_full_gene_UMI_then_donor_mean	0.0
COAD	Uhlitz	06_EXTERNAL	20260922T141755Z_source_contract_sc_v2	COAD_source_contract_sc_v2	sc_expression_source	NA	NA	SLC5A1	author_source_donor_label	12	NA	donor_equal_mean_log1p_CP10K	0.010234021084318501	NA	NA	NA	NA	NA:descriptive only	NA	DONE	DESCRIPTIVE_SOURCE_ONLY	Uhlitz original count matrix and annotation	Uhlitz	ALL	Monocyte	hsa:6523	12	2980	0.010234021084318501	0.007984308218083033	per_cell_log1p_10000_full_gene_UMI_then_donor_mean	0.041790940102424415
COAD	Uhlitz	06_EXTERNAL	20260922T141755Z_source_contract_sc_v2	COAD_source_contract_sc_v2	sc_expression_source	NA	NA	SLC5A11	author_source_donor_label	12	NA	donor_equal_mean_log1p_CP10K	0.0	NA	NA	NA	NA	NA:descriptive only	NA	DONE	DESCRIPTIVE_SOURCE_ONLY	Uhlitz original count matrix and annotation	Uhlitz	ALL	Monocyte	hsa:115584	12	2980	0.0	0.0	per_cell_log1p_10000_full_gene_UMI_then_donor_mean	0.0
COAD	Uhlitz	06_EXTERNAL	20260922T141755Z_source_contract_sc_v2	COAD_source_contract_sc_v2	sc_expression_source	NA	NA	SLC5A2	author_source_donor_label	12	NA	donor_equal_mean_log1p_CP10K	0.0	NA	NA	NA	NA	NA:descriptive only	NA	DONE	DESCRIPTIVE_SOURCE_ONLY	Uhlitz original count matrix and annotation	Uhlitz	ALL	Monocyte	hsa:6524	12	2980	0.0	0.0	per_cell_log1p_10000_full_gene_UMI_then_donor_mean	0.0
COAD	Uhlitz	06_EXTERNAL	20260922T141755Z_source_contract_sc_v2	COAD_source_contract_sc_v2	sc_expression_source	NA	NA	SLC5A6	author_source_donor_label	12	NA	donor_equal_mean_log1p_CP10K	0.03468238720933913	NA	NA	NA	NA	NA:descriptive only	NA	DONE	DESCRIPTIVE_SOURCE_ONLY	Uhlitz original count matrix and annotation	Uhlitz	ALL	Monocyte	hsa:8884	12	2980	0.03468238720933913	0.04296012902940576	per_cell_log1p_10000_full_gene_UMI_then_donor_mean	0.42322937267564414
COAD	Uhlitz	06_EXTERNAL	20260922T141755Z_source_contract_sc_v2	COAD_source_contract_sc_v2	sc_expression_source	NA	NA	SLC5A8	author_source_donor_label	12	NA	donor_equal_mean_log1p_CP10K	0.0	NA	NA	NA	NA	NA:descriptive only	NA	DONE	DESCRIPTIVE_SOURCE_ONLY	Uhlitz original count matrix and annotation	Uhlitz	ALL	Monocyte	hsa:160728	12	2980	0.0	0.0	per_cell_log1p_10000_full_gene_UMI_then_donor_mean	0.0
COAD	Uhlitz	06_EXTERNAL	20260922T141755Z_source_contract_sc_v2	COAD_source_contract_sc_v2	sc_expression_source	NA	NA	SLC60A2	author_source_donor_label	12	NA	donor_equal_mean_log1p_CP10K	NA	NA	NA	NA	NA	NA:descriptive only	NA	NOT_EVALUABLE	GENE_MISSING_OR_IDENTITY_HOLD	Uhlitz original count matrix and annotation	Uhlitz	ALL	Monocyte	hsa:91749	12	2980	NA	NA	per_cell_log1p_10000_full_gene_UMI_then_donor_mean	NA
COAD	Uhlitz	06_EXTERNAL	20260922T141755Z_source_contract_sc_v2	COAD_source_contract_sc_v2	sc_expression_source	NA	NA	SLC6A1	author_source_donor_label	12	NA	donor_equal_mean_log1p_CP10K	0.0	NA	NA	NA	NA	NA:descriptive only	NA	DONE	DESCRIPTIVE_SOURCE_ONLY	Uhlitz original count matrix and annotation	Uhlitz	ALL	Monocyte	hsa:6529	12	2980	0.0	0.0	per_cell_log1p_10000_full_gene_UMI_then_donor_mean	0.0
COAD	Uhlitz	06_EXTERNAL	20260922T141755Z_source_contract_sc_v2	COAD_source_contract_sc_v2	sc_expression_source	NA	NA	SLC36A2	author_source_donor_label	5	NA	donor_equal_mean_log1p_CP10K	NA	NA	NA	NA	NA	NA:descriptive only	NA	NOT_EVALUABLE	GENE_MISSING_OR_IDENTITY_HOLD	Uhlitz original count matrix and annotation	Uhlitz	ALL	Pericytes	hsa:153201	5	199	NA	NA	per_cell_log1p_10000_full_gene_UMI_then_donor_mean	NA
COAD	Uhlitz	06_EXTERNAL	20260922T141755Z_source_contract_sc_v2	COAD_source_contract_sc_v2	sc_expression_source	NA	NA	SLC36A4	author_source_donor_label	5	NA	donor_equal_mean_log1p_CP10K	0.0943961593443172	NA	NA	NA	NA	NA:descriptive only	NA	DONE	DESCRIPTIVE_SOURCE_ONLY	Uhlitz original count matrix and annotation	Uhlitz	ALL	Pericytes	hsa:120103	5	199	0.0943961593443172	0.08071519907003778	per_cell_log1p_10000_full_gene_UMI_then_donor_mean	0.37842133960390467
COAD	Uhlitz	06_EXTERNAL	20260922T141755Z_source_contract_sc_v2	COAD_source_contract_sc_v2	sc_expression_source	NA	NA	SLC38A1	author_source_donor_label	5	NA	donor_equal_mean_log1p_CP10K	0.022919139366017815	NA	NA	NA	NA	NA:descriptive only	NA	DONE	DESCRIPTIVE_SOURCE_ONLY	Uhlitz original count matrix and annotation	Uhlitz	ALL	Pericytes	hsa:81539	5	199	0.022919139366017815	0.026559721011333914	per_cell_log1p_10000_full_gene_UMI_then_donor_mean	0.02863245572382639
COAD	Uhlitz	06_EXTERNAL	20260922T141755Z_source_contract_sc_v2	COAD_source_contract_sc_v2	sc_expression_source	NA	NA	SLC38A10	author_source_donor_label	5	NA	donor_equal_mean_log1p_CP10K	0.24908759314755588	NA	NA	NA	NA	NA:descriptive only	NA	DONE	DESCRIPTIVE_SOURCE_ONLY	Uhlitz original count matrix and annotation	Uhlitz	ALL	Pericytes	hsa:124565	5	199	0.24908759314755588	0.2610927056088347	per_cell_log1p_10000_full_gene_UMI_then_donor_mean	0.6847057928421644
COAD	Uhlitz	06_EXTERNAL	20260922T141755Z_source_contract_sc_v2	COAD_source_contract_sc_v2	sc_expression_source	NA	NA	SLC38A2	author_source_donor_label	5	NA	donor_equal_mean_log1p_CP10K	1.4981690880941088	NA	NA	NA	NA	NA:descriptive only	NA	DONE	DESCRIPTIVE_SOURCE_ONLY	Uhlitz original count matrix and annotation	Uhlitz	ALL	Pericytes	hsa:54407	5	199	1.4981690880941088	0.779472827666376	per_cell_log1p_10000_full_gene_UMI_then_donor_mean	1.0
COAD	Uhlitz	06_EXTERNAL	20260922T141755Z_source_contract_sc_v2	COAD_source_contract_sc_v2	sc_expression_source	NA	NA	SLC38A3	author_source_donor_label	5	NA	donor_equal_mean_log1p_CP10K	0.0	NA	NA	NA	NA	NA:descriptive only	NA	DONE	DESCRIPTIVE_SOURCE_ONLY	Uhlitz original count matrix and annotation	Uhlitz	ALL	Pericytes	hsa:10991	5	199	0.0	0.0	per_cell_log1p_10000_full_gene_UMI_then_donor_mean	0.0
COAD	Uhlitz	06_EXTERNAL	20260922T141755Z_source_contract_sc_v2	COAD_source_contract_sc_v2	sc_expression_source	NA	NA	SLC38A4	author_source_donor_label	5	NA	donor_equal_mean_log1p_CP10K	0.002609100802784175	NA	NA	NA	NA	NA:descriptive only	NA	DONE	DESCRIPTIVE_SOURCE_ONLY	Uhlitz original count matrix and annotation	Uhlitz	ALL	Pericytes	hsa:55089	5	199	0.002609100802784175	0.002702702702702703	per_cell_log1p_10000_full_gene_UMI_then_donor_mean	0.30635799217812143
COAD	Uhlitz	06_EXTERNAL	20260922T141755Z_source_contract_sc_v2	COAD_source_contract_sc_v2	sc_expression_source	NA	NA	SLC38A6	author_source_donor_label	5	NA	donor_equal_mean_log1p_CP10K	0.029607867302412737	NA	NA	NA	NA	NA:descriptive only	NA	DONE	DESCRIPTIVE_SOURCE_ONLY	Uhlitz original count matrix and annotation	Uhlitz	ALL	Pericytes	hsa:145389	5	199	0.029607867302412737	0.03759575704736995	per_cell_log1p_10000_full_gene_UMI_then_donor_mean	0.3245251081900091
COAD	Uhlitz	06_EXTERNAL	20260922T141755Z_source_contract_sc_v2	COAD_source_contract_sc_v2	sc_expression_source	NA	NA	SLC38A7	author_source_donor_label	5	NA	donor_equal_mean_log1p_CP10K	0.0664578862751165	NA	NA	NA	NA	NA:descriptive only	NA	DONE	DESCRIPTIVE_SOURCE_ONLY	Uhlitz original count matrix and annotation	Uhlitz	ALL	Pericytes	hsa:55238	5	199	0.0664578862751165	0.07734466724789307	per_cell_log1p_10000_full_gene_UMI_then_donor_mean	0.5976961743686676
COAD	Uhlitz	06_EXTERNAL	20260922T141755Z_source_contract_sc_v2	COAD_source_contract_sc_v2	sc_expression_source	NA	NA	SLC38A8	author_source_donor_label	5	NA	donor_equal_mean_log1p_CP10K	NA	NA	NA	NA	NA	NA:descriptive only	NA	NOT_EVALUABLE	GENE_MISSING_OR_IDENTITY_HOLD	Uhlitz original count matrix and annotation	Uhlitz	ALL	Pericytes	hsa:146167	5	199	NA	NA	per_cell_log1p_10000_full_gene_UMI_then_donor_mean	NA
COAD	Uhlitz	06_EXTERNAL	20260922T141755Z_source_contract_sc_v2	COAD_source_contract_sc_v2	sc_expression_source	NA	NA	SLC38A9	author_source_donor_label	5	NA	donor_equal_mean_log1p_CP10K	0.04212258221693156	NA	NA	NA	NA	NA:descriptive only	NA	DONE	DESCRIPTIVE_SOURCE_ONLY	Uhlitz original count matrix and annotation	Uhlitz	ALL	Pericytes	hsa:153129	5	199	0.04212258221693156	0.03864196454519035	per_cell_log1p_10000_full_gene_UMI_then_donor_mean	0.6117915977890697
COAD	Uhlitz	06_EXTERNAL	20260922T141755Z_source_contract_sc_v2	COAD_source_contract_sc_v2	sc_expression_source	NA	NA	SLC43A1	author_source_donor_label	5	NA	donor_equal_mean_log1p_CP10K	0.07170889057505916	NA	NA	NA	NA	NA:descriptive only	NA	DONE	DESCRIPTIVE_SOURCE_ONLY	Uhlitz original count matrix and annotation	Uhlitz	ALL	Pericytes	hsa:8501	5	199	0.07170889057505916	0.09457105492589363	per_cell_log1p_10000_full_gene_UMI_then_donor_mean	0.972701131194831
COAD	Uhlitz	06_EXTERNAL	20260922T141755Z_source_contract_sc_v2	COAD_source_contract_sc_v2	sc_expression_source	NA	NA	SLC43A2	author_source_donor_label	5	NA	donor_equal_mean_log1p_CP10K	0.03964303300850379	NA	NA	NA	NA	NA:descriptive only	NA	DONE	DESCRIPTIVE_SOURCE_ONLY	Uhlitz original count matrix and annotation	Uhlitz	ALL	Pericytes	hsa:124935	5	199	0.03964303300850379	0.05354519035164197	per_cell_log1p_10000_full_gene_UMI_then_donor_mean	0.059461670860233296
COAD	Uhlitz	06_EXTERNAL	20260922T141755Z_source_contract_sc_v2	COAD_source_contract_sc_v2	sc_expression_source	NA	NA	SLC43A3	author_source_donor_label	5	NA	donor_equal_mean_log1p_CP10K	0.004225063801073925	NA	NA	NA	NA	NA:descriptive only	NA	DONE	DESCRIPTIVE_SOURCE_ONLY	Uhlitz original count matrix and annotation	Uhlitz	ALL	Pericytes	hsa:29015	5	199	0.004225063801073925	0.005405405405405406	per_cell_log1p_10000_full_gene_UMI_then_donor_mean	0.225775962887372
COAD	Uhlitz	06_EXTERNAL	20260922T141755Z_source_contract_sc_v2	COAD_source_contract_sc_v2	sc_expression_source	NA	NA	SLC45A1	author_source_donor_label	5	NA	donor_equal_mean_log1p_CP10K	0.024507805979293668	NA	NA	NA	NA	NA:descriptive only	NA	DONE	DESCRIPTIVE_SOURCE_ONLY	Uhlitz original count matrix and annotation	Uhlitz	ALL	Pericytes	hsa:50651	5	199	0.024507805979293668	0.03405754141238012	per_cell_log1p_10000_full_gene_UMI_then_donor_mean	0.8205903012556071
COAD	Uhlitz	06_EXTERNAL	20260922T141755Z_source_contract_sc_v2	COAD_source_contract_sc_v2	sc_expression_source	NA	NA	SLC45A2	author_source_donor_label	5	NA	donor_equal_mean_log1p_CP10K	0.0	NA	NA	NA	NA	NA:descriptive only	NA	DONE	DESCRIPTIVE_SOURCE_ONLY	Uhlitz original count matrix and annotation	Uhlitz	ALL	Pericytes	hsa:51151	5	199	0.0	0.0	per_cell_log1p_10000_full_gene_UMI_then_donor_mean	0.0
COAD	Uhlitz	06_EXTERNAL	20260922T141755Z_source_contract_sc_v2	COAD_source_contract_sc_v2	sc_expression_source	NA	NA	SLC45A4	author_source_donor_label	5	NA	donor_equal_mean_log1p_CP10K	0.004687651375517682	NA	NA	NA	NA	NA:descriptive only	NA	DONE	DESCRIPTIVE_SOURCE_ONLY	Uhlitz original count matrix and annotation	Uhlitz	ALL	Pericytes	hsa:57210	5	199	0.004687651375517682	0.006702702702702704	per_cell_log1p_10000_full_gene_UMI_then_donor_mean	0.04036271648866609
COAD	Uhlitz	06_EXTERNAL	20260922T141755Z_source_contract_sc_v2	COAD_source_contract_sc_v2	sc_expression_source	NA	NA	SLC47A1	author_source_donor_label	5	NA	donor_equal_mean_log1p_CP10K	0.0	NA	NA	NA	NA	NA:descriptive only	NA	DONE	DESCRIPTIVE_SOURCE_ONLY	Uhlitz original count matrix and annotation	Uhlitz	ALL	Pericytes	hsa:55244	5	199	0.0	0.0	per_cell_log1p_10000_full_gene_UMI_then_donor_mean	0.0
COAD	Uhlitz	06_EXTERNAL	20260922T141755Z_source_contract_sc_v2	COAD_source_contract_sc_v2	sc_expression_source	NA	NA	SLC47A2	author_source_donor_label	5	NA	donor_equal_mean_log1p_CP10K	0.0	NA	NA	NA	NA	NA:descriptive only	NA	DONE	DESCRIPTIVE_SOURCE_ONLY	Uhlitz original count matrix and annotation	Uhlitz	ALL	Pericytes	hsa:146802	5	199	0.0	0.0	per_cell_log1p_10000_full_gene_UMI_then_donor_mean	0.0
COAD	Uhlitz	06_EXTERNAL	20260922T141755Z_source_contract_sc_v2	COAD_source_contract_sc_v2	sc_expression_source	NA	NA	SLC5A1	author_source_donor_label	5	NA	donor_equal_mean_log1p_CP10K	0.0	NA	NA	NA	NA	NA:descriptive only	NA	DONE	DESCRIPTIVE_SOURCE_ONLY	Uhlitz original count matrix and annotation	Uhlitz	ALL	Pericytes	hsa:6523	5	199	0.0	0.0	per_cell_log1p_10000_full_gene_UMI_then_donor_mean	0.0
COAD	Uhlitz	06_EXTERNAL	20260922T141755Z_source_contract_sc_v2	COAD_source_contract_sc_v2	sc_expression_source	NA	NA	SLC5A11	author_source_donor_label	5	NA	donor_equal_mean_log1p_CP10K	0.0	NA	NA	NA	NA	NA:descriptive only	NA	DONE	DESCRIPTIVE_SOURCE_ONLY	Uhlitz original count matrix and annotation	Uhlitz	ALL	Pericytes	hsa:115584	5	199	0.0	0.0	per_cell_log1p_10000_full_gene_UMI_then_donor_mean	0.0
COAD	Uhlitz	06_EXTERNAL	20260922T141755Z_source_contract_sc_v2	COAD_source_contract_sc_v2	sc_expression_source	NA	NA	SLC5A2	author_source_donor_label	5	NA	donor_equal_mean_log1p_CP10K	0.0	NA	NA	NA	NA	NA:descriptive only	NA	DONE	DESCRIPTIVE_SOURCE_ONLY	Uhlitz original count matrix and annotation	Uhlitz	ALL	Pericytes	hsa:6524	5	199	0.0	0.0	per_cell_log1p_10000_full_gene_UMI_then_donor_mean	0.0
COAD	Uhlitz	06_EXTERNAL	20260922T141755Z_source_contract_sc_v2	COAD_source_contract_sc_v2	sc_expression_source	NA	NA	SLC5A6	author_source_donor_label	5	NA	donor_equal_mean_log1p_CP10K	0.014581655796930321	NA	NA	NA	NA	NA:descriptive only	NA	DONE	DESCRIPTIVE_SOURCE_ONLY	Uhlitz original count matrix and annotation	Uhlitz	ALL	Pericytes	hsa:8884	5	199	0.014581655796930321	0.027154315605928507	per_cell_log1p_10000_full_gene_UMI_then_donor_mean	0.17794003043265666
COAD	Uhlitz	06_EXTERNAL	20260922T141755Z_source_contract_sc_v2	COAD_source_contract_sc_v2	sc_expression_source	NA	NA	SLC5A8	author_source_donor_label	5	NA	donor_equal_mean_log1p_CP10K	0.0	NA	NA	NA	NA	NA:descriptive only	NA	DONE	DESCRIPTIVE_SOURCE_ONLY	Uhlitz original count matrix and annotation	Uhlitz	ALL	Pericytes	hsa:160728	5	199	0.0	0.0	per_cell_log1p_10000_full_gene_UMI_then_donor_mean	0.0
COAD	Uhlitz	06_EXTERNAL	20260922T141755Z_source_contract_sc_v2	COAD_source_contract_sc_v2	sc_expression_source	NA	NA	SLC60A2	author_source_donor_label	5	NA	donor_equal_mean_log1p_CP10K	NA	NA	NA	NA	NA	NA:descriptive only	NA	NOT_EVALUABLE	GENE_MISSING_OR_IDENTITY_HOLD	Uhlitz original count matrix and annotation	Uhlitz	ALL	Pericytes	hsa:91749	5	199	NA	NA	per_cell_log1p_10000_full_gene_UMI_then_donor_mean	NA
COAD	Uhlitz	06_EXTERNAL	20260922T141755Z_source_contract_sc_v2	COAD_source_contract_sc_v2	sc_expression_source	NA	NA	SLC6A1	author_source_donor_label	5	NA	donor_equal_mean_log1p_CP10K	0.101267031892103	NA	NA	NA	NA	NA:descriptive only	NA	DONE	DESCRIPTIVE_SOURCE_ONLY	Uhlitz original count matrix and annotation	Uhlitz	ALL	Pericytes	hsa:6529	5	199	0.101267031892103	0.10383347863993024	per_cell_log1p_10000_full_gene_UMI_then_donor_mean	1.0
COAD	Uhlitz	06_EXTERNAL	20260922T141755Z_source_contract_sc_v2	COAD_source_contract_sc_v2	sc_expression_source	NA	NA	SLC36A2	author_source_donor_label	11	NA	donor_equal_mean_log1p_CP10K	NA	NA	NA	NA	NA	NA:descriptive only	NA	NOT_EVALUABLE	GENE_MISSING_OR_IDENTITY_HOLD	Uhlitz original count matrix and annotation	Uhlitz	ALL	Plasma	hsa:153201	11	6583	NA	NA	per_cell_log1p_10000_full_gene_UMI_then_donor_mean	NA
COAD	Uhlitz	06_EXTERNAL	20260922T141755Z_source_contract_sc_v2	COAD_source_contract_sc_v2	sc_expression_source	NA	NA	SLC36A4	author_source_donor_label	11	NA	donor_equal_mean_log1p_CP10K	0.03799302024469294	NA	NA	NA	NA	NA:descriptive only	NA	DONE	DESCRIPTIVE_SOURCE_ONLY	Uhlitz original count matrix and annotation	Uhlitz	ALL	Plasma	hsa:120103	11	6583	0.03799302024469294	0.06184041134656067	per_cell_log1p_10000_full_gene_UMI_then_donor_mean	0.15230884091536398
COAD	Uhlitz	06_EXTERNAL	20260922T141755Z_source_contract_sc_v2	COAD_source_contract_sc_v2	sc_expression_source	NA	NA	SLC38A1	author_source_donor_label	11	NA	donor_equal_mean_log1p_CP10K	0.29269931463599014	NA	NA	NA	NA	NA:descriptive only	NA	DONE	DESCRIPTIVE_SOURCE_ONLY	Uhlitz original count matrix and annotation	Uhlitz	ALL	Plasma	hsa:81539	11	6583	0.29269931463599014	0.3716573643290413	per_cell_log1p_10000_full_gene_UMI_then_donor_mean	0.3656638250184637
COAD	Uhlitz	06_EXTERNAL	20260922T141755Z_source_contract_sc_v2	COAD_source_contract_sc_v2	sc_expression_source	NA	NA	SLC38A10	author_source_donor_label	11	NA	donor_equal_mean_log1p_CP10K	0.2578706433590395	NA	NA	NA	NA	NA:descriptive only	NA	DONE	DESCRIPTIVE_SOURCE_ONLY	Uhlitz original count matrix and annotation	Uhlitz	ALL	Plasma	hsa:124565	11	6583	0.2578706433590395	0.33713230019830126	per_cell_log1p_10000_full_gene_UMI_then_donor_mean	0.7088491284560903
COAD	Uhlitz	06_EXTERNAL	20260922T141755Z_source_contract_sc_v2	COAD_source_contract_sc_v2	sc_expression_source	NA	NA	SLC38A2	author_source_donor_label	11	NA	donor_equal_mean_log1p_CP10K	0.8244374135693011	NA	NA	NA	NA	NA:descriptive only	NA	DONE	DESCRIPTIVE_SOURCE_ONLY	Uhlitz original count matrix and annotation	Uhlitz	ALL	Plasma	hsa:54407	11	6583	0.8244374135693011	0.7226317274127761	per_cell_log1p_10000_full_gene_UMI_then_donor_mean	0.5502966388247315
COAD	Uhlitz	06_EXTERNAL	20260922T141755Z_source_contract_sc_v2	COAD_source_contract_sc_v2	sc_expression_source	NA	NA	SLC38A3	author_source_donor_label	11	NA	donor_equal_mean_log1p_CP10K	0.0	NA	NA	NA	NA	NA:descriptive only	NA	DONE	DESCRIPTIVE_SOURCE_ONLY	Uhlitz original count matrix and annotation	Uhlitz	ALL	Plasma	hsa:10991	11	6583	0.0	0.0	per_cell_log1p_10000_full_gene_UMI_then_donor_mean	0.0
COAD	Uhlitz	06_EXTERNAL	20260922T141755Z_source_contract_sc_v2	COAD_source_contract_sc_v2	sc_expression_source	NA	NA	SLC38A4	author_source_donor_label	11	NA	donor_equal_mean_log1p_CP10K	0.0011035783246961162	NA	NA	NA	NA	NA:descriptive only	NA	DONE	DESCRIPTIVE_SOURCE_ONLY	Uhlitz original count matrix and annotation	Uhlitz	ALL	Plasma	hsa:55089	11	6583	0.0011035783246961162	0.0016893662696535706	per_cell_log1p_10000_full_gene_UMI_then_donor_mean	0.12958105696967534
COAD	Uhlitz	06_EXTERNAL	20260922T141755Z_source_contract_sc_v2	COAD_source_contract_sc_v2	sc_expression_source	NA	NA	SLC38A6	author_source_donor_label	11	NA	donor_equal_mean_log1p_CP10K	0.0057596966939039715	NA	NA	NA	NA	NA:descriptive only	NA	DONE	DESCRIPTIVE_SOURCE_ONLY	Uhlitz original count matrix and annotation	Uhlitz	ALL	Plasma	hsa:145389	11	6583	0.0057596966939039715	0.008801814744720575	per_cell_log1p_10000_full_gene_UMI_then_donor_mean	0.06313072716921038
COAD	Uhlitz	06_EXTERNAL	20260922T141755Z_source_contract_sc_v2	COAD_source_contract_sc_v2	sc_expression_source	NA	NA	SLC38A7	author_source_donor_label	11	NA	donor_equal_mean_log1p_CP10K	0.008391116449558667	NA	NA	NA	NA	NA:descriptive only	NA	DONE	DESCRIPTIVE_SOURCE_ONLY	Uhlitz original count matrix and annotation	Uhlitz	ALL	Plasma	hsa:55238	11	6583	0.008391116449558667	0.013568282166090916	per_cell_log1p_10000_full_gene_UMI_then_donor_mean	0.07546641161323002
COAD	Uhlitz	06_EXTERNAL	20260922T141755Z_source_contract_sc_v2	COAD_source_contract_sc_v2	sc_expression_source	NA	NA	SLC38A8	author_source_donor_label	11	NA	donor_equal_mean_log1p_CP10K	NA	NA	NA	NA	NA	NA:descriptive only	NA	NOT_EVALUABLE	GENE_MISSING_OR_IDENTITY_HOLD	Uhlitz original count matrix and annotation	Uhlitz	ALL	Plasma	hsa:146167	11	6583	NA	NA	per_cell_log1p_10000_full_gene_UMI_then_donor_mean	NA
COAD	Uhlitz	06_EXTERNAL	20260922T141755Z_source_contract_sc_v2	COAD_source_contract_sc_v2	sc_expression_source	NA	NA	SLC38A9	author_source_donor_label	11	NA	donor_equal_mean_log1p_CP10K	0.024784612307774102	NA	NA	NA	NA	NA:descriptive only	NA	DONE	DESCRIPTIVE_SOURCE_ONLY	Uhlitz original count matrix and annotation	Uhlitz	ALL	Plasma	hsa:153129	11	6583	0.024784612307774102	0.04009862699074563	per_cell_log1p_10000_full_gene_UMI_then_donor_mean	0.35997360005771123
COAD	Uhlitz	06_EXTERNAL	20260922T141755Z_source_contract_sc_v2	COAD_source_contract_sc_v2	sc_expression_source	NA	NA	SLC43A1	author_source_donor_label	11	NA	donor_equal_mean_log1p_CP10K	0.03169283957934888	NA	NA	NA	NA	NA:descriptive only	NA	DONE	DESCRIPTIVE_SOURCE_ONLY	Uhlitz original count matrix and annotation	Uhlitz	ALL	Plasma	hsa:8501	11	6583	0.03169283957934888	0.04906704289337942	per_cell_log1p_10000_full_gene_UMI_then_donor_mean	0.42990012343505685
COAD	Uhlitz	06_EXTERNAL	20260922T141755Z_source_contract_sc_v2	COAD_source_contract_sc_v2	sc_expression_source	NA	NA	SLC43A2	author_source_donor_label	11	NA	donor_equal_mean_log1p_CP10K	0.07801383473356083	NA	NA	NA	NA	NA:descriptive only	NA	DONE	DESCRIPTIVE_SOURCE_ONLY	Uhlitz original count matrix and annotation	Uhlitz	ALL	Plasma	hsa:124935	11	6583	0.07801383473356083	0.11143430728524106	per_cell_log1p_10000_full_gene_UMI_then_donor_mean	0.11701508717752668
COAD	Uhlitz	06_EXTERNAL	20260922T141755Z_source_contract_sc_v2	COAD_source_contract_sc_v2	sc_expression_source	NA	NA	SLC43A3	author_source_donor_label	11	NA	donor_equal_mean_log1p_CP10K	0.0009428916799294625	NA	NA	NA	NA	NA:descriptive only	NA	DONE	DESCRIPTIVE_SOURCE_ONLY	Uhlitz original count matrix and annotation	Uhlitz	ALL	Plasma	hsa:29015	11	6583	0.0009428916799294625	0.0022399118133227636	per_cell_log1p_10000_full_gene_UMI_then_donor_mean	0.05038557687115706
COAD	Uhlitz	06_EXTERNAL	20260922T141755Z_source_contract_sc_v2	COAD_source_contract_sc_v2	sc_expression_source	NA	NA	SLC45A1	author_source_donor_label	11	NA	donor_equal_mean_log1p_CP10K	0.0	NA	NA	NA	NA	NA:descriptive only	NA	DONE	DESCRIPTIVE_SOURCE_ONLY	Uhlitz original count matrix and annotation	Uhlitz	ALL	Plasma	hsa:50651	11	6583	0.0	0.0	per_cell_log1p_10000_full_gene_UMI_then_donor_mean	0.0
COAD	Uhlitz	06_EXTERNAL	20260922T141755Z_source_contract_sc_v2	COAD_source_contract_sc_v2	sc_expression_source	NA	NA	SLC45A2	author_source_donor_label	11	NA	donor_equal_mean_log1p_CP10K	0.0	NA	NA	NA	NA	NA:descriptive only	NA	DONE	DESCRIPTIVE_SOURCE_ONLY	Uhlitz original count matrix and annotation	Uhlitz	ALL	Plasma	hsa:51151	11	6583	0.0	0.0	per_cell_log1p_10000_full_gene_UMI_then_donor_mean	0.0
COAD	Uhlitz	06_EXTERNAL	20260922T141755Z_source_contract_sc_v2	COAD_source_contract_sc_v2	sc_expression_source	NA	NA	SLC45A4	author_source_donor_label	11	NA	donor_equal_mean_log1p_CP10K	0.030702675265313076	NA	NA	NA	NA	NA:descriptive only	NA	DONE	DESCRIPTIVE_SOURCE_ONLY	Uhlitz original count matrix and annotation	Uhlitz	ALL	Plasma	hsa:57210	11	6583	0.030702675265313076	0.04026053346127415	per_cell_log1p_10000_full_gene_UMI_then_donor_mean	0.26436338326046593
COAD	Uhlitz	06_EXTERNAL	20260922T141755Z_source_contract_sc_v2	COAD_source_contract_sc_v2	sc_expression_source	NA	NA	SLC47A1	author_source_donor_label	11	NA	donor_equal_mean_log1p_CP10K	0.008161689225644274	NA	NA	NA	NA	NA:descriptive only	NA	DONE	DESCRIPTIVE_SOURCE_ONLY	Uhlitz original count matrix and annotation	Uhlitz	ALL	Plasma	hsa:55244	11	6583	0.008161689225644274	0.01007724797894354	per_cell_log1p_10000_full_gene_UMI_then_donor_mean	0.801788077518933
COAD	Uhlitz	06_EXTERNAL	20260922T141755Z_source_contract_sc_v2	COAD_source_contract_sc_v2	sc_expression_source	NA	NA	SLC47A2	author_source_donor_label	11	NA	donor_equal_mean_log1p_CP10K	0.0	NA	NA	NA	NA	NA:descriptive only	NA	DONE	DESCRIPTIVE_SOURCE_ONLY	Uhlitz original count matrix and annotation	Uhlitz	ALL	Plasma	hsa:146802	11	6583	0.0	0.0	per_cell_log1p_10000_full_gene_UMI_then_donor_mean	0.0
COAD	Uhlitz	06_EXTERNAL	20260922T141755Z_source_contract_sc_v2	COAD_source_contract_sc_v2	sc_expression_source	NA	NA	SLC5A1	author_source_donor_label	11	NA	donor_equal_mean_log1p_CP10K	0.005427990418934954	NA	NA	NA	NA	NA:descriptive only	NA	DONE	DESCRIPTIVE_SOURCE_ONLY	Uhlitz original count matrix and annotation	Uhlitz	ALL	Plasma	hsa:6523	11	6583	0.005427990418934954	0.006251865413797963	per_cell_log1p_10000_full_gene_UMI_then_donor_mean	0.022165365950029964
COAD	Uhlitz	06_EXTERNAL	20260922T141755Z_source_contract_sc_v2	COAD_source_contract_sc_v2	sc_expression_source	NA	NA	SLC5A11	author_source_donor_label	11	NA	donor_equal_mean_log1p_CP10K	0.00039919912888260054	NA	NA	NA	NA	NA:descriptive only	NA	DONE	DESCRIPTIVE_SOURCE_ONLY	Uhlitz original count matrix and annotation	Uhlitz	ALL	Plasma	hsa:115584	11	6583	0.00039919912888260054	0.00045221898104691265	per_cell_log1p_10000_full_gene_UMI_then_donor_mean	0.238602678717618
COAD	Uhlitz	06_EXTERNAL	20260922T141755Z_source_contract_sc_v2	COAD_source_contract_sc_v2	sc_expression_source	NA	NA	SLC5A2	author_source_donor_label	11	NA	donor_equal_mean_log1p_CP10K	5.0182538205779445e-05	NA	NA	NA	NA	NA:descriptive only	NA	DONE	DESCRIPTIVE_SOURCE_ONLY	Uhlitz original count matrix and annotation	Uhlitz	ALL	Plasma	hsa:6524	11	6583	5.0182538205779445e-05	0.00010796804145972792	per_cell_log1p_10000_full_gene_UMI_then_donor_mean	0.09411912298286516
COAD	Uhlitz	06_EXTERNAL	20260922T141755Z_source_contract_sc_v2	COAD_source_contract_sc_v2	sc_expression_source	NA	NA	SLC5A6	author_source_donor_label	11	NA	donor_equal_mean_log1p_CP10K	0.010615531617358752	NA	NA	NA	NA	NA:descriptive only	NA	DONE	DESCRIPTIVE_SOURCE_ONLY	Uhlitz original count matrix and annotation	Uhlitz	ALL	Plasma	hsa:8884	11	6583	0.010615531617358752	0.018558818563903675	per_cell_log1p_10000_full_gene_UMI_then_donor_mean	0.12954139401982656
COAD	Uhlitz	06_EXTERNAL	20260922T141755Z_source_contract_sc_v2	COAD_source_contract_sc_v2	sc_expression_source	NA	NA	SLC5A8	author_source_donor_label	11	NA	donor_equal_mean_log1p_CP10K	0.0	NA	NA	NA	NA	NA:descriptive only	NA	DONE	DESCRIPTIVE_SOURCE_ONLY	Uhlitz original count matrix and annotation	Uhlitz	ALL	Plasma	hsa:160728	11	6583	0.0	0.0	per_cell_log1p_10000_full_gene_UMI_then_donor_mean	0.0
COAD	Uhlitz	06_EXTERNAL	20260922T141755Z_source_contract_sc_v2	COAD_source_contract_sc_v2	sc_expression_source	NA	NA	SLC60A2	author_source_donor_label	11	NA	donor_equal_mean_log1p_CP10K	NA	NA	NA	NA	NA	NA:descriptive only	NA	NOT_EVALUABLE	GENE_MISSING_OR_IDENTITY_HOLD	Uhlitz original count matrix and annotation	Uhlitz	ALL	Plasma	hsa:91749	11	6583	NA	NA	per_cell_log1p_10000_full_gene_UMI_then_donor_mean	NA
COAD	Uhlitz	06_EXTERNAL	20260922T141755Z_source_contract_sc_v2	COAD_source_contract_sc_v2	sc_expression_source	NA	NA	SLC6A1	author_source_donor_label	11	NA	donor_equal_mean_log1p_CP10K	7.208191706690213e-05	NA	NA	NA	NA	NA:descriptive only	NA	DONE	DESCRIPTIVE_SOURCE_ONLY	Uhlitz original count matrix and annotation	Uhlitz	ALL	Plasma	hsa:6529	11	6583	7.208191706690213e-05	5.473154178753216e-05	per_cell_log1p_10000_full_gene_UMI_then_donor_mean	0.000711800432185109
COAD	Uhlitz	06_EXTERNAL	20260922T141755Z_source_contract_sc_v2	COAD_source_contract_sc_v2	sc_expression_source	NA	NA	SLC36A2	author_source_donor_label	12	NA	donor_equal_mean_log1p_CP10K	NA	NA	NA	NA	NA	NA:descriptive only	NA	NOT_EVALUABLE	GENE_MISSING_OR_IDENTITY_HOLD	Uhlitz original count matrix and annotation	Uhlitz	ALL	Tcells	hsa:153201	12	10746	NA	NA	per_cell_log1p_10000_full_gene_UMI_then_donor_mean	NA
COAD	Uhlitz	06_EXTERNAL	20260922T141755Z_source_contract_sc_v2	COAD_source_contract_sc_v2	sc_expression_source	NA	NA	SLC36A4	author_source_donor_label	12	NA	donor_equal_mean_log1p_CP10K	0.06178182570201604	NA	NA	NA	NA	NA:descriptive only	NA	DONE	DESCRIPTIVE_SOURCE_ONLY	Uhlitz original count matrix and annotation	Uhlitz	ALL	Tcells	hsa:120103	12	10746	0.06178182570201604	0.03706776130155111	per_cell_log1p_10000_full_gene_UMI_then_donor_mean	0.24767492033286131
COAD	Uhlitz	06_EXTERNAL	20260922T141755Z_source_contract_sc_v2	COAD_source_contract_sc_v2	sc_expression_source	NA	NA	SLC38A1	author_source_donor_label	12	NA	donor_equal_mean_log1p_CP10K	0.8004601347185784	NA	NA	NA	NA	NA:descriptive only	NA	DONE	DESCRIPTIVE_SOURCE_ONLY	Uhlitz original count matrix and annotation	Uhlitz	ALL	Tcells	hsa:81539	12	10746	0.8004601347185784	0.41979234162759593	per_cell_log1p_10000_full_gene_UMI_then_donor_mean	1.0
COAD	Uhlitz	06_EXTERNAL	20260922T141755Z_source_contract_sc_v2	COAD_source_contract_sc_v2	sc_expression_source	NA	NA	SLC38A10	author_source_donor_label	12	NA	donor_equal_mean_log1p_CP10K	0.11410908866009643	NA	NA	NA	NA	NA:descriptive only	NA	DONE	DESCRIPTIVE_SOURCE_ONLY	Uhlitz original count matrix and annotation	Uhlitz	ALL	Tcells	hsa:124565	12	10746	0.11410908866009643	0.07005115676024866	per_cell_log1p_10000_full_gene_UMI_then_donor_mean	0.3136693924985031
COAD	Uhlitz	06_EXTERNAL	20260922T141755Z_source_contract_sc_v2	COAD_source_contract_sc_v2	sc_expression_source	NA	NA	SLC38A2	author_source_donor_label	12	NA	donor_equal_mean_log1p_CP10K	0.8967374149921551	NA	NA	NA	NA	NA:descriptive only	NA	DONE	DESCRIPTIVE_SOURCE_ONLY	Uhlitz original count matrix and annotation	Uhlitz	ALL	Tcells	hsa:54407	12	10746	0.8967374149921551	0.45041330475263436	per_cell_log1p_10000_full_gene_UMI_then_donor_mean	0.598555544977194
COAD	Uhlitz	06_EXTERNAL	20260922T141755Z_source_contract_sc_v2	COAD_source_contract_sc_v2	sc_expression_source	NA	NA	SLC38A3	author_source_donor_label	12	NA	donor_equal_mean_log1p_CP10K	0.0002329316950972172	NA	NA	NA	NA	NA:descriptive only	NA	DONE	DESCRIPTIVE_SOURCE_ONLY	Uhlitz original count matrix and annotation	Uhlitz	ALL	Tcells	hsa:10991	12	10746	0.0002329316950972172	0.0001452240856593663	per_cell_log1p_10000_full_gene_UMI_then_donor_mean	0.09812468106508243
COAD	Uhlitz	06_EXTERNAL	20260922T141755Z_source_contract_sc_v2	COAD_source_contract_sc_v2	sc_expression_source	NA	NA	SLC38A4	author_source_donor_label	12	NA	donor_equal_mean_log1p_CP10K	0.0	NA	NA	NA	NA	NA:descriptive only	NA	DONE	DESCRIPTIVE_SOURCE_ONLY	Uhlitz original count matrix and annotation	Uhlitz	ALL	Tcells	hsa:55089	12	10746	0.0	0.0	per_cell_log1p_10000_full_gene_UMI_then_donor_mean	0.0
COAD	Uhlitz	06_EXTERNAL	20260922T141755Z_source_contract_sc_v2	COAD_source_contract_sc_v2	sc_expression_source	NA	NA	SLC38A6	author_source_donor_label	12	NA	donor_equal_mean_log1p_CP10K	0.020251884329031068	NA	NA	NA	NA	NA:descriptive only	NA	DONE	DESCRIPTIVE_SOURCE_ONLY	Uhlitz original count matrix and annotation	Uhlitz	ALL	Tcells	hsa:145389	12	10746	0.020251884329031068	0.013197824111704531	per_cell_log1p_10000_full_gene_UMI_then_donor_mean	0.22197630399386362
COAD	Uhlitz	06_EXTERNAL	20260922T141755Z_source_contract_sc_v2	COAD_source_contract_sc_v2	sc_expression_source	NA	NA	SLC38A7	author_source_donor_label	12	NA	donor_equal_mean_log1p_CP10K	0.014392078808155614	NA	NA	NA	NA	NA:descriptive only	NA	DONE	DESCRIPTIVE_SOURCE_ONLY	Uhlitz original count matrix and annotation	Uhlitz	ALL	Tcells	hsa:55238	12	10746	0.014392078808155614	0.009223361548254155	per_cell_log1p_10000_full_gene_UMI_then_donor_mean	0.12943671439137863
COAD	Uhlitz	06_EXTERNAL	20260922T141755Z_source_contract_sc_v2	COAD_source_contract_sc_v2	sc_expression_source	NA	NA	SLC38A8	author_source_donor_label	12	NA	donor_equal_mean_log1p_CP10K	NA	NA	NA	NA	NA	NA:descriptive only	NA	NOT_EVALUABLE	GENE_MISSING_OR_IDENTITY_HOLD	Uhlitz original count matrix and annotation	Uhlitz	ALL	Tcells	hsa:146167	12	10746	NA	NA	per_cell_log1p_10000_full_gene_UMI_then_donor_mean	NA
COAD	Uhlitz	06_EXTERNAL	20260922T141755Z_source_contract_sc_v2	COAD_source_contract_sc_v2	sc_expression_source	NA	NA	SLC38A9	author_source_donor_label	12	NA	donor_equal_mean_log1p_CP10K	0.03753094169475096	NA	NA	NA	NA	NA:descriptive only	NA	DONE	DESCRIPTIVE_SOURCE_ONLY	Uhlitz original count matrix and annotation	Uhlitz	ALL	Tcells	hsa:153129	12	10746	0.03753094169475096	0.021939034847469643	per_cell_log1p_10000_full_gene_UMI_then_donor_mean	0.5451022605335594
COAD	Uhlitz	06_EXTERNAL	20260922T141755Z_source_contract_sc_v2	COAD_source_contract_sc_v2	sc_expression_source	NA	NA	SLC43A1	author_source_donor_label	12	NA	donor_equal_mean_log1p_CP10K	0.02382202627104896	NA	NA	NA	NA	NA:descriptive only	NA	DONE	DESCRIPTIVE_SOURCE_ONLY	Uhlitz original count matrix and annotation	Uhlitz	ALL	Tcells	hsa:8501	12	10746	0.02382202627104896	0.014975856587143213	per_cell_log1p_10000_full_gene_UMI_then_donor_mean	0.3231358303744494
COAD	Uhlitz	06_EXTERNAL	20260922T141755Z_source_contract_sc_v2	COAD_source_contract_sc_v2	sc_expression_source	NA	NA	SLC43A2	author_source_donor_label	12	NA	donor_equal_mean_log1p_CP10K	0.0231274208311481	NA	NA	NA	NA	NA:descriptive only	NA	DONE	DESCRIPTIVE_SOURCE_ONLY	Uhlitz original count matrix and annotation	Uhlitz	ALL	Tcells	hsa:124935	12	10746	0.0231274208311481	0.015281634735463479	per_cell_log1p_10000_full_gene_UMI_then_donor_mean	0.03468945186441317
COAD	Uhlitz	06_EXTERNAL	20260922T141755Z_source_contract_sc_v2	COAD_source_contract_sc_v2	sc_expression_source	NA	NA	SLC43A3	author_source_donor_label	12	NA	donor_equal_mean_log1p_CP10K	0.0014984733444080576	NA	NA	NA	NA	NA:descriptive only	NA	DONE	DESCRIPTIVE_SOURCE_ONLY	Uhlitz original count matrix and annotation	Uhlitz	ALL	Tcells	hsa:29015	12	10746	0.0014984733444080576	0.0011144646183183866	per_cell_log1p_10000_full_gene_UMI_then_donor_mean	0.08007435582600786
COAD	Uhlitz	06_EXTERNAL	20260922T141755Z_source_contract_sc_v2	COAD_source_contract_sc_v2	sc_expression_source	NA	NA	SLC45A1	author_source_donor_label	12	NA	donor_equal_mean_log1p_CP10K	0.002107682667340625	NA	NA	NA	NA	NA:descriptive only	NA	DONE	DESCRIPTIVE_SOURCE_ONLY	Uhlitz original count matrix and annotation	Uhlitz	ALL	Tcells	hsa:50651	12	10746	0.002107682667340625	0.001343672221008295	per_cell_log1p_10000_full_gene_UMI_then_donor_mean	0.07057114604242903
COAD	Uhlitz	06_EXTERNAL	20260922T141755Z_source_contract_sc_v2	COAD_source_contract_sc_v2	sc_expression_source	NA	NA	SLC45A2	author_source_donor_label	12	NA	donor_equal_mean_log1p_CP10K	0.0	NA	NA	NA	NA	NA:descriptive only	NA	DONE	DESCRIPTIVE_SOURCE_ONLY	Uhlitz original count matrix and annotation	Uhlitz	ALL	Tcells	hsa:51151	12	10746	0.0	0.0	per_cell_log1p_10000_full_gene_UMI_then_donor_mean	0.0
COAD	Uhlitz	06_EXTERNAL	20260922T141755Z_source_contract_sc_v2	COAD_source_contract_sc_v2	sc_expression_source	NA	NA	SLC45A4	author_source_donor_label	12	NA	donor_equal_mean_log1p_CP10K	0.03446959585213578	NA	NA	NA	NA	NA:descriptive only	NA	DONE	DESCRIPTIVE_SOURCE_ONLY	Uhlitz original count matrix and annotation	Uhlitz	ALL	Tcells	hsa:57210	12	10746	0.03446959585213578	0.020997242802084398	per_cell_log1p_10000_full_gene_UMI_then_donor_mean	0.29679820733363116
COAD	Uhlitz	06_EXTERNAL	20260922T141755Z_source_contract_sc_v2	COAD_source_contract_sc_v2	sc_expression_source	NA	NA	SLC47A1	author_source_donor_label	12	NA	donor_equal_mean_log1p_CP10K	8.755928487458481e-05	NA	NA	NA	NA	NA:descriptive only	NA	DONE	DESCRIPTIVE_SOURCE_ONLY	Uhlitz original count matrix and annotation	Uhlitz	ALL	Tcells	hsa:55244	12	10746	8.755928487458481e-05	6.06501698204755e-05	per_cell_log1p_10000_full_gene_UMI_then_donor_mean	0.008601649578612173
COAD	Uhlitz	06_EXTERNAL	20260922T141755Z_source_contract_sc_v2	COAD_source_contract_sc_v2	sc_expression_source	NA	NA	SLC47A2	author_source_donor_label	12	NA	donor_equal_mean_log1p_CP10K	0.0	NA	NA	NA	NA	NA:descriptive only	NA	DONE	DESCRIPTIVE_SOURCE_ONLY	Uhlitz original count matrix and annotation	Uhlitz	ALL	Tcells	hsa:146802	12	10746	0.0	0.0	per_cell_log1p_10000_full_gene_UMI_then_donor_mean	0.0
COAD	Uhlitz	06_EXTERNAL	20260922T141755Z_source_contract_sc_v2	COAD_source_contract_sc_v2	sc_expression_source	NA	NA	SLC5A1	author_source_donor_label	12	NA	donor_equal_mean_log1p_CP10K	0.00536477907883871	NA	NA	NA	NA	NA:descriptive only	NA	DONE	DESCRIPTIVE_SOURCE_ONLY	Uhlitz original count matrix and annotation	Uhlitz	ALL	Tcells	hsa:6523	12	10746	0.00536477907883871	0.0032155965114484355	per_cell_log1p_10000_full_gene_UMI_then_donor_mean	0.021907240497093184
COAD	Uhlitz	06_EXTERNAL	20260922T141755Z_source_contract_sc_v2	COAD_source_contract_sc_v2	sc_expression_source	NA	NA	SLC5A11	author_source_donor_label	12	NA	donor_equal_mean_log1p_CP10K	0.00031511358042453076	NA	NA	NA	NA	NA:descriptive only	NA	DONE	DESCRIPTIVE_SOURCE_ONLY	Uhlitz original count matrix and annotation	Uhlitz	ALL	Tcells	hsa:115584	12	10746	0.00031511358042453076	0.00021121134657276722	per_cell_log1p_10000_full_gene_UMI_then_donor_mean	0.18834446006944294
COAD	Uhlitz	06_EXTERNAL	20260922T141755Z_source_contract_sc_v2	COAD_source_contract_sc_v2	sc_expression_source	NA	NA	SLC5A2	author_source_donor_label	12	NA	donor_equal_mean_log1p_CP10K	0.0005331811072540175	NA	NA	NA	NA	NA:descriptive only	NA	DONE	DESCRIPTIVE_SOURCE_ONLY	Uhlitz original count matrix and annotation	Uhlitz	ALL	Tcells	hsa:6524	12	10746	0.0005331811072540175	0.0003173541531645043	per_cell_log1p_10000_full_gene_UMI_then_donor_mean	1.0
COAD	Uhlitz	06_EXTERNAL	20260922T141755Z_source_contract_sc_v2	COAD_source_contract_sc_v2	sc_expression_source	NA	NA	SLC5A6	author_source_donor_label	12	NA	donor_equal_mean_log1p_CP10K	0.019000732009581835	NA	NA	NA	NA	NA:descriptive only	NA	DONE	DESCRIPTIVE_SOURCE_ONLY	Uhlitz original count matrix and annotation	Uhlitz	ALL	Tcells	hsa:8884	12	10746	0.019000732009581835	0.013170462854650797	per_cell_log1p_10000_full_gene_UMI_then_donor_mean	0.23186604313753573
COAD	Uhlitz	06_EXTERNAL	20260922T141755Z_source_contract_sc_v2	COAD_source_contract_sc_v2	sc_expression_source	NA	NA	SLC5A8	author_source_donor_label	12	NA	donor_equal_mean_log1p_CP10K	0.0	NA	NA	NA	NA	NA:descriptive only	NA	DONE	DESCRIPTIVE_SOURCE_ONLY	Uhlitz original count matrix and annotation	Uhlitz	ALL	Tcells	hsa:160728	12	10746	0.0	0.0	per_cell_log1p_10000_full_gene_UMI_then_donor_mean	0.0
COAD	Uhlitz	06_EXTERNAL	20260922T141755Z_source_contract_sc_v2	COAD_source_contract_sc_v2	sc_expression_source	NA	NA	SLC60A2	author_source_donor_label	12	NA	donor_equal_mean_log1p_CP10K	NA	NA	NA	NA	NA	NA:descriptive only	NA	NOT_EVALUABLE	GENE_MISSING_OR_IDENTITY_HOLD	Uhlitz original count matrix and annotation	Uhlitz	ALL	Tcells	hsa:91749	12	10746	NA	NA	per_cell_log1p_10000_full_gene_UMI_then_donor_mean	NA
COAD	Uhlitz	06_EXTERNAL	20260922T141755Z_source_contract_sc_v2	COAD_source_contract_sc_v2	sc_expression_source	NA	NA	SLC6A1	author_source_donor_label	12	NA	donor_equal_mean_log1p_CP10K	0.0	NA	NA	NA	NA	NA:descriptive only	NA	DONE	DESCRIPTIVE_SOURCE_ONLY	Uhlitz original count matrix and annotation	Uhlitz	ALL	Tcells	hsa:6529	12	10746	0.0	0.0	per_cell_log1p_10000_full_gene_UMI_then_donor_mean	0.0
