cancer	cohort	stage_id	run_id	analysis_version	analysis_type	metabolite_key	metabolite_name	gene	unit	n	n_reference	effect_type	effect	ci_lower	ci_upper	p_value	q_value	test_family	family_n_evaluable	status	reason	source_id	feature_id	n_pairs_total	chemical_key_collision	n_both_available	mask_semantics	n_pairs_used	n_nonzero	n_up	n_down	n_equal	up_fraction	down_fraction	mean_delta	median_delta	rank_biserial	seed	zero_method	tie_method	continuity_correction	B	bootstrap_valid	ci_estimand	ci_method	p_method	family_n_planned	evidence_label
PRAD	CAMP_PRAD	04_ROBUSTNESS	20260922T142000Z_discovery_v1	prad_discovery_v1	METAB_PAIRED_AVAILABLE	KEGG:C00583	1,2-propanediol	NA	author_case	20	20	mean_paired_difference_author_log2_scale	-0.3568092627801444	-1.1706326419207602	0.41740489646602197	0.56997	0.7431344696969696	METAB_PAIRED_AVAILABLE	344.0	DONE	NA	CAMP_v0.3.4_PRAD	PRAD_FEATURE:772ed7856c65cf3e	43	False	20	finite author data values; unchanged observed values verified against data_imputed	20	20	11	9	0	0.55	0.45	-0.3568092627801444	0.272116122606585	-0.1523809523809524	1240063044	wilcox	average_ranks	False	99999	4000	mean_paired_tumor_minus_normal	4000_whole_case_percentile_bootstrap_pointwise	Monte_Carlo_sign_flip_plus1	361.0	NOT_SUPPORTED_THIS_TEST
PRAD	CAMP_PRAD	04_ROBUSTNESS	20260922T142000Z_discovery_v1	prad_discovery_v1	METAB_PAIRED_AVAILABLE	KEGG:C07326	1,5-anhydroglucitol (1,5-AG)	NA	author_case	43	43	mean_paired_difference_author_log2_scale	-0.15001538546102797	-0.3374178927651056	0.021327971794846766	0.09209360230699017	0.32659999168664555	METAB_PAIRED_AVAILABLE	344.0	DONE	NA	CAMP_v0.3.4_PRAD	PRAD_FEATURE:5acbf0fa5591a2ec	43	False	43	finite author data values; unchanged observed values verified against data_imputed	43	43	18	25	0	0.4186046511627907	0.5813953488372093	-0.15001538546102797	-0.12126183930177098	-0.2959830866807611	1818481568	wilcox	average_ranks	True	0	4000	mean_paired_tumor_minus_normal	4000_whole_case_percentile_bootstrap_pointwise	normal_tie_corrected_continuity_corrected	361.0	NOT_SUPPORTED_THIS_TEST
PRAD	CAMP_PRAD	04_ROBUSTNESS	20260922T142000Z_discovery_v1	prad_discovery_v1	METAB_PAIRED_AVAILABLE	KEGG:C16356	1,7-dimethylurate	NA	author_case	12	12	mean_paired_difference_author_log2_scale	-0.3685511138756398	-1.1269360602374896	0.3563759109145302	0.38037109375	0.5989963285857545	METAB_PAIRED_AVAILABLE	344.0	DONE	NA	CAMP_v0.3.4_PRAD	PRAD_FEATURE:8e7a15b58234479d	43	False	12	finite author data values; unchanged observed values verified against data_imputed	12	12	5	7	0	0.4166666666666667	0.5833333333333334	-0.3685511138756398	-0.19934690271974148	-0.3076923076923077	640104425	wilcox	average_ranks	False	4096	4000	mean_paired_tumor_minus_normal	4000_whole_case_percentile_bootstrap_pointwise	exhaustive_sign_flip	361.0	NOT_SUPPORTED_THIS_TEST
PRAD	CAMP_PRAD	04_ROBUSTNESS	20260922T142000Z_discovery_v1	prad_discovery_v1	METAB_PAIRED_AVAILABLE	KEGG:C05208	1-arachidonoyl-GPC (20:4n6)	NA	author_case	22	22	mean_paired_difference_author_log2_scale	-0.478231018467903	-1.0341217713912116	0.07009068265653126	0.12934	0.36173138211382116	METAB_PAIRED_AVAILABLE	344.0	DONE	NA	CAMP_v0.3.4_PRAD	PRAD_FEATURE:959138fed1469ac1	43	False	22	finite author data values; unchanged observed values verified against data_imputed	22	22	7	15	0	0.3181818181818182	0.6818181818181818	-0.478231018467903	-0.15356707432244546	-0.37549407114624506	2069661503	wilcox	average_ranks	False	99999	4000	mean_paired_tumor_minus_normal	4000_whole_case_percentile_bootstrap_pointwise	Monte_Carlo_sign_flip_plus1	361.0	NOT_SUPPORTED_THIS_TEST
PRAD	CAMP_PRAD	04_ROBUSTNESS	20260922T142000Z_discovery_v1	prad_discovery_v1	METAB_PAIRED_AVAILABLE	HMDB:HMDB11517	1-arachidonoyl-GPE (20:4n6)	NA	author_case	43	43	mean_paired_difference_author_log2_scale	-0.42796241003939717	-0.7135579171906533	-0.12960738323041246	0.006960004880773767	0.0886619695673805	METAB_PAIRED_AVAILABLE	344.0	DONE	NA	CAMP_v0.3.4_PRAD	PRAD_FEATURE:32014f30fef6856d	43	False	43	finite author data values; unchanged observed values verified against data_imputed	43	43	17	26	0	0.3953488372093023	0.6046511627906976	-0.42796241003939717	-0.2381779776383024	-0.47357293868921774	4192123670	wilcox	average_ranks	True	0	4000	mean_paired_tumor_minus_normal	4000_whole_case_percentile_bootstrap_pointwise	normal_tie_corrected_continuity_corrected	361.0	NOMINAL_EXPLORATORY
PRAD	CAMP_PRAD	04_ROBUSTNESS	20260922T142000Z_discovery_v1	prad_discovery_v1	METAB_PAIRED_AVAILABLE	HMDB:HMDB61690	1-arachidonoyl-GPI (20:4)	NA	author_case	42	42	mean_paired_difference_author_log2_scale	0.21184245712374888	-0.003157433234363734	0.43109346706555957	0.08002984659161687	0.2991530058594754	METAB_PAIRED_AVAILABLE	344.0	DONE	NA	CAMP_v0.3.4_PRAD	PRAD_FEATURE:e6367878fddecf9d	43	False	42	finite author data values; unchanged observed values verified against data_imputed	42	42	27	15	0	0.6428571428571429	0.35714285714285715	0.21184245712374888	0.14141021732581927	0.31118493909191586	3803516029	wilcox	average_ranks	True	0	4000	mean_paired_tumor_minus_normal	4000_whole_case_percentile_bootstrap_pointwise	normal_tie_corrected_continuity_corrected	361.0	NOT_SUPPORTED_THIS_TEST
PRAD	CAMP_PRAD	04_ROBUSTNESS	20260922T142000Z_discovery_v1	prad_discovery_v1	METAB_PAIRED_AVAILABLE	HMDB:HMDB10390	1-arachidoylglycerophosphocholine	NA	author_case	8	8	mean_paired_difference_author_log2_scale	0.39522834501322857	-0.2793455867188488	1.0071045126204974	0.3125	0.5657894736842105	METAB_PAIRED_AVAILABLE	344.0	DONE	NA	CAMP_v0.3.4_PRAD	PRAD_FEATURE:86d75bcd712c1852	43	False	8	finite author data values; unchanged observed values verified against data_imputed	8	8	6	2	0	0.75	0.25	0.39522834501322857	0.5203136242108795	0.4444444444444444	47085804	wilcox	average_ranks	False	256	4000	mean_paired_tumor_minus_normal	4000_whole_case_percentile_bootstrap_pointwise	exhaustive_sign_flip	361.0	NOT_SUPPORTED_THIS_TEST
PRAD	CAMP_PRAD	04_ROBUSTNESS	20260922T142000Z_discovery_v1	prad_discovery_v1	METAB_PAIRED_AVAILABLE	NAME:1-eicosatrienoylglycerophosphocholine (20:3)	1-eicosatrienoylglycerophosphocholine (20:3)	NA	author_case	21	21	mean_paired_difference_author_log2_scale	-0.5762137169413157	-1.0432742974711033	-0.08567720928652847	0.02143	0.16025913043478263	METAB_PAIRED_AVAILABLE	344.0	DONE	NA	CAMP_v0.3.4_PRAD	PRAD_FEATURE:4a0c2d7b69eaa7f1	43	False	21	finite author data values; unchanged observed values verified against data_imputed	21	21	5	16	0	0.23809523809523808	0.7619047619047619	-0.5762137169413157	-0.726799746291182	-0.5670995670995671	2514207440	wilcox	average_ranks	False	99999	4000	mean_paired_tumor_minus_normal	4000_whole_case_percentile_bootstrap_pointwise	Monte_Carlo_sign_flip_plus1	361.0	NOMINAL_EXPLORATORY
PRAD	CAMP_PRAD	04_ROBUSTNESS	20260922T142000Z_discovery_v1	prad_discovery_v1	METAB_PAIRED_AVAILABLE	KEGG:C04230	1-margaroylglycerophosphocholine (17:0)	NA	author_case	24	24	mean_paired_difference_author_log2_scale	0.528636614509186	-0.07213611260664972	1.1424389243405153	0.14408	0.3854400049371585	METAB_PAIRED_AVAILABLE	344.0	DONE	NA	CAMP_v0.3.4_PRAD	PRAD_FEATURE:1c6ab1f288874876	43	False	24	finite author data values; unchanged observed values verified against data_imputed	24	24	14	10	0	0.5833333333333334	0.4166666666666667	0.528636614509186	0.33900633787611656	0.3466666666666667	2679001259	wilcox	average_ranks	False	99999	4000	mean_paired_tumor_minus_normal	4000_whole_case_percentile_bootstrap_pointwise	Monte_Carlo_sign_flip_plus1	361.0	NOT_SUPPORTED_THIS_TEST
PRAD	CAMP_PRAD	04_ROBUSTNESS	20260922T142000Z_discovery_v1	prad_discovery_v1	METAB_PAIRED_AVAILABLE	NAME:1-heptadecanoylglycerophosphoethanolamine	1-heptadecanoylglycerophosphoethanolamine	NA	author_case	37	37	mean_paired_difference_author_log2_scale	0.4415709965008823	-0.01398663057496403	0.8848034631835839	0.12021127059204788	0.3546115254237288	METAB_PAIRED_AVAILABLE	344.0	DONE	NA	CAMP_v0.3.4_PRAD	PRAD_FEATURE:b472a5cb2e3636b2	43	False	37	finite author data values; unchanged observed values verified against data_imputed	37	37	20	17	0	0.5405405405405406	0.4594594594594595	0.4415709965008823	0.03813047829440097	0.29445234708392604	3531428649	wilcox	average_ranks	True	0	4000	mean_paired_tumor_minus_normal	4000_whole_case_percentile_bootstrap_pointwise	normal_tie_corrected_continuity_corrected	361.0	NOT_SUPPORTED_THIS_TEST
PRAD	CAMP_PRAD	04_ROBUSTNESS	20260922T142000Z_discovery_v1	prad_discovery_v1	METAB_PAIRED_AVAILABLE	KEGG:C04100	1-linoleoyl-GPC (18:2)	NA	author_case	36	36	mean_paired_difference_author_log2_scale	-0.10354479226626952	-0.5837465930049353	0.4002813440552607	0.5770319035634977	0.7462367474655759	METAB_PAIRED_AVAILABLE	344.0	DONE	NA	CAMP_v0.3.4_PRAD	PRAD_FEATURE:7fbe360e1385b132	43	False	36	finite author data values; unchanged observed values verified against data_imputed	36	36	16	20	0	0.4444444444444444	0.5555555555555556	-0.10354479226626952	-0.20030697907892653	-0.10810810810810811	604753590	wilcox	average_ranks	True	0	4000	mean_paired_tumor_minus_normal	4000_whole_case_percentile_bootstrap_pointwise	normal_tie_corrected_continuity_corrected	361.0	NOT_SUPPORTED_THIS_TEST
PRAD	CAMP_PRAD	04_ROBUSTNESS	20260922T142000Z_discovery_v1	prad_discovery_v1	METAB_PAIRED_AVAILABLE	HMDB:HMDB11507	1-linoleoylglycerophosphoethanolamine	NA	author_case	41	41	mean_paired_difference_author_log2_scale	0.29745525220857216	-0.060540887466953935	0.6618531083917765	0.3575500406257689	0.5885034161495909	METAB_PAIRED_AVAILABLE	344.0	DONE	NA	CAMP_v0.3.4_PRAD	PRAD_FEATURE:06bacfe217b0bc00	43	False	41	finite author data values; unchanged observed values verified against data_imputed	41	41	22	19	0	0.5365853658536586	0.4634146341463415	0.29745525220857216	0.13232469067649183	0.16608594657375145	429875980	wilcox	average_ranks	True	0	4000	mean_paired_tumor_minus_normal	4000_whole_case_percentile_bootstrap_pointwise	normal_tie_corrected_continuity_corrected	361.0	NOT_SUPPORTED_THIS_TEST
PRAD	CAMP_PRAD	04_ROBUSTNESS	20260922T142000Z_discovery_v1	prad_discovery_v1	METAB_PAIRED_AVAILABLE	HMDB:HMDB10379	1-myristoylglycerophosphocholine	NA	author_case	21	21	mean_paired_difference_author_log2_scale	0.6937468618310016	0.09985303424030527	1.3417559232316694	0.08926	0.31984833333333335	METAB_PAIRED_AVAILABLE	344.0	DONE	NA	CAMP_v0.3.4_PRAD	PRAD_FEATURE:08ef134287e3f518	43	False	21	finite author data values; unchanged observed values verified against data_imputed	21	21	13	8	0	0.6190476190476191	0.38095238095238093	0.6937468618310016	0.253372608955755	0.42857142857142855	2956753522	wilcox	average_ranks	False	99999	4000	mean_paired_tumor_minus_normal	4000_whole_case_percentile_bootstrap_pointwise	Monte_Carlo_sign_flip_plus1	361.0	NOT_SUPPORTED_THIS_TEST
PRAD	CAMP_PRAD	04_ROBUSTNESS	20260922T142000Z_discovery_v1	prad_discovery_v1	METAB_PAIRED_AVAILABLE	KEGG:C01885	1-oleoylglycerol (1-monoolein)	NA	author_case	16	16	mean_paired_difference_author_log2_scale	0.4380671881885829	-0.03062616256429053	0.9531960885352769	0.1590576171875	0.4023222081801471	METAB_PAIRED_AVAILABLE	344.0	DONE	NA	CAMP_v0.3.4_PRAD	PRAD_FEATURE:fd210047f1a6bba7	43	True	16	finite author data values; unchanged observed values verified against data_imputed	16	16	11	5	0	0.6875	0.3125	0.4380671881885829	0.3462867286359355	0.4117647058823529	3012405641	wilcox	average_ranks	False	65536	4000	mean_paired_tumor_minus_normal	4000_whole_case_percentile_bootstrap_pointwise	exhaustive_sign_flip	361.0	NOT_SUPPORTED_THIS_TEST
PRAD	CAMP_PRAD	04_ROBUSTNESS	20260922T142000Z_discovery_v1	prad_discovery_v1	METAB_PAIRED_AVAILABLE	KEGG:C03916	1-oleoylglycerophosphocholine	NA	author_case	25	25	mean_paired_difference_author_log2_scale	0.21635070616835883	-0.5548615168686448	0.9438185867274065	0.38	0.5989963285857545	METAB_PAIRED_AVAILABLE	344.0	DONE	NA	CAMP_v0.3.4_PRAD	PRAD_FEATURE:52721f50092b6108	43	False	25	finite author data values; unchanged observed values verified against data_imputed	25	25	15	10	0	0.6	0.4	0.21635070616835883	0.3677197426676755	0.20615384615384616	295364779	wilcox	average_ranks	False	99999	4000	mean_paired_tumor_minus_normal	4000_whole_case_percentile_bootstrap_pointwise	Monte_Carlo_sign_flip_plus1	361.0	NOT_SUPPORTED_THIS_TEST
PRAD	CAMP_PRAD	04_ROBUSTNESS	20260922T142000Z_discovery_v1	prad_discovery_v1	METAB_PAIRED_AVAILABLE	HMDB:HMDB11506	1-oleoyl-GPE (18:1)	NA	author_case	43	43	mean_paired_difference_author_log2_scale	0.33450928124491025	-0.2175640983849734	0.890452624103659	0.33103379808033684	0.5828153846153846	METAB_PAIRED_AVAILABLE	344.0	DONE	NA	CAMP_v0.3.4_PRAD	PRAD_FEATURE:106ba8f375f49380	43	False	43	finite author data values; unchanged observed values verified against data_imputed	43	43	23	20	0	0.5348837209302325	0.46511627906976744	0.33450928124491025	0.08239687940293294	0.17124735729386892	2736135726	wilcox	average_ranks	True	0	4000	mean_paired_tumor_minus_normal	4000_whole_case_percentile_bootstrap_pointwise	normal_tie_corrected_continuity_corrected	361.0	NOT_SUPPORTED_THIS_TEST
PRAD	CAMP_PRAD	04_ROBUSTNESS	20260922T142000Z_discovery_v1	prad_discovery_v1	METAB_PAIRED_AVAILABLE	NAME:1-oleoyl-GPI (18:1)	1-oleoyl-GPI (18:1)	NA	author_case	38	38	mean_paired_difference_author_log2_scale	0.27424337377265906	-0.20105008290402054	0.7852303373499497	0.7061296349482866	0.8413421170246143	METAB_PAIRED_AVAILABLE	344.0	DONE	NA	CAMP_v0.3.4_PRAD	PRAD_FEATURE:7a2806c3ddfb330d	43	False	38	finite author data values; unchanged observed values verified against data_imputed	38	38	14	24	0	0.3684210526315789	0.631578947368421	0.27424337377265906	-0.401446929654514	0.07152496626180836	3995184138	wilcox	average_ranks	True	0	4000	mean_paired_tumor_minus_normal	4000_whole_case_percentile_bootstrap_pointwise	normal_tie_corrected_continuity_corrected	361.0	NOT_SUPPORTED_THIS_TEST
PRAD	CAMP_PRAD	04_ROBUSTNESS	20260922T142000Z_discovery_v1	prad_discovery_v1	METAB_PAIRED_AVAILABLE	HMDB:HMDB61694	1-oleoyl-GPS (18:1)	NA	author_case	38	38	mean_paired_difference_author_log2_scale	0.46540951518048124	0.06243908900066595	0.8987710455888291	0.07684755425959588	0.2986111111111111	METAB_PAIRED_AVAILABLE	344.0	DONE	NA	CAMP_v0.3.4_PRAD	PRAD_FEATURE:4573a96b642175bd	43	False	38	finite author data values; unchanged observed values verified against data_imputed	38	38	22	16	0	0.5789473684210527	0.42105263157894735	0.46540951518048124	0.1568655411793463	0.33063427800269907	53674035	wilcox	average_ranks	True	0	4000	mean_paired_tumor_minus_normal	4000_whole_case_percentile_bootstrap_pointwise	normal_tie_corrected_continuity_corrected	361.0	NOT_SUPPORTED_THIS_TEST
PRAD	CAMP_PRAD	04_ROBUSTNESS	20260922T142000Z_discovery_v1	prad_discovery_v1	METAB_PAIRED_AVAILABLE	HMDB:HMDB10383	1-palmitoleoyl-GPC (16:1)	NA	author_case	21	21	mean_paired_difference_author_log2_scale	0.11878848359813711	-0.4763449800862586	0.6634903657515887	0.91936	0.9570163141993957	METAB_PAIRED_AVAILABLE	344.0	DONE	NA	CAMP_v0.3.4_PRAD	PRAD_FEATURE:3f20089f0f43b7f5	43	False	21	finite author data values; unchanged observed values verified against data_imputed	21	21	11	10	0	0.5238095238095238	0.47619047619047616	0.11878848359813711	0.17844471086213137	0.030303030303030304	4068777595	wilcox	average_ranks	False	99999	4000	mean_paired_tumor_minus_normal	4000_whole_case_percentile_bootstrap_pointwise	Monte_Carlo_sign_flip_plus1	361.0	NOT_SUPPORTED_THIS_TEST
PRAD	CAMP_PRAD	04_ROBUSTNESS	20260922T142000Z_discovery_v1	prad_discovery_v1	METAB_PAIRED_AVAILABLE	NAME:1-palmitoleoylglycerophosphoethanolamine	1-palmitoleoylglycerophosphoethanolamine	NA	author_case	22	22	mean_paired_difference_author_log2_scale	0.37063152128548693	-0.6084329348610586	1.3243181101853356	0.48376	0.6789306121049579	METAB_PAIRED_AVAILABLE	344.0	DONE	NA	CAMP_v0.3.4_PRAD	PRAD_FEATURE:3ca386f572f880c7	43	False	22	finite author data values; unchanged observed values verified against data_imputed	22	22	12	10	0	0.5454545454545454	0.45454545454545453	0.37063152128548693	0.17060504921341396	0.17786561264822134	1653159580	wilcox	average_ranks	False	99999	4000	mean_paired_tumor_minus_normal	4000_whole_case_percentile_bootstrap_pointwise	Monte_Carlo_sign_flip_plus1	361.0	NOT_SUPPORTED_THIS_TEST
PRAD	CAMP_PRAD	04_ROBUSTNESS	20260922T142000Z_discovery_v1	prad_discovery_v1	METAB_PAIRED_AVAILABLE	KEGG:C01885	1-palmitoylglycerol (1-monopalmitin)	NA	author_case	38	38	mean_paired_difference_author_log2_scale	0.19471762579550378	-0.053604475394942494	0.4553977170449652	0.24597469191772992	0.5065258666216831	METAB_PAIRED_AVAILABLE	344.0	DONE	NA	CAMP_v0.3.4_PRAD	PRAD_FEATURE:76ae126b1d229b30	43	True	38	finite author data values; unchanged observed values verified against data_imputed	38	38	25	13	0	0.6578947368421053	0.34210526315789475	0.19471762579550378	0.3004580805084227	0.21727395411605938	1118833343	wilcox	average_ranks	True	0	4000	mean_paired_tumor_minus_normal	4000_whole_case_percentile_bootstrap_pointwise	normal_tie_corrected_continuity_corrected	361.0	NOT_SUPPORTED_THIS_TEST
PRAD	CAMP_PRAD	04_ROBUSTNESS	20260922T142000Z_discovery_v1	prad_discovery_v1	METAB_PAIRED_AVAILABLE	KEGG:C04102	1-palmitoyl-GPC (16:0)	NA	author_case	43	43	mean_paired_difference_author_log2_scale	-0.014803120018716786	-0.5197495259950994	0.4873021235404731	0.8326440791082506	0.9093002006769467	METAB_PAIRED_AVAILABLE	344.0	DONE	NA	CAMP_v0.3.4_PRAD	PRAD_FEATURE:2db4705c85860224	43	False	43	finite author data values; unchanged observed values verified against data_imputed	43	43	22	21	0	0.5116279069767442	0.4883720930232558	-0.014803120018716786	0.049700792197655	0.03805496828752643	1458169764	wilcox	average_ranks	True	0	4000	mean_paired_tumor_minus_normal	4000_whole_case_percentile_bootstrap_pointwise	normal_tie_corrected_continuity_corrected	361.0	NOT_SUPPORTED_THIS_TEST
PRAD	CAMP_PRAD	04_ROBUSTNESS	20260922T142000Z_discovery_v1	prad_discovery_v1	METAB_PAIRED_AVAILABLE	HMDB:HMDB11503	1-palmitoyl-GPE (16:0)	NA	author_case	43	43	mean_paired_difference_author_log2_scale	0.1993342032297955	-0.31384975198507115	0.6817641203722642	0.5581206932894822	0.7384366095830073	METAB_PAIRED_AVAILABLE	344.0	DONE	NA	CAMP_v0.3.4_PRAD	PRAD_FEATURE:e2a40af26d65494c	43	False	43	finite author data values; unchanged observed values verified against data_imputed	43	43	23	20	0	0.5348837209302325	0.46511627906976744	0.1993342032297955	0.189297177897506	0.10359408033826638	1634474709	wilcox	average_ranks	True	0	4000	mean_paired_tumor_minus_normal	4000_whole_case_percentile_bootstrap_pointwise	normal_tie_corrected_continuity_corrected	361.0	NOT_SUPPORTED_THIS_TEST
PRAD	CAMP_PRAD	04_ROBUSTNESS	20260922T142000Z_discovery_v1	prad_discovery_v1	METAB_PAIRED_AVAILABLE	HMDB:HMDB61695	1-palmitoyl-GPI (16:0)	NA	author_case	42	42	mean_paired_difference_author_log2_scale	0.5036668441143173	0.05336848021375994	0.9633906387023555	0.10675045644807554	0.3471174239448433	METAB_PAIRED_AVAILABLE	344.0	DONE	NA	CAMP_v0.3.4_PRAD	PRAD_FEATURE:5289fb376f23f176	43	False	42	finite author data values; unchanged observed values verified against data_imputed	42	42	21	21	0	0.5	0.5	0.5036668441143173	-0.054046120136631896	0.2868217054263566	854485471	wilcox	average_ranks	True	0	4000	mean_paired_tumor_minus_normal	4000_whole_case_percentile_bootstrap_pointwise	normal_tie_corrected_continuity_corrected	361.0	NOT_SUPPORTED_THIS_TEST
PRAD	CAMP_PRAD	04_ROBUSTNESS	20260922T142000Z_discovery_v1	prad_discovery_v1	METAB_PAIRED_AVAILABLE	NAME:1-(1-enyl-palmitoyl)-GPE (P-16:0)	1-(1-enyl-palmitoyl)-GPE (P-16:0)	NA	author_case	36	36	mean_paired_difference_author_log2_scale	0.1877118433879184	-0.23805716978239658	0.594396552871521	0.47471337882350007	0.67202223175014	METAB_PAIRED_AVAILABLE	344.0	DONE	NA	CAMP_v0.3.4_PRAD	PRAD_FEATURE:672cb8563245449b	43	False	36	finite author data values; unchanged observed values verified against data_imputed	36	36	20	16	0	0.5555555555555556	0.4444444444444444	0.1877118433879184	0.1727287033000272	0.13813813813813813	4046781249	wilcox	average_ranks	True	0	4000	mean_paired_tumor_minus_normal	4000_whole_case_percentile_bootstrap_pointwise	normal_tie_corrected_continuity_corrected	361.0	NOT_SUPPORTED_THIS_TEST
PRAD	CAMP_PRAD	04_ROBUSTNESS	20260922T142000Z_discovery_v1	prad_discovery_v1	METAB_PAIRED_AVAILABLE	NAME:1-pentadecanoylglycerophosphocholine (15:0)	1-pentadecanoylglycerophosphocholine (15:0)	NA	author_case	15	15	mean_paired_difference_author_log2_scale	0.3257606555803533	-0.2246712111207391	0.9285528328166355	0.67877197265625	0.8283934751773049	METAB_PAIRED_AVAILABLE	344.0	DONE	NA	CAMP_v0.3.4_PRAD	PRAD_FEATURE:591a2781e9d2f7e9	43	False	15	finite author data values; unchanged observed values verified against data_imputed	15	15	8	7	0	0.5333333333333333	0.4666666666666667	0.3257606555803533	0.03667806995344901	0.13333333333333333	2832349025	wilcox	average_ranks	False	32768	4000	mean_paired_tumor_minus_normal	4000_whole_case_percentile_bootstrap_pointwise	exhaustive_sign_flip	361.0	NOT_SUPPORTED_THIS_TEST
PRAD	CAMP_PRAD	04_ROBUSTNESS	20260922T142000Z_discovery_v1	prad_discovery_v1	METAB_PAIRED_AVAILABLE	KEGG:D01947	1-stearoylglycerol (18:0)	NA	author_case	39	39	mean_paired_difference_author_log2_scale	0.10513760804458436	-0.11913348110915481	0.34834837494844595	0.7429551757015737	0.8659374617971012	METAB_PAIRED_AVAILABLE	344.0	DONE	NA	CAMP_v0.3.4_PRAD	PRAD_FEATURE:15bfcc7043a534d1	43	False	39	finite author data values; unchanged observed values verified against data_imputed	39	39	19	20	0	0.48717948717948717	0.5128205128205128	0.10513760804458436	-0.006735865281177977	0.06153846153846154	3571354298	wilcox	average_ranks	True	0	4000	mean_paired_tumor_minus_normal	4000_whole_case_percentile_bootstrap_pointwise	normal_tie_corrected_continuity_corrected	361.0	NOT_SUPPORTED_THIS_TEST
PRAD	CAMP_PRAD	04_ROBUSTNESS	20260922T142000Z_discovery_v1	prad_discovery_v1	METAB_PAIRED_AVAILABLE	HMDB:HMDB10384	1-stearoyl-GPC (18:0)	NA	author_case	43	43	mean_paired_difference_author_log2_scale	0.006874179996311045	-0.4654699302310633	0.46880368931439625	0.8800254876905536	0.9343480486591063	METAB_PAIRED_AVAILABLE	344.0	DONE	NA	CAMP_v0.3.4_PRAD	PRAD_FEATURE:0a9b03b34a6b6ee3	43	False	43	finite author data values; unchanged observed values verified against data_imputed	43	43	22	21	0	0.5116279069767442	0.4883720930232558	0.006874179996311045	0.33123432818841003	0.02748414376321353	2922983154	wilcox	average_ranks	True	0	4000	mean_paired_tumor_minus_normal	4000_whole_case_percentile_bootstrap_pointwise	normal_tie_corrected_continuity_corrected	361.0	NOT_SUPPORTED_THIS_TEST
PRAD	CAMP_PRAD	04_ROBUSTNESS	20260922T142000Z_discovery_v1	prad_discovery_v1	METAB_PAIRED_AVAILABLE	HMDB:HMDB11130	1-stearoylglycerophosphoethanolamine	NA	author_case	43	43	mean_paired_difference_author_log2_scale	-0.0979745060315387	-0.4916966913194673	0.32723455981163285	0.5104835733563038	0.7024253969382741	METAB_PAIRED_AVAILABLE	344.0	DONE	NA	CAMP_v0.3.4_PRAD	PRAD_FEATURE:fa4fc561f048b87f	43	False	43	finite author data values; unchanged observed values verified against data_imputed	43	43	21	22	0	0.4883720930232558	0.5116279069767442	-0.0979745060315387	-0.05855133907909901	-0.11627906976744186	2117646962	wilcox	average_ranks	True	0	4000	mean_paired_tumor_minus_normal	4000_whole_case_percentile_bootstrap_pointwise	normal_tie_corrected_continuity_corrected	361.0	NOT_SUPPORTED_THIS_TEST
PRAD	CAMP_PRAD	04_ROBUSTNESS	20260922T142000Z_discovery_v1	prad_discovery_v1	METAB_PAIRED_AVAILABLE	NAME:1-stearoyl-GPG (18:0)	1-stearoyl-GPG (18:0)	NA	author_case	20	20	mean_paired_difference_author_log2_scale	-0.047390212475842866	-0.6696499368359965	0.6130615852431364	0.67505	0.8283934751773049	METAB_PAIRED_AVAILABLE	344.0	DONE	NA	CAMP_v0.3.4_PRAD	PRAD_FEATURE:2346e8e3e19801db	43	False	20	finite author data values; unchanged observed values verified against data_imputed	20	20	9	11	0	0.45	0.55	-0.047390212475842866	-0.15193499988576054	-0.11428571428571428	1671393639	wilcox	average_ranks	False	99999	4000	mean_paired_tumor_minus_normal	4000_whole_case_percentile_bootstrap_pointwise	Monte_Carlo_sign_flip_plus1	361.0	NOT_SUPPORTED_THIS_TEST
PRAD	CAMP_PRAD	04_ROBUSTNESS	20260922T142000Z_discovery_v1	prad_discovery_v1	METAB_PAIRED_AVAILABLE	HMDB:HMDB61696	1-stearoyl-GPI (18:0)	NA	author_case	43	43	mean_paired_difference_author_log2_scale	0.41790291697178716	0.013703995934805093	0.871063956341402	0.14566046698206572	0.3854400049371585	METAB_PAIRED_AVAILABLE	344.0	DONE	NA	CAMP_v0.3.4_PRAD	PRAD_FEATURE:aaeb98b0b4123c83	43	False	43	finite author data values; unchanged observed values verified against data_imputed	43	43	23	20	0	0.5348837209302325	0.46511627906976744	0.41790291697178716	0.19709777648084492	0.2558139534883721	2887161293	wilcox	average_ranks	True	0	4000	mean_paired_tumor_minus_normal	4000_whole_case_percentile_bootstrap_pointwise	normal_tie_corrected_continuity_corrected	361.0	NOT_SUPPORTED_THIS_TEST
PRAD	CAMP_PRAD	04_ROBUSTNESS	20260922T142000Z_discovery_v1	prad_discovery_v1	METAB_PAIRED_AVAILABLE	HMDB:HMDB13622	10-nonadecenoate (19:1n9)	NA	author_case	40	40	mean_paired_difference_author_log2_scale	0.638796961199045	0.3075246296692521	0.9746789611381278	0.001285529591326051	0.04913579771290683	METAB_PAIRED_AVAILABLE	344.0	DONE	NA	CAMP_v0.3.4_PRAD	PRAD_FEATURE:be4024f63ac5b05f	43	False	40	finite author data values; unchanged observed values verified against data_imputed	40	40	29	11	0	0.725	0.275	0.638796961199045	0.38037526022985346	0.5853658536585366	42704050	wilcox	average_ranks	True	0	4000	mean_paired_tumor_minus_normal	4000_whole_case_percentile_bootstrap_pointwise	normal_tie_corrected_continuity_corrected	361.0	FDR_SUPPORTED
PRAD	CAMP_PRAD	04_ROBUSTNESS	20260922T142000Z_discovery_v1	prad_discovery_v1	METAB_PAIRED_AVAILABLE	NAME:13-methylmyristic acid	13-methylmyristic acid	NA	author_case	23	23	mean_paired_difference_author_log2_scale	-0.5477663126287343	-1.2462108602096498	0.1575108625321463	0.12699	0.36102942148760325	METAB_PAIRED_AVAILABLE	344.0	DONE	NA	CAMP_v0.3.4_PRAD	PRAD_FEATURE:bcff1be32f777d48	43	False	23	finite author data values; unchanged observed values verified against data_imputed	23	23	9	14	0	0.391304347826087	0.6086956521739131	-0.5477663126287343	-0.8243807716285699	-0.3695652173913043	3758986983	wilcox	average_ranks	False	99999	4000	mean_paired_tumor_minus_normal	4000_whole_case_percentile_bootstrap_pointwise	Monte_Carlo_sign_flip_plus1	361.0	NOT_SUPPORTED_THIS_TEST
PRAD	CAMP_PRAD	04_ROBUSTNESS	20260922T142000Z_discovery_v1	prad_discovery_v1	METAB_PAIRED_AVAILABLE	KEGG:C00956	2-aminoadipate	NA	author_case	43	43	mean_paired_difference_author_log2_scale	0.4179237000622509	0.10536378674068304	0.7174431445588363	0.004459982892408131	0.08207563920454546	METAB_PAIRED_AVAILABLE	344.0	DONE	NA	CAMP_v0.3.4_PRAD	PRAD_FEATURE:be1d77b1eddbacca	43	False	43	finite author data values; unchanged observed values verified against data_imputed	43	43	32	11	0	0.7441860465116279	0.2558139534883721	0.4179237000622509	0.3602012757529011	0.4989429175475687	3261689415	wilcox	average_ranks	True	0	4000	mean_paired_tumor_minus_normal	4000_whole_case_percentile_bootstrap_pointwise	normal_tie_corrected_continuity_corrected	361.0	NOMINAL_EXPLORATORY
PRAD	CAMP_PRAD	04_ROBUSTNESS	20260922T142000Z_discovery_v1	prad_discovery_v1	METAB_PAIRED_AVAILABLE	KEGG:C02261	2-aminobutyrate	NA	author_case	43	43	mean_paired_difference_author_log2_scale	0.11107347322205893	-0.10287994647154403	0.3127310397218391	0.3431886303719417	0.5828153846153846	METAB_PAIRED_AVAILABLE	344.0	DONE	NA	CAMP_v0.3.4_PRAD	PRAD_FEATURE:23fd90ae6d3f3e5b	43	False	43	finite author data values; unchanged observed values verified against data_imputed	43	43	23	20	0	0.5348837209302325	0.46511627906976744	0.11107347322205893	0.034642346135326005	0.16701902748414377	342987120	wilcox	average_ranks	True	0	4000	mean_paired_tumor_minus_normal	4000_whole_case_percentile_bootstrap_pointwise	normal_tie_corrected_continuity_corrected	361.0	NOT_SUPPORTED_THIS_TEST
PRAD	CAMP_PRAD	04_ROBUSTNESS	20260922T142000Z_discovery_v1	prad_discovery_v1	METAB_PAIRED_AVAILABLE	NAME:2-arachidonoylglycerophosphocholine	2-arachidonoylglycerophosphocholine	NA	author_case	38	38	mean_paired_difference_author_log2_scale	-0.4405518102784958	-0.95711790452064	0.10069420627859098	0.0982780765427995	0.3380765833072303	METAB_PAIRED_AVAILABLE	344.0	DONE	NA	CAMP_v0.3.4_PRAD	PRAD_FEATURE:881e10fa4c5b1a7b	43	False	38	finite author data values; unchanged observed values verified against data_imputed	38	38	13	25	0	0.34210526315789475	0.6578947368421053	-0.4405518102784958	-0.8798396373845725	-0.3090418353576248	1061491965	wilcox	average_ranks	True	0	4000	mean_paired_tumor_minus_normal	4000_whole_case_percentile_bootstrap_pointwise	normal_tie_corrected_continuity_corrected	361.0	NOT_SUPPORTED_THIS_TEST
PRAD	CAMP_PRAD	04_ROBUSTNESS	20260922T142000Z_discovery_v1	prad_discovery_v1	METAB_PAIRED_AVAILABLE	NAME:2-arachidonoylglycerophosphoethanolamine	2-arachidonoylglycerophosphoethanolamine	NA	author_case	43	43	mean_paired_difference_author_log2_scale	-0.5513712718512672	-1.002218670364265	-0.08360465765677945	0.007216671941530971	0.0886619695673805	METAB_PAIRED_AVAILABLE	344.0	DONE	NA	CAMP_v0.3.4_PRAD	PRAD_FEATURE:956273422c581a70	43	False	43	finite author data values; unchanged observed values verified against data_imputed	43	43	12	31	0	0.27906976744186046	0.7209302325581395	-0.5513712718512672	-0.7195754961617908	-0.4714587737843552	3572636747	wilcox	average_ranks	True	0	4000	mean_paired_tumor_minus_normal	4000_whole_case_percentile_bootstrap_pointwise	normal_tie_corrected_continuity_corrected	361.0	NOMINAL_EXPLORATORY
PRAD	CAMP_PRAD	04_ROBUSTNESS	20260922T142000Z_discovery_v1	prad_discovery_v1	METAB_PAIRED_AVAILABLE	NAME:2-ethylhexanoate (isobar with 2-propylpentanoate)	2-ethylhexanoate (isobar with 2-propylpentanoate)	NA	author_case	27	27	mean_paired_difference_author_log2_scale	-0.2880654188175002	-0.7549055189406296	0.1462852779816635	0.24777	0.5065258666216831	METAB_PAIRED_AVAILABLE	344.0	DONE	NA	CAMP_v0.3.4_PRAD	PRAD_FEATURE:50fe426822269e6f	43	False	27	finite author data values; unchanged observed values verified against data_imputed	27	27	11	16	0	0.4074074074074074	0.5925925925925926	-0.2880654188175002	-0.16395384361431892	-0.25925925925925924	4228782339	wilcox	average_ranks	False	99999	4000	mean_paired_tumor_minus_normal	4000_whole_case_percentile_bootstrap_pointwise	Monte_Carlo_sign_flip_plus1	361.0	NOT_SUPPORTED_THIS_TEST
PRAD	CAMP_PRAD	04_ROBUSTNESS	20260922T142000Z_discovery_v1	prad_discovery_v1	METAB_PAIRED_AVAILABLE	KEGG:C05984	2-hydroxybutyrate (AHB)	NA	author_case	43	43	mean_paired_difference_author_log2_scale	-0.09629645223017809	-0.3507179986341778	0.12745257541218274	0.5827238827192281	0.7507753395333875	METAB_PAIRED_AVAILABLE	344.0	DONE	NA	CAMP_v0.3.4_PRAD	PRAD_FEATURE:196aadb66775b8ad	43	False	43	finite author data values; unchanged observed values verified against data_imputed	43	43	21	22	0	0.4883720930232558	0.5116279069767442	-0.09629645223017809	-0.014510412055270039	-0.09725158562367865	3132967254	wilcox	average_ranks	True	0	4000	mean_paired_tumor_minus_normal	4000_whole_case_percentile_bootstrap_pointwise	normal_tie_corrected_continuity_corrected	361.0	NOT_SUPPORTED_THIS_TEST
PRAD	CAMP_PRAD	04_ROBUSTNESS	20260922T142000Z_discovery_v1	prad_discovery_v1	METAB_PAIRED_AVAILABLE	KEGG:C02630	2-hydroxyglutarate	NA	author_case	43	43	mean_paired_difference_author_log2_scale	-0.14371507961391583	-0.4711502996955339	0.21027376880102336	0.279826915440487	0.537767926880042	METAB_PAIRED_AVAILABLE	344.0	DONE	NA	CAMP_v0.3.4_PRAD	PRAD_FEATURE:068b02a1d3375ba5	43	False	43	finite author data values; unchanged observed values verified against data_imputed	43	43	19	24	0	0.4418604651162791	0.5581395348837209	-0.14371507961391583	-0.22804729568118604	-0.19027484143763213	418412556	wilcox	average_ranks	True	0	4000	mean_paired_tumor_minus_normal	4000_whole_case_percentile_bootstrap_pointwise	normal_tie_corrected_continuity_corrected	361.0	NOT_SUPPORTED_THIS_TEST
PRAD	CAMP_PRAD	04_ROBUSTNESS	20260922T142000Z_discovery_v1	prad_discovery_v1	METAB_PAIRED_AVAILABLE	NAME:2-linoleoylglycerophosphocholine	2-linoleoylglycerophosphocholine	NA	author_case	31	31	mean_paired_difference_author_log2_scale	0.2695875668296911	-0.16117572741488823	0.7204643149733917	0.3939645402685191	0.6050169725552258	METAB_PAIRED_AVAILABLE	344.0	DONE	NA	CAMP_v0.3.4_PRAD	PRAD_FEATURE:bf08e35cd04497fa	43	False	31	finite author data values; unchanged observed values verified against data_imputed	31	31	17	14	0	0.5483870967741935	0.45161290322580644	0.2695875668296911	0.3012294965615625	0.1774193548387097	3120730566	wilcox	average_ranks	True	0	4000	mean_paired_tumor_minus_normal	4000_whole_case_percentile_bootstrap_pointwise	normal_tie_corrected_continuity_corrected	361.0	NOT_SUPPORTED_THIS_TEST
PRAD	CAMP_PRAD	04_ROBUSTNESS	20260922T142000Z_discovery_v1	prad_discovery_v1	METAB_PAIRED_AVAILABLE	HMDB:HMDB00378	2-methylbutyroylcarnitine	NA	author_case	43	43	mean_paired_difference_author_log2_scale	0.02709430409901721	-0.20309700946070736	0.24647305253048152	0.6162933393659598	0.7816437083817273	METAB_PAIRED_AVAILABLE	344.0	DONE	NA	CAMP_v0.3.4_PRAD	PRAD_FEATURE:5c4c1540a5b35ed2	43	False	43	finite author data values; unchanged observed values verified against data_imputed	43	43	25	18	0	0.5813953488372093	0.4186046511627907	0.02709430409901721	0.11299556274761302	0.08879492600422834	647808602	wilcox	average_ranks	True	0	4000	mean_paired_tumor_minus_normal	4000_whole_case_percentile_bootstrap_pointwise	normal_tie_corrected_continuity_corrected	361.0	NOT_SUPPORTED_THIS_TEST
PRAD	CAMP_PRAD	04_ROBUSTNESS	20260922T142000Z_discovery_v1	prad_discovery_v1	METAB_PAIRED_AVAILABLE	NAME:2-oleoylglycerophosphocholine	2-oleoylglycerophosphocholine	NA	author_case	23	23	mean_paired_difference_author_log2_scale	0.06233553903239346	-0.4470672670428387	0.5831215529541002	0.91789	0.9570163141993957	METAB_PAIRED_AVAILABLE	344.0	DONE	NA	CAMP_v0.3.4_PRAD	PRAD_FEATURE:7a02186142242192	43	False	23	finite author data values; unchanged observed values verified against data_imputed	23	23	10	13	0	0.43478260869565216	0.5652173913043478	0.06233553903239346	-0.45023084388523193	0.028985507246376812	3079676702	wilcox	average_ranks	False	99999	4000	mean_paired_tumor_minus_normal	4000_whole_case_percentile_bootstrap_pointwise	Monte_Carlo_sign_flip_plus1	361.0	NOT_SUPPORTED_THIS_TEST
PRAD	CAMP_PRAD	04_ROBUSTNESS	20260922T142000Z_discovery_v1	prad_discovery_v1	METAB_PAIRED_AVAILABLE	NAME:2-oleoylglycerophosphoethanolamine	2-oleoylglycerophosphoethanolamine	NA	author_case	39	39	mean_paired_difference_author_log2_scale	0.2392095641836869	-0.24954882332132577	0.7301836686346833	0.6203160825238707	0.7816437083817273	METAB_PAIRED_AVAILABLE	344.0	DONE	NA	CAMP_v0.3.4_PRAD	PRAD_FEATURE:6529b4d09822fa93	43	False	39	finite author data values; unchanged observed values verified against data_imputed	39	39	18	21	0	0.46153846153846156	0.5384615384615384	0.2392095641836869	-0.0541994071795	0.09230769230769231	2561545467	wilcox	average_ranks	True	0	4000	mean_paired_tumor_minus_normal	4000_whole_case_percentile_bootstrap_pointwise	normal_tie_corrected_continuity_corrected	361.0	NOT_SUPPORTED_THIS_TEST
PRAD	CAMP_PRAD	04_ROBUSTNESS	20260922T142000Z_discovery_v1	prad_discovery_v1	METAB_PAIRED_AVAILABLE	NAME:2-oleoylglycerophosphoserine	2-oleoylglycerophosphoserine	NA	author_case	8	8	mean_paired_difference_author_log2_scale	-0.017965684117407704	-0.7464019597344496	0.8530442470628943	0.7421875	0.8659374617971012	METAB_PAIRED_AVAILABLE	344.0	DONE	NA	CAMP_v0.3.4_PRAD	PRAD_FEATURE:8d18609f00832dff	43	False	8	finite author data values; unchanged observed values verified against data_imputed	8	8	4	4	0	0.5	0.5	-0.017965684117407704	-0.24747588836531298	-0.16666666666666666	1016378043	wilcox	average_ranks	False	256	4000	mean_paired_tumor_minus_normal	4000_whole_case_percentile_bootstrap_pointwise	exhaustive_sign_flip	361.0	NOT_SUPPORTED_THIS_TEST
PRAD	CAMP_PRAD	04_ROBUSTNESS	20260922T142000Z_discovery_v1	prad_discovery_v1	METAB_PAIRED_AVAILABLE	HMDB:HMDB11533	2-palmitoylglycerol (16:0)	NA	author_case	23	23	mean_paired_difference_author_log2_scale	-0.11370789173123126	-0.4082475915097586	0.21111899124746258	0.31542	0.5674742359722535	METAB_PAIRED_AVAILABLE	344.0	DONE	NA	CAMP_v0.3.4_PRAD	PRAD_FEATURE:21e2a2266444d8d6	43	False	23	finite author data values; unchanged observed values verified against data_imputed	23	23	7	16	0	0.30434782608695654	0.6956521739130435	-0.11370789173123126	-0.390268898619504	-0.2463768115942029	1229311529	wilcox	average_ranks	False	99999	4000	mean_paired_tumor_minus_normal	4000_whole_case_percentile_bootstrap_pointwise	Monte_Carlo_sign_flip_plus1	361.0	NOT_SUPPORTED_THIS_TEST
PRAD	CAMP_PRAD	04_ROBUSTNESS	20260922T142000Z_discovery_v1	prad_discovery_v1	METAB_PAIRED_AVAILABLE	HMDB:HMDB61702	2-palmitoyl-GPC (16:0)	NA	author_case	39	39	mean_paired_difference_author_log2_scale	-0.08223775664248031	-0.6040622586541082	0.44623899551500235	0.7962776688683013	0.9004453770491803	METAB_PAIRED_AVAILABLE	344.0	DONE	NA	CAMP_v0.3.4_PRAD	PRAD_FEATURE:ac47e1ac7fc73fc7	43	False	39	finite author data values; unchanged observed values verified against data_imputed	39	39	17	22	0	0.4358974358974359	0.5641025641025641	-0.08223775664248031	-0.2158977315777213	-0.04871794871794872	653921415	wilcox	average_ranks	True	0	4000	mean_paired_tumor_minus_normal	4000_whole_case_percentile_bootstrap_pointwise	normal_tie_corrected_continuity_corrected	361.0	NOT_SUPPORTED_THIS_TEST
PRAD	CAMP_PRAD	04_ROBUSTNESS	20260922T142000Z_discovery_v1	prad_discovery_v1	METAB_PAIRED_AVAILABLE	NAME:2-palmitoylglycerophosphoethanolamine	2-palmitoylglycerophosphoethanolamine	NA	author_case	42	42	mean_paired_difference_author_log2_scale	0.14450741948027948	-0.33561270628914314	0.6294048255081055	0.6890701675409459	0.8346483719510048	METAB_PAIRED_AVAILABLE	344.0	DONE	NA	CAMP_v0.3.4_PRAD	PRAD_FEATURE:c5275243b7946e23	43	False	42	finite author data values; unchanged observed values verified against data_imputed	42	42	22	20	0	0.5238095238095238	0.47619047619047616	0.14450741948027948	0.076579905857699	0.07198228128460686	2407224933	wilcox	average_ranks	True	0	4000	mean_paired_tumor_minus_normal	4000_whole_case_percentile_bootstrap_pointwise	normal_tie_corrected_continuity_corrected	361.0	NOT_SUPPORTED_THIS_TEST
PRAD	CAMP_PRAD	04_ROBUSTNESS	20260922T142000Z_discovery_v1	prad_discovery_v1	METAB_PAIRED_AVAILABLE	KEGG:C00631	2-phosphoglycerate	NA	author_case	8	8	mean_paired_difference_author_log2_scale	-0.31497345404393823	-1.334195778583716	0.7966727217385872	0.546875	0.7263513513513513	METAB_PAIRED_AVAILABLE	344.0	DONE	NA	CAMP_v0.3.4_PRAD	PRAD_FEATURE:50d5b3a87b9cda4e	43	False	8	finite author data values; unchanged observed values verified against data_imputed	8	8	3	5	0	0.375	0.625	-0.31497345404393823	-0.8188146388309323	-0.2777777777777778	402179466	wilcox	average_ranks	False	256	4000	mean_paired_tumor_minus_normal	4000_whole_case_percentile_bootstrap_pointwise	exhaustive_sign_flip	361.0	NOT_SUPPORTED_THIS_TEST
PRAD	CAMP_PRAD	04_ROBUSTNESS	20260922T142000Z_discovery_v1	prad_discovery_v1	METAB_PAIRED_AVAILABLE	NAME:2-stearoylglycerophosphocholine	2-stearoylglycerophosphocholine	NA	author_case	23	23	mean_paired_difference_author_log2_scale	-0.08373723383112794	-0.5644396710115851	0.4236564632114665	0.79836	0.9004453770491803	METAB_PAIRED_AVAILABLE	344.0	DONE	NA	CAMP_v0.3.4_PRAD	PRAD_FEATURE:f65cbf3b288538f0	43	False	23	finite author data values; unchanged observed values verified against data_imputed	23	23	11	12	0	0.4782608695652174	0.5217391304347826	-0.08373723383112794	-0.03963421740371269	-0.06521739130434782	3118213461	wilcox	average_ranks	False	99999	4000	mean_paired_tumor_minus_normal	4000_whole_case_percentile_bootstrap_pointwise	Monte_Carlo_sign_flip_plus1	361.0	NOT_SUPPORTED_THIS_TEST
PRAD	CAMP_PRAD	04_ROBUSTNESS	20260922T142000Z_discovery_v1	prad_discovery_v1	METAB_PAIRED_AVAILABLE	NAME:2-stearoylglycerophosphoglycerol	2-stearoylglycerophosphoglycerol	NA	author_case	12	12	mean_paired_difference_author_log2_scale	-0.34977858981873977	-1.0066057750315522	0.27862617632478337	0.33935546875	0.5828153846153846	METAB_PAIRED_AVAILABLE	344.0	DONE	NA	CAMP_v0.3.4_PRAD	PRAD_FEATURE:ffecf98287d3fc1a	43	False	12	finite author data values; unchanged observed values verified against data_imputed	12	12	5	7	0	0.4166666666666667	0.5833333333333334	-0.34977858981873977	-0.532442211338083	-0.3333333333333333	2049634805	wilcox	average_ranks	False	4096	4000	mean_paired_tumor_minus_normal	4000_whole_case_percentile_bootstrap_pointwise	exhaustive_sign_flip	361.0	NOT_SUPPORTED_THIS_TEST
PRAD	CAMP_PRAD	04_ROBUSTNESS	20260922T142000Z_discovery_v1	prad_discovery_v1	METAB_PAIRED_AVAILABLE	NAME:2-stearoylglycerophosphoinositol	2-stearoylglycerophosphoinositol	NA	author_case	22	22	mean_paired_difference_author_log2_scale	-0.06840861427171573	-0.5028912426691766	0.36633186352015523	1.0	1.0	METAB_PAIRED_AVAILABLE	344.0	DONE	NA	CAMP_v0.3.4_PRAD	PRAD_FEATURE:c2d741f0e89c7ad5	43	False	22	finite author data values; unchanged observed values verified against data_imputed	22	22	14	8	0	0.6363636363636364	0.36363636363636365	-0.06840861427171573	0.12624485608290537	-0.003952569169960474	4262582562	wilcox	average_ranks	False	99999	4000	mean_paired_tumor_minus_normal	4000_whole_case_percentile_bootstrap_pointwise	Monte_Carlo_sign_flip_plus1	361.0	NOT_SUPPORTED_THIS_TEST
PRAD	CAMP_PRAD	04_ROBUSTNESS	20260922T142000Z_discovery_v1	prad_discovery_v1	METAB_PAIRED_AVAILABLE	KEGG:C03672	3-(4-hydroxyphenyl)lactate	NA	author_case	37	37	mean_paired_difference_author_log2_scale	-0.09442948724929377	-0.35026663156343213	0.16749217274335468	0.5165256544198398	0.7046872745868696	METAB_PAIRED_AVAILABLE	344.0	DONE	NA	CAMP_v0.3.4_PRAD	PRAD_FEATURE:893c078b872704c8	43	False	37	finite author data values; unchanged observed values verified against data_imputed	37	37	16	21	0	0.43243243243243246	0.5675675675675675	-0.09442948724929377	-0.11962350497532603	-0.12375533428165007	2175235823	wilcox	average_ranks	True	0	4000	mean_paired_tumor_minus_normal	4000_whole_case_percentile_bootstrap_pointwise	normal_tie_corrected_continuity_corrected	361.0	NOT_SUPPORTED_THIS_TEST
PRAD	CAMP_PRAD	04_ROBUSTNESS	20260922T142000Z_discovery_v1	prad_discovery_v1	METAB_PAIRED_AVAILABLE	KEGG:C05145	3-aminoisobutyrate	NA	author_case	36	36	mean_paired_difference_author_log2_scale	0.3202033947909202	-0.05705010274506111	0.6752933455648106	0.05628339909466901	0.24508214289324226	METAB_PAIRED_AVAILABLE	344.0	DONE	NA	CAMP_v0.3.4_PRAD	PRAD_FEATURE:7353e222750faf6f	43	False	36	finite author data values; unchanged observed values verified against data_imputed	36	36	21	15	0	0.5833333333333334	0.4166666666666667	0.3202033947909202	0.27843342559215756	0.3663663663663664	525477128	wilcox	average_ranks	True	0	4000	mean_paired_tumor_minus_normal	4000_whole_case_percentile_bootstrap_pointwise	normal_tie_corrected_continuity_corrected	361.0	NOT_SUPPORTED_THIS_TEST
PRAD	CAMP_PRAD	04_ROBUSTNESS	20260922T142000Z_discovery_v1	prad_discovery_v1	METAB_PAIRED_AVAILABLE	HMDB:HMDB61112	3-carboxy-4-methyl-5-propyl-2-furanpropanoate (CMPF)	NA	author_case	31	31	mean_paired_difference_author_log2_scale	-0.4904058111855737	-0.8287070620663848	-0.13464570776677537	0.013176499315144145	0.11622348113870734	METAB_PAIRED_AVAILABLE	344.0	DONE	NA	CAMP_v0.3.4_PRAD	PRAD_FEATURE:c021d27ab9e29df6	43	False	31	finite author data values; unchanged observed values verified against data_imputed	31	31	8	23	0	0.25806451612903225	0.7419354838709677	-0.4904058111855737	-0.5527388428396031	-0.5120967741935484	430322241	wilcox	average_ranks	True	0	4000	mean_paired_tumor_minus_normal	4000_whole_case_percentile_bootstrap_pointwise	normal_tie_corrected_continuity_corrected	361.0	NOMINAL_EXPLORATORY
PRAD	CAMP_PRAD	04_ROBUSTNESS	20260922T142000Z_discovery_v1	prad_discovery_v1	METAB_PAIRED_AVAILABLE	KEGG:C02636	3-dehydrocarnitine	NA	author_case	43	43	mean_paired_difference_author_log2_scale	-0.10667438070198285	-0.31434124445298817	0.07698589145340776	0.4360772521654587	0.63563802858016	METAB_PAIRED_AVAILABLE	344.0	DONE	NA	CAMP_v0.3.4_PRAD	PRAD_FEATURE:61b2a650e06d3ace	43	False	43	finite author data values; unchanged observed values verified against data_imputed	43	43	17	26	0	0.3953488372093023	0.6046511627906976	-0.10667438070198285	-0.081962212862279	-0.13742071881606766	3426290154	wilcox	average_ranks	True	0	4000	mean_paired_tumor_minus_normal	4000_whole_case_percentile_bootstrap_pointwise	normal_tie_corrected_continuity_corrected	361.0	NOT_SUPPORTED_THIS_TEST
PRAD	CAMP_PRAD	04_ROBUSTNESS	20260922T142000Z_discovery_v1	prad_discovery_v1	METAB_PAIRED_AVAILABLE	KEGG:C01089	3-hydroxybutyrate (BHBA)	NA	author_case	43	43	mean_paired_difference_author_log2_scale	-0.06420836990625124	-0.3359654108409533	0.1895679137606103	0.8232346169641547	0.907668936652786	METAB_PAIRED_AVAILABLE	344.0	DONE	NA	CAMP_v0.3.4_PRAD	PRAD_FEATURE:7193983cba836c84	43	False	43	finite author data values; unchanged observed values verified against data_imputed	43	43	19	24	0	0.4418604651162791	0.5581395348837209	-0.06420836990625124	-0.034607453347301004	-0.040169133192389	1185784197	wilcox	average_ranks	True	0	4000	mean_paired_tumor_minus_normal	4000_whole_case_percentile_bootstrap_pointwise	normal_tie_corrected_continuity_corrected	361.0	NOT_SUPPORTED_THIS_TEST
PRAD	CAMP_PRAD	04_ROBUSTNESS	20260922T142000Z_discovery_v1	prad_discovery_v1	METAB_PAIRED_AVAILABLE	HMDB:HMDB06116	3-hydroxyhippurate	NA	author_case	11	11	mean_paired_difference_author_log2_scale	-0.21033302752080862	-1.4502019122703917	1.0246975310718462	0.7001953125	0.8409901045296168	METAB_PAIRED_AVAILABLE	344.0	DONE	NA	CAMP_v0.3.4_PRAD	PRAD_FEATURE:3d4481797e44e4ee	43	False	11	finite author data values; unchanged observed values verified against data_imputed	11	11	5	6	0	0.45454545454545453	0.5454545454545454	-0.21033302752080862	-0.05035211856274102	-0.15151515151515152	3362693828	wilcox	average_ranks	False	2048	4000	mean_paired_tumor_minus_normal	4000_whole_case_percentile_bootstrap_pointwise	exhaustive_sign_flip	361.0	NOT_SUPPORTED_THIS_TEST
PRAD	CAMP_PRAD	04_ROBUSTNESS	20260922T142000Z_discovery_v1	prad_discovery_v1	METAB_PAIRED_AVAILABLE	HMDB:HMDB00682	3-indoxyl sulfate	NA	author_case	40	40	mean_paired_difference_author_log2_scale	-0.3362155865277911	-0.8009761032078176	0.1300357081435192	0.08174529811276363	0.2991530058594754	METAB_PAIRED_AVAILABLE	344.0	DONE	NA	CAMP_v0.3.4_PRAD	PRAD_FEATURE:e9290924a41f7965	43	False	40	finite author data values; unchanged observed values verified against data_imputed	40	40	13	27	0	0.325	0.675	-0.3362155865277911	-0.4969533062193895	-0.3170731707317073	3562594363	wilcox	average_ranks	True	0	4000	mean_paired_tumor_minus_normal	4000_whole_case_percentile_bootstrap_pointwise	normal_tie_corrected_continuity_corrected	361.0	NOT_SUPPORTED_THIS_TEST
PRAD	CAMP_PRAD	04_ROBUSTNESS	20260922T142000Z_discovery_v1	prad_discovery_v1	METAB_PAIRED_AVAILABLE	KEGG:C01152	3-methylhistidine	NA	author_case	14	14	mean_paired_difference_author_log2_scale	0.10072330421813458	-0.4224788003734829	0.7015841261891809	1.0	1.0	METAB_PAIRED_AVAILABLE	344.0	DONE	NA	CAMP_v0.3.4_PRAD	PRAD_FEATURE:75a431d8b0baacb1	43	True	14	finite author data values; unchanged observed values verified against data_imputed	14	14	7	7	0	0.5	0.5	0.10072330421813458	-0.028911727164709966	-0.009523809523809525	4184351463	wilcox	average_ranks	False	16384	4000	mean_paired_tumor_minus_normal	4000_whole_case_percentile_bootstrap_pointwise	exhaustive_sign_flip	361.0	NOT_SUPPORTED_THIS_TEST
PRAD	CAMP_PRAD	04_ROBUSTNESS	20260922T142000Z_discovery_v1	prad_discovery_v1	METAB_PAIRED_AVAILABLE	KEGG:C00597	3-phosphoglycerate	NA	author_case	40	40	mean_paired_difference_author_log2_scale	-0.8724803542316281	-1.3346305643355458	-0.4073307728561748	0.0015485630355462022	0.053270568422789356	METAB_PAIRED_AVAILABLE	344.0	DONE	NA	CAMP_v0.3.4_PRAD	PRAD_FEATURE:5873643eef6d7936	43	False	40	finite author data values; unchanged observed values verified against data_imputed	40	40	10	30	0	0.25	0.75	-0.8724803542316281	-0.943301029240289	-0.5756097560975609	259820205	wilcox	average_ranks	True	0	4000	mean_paired_tumor_minus_normal	4000_whole_case_percentile_bootstrap_pointwise	normal_tie_corrected_continuity_corrected	361.0	NOMINAL_EXPLORATORY
PRAD	CAMP_PRAD	04_ROBUSTNESS	20260922T142000Z_discovery_v1	prad_discovery_v1	METAB_PAIRED_AVAILABLE	KEGG:C04295	4-androsten-3beta,17beta-diol disulfate (1)	NA	author_case	19	19	mean_paired_difference_author_log2_scale	-0.46731583161437495	-0.8374061501316872	-0.07393358682436084	0.03618	0.20743199999999998	METAB_PAIRED_AVAILABLE	344.0	DONE	NA	CAMP_v0.3.4_PRAD	PRAD_FEATURE:6cdc2e368eb9278e	43	False	19	finite author data values; unchanged observed values verified against data_imputed	19	19	6	13	0	0.3157894736842105	0.6842105263157895	-0.46731583161437495	-0.35951260503901605	-0.5473684210526316	594186209	wilcox	average_ranks	False	99999	4000	mean_paired_tumor_minus_normal	4000_whole_case_percentile_bootstrap_pointwise	Monte_Carlo_sign_flip_plus1	361.0	NOMINAL_EXPLORATORY
PRAD	CAMP_PRAD	04_ROBUSTNESS	20260922T142000Z_discovery_v1	prad_discovery_v1	METAB_PAIRED_AVAILABLE	KEGG:C01035	4-guanidinobutanoate	NA	author_case	17	17	mean_paired_difference_author_log2_scale	-0.5302810221049852	-1.3728867352851206	0.4222214922706646	0.15857	0.4023222081801471	METAB_PAIRED_AVAILABLE	344.0	DONE	NA	CAMP_v0.3.4_PRAD	PRAD_FEATURE:dfd740e37b397d3c	43	False	17	finite author data values; unchanged observed values verified against data_imputed	17	17	5	12	0	0.29411764705882354	0.7058823529411765	-0.5302810221049852	-0.7201789711924931	-0.39869281045751637	519342020	wilcox	average_ranks	False	99999	4000	mean_paired_tumor_minus_normal	4000_whole_case_percentile_bootstrap_pointwise	Monte_Carlo_sign_flip_plus1	361.0	NOT_SUPPORTED_THIS_TEST
PRAD	CAMP_PRAD	04_ROBUSTNESS	20260922T142000Z_discovery_v1	prad_discovery_v1	METAB_PAIRED_AVAILABLE	KEGG:C01127	4-hydroxy-2-oxoglutaric acid	NA	author_case	4	4	NA	NA	NA	NA	NA	NA	METAB_PAIRED_AVAILABLE	344.0	NOT_EVALUABLE	fewer_than_8_complete_pairs	CAMP_v0.3.4_PRAD	PRAD_FEATURE:d034b9ce66497521	43	False	4	finite author data values; unchanged observed values verified against data_imputed	4	4	2	2	0	0.5	0.5	-0.5395968571726588	-0.33043762184886294	-0.4	3928896380	wilcox	average_ranks	False	0	0	mean_paired_tumor_minus_normal	4000_whole_case_percentile_bootstrap_pointwise	NA	361.0	NOT_EVALUABLE
PRAD	CAMP_PRAD	04_ROBUSTNESS	20260922T142000Z_discovery_v1	prad_discovery_v1	METAB_PAIRED_AVAILABLE	KEGG:C00989	4-hydroxybutyrate (GHB)	NA	author_case	40	40	mean_paired_difference_author_log2_scale	0.13712429874111656	-0.09942794308532117	0.3640892222232778	0.07491704246381843	0.2986111111111111	METAB_PAIRED_AVAILABLE	344.0	DONE	NA	CAMP_v0.3.4_PRAD	PRAD_FEATURE:e168add6a0b25bd8	43	False	40	finite author data values; unchanged observed values verified against data_imputed	40	40	28	12	0	0.7	0.3	0.13712429874111656	0.329881653498719	0.32439024390243903	2785555638	wilcox	average_ranks	True	0	4000	mean_paired_tumor_minus_normal	4000_whole_case_percentile_bootstrap_pointwise	normal_tie_corrected_continuity_corrected	361.0	NOT_SUPPORTED_THIS_TEST
PRAD	CAMP_PRAD	04_ROBUSTNESS	20260922T142000Z_discovery_v1	prad_discovery_v1	METAB_PAIRED_AVAILABLE	KEGG:C05627	4-vinylphenol sulfate	NA	author_case	8	8	mean_paired_difference_author_log2_scale	-0.6435217413834439	-1.1713941818373084	-0.005003522446631755	0.078125	0.2986111111111111	METAB_PAIRED_AVAILABLE	344.0	DONE	NA	CAMP_v0.3.4_PRAD	PRAD_FEATURE:1495c068ba2fb2ab	43	False	8	finite author data values; unchanged observed values verified against data_imputed	8	8	2	6	0	0.25	0.75	-0.6435217413834439	-0.870220095451398	-0.7222222222222222	3851479671	wilcox	average_ranks	False	256	4000	mean_paired_tumor_minus_normal	4000_whole_case_percentile_bootstrap_pointwise	exhaustive_sign_flip	361.0	NOT_SUPPORTED_THIS_TEST
PRAD	CAMP_PRAD	04_ROBUSTNESS	20260922T142000Z_discovery_v1	prad_discovery_v1	METAB_PAIRED_AVAILABLE	KEGG:C00429	5,6-dihydrouracil	NA	author_case	34	34	mean_paired_difference_author_log2_scale	0.057054713371420734	-0.18960271135160967	0.2936418694455433	0.7068252087793998	0.8413421170246143	METAB_PAIRED_AVAILABLE	344.0	DONE	NA	CAMP_v0.3.4_PRAD	PRAD_FEATURE:45098d327d5f0f28	43	False	34	finite author data values; unchanged observed values verified against data_imputed	34	34	15	19	0	0.4411764705882353	0.5588235294117647	0.057054713371420734	-0.058893495904431006	0.07563025210084033	2066543251	wilcox	average_ranks	True	0	4000	mean_paired_tumor_minus_normal	4000_whole_case_percentile_bootstrap_pointwise	normal_tie_corrected_continuity_corrected	361.0	NOT_SUPPORTED_THIS_TEST
PRAD	CAMP_PRAD	04_ROBUSTNESS	20260922T142000Z_discovery_v1	prad_discovery_v1	METAB_PAIRED_AVAILABLE	KEGG:C00170	5-methylthioadenosine (MTA)	NA	author_case	43	43	mean_paired_difference_author_log2_scale	0.21101104566042997	0.010617202848659421	0.40399617322472414	0.06555853389649037	0.2750260446389352	METAB_PAIRED_AVAILABLE	344.0	DONE	NA	CAMP_v0.3.4_PRAD	PRAD_FEATURE:0a37d90e1b9b8e89	43	False	43	finite author data values; unchanged observed values verified against data_imputed	43	43	30	13	0	0.6976744186046512	0.3023255813953488	0.21101104566042997	0.305565545095909	0.32346723044397463	236810966	wilcox	average_ranks	True	0	4000	mean_paired_tumor_minus_normal	4000_whole_case_percentile_bootstrap_pointwise	normal_tie_corrected_continuity_corrected	361.0	NOT_SUPPORTED_THIS_TEST
PRAD	CAMP_PRAD	04_ROBUSTNESS	20260922T142000Z_discovery_v1	prad_discovery_v1	METAB_PAIRED_AVAILABLE	KEGG:C01879	5-oxoproline	NA	author_case	43	43	mean_paired_difference_author_log2_scale	0.1674052511597773	-0.037423699476042335	0.3802858683346562	0.22034634947453735	0.4797414191091193	METAB_PAIRED_AVAILABLE	344.0	DONE	NA	CAMP_v0.3.4_PRAD	PRAD_FEATURE:cde3da62f8e094f1	43	False	43	finite author data values; unchanged observed values verified against data_imputed	43	43	25	18	0	0.5813953488372093	0.4186046511627907	0.1674052511597773	0.09972716539209703	0.2156448202959831	2980632073	wilcox	average_ranks	True	0	4000	mean_paired_tumor_minus_normal	4000_whole_case_percentile_bootstrap_pointwise	normal_tie_corrected_continuity_corrected	361.0	NOT_SUPPORTED_THIS_TEST
PRAD	CAMP_PRAD	04_ROBUSTNESS	20260922T142000Z_discovery_v1	prad_discovery_v1	METAB_PAIRED_AVAILABLE	KEGG:G00265	6'-sialyllactose	NA	author_case	12	12	mean_paired_difference_author_log2_scale	0.31930470447865283	-0.17164667670127715	0.8040388318515871	0.33935546875	0.5828153846153846	METAB_PAIRED_AVAILABLE	344.0	DONE	NA	CAMP_v0.3.4_PRAD	PRAD_FEATURE:60e87ec13713d27c	43	False	12	finite author data values; unchanged observed values verified against data_imputed	12	12	8	4	0	0.6666666666666666	0.3333333333333333	0.31930470447865283	0.22208259573756853	0.3333333333333333	3978577964	wilcox	average_ranks	False	4096	4000	mean_paired_tumor_minus_normal	4000_whole_case_percentile_bootstrap_pointwise	exhaustive_sign_flip	361.0	NOT_SUPPORTED_THIS_TEST
PRAD	CAMP_PRAD	04_ROBUSTNESS	20260922T142000Z_discovery_v1	prad_discovery_v1	METAB_PAIRED_AVAILABLE	HMDB:HMDB06584	6-sialyl-N-acetyllactosamine	NA	author_case	36	36	mean_paired_difference_author_log2_scale	0.043956708162832196	-0.42155186792931404	0.537712331501277	0.47471337882350007	0.67202223175014	METAB_PAIRED_AVAILABLE	344.0	DONE	NA	CAMP_v0.3.4_PRAD	PRAD_FEATURE:5408ee5dd4ef8075	43	False	36	finite author data values; unchanged observed values verified against data_imputed	36	36	14	22	0	0.3888888888888889	0.6111111111111112	0.043956708162832196	-0.09419711409140097	-0.13813813813813813	1389952836	wilcox	average_ranks	True	0	4000	mean_paired_tumor_minus_normal	4000_whole_case_percentile_bootstrap_pointwise	normal_tie_corrected_continuity_corrected	361.0	NOT_SUPPORTED_THIS_TEST
PRAD	CAMP_PRAD	04_ROBUSTNESS	20260922T142000Z_discovery_v1	prad_discovery_v1	METAB_PAIRED_AVAILABLE	KEGG:C17337	7-alpha-hydroxy-3-oxo-4-cholestenoate (7-Hoca)	NA	author_case	22	22	mean_paired_difference_author_log2_scale	-0.6597657553173423	-1.032295964731391	-0.27100009021922267	0.00618	0.0886619695673805	METAB_PAIRED_AVAILABLE	344.0	DONE	NA	CAMP_v0.3.4_PRAD	PRAD_FEATURE:812ac62724d25cb3	43	False	22	finite author data values; unchanged observed values verified against data_imputed	22	22	7	15	0	0.3181818181818182	0.6818181818181818	-0.6597657553173423	-0.8903123934418535	-0.6442687747035574	3152243895	wilcox	average_ranks	False	99999	4000	mean_paired_tumor_minus_normal	4000_whole_case_percentile_bootstrap_pointwise	Monte_Carlo_sign_flip_plus1	361.0	NOMINAL_EXPLORATORY
PRAD	CAMP_PRAD	04_ROBUSTNESS	20260922T142000Z_discovery_v1	prad_discovery_v1	METAB_PAIRED_AVAILABLE	KEGG:C02571	acetylcarnitine	NA	author_case	43	43	mean_paired_difference_author_log2_scale	-0.02320188672618548	-0.2305658618040263	0.17716866731377118	0.9278405136047765	0.9613769177109732	METAB_PAIRED_AVAILABLE	344.0	DONE	NA	CAMP_v0.3.4_PRAD	PRAD_FEATURE:6b2aa84b55bfd3e7	43	False	43	finite author data values; unchanged observed values verified against data_imputed	43	43	20	23	0	0.46511627906976744	0.5348837209302325	-0.02320188672618548	-0.00929636512499014	-0.016913319238900635	3697227993	wilcox	average_ranks	True	0	4000	mean_paired_tumor_minus_normal	4000_whole_case_percentile_bootstrap_pointwise	normal_tie_corrected_continuity_corrected	361.0	NOT_SUPPORTED_THIS_TEST
PRAD	CAMP_PRAD	04_ROBUSTNESS	20260922T142000Z_discovery_v1	prad_discovery_v1	METAB_PAIRED_AVAILABLE	KEGG:C01996	acetylcholine	NA	author_case	41	41	mean_paired_difference_author_log2_scale	-0.17858091256400432	-0.44908690988465866	0.09022200429229413	0.29388960920782337	0.544994973162599	METAB_PAIRED_AVAILABLE	344.0	DONE	NA	CAMP_v0.3.4_PRAD	PRAD_FEATURE:22adacfb36d56521	43	False	41	finite author data values; unchanged observed values verified against data_imputed	41	41	18	23	0	0.43902439024390244	0.5609756097560976	-0.17858091256400432	-0.152038827547224	-0.18931475029036005	2609201530	wilcox	average_ranks	True	0	4000	mean_paired_tumor_minus_normal	4000_whole_case_percentile_bootstrap_pointwise	normal_tie_corrected_continuity_corrected	361.0	NOT_SUPPORTED_THIS_TEST
PRAD	CAMP_PRAD	04_ROBUSTNESS	20260922T142000Z_discovery_v1	prad_discovery_v1	METAB_PAIRED_AVAILABLE	KEGG:C00147	adenine	NA	author_case	43	43	mean_paired_difference_author_log2_scale	0.3537671989857178	0.06836245953421524	0.6341755015723827	0.018242781555282875	0.14879664152537656	METAB_PAIRED_AVAILABLE	344.0	DONE	NA	CAMP_v0.3.4_PRAD	PRAD_FEATURE:ed8fb7b3c625e273	43	False	43	finite author data values; unchanged observed values verified against data_imputed	43	43	28	15	0	0.6511627906976745	0.3488372093023256	0.3537671989857178	0.47916447235614035	0.4143763213530655	1445253055	wilcox	average_ranks	True	0	4000	mean_paired_tumor_minus_normal	4000_whole_case_percentile_bootstrap_pointwise	normal_tie_corrected_continuity_corrected	361.0	NOMINAL_EXPLORATORY
PRAD	CAMP_PRAD	04_ROBUSTNESS	20260922T142000Z_discovery_v1	prad_discovery_v1	METAB_PAIRED_AVAILABLE	KEGG:C00212	adenosine	NA	author_case	43	43	mean_paired_difference_author_log2_scale	-0.4769561765919917	-0.8444862525866582	-0.07893605258798042	0.009937332390147165	0.0949567317280729	METAB_PAIRED_AVAILABLE	344.0	DONE	NA	CAMP_v0.3.4_PRAD	PRAD_FEATURE:68613d5bad3e3099	43	False	43	finite author data values; unchanged observed values verified against data_imputed	43	43	17	26	0	0.3953488372093023	0.6046511627906976	-0.4769561765919917	-0.49398893746518	-0.452431289640592	2479458699	wilcox	average_ranks	True	0	4000	mean_paired_tumor_minus_normal	4000_whole_case_percentile_bootstrap_pointwise	normal_tie_corrected_continuity_corrected	361.0	NOMINAL_EXPLORATORY
PRAD	CAMP_PRAD	04_ROBUSTNESS	20260922T142000Z_discovery_v1	prad_discovery_v1	METAB_PAIRED_AVAILABLE	KEGG:C00008	adenosine 5'-diphosphate (ADP)	NA	author_case	33	33	mean_paired_difference_author_log2_scale	-0.8174674742637619	-1.3100722244924448	-0.34623358160850054	0.0047559211397002485	0.08207563920454546	METAB_PAIRED_AVAILABLE	344.0	DONE	NA	CAMP_v0.3.4_PRAD	PRAD_FEATURE:6143f6080f1ad39b	43	False	33	finite author data values; unchanged observed values verified against data_imputed	33	33	9	24	0	0.2727272727272727	0.7272727272727273	-0.8174674742637619	-0.8563800044564198	-0.5650623885918004	2401361881	wilcox	average_ranks	True	0	4000	mean_paired_tumor_minus_normal	4000_whole_case_percentile_bootstrap_pointwise	normal_tie_corrected_continuity_corrected	361.0	NOMINAL_EXPLORATORY
PRAD	CAMP_PRAD	04_ROBUSTNESS	20260922T142000Z_discovery_v1	prad_discovery_v1	METAB_PAIRED_AVAILABLE	KEGG:C00020	adenosine 5'-monophosphate (AMP)	NA	author_case	43	43	mean_paired_difference_author_log2_scale	-0.25012435430064933	-0.7801916416815774	0.31012603325723426	0.09685291751556002	0.3365394305591176	METAB_PAIRED_AVAILABLE	344.0	DONE	NA	CAMP_v0.3.4_PRAD	PRAD_FEATURE:3438a92fcfca017c	43	False	43	finite author data values; unchanged observed values verified against data_imputed	43	43	15	28	0	0.3488372093023256	0.6511627906976745	-0.25012435430064933	-0.378077798250346	-0.2917547568710359	134779925	wilcox	average_ranks	True	0	4000	mean_paired_tumor_minus_normal	4000_whole_case_percentile_bootstrap_pointwise	normal_tie_corrected_continuity_corrected	361.0	NOT_SUPPORTED_THIS_TEST
PRAD	CAMP_PRAD	04_ROBUSTNESS	20260922T142000Z_discovery_v1	prad_discovery_v1	METAB_PAIRED_AVAILABLE	KEGG:C00002	adenosine 5'-triphosphate (ATP)	NA	author_case	26	26	mean_paired_difference_author_log2_scale	-0.2705985495803692	-0.8883403631249356	0.4068783684085105	0.31724	0.5674742359722535	METAB_PAIRED_AVAILABLE	344.0	DONE	NA	CAMP_v0.3.4_PRAD	PRAD_FEATURE:40aeb8656d0d8a17	43	False	26	finite author data values; unchanged observed values verified against data_imputed	26	26	9	17	0	0.34615384615384615	0.6538461538461539	-0.2705985495803692	-0.7304018093526112	-0.23076923076923078	3071314526	wilcox	average_ranks	False	99999	4000	mean_paired_tumor_minus_normal	4000_whole_case_percentile_bootstrap_pointwise	Monte_Carlo_sign_flip_plus1	361.0	NOT_SUPPORTED_THIS_TEST
PRAD	CAMP_PRAD	04_ROBUSTNESS	20260922T142000Z_discovery_v1	prad_discovery_v1	METAB_PAIRED_AVAILABLE	KEGG:C00301	adenosine 5'diphosphoribose	NA	author_case	32	32	mean_paired_difference_author_log2_scale	-0.27287606886777555	-0.8929795761462131	0.3139580996638888	0.633488191266437	0.7953282401301253	METAB_PAIRED_AVAILABLE	344.0	DONE	NA	CAMP_v0.3.4_PRAD	PRAD_FEATURE:6c329836b48df383	43	False	32	finite author data values; unchanged observed values verified against data_imputed	32	32	15	17	0	0.46875	0.53125	-0.27287606886777555	-0.18675885279488094	-0.09848484848484848	2279378506	wilcox	average_ranks	True	0	4000	mean_paired_tumor_minus_normal	4000_whole_case_percentile_bootstrap_pointwise	normal_tie_corrected_continuity_corrected	361.0	NOT_SUPPORTED_THIS_TEST
PRAD	CAMP_PRAD	04_ROBUSTNESS	20260922T142000Z_discovery_v1	prad_discovery_v1	METAB_PAIRED_AVAILABLE	KEGG:C16527	adrenate (22:4n6)	NA	author_case	29	29	mean_paired_difference_author_log2_scale	-0.4770940613631478	-0.9397522667434027	-0.07670413921327408	0.18147	0.42674378079705816	METAB_PAIRED_AVAILABLE	344.0	DONE	NA	CAMP_v0.3.4_PRAD	PRAD_FEATURE:b4d9cd6446327a77	43	False	29	finite author data values; unchanged observed values verified against data_imputed	29	29	12	17	0	0.41379310344827586	0.5862068965517241	-0.4770940613631478	-0.14716214507271702	-0.28735632183908044	2942531705	wilcox	average_ranks	False	99999	4000	mean_paired_tumor_minus_normal	4000_whole_case_percentile_bootstrap_pointwise	Monte_Carlo_sign_flip_plus1	361.0	NOT_SUPPORTED_THIS_TEST
PRAD	CAMP_PRAD	04_ROBUSTNESS	20260922T142000Z_discovery_v1	prad_discovery_v1	METAB_PAIRED_AVAILABLE	KEGG:C00179	agmatine	NA	author_case	35	35	mean_paired_difference_author_log2_scale	0.08832977752795367	-0.4463498654045812	0.6635163425762609	0.876346860099868	0.9343480486591063	METAB_PAIRED_AVAILABLE	344.0	DONE	NA	CAMP_v0.3.4_PRAD	PRAD_FEATURE:de3ed31c13efc154	43	False	35	finite author data values; unchanged observed values verified against data_imputed	35	35	17	18	0	0.4857142857142857	0.5142857142857142	0.08832977752795367	-0.056082794075991926	0.031746031746031744	1691902814	wilcox	average_ranks	True	0	4000	mean_paired_tumor_minus_normal	4000_whole_case_percentile_bootstrap_pointwise	normal_tie_corrected_continuity_corrected	361.0	NOT_SUPPORTED_THIS_TEST
PRAD	CAMP_PRAD	04_ROBUSTNESS	20260922T142000Z_discovery_v1	prad_discovery_v1	METAB_PAIRED_AVAILABLE	KEGG:C00041	alanine	NA	author_case	43	43	mean_paired_difference_author_log2_scale	0.15735331367527786	-0.04794732903605495	0.3679618016575695	0.279826915440487	0.537767926880042	METAB_PAIRED_AVAILABLE	344.0	DONE	NA	CAMP_v0.3.4_PRAD	PRAD_FEATURE:b97979ef1bfcf27d	43	False	43	finite author data values; unchanged observed values verified against data_imputed	43	43	22	21	0	0.5116279069767442	0.4883720930232558	0.15735331367527786	0.03525137705478798	0.19027484143763213	3748843479	wilcox	average_ranks	True	0	4000	mean_paired_tumor_minus_normal	4000_whole_case_percentile_bootstrap_pointwise	normal_tie_corrected_continuity_corrected	361.0	NOT_SUPPORTED_THIS_TEST
PRAD	CAMP_PRAD	04_ROBUSTNESS	20260922T142000Z_discovery_v1	prad_discovery_v1	METAB_PAIRED_AVAILABLE	HMDB:HMDB28691	alanylleucine	NA	author_case	23	23	mean_paired_difference_author_log2_scale	-0.03716625187056584	-0.4533275238890072	0.35985843084975117	0.86977	0.9343480486591063	METAB_PAIRED_AVAILABLE	344.0	DONE	NA	CAMP_v0.3.4_PRAD	PRAD_FEATURE:f0d9f1e214abdf2c	43	False	23	finite author data values; unchanged observed values verified against data_imputed	23	23	12	11	0	0.5217391304347826	0.4782608695652174	-0.03716625187056584	0.006926496232221996	-0.043478260869565216	724454176	wilcox	average_ranks	False	99999	4000	mean_paired_tumor_minus_normal	4000_whole_case_percentile_bootstrap_pointwise	Monte_Carlo_sign_flip_plus1	361.0	NOT_SUPPORTED_THIS_TEST
PRAD	CAMP_PRAD	04_ROBUSTNESS	20260922T142000Z_discovery_v1	prad_discovery_v1	METAB_PAIRED_AVAILABLE	NAME:alanylphenylalanine	alanylphenylalanine	NA	author_case	18	18	mean_paired_difference_author_log2_scale	-0.028311157955150115	-0.4219948478973291	0.3499310999019059	1.0	1.0	METAB_PAIRED_AVAILABLE	344.0	DONE	NA	CAMP_v0.3.4_PRAD	PRAD_FEATURE:bb0b944a4d201d06	43	False	18	finite author data values; unchanged observed values verified against data_imputed	18	18	11	7	0	0.6111111111111112	0.3888888888888889	-0.028311157955150115	0.12378134333341353	0.005847953216374269	1739718917	wilcox	average_ranks	False	99999	4000	mean_paired_tumor_minus_normal	4000_whole_case_percentile_bootstrap_pointwise	Monte_Carlo_sign_flip_plus1	361.0	NOT_SUPPORTED_THIS_TEST
PRAD	CAMP_PRAD	04_ROBUSTNESS	20260922T142000Z_discovery_v1	prad_discovery_v1	METAB_PAIRED_AVAILABLE	NAME:alanylvaline	alanylvaline	NA	author_case	7	7	NA	NA	NA	NA	NA	NA	METAB_PAIRED_AVAILABLE	344.0	NOT_EVALUABLE	fewer_than_8_complete_pairs	CAMP_v0.3.4_PRAD	PRAD_FEATURE:b7252bba1b02c939	43	False	7	finite author data values; unchanged observed values verified against data_imputed	7	7	4	3	0	0.5714285714285714	0.42857142857142855	0.3379180292095953	0.1822722573029899	0.21428571428571427	3513340866	wilcox	average_ranks	False	0	0	mean_paired_tumor_minus_normal	4000_whole_case_percentile_bootstrap_pointwise	NA	361.0	NOT_EVALUABLE
PRAD	CAMP_PRAD	04_ROBUSTNESS	20260922T142000Z_discovery_v1	prad_discovery_v1	METAB_PAIRED_AVAILABLE	HMDB:HMDB00407	alpha-hydroxyisovalerate	NA	author_case	37	37	mean_paired_difference_author_log2_scale	-0.1616209590428821	-0.39546467259360024	0.06925938168118992	0.27738495621995796	0.537767926880042	METAB_PAIRED_AVAILABLE	344.0	DONE	NA	CAMP_v0.3.4_PRAD	PRAD_FEATURE:81f8e104cf7f83f5	43	False	37	finite author data values; unchanged observed values verified against data_imputed	37	37	15	22	0	0.40540540540540543	0.5945945945945946	-0.1616209590428821	-0.14406467208150098	-0.20625889046941678	821203512	wilcox	average_ranks	True	0	4000	mean_paired_tumor_minus_normal	4000_whole_case_percentile_bootstrap_pointwise	normal_tie_corrected_continuity_corrected	361.0	NOT_SUPPORTED_THIS_TEST
PRAD	CAMP_PRAD	04_ROBUSTNESS	20260922T142000Z_discovery_v1	prad_discovery_v1	METAB_PAIRED_AVAILABLE	KEGG:C00026	alpha-ketoglutarate	NA	author_case	17	17	mean_paired_difference_author_log2_scale	0.08522715418199522	-0.48030957600938384	0.6594334560261508	0.64335	0.8018565217391305	METAB_PAIRED_AVAILABLE	344.0	DONE	NA	CAMP_v0.3.4_PRAD	PRAD_FEATURE:78e702345a44935d	43	False	17	finite author data values; unchanged observed values verified against data_imputed	17	17	11	6	0	0.6470588235294118	0.35294117647058826	0.08522715418199522	0.18815502516550597	0.13725490196078433	3705786842	wilcox	average_ranks	False	99999	4000	mean_paired_tumor_minus_normal	4000_whole_case_percentile_bootstrap_pointwise	Monte_Carlo_sign_flip_plus1	361.0	NOT_SUPPORTED_THIS_TEST
PRAD	CAMP_PRAD	04_ROBUSTNESS	20260922T142000Z_discovery_v1	prad_discovery_v1	METAB_PAIRED_AVAILABLE	KEGG:C02477	alpha-tocopherol	NA	author_case	43	43	mean_paired_difference_author_log2_scale	0.1142259112301436	-0.13339573900573645	0.39212721262129663	0.8138505012336655	0.9031115239496159	METAB_PAIRED_AVAILABLE	344.0	DONE	NA	CAMP_v0.3.4_PRAD	PRAD_FEATURE:052729676d5cc914	43	False	43	finite author data values; unchanged observed values verified against data_imputed	43	43	20	23	0	0.46511627906976744	0.5348837209302325	0.1142259112301436	-0.09556512724606803	0.042283298097251586	483177150	wilcox	average_ranks	True	0	4000	mean_paired_tumor_minus_normal	4000_whole_case_percentile_bootstrap_pointwise	normal_tie_corrected_continuity_corrected	361.0	NOT_SUPPORTED_THIS_TEST
PRAD	CAMP_PRAD	04_ROBUSTNESS	20260922T142000Z_discovery_v1	prad_discovery_v1	METAB_PAIRED_AVAILABLE	KEGG:C00523	androsterone sulfate	NA	author_case	30	30	mean_paired_difference_author_log2_scale	-0.41930122211728155	-0.7523279390826104	-0.08807236179496288	0.023665459415354004	0.17321102210386763	METAB_PAIRED_AVAILABLE	344.0	DONE	NA	CAMP_v0.3.4_PRAD	PRAD_FEATURE:7e5c692f9b6667f8	43	False	30	finite author data values; unchanged observed values verified against data_imputed	30	30	12	18	0	0.4	0.6	-0.41930122211728155	-0.5519213876604743	-0.4752688172043011	4243437642	wilcox	average_ranks	True	0	4000	mean_paired_tumor_minus_normal	4000_whole_case_percentile_bootstrap_pointwise	normal_tie_corrected_continuity_corrected	361.0	NOMINAL_EXPLORATORY
PRAD	CAMP_PRAD	04_ROBUSTNESS	20260922T142000Z_discovery_v1	prad_discovery_v1	METAB_PAIRED_AVAILABLE	KEGG:C01262	anserine	NA	author_case	18	18	mean_paired_difference_author_log2_scale	-0.3298676985813706	-0.7521373419467003	0.05737484274012317	0.11799	0.3546115254237288	METAB_PAIRED_AVAILABLE	344.0	DONE	NA	CAMP_v0.3.4_PRAD	PRAD_FEATURE:776b423502964c8f	43	False	18	finite author data values; unchanged observed values verified against data_imputed	18	18	6	12	0	0.3333333333333333	0.6666666666666666	-0.3298676985813706	-0.31568984088602603	-0.4269005847953216	2507684387	wilcox	average_ranks	False	99999	4000	mean_paired_tumor_minus_normal	4000_whole_case_percentile_bootstrap_pointwise	Monte_Carlo_sign_flip_plus1	361.0	NOT_SUPPORTED_THIS_TEST
PRAD	CAMP_PRAD	04_ROBUSTNESS	20260922T142000Z_discovery_v1	prad_discovery_v1	METAB_PAIRED_AVAILABLE	KEGG:C00474	arabitol	NA	author_case	34	34	mean_paired_difference_author_log2_scale	0.13978858155767876	-0.11048247086919426	0.39024601746696197	0.18235853423595216	0.42674378079705816	METAB_PAIRED_AVAILABLE	344.0	DONE	NA	CAMP_v0.3.4_PRAD	PRAD_FEATURE:bb34397eb92311f8	43	True	34	finite author data values; unchanged observed values verified against data_imputed	34	34	20	14	0	0.5882352941176471	0.4117647058823529	0.13978858155767876	0.2796839137828151	0.2638655462184874	3260723830	wilcox	average_ranks	True	0	4000	mean_paired_tumor_minus_normal	4000_whole_case_percentile_bootstrap_pointwise	normal_tie_corrected_continuity_corrected	361.0	NOT_SUPPORTED_THIS_TEST
PRAD	CAMP_PRAD	04_ROBUSTNESS	20260922T142000Z_discovery_v1	prad_discovery_v1	METAB_PAIRED_AVAILABLE	HMDB:HMDB00539	arabonate	NA	author_case	34	34	mean_paired_difference_author_log2_scale	-0.027073133884051803	-0.2574071350929929	0.207039804718271	0.8374485407961226	0.9116528418793234	METAB_PAIRED_AVAILABLE	344.0	DONE	NA	CAMP_v0.3.4_PRAD	PRAD_FEATURE:63d5555070af761f	43	False	34	finite author data values; unchanged observed values verified against data_imputed	34	34	17	17	0	0.5	0.5	-0.027073133884051803	0.029768578042804972	-0.04201680672268908	748707718	wilcox	average_ranks	True	0	4000	mean_paired_tumor_minus_normal	4000_whole_case_percentile_bootstrap_pointwise	normal_tie_corrected_continuity_corrected	361.0	NOT_SUPPORTED_THIS_TEST
PRAD	CAMP_PRAD	04_ROBUSTNESS	20260922T142000Z_discovery_v1	prad_discovery_v1	METAB_PAIRED_AVAILABLE	KEGG:C06425	arachidate (20:0)	NA	author_case	30	30	mean_paired_difference_author_log2_scale	0.01808693451849327	-0.23991403721106042	0.33241115749817235	0.8531387941307672	0.9258036125583089	METAB_PAIRED_AVAILABLE	344.0	DONE	NA	CAMP_v0.3.4_PRAD	PRAD_FEATURE:09571ef0a800d7fe	43	False	30	finite author data values; unchanged observed values verified against data_imputed	30	30	15	15	0	0.5	0.5	0.01808693451849327	-0.01775799107509249	-0.04086021505376344	3927547467	wilcox	average_ranks	True	0	4000	mean_paired_tumor_minus_normal	4000_whole_case_percentile_bootstrap_pointwise	normal_tie_corrected_continuity_corrected	361.0	NOT_SUPPORTED_THIS_TEST
PRAD	CAMP_PRAD	04_ROBUSTNESS	20260922T142000Z_discovery_v1	prad_discovery_v1	METAB_PAIRED_AVAILABLE	KEGG:C00219	arachidonate (20:4n6)	NA	author_case	43	43	mean_paired_difference_author_log2_scale	0.08355078344386366	-0.2163435992687329	0.37205185558581855	0.6162933393659598	0.7816437083817273	METAB_PAIRED_AVAILABLE	344.0	DONE	NA	CAMP_v0.3.4_PRAD	PRAD_FEATURE:5d26200852e00d88	43	False	43	finite author data values; unchanged observed values verified against data_imputed	43	43	22	21	0	0.5116279069767442	0.4883720930232558	0.08355078344386366	0.0022061830858410847	0.08879492600422834	1000237742	wilcox	average_ranks	True	0	4000	mean_paired_tumor_minus_normal	4000_whole_case_percentile_bootstrap_pointwise	normal_tie_corrected_continuity_corrected	361.0	NOT_SUPPORTED_THIS_TEST
PRAD	CAMP_PRAD	04_ROBUSTNESS	20260922T142000Z_discovery_v1	prad_discovery_v1	METAB_PAIRED_AVAILABLE	KEGG:C00062	arginine	NA	author_case	40	40	mean_paired_difference_author_log2_scale	-0.04729727374115581	-0.42434633918783854	0.31113032916572475	0.8560084786799534	0.9259965932890063	METAB_PAIRED_AVAILABLE	344.0	DONE	NA	CAMP_v0.3.4_PRAD	PRAD_FEATURE:def8852115c04186	43	False	40	finite author data values; unchanged observed values verified against data_imputed	40	40	17	23	0	0.425	0.575	-0.04729727374115581	-0.244022188149977	-0.03414634146341464	3329839416	wilcox	average_ranks	True	0	4000	mean_paired_tumor_minus_normal	4000_whole_case_percentile_bootstrap_pointwise	normal_tie_corrected_continuity_corrected	361.0	NOT_SUPPORTED_THIS_TEST
PRAD	CAMP_PRAD	04_ROBUSTNESS	20260922T142000Z_discovery_v1	prad_discovery_v1	METAB_PAIRED_AVAILABLE	KEGG:C00072	ascorbate (Vitamin C)	NA	author_case	43	43	mean_paired_difference_author_log2_scale	-0.16318197010314509	-0.5127149616340826	0.20026441792062893	0.42198378792162594	0.6258664419211034	METAB_PAIRED_AVAILABLE	344.0	DONE	NA	CAMP_v0.3.4_PRAD	PRAD_FEATURE:8439815a18890dc1	43	False	43	finite author data values; unchanged observed values verified against data_imputed	43	43	18	25	0	0.4186046511627907	0.5813953488372093	-0.16318197010314509	-0.09772414474808505	-0.1416490486257928	2952178732	wilcox	average_ranks	True	0	4000	mean_paired_tumor_minus_normal	4000_whole_case_percentile_bootstrap_pointwise	normal_tie_corrected_continuity_corrected	361.0	NOT_SUPPORTED_THIS_TEST
PRAD	CAMP_PRAD	04_ROBUSTNESS	20260922T142000Z_discovery_v1	prad_discovery_v1	METAB_PAIRED_AVAILABLE	KEGG:C00152	asparagine	NA	author_case	41	41	mean_paired_difference_author_log2_scale	0.12380792371386701	-0.20514676656637792	0.46770364055992797	0.35081902131641507	0.5828153846153846	METAB_PAIRED_AVAILABLE	344.0	DONE	NA	CAMP_v0.3.4_PRAD	PRAD_FEATURE:876291555c792d1b	43	False	41	finite author data values; unchanged observed values verified against data_imputed	41	41	23	18	0	0.5609756097560976	0.43902439024390244	0.12380792371386701	0.29799266087717585	0.16840882694541232	3279134271	wilcox	average_ranks	True	0	4000	mean_paired_tumor_minus_normal	4000_whole_case_percentile_bootstrap_pointwise	normal_tie_corrected_continuity_corrected	361.0	NOT_SUPPORTED_THIS_TEST
PRAD	CAMP_PRAD	04_ROBUSTNESS	20260922T142000Z_discovery_v1	prad_discovery_v1	METAB_PAIRED_AVAILABLE	KEGG:C00049	aspartate	NA	author_case	43	43	mean_paired_difference_author_log2_scale	0.10824025257756445	-0.10937410964588118	0.35185136683884155	0.3018808231650113	0.5494550432209729	METAB_PAIRED_AVAILABLE	344.0	DONE	NA	CAMP_v0.3.4_PRAD	PRAD_FEATURE:a936c376f6ff5b86	43	False	43	finite author data values; unchanged observed values verified against data_imputed	43	43	25	18	0	0.5813953488372093	0.4186046511627907	0.10824025257756445	0.1137533815519839	0.18181818181818182	760075390	wilcox	average_ranks	True	0	4000	mean_paired_tumor_minus_normal	4000_whole_case_percentile_bootstrap_pointwise	normal_tie_corrected_continuity_corrected	361.0	NOT_SUPPORTED_THIS_TEST
PRAD	CAMP_PRAD	04_ROBUSTNESS	20260922T142000Z_discovery_v1	prad_discovery_v1	METAB_PAIRED_AVAILABLE	NAME:aspartylleucine	aspartylleucine	NA	author_case	17	17	mean_paired_difference_author_log2_scale	0.4248820307071335	-0.027445445346520485	0.9320160812036891	0.19031	0.439373422818792	METAB_PAIRED_AVAILABLE	344.0	DONE	NA	CAMP_v0.3.4_PRAD	PRAD_FEATURE:ed6de23478c19e17	43	False	17	finite author data values; unchanged observed values verified against data_imputed	17	17	10	7	0	0.5882352941176471	0.4117647058823529	0.4248820307071335	0.2441421971573491	0.37254901960784315	717825972	wilcox	average_ranks	False	99999	4000	mean_paired_tumor_minus_normal	4000_whole_case_percentile_bootstrap_pointwise	Monte_Carlo_sign_flip_plus1	361.0	NOT_SUPPORTED_THIS_TEST
PRAD	CAMP_PRAD	04_ROBUSTNESS	20260922T142000Z_discovery_v1	prad_discovery_v1	METAB_PAIRED_AVAILABLE	HMDB:HMDB00706	aspartylphenylalanine	NA	author_case	20	20	mean_paired_difference_author_log2_scale	-0.43500421537669104	-1.3218686182372714	0.4358251323110742	0.45443	0.6513496666666666	METAB_PAIRED_AVAILABLE	344.0	DONE	NA	CAMP_v0.3.4_PRAD	PRAD_FEATURE:0f2bb5aaba4d5dee	43	False	20	finite author data values; unchanged observed values verified against data_imputed	20	20	8	12	0	0.4	0.6	-0.43500421537669104	-0.4105038230829902	-0.2	1532406133	wilcox	average_ranks	False	99999	4000	mean_paired_tumor_minus_normal	4000_whole_case_percentile_bootstrap_pointwise	Monte_Carlo_sign_flip_plus1	361.0	NOT_SUPPORTED_THIS_TEST
PRAD	CAMP_PRAD	04_ROBUSTNESS	20260922T142000Z_discovery_v1	prad_discovery_v1	METAB_PAIRED_AVAILABLE	KEGG:C00180	benzoate	NA	author_case	36	36	mean_paired_difference_author_log2_scale	-0.24949523172760613	-0.7769506939112895	0.22227739832522134	0.9811989024470066	0.9990003539823009	METAB_PAIRED_AVAILABLE	344.0	DONE	NA	CAMP_v0.3.4_PRAD	PRAD_FEATURE:a238444848b14ef9	43	False	36	finite author data values; unchanged observed values verified against data_imputed	36	36	18	18	0	0.5	0.5	-0.24949523172760613	0.08978739604845509	-0.006006006006006006	3251278822	wilcox	average_ranks	True	0	4000	mean_paired_tumor_minus_normal	4000_whole_case_percentile_bootstrap_pointwise	normal_tie_corrected_continuity_corrected	361.0	NOT_SUPPORTED_THIS_TEST
PRAD	CAMP_PRAD	04_ROBUSTNESS	20260922T142000Z_discovery_v1	prad_discovery_v1	METAB_PAIRED_AVAILABLE	KEGG:C00099	beta-alanine	NA	author_case	42	42	mean_paired_difference_author_log2_scale	-0.4012144219321807	-0.8448795202316542	0.051153236949148355	0.07789769258747778	0.2986111111111111	METAB_PAIRED_AVAILABLE	344.0	DONE	NA	CAMP_v0.3.4_PRAD	PRAD_FEATURE:7226843a6ca8ff14	43	False	42	finite author data values; unchanged observed values verified against data_imputed	42	42	15	27	0	0.35714285714285715	0.6428571428571429	-0.4012144219321807	-0.33867990396443404	-0.3133997785160576	3297250589	wilcox	average_ranks	True	0	4000	mean_paired_tumor_minus_normal	4000_whole_case_percentile_bootstrap_pointwise	normal_tie_corrected_continuity_corrected	361.0	NOT_SUPPORTED_THIS_TEST
PRAD	CAMP_PRAD	04_ROBUSTNESS	20260922T142000Z_discovery_v1	prad_discovery_v1	METAB_PAIRED_AVAILABLE	HMDB:HMDB00754	beta-hydroxyisovalerate	NA	author_case	36	36	mean_paired_difference_author_log2_scale	0.27902143627965625	-0.10726960535266852	0.688415888275769	0.21747126779810955	0.47794089171974524	METAB_PAIRED_AVAILABLE	344.0	DONE	NA	CAMP_v0.3.4_PRAD	PRAD_FEATURE:1d81ba4d6c1ef66d	43	False	36	finite author data values; unchanged observed values verified against data_imputed	36	36	20	16	0	0.5555555555555556	0.4444444444444444	0.27902143627965625	0.21306231305327478	0.23723723723723725	2696293604	wilcox	average_ranks	True	0	4000	mean_paired_tumor_minus_normal	4000_whole_case_percentile_bootstrap_pointwise	normal_tie_corrected_continuity_corrected	361.0	NOT_SUPPORTED_THIS_TEST
PRAD	CAMP_PRAD	04_ROBUSTNESS	20260922T142000Z_discovery_v1	prad_discovery_v1	METAB_PAIRED_AVAILABLE	KEGG:C00719	betaine	NA	author_case	43	43	mean_paired_difference_author_log2_scale	0.06325249394308019	-0.11448440645728003	0.2571138718141417	0.8800254876905536	0.9343480486591063	METAB_PAIRED_AVAILABLE	344.0	DONE	NA	CAMP_v0.3.4_PRAD	PRAD_FEATURE:46c4aa22b0be9c65	43	False	43	finite author data values; unchanged observed values verified against data_imputed	43	43	21	22	0	0.4883720930232558	0.5116279069767442	0.06325249394308019	-0.073746303720087	-0.02748414376321353	517111896	wilcox	average_ranks	True	0	4000	mean_paired_tumor_minus_normal	4000_whole_case_percentile_bootstrap_pointwise	normal_tie_corrected_continuity_corrected	361.0	NOT_SUPPORTED_THIS_TEST
PRAD	CAMP_PRAD	04_ROBUSTNESS	20260922T142000Z_discovery_v1	prad_discovery_v1	METAB_PAIRED_AVAILABLE	KEGG:C02862	butyrylcarnitine	NA	author_case	43	43	mean_paired_difference_author_log2_scale	0.234800634405802	-5.024535279547546e-05	0.477524732584735	0.04699672970257494	0.24207897435897438	METAB_PAIRED_AVAILABLE	344.0	DONE	NA	CAMP_v0.3.4_PRAD	PRAD_FEATURE:377408288831ab8b	43	False	43	finite author data values; unchanged observed values verified against data_imputed	43	43	30	13	0	0.6976744186046512	0.3023255813953488	0.234800634405802	0.24584883594742096	0.3488372093023256	1006953243	wilcox	average_ranks	True	0	4000	mean_paired_tumor_minus_normal	4000_whole_case_percentile_bootstrap_pointwise	normal_tie_corrected_continuity_corrected	361.0	NOMINAL_EXPLORATORY
PRAD	CAMP_PRAD	04_ROBUSTNESS	20260922T142000Z_discovery_v1	prad_discovery_v1	METAB_PAIRED_AVAILABLE	NAME:C-glycosyltryptophan	C-glycosyltryptophan	NA	author_case	43	43	mean_paired_difference_author_log2_scale	-0.21325950408367603	-0.3983850961751975	-0.02121892352158183	0.03725766894641474	0.2101088215994536	METAB_PAIRED_AVAILABLE	344.0	DONE	NA	CAMP_v0.3.4_PRAD	PRAD_FEATURE:51cfc3d7b6c21702	43	False	43	finite author data values; unchanged observed values verified against data_imputed	43	43	14	29	0	0.32558139534883723	0.6744186046511628	-0.21325950408367603	-0.23189494681697403	-0.3657505285412262	2203443655	wilcox	average_ranks	True	0	4000	mean_paired_tumor_minus_normal	4000_whole_case_percentile_bootstrap_pointwise	normal_tie_corrected_continuity_corrected	361.0	NOMINAL_EXPLORATORY
PRAD	CAMP_PRAD	04_ROBUSTNESS	20260922T142000Z_discovery_v1	prad_discovery_v1	METAB_PAIRED_AVAILABLE	KEGG:C07481	caffeine	NA	author_case	25	25	mean_paired_difference_author_log2_scale	-0.26669915973419256	-0.5437203166985157	0.009405503663873728	0.13246	0.3674696774193548	METAB_PAIRED_AVAILABLE	344.0	DONE	NA	CAMP_v0.3.4_PRAD	PRAD_FEATURE:9251f129e36d22db	43	False	25	finite author data values; unchanged observed values verified against data_imputed	25	25	10	15	0	0.4	0.6	-0.26669915973419256	-0.15629488483488096	-0.3476923076923077	3181668537	wilcox	average_ranks	False	99999	4000	mean_paired_tumor_minus_normal	4000_whole_case_percentile_bootstrap_pointwise	Monte_Carlo_sign_flip_plus1	361.0	NOT_SUPPORTED_THIS_TEST
PRAD	CAMP_PRAD	04_ROBUSTNESS	20260922T142000Z_discovery_v1	prad_discovery_v1	METAB_PAIRED_AVAILABLE	KEGG:C01571	caprate (10:0)	NA	author_case	36	36	mean_paired_difference_author_log2_scale	-0.22312954212227773	-0.5302632983324693	0.049899638564005235	0.2818492743133717	0.5386452797988881	METAB_PAIRED_AVAILABLE	344.0	DONE	NA	CAMP_v0.3.4_PRAD	PRAD_FEATURE:b5aaffbea4fd4e18	43	False	36	finite author data values; unchanged observed values verified against data_imputed	36	36	17	19	0	0.4722222222222222	0.5277777777777778	-0.22312954212227773	-0.062067897024451535	-0.2072072072072072	1511496959	wilcox	average_ranks	True	0	4000	mean_paired_tumor_minus_normal	4000_whole_case_percentile_bootstrap_pointwise	normal_tie_corrected_continuity_corrected	361.0	NOT_SUPPORTED_THIS_TEST
PRAD	CAMP_PRAD	04_ROBUSTNESS	20260922T142000Z_discovery_v1	prad_discovery_v1	METAB_PAIRED_AVAILABLE	KEGG:C01585	caproate (6:0)	NA	author_case	4	4	NA	NA	NA	NA	NA	NA	METAB_PAIRED_AVAILABLE	344.0	NOT_EVALUABLE	fewer_than_8_complete_pairs	CAMP_v0.3.4_PRAD	PRAD_FEATURE:98aa2c2e5f9e2367	43	True	4	finite author data values; unchanged observed values verified against data_imputed	4	4	3	1	0	0.75	0.25	0.12116699941583547	0.31071392972797807	0.2	1460946313	wilcox	average_ranks	False	0	0	mean_paired_tumor_minus_normal	4000_whole_case_percentile_bootstrap_pointwise	NA	361.0	NOT_EVALUABLE
PRAD	CAMP_PRAD	04_ROBUSTNESS	20260922T142000Z_discovery_v1	prad_discovery_v1	METAB_PAIRED_AVAILABLE	KEGG:C06423	caprylate (8:0)	NA	author_case	12	12	mean_paired_difference_author_log2_scale	-0.33818900056197543	-0.6827032449584385	-0.04180035026482263	0.10986328125	0.34739888888074383	METAB_PAIRED_AVAILABLE	344.0	DONE	NA	CAMP_v0.3.4_PRAD	PRAD_FEATURE:329c187fb248b599	43	False	12	finite author data values; unchanged observed values verified against data_imputed	12	12	4	8	0	0.3333333333333333	0.6666666666666666	-0.33818900056197543	-0.2004524817646081	-0.5384615384615384	841443302	wilcox	average_ranks	False	4096	4000	mean_paired_tumor_minus_normal	4000_whole_case_percentile_bootstrap_pointwise	exhaustive_sign_flip	361.0	NOT_SUPPORTED_THIS_TEST
PRAD	CAMP_PRAD	04_ROBUSTNESS	20260922T142000Z_discovery_v1	prad_discovery_v1	METAB_PAIRED_AVAILABLE	KEGG:C00318	carnitine	NA	author_case	43	43	mean_paired_difference_author_log2_scale	-0.08390550699263702	-0.29068368042844395	0.1214779906798055	0.5027558890808022	0.6945703849148431	METAB_PAIRED_AVAILABLE	344.0	DONE	NA	CAMP_v0.3.4_PRAD	PRAD_FEATURE:5ba4cb836965b639	43	False	43	finite author data values; unchanged observed values verified against data_imputed	43	43	19	24	0	0.4418604651162791	0.5581395348837209	-0.08390550699263702	-0.06612597930196751	-0.11839323467230443	1428769431	wilcox	average_ranks	True	0	4000	mean_paired_tumor_minus_normal	4000_whole_case_percentile_bootstrap_pointwise	normal_tie_corrected_continuity_corrected	361.0	NOT_SUPPORTED_THIS_TEST
PRAD	CAMP_PRAD	04_ROBUSTNESS	20260922T142000Z_discovery_v1	prad_discovery_v1	METAB_PAIRED_AVAILABLE	KEGG:C00386	carnosine	NA	author_case	9	9	mean_paired_difference_author_log2_scale	-1.0535267611272836	-3.2330908442233453	0.8495671490526814	0.5703125	0.7431344696969696	METAB_PAIRED_AVAILABLE	344.0	DONE	NA	CAMP_v0.3.4_PRAD	PRAD_FEATURE:1f8ae89d2f02f01a	43	False	9	finite author data values; unchanged observed values verified against data_imputed	9	9	4	5	0	0.4444444444444444	0.5555555555555556	-1.0535267611272836	-0.6655562604895802	-0.24444444444444444	718213963	wilcox	average_ranks	False	512	4000	mean_paired_tumor_minus_normal	4000_whole_case_percentile_bootstrap_pointwise	exhaustive_sign_flip	361.0	NOT_SUPPORTED_THIS_TEST
PRAD	CAMP_PRAD	04_ROBUSTNESS	20260922T142000Z_discovery_v1	prad_discovery_v1	METAB_PAIRED_AVAILABLE	KEGG:C00090	catechol sulfate	NA	author_case	28	28	mean_paired_difference_author_log2_scale	-0.30381515144426435	-0.8699638580425126	0.3087490709322596	0.17232	0.414532027972028	METAB_PAIRED_AVAILABLE	344.0	DONE	NA	CAMP_v0.3.4_PRAD	PRAD_FEATURE:19f7f748840c1e4b	43	False	28	finite author data values; unchanged observed values verified against data_imputed	28	28	11	17	0	0.39285714285714285	0.6071428571428571	-0.30381515144426435	-0.352544644646521	-0.30049261083743845	2879317738	wilcox	average_ranks	False	99999	4000	mean_paired_tumor_minus_normal	4000_whole_case_percentile_bootstrap_pointwise	Monte_Carlo_sign_flip_plus1	361.0	NOT_SUPPORTED_THIS_TEST
PRAD	CAMP_PRAD	04_ROBUSTNESS	20260922T142000Z_discovery_v1	prad_discovery_v1	METAB_PAIRED_AVAILABLE	KEGG:C19891	chiro-inositol	NA	author_case	21	21	mean_paired_difference_author_log2_scale	-0.08937537744848956	-0.28257469761536286	0.12568518652094082	0.1676	0.4088964539007092	METAB_PAIRED_AVAILABLE	344.0	DONE	NA	CAMP_v0.3.4_PRAD	PRAD_FEATURE:99521d5aac3a077e	43	False	21	finite author data values; unchanged observed values verified against data_imputed	21	21	6	15	0	0.2857142857142857	0.7142857142857143	-0.08937537744848956	-0.16224843744069983	-0.35064935064935066	4171517857	wilcox	average_ranks	False	99999	4000	mean_paired_tumor_minus_normal	4000_whole_case_percentile_bootstrap_pointwise	Monte_Carlo_sign_flip_plus1	361.0	NOT_SUPPORTED_THIS_TEST
PRAD	CAMP_PRAD	04_ROBUSTNESS	20260922T142000Z_discovery_v1	prad_discovery_v1	METAB_PAIRED_AVAILABLE	KEGG:C00187	cholesterol	NA	author_case	43	43	mean_paired_difference_author_log2_scale	-0.16597655619212584	-0.31225559805437	-0.010724974285286652	0.006471129502493046	0.0886619695673805	METAB_PAIRED_AVAILABLE	344.0	DONE	NA	CAMP_v0.3.4_PRAD	PRAD_FEATURE:366993077ce453b4	43	False	43	finite author data values; unchanged observed values verified against data_imputed	43	43	14	29	0	0.32558139534883723	0.6744186046511628	-0.16597655619212584	-0.215504628660128	-0.47780126849894294	4021394834	wilcox	average_ranks	True	0	4000	mean_paired_tumor_minus_normal	4000_whole_case_percentile_bootstrap_pointwise	normal_tie_corrected_continuity_corrected	361.0	NOMINAL_EXPLORATORY
PRAD	CAMP_PRAD	04_ROBUSTNESS	20260922T142000Z_discovery_v1	prad_discovery_v1	METAB_PAIRED_AVAILABLE	KEGG:C00114	choline	NA	author_case	43	43	mean_paired_difference_author_log2_scale	0.0099582398691321	-0.15799504150636112	0.18242955325551938	0.7581498370245515	0.8751796776390797	METAB_PAIRED_AVAILABLE	344.0	DONE	NA	CAMP_v0.3.4_PRAD	PRAD_FEATURE:23cdf120a2dd3701	43	False	43	finite author data values; unchanged observed values verified against data_imputed	43	43	24	19	0	0.5581395348837209	0.4418604651162791	0.0099582398691321	0.027015800686626013	0.05496828752642706	1243955498	wilcox	average_ranks	True	0	4000	mean_paired_tumor_minus_normal	4000_whole_case_percentile_bootstrap_pointwise	normal_tie_corrected_continuity_corrected	361.0	NOT_SUPPORTED_THIS_TEST
PRAD	CAMP_PRAD	04_ROBUSTNESS	20260922T142000Z_discovery_v1	prad_discovery_v1	METAB_PAIRED_AVAILABLE	KEGG:C00588	phosphocholine	NA	author_case	43	43	mean_paired_difference_author_log2_scale	-0.33768695044793073	-1.0032447721648952	0.3478773163795664	0.24884555656704777	0.5065258666216831	METAB_PAIRED_AVAILABLE	344.0	DONE	NA	CAMP_v0.3.4_PRAD	PRAD_FEATURE:1679fee8d679a909	43	False	43	finite author data values; unchanged observed values verified against data_imputed	43	43	20	23	0	0.46511627906976744	0.5348837209302325	-0.33768695044793073	-0.362685747668948	-0.2029598308668076	2893322557	wilcox	average_ranks	True	0	4000	mean_paired_tumor_minus_normal	4000_whole_case_percentile_bootstrap_pointwise	normal_tie_corrected_continuity_corrected	361.0	NOT_SUPPORTED_THIS_TEST
PRAD	CAMP_PRAD	04_ROBUSTNESS	20260922T142000Z_discovery_v1	prad_discovery_v1	METAB_PAIRED_AVAILABLE	KEGG:C00417	cis-aconitate	NA	author_case	40	40	mean_paired_difference_author_log2_scale	-0.07897294699059496	-0.4522053635690515	0.311242692999315	0.40086292649724753	0.612874874289125	METAB_PAIRED_AVAILABLE	344.0	DONE	NA	CAMP_v0.3.4_PRAD	PRAD_FEATURE:109f63b90397542c	43	False	40	finite author data values; unchanged observed values verified against data_imputed	40	40	15	25	0	0.375	0.625	-0.07897294699059496	-0.3261619607168991	-0.15365853658536585	3231917044	wilcox	average_ranks	True	0	4000	mean_paired_tumor_minus_normal	4000_whole_case_percentile_bootstrap_pointwise	normal_tie_corrected_continuity_corrected	361.0	NOT_SUPPORTED_THIS_TEST
PRAD	CAMP_PRAD	04_ROBUSTNESS	20260922T142000Z_discovery_v1	prad_discovery_v1	METAB_PAIRED_AVAILABLE	KEGG:C08367	cis-vaccenate (18:1n7)	NA	author_case	40	40	mean_paired_difference_author_log2_scale	0.13466046232060155	-0.11770060942287215	0.40906557756523826	0.8877643831634988	0.9396644547945957	METAB_PAIRED_AVAILABLE	344.0	DONE	NA	CAMP_v0.3.4_PRAD	PRAD_FEATURE:b7d145eda1cb0e1e	43	False	40	finite author data values; unchanged observed values verified against data_imputed	40	40	19	21	0	0.475	0.525	0.13466046232060155	-0.03876121563331332	0.026829268292682926	4249020119	wilcox	average_ranks	True	0	4000	mean_paired_tumor_minus_normal	4000_whole_case_percentile_bootstrap_pointwise	normal_tie_corrected_continuity_corrected	361.0	NOT_SUPPORTED_THIS_TEST
PRAD	CAMP_PRAD	04_ROBUSTNESS	20260922T142000Z_discovery_v1	prad_discovery_v1	METAB_PAIRED_AVAILABLE	KEGG:C00158	citrate	NA	author_case	43	43	mean_paired_difference_author_log2_scale	0.07111062525597664	-0.33501068380120896	0.5177351225076744	0.5182729083444129	0.7046872745868696	METAB_PAIRED_AVAILABLE	344.0	DONE	NA	CAMP_v0.3.4_PRAD	PRAD_FEATURE:3373c499464b3190	43	False	43	finite author data values; unchanged observed values verified against data_imputed	43	43	17	26	0	0.3953488372093023	0.6046511627906976	0.07111062525597664	-0.3185657519220899	-0.11416490486257928	45428643	wilcox	average_ranks	True	0	4000	mean_paired_tumor_minus_normal	4000_whole_case_percentile_bootstrap_pointwise	normal_tie_corrected_continuity_corrected	361.0	NOT_SUPPORTED_THIS_TEST
PRAD	CAMP_PRAD	04_ROBUSTNESS	20260922T142000Z_discovery_v1	prad_discovery_v1	METAB_PAIRED_AVAILABLE	KEGG:C00327	citrulline	NA	author_case	43	43	mean_paired_difference_author_log2_scale	-0.09116877778127143	-0.27763712845262134	0.0942996805989487	0.2962618022715291	0.544994973162599	METAB_PAIRED_AVAILABLE	344.0	DONE	NA	CAMP_v0.3.4_PRAD	PRAD_FEATURE:290358e767f2bb1f	43	False	43	finite author data values; unchanged observed values verified against data_imputed	43	43	20	23	0	0.46511627906976744	0.5348837209302325	-0.09116877778127143	-0.01891241335636701	-0.1839323467230444	3006190790	wilcox	average_ranks	True	0	4000	mean_paired_tumor_minus_normal	4000_whole_case_percentile_bootstrap_pointwise	normal_tie_corrected_continuity_corrected	361.0	NOT_SUPPORTED_THIS_TEST
PRAD	CAMP_PRAD	04_ROBUSTNESS	20260922T142000Z_discovery_v1	prad_discovery_v1	METAB_PAIRED_AVAILABLE	KEGG:C00010	coenzyme A	NA	author_case	7	7	NA	NA	NA	NA	NA	NA	METAB_PAIRED_AVAILABLE	344.0	NOT_EVALUABLE	fewer_than_8_complete_pairs	CAMP_v0.3.4_PRAD	PRAD_FEATURE:0c510443aea4bcb2	43	False	7	finite author data values; unchanged observed values verified against data_imputed	7	7	2	5	0	0.2857142857142857	0.7142857142857143	-0.7346927606635862	-0.4929032078599646	-0.6428571428571429	1289207989	wilcox	average_ranks	False	0	0	mean_paired_tumor_minus_normal	4000_whole_case_percentile_bootstrap_pointwise	NA	361.0	NOT_EVALUABLE
PRAD	CAMP_PRAD	04_ROBUSTNESS	20260922T142000Z_discovery_v1	prad_discovery_v1	METAB_PAIRED_AVAILABLE	KEGG:C00300	creatine	NA	author_case	43	43	mean_paired_difference_author_log2_scale	-0.39195328634498106	-0.5761626631359626	-0.19912775031093885	0.00021477439863565738	0.014776478626133228	METAB_PAIRED_AVAILABLE	344.0	DONE	NA	CAMP_v0.3.4_PRAD	PRAD_FEATURE:775b2233d3a86349	43	False	43	finite author data values; unchanged observed values verified against data_imputed	43	43	12	31	0	0.27906976744186046	0.7209302325581395	-0.39195328634498106	-0.396620744423661	-0.6490486257928119	3213163174	wilcox	average_ranks	True	0	4000	mean_paired_tumor_minus_normal	4000_whole_case_percentile_bootstrap_pointwise	normal_tie_corrected_continuity_corrected	361.0	FDR_SUPPORTED
PRAD	CAMP_PRAD	04_ROBUSTNESS	20260922T142000Z_discovery_v1	prad_discovery_v1	METAB_PAIRED_AVAILABLE	KEGG:C00791	creatinine	NA	author_case	43	43	mean_paired_difference_author_log2_scale	-0.44016636308145	-0.7233800680485458	-0.13394554478602658	0.002694255436577211	0.06620170501304004	METAB_PAIRED_AVAILABLE	344.0	DONE	NA	CAMP_v0.3.4_PRAD	PRAD_FEATURE:d11a2e5ffb2b2041	43	False	43	finite author data values; unchanged observed values verified against data_imputed	43	43	13	30	0	0.3023255813953488	0.6976744186046512	-0.44016636308145	-0.47499673943529575	-0.5264270613107822	2623532856	wilcox	average_ranks	True	0	4000	mean_paired_tumor_minus_normal	4000_whole_case_percentile_bootstrap_pointwise	normal_tie_corrected_continuity_corrected	361.0	NOMINAL_EXPLORATORY
PRAD	CAMP_PRAD	04_ROBUSTNESS	20260922T142000Z_discovery_v1	prad_discovery_v1	METAB_PAIRED_AVAILABLE	NAME:cys-gly, oxidized	cys-gly, oxidized	NA	author_case	14	14	mean_paired_difference_author_log2_scale	-0.3736498726433246	-0.9373330397796129	0.25119654500296634	0.153076171875	0.39297166511194026	METAB_PAIRED_AVAILABLE	344.0	DONE	NA	CAMP_v0.3.4_PRAD	PRAD_FEATURE:84f9aa6dee7b0e9e	43	False	14	finite author data values; unchanged observed values verified against data_imputed	14	14	4	10	0	0.2857142857142857	0.7142857142857143	-0.3736498726433246	-0.23946185850567198	-0.44761904761904764	196972403	wilcox	average_ranks	False	16384	4000	mean_paired_tumor_minus_normal	4000_whole_case_percentile_bootstrap_pointwise	exhaustive_sign_flip	361.0	NOT_SUPPORTED_THIS_TEST
PRAD	CAMP_PRAD	04_ROBUSTNESS	20260922T142000Z_discovery_v1	prad_discovery_v1	METAB_PAIRED_AVAILABLE	KEGG:C00097	cysteine	NA	author_case	43	43	mean_paired_difference_author_log2_scale	0.7461547944785631	0.24966310924318283	1.2433648111260662	0.009264071518877348	0.0949567317280729	METAB_PAIRED_AVAILABLE	344.0	DONE	NA	CAMP_v0.3.4_PRAD	PRAD_FEATURE:b1e19189fde23790	43	False	43	finite author data values; unchanged observed values verified against data_imputed	43	43	28	15	0	0.6511627906976745	0.3488372093023256	0.7461547944785631	0.504251516259702	0.45665961945031713	634145185	wilcox	average_ranks	True	0	4000	mean_paired_tumor_minus_normal	4000_whole_case_percentile_bootstrap_pointwise	normal_tie_corrected_continuity_corrected	361.0	NOMINAL_EXPLORATORY
PRAD	CAMP_PRAD	04_ROBUSTNESS	20260922T142000Z_discovery_v1	prad_discovery_v1	METAB_PAIRED_AVAILABLE	KEGG:R00900	cysteine-glutathione disulfide	NA	author_case	43	43	mean_paired_difference_author_log2_scale	0.38537033920127955	0.003985405113633123	0.7647694234239573	0.05411000388026229	0.24207897435897438	METAB_PAIRED_AVAILABLE	344.0	DONE	NA	CAMP_v0.3.4_PRAD	PRAD_FEATURE:1c5f3e9ab11fd143	43	False	43	finite author data values; unchanged observed values verified against data_imputed	43	43	28	15	0	0.6511627906976745	0.3488372093023256	0.38537033920127955	0.265856500591873	0.3382663847780127	1104122020	wilcox	average_ranks	True	0	4000	mean_paired_tumor_minus_normal	4000_whole_case_percentile_bootstrap_pointwise	normal_tie_corrected_continuity_corrected	361.0	NOT_SUPPORTED_THIS_TEST
PRAD	CAMP_PRAD	04_ROBUSTNESS	20260922T142000Z_discovery_v1	prad_discovery_v1	METAB_PAIRED_AVAILABLE	KEGG:C01419	cysteinylglycine	NA	author_case	25	25	mean_paired_difference_author_log2_scale	-0.3730032028920756	-0.8329750057634859	0.035703037394477374	0.16457	0.404372	METAB_PAIRED_AVAILABLE	344.0	DONE	NA	CAMP_v0.3.4_PRAD	PRAD_FEATURE:d9715b86a1a82a33	43	False	25	finite author data values; unchanged observed values verified against data_imputed	25	25	10	15	0	0.4	0.6	-0.3730032028920756	-0.3451369361231311	-0.3230769230769231	3694550243	wilcox	average_ranks	False	99999	4000	mean_paired_tumor_minus_normal	4000_whole_case_percentile_bootstrap_pointwise	Monte_Carlo_sign_flip_plus1	361.0	NOT_SUPPORTED_THIS_TEST
PRAD	CAMP_PRAD	04_ROBUSTNESS	20260922T142000Z_discovery_v1	prad_discovery_v1	METAB_PAIRED_AVAILABLE	KEGG:C00491	cystine	NA	author_case	8	8	mean_paired_difference_author_log2_scale	1.3661847346470903	0.4285889273544597	2.51998560270952	0.0390625	0.21673387096774194	METAB_PAIRED_AVAILABLE	344.0	DONE	NA	CAMP_v0.3.4_PRAD	PRAD_FEATURE:5915046179dc9108	43	False	8	finite author data values; unchanged observed values verified against data_imputed	8	8	6	2	0	0.75	0.25	1.3661847346470903	1.249716313594337	0.8333333333333334	4172593479	wilcox	average_ranks	False	256	4000	mean_paired_tumor_minus_normal	4000_whole_case_percentile_bootstrap_pointwise	exhaustive_sign_flip	361.0	NOMINAL_EXPLORATORY
PRAD	CAMP_PRAD	04_ROBUSTNESS	20260922T142000Z_discovery_v1	prad_discovery_v1	METAB_PAIRED_AVAILABLE	KEGG:C00475	cytidine	NA	author_case	41	41	mean_paired_difference_author_log2_scale	-0.10139768595931693	-0.398859563855712	0.19840354943381636	0.5339410639505966	0.7176080479262061	METAB_PAIRED_AVAILABLE	344.0	DONE	NA	CAMP_v0.3.4_PRAD	PRAD_FEATURE:78ecc2131cf80068	43	False	41	finite author data values; unchanged observed values verified against data_imputed	41	41	20	21	0	0.4878048780487805	0.5121951219512195	-0.10139768595931693	-0.11827632895222401	-0.11265969802555169	567177949	wilcox	average_ranks	True	0	4000	mean_paired_tumor_minus_normal	4000_whole_case_percentile_bootstrap_pointwise	normal_tie_corrected_continuity_corrected	361.0	NOT_SUPPORTED_THIS_TEST
PRAD	CAMP_PRAD	04_ROBUSTNESS	20260922T142000Z_discovery_v1	prad_discovery_v1	METAB_PAIRED_AVAILABLE	KEGG:C00307	cytidine 5'-diphosphocholine	NA	author_case	43	43	mean_paired_difference_author_log2_scale	0.04269196467362819	-0.15105025333578675	0.23547814187535288	0.7489787619461687	0.8675040205706467	METAB_PAIRED_AVAILABLE	344.0	DONE	NA	CAMP_v0.3.4_PRAD	PRAD_FEATURE:6a014ee8df61b2d8	43	False	43	finite author data values; unchanged observed values verified against data_imputed	43	43	23	20	0	0.5348837209302325	0.46511627906976744	0.04269196467362819	0.01654722671630504	0.05708245243128964	677067782	wilcox	average_ranks	True	0	4000	mean_paired_tumor_minus_normal	4000_whole_case_percentile_bootstrap_pointwise	normal_tie_corrected_continuity_corrected	361.0	NOT_SUPPORTED_THIS_TEST
PRAD	CAMP_PRAD	04_ROBUSTNESS	20260922T142000Z_discovery_v1	prad_discovery_v1	METAB_PAIRED_AVAILABLE	KEGG:C00055	cytidine 5'-monophosphate (5'-CMP)	NA	author_case	41	41	mean_paired_difference_author_log2_scale	0.016868743212610962	-0.2794030208680514	0.28384671057233973	0.6783853404443456	0.8283934751773049	METAB_PAIRED_AVAILABLE	344.0	DONE	NA	CAMP_v0.3.4_PRAD	PRAD_FEATURE:dfb46b36d1988190	43	False	41	finite author data values; unchanged observed values verified against data_imputed	41	41	20	21	0	0.4878048780487805	0.5121951219512195	0.016868743212610962	-0.02086579897799301	0.07549361207897794	2803243311	wilcox	average_ranks	True	0	4000	mean_paired_tumor_minus_normal	4000_whole_case_percentile_bootstrap_pointwise	normal_tie_corrected_continuity_corrected	361.0	NOT_SUPPORTED_THIS_TEST
PRAD	CAMP_PRAD	04_ROBUSTNESS	20260922T142000Z_discovery_v1	prad_discovery_v1	METAB_PAIRED_AVAILABLE	KEGG:C03299	decanoylcarnitine	NA	author_case	24	24	mean_paired_difference_author_log2_scale	-0.14950950936653637	-0.5361713857377077	0.2707813884517511	0.42071	0.6258664419211034	METAB_PAIRED_AVAILABLE	344.0	DONE	NA	CAMP_v0.3.4_PRAD	PRAD_FEATURE:b74551dec9efdf00	43	False	24	finite author data values; unchanged observed values verified against data_imputed	24	24	12	12	0	0.5	0.5	-0.14950950936653637	-0.13287351041437104	-0.19333333333333333	4293836537	wilcox	average_ranks	False	99999	4000	mean_paired_tumor_minus_normal	4000_whole_case_percentile_bootstrap_pointwise	Monte_Carlo_sign_flip_plus1	361.0	NOT_SUPPORTED_THIS_TEST
PRAD	CAMP_PRAD	04_ROBUSTNESS	20260922T142000Z_discovery_v1	prad_discovery_v1	METAB_PAIRED_AVAILABLE	KEGG:C04555	dehydroisoandrosterone sulfate (DHEA-S)	NA	author_case	21	21	mean_paired_difference_author_log2_scale	-0.39194718635947573	-0.796200190526633	0.00853541676983495	0.10269	0.3463270588235294	METAB_PAIRED_AVAILABLE	344.0	DONE	NA	CAMP_v0.3.4_PRAD	PRAD_FEATURE:8767ea5440390982	43	False	21	finite author data values; unchanged observed values verified against data_imputed	21	21	8	13	0	0.38095238095238093	0.6190476190476191	-0.39194718635947573	-0.49903108267244	-0.41125541125541126	1406747363	wilcox	average_ranks	False	99999	4000	mean_paired_tumor_minus_normal	4000_whole_case_percentile_bootstrap_pointwise	Monte_Carlo_sign_flip_plus1	361.0	NOT_SUPPORTED_THIS_TEST
PRAD	CAMP_PRAD	04_ROBUSTNESS	20260922T142000Z_discovery_v1	prad_discovery_v1	METAB_PAIRED_AVAILABLE	KEGG:C16525	dihomo-linoleate (20:2n6)	NA	author_case	43	43	mean_paired_difference_author_log2_scale	0.44242266555213916	0.102736880309423	0.7852053745338161	0.03307027243577935	0.20569054555084745	METAB_PAIRED_AVAILABLE	344.0	DONE	NA	CAMP_v0.3.4_PRAD	PRAD_FEATURE:5faef37f2dc7ef87	43	False	43	finite author data values; unchanged observed values verified against data_imputed	43	43	28	15	0	0.6511627906976745	0.3488372093023256	0.44242266555213916	0.42886534953614297	0.37420718816067655	3949389680	wilcox	average_ranks	True	0	4000	mean_paired_tumor_minus_normal	4000_whole_case_percentile_bootstrap_pointwise	normal_tie_corrected_continuity_corrected	361.0	NOMINAL_EXPLORATORY
PRAD	CAMP_PRAD	04_ROBUSTNESS	20260922T142000Z_discovery_v1	prad_discovery_v1	METAB_PAIRED_AVAILABLE	KEGG:C03242	dihomo-linolenate (20:3n3 or n6)	NA	author_case	43	43	mean_paired_difference_author_log2_scale	0.26494267036107894	-0.12596774651313367	0.6512766891340274	0.24884555656704777	0.5065258666216831	METAB_PAIRED_AVAILABLE	344.0	DONE	NA	CAMP_v0.3.4_PRAD	PRAD_FEATURE:9498fae00f0fcaf8	43	False	43	finite author data values; unchanged observed values verified against data_imputed	43	43	23	20	0	0.5348837209302325	0.46511627906976744	0.26494267036107894	0.156663650850282	0.2029598308668076	3533247761	wilcox	average_ranks	True	0	4000	mean_paired_tumor_minus_normal	4000_whole_case_percentile_bootstrap_pointwise	normal_tie_corrected_continuity_corrected	361.0	NOT_SUPPORTED_THIS_TEST
PRAD	CAMP_PRAD	04_ROBUSTNESS	20260922T142000Z_discovery_v1	prad_discovery_v1	METAB_PAIRED_AVAILABLE	KEGG:C03626	dimethylarginine (SDMA + ADMA)	NA	author_case	27	27	mean_paired_difference_author_log2_scale	-0.06613359776330183	-0.35622413919514595	0.21242580271358158	0.8958	0.9423706422018349	METAB_PAIRED_AVAILABLE	344.0	DONE	NA	CAMP_v0.3.4_PRAD	PRAD_FEATURE:3b93f76af17fe5da	43	False	27	finite author data values; unchanged observed values verified against data_imputed	27	27	17	10	0	0.6296296296296297	0.37037037037037035	-0.06613359776330183	0.19500490211896662	0.031746031746031744	2877141767	wilcox	average_ranks	False	99999	4000	mean_paired_tumor_minus_normal	4000_whole_case_percentile_bootstrap_pointwise	Monte_Carlo_sign_flip_plus1	361.0	NOT_SUPPORTED_THIS_TEST
PRAD	CAMP_PRAD	04_ROBUSTNESS	20260922T142000Z_discovery_v1	prad_discovery_v1	METAB_PAIRED_AVAILABLE	KEGG:C16533	docosadienoate (22:2n6)	NA	author_case	39	39	mean_paired_difference_author_log2_scale	0.29999382209063324	0.03506753711412228	0.5456482346364507	0.042310595537503944	0.23102928356986283	METAB_PAIRED_AVAILABLE	344.0	DONE	NA	CAMP_v0.3.4_PRAD	PRAD_FEATURE:23e592f8dace7b57	43	False	39	finite author data values; unchanged observed values verified against data_imputed	39	39	25	14	0	0.6410256410256411	0.358974358974359	0.29999382209063324	0.553317510472664	0.37435897435897436	2892318006	wilcox	average_ranks	True	0	4000	mean_paired_tumor_minus_normal	4000_whole_case_percentile_bootstrap_pointwise	normal_tie_corrected_continuity_corrected	361.0	NOMINAL_EXPLORATORY
PRAD	CAMP_PRAD	04_ROBUSTNESS	20260922T142000Z_discovery_v1	prad_discovery_v1	METAB_PAIRED_AVAILABLE	KEGG:C06429	docosahexaenoate (DHA; 22:6n3)	NA	author_case	43	43	mean_paired_difference_author_log2_scale	0.41973463063466626	0.044469378678878305	0.7999729968173628	0.0511636271818302	0.24207897435897438	METAB_PAIRED_AVAILABLE	344.0	DONE	NA	CAMP_v0.3.4_PRAD	PRAD_FEATURE:10511d2fb2642333	43	False	43	finite author data values; unchanged observed values verified against data_imputed	43	43	28	15	0	0.6511627906976745	0.3488372093023256	0.41973463063466626	0.3484137102326595	0.34249471458773784	1849563168	wilcox	average_ranks	True	0	4000	mean_paired_tumor_minus_normal	4000_whole_case_percentile_bootstrap_pointwise	normal_tie_corrected_continuity_corrected	361.0	NOT_SUPPORTED_THIS_TEST
PRAD	CAMP_PRAD	04_ROBUSTNESS	20260922T142000Z_discovery_v1	prad_discovery_v1	METAB_PAIRED_AVAILABLE	KEGG:C16513	docosapentaenoate (n3 DPA; 22:5n3)	NA	author_case	43	43	mean_paired_difference_author_log2_scale	0.21879137130459997	-0.12480280856734678	0.5928365730351701	0.49509048528543553	0.6867384150733461	METAB_PAIRED_AVAILABLE	344.0	DONE	NA	CAMP_v0.3.4_PRAD	PRAD_FEATURE:30cb3d4e05a5cc74	43	True	43	finite author data values; unchanged observed values verified against data_imputed	43	43	24	19	0	0.5581395348837209	0.4418604651162791	0.21879137130459997	0.2984807697754428	0.12050739957716702	995692909	wilcox	average_ranks	True	0	4000	mean_paired_tumor_minus_normal	4000_whole_case_percentile_bootstrap_pointwise	normal_tie_corrected_continuity_corrected	361.0	NOT_SUPPORTED_THIS_TEST
PRAD	CAMP_PRAD	04_ROBUSTNESS	20260922T142000Z_discovery_v1	prad_discovery_v1	METAB_PAIRED_AVAILABLE	KEGG:C16513	docosapentaenoate (n6 DPA; 22:5n6)	NA	author_case	39	39	mean_paired_difference_author_log2_scale	0.32418925630554263	-0.11943069385271188	0.7636515966821427	0.14864271697960235	0.3873719290983576	METAB_PAIRED_AVAILABLE	344.0	DONE	NA	CAMP_v0.3.4_PRAD	PRAD_FEATURE:25500a1e425641f0	43	True	39	finite author data values; unchanged observed values verified against data_imputed	39	39	23	16	0	0.5897435897435898	0.41025641025641024	0.32418925630554263	0.1463915643004099	0.26666666666666666	1977721048	wilcox	average_ranks	True	0	4000	mean_paired_tumor_minus_normal	4000_whole_case_percentile_bootstrap_pointwise	normal_tie_corrected_continuity_corrected	361.0	NOT_SUPPORTED_THIS_TEST
PRAD	CAMP_PRAD	04_ROBUSTNESS	20260922T142000Z_discovery_v1	prad_discovery_v1	METAB_PAIRED_AVAILABLE	KEGG:C06428	eicosapentaenoate (EPA; 20:5n3)	NA	author_case	43	43	mean_paired_difference_author_log2_scale	0.18808956554763887	-0.06550021917891041	0.45649559373165044	0.12366851160514439	0.3574955293459636	METAB_PAIRED_AVAILABLE	344.0	DONE	NA	CAMP_v0.3.4_PRAD	PRAD_FEATURE:d94989c2e5cc1168	43	False	43	finite author data values; unchanged observed values verified against data_imputed	43	43	25	18	0	0.5813953488372093	0.4186046511627907	0.18808956554763887	0.22008347126652994	0.27061310782241016	1899568228	wilcox	average_ranks	True	0	4000	mean_paired_tumor_minus_normal	4000_whole_case_percentile_bootstrap_pointwise	normal_tie_corrected_continuity_corrected	361.0	NOT_SUPPORTED_THIS_TEST
PRAD	CAMP_PRAD	04_ROBUSTNESS	20260922T142000Z_discovery_v1	prad_discovery_v1	METAB_PAIRED_AVAILABLE	KEGG:C16526	eicosenoate (20:1)	NA	author_case	43	43	mean_paired_difference_author_log2_scale	0.48373118189593056	0.11829793039775809	0.8426872410935577	0.02010254796651691	0.15490451388888887	METAB_PAIRED_AVAILABLE	344.0	DONE	NA	CAMP_v0.3.4_PRAD	PRAD_FEATURE:41912493dc2c3f53	43	False	43	finite author data values; unchanged observed values verified against data_imputed	43	43	28	15	0	0.6511627906976745	0.3488372093023256	0.48373118189593056	0.437633734341192	0.4080338266384778	3024618353	wilcox	average_ranks	True	0	4000	mean_paired_tumor_minus_normal	4000_whole_case_percentile_bootstrap_pointwise	normal_tie_corrected_continuity_corrected	361.0	NOMINAL_EXPLORATORY
PRAD	CAMP_PRAD	04_ROBUSTNESS	20260922T142000Z_discovery_v1	prad_discovery_v1	METAB_PAIRED_AVAILABLE	KEGG:C05570	ergothioneine	NA	author_case	43	43	mean_paired_difference_author_log2_scale	0.08308006748745163	-0.1438425787703389	0.3010269625535107	0.34937163293261975	0.5828153846153846	METAB_PAIRED_AVAILABLE	344.0	DONE	NA	CAMP_v0.3.4_PRAD	PRAD_FEATURE:93266a960f9e1e2f	43	False	43	finite author data values; unchanged observed values verified against data_imputed	43	43	23	20	0	0.5348837209302325	0.46511627906976744	0.08308006748745163	0.14124465143670775	0.1649048625792812	832937512	wilcox	average_ranks	True	0	4000	mean_paired_tumor_minus_normal	4000_whole_case_percentile_bootstrap_pointwise	normal_tie_corrected_continuity_corrected	361.0	NOT_SUPPORTED_THIS_TEST
PRAD	CAMP_PRAD	04_ROBUSTNESS	20260922T142000Z_discovery_v1	prad_discovery_v1	METAB_PAIRED_AVAILABLE	KEGG:C00503	erythritol	NA	author_case	41	41	mean_paired_difference_author_log2_scale	-0.14922619733953438	-0.3662790081621408	0.07041196200586654	0.20876782891754808	0.4724745601818193	METAB_PAIRED_AVAILABLE	344.0	DONE	NA	CAMP_v0.3.4_PRAD	PRAD_FEATURE:0765e103c60f4100	43	False	41	finite author data values; unchanged observed values verified against data_imputed	41	41	18	23	0	0.43902439024390244	0.5609756097560976	-0.14922619733953438	-0.103622508902117	-0.2264808362369338	190708809	wilcox	average_ranks	True	0	4000	mean_paired_tumor_minus_normal	4000_whole_case_percentile_bootstrap_pointwise	normal_tie_corrected_continuity_corrected	361.0	NOT_SUPPORTED_THIS_TEST
PRAD	CAMP_PRAD	04_ROBUSTNESS	20260922T142000Z_discovery_v1	prad_discovery_v1	METAB_PAIRED_AVAILABLE	HMDB:HMDB00613	erythronate	NA	author_case	42	42	mean_paired_difference_author_log2_scale	-0.23814712065653293	-0.4777116338679236	-0.004487016107917578	0.04543700250878809	0.24171456574329098	METAB_PAIRED_AVAILABLE	344.0	DONE	NA	CAMP_v0.3.4_PRAD	PRAD_FEATURE:89e3df6021abe89b	43	False	42	finite author data values; unchanged observed values verified against data_imputed	42	42	15	27	0	0.35714285714285715	0.6428571428571429	-0.23814712065653293	-0.2269671870066309	-0.3554817275747508	2784964274	wilcox	average_ranks	True	0	4000	mean_paired_tumor_minus_normal	4000_whole_case_percentile_bootstrap_pointwise	normal_tie_corrected_continuity_corrected	361.0	NOMINAL_EXPLORATORY
PRAD	CAMP_PRAD	04_ROBUSTNESS	20260922T142000Z_discovery_v1	prad_discovery_v1	METAB_PAIRED_AVAILABLE	KEGG:C00189	ethanolamine	NA	author_case	43	43	mean_paired_difference_author_log2_scale	0.14507088462194892	-0.31925363352725816	0.6139631470571589	0.3879400601287577	0.6038524012863921	METAB_PAIRED_AVAILABLE	344.0	DONE	NA	CAMP_v0.3.4_PRAD	PRAD_FEATURE:ebd342a3158f25ea	43	False	43	finite author data values; unchanged observed values verified against data_imputed	43	43	24	19	0	0.5581395348837209	0.4418604651162791	0.14507088462194892	0.14474968877219896	0.1522198731501057	1659632448	wilcox	average_ranks	True	0	4000	mean_paired_tumor_minus_normal	4000_whole_case_percentile_bootstrap_pointwise	normal_tie_corrected_continuity_corrected	361.0	NOT_SUPPORTED_THIS_TEST
PRAD	CAMP_PRAD	04_ROBUSTNESS	20260922T142000Z_discovery_v1	prad_discovery_v1	METAB_PAIRED_AVAILABLE	KEGG:C00016	flavin adenine dinucleotide (FAD)	NA	author_case	32	32	mean_paired_difference_author_log2_scale	0.03143173686706621	-0.3103536858165622	0.37091321528044896	0.8590057651262589	0.9263259661549627	METAB_PAIRED_AVAILABLE	344.0	DONE	NA	CAMP_v0.3.4_PRAD	PRAD_FEATURE:15ed16df71d76271	43	False	32	finite author data values; unchanged observed values verified against data_imputed	32	32	17	15	0	0.53125	0.46875	0.03143173686706621	0.05384073041593455	0.03787878787878788	2877129625	wilcox	average_ranks	True	0	4000	mean_paired_tumor_minus_normal	4000_whole_case_percentile_bootstrap_pointwise	normal_tie_corrected_continuity_corrected	361.0	NOT_SUPPORTED_THIS_TEST
PRAD	CAMP_PRAD	04_ROBUSTNESS	20260922T142000Z_discovery_v1	prad_discovery_v1	METAB_PAIRED_AVAILABLE	KEGG:C00095	fructose	NA	author_case	39	39	mean_paired_difference_author_log2_scale	-0.013357356744497157	-0.37554460840830556	0.33549590731268303	0.98329950353941	0.9990003539823009	METAB_PAIRED_AVAILABLE	344.0	DONE	NA	CAMP_v0.3.4_PRAD	PRAD_FEATURE:ebfd8396e9cacde7	43	False	39	finite author data values; unchanged observed values verified against data_imputed	39	39	20	19	0	0.5128205128205128	0.48717948717948717	-0.013357356744497157	0.13716416096433293	-0.005128205128205128	3518356269	wilcox	average_ranks	True	0	4000	mean_paired_tumor_minus_normal	4000_whole_case_percentile_bootstrap_pointwise	normal_tie_corrected_continuity_corrected	361.0	NOT_SUPPORTED_THIS_TEST
PRAD	CAMP_PRAD	04_ROBUSTNESS	20260922T142000Z_discovery_v1	prad_discovery_v1	METAB_PAIRED_AVAILABLE	KEGG:C05345	fructose-6-phosphate	NA	author_case	29	29	mean_paired_difference_author_log2_scale	-0.3148513874748938	-0.772895848208526	0.1574973943364207	0.14784	0.3873719290983576	METAB_PAIRED_AVAILABLE	344.0	DONE	NA	CAMP_v0.3.4_PRAD	PRAD_FEATURE:0e666297b1d455c9	43	False	29	finite author data values; unchanged observed values verified against data_imputed	29	29	9	20	0	0.3103448275862069	0.6896551724137931	-0.3148513874748938	-0.33966023367051223	-0.3103448275862069	3232187245	wilcox	average_ranks	False	99999	4000	mean_paired_tumor_minus_normal	4000_whole_case_percentile_bootstrap_pointwise	Monte_Carlo_sign_flip_plus1	361.0	NOT_SUPPORTED_THIS_TEST
PRAD	CAMP_PRAD	04_ROBUSTNESS	20260922T142000Z_discovery_v1	prad_discovery_v1	METAB_PAIRED_AVAILABLE	KEGG:C00382	fucose	NA	author_case	33	33	mean_paired_difference_author_log2_scale	0.21957816494424567	-0.13282947197021883	0.5759518212886957	0.2917904813825536	0.544994973162599	METAB_PAIRED_AVAILABLE	344.0	DONE	NA	CAMP_v0.3.4_PRAD	PRAD_FEATURE:d76f7ea67e972d08	43	False	33	finite author data values; unchanged observed values verified against data_imputed	33	33	18	15	0	0.5454545454545454	0.45454545454545453	0.21957816494424567	0.090035967371303	0.21212121212121213	4053154894	wilcox	average_ranks	True	0	4000	mean_paired_tumor_minus_normal	4000_whole_case_percentile_bootstrap_pointwise	normal_tie_corrected_continuity_corrected	361.0	NOT_SUPPORTED_THIS_TEST
PRAD	CAMP_PRAD	04_ROBUSTNESS	20260922T142000Z_discovery_v1	prad_discovery_v1	METAB_PAIRED_AVAILABLE	KEGG:C00122	fumarate	NA	author_case	43	43	mean_paired_difference_author_log2_scale	0.09237941041437218	-0.154774312178043	0.32671936179838496	0.285234941841216	0.5403257142857143	METAB_PAIRED_AVAILABLE	344.0	DONE	NA	CAMP_v0.3.4_PRAD	PRAD_FEATURE:0f4bced33f0a5ce9	43	False	43	finite author data values; unchanged observed values verified against data_imputed	43	43	25	18	0	0.5813953488372093	0.4186046511627907	0.09237941041437218	0.12875614229727098	0.18816067653276955	386642005	wilcox	average_ranks	True	0	4000	mean_paired_tumor_minus_normal	4000_whole_case_percentile_bootstrap_pointwise	normal_tie_corrected_continuity_corrected	361.0	NOT_SUPPORTED_THIS_TEST
PRAD	CAMP_PRAD	04_ROBUSTNESS	20260922T142000Z_discovery_v1	prad_discovery_v1	METAB_PAIRED_AVAILABLE	KEGG:C00334	gamma-aminobutyrate (GABA)	NA	author_case	40	40	mean_paired_difference_author_log2_scale	-0.3210833769238778	-0.7050591769244701	0.08505285296100464	0.08174529811276363	0.2991530058594754	METAB_PAIRED_AVAILABLE	344.0	DONE	NA	CAMP_v0.3.4_PRAD	PRAD_FEATURE:14d0bffb38c366dd	43	False	40	finite author data values; unchanged observed values verified against data_imputed	40	40	14	26	0	0.35	0.65	-0.3210833769238778	-0.4320566465574375	-0.3170731707317073	1017630739	wilcox	average_ranks	True	0	4000	mean_paired_tumor_minus_normal	4000_whole_case_percentile_bootstrap_pointwise	normal_tie_corrected_continuity_corrected	361.0	NOT_SUPPORTED_THIS_TEST
PRAD	CAMP_PRAD	04_ROBUSTNESS	20260922T142000Z_discovery_v1	prad_discovery_v1	METAB_PAIRED_AVAILABLE	KEGG:C03738	gamma-glutamylalanine	NA	author_case	14	14	mean_paired_difference_author_log2_scale	-0.17098685468295366	-0.6445966317512274	0.33801589624206374	0.3909912109375	0.6050082425899836	METAB_PAIRED_AVAILABLE	344.0	DONE	NA	CAMP_v0.3.4_PRAD	PRAD_FEATURE:08b36970b5e2a088	43	False	14	finite author data values; unchanged observed values verified against data_imputed	14	14	6	8	0	0.42857142857142855	0.5714285714285714	-0.17098685468295366	-0.34422050200252446	-0.2761904761904762	997220310	wilcox	average_ranks	False	16384	4000	mean_paired_tumor_minus_normal	4000_whole_case_percentile_bootstrap_pointwise	exhaustive_sign_flip	361.0	NOT_SUPPORTED_THIS_TEST
PRAD	CAMP_PRAD	04_ROBUSTNESS	20260922T142000Z_discovery_v1	prad_discovery_v1	METAB_PAIRED_AVAILABLE	KEGG:C05282	gamma-glutamylglutamate	NA	author_case	41	41	mean_paired_difference_author_log2_scale	-0.117524648462568	-0.4649041564969205	0.2230878769722421	0.41428477298651345	0.6258664419211034	METAB_PAIRED_AVAILABLE	344.0	DONE	NA	CAMP_v0.3.4_PRAD	PRAD_FEATURE:b6e43e05015c5ccc	43	False	41	finite author data values; unchanged observed values verified against data_imputed	41	41	19	22	0	0.4634146341463415	0.5365853658536586	-0.117524648462568	-0.257552398746576	-0.14750290360046459	1443176599	wilcox	average_ranks	True	0	4000	mean_paired_tumor_minus_normal	4000_whole_case_percentile_bootstrap_pointwise	normal_tie_corrected_continuity_corrected	361.0	NOT_SUPPORTED_THIS_TEST
PRAD	CAMP_PRAD	04_ROBUSTNESS	20260922T142000Z_discovery_v1	prad_discovery_v1	METAB_PAIRED_AVAILABLE	KEGG:C05283	gamma-glutamylglutamine	NA	author_case	43	43	mean_paired_difference_author_log2_scale	-0.5466707837345189	-0.877840007044671	-0.18788101389099182	0.005184331545372354	0.08207563920454546	METAB_PAIRED_AVAILABLE	344.0	DONE	NA	CAMP_v0.3.4_PRAD	PRAD_FEATURE:f28abf1c0338bef2	43	False	43	finite author data values; unchanged observed values verified against data_imputed	43	43	14	29	0	0.32558139534883723	0.6744186046511628	-0.5466707837345189	-0.6020011583085481	-0.4904862579281184	832885570	wilcox	average_ranks	True	0	4000	mean_paired_tumor_minus_normal	4000_whole_case_percentile_bootstrap_pointwise	normal_tie_corrected_continuity_corrected	361.0	NOMINAL_EXPLORATORY
PRAD	CAMP_PRAD	04_ROBUSTNESS	20260922T142000Z_discovery_v1	prad_discovery_v1	METAB_PAIRED_AVAILABLE	HMDB:HMDB11171	gamma-glutamylleucine	NA	author_case	22	22	mean_paired_difference_author_log2_scale	-0.26986756434093634	-0.6003200339850318	0.08385411590892665	0.11216	0.3475949549549549	METAB_PAIRED_AVAILABLE	344.0	DONE	NA	CAMP_v0.3.4_PRAD	PRAD_FEATURE:b91d111ff0f4804f	43	False	22	finite author data values; unchanged observed values verified against data_imputed	22	22	6	16	0	0.2727272727272727	0.7272727272727273	-0.26986756434093634	-0.27090542174608595	-0.391304347826087	1170815752	wilcox	average_ranks	False	99999	4000	mean_paired_tumor_minus_normal	4000_whole_case_percentile_bootstrap_pointwise	Monte_Carlo_sign_flip_plus1	361.0	NOT_SUPPORTED_THIS_TEST
PRAD	CAMP_PRAD	04_ROBUSTNESS	20260922T142000Z_discovery_v1	prad_discovery_v1	METAB_PAIRED_AVAILABLE	HMDB:HMDB00594	gamma-glutamylphenylalanine	NA	author_case	8	8	mean_paired_difference_author_log2_scale	-0.8858614790726442	-1.472886093666238	-0.27171919450959525	0.0546875	0.24207897435897438	METAB_PAIRED_AVAILABLE	344.0	DONE	NA	CAMP_v0.3.4_PRAD	PRAD_FEATURE:8e16ffa770cf2be2	43	False	8	finite author data values; unchanged observed values verified against data_imputed	8	8	2	6	0	0.25	0.75	-0.8858614790726442	-1.0207767286635545	-0.7777777777777778	1727531902	wilcox	average_ranks	False	256	4000	mean_paired_tumor_minus_normal	4000_whole_case_percentile_bootstrap_pointwise	exhaustive_sign_flip	361.0	NOT_SUPPORTED_THIS_TEST
PRAD	CAMP_PRAD	04_ROBUSTNESS	20260922T142000Z_discovery_v1	prad_discovery_v1	METAB_PAIRED_AVAILABLE	HMDB:HMDB11741	gamma-glutamyltyrosine	NA	author_case	13	13	mean_paired_difference_author_log2_scale	-0.7033312302795218	-1.058865333274509	-0.2759696483461595	0.010498046875	0.097308730745408	METAB_PAIRED_AVAILABLE	344.0	DONE	NA	CAMP_v0.3.4_PRAD	PRAD_FEATURE:d3f07f0fd5235081	43	False	13	finite author data values; unchanged observed values verified against data_imputed	13	13	2	11	0	0.15384615384615385	0.8461538461538461	-0.7033312302795218	-0.886762609587172	-0.7802197802197802	3697657043	wilcox	average_ranks	False	8192	4000	mean_paired_tumor_minus_normal	4000_whole_case_percentile_bootstrap_pointwise	exhaustive_sign_flip	361.0	NOMINAL_EXPLORATORY
PRAD	CAMP_PRAD	04_ROBUSTNESS	20260922T142000Z_discovery_v1	prad_discovery_v1	METAB_PAIRED_AVAILABLE	KEGG:C02483	gamma-tocopherol	NA	author_case	26	26	mean_paired_difference_author_log2_scale	0.18532338789902456	-0.28032217130396664	0.6928653026022713	0.3524	0.5828153846153846	METAB_PAIRED_AVAILABLE	344.0	DONE	NA	CAMP_v0.3.4_PRAD	PRAD_FEATURE:0f9a6839c0092f02	43	False	26	finite author data values; unchanged observed values verified against data_imputed	26	26	17	9	0	0.6538461538461539	0.34615384615384615	0.18532338789902456	0.11550707765071849	0.21367521367521367	2879214461	wilcox	average_ranks	False	99999	4000	mean_paired_tumor_minus_normal	4000_whole_case_percentile_bootstrap_pointwise	Monte_Carlo_sign_flip_plus1	361.0	NOT_SUPPORTED_THIS_TEST
PRAD	CAMP_PRAD	04_ROBUSTNESS	20260922T142000Z_discovery_v1	prad_discovery_v1	METAB_PAIRED_AVAILABLE	KEGG:C00257	gluconate	NA	author_case	42	42	mean_paired_difference_author_log2_scale	-0.24207811480320038	-0.6647967427743618	0.17371409621953146	0.12103251392022434	0.3546115254237288	METAB_PAIRED_AVAILABLE	344.0	DONE	NA	CAMP_v0.3.4_PRAD	PRAD_FEATURE:8a93f353e4c326a0	43	False	42	finite author data values; unchanged observed values verified against data_imputed	42	42	15	27	0	0.35714285714285715	0.6428571428571429	-0.24207811480320038	-0.22500859439250787	-0.2757475083056478	1949244798	wilcox	average_ranks	True	0	4000	mean_paired_tumor_minus_normal	4000_whole_case_percentile_bootstrap_pointwise	normal_tie_corrected_continuity_corrected	361.0	NOT_SUPPORTED_THIS_TEST
PRAD	CAMP_PRAD	04_ROBUSTNESS	20260922T142000Z_discovery_v1	prad_discovery_v1	METAB_PAIRED_AVAILABLE	KEGG:C00031	glucose	NA	author_case	43	43	mean_paired_difference_author_log2_scale	-0.6035496023632978	-1.039637609569607	-0.16493570505143293	0.007216671941530971	0.0886619695673805	METAB_PAIRED_AVAILABLE	344.0	DONE	NA	CAMP_v0.3.4_PRAD	PRAD_FEATURE:88a2f109b13da155	43	False	43	finite author data values; unchanged observed values verified against data_imputed	43	43	11	32	0	0.2558139534883721	0.7441860465116279	-0.6035496023632978	-0.4780471844081997	-0.4714587737843552	1233911944	wilcox	average_ranks	True	0	4000	mean_paired_tumor_minus_normal	4000_whole_case_percentile_bootstrap_pointwise	normal_tie_corrected_continuity_corrected	361.0	NOMINAL_EXPLORATORY
PRAD	CAMP_PRAD	04_ROBUSTNESS	20260922T142000Z_discovery_v1	prad_discovery_v1	METAB_PAIRED_AVAILABLE	KEGG:C00103	glucose 1-phosphate	NA	author_case	33	33	mean_paired_difference_author_log2_scale	-0.39273202012638603	-0.9045258673084635	0.11272050051302358	0.11178143973293622	0.3475949549549549	METAB_PAIRED_AVAILABLE	344.0	DONE	NA	CAMP_v0.3.4_PRAD	PRAD_FEATURE:16197b4fe8a354ee	43	False	33	finite author data values; unchanged observed values verified against data_imputed	33	33	12	21	0	0.36363636363636365	0.6363636363636364	-0.39273202012638603	-0.3630889203816533	-0.31907308377896615	4260354316	wilcox	average_ranks	True	0	4000	mean_paired_tumor_minus_normal	4000_whole_case_percentile_bootstrap_pointwise	normal_tie_corrected_continuity_corrected	361.0	NOT_SUPPORTED_THIS_TEST
PRAD	CAMP_PRAD	04_ROBUSTNESS	20260922T142000Z_discovery_v1	prad_discovery_v1	METAB_PAIRED_AVAILABLE	KEGG:C00668	glucose 6-phosphate	NA	author_case	38	38	mean_paired_difference_author_log2_scale	-0.2060087840842273	-0.6527856736003498	0.2171456952159974	0.3922001107487394	0.6050082425899836	METAB_PAIRED_AVAILABLE	344.0	DONE	NA	CAMP_v0.3.4_PRAD	PRAD_FEATURE:dc88f8fcb887555f	43	False	38	finite author data values; unchanged observed values verified against data_imputed	38	38	16	22	0	0.42105263157894735	0.5789473684210527	-0.2060087840842273	-0.133703520501739	-0.16059379217273953	2718627884	wilcox	average_ranks	True	0	4000	mean_paired_tumor_minus_normal	4000_whole_case_percentile_bootstrap_pointwise	normal_tie_corrected_continuity_corrected	361.0	NOT_SUPPORTED_THIS_TEST
PRAD	CAMP_PRAD	04_ROBUSTNESS	20260922T142000Z_discovery_v1	prad_discovery_v1	METAB_PAIRED_AVAILABLE	KEGG:C00025	glutamate	NA	author_case	43	43	mean_paired_difference_author_log2_scale	-0.08196269555290708	-0.19196178688564766	0.030885813714926956	0.17432659900103498	0.4164468753913613	METAB_PAIRED_AVAILABLE	344.0	DONE	NA	CAMP_v0.3.4_PRAD	PRAD_FEATURE:c4f5ae886a6f2e1e	43	False	43	finite author data values; unchanged observed values verified against data_imputed	43	43	19	24	0	0.4418604651162791	0.5581395348837209	-0.08196269555290708	-0.0648368728075077	-0.23890063424947147	814037724	wilcox	average_ranks	True	0	4000	mean_paired_tumor_minus_normal	4000_whole_case_percentile_bootstrap_pointwise	normal_tie_corrected_continuity_corrected	361.0	NOT_SUPPORTED_THIS_TEST
PRAD	CAMP_PRAD	04_ROBUSTNESS	20260922T142000Z_discovery_v1	prad_discovery_v1	METAB_PAIRED_AVAILABLE	HMDB:HMDB61715	glutamate, gamma-methyl ester	NA	author_case	43	43	mean_paired_difference_author_log2_scale	0.24304263241494253	-0.12463639529961966	0.623143378169122	0.2962618022715291	0.544994973162599	METAB_PAIRED_AVAILABLE	344.0	DONE	NA	CAMP_v0.3.4_PRAD	PRAD_FEATURE:ce734b1e234990a5	43	False	43	finite author data values; unchanged observed values verified against data_imputed	43	43	26	17	0	0.6046511627906976	0.3953488372093023	0.24304263241494253	0.342997001033652	0.1839323467230444	2741771533	wilcox	average_ranks	True	0	4000	mean_paired_tumor_minus_normal	4000_whole_case_percentile_bootstrap_pointwise	normal_tie_corrected_continuity_corrected	361.0	NOT_SUPPORTED_THIS_TEST
PRAD	CAMP_PRAD	04_ROBUSTNESS	20260922T142000Z_discovery_v1	prad_discovery_v1	METAB_PAIRED_AVAILABLE	KEGG:C00064	glutamine	NA	author_case	43	43	mean_paired_difference_author_log2_scale	-0.27478741553317193	-0.46977382964364595	-0.08403226193265866	0.008942954494922047	0.0949567317280729	METAB_PAIRED_AVAILABLE	344.0	DONE	NA	CAMP_v0.3.4_PRAD	PRAD_FEATURE:f1308a1c5d4d63d9	43	False	43	finite author data values; unchanged observed values verified against data_imputed	43	43	15	28	0	0.3488372093023256	0.6511627906976745	-0.27478741553317193	-0.21152185232929	-0.4587737843551797	1277921246	wilcox	average_ranks	True	0	4000	mean_paired_tumor_minus_normal	4000_whole_case_percentile_bootstrap_pointwise	normal_tie_corrected_continuity_corrected	361.0	NOMINAL_EXPLORATORY
PRAD	CAMP_PRAD	04_ROBUSTNESS	20260922T142000Z_discovery_v1	prad_discovery_v1	METAB_PAIRED_AVAILABLE	NAME:glutamine-isoleucine	glutamine-isoleucine	NA	author_case	21	21	mean_paired_difference_author_log2_scale	-0.8109570823468392	-1.1427895308447809	-0.4634716447653796	0.00039	0.01763	METAB_PAIRED_AVAILABLE	344.0	DONE	NA	CAMP_v0.3.4_PRAD	PRAD_FEATURE:94939530fd93ab7a	43	False	21	finite author data values; unchanged observed values verified against data_imputed	21	21	3	18	0	0.14285714285714285	0.8571428571428571	-0.8109570823468392	-0.782969025430256	-0.8268398268398268	1874586845	wilcox	average_ranks	False	99999	4000	mean_paired_tumor_minus_normal	4000_whole_case_percentile_bootstrap_pointwise	Monte_Carlo_sign_flip_plus1	361.0	FDR_SUPPORTED
PRAD	CAMP_PRAD	04_ROBUSTNESS	20260922T142000Z_discovery_v1	prad_discovery_v1	METAB_PAIRED_AVAILABLE	NAME:glutamine-leucine	glutamine-leucine	NA	author_case	9	9	mean_paired_difference_author_log2_scale	-0.549594035398822	-0.9979118545110439	-0.09198095092978706	0.12890625	0.36173138211382116	METAB_PAIRED_AVAILABLE	344.0	DONE	NA	CAMP_v0.3.4_PRAD	PRAD_FEATURE:efdf97c97e103f66	43	False	9	finite author data values; unchanged observed values verified against data_imputed	9	9	3	6	0	0.3333333333333333	0.6666666666666666	-0.549594035398822	-0.764746042462752	-0.6	3499527482	wilcox	average_ranks	False	512	4000	mean_paired_tumor_minus_normal	4000_whole_case_percentile_bootstrap_pointwise	exhaustive_sign_flip	361.0	NOT_SUPPORTED_THIS_TEST
PRAD	CAMP_PRAD	04_ROBUSTNESS	20260922T142000Z_discovery_v1	prad_discovery_v1	METAB_PAIRED_AVAILABLE	KEGG:C00489	glutarate (C5-DC)	NA	author_case	34	34	mean_paired_difference_author_log2_scale	0.15619610032683248	-0.11442053327242258	0.42971336298958646	0.23813565057974417	0.5025684895670675	METAB_PAIRED_AVAILABLE	344.0	DONE	NA	CAMP_v0.3.4_PRAD	PRAD_FEATURE:cc423ecf78b53100	43	False	34	finite author data values; unchanged observed values verified against data_imputed	34	34	21	13	0	0.6176470588235294	0.38235294117647056	0.15619610032683248	0.2304240294788911	0.23361344537815126	34357504	wilcox	average_ranks	True	0	4000	mean_paired_tumor_minus_normal	4000_whole_case_percentile_bootstrap_pointwise	normal_tie_corrected_continuity_corrected	361.0	NOT_SUPPORTED_THIS_TEST
PRAD	CAMP_PRAD	04_ROBUSTNESS	20260922T142000Z_discovery_v1	prad_discovery_v1	METAB_PAIRED_AVAILABLE	HMDB:HMDB13130	glutaroyl carnitine	NA	author_case	31	31	mean_paired_difference_author_log2_scale	0.09047044290363433	-0.2499304503835002	0.41468122668938034	0.3831831445637346	0.5991590987723849	METAB_PAIRED_AVAILABLE	344.0	DONE	NA	CAMP_v0.3.4_PRAD	PRAD_FEATURE:72a4141c15689f52	43	False	31	finite author data values; unchanged observed values verified against data_imputed	31	31	18	13	0	0.5806451612903226	0.41935483870967744	0.09047044290363433	0.09769194581343799	0.1814516129032258	2441839986	wilcox	average_ranks	True	0	4000	mean_paired_tumor_minus_normal	4000_whole_case_percentile_bootstrap_pointwise	normal_tie_corrected_continuity_corrected	361.0	NOT_SUPPORTED_THIS_TEST
PRAD	CAMP_PRAD	04_ROBUSTNESS	20260922T142000Z_discovery_v1	prad_discovery_v1	METAB_PAIRED_AVAILABLE	KEGG:C00127	glutathione, oxidized (GSSG)	NA	author_case	43	43	mean_paired_difference_author_log2_scale	-0.9844933259041786	-1.595513396511126	-0.4723215839017253	4.141396549486386e-05	0.00474880137674439	METAB_PAIRED_AVAILABLE	344.0	DONE	NA	CAMP_v0.3.4_PRAD	PRAD_FEATURE:29d789e07eb7a710	43	False	43	finite author data values; unchanged observed values verified against data_imputed	43	43	9	34	0	0.20930232558139536	0.7906976744186046	-0.9844933259041786	-0.6793745646013419	-0.718816067653277	1235288456	wilcox	average_ranks	True	0	4000	mean_paired_tumor_minus_normal	4000_whole_case_percentile_bootstrap_pointwise	normal_tie_corrected_continuity_corrected	361.0	FDR_SUPPORTED
PRAD	CAMP_PRAD	04_ROBUSTNESS	20260922T142000Z_discovery_v1	prad_discovery_v1	METAB_PAIRED_AVAILABLE	KEGG:C00051	glutathione, reduced (GSH)	NA	author_case	42	42	mean_paired_difference_author_log2_scale	-0.5172079818976035	-1.060696643787057	0.00460275788982349	0.05415881086084549	0.24207897435897438	METAB_PAIRED_AVAILABLE	344.0	DONE	NA	CAMP_v0.3.4_PRAD	PRAD_FEATURE:f1cfefc7a1a449f0	43	False	42	finite author data values; unchanged observed values verified against data_imputed	42	42	16	26	0	0.38095238095238093	0.6190476190476191	-0.5172079818976035	-0.38472633094403397	-0.34219269102990035	3713528859	wilcox	average_ranks	True	0	4000	mean_paired_tumor_minus_normal	4000_whole_case_percentile_bootstrap_pointwise	normal_tie_corrected_continuity_corrected	361.0	NOT_SUPPORTED_THIS_TEST
PRAD	CAMP_PRAD	04_ROBUSTNESS	20260922T142000Z_discovery_v1	prad_discovery_v1	METAB_PAIRED_AVAILABLE	KEGG:C00258	glycerate	NA	author_case	43	43	mean_paired_difference_author_log2_scale	0.04320714231386147	-0.22734429661706018	0.29180692898369515	0.5261232412053005	0.7125448621048165	METAB_PAIRED_AVAILABLE	344.0	DONE	NA	CAMP_v0.3.4_PRAD	PRAD_FEATURE:42cb5c437c0f3ff2	43	False	43	finite author data values; unchanged observed values verified against data_imputed	43	43	27	16	0	0.627906976744186	0.37209302325581395	0.04320714231386147	0.20087324526723102	0.11205073995771671	872889547	wilcox	average_ranks	True	0	4000	mean_paired_tumor_minus_normal	4000_whole_case_percentile_bootstrap_pointwise	normal_tie_corrected_continuity_corrected	361.0	NOT_SUPPORTED_THIS_TEST
PRAD	CAMP_PRAD	04_ROBUSTNESS	20260922T142000Z_discovery_v1	prad_discovery_v1	METAB_PAIRED_AVAILABLE	KEGG:C00116	glycerol	NA	author_case	43	43	mean_paired_difference_author_log2_scale	0.08634991386195874	-0.06955347015035154	0.23929445036224994	0.33103379808033684	0.5828153846153846	METAB_PAIRED_AVAILABLE	344.0	DONE	NA	CAMP_v0.3.4_PRAD	PRAD_FEATURE:5c0dc0dcd18bc824	43	False	43	finite author data values; unchanged observed values verified against data_imputed	43	43	24	19	0	0.5581395348837209	0.4418604651162791	0.08634991386195874	0.0812978455922011	0.17124735729386892	3408909174	wilcox	average_ranks	True	0	4000	mean_paired_tumor_minus_normal	4000_whole_case_percentile_bootstrap_pointwise	normal_tie_corrected_continuity_corrected	361.0	NOT_SUPPORTED_THIS_TEST
PRAD	CAMP_PRAD	04_ROBUSTNESS	20260922T142000Z_discovery_v1	prad_discovery_v1	METAB_PAIRED_AVAILABLE	KEGG:C02979	glycerol 2-phosphate	NA	author_case	41	41	mean_paired_difference_author_log2_scale	0.35052204712421337	0.07769240769250685	0.644242130996544	0.016516558036793683	0.13857795035748846	METAB_PAIRED_AVAILABLE	344.0	DONE	NA	CAMP_v0.3.4_PRAD	PRAD_FEATURE:2ad3e020ca34558d	43	False	41	finite author data values; unchanged observed values verified against data_imputed	41	41	25	16	0	0.6097560975609756	0.3902439024390244	0.35052204712421337	0.208014815934996	0.43089430894308944	4022489530	wilcox	average_ranks	True	0	4000	mean_paired_tumor_minus_normal	4000_whole_case_percentile_bootstrap_pointwise	normal_tie_corrected_continuity_corrected	361.0	NOMINAL_EXPLORATORY
PRAD	CAMP_PRAD	04_ROBUSTNESS	20260922T142000Z_discovery_v1	prad_discovery_v1	METAB_PAIRED_AVAILABLE	KEGG:C00093	glycerol 3-phosphate (G3P)	NA	author_case	43	43	mean_paired_difference_author_log2_scale	0.03128069935361845	-0.25868369688873766	0.3040480153279978	0.48748796857536225	0.6789306121049579	METAB_PAIRED_AVAILABLE	344.0	DONE	NA	CAMP_v0.3.4_PRAD	PRAD_FEATURE:5add9cf5f6880eb9	43	False	43	finite author data values; unchanged observed values verified against data_imputed	43	43	22	21	0	0.5116279069767442	0.4883720930232558	0.03128069935361845	0.03722143426579699	0.1226215644820296	3205269188	wilcox	average_ranks	True	0	4000	mean_paired_tumor_minus_normal	4000_whole_case_percentile_bootstrap_pointwise	normal_tie_corrected_continuity_corrected	361.0	NOT_SUPPORTED_THIS_TEST
PRAD	CAMP_PRAD	04_ROBUSTNESS	20260922T142000Z_discovery_v1	prad_discovery_v1	METAB_PAIRED_AVAILABLE	KEGG:C01233	glycerophosphoethanolamine	NA	author_case	43	43	mean_paired_difference_author_log2_scale	0.5893188154457175	0.20483066886706885	1.000720982525446	0.009264071518877348	0.0949567317280729	METAB_PAIRED_AVAILABLE	344.0	DONE	NA	CAMP_v0.3.4_PRAD	PRAD_FEATURE:554d1b3f35b2854b	43	False	43	finite author data values; unchanged observed values verified against data_imputed	43	43	28	15	0	0.6511627906976745	0.3488372093023256	0.5893188154457175	0.6354954212629637	0.45665961945031713	1823900816	wilcox	average_ranks	True	0	4000	mean_paired_tumor_minus_normal	4000_whole_case_percentile_bootstrap_pointwise	normal_tie_corrected_continuity_corrected	361.0	NOMINAL_EXPLORATORY
PRAD	CAMP_PRAD	04_ROBUSTNESS	20260922T142000Z_discovery_v1	prad_discovery_v1	METAB_PAIRED_AVAILABLE	KEGG:C00670	glycerophosphorylcholine (GPC)	NA	author_case	43	43	mean_paired_difference_author_log2_scale	0.20396913112114082	-0.04668463980775944	0.4857995850064326	0.3431886303719417	0.5828153846153846	METAB_PAIRED_AVAILABLE	344.0	DONE	NA	CAMP_v0.3.4_PRAD	PRAD_FEATURE:c0ddf927acafccf3	43	False	43	finite author data values; unchanged observed values verified against data_imputed	43	43	24	19	0	0.5581395348837209	0.4418604651162791	0.20396913112114082	0.14295604811629908	0.16701902748414377	3649556373	wilcox	average_ranks	True	0	4000	mean_paired_tumor_minus_normal	4000_whole_case_percentile_bootstrap_pointwise	normal_tie_corrected_continuity_corrected	361.0	NOT_SUPPORTED_THIS_TEST
PRAD	CAMP_PRAD	04_ROBUSTNESS	20260922T142000Z_discovery_v1	prad_discovery_v1	METAB_PAIRED_AVAILABLE	KEGG:C00037	glycine	NA	author_case	43	43	mean_paired_difference_author_log2_scale	0.19562630970395636	0.03629431989929975	0.36017671254486544	0.03208869133041178	0.20569054555084745	METAB_PAIRED_AVAILABLE	344.0	DONE	NA	CAMP_v0.3.4_PRAD	PRAD_FEATURE:c9720c72406a9789	43	False	43	finite author data values; unchanged observed values verified against data_imputed	43	43	27	16	0	0.627906976744186	0.37209302325581395	0.19562630970395636	0.14599116324458322	0.3763213530655391	2492536036	wilcox	average_ranks	True	0	4000	mean_paired_tumor_minus_normal	4000_whole_case_percentile_bootstrap_pointwise	normal_tie_corrected_continuity_corrected	361.0	NOMINAL_EXPLORATORY
PRAD	CAMP_PRAD	04_ROBUSTNESS	20260922T142000Z_discovery_v1	prad_discovery_v1	METAB_PAIRED_AVAILABLE	HMDB:HMDB0028844	glycylisoleucine	NA	author_case	15	15	mean_paired_difference_author_log2_scale	-0.4250492933243308	-0.9239934894138625	0.058052538400671316	0.15142822265625	0.3916639743890977	METAB_PAIRED_AVAILABLE	344.0	DONE	NA	CAMP_v0.3.4_PRAD	PRAD_FEATURE:11b9d4310bf5838e	43	False	15	finite author data values; unchanged observed values verified against data_imputed	15	15	6	9	0	0.4	0.6	-0.4250492933243308	-0.24754562839521987	-0.43333333333333335	3255135830	wilcox	average_ranks	False	32768	4000	mean_paired_tumor_minus_normal	4000_whole_case_percentile_bootstrap_pointwise	exhaustive_sign_flip	361.0	NOT_SUPPORTED_THIS_TEST
PRAD	CAMP_PRAD	04_ROBUSTNESS	20260922T142000Z_discovery_v1	prad_discovery_v1	METAB_PAIRED_AVAILABLE	KEGG:C02155	glycylleucine	NA	author_case	37	37	mean_paired_difference_author_log2_scale	-0.14617931923131997	-0.4218768623589921	0.13779868155507285	0.42395815278403026	0.6258664419211034	METAB_PAIRED_AVAILABLE	344.0	DONE	NA	CAMP_v0.3.4_PRAD	PRAD_FEATURE:2271ff5ec819a231	43	False	37	finite author data values; unchanged observed values verified against data_imputed	37	37	16	21	0	0.43243243243243246	0.5675675675675675	-0.14617931923131997	-0.1527986243136664	-0.15220483641536273	3716459505	wilcox	average_ranks	True	0	4000	mean_paired_tumor_minus_normal	4000_whole_case_percentile_bootstrap_pointwise	normal_tie_corrected_continuity_corrected	361.0	NOT_SUPPORTED_THIS_TEST
PRAD	CAMP_PRAD	04_ROBUSTNESS	20260922T142000Z_discovery_v1	prad_discovery_v1	METAB_PAIRED_AVAILABLE	HMDB:HMDB00721	glycylproline	NA	author_case	39	39	mean_paired_difference_author_log2_scale	0.07746930510277479	-0.18889842683669655	0.34517798829706076	0.6203160825238707	0.7816437083817273	METAB_PAIRED_AVAILABLE	344.0	DONE	NA	CAMP_v0.3.4_PRAD	PRAD_FEATURE:06458cbfa34dfd40	43	False	39	finite author data values; unchanged observed values verified against data_imputed	39	39	23	16	0	0.5897435897435898	0.41025641025641024	0.07746930510277479	0.23917318374338703	0.09230769230769231	861627172	wilcox	average_ranks	True	0	4000	mean_paired_tumor_minus_normal	4000_whole_case_percentile_bootstrap_pointwise	normal_tie_corrected_continuity_corrected	361.0	NOT_SUPPORTED_THIS_TEST
PRAD	CAMP_PRAD	04_ROBUSTNESS	20260922T142000Z_discovery_v1	prad_discovery_v1	METAB_PAIRED_AVAILABLE	HMDB:HMDB28853	glycyltyrosine	NA	author_case	19	19	mean_paired_difference_author_log2_scale	-0.12488155442419728	-0.5645117455347597	0.3559573899977573	0.54146	0.7223307291666666	METAB_PAIRED_AVAILABLE	344.0	DONE	NA	CAMP_v0.3.4_PRAD	PRAD_FEATURE:90e3263e41a72921	43	False	19	finite author data values; unchanged observed values verified against data_imputed	19	19	9	10	0	0.47368421052631576	0.5263157894736842	-0.12488155442419728	-0.21447802648345698	-0.16842105263157894	1872720219	wilcox	average_ranks	False	99999	4000	mean_paired_tumor_minus_normal	4000_whole_case_percentile_bootstrap_pointwise	Monte_Carlo_sign_flip_plus1	361.0	NOT_SUPPORTED_THIS_TEST
PRAD	CAMP_PRAD	04_ROBUSTNESS	20260922T142000Z_discovery_v1	prad_discovery_v1	METAB_PAIRED_AVAILABLE	KEGG:C00242	guanine	NA	author_case	43	43	mean_paired_difference_author_log2_scale	-0.14503769684880025	-0.3938490030265061	0.08389499444995438	0.6420133340936911	0.8018565217391305	METAB_PAIRED_AVAILABLE	344.0	DONE	NA	CAMP_v0.3.4_PRAD	PRAD_FEATURE:b0e7aa89b24b954a	43	False	43	finite author data values; unchanged observed values verified against data_imputed	43	43	22	21	0	0.5116279069767442	0.4883720930232558	-0.14503769684880025	0.017045351528025	-0.0824524312896406	2088006714	wilcox	average_ranks	True	0	4000	mean_paired_tumor_minus_normal	4000_whole_case_percentile_bootstrap_pointwise	normal_tie_corrected_continuity_corrected	361.0	NOT_SUPPORTED_THIS_TEST
PRAD	CAMP_PRAD	04_ROBUSTNESS	20260922T142000Z_discovery_v1	prad_discovery_v1	METAB_PAIRED_AVAILABLE	KEGG:C00387	guanosine	NA	author_case	43	43	mean_paired_difference_author_log2_scale	-0.20949304738942598	-0.36075273064431174	-0.06706567965782954	0.006238468692923311	0.0886619695673805	METAB_PAIRED_AVAILABLE	344.0	DONE	NA	CAMP_v0.3.4_PRAD	PRAD_FEATURE:905abcaaddb66484	43	False	43	finite author data values; unchanged observed values verified against data_imputed	43	43	13	30	0	0.3023255813953488	0.6976744186046512	-0.20949304738942598	-0.17578819869288204	-0.4799154334038055	1418959394	wilcox	average_ranks	True	0	4000	mean_paired_tumor_minus_normal	4000_whole_case_percentile_bootstrap_pointwise	normal_tie_corrected_continuity_corrected	361.0	NOMINAL_EXPLORATORY
PRAD	CAMP_PRAD	04_ROBUSTNESS	20260922T142000Z_discovery_v1	prad_discovery_v1	METAB_PAIRED_AVAILABLE	KEGG:C00144	guanosine 5'- monophosphate (5'-GMP)	NA	author_case	14	14	mean_paired_difference_author_log2_scale	-0.7946541445410297	-1.4680626360281475	-0.1604717916276714	0.029541015625	0.20569054555084745	METAB_PAIRED_AVAILABLE	344.0	DONE	NA	CAMP_v0.3.4_PRAD	PRAD_FEATURE:846b4d3b97856a3d	43	False	14	finite author data values; unchanged observed values verified against data_imputed	14	14	4	10	0	0.2857142857142857	0.7142857142857143	-0.7946541445410297	-0.6201967923392255	-0.6571428571428571	1677708809	wilcox	average_ranks	False	16384	4000	mean_paired_tumor_minus_normal	4000_whole_case_percentile_bootstrap_pointwise	exhaustive_sign_flip	361.0	NOMINAL_EXPLORATORY
PRAD	CAMP_PRAD	04_ROBUSTNESS	20260922T142000Z_discovery_v1	prad_discovery_v1	METAB_PAIRED_AVAILABLE	NAME:guanosine 5'-diphospho-fucose	guanosine 5'-diphospho-fucose	NA	author_case	12	12	mean_paired_difference_author_log2_scale	-0.02128860654000182	-0.572337663325976	0.5910419865117064	0.7333984375	0.863347909556314	METAB_PAIRED_AVAILABLE	344.0	DONE	NA	CAMP_v0.3.4_PRAD	PRAD_FEATURE:50c76bf81665e6e4	43	False	12	finite author data values; unchanged observed values verified against data_imputed	12	12	6	6	0	0.5	0.5	-0.02128860654000182	-0.004657625674990007	-0.1282051282051282	1583132390	wilcox	average_ranks	False	4096	4000	mean_paired_tumor_minus_normal	4000_whole_case_percentile_bootstrap_pointwise	exhaustive_sign_flip	361.0	NOT_SUPPORTED_THIS_TEST
PRAD	CAMP_PRAD	04_ROBUSTNESS	20260922T142000Z_discovery_v1	prad_discovery_v1	METAB_PAIRED_AVAILABLE	KEGG:C00032	heme2	NA	author_case	14	14	mean_paired_difference_author_log2_scale	-1.4256367077252352	-2.4057630694093284	-0.390098423395963	0.020263671875	0.15490451388888887	METAB_PAIRED_AVAILABLE	344.0	DONE	NA	CAMP_v0.3.4_PRAD	PRAD_FEATURE:03a7cd197c38c3ce	43	False	14	finite author data values; unchanged observed values verified against data_imputed	14	14	2	12	0	0.14285714285714285	0.8571428571428571	-1.4256367077252352	-1.442761615237404	-0.6952380952380952	3962250656	wilcox	average_ranks	False	16384	4000	mean_paired_tumor_minus_normal	4000_whole_case_percentile_bootstrap_pointwise	exhaustive_sign_flip	361.0	NOMINAL_EXPLORATORY
PRAD	CAMP_PRAD	04_ROBUSTNESS	20260922T142000Z_discovery_v1	prad_discovery_v1	METAB_PAIRED_AVAILABLE	NAME:heptaethylene glycol	heptaethylene glycol	NA	author_case	36	36	mean_paired_difference_author_log2_scale	-0.27133286387273936	-0.7178266604721131	0.18834604435664226	0.2680365336704593	0.5360730673409186	METAB_PAIRED_AVAILABLE	344.0	DONE	NA	CAMP_v0.3.4_PRAD	PRAD_FEATURE:421d839800eb0f4f	43	False	36	finite author data values; unchanged observed values verified against data_imputed	36	36	16	20	0	0.4444444444444444	0.5555555555555556	-0.27133286387273936	-0.24583742797760552	-0.2132132132132132	1386003900	wilcox	average_ranks	True	0	4000	mean_paired_tumor_minus_normal	4000_whole_case_percentile_bootstrap_pointwise	normal_tie_corrected_continuity_corrected	361.0	NOT_SUPPORTED_THIS_TEST
PRAD	CAMP_PRAD	04_ROBUSTNESS	20260922T142000Z_discovery_v1	prad_discovery_v1	METAB_PAIRED_AVAILABLE	NAME:hexaethylene glycol	hexaethylene glycol	NA	author_case	36	36	mean_paired_difference_author_log2_scale	-0.2924354795542862	-0.6976641344555998	0.12587997335748208	0.1644117314439545	0.404372	METAB_PAIRED_AVAILABLE	344.0	DONE	NA	CAMP_v0.3.4_PRAD	PRAD_FEATURE:60693a08f29402bd	43	False	36	finite author data values; unchanged observed values verified against data_imputed	36	36	12	24	0	0.3333333333333333	0.6666666666666666	-0.2924354795542862	-0.276899120524981	-0.2672672672672673	1802159105	wilcox	average_ranks	True	0	4000	mean_paired_tumor_minus_normal	4000_whole_case_percentile_bootstrap_pointwise	normal_tie_corrected_continuity_corrected	361.0	NOT_SUPPORTED_THIS_TEST
PRAD	CAMP_PRAD	04_ROBUSTNESS	20260922T142000Z_discovery_v1	prad_discovery_v1	METAB_PAIRED_AVAILABLE	KEGG:C01585	hexanoylcarnitine	NA	author_case	43	43	mean_paired_difference_author_log2_scale	0.06702167070192892	-0.17731284566298416	0.29327641587240844	0.33707599199798455	0.5828153846153846	METAB_PAIRED_AVAILABLE	344.0	DONE	NA	CAMP_v0.3.4_PRAD	PRAD_FEATURE:b93c00847d2eb911	43	True	43	finite author data values; unchanged observed values verified against data_imputed	43	43	24	19	0	0.5581395348837209	0.4418604651162791	0.06702167070192892	0.0533414606855247	0.16913319238900634	1662687144	wilcox	average_ranks	True	0	4000	mean_paired_tumor_minus_normal	4000_whole_case_percentile_bootstrap_pointwise	normal_tie_corrected_continuity_corrected	361.0	NOT_SUPPORTED_THIS_TEST
PRAD	CAMP_PRAD	04_ROBUSTNESS	20260922T142000Z_discovery_v1	prad_discovery_v1	METAB_PAIRED_AVAILABLE	KEGG:C01586	hippurate	NA	author_case	39	39	mean_paired_difference_author_log2_scale	-0.5182947515157824	-0.9733096674277647	-0.012169170841280968	0.031079981429661147	0.20569054555084745	METAB_PAIRED_AVAILABLE	344.0	DONE	NA	CAMP_v0.3.4_PRAD	PRAD_FEATURE:b2d154a2261a6310	43	False	39	finite author data values; unchanged observed values verified against data_imputed	39	39	12	27	0	0.3076923076923077	0.6923076923076923	-0.5182947515157824	-0.44334159663764905	-0.3974358974358974	190764173	wilcox	average_ranks	True	0	4000	mean_paired_tumor_minus_normal	4000_whole_case_percentile_bootstrap_pointwise	normal_tie_corrected_continuity_corrected	361.0	NOMINAL_EXPLORATORY
PRAD	CAMP_PRAD	04_ROBUSTNESS	20260922T142000Z_discovery_v1	prad_discovery_v1	METAB_PAIRED_AVAILABLE	KEGG:C00388	histamine	NA	author_case	43	43	mean_paired_difference_author_log2_scale	-0.24195947229158668	-0.5423187899610571	0.06057659648465406	0.13909176643914098	0.38278054124051597	METAB_PAIRED_AVAILABLE	344.0	DONE	NA	CAMP_v0.3.4_PRAD	PRAD_FEATURE:cf655476e810af3e	43	False	43	finite author data values; unchanged observed values verified against data_imputed	43	43	18	25	0	0.4186046511627907	0.5813953488372093	-0.24195947229158668	-0.134596123220301	-0.26004228329809725	3720612054	wilcox	average_ranks	True	0	4000	mean_paired_tumor_minus_normal	4000_whole_case_percentile_bootstrap_pointwise	normal_tie_corrected_continuity_corrected	361.0	NOT_SUPPORTED_THIS_TEST
PRAD	CAMP_PRAD	04_ROBUSTNESS	20260922T142000Z_discovery_v1	prad_discovery_v1	METAB_PAIRED_AVAILABLE	KEGG:C00135	histidine	NA	author_case	43	43	mean_paired_difference_author_log2_scale	-0.21747510236134898	-0.4370330629712049	-0.009761241109508859	0.10696060156439938	0.3471174239448433	METAB_PAIRED_AVAILABLE	344.0	DONE	NA	CAMP_v0.3.4_PRAD	PRAD_FEATURE:7c4578a26715f9d5	43	False	43	finite author data values; unchanged observed values verified against data_imputed	43	43	16	27	0	0.37209302325581395	0.627906976744186	-0.21747510236134898	-0.148820645362759	-0.2832980972515856	1365354141	wilcox	average_ranks	True	0	4000	mean_paired_tumor_minus_normal	4000_whole_case_percentile_bootstrap_pointwise	normal_tie_corrected_continuity_corrected	361.0	NOT_SUPPORTED_THIS_TEST
PRAD	CAMP_PRAD	04_ROBUSTNESS	20260922T142000Z_discovery_v1	prad_discovery_v1	METAB_PAIRED_AVAILABLE	KEGG:C00884	homocarnosine	NA	author_case	3	3	NA	NA	NA	NA	NA	NA	METAB_PAIRED_AVAILABLE	344.0	NOT_EVALUABLE	fewer_than_8_complete_pairs	CAMP_v0.3.4_PRAD	PRAD_FEATURE:138a2813ad036673	43	False	3	finite author data values; unchanged observed values verified against data_imputed	3	3	1	2	0	0.3333333333333333	0.6666666666666666	-0.39255493324004537	-0.120200812481073	-0.6666666666666666	1806203507	wilcox	average_ranks	False	0	0	mean_paired_tumor_minus_normal	4000_whole_case_percentile_bootstrap_pointwise	NA	361.0	NOT_EVALUABLE
PRAD	CAMP_PRAD	04_ROBUSTNESS	20260922T142000Z_discovery_v1	prad_discovery_v1	METAB_PAIRED_AVAILABLE	NAME:beta-hydroxyisovaleroylcarnitine	beta-hydroxyisovaleroylcarnitine	NA	author_case	43	43	mean_paired_difference_author_log2_scale	0.22949623640295866	-0.05851066828017618	0.5410575439079921	0.258894436874602	0.5238805075580182	METAB_PAIRED_AVAILABLE	344.0	DONE	NA	CAMP_v0.3.4_PRAD	PRAD_FEATURE:ca7818643d45b28b	43	False	43	finite author data values; unchanged observed values verified against data_imputed	43	43	23	20	0	0.5348837209302325	0.46511627906976744	0.22949623640295866	0.052021097108871595	0.19873150105708245	1823829767	wilcox	average_ranks	True	0	4000	mean_paired_tumor_minus_normal	4000_whole_case_percentile_bootstrap_pointwise	normal_tie_corrected_continuity_corrected	361.0	NOT_SUPPORTED_THIS_TEST
PRAD	CAMP_PRAD	04_ROBUSTNESS	20260922T142000Z_discovery_v1	prad_discovery_v1	METAB_PAIRED_AVAILABLE	KEGG:C00519	hypotaurine	NA	author_case	43	43	mean_paired_difference_author_log2_scale	0.0012737066213111508	-0.32478003023883906	0.31581500898335685	0.7307439018980736	0.863347909556314	METAB_PAIRED_AVAILABLE	344.0	DONE	NA	CAMP_v0.3.4_PRAD	PRAD_FEATURE:169ff670f3c26bd2	43	False	43	finite author data values; unchanged observed values verified against data_imputed	43	43	23	20	0	0.5348837209302325	0.46511627906976744	0.0012737066213111508	0.04812518542981303	0.0613107822410148	3132452335	wilcox	average_ranks	True	0	4000	mean_paired_tumor_minus_normal	4000_whole_case_percentile_bootstrap_pointwise	normal_tie_corrected_continuity_corrected	361.0	NOT_SUPPORTED_THIS_TEST
PRAD	CAMP_PRAD	04_ROBUSTNESS	20260922T142000Z_discovery_v1	prad_discovery_v1	METAB_PAIRED_AVAILABLE	KEGG:C00262	hypoxanthine	NA	author_case	43	43	mean_paired_difference_author_log2_scale	0.31056460033319544	0.13724419626096518	0.4845940638767639	0.0022966143559829955	0.06620170501304004	METAB_PAIRED_AVAILABLE	344.0	DONE	NA	CAMP_v0.3.4_PRAD	PRAD_FEATURE:06e815b4cb74d64d	43	False	43	finite author data values; unchanged observed values verified against data_imputed	43	43	33	10	0	0.7674418604651163	0.23255813953488372	0.31056460033319544	0.294792006461774	0.5348837209302325	4102204601	wilcox	average_ranks	True	0	4000	mean_paired_tumor_minus_normal	4000_whole_case_percentile_bootstrap_pointwise	normal_tie_corrected_continuity_corrected	361.0	NOMINAL_EXPLORATORY
PRAD	CAMP_PRAD	04_ROBUSTNESS	20260922T142000Z_discovery_v1	prad_discovery_v1	METAB_PAIRED_AVAILABLE	KEGG:C00294	inosine	NA	author_case	43	43	mean_paired_difference_author_log2_scale	-0.2100397471758023	-0.3383769823570186	-0.06941753861381875	0.002488176750391284	0.06620170501304004	METAB_PAIRED_AVAILABLE	344.0	DONE	NA	CAMP_v0.3.4_PRAD	PRAD_FEATURE:2f7803a1556e67dc	43	False	43	finite author data values; unchanged observed values verified against data_imputed	43	43	12	31	0	0.27906976744186046	0.7209302325581395	-0.2100397471758023	-0.22330804828432993	-0.5306553911205074	242997625	wilcox	average_ranks	True	0	4000	mean_paired_tumor_minus_normal	4000_whole_case_percentile_bootstrap_pointwise	normal_tie_corrected_continuity_corrected	361.0	NOMINAL_EXPLORATORY
PRAD	CAMP_PRAD	04_ROBUSTNESS	20260922T142000Z_discovery_v1	prad_discovery_v1	METAB_PAIRED_AVAILABLE	KEGG:C04006	inositol 1-phosphate (I1P)	NA	author_case	42	42	mean_paired_difference_author_log2_scale	-0.42834171260535936	-0.7364523720253712	-0.11388900583349242	0.010749220256760186	0.097308730745408	METAB_PAIRED_AVAILABLE	344.0	DONE	NA	CAMP_v0.3.4_PRAD	PRAD_FEATURE:890172fb1243fc69	43	False	42	finite author data values; unchanged observed values verified against data_imputed	42	42	13	29	0	0.30952380952380953	0.6904761904761905	-0.42834171260535936	-0.30472777742687446	-0.4529346622369878	2552753593	wilcox	average_ranks	True	0	4000	mean_paired_tumor_minus_normal	4000_whole_case_percentile_bootstrap_pointwise	normal_tie_corrected_continuity_corrected	361.0	NOMINAL_EXPLORATORY
PRAD	CAMP_PRAD	04_ROBUSTNESS	20260922T142000Z_discovery_v1	prad_discovery_v1	METAB_PAIRED_AVAILABLE	NAME:Isobar: fructose 1,6-diphosphate, glucose 1,6-diphosphate	Isobar: fructose 1,6-diphosphate, glucose 1,6-diphosphate	NA	author_case	22	22	mean_paired_difference_author_log2_scale	-0.6723370927367811	-1.3934702021896457	0.0846033541483488	0.05489	0.24207897435897438	METAB_PAIRED_AVAILABLE	344.0	DONE	NA	CAMP_v0.3.4_PRAD	PRAD_FEATURE:29e526325f2a9342	43	False	22	finite author data values; unchanged observed values verified against data_imputed	22	22	6	16	0	0.2727272727272727	0.7272727272727273	-0.6723370927367811	-0.826419862269836	-0.47035573122529645	4053454408	wilcox	average_ranks	False	99999	4000	mean_paired_tumor_minus_normal	4000_whole_case_percentile_bootstrap_pointwise	Monte_Carlo_sign_flip_plus1	361.0	NOT_SUPPORTED_THIS_TEST
PRAD	CAMP_PRAD	04_ROBUSTNESS	20260922T142000Z_discovery_v1	prad_discovery_v1	METAB_PAIRED_AVAILABLE	NAME:Isobar: UDP-acetylglucosamine, UDP-acetylgalactosamine	Isobar: UDP-acetylglucosamine, UDP-acetylgalactosamine	NA	author_case	21	21	mean_paired_difference_author_log2_scale	0.5629138872789322	0.1376106347466872	0.9746928723936091	0.01524	0.131064	METAB_PAIRED_AVAILABLE	344.0	DONE	NA	CAMP_v0.3.4_PRAD	PRAD_FEATURE:e1782850815c1b65	43	False	21	finite author data values; unchanged observed values verified against data_imputed	21	21	15	6	0	0.7142857142857143	0.2857142857142857	0.5629138872789322	0.6684141423060799	0.6017316017316018	3808044278	wilcox	average_ranks	False	99999	4000	mean_paired_tumor_minus_normal	4000_whole_case_percentile_bootstrap_pointwise	Monte_Carlo_sign_flip_plus1	361.0	NOMINAL_EXPLORATORY
PRAD	CAMP_PRAD	04_ROBUSTNESS	20260922T142000Z_discovery_v1	prad_discovery_v1	METAB_PAIRED_AVAILABLE	HMDB:HMDB00736	isobutyrylcarnitine	NA	author_case	43	43	mean_paired_difference_author_log2_scale	-0.3600550480169895	-0.6307735469616634	-0.08647846335692336	0.03307027243577935	0.20569054555084745	METAB_PAIRED_AVAILABLE	344.0	DONE	NA	CAMP_v0.3.4_PRAD	PRAD_FEATURE:b4eb789aced05f18	43	False	43	finite author data values; unchanged observed values verified against data_imputed	43	43	16	27	0	0.37209302325581395	0.627906976744186	-0.3600550480169895	-0.221291962881141	-0.37420718816067655	1339658421	wilcox	average_ranks	True	0	4000	mean_paired_tumor_minus_normal	4000_whole_case_percentile_bootstrap_pointwise	normal_tie_corrected_continuity_corrected	361.0	NOMINAL_EXPLORATORY
PRAD	CAMP_PRAD	04_ROBUSTNESS	20260922T142000Z_discovery_v1	prad_discovery_v1	METAB_PAIRED_AVAILABLE	KEGG:C00407	isoleucine	NA	author_case	43	43	mean_paired_difference_author_log2_scale	-0.08410445595918767	-0.21818398902134037	0.047868596731611764	0.381337778954303	0.5989963285857545	METAB_PAIRED_AVAILABLE	344.0	DONE	NA	CAMP_v0.3.4_PRAD	PRAD_FEATURE:1432b9e82c3172bb	43	False	43	finite author data values; unchanged observed values verified against data_imputed	43	43	21	22	0	0.4883720930232558	0.5116279069767442	-0.08410445595918767	-0.006698515309381897	-0.1543340380549683	2564870374	wilcox	average_ranks	True	0	4000	mean_paired_tumor_minus_normal	4000_whole_case_percentile_bootstrap_pointwise	normal_tie_corrected_continuity_corrected	361.0	NOT_SUPPORTED_THIS_TEST
PRAD	CAMP_PRAD	04_ROBUSTNESS	20260922T142000Z_discovery_v1	prad_discovery_v1	METAB_PAIRED_AVAILABLE	HMDB:HMDB0028907	isoleucylglycine	NA	author_case	15	15	mean_paired_difference_author_log2_scale	-0.2604251017802715	-0.6419100111340977	0.11371640816334432	0.22930908203125	0.4960695	METAB_PAIRED_AVAILABLE	344.0	DONE	NA	CAMP_v0.3.4_PRAD	PRAD_FEATURE:9f0d4620a35a8f7b	43	False	15	finite author data values; unchanged observed values verified against data_imputed	15	15	5	10	0	0.3333333333333333	0.6666666666666666	-0.2604251017802715	-0.07443545847606298	-0.36666666666666664	3226713265	wilcox	average_ranks	False	32768	4000	mean_paired_tumor_minus_normal	4000_whole_case_percentile_bootstrap_pointwise	exhaustive_sign_flip	361.0	NOT_SUPPORTED_THIS_TEST
PRAD	CAMP_PRAD	04_ROBUSTNESS	20260922T142000Z_discovery_v1	prad_discovery_v1	METAB_PAIRED_AVAILABLE	NAME:isoleucylserine	isoleucylserine	NA	author_case	14	14	mean_paired_difference_author_log2_scale	-0.5725669113813028	-0.9357520257238425	-0.2364455821629379	0.0052490234375	0.08207563920454546	METAB_PAIRED_AVAILABLE	344.0	DONE	NA	CAMP_v0.3.4_PRAD	PRAD_FEATURE:bf2f9e6f33155121	43	False	14	finite author data values; unchanged observed values verified against data_imputed	14	14	3	11	0	0.21428571428571427	0.7857142857142857	-0.5725669113813028	-0.335315410517832	-0.8095238095238095	436045060	wilcox	average_ranks	False	16384	4000	mean_paired_tumor_minus_normal	4000_whole_case_percentile_bootstrap_pointwise	exhaustive_sign_flip	361.0	NOMINAL_EXPLORATORY
PRAD	CAMP_PRAD	04_ROBUSTNESS	20260922T142000Z_discovery_v1	prad_discovery_v1	METAB_PAIRED_AVAILABLE	KEGG:C20826	isovalerylcarnitine	NA	author_case	38	38	mean_paired_difference_author_log2_scale	-0.08548329139499275	-0.35411068825030795	0.1592251955033491	0.6635128737872763	0.8210375128878526	METAB_PAIRED_AVAILABLE	344.0	DONE	NA	CAMP_v0.3.4_PRAD	PRAD_FEATURE:16a9bda42bdac780	43	False	38	finite author data values; unchanged observed values verified against data_imputed	38	38	15	23	0	0.39473684210526316	0.6052631578947368	-0.08548329139499275	-0.1664859481234936	-0.08232118758434548	1992999176	wilcox	average_ranks	True	0	4000	mean_paired_tumor_minus_normal	4000_whole_case_percentile_bootstrap_pointwise	normal_tie_corrected_continuity_corrected	361.0	NOT_SUPPORTED_THIS_TEST
PRAD	CAMP_PRAD	04_ROBUSTNESS	20260922T142000Z_discovery_v1	prad_discovery_v1	METAB_PAIRED_AVAILABLE	KEGG:C00328	kynurenine	NA	author_case	41	41	mean_paired_difference_author_log2_scale	0.014235837060163544	-0.21365699820173462	0.2477148137346792	0.6974605258278949	0.8409901045296168	METAB_PAIRED_AVAILABLE	344.0	DONE	NA	CAMP_v0.3.4_PRAD	PRAD_FEATURE:831c37a1c015dff1	43	False	41	finite author data values; unchanged observed values verified against data_imputed	41	41	22	19	0	0.5365853658536586	0.4634146341463415	0.014235837060163544	0.1877773500343208	0.07084785133565621	263862239	wilcox	average_ranks	True	0	4000	mean_paired_tumor_minus_normal	4000_whole_case_percentile_bootstrap_pointwise	normal_tie_corrected_continuity_corrected	361.0	NOT_SUPPORTED_THIS_TEST
PRAD	CAMP_PRAD	04_ROBUSTNESS	20260922T142000Z_discovery_v1	prad_discovery_v1	METAB_PAIRED_AVAILABLE	KEGG:C00186	lactate	NA	author_case	43	43	mean_paired_difference_author_log2_scale	-0.05548618222018611	-0.2690038697119576	0.15140550582336748	0.6858370594146657	0.8336676623273674	METAB_PAIRED_AVAILABLE	344.0	DONE	NA	CAMP_v0.3.4_PRAD	PRAD_FEATURE:b1d6fe29842d33ef	43	False	43	finite author data values; unchanged observed values verified against data_imputed	43	43	19	24	0	0.4418604651162791	0.5581395348837209	-0.05548618222018611	-0.030076285067114017	-0.07188160676532769	2338931525	wilcox	average_ranks	True	0	4000	mean_paired_tumor_minus_normal	4000_whole_case_percentile_bootstrap_pointwise	normal_tie_corrected_continuity_corrected	361.0	NOT_SUPPORTED_THIS_TEST
PRAD	CAMP_PRAD	04_ROBUSTNESS	20260922T142000Z_discovery_v1	prad_discovery_v1	METAB_PAIRED_AVAILABLE	KEGG:C02679	laurate (12:0)	NA	author_case	36	36	mean_paired_difference_author_log2_scale	-0.1538293895893005	-0.47352755964010834	0.14613439219911295	0.4275541100333119	0.6258664419211034	METAB_PAIRED_AVAILABLE	344.0	DONE	NA	CAMP_v0.3.4_PRAD	PRAD_FEATURE:8668f9adf3a3b867	43	False	36	finite author data values; unchanged observed values verified against data_imputed	36	36	16	20	0	0.4444444444444444	0.5555555555555556	-0.1538293895893005	-0.02860893228194796	-0.15315315315315314	580626904	wilcox	average_ranks	True	0	4000	mean_paired_tumor_minus_normal	4000_whole_case_percentile_bootstrap_pointwise	normal_tie_corrected_continuity_corrected	361.0	NOT_SUPPORTED_THIS_TEST
PRAD	CAMP_PRAD	04_ROBUSTNESS	20260922T142000Z_discovery_v1	prad_discovery_v1	METAB_PAIRED_AVAILABLE	HMDB:HMDB02250	laurylcarnitine	NA	author_case	21	21	mean_paired_difference_author_log2_scale	0.02493120601752808	-0.5646602486579657	0.6087756735856125	0.73314	0.863347909556314	METAB_PAIRED_AVAILABLE	344.0	DONE	NA	CAMP_v0.3.4_PRAD	PRAD_FEATURE:7033bbfa0500f1db	43	False	21	finite author data values; unchanged observed values verified against data_imputed	21	21	13	8	0	0.6190476190476191	0.38095238095238093	0.02493120601752808	0.11387157832724598	0.09090909090909091	3898776609	wilcox	average_ranks	False	99999	4000	mean_paired_tumor_minus_normal	4000_whole_case_percentile_bootstrap_pointwise	Monte_Carlo_sign_flip_plus1	361.0	NOT_SUPPORTED_THIS_TEST
PRAD	CAMP_PRAD	04_ROBUSTNESS	20260922T142000Z_discovery_v1	prad_discovery_v1	METAB_PAIRED_AVAILABLE	KEGG:C00123	leucine	NA	author_case	43	43	mean_paired_difference_author_log2_scale	-0.05850679121706699	-0.19896414939421692	0.0768772959675921	0.5182729083444129	0.7046872745868696	METAB_PAIRED_AVAILABLE	344.0	DONE	NA	CAMP_v0.3.4_PRAD	PRAD_FEATURE:b754e6401a70856c	43	False	43	finite author data values; unchanged observed values verified against data_imputed	43	43	20	23	0	0.46511627906976744	0.5348837209302325	-0.05850679121706699	-0.0060133046777209875	-0.11416490486257928	3766877905	wilcox	average_ranks	True	0	4000	mean_paired_tumor_minus_normal	4000_whole_case_percentile_bootstrap_pointwise	normal_tie_corrected_continuity_corrected	361.0	NOT_SUPPORTED_THIS_TEST
PRAD	CAMP_PRAD	04_ROBUSTNESS	20260922T142000Z_discovery_v1	prad_discovery_v1	METAB_PAIRED_AVAILABLE	NAME:leucylglutamate	leucylglutamate	NA	author_case	18	18	mean_paired_difference_author_log2_scale	-0.14846901112078725	-0.5487150136538184	0.2719773338397513	0.28587	0.5403257142857143	METAB_PAIRED_AVAILABLE	344.0	DONE	NA	CAMP_v0.3.4_PRAD	PRAD_FEATURE:b0a089344c6916a4	43	False	18	finite author data values; unchanged observed values verified against data_imputed	18	18	8	10	0	0.4444444444444444	0.5555555555555556	-0.14846901112078725	-0.31735251386618135	-0.2982456140350877	3476689925	wilcox	average_ranks	False	99999	4000	mean_paired_tumor_minus_normal	4000_whole_case_percentile_bootstrap_pointwise	Monte_Carlo_sign_flip_plus1	361.0	NOT_SUPPORTED_THIS_TEST
PRAD	CAMP_PRAD	04_ROBUSTNESS	20260922T142000Z_discovery_v1	prad_discovery_v1	METAB_PAIRED_AVAILABLE	HMDB:HMDB28929	leucylglycine	NA	author_case	16	16	mean_paired_difference_author_log2_scale	-0.2693043844689872	-1.013228901498155	0.3827234363159862	0.781951904296875	0.8913017218543046	METAB_PAIRED_AVAILABLE	344.0	DONE	NA	CAMP_v0.3.4_PRAD	PRAD_FEATURE:57378f59dedca059	43	False	16	finite author data values; unchanged observed values verified against data_imputed	16	16	7	9	0	0.4375	0.5625	-0.2693043844689872	-0.134399585610686	-0.08823529411764706	1280362874	wilcox	average_ranks	False	65536	4000	mean_paired_tumor_minus_normal	4000_whole_case_percentile_bootstrap_pointwise	exhaustive_sign_flip	361.0	NOT_SUPPORTED_THIS_TEST
PRAD	CAMP_PRAD	04_ROBUSTNESS	20260922T142000Z_discovery_v1	prad_discovery_v1	METAB_PAIRED_AVAILABLE	NAME:leucylserine	leucylserine	NA	author_case	17	17	mean_paired_difference_author_log2_scale	-0.09821237889079748	-0.6012170911062202	0.3833227448225736	0.78248	0.8913017218543046	METAB_PAIRED_AVAILABLE	344.0	DONE	NA	CAMP_v0.3.4_PRAD	PRAD_FEATURE:28e615c9fa9f3c26	43	False	17	finite author data values; unchanged observed values verified against data_imputed	17	17	8	9	0	0.47058823529411764	0.5294117647058824	-0.09821237889079748	-0.04789934764975201	-0.08496732026143791	2621755732	wilcox	average_ranks	False	99999	4000	mean_paired_tumor_minus_normal	4000_whole_case_percentile_bootstrap_pointwise	Monte_Carlo_sign_flip_plus1	361.0	NOT_SUPPORTED_THIS_TEST
PRAD	CAMP_PRAD	04_ROBUSTNESS	20260922T142000Z_discovery_v1	prad_discovery_v1	METAB_PAIRED_AVAILABLE	NAME:leucylthreonine	leucylthreonine	NA	author_case	14	14	mean_paired_difference_author_log2_scale	-0.730271437295097	-1.251665777259442	-0.18806878392271137	0.0352783203125	0.20569054555084745	METAB_PAIRED_AVAILABLE	344.0	DONE	NA	CAMP_v0.3.4_PRAD	PRAD_FEATURE:484bfda70e7b8091	43	False	14	finite author data values; unchanged observed values verified against data_imputed	14	14	4	10	0	0.2857142857142857	0.7142857142857143	-0.730271437295097	-0.6084405696482025	-0.638095238095238	4087853356	wilcox	average_ranks	False	16384	4000	mean_paired_tumor_minus_normal	4000_whole_case_percentile_bootstrap_pointwise	exhaustive_sign_flip	361.0	NOMINAL_EXPLORATORY
PRAD	CAMP_PRAD	04_ROBUSTNESS	20260922T142000Z_discovery_v1	prad_discovery_v1	METAB_PAIRED_AVAILABLE	KEGG:C01595	linoleate (18:2n6)	NA	author_case	43	43	mean_paired_difference_author_log2_scale	0.3268775100237512	0.028778630025257615	0.6558700930941544	0.17052866033027136	0.4131116841803757	METAB_PAIRED_AVAILABLE	344.0	DONE	NA	CAMP_v0.3.4_PRAD	PRAD_FEATURE:88d7eb90960abc5a	43	False	43	finite author data values; unchanged observed values verified against data_imputed	43	43	25	18	0	0.5813953488372093	0.4186046511627907	0.3268775100237512	0.16011380039619805	0.24101479915433405	2202597001	wilcox	average_ranks	True	0	4000	mean_paired_tumor_minus_normal	4000_whole_case_percentile_bootstrap_pointwise	normal_tie_corrected_continuity_corrected	361.0	NOT_SUPPORTED_THIS_TEST
PRAD	CAMP_PRAD	04_ROBUSTNESS	20260922T142000Z_discovery_v1	prad_discovery_v1	METAB_PAIRED_AVAILABLE	KEGG:C06427	linolenate [alpha or gamma; (18:3n3 or 6)]	NA	author_case	43	43	mean_paired_difference_author_log2_scale	0.09484172727541008	-0.20054771096849366	0.404540770003227	0.5744667568380345	0.745722884348241	METAB_PAIRED_AVAILABLE	344.0	DONE	NA	CAMP_v0.3.4_PRAD	PRAD_FEATURE:348ae1e6c7d7693f	43	False	43	finite author data values; unchanged observed values verified against data_imputed	43	43	22	21	0	0.5116279069767442	0.4883720930232558	0.09484172727541008	0.03357326272106009	0.09936575052854123	629583043	wilcox	average_ranks	True	0	4000	mean_paired_tumor_minus_normal	4000_whole_case_percentile_bootstrap_pointwise	normal_tie_corrected_continuity_corrected	361.0	NOT_SUPPORTED_THIS_TEST
PRAD	CAMP_PRAD	04_ROBUSTNESS	20260922T142000Z_discovery_v1	prad_discovery_v1	METAB_PAIRED_AVAILABLE	KEGG:C00047	lysine	NA	author_case	43	43	mean_paired_difference_author_log2_scale	-0.02993835728390928	-0.29060905180718666	0.20856629676463367	0.7858631364919182	0.8922010526508906	METAB_PAIRED_AVAILABLE	344.0	DONE	NA	CAMP_v0.3.4_PRAD	PRAD_FEATURE:b235fe32490cda94	43	False	43	finite author data values; unchanged observed values verified against data_imputed	43	43	22	21	0	0.5116279069767442	0.4883720930232558	-0.02993835728390928	0.0006846205390750038	0.048625792811839326	1954611807	wilcox	average_ranks	True	0	4000	mean_paired_tumor_minus_normal	4000_whole_case_percentile_bootstrap_pointwise	normal_tie_corrected_continuity_corrected	361.0	NOT_SUPPORTED_THIS_TEST
PRAD	CAMP_PRAD	04_ROBUSTNESS	20260922T142000Z_discovery_v1	prad_discovery_v1	METAB_PAIRED_AVAILABLE	KEGG:C00149	malate	NA	author_case	43	43	mean_paired_difference_author_log2_scale	0.09913326485216399	-0.056854064664335506	0.2596641081496066	0.14566046698206572	0.3854400049371585	METAB_PAIRED_AVAILABLE	344.0	DONE	NA	CAMP_v0.3.4_PRAD	PRAD_FEATURE:8dee5f53edb4a53f	43	False	43	finite author data values; unchanged observed values verified against data_imputed	43	43	25	18	0	0.5813953488372093	0.4186046511627907	0.09913326485216399	0.048330745659692004	0.2558139534883721	2439820131	wilcox	average_ranks	True	0	4000	mean_paired_tumor_minus_normal	4000_whole_case_percentile_bootstrap_pointwise	normal_tie_corrected_continuity_corrected	361.0	NOT_SUPPORTED_THIS_TEST
PRAD	CAMP_PRAD	04_ROBUSTNESS	20260922T142000Z_discovery_v1	prad_discovery_v1	METAB_PAIRED_AVAILABLE	KEGG:C06218	maltopentaose	NA	author_case	5	5	NA	NA	NA	NA	NA	NA	METAB_PAIRED_AVAILABLE	344.0	NOT_EVALUABLE	fewer_than_8_complete_pairs	CAMP_v0.3.4_PRAD	PRAD_FEATURE:ff32caa8d4651ef5	43	False	5	finite author data values; unchanged observed values verified against data_imputed	5	5	1	4	0	0.2	0.8	0.13201512413288183	-0.818079959537017	-0.3333333333333333	1650722341	wilcox	average_ranks	False	0	0	mean_paired_tumor_minus_normal	4000_whole_case_percentile_bootstrap_pointwise	NA	361.0	NOT_EVALUABLE
PRAD	CAMP_PRAD	04_ROBUSTNESS	20260922T142000Z_discovery_v1	prad_discovery_v1	METAB_PAIRED_AVAILABLE	KEGG:C00208	maltose	NA	author_case	41	41	mean_paired_difference_author_log2_scale	-0.31360015296858235	-0.7058826787933213	0.05143119505578135	0.3183794405309446	0.5674742359722535	METAB_PAIRED_AVAILABLE	344.0	DONE	NA	CAMP_v0.3.4_PRAD	PRAD_FEATURE:6fe63a2a8258d9f8	43	False	41	finite author data values; unchanged observed values verified against data_imputed	41	41	19	22	0	0.4634146341463415	0.5365853658536586	-0.31360015296858235	-0.15332052455171696	-0.1800232288037166	1831694403	wilcox	average_ranks	True	0	4000	mean_paired_tumor_minus_normal	4000_whole_case_percentile_bootstrap_pointwise	normal_tie_corrected_continuity_corrected	361.0	NOT_SUPPORTED_THIS_TEST
PRAD	CAMP_PRAD	04_ROBUSTNESS	20260922T142000Z_discovery_v1	prad_discovery_v1	METAB_PAIRED_AVAILABLE	KEGG:C02052	maltotetraose	NA	author_case	26	26	mean_paired_difference_author_log2_scale	-0.3370810739310226	-1.0480038968018284	0.3455127355166162	0.35157	0.5828153846153846	METAB_PAIRED_AVAILABLE	344.0	DONE	NA	CAMP_v0.3.4_PRAD	PRAD_FEATURE:79d671bf41698d7e	43	False	26	finite author data values; unchanged observed values verified against data_imputed	26	26	11	15	0	0.4230769230769231	0.5769230769230769	-0.3370810739310226	-0.35063748208920686	-0.21367521367521367	3283870649	wilcox	average_ranks	False	99999	4000	mean_paired_tumor_minus_normal	4000_whole_case_percentile_bootstrap_pointwise	Monte_Carlo_sign_flip_plus1	361.0	NOT_SUPPORTED_THIS_TEST
PRAD	CAMP_PRAD	04_ROBUSTNESS	20260922T142000Z_discovery_v1	prad_discovery_v1	METAB_PAIRED_AVAILABLE	KEGG:C01835	maltotriose	NA	author_case	31	31	mean_paired_difference_author_log2_scale	-0.5658315669608681	-1.171474019083822	0.052491123594087634	0.0761479901304008	0.2986111111111111	METAB_PAIRED_AVAILABLE	344.0	DONE	NA	CAMP_v0.3.4_PRAD	PRAD_FEATURE:37b79babe40ab950	43	False	31	finite author data values; unchanged observed values verified against data_imputed	31	31	10	21	0	0.3225806451612903	0.6774193548387096	-0.5658315669608681	-0.5617708952924714	-0.36693548387096775	1259274605	wilcox	average_ranks	True	0	4000	mean_paired_tumor_minus_normal	4000_whole_case_percentile_bootstrap_pointwise	normal_tie_corrected_continuity_corrected	361.0	NOT_SUPPORTED_THIS_TEST
PRAD	CAMP_PRAD	04_ROBUSTNESS	20260922T142000Z_discovery_v1	prad_discovery_v1	METAB_PAIRED_AVAILABLE	KEGG:C00392	mannitol	NA	author_case	43	43	mean_paired_difference_author_log2_scale	-0.1951119928403361	-0.47521208641335677	0.07773359819697494	0.36194830153812674	0.5929057891862648	METAB_PAIRED_AVAILABLE	344.0	DONE	NA	CAMP_v0.3.4_PRAD	PRAD_FEATURE:1f6edaa42faab4e8	43	False	43	finite author data values; unchanged observed values verified against data_imputed	43	43	20	23	0	0.46511627906976744	0.5348837209302325	-0.1951119928403361	-0.106526169914324	-0.160676532769556	463130040	wilcox	average_ranks	True	0	4000	mean_paired_tumor_minus_normal	4000_whole_case_percentile_bootstrap_pointwise	normal_tie_corrected_continuity_corrected	361.0	NOT_SUPPORTED_THIS_TEST
PRAD	CAMP_PRAD	04_ROBUSTNESS	20260922T142000Z_discovery_v1	prad_discovery_v1	METAB_PAIRED_AVAILABLE	KEGG:C00159	mannose	NA	author_case	41	41	mean_paired_difference_author_log2_scale	-0.15533398430658263	-0.5028679142732653	0.18740393998607108	0.6595140436931464	0.8190354910846295	METAB_PAIRED_AVAILABLE	344.0	DONE	NA	CAMP_v0.3.4_PRAD	PRAD_FEATURE:29d74b6fd54c8a21	43	False	41	finite author data values; unchanged observed values verified against data_imputed	41	41	20	21	0	0.4878048780487805	0.5121951219512195	-0.15533398430658263	-0.06419790954690996	-0.08013937282229965	1724664789	wilcox	average_ranks	True	0	4000	mean_paired_tumor_minus_normal	4000_whole_case_percentile_bootstrap_pointwise	normal_tie_corrected_continuity_corrected	361.0	NOT_SUPPORTED_THIS_TEST
PRAD	CAMP_PRAD	04_ROBUSTNESS	20260922T142000Z_discovery_v1	prad_discovery_v1	METAB_PAIRED_AVAILABLE	KEGG:C00275	mannose 6-phosphate	NA	author_case	14	14	mean_paired_difference_author_log2_scale	0.012647125850783869	-0.9211711490522468	0.9722852929026187	1.0	1.0	METAB_PAIRED_AVAILABLE	344.0	DONE	NA	CAMP_v0.3.4_PRAD	PRAD_FEATURE:476819b94e143528	43	False	14	finite author data values; unchanged observed values verified against data_imputed	14	14	7	7	0	0.5	0.5	0.012647125850783869	0.14039097932766154	-0.009523809523809525	448995238	wilcox	average_ranks	False	16384	4000	mean_paired_tumor_minus_normal	4000_whole_case_percentile_bootstrap_pointwise	exhaustive_sign_flip	361.0	NOT_SUPPORTED_THIS_TEST
PRAD	CAMP_PRAD	04_ROBUSTNESS	20260922T142000Z_discovery_v1	prad_discovery_v1	METAB_PAIRED_AVAILABLE	HMDB:HMDB10378	mead acid (20:3n9)	NA	author_case	29	29	mean_paired_difference_author_log2_scale	0.1380321677458825	-0.3669920388375166	0.6346465204004965	0.59429	0.7628199999999999	METAB_PAIRED_AVAILABLE	344.0	DONE	NA	CAMP_v0.3.4_PRAD	PRAD_FEATURE:870ab78eb1555473	43	False	29	finite author data values; unchanged observed values verified against data_imputed	29	29	17	12	0	0.5862068965517241	0.41379310344827586	0.1380321677458825	0.25393822314553804	0.11724137931034483	4108928514	wilcox	average_ranks	False	99999	4000	mean_paired_tumor_minus_normal	4000_whole_case_percentile_bootstrap_pointwise	Monte_Carlo_sign_flip_plus1	361.0	NOT_SUPPORTED_THIS_TEST
PRAD	CAMP_PRAD	04_ROBUSTNESS	20260922T142000Z_discovery_v1	prad_discovery_v1	METAB_PAIRED_AVAILABLE	KEGG:C00073	methionine	NA	author_case	43	43	mean_paired_difference_author_log2_scale	0.06161557905916807	-0.11599249022122918	0.23632737699009634	0.3748049209157388	0.5989963285857545	METAB_PAIRED_AVAILABLE	344.0	DONE	NA	CAMP_v0.3.4_PRAD	PRAD_FEATURE:a84653a33a951c44	43	False	43	finite author data values; unchanged observed values verified against data_imputed	43	43	25	18	0	0.5813953488372093	0.4186046511627907	0.06161557905916807	0.09895600314056299	0.15644820295983086	283925554	wilcox	average_ranks	True	0	4000	mean_paired_tumor_minus_normal	4000_whole_case_percentile_bootstrap_pointwise	normal_tie_corrected_continuity_corrected	361.0	NOT_SUPPORTED_THIS_TEST
PRAD	CAMP_PRAD	04_ROBUSTNESS	20260922T142000Z_discovery_v1	prad_discovery_v1	METAB_PAIRED_AVAILABLE	KEGG:C02603	methyl-alpha-glucopyranoside	NA	author_case	38	38	mean_paired_difference_author_log2_scale	0.2695216526792585	-0.2317442172076161	0.789481394186516	0.4250880446579214	0.6258664419211034	METAB_PAIRED_AVAILABLE	344.0	DONE	NA	CAMP_v0.3.4_PRAD	PRAD_FEATURE:86c30485ada4860e	43	False	38	finite author data values; unchanged observed values verified against data_imputed	38	38	20	18	0	0.5263157894736842	0.47368421052631576	0.2695216526792585	0.06427353303299294	0.14979757085020243	2647339570	wilcox	average_ranks	True	0	4000	mean_paired_tumor_minus_normal	4000_whole_case_percentile_bootstrap_pointwise	normal_tie_corrected_continuity_corrected	361.0	NOT_SUPPORTED_THIS_TEST
PRAD	CAMP_PRAD	04_ROBUSTNESS	20260922T142000Z_discovery_v1	prad_discovery_v1	METAB_PAIRED_AVAILABLE	HMDB:HMDB61711	methylphosphate	NA	author_case	43	43	mean_paired_difference_author_log2_scale	0.21959840187722968	-0.09573765777440113	0.5243014642630097	0.10696060156439938	0.3471174239448433	METAB_PAIRED_AVAILABLE	344.0	DONE	NA	CAMP_v0.3.4_PRAD	PRAD_FEATURE:4960562b64744418	43	False	43	finite author data values; unchanged observed values verified against data_imputed	43	43	27	16	0	0.627906976744186	0.37209302325581395	0.21959840187722968	0.24278089347585707	0.2832980972515856	1936499291	wilcox	average_ranks	True	0	4000	mean_paired_tumor_minus_normal	4000_whole_case_percentile_bootstrap_pointwise	normal_tie_corrected_continuity_corrected	361.0	NOT_SUPPORTED_THIS_TEST
PRAD	CAMP_PRAD	04_ROBUSTNESS	20260922T142000Z_discovery_v1	prad_discovery_v1	METAB_PAIRED_AVAILABLE	KEGG:C00137	myo-inositol	NA	author_case	43	43	mean_paired_difference_author_log2_scale	-0.21048829257312435	-0.4059667390369729	-0.007590290794542902	0.03511071505405291	0.20569054555084745	METAB_PAIRED_AVAILABLE	344.0	DONE	NA	CAMP_v0.3.4_PRAD	PRAD_FEATURE:69e28adb52547c66	43	False	43	finite author data values; unchanged observed values verified against data_imputed	43	43	16	27	0	0.37209302325581395	0.627906976744186	-0.21048829257312435	-0.252818681818609	-0.3699788583509514	3287017708	wilcox	average_ranks	True	0	4000	mean_paired_tumor_minus_normal	4000_whole_case_percentile_bootstrap_pointwise	normal_tie_corrected_continuity_corrected	361.0	NOMINAL_EXPLORATORY
PRAD	CAMP_PRAD	04_ROBUSTNESS	20260922T142000Z_discovery_v1	prad_discovery_v1	METAB_PAIRED_AVAILABLE	KEGG:C06424	myristate (14:0)	NA	author_case	30	30	mean_paired_difference_author_log2_scale	-0.2929345795437609	-0.5865644750333758	0.024973923463456324	0.05070213506377892	0.24207897435897438	METAB_PAIRED_AVAILABLE	344.0	DONE	NA	CAMP_v0.3.4_PRAD	PRAD_FEATURE:c72897d0b0d6e98a	43	False	30	finite author data values; unchanged observed values verified against data_imputed	30	30	11	19	0	0.36666666666666664	0.6333333333333333	-0.2929345795437609	-0.2963297300838824	-0.410752688172043	4006686669	wilcox	average_ranks	True	0	4000	mean_paired_tumor_minus_normal	4000_whole_case_percentile_bootstrap_pointwise	normal_tie_corrected_continuity_corrected	361.0	NOT_SUPPORTED_THIS_TEST
PRAD	CAMP_PRAD	04_ROBUSTNESS	20260922T142000Z_discovery_v1	prad_discovery_v1	METAB_PAIRED_AVAILABLE	KEGG:C08322	myristoleate (14:1n5)	NA	author_case	22	22	mean_paired_difference_author_log2_scale	-0.33985215568554017	-0.7799379220935365	0.15998014128853247	0.12043	0.3546115254237288	METAB_PAIRED_AVAILABLE	344.0	DONE	NA	CAMP_v0.3.4_PRAD	PRAD_FEATURE:b27c649fdd918aa7	43	False	22	finite author data values; unchanged observed values verified against data_imputed	22	22	7	15	0	0.3181818181818182	0.6818181818181818	-0.33985215568554017	-0.7228481855947195	-0.383399209486166	3251158906	wilcox	average_ranks	False	99999	4000	mean_paired_tumor_minus_normal	4000_whole_case_percentile_bootstrap_pointwise	Monte_Carlo_sign_flip_plus1	361.0	NOT_SUPPORTED_THIS_TEST
PRAD	CAMP_PRAD	04_ROBUSTNESS	20260922T142000Z_discovery_v1	prad_discovery_v1	METAB_PAIRED_AVAILABLE	KEGG:C12270	N-acetyl-aspartyl-glutamate (NAAG)	NA	author_case	32	32	mean_paired_difference_author_log2_scale	-0.34878404593111767	-0.6548171518626051	-0.04794254102571117	0.06828118569368316	0.28299672142924104	METAB_PAIRED_AVAILABLE	344.0	DONE	NA	CAMP_v0.3.4_PRAD	PRAD_FEATURE:21705b2bca753164	43	False	32	finite author data values; unchanged observed values verified against data_imputed	32	32	14	18	0	0.4375	0.5625	-0.34878404593111767	-0.254472220707586	-0.3712121212121212	2891145298	wilcox	average_ranks	True	0	4000	mean_paired_tumor_minus_normal	4000_whole_case_percentile_bootstrap_pointwise	normal_tie_corrected_continuity_corrected	361.0	NOT_SUPPORTED_THIS_TEST
PRAD	CAMP_PRAD	04_ROBUSTNESS	20260922T142000Z_discovery_v1	prad_discovery_v1	METAB_PAIRED_AVAILABLE	KEGG:C02847	N-acetylalanine	NA	author_case	16	16	mean_paired_difference_author_log2_scale	-0.26198037255734785	-0.5647756507823225	0.019275811006011046	0.274444580078125	0.537767926880042	METAB_PAIRED_AVAILABLE	344.0	DONE	NA	CAMP_v0.3.4_PRAD	PRAD_FEATURE:50b2a9e6511b7513	43	False	16	finite author data values; unchanged observed values verified against data_imputed	16	16	8	8	0	0.5	0.5	-0.26198037255734785	-0.048060052152641	-0.3235294117647059	205389876	wilcox	average_ranks	False	65536	4000	mean_paired_tumor_minus_normal	4000_whole_case_percentile_bootstrap_pointwise	exhaustive_sign_flip	361.0	NOT_SUPPORTED_THIS_TEST
PRAD	CAMP_PRAD	04_ROBUSTNESS	20260922T142000Z_discovery_v1	prad_discovery_v1	METAB_PAIRED_AVAILABLE	KEGG:C01042	N-acetylaspartate (NAA)	NA	author_case	43	43	mean_paired_difference_author_log2_scale	0.1511954910505524	-0.07630137842833169	0.39479884583413416	0.4150383733937282	0.6258664419211034	METAB_PAIRED_AVAILABLE	344.0	DONE	NA	CAMP_v0.3.4_PRAD	PRAD_FEATURE:6162a37c131255c8	43	False	43	finite author data values; unchanged observed values verified against data_imputed	43	43	24	19	0	0.5581395348837209	0.4418604651162791	0.1511954910505524	0.151514573458097	0.14376321353065538	259785591	wilcox	average_ranks	True	0	4000	mean_paired_tumor_minus_normal	4000_whole_case_percentile_bootstrap_pointwise	normal_tie_corrected_continuity_corrected	361.0	NOT_SUPPORTED_THIS_TEST
PRAD	CAMP_PRAD	04_ROBUSTNESS	20260922T142000Z_discovery_v1	prad_discovery_v1	METAB_PAIRED_AVAILABLE	KEGG:C01074	N-acetylgalactosamine	NA	author_case	27	27	mean_paired_difference_author_log2_scale	0.7216299178799117	0.3384925347960627	1.1492622792627571	0.00257	0.06620170501304004	METAB_PAIRED_AVAILABLE	344.0	DONE	NA	CAMP_v0.3.4_PRAD	PRAD_FEATURE:8ca6dcc269660d3c	43	False	27	finite author data values; unchanged observed values verified against data_imputed	27	27	19	8	0	0.7037037037037037	0.2962962962962963	0.7216299178799117	0.546692544780787	0.6402116402116402	3962479662	wilcox	average_ranks	False	99999	4000	mean_paired_tumor_minus_normal	4000_whole_case_percentile_bootstrap_pointwise	Monte_Carlo_sign_flip_plus1	361.0	NOMINAL_EXPLORATORY
PRAD	CAMP_PRAD	04_ROBUSTNESS	20260922T142000Z_discovery_v1	prad_discovery_v1	METAB_PAIRED_AVAILABLE	KEGG:C00140	N-acetylglucosamine	NA	author_case	41	41	mean_paired_difference_author_log2_scale	0.6145586681780626	0.2500857542102484	0.993975972071339	0.003131702583058262	0.07182037923813614	METAB_PAIRED_AVAILABLE	344.0	DONE	NA	CAMP_v0.3.4_PRAD	PRAD_FEATURE:1982b9b3bdf60163	43	False	41	finite author data values; unchanged observed values verified against data_imputed	41	41	28	13	0	0.6829268292682927	0.3170731707317073	0.6145586681780626	0.4539819674478553	0.5307781649245064	4175831266	wilcox	average_ranks	True	0	4000	mean_paired_tumor_minus_normal	4000_whole_case_percentile_bootstrap_pointwise	normal_tie_corrected_continuity_corrected	361.0	NOMINAL_EXPLORATORY
PRAD	CAMP_PRAD	04_ROBUSTNESS	20260922T142000Z_discovery_v1	prad_discovery_v1	METAB_PAIRED_AVAILABLE	KEGG:C00624	N-acetylglutamate	NA	author_case	33	33	mean_paired_difference_author_log2_scale	-0.6386294426411188	-1.0110762664130963	-0.24129267516609532	0.0035859854407816446	0.07454631666950234	METAB_PAIRED_AVAILABLE	344.0	DONE	NA	CAMP_v0.3.4_PRAD	PRAD_FEATURE:37685f179fb7179c	43	False	33	finite author data values; unchanged observed values verified against data_imputed	33	33	9	24	0	0.2727272727272727	0.7272727272727273	-0.6386294426411188	-0.9096166053919077	-0.5828877005347594	3784781961	wilcox	average_ranks	True	0	4000	mean_paired_tumor_minus_normal	4000_whole_case_percentile_bootstrap_pointwise	normal_tie_corrected_continuity_corrected	361.0	NOMINAL_EXPLORATORY
PRAD	CAMP_PRAD	04_ROBUSTNESS	20260922T142000Z_discovery_v1	prad_discovery_v1	METAB_PAIRED_AVAILABLE	HMDB:HMDB00532	N-acetylglycine	NA	author_case	16	16	mean_paired_difference_author_log2_scale	-0.19369862578324365	-0.5533163138573741	0.15997020259516748	0.348388671875	0.5828153846153846	METAB_PAIRED_AVAILABLE	344.0	DONE	NA	CAMP_v0.3.4_PRAD	PRAD_FEATURE:64ca583204b378f8	43	False	16	finite author data values; unchanged observed values verified against data_imputed	16	16	6	10	0	0.375	0.625	-0.19369862578324365	-0.17363531719403097	-0.27941176470588236	918745290	wilcox	average_ranks	False	65536	4000	mean_paired_tumor_minus_normal	4000_whole_case_percentile_bootstrap_pointwise	exhaustive_sign_flip	361.0	NOT_SUPPORTED_THIS_TEST
PRAD	CAMP_PRAD	04_ROBUSTNESS	20260922T142000Z_discovery_v1	prad_discovery_v1	METAB_PAIRED_AVAILABLE	KEGG:C02712	N-acetylmethionine	NA	author_case	42	42	mean_paired_difference_author_log2_scale	-0.03055480945926742	-0.23740395313460802	0.1696664870154052	0.7451089787556452	0.8659374617971012	METAB_PAIRED_AVAILABLE	344.0	DONE	NA	CAMP_v0.3.4_PRAD	PRAD_FEATURE:12ed199c1df77d36	43	False	42	finite author data values; unchanged observed values verified against data_imputed	42	42	25	17	0	0.5952380952380952	0.40476190476190477	-0.03055480945926742	0.13386887781894702	0.058693244739756366	2145596281	wilcox	average_ranks	True	0	4000	mean_paired_tumor_minus_normal	4000_whole_case_percentile_bootstrap_pointwise	normal_tie_corrected_continuity_corrected	361.0	NOT_SUPPORTED_THIS_TEST
PRAD	CAMP_PRAD	04_ROBUSTNESS	20260922T142000Z_discovery_v1	prad_discovery_v1	METAB_PAIRED_AVAILABLE	KEGG:C00270	N-acetylneuraminate	NA	author_case	39	39	mean_paired_difference_author_log2_scale	0.26824464566202827	-0.10089396541888716	0.636447636640743	0.23280972329876637	0.4974319553712772	METAB_PAIRED_AVAILABLE	344.0	DONE	NA	CAMP_v0.3.4_PRAD	PRAD_FEATURE:cb9d09186b2530e7	43	False	39	finite author data values; unchanged observed values verified against data_imputed	39	39	23	16	0	0.5897435897435898	0.41025641025641024	0.26824464566202827	0.300152581658961	0.2205128205128205	3244047382	wilcox	average_ranks	True	0	4000	mean_paired_tumor_minus_normal	4000_whole_case_percentile_bootstrap_pointwise	normal_tie_corrected_continuity_corrected	361.0	NOT_SUPPORTED_THIS_TEST
PRAD	CAMP_PRAD	04_ROBUSTNESS	20260922T142000Z_discovery_v1	prad_discovery_v1	METAB_PAIRED_AVAILABLE	KEGG:C02714	N-acetylputrescine	NA	author_case	37	37	mean_paired_difference_author_log2_scale	-0.4723783680710554	-0.8620982073784291	-0.0737583550072751	0.01859958019067207	0.14879664152537656	METAB_PAIRED_AVAILABLE	344.0	DONE	NA	CAMP_v0.3.4_PRAD	PRAD_FEATURE:7609cbd0f3512291	43	False	37	finite author data values; unchanged observed values verified against data_imputed	37	37	12	25	0	0.32432432432432434	0.6756756756756757	-0.4723783680710554	-0.4802665576907239	-0.44523470839260315	2207584251	wilcox	average_ranks	True	0	4000	mean_paired_tumor_minus_normal	4000_whole_case_percentile_bootstrap_pointwise	normal_tie_corrected_continuity_corrected	361.0	NOMINAL_EXPLORATORY
PRAD	CAMP_PRAD	04_ROBUSTNESS	20260922T142000Z_discovery_v1	prad_discovery_v1	METAB_PAIRED_AVAILABLE	KEGG:C01118	N-acetylthreonine	NA	author_case	32	32	mean_paired_difference_author_log2_scale	-0.3964856944867612	-0.7133104418088769	-0.07903534154830885	0.052948553827613265	0.24207897435897438	METAB_PAIRED_AVAILABLE	344.0	DONE	NA	CAMP_v0.3.4_PRAD	PRAD_FEATURE:899842357a14d040	43	False	32	finite author data values; unchanged observed values verified against data_imputed	32	32	11	21	0	0.34375	0.65625	-0.3964856944867612	-0.330313548239401	-0.3939393939393939	397295624	wilcox	average_ranks	True	0	4000	mean_paired_tumor_minus_normal	4000_whole_case_percentile_bootstrap_pointwise	normal_tie_corrected_continuity_corrected	361.0	NOT_SUPPORTED_THIS_TEST
PRAD	CAMP_PRAD	04_ROBUSTNESS	20260922T142000Z_discovery_v1	prad_discovery_v1	METAB_PAIRED_AVAILABLE	KEGG:C03145	N-formylmethionine	NA	author_case	13	13	mean_paired_difference_author_log2_scale	-0.12354510473584764	-0.4339634788932344	0.2130183260242857	0.339599609375	0.5828153846153846	METAB_PAIRED_AVAILABLE	344.0	DONE	NA	CAMP_v0.3.4_PRAD	PRAD_FEATURE:e24dfd4872d75b5c	43	False	13	finite author data values; unchanged observed values verified against data_imputed	13	13	4	9	0	0.3076923076923077	0.6923076923076923	-0.12354510473584764	-0.17600997122509499	-0.31868131868131866	2209912122	wilcox	average_ranks	False	8192	4000	mean_paired_tumor_minus_normal	4000_whole_case_percentile_bootstrap_pointwise	exhaustive_sign_flip	361.0	NOT_SUPPORTED_THIS_TEST
PRAD	CAMP_PRAD	04_ROBUSTNESS	20260922T142000Z_discovery_v1	prad_discovery_v1	METAB_PAIRED_AVAILABLE	HMDB:HMDB01563	N1-methylguanosine	NA	author_case	12	12	mean_paired_difference_author_log2_scale	-0.2404409382913858	-0.670876889697392	0.2136741105601982	0.30126953125	0.5494550432209729	METAB_PAIRED_AVAILABLE	344.0	DONE	NA	CAMP_v0.3.4_PRAD	PRAD_FEATURE:d7abdae9181ffd87	43	False	12	finite author data values; unchanged observed values verified against data_imputed	12	12	5	7	0	0.4166666666666667	0.5833333333333334	-0.2404409382913858	-0.36077071324269916	-0.358974358974359	2839972875	wilcox	average_ranks	False	4096	4000	mean_paired_tumor_minus_normal	4000_whole_case_percentile_bootstrap_pointwise	exhaustive_sign_flip	361.0	NOT_SUPPORTED_THIS_TEST
PRAD	CAMP_PRAD	04_ROBUSTNESS	20260922T142000Z_discovery_v1	prad_discovery_v1	METAB_PAIRED_AVAILABLE	HMDB:HMDB04824	N2,N2-dimethylguanosine	NA	author_case	5	5	NA	NA	NA	NA	NA	NA	METAB_PAIRED_AVAILABLE	344.0	NOT_EVALUABLE	fewer_than_8_complete_pairs	CAMP_v0.3.4_PRAD	PRAD_FEATURE:f6d0122dc9518237	43	False	5	finite author data values; unchanged observed values verified against data_imputed	5	5	2	3	0	0.4	0.6	-0.04024587136947346	-0.35918472165123805	-0.2	1147674162	wilcox	average_ranks	False	0	0	mean_paired_tumor_minus_normal	4000_whole_case_percentile_bootstrap_pointwise	NA	361.0	NOT_EVALUABLE
PRAD	CAMP_PRAD	04_ROBUSTNESS	20260922T142000Z_discovery_v1	prad_discovery_v1	METAB_PAIRED_AVAILABLE	KEGG:C02727	N6-acetyllysine	NA	author_case	26	26	mean_paired_difference_author_log2_scale	-0.2732627359987348	-0.630141690590887	0.07621412173135977	0.23701	0.5025684895670675	METAB_PAIRED_AVAILABLE	344.0	DONE	NA	CAMP_v0.3.4_PRAD	PRAD_FEATURE:b291d1f92b2aab08	43	False	26	finite author data values; unchanged observed values verified against data_imputed	26	26	9	17	0	0.34615384615384615	0.6538461538461539	-0.2732627359987348	-0.33450926633637285	-0.2706552706552707	2619069969	wilcox	average_ranks	False	99999	4000	mean_paired_tumor_minus_normal	4000_whole_case_percentile_bootstrap_pointwise	Monte_Carlo_sign_flip_plus1	361.0	NOT_SUPPORTED_THIS_TEST
PRAD	CAMP_PRAD	04_ROBUSTNESS	20260922T142000Z_discovery_v1	prad_discovery_v1	METAB_PAIRED_AVAILABLE	KEGG:C00153	nicotinamide	NA	author_case	43	43	mean_paired_difference_author_log2_scale	-0.0884047872787437	-0.3875492934532704	0.22184132777494397	0.56626542348611	0.7431344696969696	METAB_PAIRED_AVAILABLE	344.0	DONE	NA	CAMP_v0.3.4_PRAD	PRAD_FEATURE:e3ee21e04f257df8	43	False	43	finite author data values; unchanged observed values verified against data_imputed	43	43	23	20	0	0.5348837209302325	0.46511627906976744	-0.0884047872787437	0.013164769336208998	-0.1014799154334038	3296935262	wilcox	average_ranks	True	0	4000	mean_paired_tumor_minus_normal	4000_whole_case_percentile_bootstrap_pointwise	normal_tie_corrected_continuity_corrected	361.0	NOT_SUPPORTED_THIS_TEST
PRAD	CAMP_PRAD	04_ROBUSTNESS	20260922T142000Z_discovery_v1	prad_discovery_v1	METAB_PAIRED_AVAILABLE	KEGG:C00003	nicotinamide adenine dinucleotide (NAD+)	NA	author_case	39	39	mean_paired_difference_author_log2_scale	-0.36668117812027035	-1.0104415552041701	0.3093706818579357	0.2920650161313906	0.544994973162599	METAB_PAIRED_AVAILABLE	344.0	DONE	NA	CAMP_v0.3.4_PRAD	PRAD_FEATURE:0d105e8b8eef8c8d	43	False	39	finite author data values; unchanged observed values verified against data_imputed	39	39	16	23	0	0.41025641025641024	0.5897435897435898	-0.36668117812027035	-0.421881286263845	-0.19487179487179487	3073033808	wilcox	average_ranks	True	0	4000	mean_paired_tumor_minus_normal	4000_whole_case_percentile_bootstrap_pointwise	normal_tie_corrected_continuity_corrected	361.0	NOT_SUPPORTED_THIS_TEST
PRAD	CAMP_PRAD	04_ROBUSTNESS	20260922T142000Z_discovery_v1	prad_discovery_v1	METAB_PAIRED_AVAILABLE	KEGG:C00004	nicotinamide adenine dinucleotide reduced (NADH)	NA	author_case	23	23	mean_paired_difference_author_log2_scale	-1.0203738901646877	-1.9527406847165734	-0.17509272555023658	0.03495	0.20569054555084745	METAB_PAIRED_AVAILABLE	344.0	DONE	NA	CAMP_v0.3.4_PRAD	PRAD_FEATURE:eefe6c346cc71572	43	False	23	finite author data values; unchanged observed values verified against data_imputed	23	23	8	15	0	0.34782608695652173	0.6521739130434783	-1.0203738901646877	-1.0104096531043858	-0.5	1691116103	wilcox	average_ranks	False	99999	4000	mean_paired_tumor_minus_normal	4000_whole_case_percentile_bootstrap_pointwise	Monte_Carlo_sign_flip_plus1	361.0	NOMINAL_EXPLORATORY
PRAD	CAMP_PRAD	04_ROBUSTNESS	20260922T142000Z_discovery_v1	prad_discovery_v1	METAB_PAIRED_AVAILABLE	KEGG:C03150	nicotinamide riboside	NA	author_case	23	23	mean_paired_difference_author_log2_scale	-0.0375237561864878	-0.41926115620683535	0.35023361234981454	0.9174	0.9570163141993957	METAB_PAIRED_AVAILABLE	344.0	DONE	NA	CAMP_v0.3.4_PRAD	PRAD_FEATURE:cedbc018f201311e	43	False	23	finite author data values; unchanged observed values verified against data_imputed	23	23	13	10	0	0.5652173913043478	0.43478260869565216	-0.0375237561864878	0.08352760165116302	-0.028985507246376812	3932873792	wilcox	average_ranks	False	99999	4000	mean_paired_tumor_minus_normal	4000_whole_case_percentile_bootstrap_pointwise	Monte_Carlo_sign_flip_plus1	361.0	NOT_SUPPORTED_THIS_TEST
PRAD	CAMP_PRAD	04_ROBUSTNESS	20260922T142000Z_discovery_v1	prad_discovery_v1	METAB_PAIRED_AVAILABLE	NAME:octaethylene glycol	octaethylene glycol	NA	author_case	36	36	mean_paired_difference_author_log2_scale	-0.22648394361949759	-0.7198377768191875	0.26516917661200806	0.4275541100333119	0.6258664419211034	METAB_PAIRED_AVAILABLE	344.0	DONE	NA	CAMP_v0.3.4_PRAD	PRAD_FEATURE:2d389c54a5f99e2c	43	False	36	finite author data values; unchanged observed values verified against data_imputed	36	36	17	19	0	0.4722222222222222	0.5277777777777778	-0.22648394361949759	-0.12698488688659268	-0.15315315315315314	3967503632	wilcox	average_ranks	True	0	4000	mean_paired_tumor_minus_normal	4000_whole_case_percentile_bootstrap_pointwise	normal_tie_corrected_continuity_corrected	361.0	NOT_SUPPORTED_THIS_TEST
PRAD	CAMP_PRAD	04_ROBUSTNESS	20260922T142000Z_discovery_v1	prad_discovery_v1	METAB_PAIRED_AVAILABLE	KEGG:C00712	oleate (18:1n9)	NA	author_case	43	43	mean_paired_difference_author_log2_scale	0.42647187471475195	0.15605122518804174	0.7115429785514217	0.009937332390147165	0.0949567317280729	METAB_PAIRED_AVAILABLE	344.0	DONE	NA	CAMP_v0.3.4_PRAD	PRAD_FEATURE:bd5a75b37eeffcbb	43	False	43	finite author data values; unchanged observed values verified against data_imputed	43	43	27	16	0	0.627906976744186	0.37209302325581395	0.42647187471475195	0.2662872187980169	0.452431289640592	2359894821	wilcox	average_ranks	True	0	4000	mean_paired_tumor_minus_normal	4000_whole_case_percentile_bootstrap_pointwise	normal_tie_corrected_continuity_corrected	361.0	NOMINAL_EXPLORATORY
PRAD	CAMP_PRAD	04_ROBUSTNESS	20260922T142000Z_discovery_v1	prad_discovery_v1	METAB_PAIRED_AVAILABLE	HMDB:HMDB05065	oleoylcarnitine	NA	author_case	38	38	mean_paired_difference_author_log2_scale	0.31485556961255495	-0.31757881423234063	0.9774195090053068	0.4507781686784017	0.6488187867170301	METAB_PAIRED_AVAILABLE	344.0	DONE	NA	CAMP_v0.3.4_PRAD	PRAD_FEATURE:d7c6d8beb76b109a	43	False	38	finite author data values; unchanged observed values verified against data_imputed	38	38	20	18	0	0.5263157894736842	0.47368421052631576	0.31485556961255495	0.19123476356175056	0.1417004048582996	115964663	wilcox	average_ranks	True	0	4000	mean_paired_tumor_minus_normal	4000_whole_case_percentile_bootstrap_pointwise	normal_tie_corrected_continuity_corrected	361.0	NOT_SUPPORTED_THIS_TEST
PRAD	CAMP_PRAD	04_ROBUSTNESS	20260922T142000Z_discovery_v1	prad_discovery_v1	METAB_PAIRED_AVAILABLE	HMDB:HMDB05765	ophthalmate	NA	author_case	43	43	mean_paired_difference_author_log2_scale	-0.7310170348772326	-1.0604510591058272	-0.4355716481930018	1.2706734656046497e-05	0.0021855583608399974	METAB_PAIRED_AVAILABLE	344.0	DONE	NA	CAMP_v0.3.4_PRAD	PRAD_FEATURE:f810347fe6fe179c	43	False	43	finite author data values; unchanged observed values verified against data_imputed	43	43	8	35	0	0.18604651162790697	0.813953488372093	-0.7310170348772326	-0.6899987387394579	-0.7653276955602537	590294944	wilcox	average_ranks	True	0	4000	mean_paired_tumor_minus_normal	4000_whole_case_percentile_bootstrap_pointwise	normal_tie_corrected_continuity_corrected	361.0	FDR_SUPPORTED
PRAD	CAMP_PRAD	04_ROBUSTNESS	20260922T142000Z_discovery_v1	prad_discovery_v1	METAB_PAIRED_AVAILABLE	KEGG:C00077	ornithine	NA	author_case	43	43	mean_paired_difference_author_log2_scale	0.38939257148400097	0.17389283218439722	0.6141845559592244	0.003683974951690523	0.07454631666950234	METAB_PAIRED_AVAILABLE	344.0	DONE	NA	CAMP_v0.3.4_PRAD	PRAD_FEATURE:35a78a078fb58365	43	False	43	finite author data values; unchanged observed values verified against data_imputed	43	43	30	13	0	0.6976744186046512	0.3023255813953488	0.38939257148400097	0.17964763514004	0.5095137420718816	3255330645	wilcox	average_ranks	True	0	4000	mean_paired_tumor_minus_normal	4000_whole_case_percentile_bootstrap_pointwise	normal_tie_corrected_continuity_corrected	361.0	NOMINAL_EXPLORATORY
PRAD	CAMP_PRAD	04_ROBUSTNESS	20260922T142000Z_discovery_v1	prad_discovery_v1	METAB_PAIRED_AVAILABLE	KEGG:C01468	p-cresol sulfate	NA	author_case	43	43	mean_paired_difference_author_log2_scale	-0.3798090807341577	-0.6790468138007425	-0.07574535418228681	0.008038413472810754	0.0949567317280729	METAB_PAIRED_AVAILABLE	344.0	DONE	NA	CAMP_v0.3.4_PRAD	PRAD_FEATURE:115a78bdb213719c	43	False	43	finite author data values; unchanged observed values verified against data_imputed	43	43	12	31	0	0.27906976744186046	0.7209302325581395	-0.3798090807341577	-0.3853894018726931	-0.46511627906976744	1803684174	wilcox	average_ranks	True	0	4000	mean_paired_tumor_minus_normal	4000_whole_case_percentile_bootstrap_pointwise	normal_tie_corrected_continuity_corrected	361.0	NOMINAL_EXPLORATORY
PRAD	CAMP_PRAD	04_ROBUSTNESS	20260922T142000Z_discovery_v1	prad_discovery_v1	METAB_PAIRED_AVAILABLE	KEGG:C00249	palmitate (16:0)	NA	author_case	43	43	mean_paired_difference_author_log2_scale	-0.14234738521592802	-0.35468679159854627	0.06783474901421756	0.10696060156439938	0.3471174239448433	METAB_PAIRED_AVAILABLE	344.0	DONE	NA	CAMP_v0.3.4_PRAD	PRAD_FEATURE:e3c0644ec7af69e1	43	False	43	finite author data values; unchanged observed values verified against data_imputed	43	43	16	27	0	0.37209302325581395	0.627906976744186	-0.14234738521592802	-0.19851499253479	-0.2832980972515856	3696947756	wilcox	average_ranks	True	0	4000	mean_paired_tumor_minus_normal	4000_whole_case_percentile_bootstrap_pointwise	normal_tie_corrected_continuity_corrected	361.0	NOT_SUPPORTED_THIS_TEST
PRAD	CAMP_PRAD	04_ROBUSTNESS	20260922T142000Z_discovery_v1	prad_discovery_v1	METAB_PAIRED_AVAILABLE	KEGG:C08362	palmitoleate (16:1n7)	NA	author_case	30	30	mean_paired_difference_author_log2_scale	-0.13001734095547987	-0.39222670053712	0.11798103207172335	0.2756594127003821	0.537767926880042	METAB_PAIRED_AVAILABLE	344.0	DONE	NA	CAMP_v0.3.4_PRAD	PRAD_FEATURE:bf3b347e30fe99b9	43	False	30	finite author data values; unchanged observed values verified against data_imputed	30	30	12	18	0	0.4	0.6	-0.13001734095547987	-0.258896104531974	-0.23010752688172043	2466455116	wilcox	average_ranks	True	0	4000	mean_paired_tumor_minus_normal	4000_whole_case_percentile_bootstrap_pointwise	normal_tie_corrected_continuity_corrected	361.0	NOT_SUPPORTED_THIS_TEST
PRAD	CAMP_PRAD	04_ROBUSTNESS	20260922T142000Z_discovery_v1	prad_discovery_v1	METAB_PAIRED_AVAILABLE	HMDB:HMDB0010169	palmitoyl sphingomyelin (d18:1/16:0)	NA	author_case	43	43	mean_paired_difference_author_log2_scale	-0.1755177680903797	-0.3965528187062664	0.0637697462460022	0.08752399934335285	0.3169290081485619	METAB_PAIRED_AVAILABLE	344.0	DONE	NA	CAMP_v0.3.4_PRAD	PRAD_FEATURE:7eddfc8b8fb80bb8	43	False	43	finite author data values; unchanged observed values verified against data_imputed	43	43	17	26	0	0.3953488372093023	0.6046511627906976	-0.1755177680903797	-0.19236067978488003	-0.30021141649048627	1568678473	wilcox	average_ranks	True	0	4000	mean_paired_tumor_minus_normal	4000_whole_case_percentile_bootstrap_pointwise	normal_tie_corrected_continuity_corrected	361.0	NOT_SUPPORTED_THIS_TEST
PRAD	CAMP_PRAD	04_ROBUSTNESS	20260922T142000Z_discovery_v1	prad_discovery_v1	METAB_PAIRED_AVAILABLE	KEGG:C02990	palmitoylcarnitine	NA	author_case	36	36	mean_paired_difference_author_log2_scale	0.6557444643126635	0.08270775276389604	1.2322819385584667	0.03199336745930366	0.20569054555084745	METAB_PAIRED_AVAILABLE	344.0	DONE	NA	CAMP_v0.3.4_PRAD	PRAD_FEATURE:72bddc93c4d0279e	43	False	36	finite author data values; unchanged observed values verified against data_imputed	36	36	26	10	0	0.7222222222222222	0.2777777777777778	0.6557444643126635	0.8373876257979551	0.4114114114114114	2782729131	wilcox	average_ranks	True	0	4000	mean_paired_tumor_minus_normal	4000_whole_case_percentile_bootstrap_pointwise	normal_tie_corrected_continuity_corrected	361.0	NOMINAL_EXPLORATORY
PRAD	CAMP_PRAD	04_ROBUSTNESS	20260922T142000Z_discovery_v1	prad_discovery_v1	METAB_PAIRED_AVAILABLE	KEGG:C00864	pantothenate	NA	author_case	43	43	mean_paired_difference_author_log2_scale	-0.2614436247425113	-0.4594239814591917	-0.06527203068623628	0.0511636271818302	0.24207897435897438	METAB_PAIRED_AVAILABLE	344.0	DONE	NA	CAMP_v0.3.4_PRAD	PRAD_FEATURE:018036c623a9c65d	43	False	43	finite author data values; unchanged observed values verified against data_imputed	43	43	18	25	0	0.4186046511627907	0.5813953488372093	-0.2614436247425113	-0.11859681811032008	-0.34249471458773784	1198358021	wilcox	average_ranks	True	0	4000	mean_paired_tumor_minus_normal	4000_whole_case_percentile_bootstrap_pointwise	normal_tie_corrected_continuity_corrected	361.0	NOT_SUPPORTED_THIS_TEST
PRAD	CAMP_PRAD	04_ROBUSTNESS	20260922T142000Z_discovery_v1	prad_discovery_v1	METAB_PAIRED_AVAILABLE	KEGG:C01601	pelargonate (9:0)	NA	author_case	36	36	mean_paired_difference_author_log2_scale	-0.28535696656666976	-0.5767909789284777	-0.009099803732742525	0.07982039980368638	0.2991530058594754	METAB_PAIRED_AVAILABLE	344.0	DONE	NA	CAMP_v0.3.4_PRAD	PRAD_FEATURE:1258464c123b2212	43	False	36	finite author data values; unchanged observed values verified against data_imputed	36	36	14	22	0	0.3888888888888889	0.6111111111111112	-0.28535696656666976	-0.22522238894910787	-0.33633633633633636	1308503930	wilcox	average_ranks	True	0	4000	mean_paired_tumor_minus_normal	4000_whole_case_percentile_bootstrap_pointwise	normal_tie_corrected_continuity_corrected	361.0	NOT_SUPPORTED_THIS_TEST
PRAD	CAMP_PRAD	04_ROBUSTNESS	20260922T142000Z_discovery_v1	prad_discovery_v1	METAB_PAIRED_AVAILABLE	NAME:pentaethylene glycol	pentaethylene glycol	NA	author_case	25	25	mean_paired_difference_author_log2_scale	-0.19482650878156346	-0.926280960515771	0.5118493721861024	0.83238	0.9093002006769467	METAB_PAIRED_AVAILABLE	344.0	DONE	NA	CAMP_v0.3.4_PRAD	PRAD_FEATURE:6e2f1128b654ce96	43	False	25	finite author data values; unchanged observed values verified against data_imputed	25	25	12	13	0	0.48	0.52	-0.19482650878156346	-0.06502482257392406	-0.052307692307692305	2062924909	wilcox	average_ranks	False	99999	4000	mean_paired_tumor_minus_normal	4000_whole_case_percentile_bootstrap_pointwise	Monte_Carlo_sign_flip_plus1	361.0	NOT_SUPPORTED_THIS_TEST
PRAD	CAMP_PRAD	04_ROBUSTNESS	20260922T142000Z_discovery_v1	prad_discovery_v1	METAB_PAIRED_AVAILABLE	KEGG:C02180	phenol sulfate	NA	author_case	43	43	mean_paired_difference_author_log2_scale	-0.3407474752071532	-0.6885953828071679	0.0363735294007105	0.00833038881452362	0.0949567317280729	METAB_PAIRED_AVAILABLE	344.0	DONE	NA	CAMP_v0.3.4_PRAD	PRAD_FEATURE:50f842a827075101	43	False	43	finite author data values; unchanged observed values verified against data_imputed	43	43	14	29	0	0.32558139534883723	0.6744186046511628	-0.3407474752071532	-0.47210611781323397	-0.4630021141649049	1571384897	wilcox	average_ranks	True	0	4000	mean_paired_tumor_minus_normal	4000_whole_case_percentile_bootstrap_pointwise	normal_tie_corrected_continuity_corrected	361.0	NOMINAL_EXPLORATORY
PRAD	CAMP_PRAD	04_ROBUSTNESS	20260922T142000Z_discovery_v1	prad_discovery_v1	METAB_PAIRED_AVAILABLE	KEGG:C05597	phenylacetylglutamine	NA	author_case	39	39	mean_paired_difference_author_log2_scale	-0.4231420802224103	-0.9879387302482732	0.1495092538500606	0.11007697351163104	0.34739888888074383	METAB_PAIRED_AVAILABLE	344.0	DONE	NA	CAMP_v0.3.4_PRAD	PRAD_FEATURE:4848e85508f8df10	43	False	39	finite author data values; unchanged observed values verified against data_imputed	39	39	17	22	0	0.4358974358974359	0.5641025641025641	-0.4231420802224103	-0.957290297321403	-0.2948717948717949	2834021289	wilcox	average_ranks	True	0	4000	mean_paired_tumor_minus_normal	4000_whole_case_percentile_bootstrap_pointwise	normal_tie_corrected_continuity_corrected	361.0	NOT_SUPPORTED_THIS_TEST
PRAD	CAMP_PRAD	04_ROBUSTNESS	20260922T142000Z_discovery_v1	prad_discovery_v1	METAB_PAIRED_AVAILABLE	KEGG:C00079	phenylalanine	NA	author_case	43	43	mean_paired_difference_author_log2_scale	-0.04151471476272247	-0.18615164837342912	0.09896370544867913	0.937440519052483	0.9655076004612401	METAB_PAIRED_AVAILABLE	344.0	DONE	NA	CAMP_v0.3.4_PRAD	PRAD_FEATURE:a44adeb25adaeb4f	43	False	43	finite author data values; unchanged observed values verified against data_imputed	43	43	22	21	0	0.5116279069767442	0.4883720930232558	-0.04151471476272247	0.0014610364141020016	-0.014799154334038054	1840788563	wilcox	average_ranks	True	0	4000	mean_paired_tumor_minus_normal	4000_whole_case_percentile_bootstrap_pointwise	normal_tie_corrected_continuity_corrected	361.0	NOT_SUPPORTED_THIS_TEST
PRAD	CAMP_PRAD	04_ROBUSTNESS	20260922T142000Z_discovery_v1	prad_discovery_v1	METAB_PAIRED_AVAILABLE	KEGG:C00009	phosphate	NA	author_case	43	43	mean_paired_difference_author_log2_scale	0.0008067765961992588	-0.11459536862519772	0.1186995835489702	0.5340338961311302	0.7176080479262061	METAB_PAIRED_AVAILABLE	344.0	DONE	NA	CAMP_v0.3.4_PRAD	PRAD_FEATURE:986c3802f1b1ea3d	43	False	43	finite author data values; unchanged observed values verified against data_imputed	43	43	16	27	0	0.37209302325581395	0.627906976744186	0.0008067765961992588	-0.0566512086423759	-0.10993657505285412	2937533793	wilcox	average_ranks	True	0	4000	mean_paired_tumor_minus_normal	4000_whole_case_percentile_bootstrap_pointwise	normal_tie_corrected_continuity_corrected	361.0	NOT_SUPPORTED_THIS_TEST
PRAD	CAMP_PRAD	04_ROBUSTNESS	20260922T142000Z_discovery_v1	prad_discovery_v1	METAB_PAIRED_AVAILABLE	KEGG:C00346	phosphoethanolamine	NA	author_case	43	43	mean_paired_difference_author_log2_scale	-0.15411684164197859	-0.5296577332393377	0.22425892310919515	0.33707599199798455	0.5828153846153846	METAB_PAIRED_AVAILABLE	344.0	DONE	NA	CAMP_v0.3.4_PRAD	PRAD_FEATURE:fa08c9ab659af833	43	False	43	finite author data values; unchanged observed values verified against data_imputed	43	43	19	24	0	0.4418604651162791	0.5581395348837209	-0.15411684164197859	-0.21967886336280398	-0.16913319238900634	545855774	wilcox	average_ranks	True	0	4000	mean_paired_tumor_minus_normal	4000_whole_case_percentile_bootstrap_pointwise	normal_tie_corrected_continuity_corrected	361.0	NOT_SUPPORTED_THIS_TEST
PRAD	CAMP_PRAD	04_ROBUSTNESS	20260922T142000Z_discovery_v1	prad_discovery_v1	METAB_PAIRED_AVAILABLE	KEGG:C00408	pipecolate	NA	author_case	36	36	mean_paired_difference_author_log2_scale	0.06405189745432921	-0.17112187279060664	0.2977550611278063	0.4460821565665868	0.6455637135676383	METAB_PAIRED_AVAILABLE	344.0	DONE	NA	CAMP_v0.3.4_PRAD	PRAD_FEATURE:145e9414c82631ce	43	False	36	finite author data values; unchanged observed values verified against data_imputed	36	36	22	14	0	0.6111111111111112	0.3888888888888889	0.06405189745432921	0.23732538270794454	0.14714714714714713	4175229107	wilcox	average_ranks	True	0	4000	mean_paired_tumor_minus_normal	4000_whole_case_percentile_bootstrap_pointwise	normal_tie_corrected_continuity_corrected	361.0	NOT_SUPPORTED_THIS_TEST
PRAD	CAMP_PRAD	04_ROBUSTNESS	20260922T142000Z_discovery_v1	prad_discovery_v1	METAB_PAIRED_AVAILABLE	KEGG:C05484	pregnen-diol disulfate	NA	author_case	4	4	NA	NA	NA	NA	NA	NA	METAB_PAIRED_AVAILABLE	344.0	NOT_EVALUABLE	fewer_than_8_complete_pairs	CAMP_v0.3.4_PRAD	PRAD_FEATURE:1f044296e370d120	43	False	4	finite author data values; unchanged observed values verified against data_imputed	4	4	2	2	0	0.5	0.5	-0.5643113080421557	-0.392594889470526	-0.4	4132211212	wilcox	average_ranks	False	0	0	mean_paired_tumor_minus_normal	4000_whole_case_percentile_bootstrap_pointwise	NA	361.0	NOT_EVALUABLE
PRAD	CAMP_PRAD	04_ROBUSTNESS	20260922T142000Z_discovery_v1	prad_discovery_v1	METAB_PAIRED_AVAILABLE	KEGG:C00148	proline	NA	author_case	43	43	mean_paired_difference_author_log2_scale	0.07873069601064217	-0.034542217816117174	0.19052883515978872	0.16311929584809592	0.404372	METAB_PAIRED_AVAILABLE	344.0	DONE	NA	CAMP_v0.3.4_PRAD	PRAD_FEATURE:6692a40c9e151cb2	43	False	43	finite author data values; unchanged observed values verified against data_imputed	43	43	26	17	0	0.6046511627906976	0.3953488372093023	0.07873069601064217	0.11731283960824901	0.2452431289640592	731464996	wilcox	average_ranks	True	0	4000	mean_paired_tumor_minus_normal	4000_whole_case_percentile_bootstrap_pointwise	normal_tie_corrected_continuity_corrected	361.0	NOT_SUPPORTED_THIS_TEST
PRAD	CAMP_PRAD	04_ROBUSTNESS	20260922T142000Z_discovery_v1	prad_discovery_v1	METAB_PAIRED_AVAILABLE	KEGG:C03017	propionylcarnitine	NA	author_case	43	43	mean_paired_difference_author_log2_scale	0.15951107054230737	-0.07189764411383415	0.38447152043305466	0.14566046698206572	0.3854400049371585	METAB_PAIRED_AVAILABLE	344.0	DONE	NA	CAMP_v0.3.4_PRAD	PRAD_FEATURE:b509e5bd1d28d814	43	False	43	finite author data values; unchanged observed values verified against data_imputed	43	43	26	17	0	0.6046511627906976	0.3953488372093023	0.15951107054230737	0.18313118683907798	0.2558139534883721	4243555666	wilcox	average_ranks	True	0	4000	mean_paired_tumor_minus_normal	4000_whole_case_percentile_bootstrap_pointwise	normal_tie_corrected_continuity_corrected	361.0	NOT_SUPPORTED_THIS_TEST
PRAD	CAMP_PRAD	04_ROBUSTNESS	20260922T142000Z_discovery_v1	prad_discovery_v1	METAB_PAIRED_AVAILABLE	KEGG:C02067	pseudouridine	NA	author_case	42	42	mean_paired_difference_author_log2_scale	-0.22015500216130032	-0.5174990887190168	0.06795098184389237	0.11514992874571776	0.35054491582767183	METAB_PAIRED_AVAILABLE	344.0	DONE	NA	CAMP_v0.3.4_PRAD	PRAD_FEATURE:a4d3a53ff61b236b	43	False	42	finite author data values; unchanged observed values verified against data_imputed	42	42	16	26	0	0.38095238095238093	0.6190476190476191	-0.22015500216130032	-0.2403655605851615	-0.28017718715393136	854924880	wilcox	average_ranks	True	0	4000	mean_paired_tumor_minus_normal	4000_whole_case_percentile_bootstrap_pointwise	normal_tie_corrected_continuity_corrected	361.0	NOT_SUPPORTED_THIS_TEST
PRAD	CAMP_PRAD	04_ROBUSTNESS	20260922T142000Z_discovery_v1	prad_discovery_v1	METAB_PAIRED_AVAILABLE	KEGG:C00134	putrescine	NA	author_case	42	42	mean_paired_difference_author_log2_scale	0.6135644862079915	-0.09684996714961827	1.3429383087096827	0.2111657429752246	0.47477787963057033	METAB_PAIRED_AVAILABLE	344.0	DONE	NA	CAMP_v0.3.4_PRAD	PRAD_FEATURE:368c03edafa119f4	43	False	42	finite author data values; unchanged observed values verified against data_imputed	42	42	24	18	0	0.5714285714285714	0.42857142857142855	0.6135644862079915	0.37964235827358006	0.22259136212624583	2329602656	wilcox	average_ranks	True	0	4000	mean_paired_tumor_minus_normal	4000_whole_case_percentile_bootstrap_pointwise	normal_tie_corrected_continuity_corrected	361.0	NOT_SUPPORTED_THIS_TEST
PRAD	CAMP_PRAD	04_ROBUSTNESS	20260922T142000Z_discovery_v1	prad_discovery_v1	METAB_PAIRED_AVAILABLE	KEGG:C00847	pyridoxate	NA	author_case	12	12	mean_paired_difference_author_log2_scale	-0.5476996857609334	-1.6759779173161888	0.6522979559090735	0.38037109375	0.5989963285857545	METAB_PAIRED_AVAILABLE	344.0	DONE	NA	CAMP_v0.3.4_PRAD	PRAD_FEATURE:c7bb75755ceccb3a	43	False	12	finite author data values; unchanged observed values verified against data_imputed	12	12	5	7	0	0.4166666666666667	0.5833333333333334	-0.5476996857609334	-0.7025617951731175	-0.3076923076923077	3957220908	wilcox	average_ranks	False	4096	4000	mean_paired_tumor_minus_normal	4000_whole_case_percentile_bootstrap_pointwise	exhaustive_sign_flip	361.0	NOT_SUPPORTED_THIS_TEST
PRAD	CAMP_PRAD	04_ROBUSTNESS	20260922T142000Z_discovery_v1	prad_discovery_v1	METAB_PAIRED_AVAILABLE	NAME:pyroglutamine	pyroglutamine	NA	author_case	41	41	mean_paired_difference_author_log2_scale	-0.4362672355434048	-0.6341976380824167	-0.23793518640128591	0.00027126605275196674	0.015552587024446092	METAB_PAIRED_AVAILABLE	344.0	DONE	NA	CAMP_v0.3.4_PRAD	PRAD_FEATURE:80ac21b56fd33f41	43	False	41	finite author data values; unchanged observed values verified against data_imputed	41	41	10	31	0	0.24390243902439024	0.7560975609756098	-0.4362672355434048	-0.34497110861878977	-0.6538908246225319	3543968002	wilcox	average_ranks	True	0	4000	mean_paired_tumor_minus_normal	4000_whole_case_percentile_bootstrap_pointwise	normal_tie_corrected_continuity_corrected	361.0	FDR_SUPPORTED
PRAD	CAMP_PRAD	04_ROBUSTNESS	20260922T142000Z_discovery_v1	prad_discovery_v1	METAB_PAIRED_AVAILABLE	NAME:pyroglutamylvaline	pyroglutamylvaline	NA	author_case	19	19	mean_paired_difference_author_log2_scale	-0.3559219320807765	-0.7281005279142306	0.007908664217745219	0.09573	0.33603183673469383	METAB_PAIRED_AVAILABLE	344.0	DONE	NA	CAMP_v0.3.4_PRAD	PRAD_FEATURE:d16e1425c5556b7a	43	False	19	finite author data values; unchanged observed values verified against data_imputed	19	19	5	14	0	0.2631578947368421	0.7368421052631579	-0.3559219320807765	-0.428268130282195	-0.4421052631578947	2816911011	wilcox	average_ranks	False	99999	4000	mean_paired_tumor_minus_normal	4000_whole_case_percentile_bootstrap_pointwise	Monte_Carlo_sign_flip_plus1	361.0	NOT_SUPPORTED_THIS_TEST
PRAD	CAMP_PRAD	04_ROBUSTNESS	20260922T142000Z_discovery_v1	prad_discovery_v1	METAB_PAIRED_AVAILABLE	KEGG:C00296	quinate	NA	author_case	27	27	mean_paired_difference_author_log2_scale	-0.5268680841698755	-0.8670341194332041	-0.21271667168074349	0.00507	0.08207563920454546	METAB_PAIRED_AVAILABLE	344.0	DONE	NA	CAMP_v0.3.4_PRAD	PRAD_FEATURE:34169bd370507591	43	False	27	finite author data values; unchanged observed values verified against data_imputed	27	27	10	17	0	0.37037037037037035	0.6296296296296297	-0.5268680841698755	-0.63517828185535	-0.5978835978835979	308492318	wilcox	average_ranks	False	99999	4000	mean_paired_tumor_minus_normal	4000_whole_case_percentile_bootstrap_pointwise	Monte_Carlo_sign_flip_plus1	361.0	NOMINAL_EXPLORATORY
PRAD	CAMP_PRAD	04_ROBUSTNESS	20260922T142000Z_discovery_v1	prad_discovery_v1	METAB_PAIRED_AVAILABLE	KEGG:C00474	ribitol	NA	author_case	30	30	mean_paired_difference_author_log2_scale	0.245561927194406	0.0201434867770585	0.45712271871898097	0.05070213506377892	0.24207897435897438	METAB_PAIRED_AVAILABLE	344.0	DONE	NA	CAMP_v0.3.4_PRAD	PRAD_FEATURE:cc819efb80973456	43	True	30	finite author data values; unchanged observed values verified against data_imputed	30	30	21	9	0	0.7	0.3	0.245561927194406	0.40556433681415155	0.410752688172043	3274580270	wilcox	average_ranks	True	0	4000	mean_paired_tumor_minus_normal	4000_whole_case_percentile_bootstrap_pointwise	normal_tie_corrected_continuity_corrected	361.0	NOT_SUPPORTED_THIS_TEST
PRAD	CAMP_PRAD	04_ROBUSTNESS	20260922T142000Z_discovery_v1	prad_discovery_v1	METAB_PAIRED_AVAILABLE	KEGG:C00121	ribose	NA	author_case	43	43	mean_paired_difference_author_log2_scale	0.25588617285184756	-0.05458423662647637	0.5606304617050497	0.12664132840466805	0.36102942148760325	METAB_PAIRED_AVAILABLE	344.0	DONE	NA	CAMP_v0.3.4_PRAD	PRAD_FEATURE:22a1007fec2f4c3c	43	False	43	finite author data values; unchanged observed values verified against data_imputed	43	43	26	17	0	0.6046511627906976	0.3953488372093023	0.25588617285184756	0.34073861798034	0.26849894291754756	445612463	wilcox	average_ranks	True	0	4000	mean_paired_tumor_minus_normal	4000_whole_case_percentile_bootstrap_pointwise	normal_tie_corrected_continuity_corrected	361.0	NOT_SUPPORTED_THIS_TEST
PRAD	CAMP_PRAD	04_ROBUSTNESS	20260922T142000Z_discovery_v1	prad_discovery_v1	METAB_PAIRED_AVAILABLE	KEGG:C00117	ribose 5-phosphate	NA	author_case	6	6	NA	NA	NA	NA	NA	NA	METAB_PAIRED_AVAILABLE	344.0	NOT_EVALUABLE	fewer_than_8_complete_pairs	CAMP_v0.3.4_PRAD	PRAD_FEATURE:afe317792d4966b5	43	False	6	finite author data values; unchanged observed values verified against data_imputed	6	6	0	6	0	0.0	1.0	-1.0475473026060544	-0.854301100539182	-1.0	2275906938	wilcox	average_ranks	False	0	0	mean_paired_tumor_minus_normal	4000_whole_case_percentile_bootstrap_pointwise	NA	361.0	NOT_EVALUABLE
PRAD	CAMP_PRAD	04_ROBUSTNESS	20260922T142000Z_discovery_v1	prad_discovery_v1	METAB_PAIRED_AVAILABLE	KEGG:C00309	ribulose	NA	author_case	28	28	mean_paired_difference_author_log2_scale	0.097448282566014	-0.17242323305841317	0.3704715381612616	0.67909	0.8283934751773049	METAB_PAIRED_AVAILABLE	344.0	DONE	NA	CAMP_v0.3.4_PRAD	PRAD_FEATURE:214d7568e4fd3e71	43	False	28	finite author data values; unchanged observed values verified against data_imputed	28	28	14	14	0	0.5	0.5	0.097448282566014	-0.01833584872290156	0.09359605911330049	373450925	wilcox	average_ranks	False	99999	4000	mean_paired_tumor_minus_normal	4000_whole_case_percentile_bootstrap_pointwise	Monte_Carlo_sign_flip_plus1	361.0	NOT_SUPPORTED_THIS_TEST
PRAD	CAMP_PRAD	04_ROBUSTNESS	20260922T142000Z_discovery_v1	prad_discovery_v1	METAB_PAIRED_AVAILABLE	KEGG:C00021	S-adenosylhomocysteine (SAH)	NA	author_case	43	43	mean_paired_difference_author_log2_scale	-0.004359426623741682	-0.17509041385838844	0.17390262010473656	0.8800254876905536	0.9343480486591063	METAB_PAIRED_AVAILABLE	344.0	DONE	NA	CAMP_v0.3.4_PRAD	PRAD_FEATURE:804269483809a98e	43	False	43	finite author data values; unchanged observed values verified against data_imputed	43	43	22	21	0	0.5116279069767442	0.4883720930232558	-0.004359426623741682	0.014465863306430203	-0.02748414376321353	266115924	wilcox	average_ranks	True	0	4000	mean_paired_tumor_minus_normal	4000_whole_case_percentile_bootstrap_pointwise	normal_tie_corrected_continuity_corrected	361.0	NOT_SUPPORTED_THIS_TEST
PRAD	CAMP_PRAD	04_ROBUSTNESS	20260922T142000Z_discovery_v1	prad_discovery_v1	METAB_PAIRED_AVAILABLE	HMDB:HMDB02108	S-methylcysteine	NA	author_case	29	29	mean_paired_difference_author_log2_scale	-0.2499117417024003	-0.5094038282541037	-0.015243253853241932	0.10068	0.342910099009901	METAB_PAIRED_AVAILABLE	344.0	DONE	NA	CAMP_v0.3.4_PRAD	PRAD_FEATURE:de63146f22afdefc	43	False	29	finite author data values; unchanged observed values verified against data_imputed	29	29	13	16	0	0.4482758620689655	0.5517241379310345	-0.2499117417024003	-0.14559565844570505	-0.35172413793103446	2133431280	wilcox	average_ranks	False	99999	4000	mean_paired_tumor_minus_normal	4000_whole_case_percentile_bootstrap_pointwise	Monte_Carlo_sign_flip_plus1	361.0	NOT_SUPPORTED_THIS_TEST
PRAD	CAMP_PRAD	04_ROBUSTNESS	20260922T142000Z_discovery_v1	prad_discovery_v1	METAB_PAIRED_AVAILABLE	KEGG:C06153	scyllo-inositol	NA	author_case	43	43	mean_paired_difference_author_log2_scale	-0.29271972380989253	-0.5059964982675658	-0.09210134613486114	0.009595438378931596	0.0949567317280729	METAB_PAIRED_AVAILABLE	344.0	DONE	NA	CAMP_v0.3.4_PRAD	PRAD_FEATURE:e83d2e057331a6b3	43	False	43	finite author data values; unchanged observed values verified against data_imputed	43	43	12	31	0	0.27906976744186046	0.7209302325581395	-0.29271972380989253	-0.364209815048863	-0.45454545454545453	1925450819	wilcox	average_ranks	True	0	4000	mean_paired_tumor_minus_normal	4000_whole_case_percentile_bootstrap_pointwise	normal_tie_corrected_continuity_corrected	361.0	NOMINAL_EXPLORATORY
PRAD	CAMP_PRAD	04_ROBUSTNESS	20260922T142000Z_discovery_v1	prad_discovery_v1	METAB_PAIRED_AVAILABLE	KEGG:C00065	serine	NA	author_case	43	43	mean_paired_difference_author_log2_scale	0.18138534222163946	-0.0009996653787990536	0.36881115204854736	0.058794072276169715	0.24969334398768372	METAB_PAIRED_AVAILABLE	344.0	DONE	NA	CAMP_v0.3.4_PRAD	PRAD_FEATURE:3d25af3508933dfb	43	False	43	finite author data values; unchanged observed values verified against data_imputed	43	43	27	16	0	0.627906976744186	0.37209302325581395	0.18138534222163946	0.11731762872705698	0.33192389006342493	1626662856	wilcox	average_ranks	True	0	4000	mean_paired_tumor_minus_normal	4000_whole_case_percentile_bootstrap_pointwise	normal_tie_corrected_continuity_corrected	361.0	NOT_SUPPORTED_THIS_TEST
PRAD	CAMP_PRAD	04_ROBUSTNESS	20260922T142000Z_discovery_v1	prad_discovery_v1	METAB_PAIRED_AVAILABLE	KEGG:C00780	serotonin (5HT)	NA	author_case	28	28	mean_paired_difference_author_log2_scale	-0.48140703640978827	-0.9150883073421935	-0.015184794972767942	0.05731	0.246433	METAB_PAIRED_AVAILABLE	344.0	DONE	NA	CAMP_v0.3.4_PRAD	PRAD_FEATURE:f0a2ea70e22ac2da	43	False	28	finite author data values; unchanged observed values verified against data_imputed	28	28	10	18	0	0.35714285714285715	0.6428571428571429	-0.48140703640978827	-0.46432068696895656	-0.41379310344827586	1296467313	wilcox	average_ranks	False	99999	4000	mean_paired_tumor_minus_normal	4000_whole_case_percentile_bootstrap_pointwise	Monte_Carlo_sign_flip_plus1	361.0	NOT_SUPPORTED_THIS_TEST
PRAD	CAMP_PRAD	04_ROBUSTNESS	20260922T142000Z_discovery_v1	prad_discovery_v1	METAB_PAIRED_AVAILABLE	NAME:serylleucine	serylleucine	NA	author_case	17	17	mean_paired_difference_author_log2_scale	0.07363513351384406	-0.23565721778269372	0.3800235529070684	0.6101	0.7802022304832714	METAB_PAIRED_AVAILABLE	344.0	DONE	NA	CAMP_v0.3.4_PRAD	PRAD_FEATURE:e0fef5ad4e3d8f05	43	False	17	finite author data values; unchanged observed values verified against data_imputed	17	17	11	6	0	0.6470588235294118	0.35294117647058826	0.07363513351384406	0.12056287262566501	0.1503267973856209	3258436101	wilcox	average_ranks	False	99999	4000	mean_paired_tumor_minus_normal	4000_whole_case_percentile_bootstrap_pointwise	Monte_Carlo_sign_flip_plus1	361.0	NOT_SUPPORTED_THIS_TEST
PRAD	CAMP_PRAD	04_ROBUSTNESS	20260922T142000Z_discovery_v1	prad_discovery_v1	METAB_PAIRED_AVAILABLE	NAME:seryltyrosine	seryltyrosine	NA	author_case	16	16	mean_paired_difference_author_log2_scale	0.1001708124660966	-0.17304535079167174	0.4060642168266229	0.979949951171875	0.9990003539823009	METAB_PAIRED_AVAILABLE	344.0	DONE	NA	CAMP_v0.3.4_PRAD	PRAD_FEATURE:a77044b9dae7e80f	43	False	16	finite author data values; unchanged observed values verified against data_imputed	16	16	8	8	0	0.5	0.5	0.1001708124660966	-0.025547117888692045	-0.014705882352941176	4117988173	wilcox	average_ranks	False	65536	4000	mean_paired_tumor_minus_normal	4000_whole_case_percentile_bootstrap_pointwise	exhaustive_sign_flip	361.0	NOT_SUPPORTED_THIS_TEST
PRAD	CAMP_PRAD	04_ROBUSTNESS	20260922T142000Z_discovery_v1	prad_discovery_v1	METAB_PAIRED_AVAILABLE	KEGG:C00794	sorbitol	NA	author_case	37	37	mean_paired_difference_author_log2_scale	-0.2379747225945696	-0.6014947292148132	0.08714540108800066	0.2642573098714267	0.5316053485132795	METAB_PAIRED_AVAILABLE	344.0	DONE	NA	CAMP_v0.3.4_PRAD	PRAD_FEATURE:fb407263b2f0840f	43	False	37	finite author data values; unchanged observed values verified against data_imputed	37	37	17	20	0	0.4594594594594595	0.5405405405405406	-0.2379747225945696	-0.13714134681900014	-0.2119487908961593	2611655642	wilcox	average_ranks	True	0	4000	mean_paired_tumor_minus_normal	4000_whole_case_percentile_bootstrap_pointwise	normal_tie_corrected_continuity_corrected	361.0	NOT_SUPPORTED_THIS_TEST
PRAD	CAMP_PRAD	04_ROBUSTNESS	20260922T142000Z_discovery_v1	prad_discovery_v1	METAB_PAIRED_AVAILABLE	KEGG:C00315	spermidine	NA	author_case	43	43	mean_paired_difference_author_log2_scale	0.2754833135871931	-0.13724177316953326	0.7080515184849623	0.4799489223174841	0.676649300316453	METAB_PAIRED_AVAILABLE	344.0	DONE	NA	CAMP_v0.3.4_PRAD	PRAD_FEATURE:0e3b306b8daf46b2	43	False	43	finite author data values; unchanged observed values verified against data_imputed	43	43	22	21	0	0.5116279069767442	0.4883720930232558	0.2754833135871931	0.01328190310734012	0.12473572938689217	2788947385	wilcox	average_ranks	True	0	4000	mean_paired_tumor_minus_normal	4000_whole_case_percentile_bootstrap_pointwise	normal_tie_corrected_continuity_corrected	361.0	NOT_SUPPORTED_THIS_TEST
PRAD	CAMP_PRAD	04_ROBUSTNESS	20260922T142000Z_discovery_v1	prad_discovery_v1	METAB_PAIRED_AVAILABLE	KEGG:C00750	spermine	NA	author_case	42	42	mean_paired_difference_author_log2_scale	0.3677531520184817	-0.3459374411676565	1.1344787451961995	0.821927971768383	0.907668936652786	METAB_PAIRED_AVAILABLE	344.0	DONE	NA	CAMP_v0.3.4_PRAD	PRAD_FEATURE:d93d8381fdc46b28	43	False	42	finite author data values; unchanged observed values verified against data_imputed	42	42	20	22	0	0.47619047619047616	0.5238095238095238	0.3677531520184817	-0.16285249273606944	-0.04097452934662237	4183930802	wilcox	average_ranks	True	0	4000	mean_paired_tumor_minus_normal	4000_whole_case_percentile_bootstrap_pointwise	normal_tie_corrected_continuity_corrected	361.0	NOT_SUPPORTED_THIS_TEST
PRAD	CAMP_PRAD	04_ROBUSTNESS	20260922T142000Z_discovery_v1	prad_discovery_v1	METAB_PAIRED_AVAILABLE	KEGG:C00319	sphingosine	NA	author_case	37	37	mean_paired_difference_author_log2_scale	-0.003257737698995085	-0.46182336005418095	0.44779444854693917	0.9879633421219901	0.9995864402646017	METAB_PAIRED_AVAILABLE	344.0	DONE	NA	CAMP_v0.3.4_PRAD	PRAD_FEATURE:cd0db0762aefebab	43	False	37	finite author data values; unchanged observed values verified against data_imputed	37	37	18	19	0	0.4864864864864865	0.5135135135135135	-0.003257737698995085	-0.04118220985390303	-0.004267425320056899	1475527282	wilcox	average_ranks	True	0	4000	mean_paired_tumor_minus_normal	4000_whole_case_percentile_bootstrap_pointwise	normal_tie_corrected_continuity_corrected	361.0	NOT_SUPPORTED_THIS_TEST
PRAD	CAMP_PRAD	04_ROBUSTNESS	20260922T142000Z_discovery_v1	prad_discovery_v1	METAB_PAIRED_AVAILABLE	KEGG:C13846	stearamide	NA	author_case	15	15	mean_paired_difference_author_log2_scale	-0.017975097660829498	-0.5930123924029129	0.5321327093870558	0.803955078125	0.9008486868892508	METAB_PAIRED_AVAILABLE	344.0	DONE	NA	CAMP_v0.3.4_PRAD	PRAD_FEATURE:ddd98493c99ed911	43	False	15	finite author data values; unchanged observed values verified against data_imputed	15	15	8	7	0	0.5333333333333333	0.4666666666666667	-0.017975097660829498	0.03496864208293993	0.08333333333333333	2621791240	wilcox	average_ranks	False	32768	4000	mean_paired_tumor_minus_normal	4000_whole_case_percentile_bootstrap_pointwise	exhaustive_sign_flip	361.0	NOT_SUPPORTED_THIS_TEST
PRAD	CAMP_PRAD	04_ROBUSTNESS	20260922T142000Z_discovery_v1	prad_discovery_v1	METAB_PAIRED_AVAILABLE	KEGG:C01530	stearate (18:0)	NA	author_case	43	43	mean_paired_difference_author_log2_scale	-0.14352835744997453	-0.33241969224503026	0.05673520766677386	0.0768971236461351	0.2986111111111111	METAB_PAIRED_AVAILABLE	344.0	DONE	NA	CAMP_v0.3.4_PRAD	PRAD_FEATURE:c95d3fd4b0685964	43	False	43	finite author data values; unchanged observed values verified against data_imputed	43	43	17	26	0	0.3953488372093023	0.6046511627906976	-0.14352835744997453	-0.165507718705828	-0.3107822410147992	2002669564	wilcox	average_ranks	True	0	4000	mean_paired_tumor_minus_normal	4000_whole_case_percentile_bootstrap_pointwise	normal_tie_corrected_continuity_corrected	361.0	NOT_SUPPORTED_THIS_TEST
PRAD	CAMP_PRAD	04_ROBUSTNESS	20260922T142000Z_discovery_v1	prad_discovery_v1	METAB_PAIRED_AVAILABLE	HMDB:HMDB00848	stearoylcarnitine	NA	author_case	42	42	mean_paired_difference_author_log2_scale	0.4729268236884045	-0.15390870628734418	1.0982400936383987	0.14348690210141918	0.3854400049371585	METAB_PAIRED_AVAILABLE	344.0	DONE	NA	CAMP_v0.3.4_PRAD	PRAD_FEATURE:2a69b9e2316ff98f	43	False	42	finite author data values; unchanged observed values verified against data_imputed	42	42	27	15	0	0.6428571428571429	0.35714285714285715	0.4729268236884045	0.7921511389910054	0.2602436323366556	14934483	wilcox	average_ranks	True	0	4000	mean_paired_tumor_minus_normal	4000_whole_case_percentile_bootstrap_pointwise	normal_tie_corrected_continuity_corrected	361.0	NOT_SUPPORTED_THIS_TEST
PRAD	CAMP_PRAD	04_ROBUSTNESS	20260922T142000Z_discovery_v1	prad_discovery_v1	METAB_PAIRED_AVAILABLE	KEGG:C00042	succinate	NA	author_case	43	43	mean_paired_difference_author_log2_scale	0.19169231152459962	-0.05960613000367805	0.4411236680124071	0.1901510701452055	0.439373422818792	METAB_PAIRED_AVAILABLE	344.0	DONE	NA	CAMP_v0.3.4_PRAD	PRAD_FEATURE:865c4a63da12d929	43	False	43	finite author data values; unchanged observed values verified against data_imputed	43	43	24	19	0	0.5581395348837209	0.4418604651162791	0.19169231152459962	0.1531396593354974	0.23044397463002114	3504418725	wilcox	average_ranks	True	0	4000	mean_paired_tumor_minus_normal	4000_whole_case_percentile_bootstrap_pointwise	normal_tie_corrected_continuity_corrected	361.0	NOT_SUPPORTED_THIS_TEST
PRAD	CAMP_PRAD	04_ROBUSTNESS	20260922T142000Z_discovery_v1	prad_discovery_v1	METAB_PAIRED_AVAILABLE	NAME:succinylcarnitine	succinylcarnitine	NA	author_case	43	43	mean_paired_difference_author_log2_scale	0.08170047122817924	-0.12928143274878376	0.2942221711195132	0.48748796857536225	0.6789306121049579	METAB_PAIRED_AVAILABLE	344.0	DONE	NA	CAMP_v0.3.4_PRAD	PRAD_FEATURE:e79859fa316cd9e2	43	False	43	finite author data values; unchanged observed values verified against data_imputed	43	43	24	19	0	0.5581395348837209	0.4418604651162791	0.08170047122817924	0.02225635653621305	0.1226215644820296	3304562371	wilcox	average_ranks	True	0	4000	mean_paired_tumor_minus_normal	4000_whole_case_percentile_bootstrap_pointwise	normal_tie_corrected_continuity_corrected	361.0	NOT_SUPPORTED_THIS_TEST
PRAD	CAMP_PRAD	04_ROBUSTNESS	20260922T142000Z_discovery_v1	prad_discovery_v1	METAB_PAIRED_AVAILABLE	KEGG:C00245	taurine	NA	author_case	43	43	mean_paired_difference_author_log2_scale	-0.6421004620675282	-0.8454627857151272	-0.4424862887512139	1.6868791865046694e-06	0.0005802864401576063	METAB_PAIRED_AVAILABLE	344.0	DONE	NA	CAMP_v0.3.4_PRAD	PRAD_FEATURE:bbaeab8a6207ef59	43	False	43	finite author data values; unchanged observed values verified against data_imputed	43	43	7	36	0	0.16279069767441862	0.8372093023255814	-0.6421004620675282	-0.6602521238343529	-0.8393234672304439	3811101366	wilcox	average_ranks	True	0	4000	mean_paired_tumor_minus_normal	4000_whole_case_percentile_bootstrap_pointwise	normal_tie_corrected_continuity_corrected	361.0	FDR_SUPPORTED
PRAD	CAMP_PRAD	04_ROBUSTNESS	20260922T142000Z_discovery_v1	prad_discovery_v1	METAB_PAIRED_AVAILABLE	NAME:tetraethylene glycol	tetraethylene glycol	NA	author_case	29	29	mean_paired_difference_author_log2_scale	-0.1034818953708934	-0.6038103020701897	0.36794824003651005	0.93114	0.9618983783783783	METAB_PAIRED_AVAILABLE	344.0	DONE	NA	CAMP_v0.3.4_PRAD	PRAD_FEATURE:4b9f547a02e051f6	43	False	29	finite author data values; unchanged observed values verified against data_imputed	29	29	15	14	0	0.5172413793103449	0.4827586206896552	-0.1034818953708934	0.027249899828599933	-0.020689655172413793	2747633572	wilcox	average_ranks	False	99999	4000	mean_paired_tumor_minus_normal	4000_whole_case_percentile_bootstrap_pointwise	Monte_Carlo_sign_flip_plus1	361.0	NOT_SUPPORTED_THIS_TEST
PRAD	CAMP_PRAD	04_ROBUSTNESS	20260922T142000Z_discovery_v1	prad_discovery_v1	METAB_PAIRED_AVAILABLE	KEGG:C01620	threonate	NA	author_case	34	34	mean_paired_difference_author_log2_scale	-0.3735636358731136	-0.7782192991060605	0.07367795094848247	0.03122755554798316	0.20569054555084745	METAB_PAIRED_AVAILABLE	344.0	DONE	NA	CAMP_v0.3.4_PRAD	PRAD_FEATURE:85e4a9e4f843da84	43	False	34	finite author data values; unchanged observed values verified against data_imputed	34	34	10	24	0	0.29411764705882354	0.7058823529411765	-0.3735636358731136	-0.622983964124171	-0.42521008403361343	3995487840	wilcox	average_ranks	True	0	4000	mean_paired_tumor_minus_normal	4000_whole_case_percentile_bootstrap_pointwise	normal_tie_corrected_continuity_corrected	361.0	NOMINAL_EXPLORATORY
PRAD	CAMP_PRAD	04_ROBUSTNESS	20260922T142000Z_discovery_v1	prad_discovery_v1	METAB_PAIRED_AVAILABLE	KEGG:C00188	threonine	NA	author_case	43	43	mean_paired_difference_author_log2_scale	0.13634542293170776	-3.4470663616327926e-05	0.27181734920330997	0.045672810387540445	0.24171456574329098	METAB_PAIRED_AVAILABLE	344.0	DONE	NA	CAMP_v0.3.4_PRAD	PRAD_FEATURE:1e2126a6049b11ab	43	False	43	finite author data values; unchanged observed values verified against data_imputed	43	43	30	13	0	0.6976744186046512	0.3023255813953488	0.13634542293170776	0.10391304997888395	0.35095137420718814	3233150215	wilcox	average_ranks	True	0	4000	mean_paired_tumor_minus_normal	4000_whole_case_percentile_bootstrap_pointwise	normal_tie_corrected_continuity_corrected	361.0	NOMINAL_EXPLORATORY
PRAD	CAMP_PRAD	04_ROBUSTNESS	20260922T142000Z_discovery_v1	prad_discovery_v1	METAB_PAIRED_AVAILABLE	NAME:threonylglutamate	threonylglutamate	NA	author_case	19	19	mean_paired_difference_author_log2_scale	-0.05237117166402942	-0.4876694318977862	0.37165496240243506	0.92085	0.9570163141993957	METAB_PAIRED_AVAILABLE	344.0	DONE	NA	CAMP_v0.3.4_PRAD	PRAD_FEATURE:4898c263ad5a6fac	43	False	19	finite author data values; unchanged observed values verified against data_imputed	19	19	9	10	0	0.47368421052631576	0.5263157894736842	-0.05237117166402942	-0.095426370914	-0.031578947368421054	3397511618	wilcox	average_ranks	False	99999	4000	mean_paired_tumor_minus_normal	4000_whole_case_percentile_bootstrap_pointwise	Monte_Carlo_sign_flip_plus1	361.0	NOT_SUPPORTED_THIS_TEST
PRAD	CAMP_PRAD	04_ROBUSTNESS	20260922T142000Z_discovery_v1	prad_discovery_v1	METAB_PAIRED_AVAILABLE	NAME:threonylleucine	threonylleucine	NA	author_case	20	20	mean_paired_difference_author_log2_scale	-0.4653601507745102	-1.0005343580368737	0.04291755427605441	0.12164	0.3546115254237288	METAB_PAIRED_AVAILABLE	344.0	DONE	NA	CAMP_v0.3.4_PRAD	PRAD_FEATURE:64c9e45507c20814	43	False	20	finite author data values; unchanged observed values verified against data_imputed	20	20	8	12	0	0.4	0.6	-0.4653601507745102	-0.5378379954409935	-0.4	3266784507	wilcox	average_ranks	False	99999	4000	mean_paired_tumor_minus_normal	4000_whole_case_percentile_bootstrap_pointwise	Monte_Carlo_sign_flip_plus1	361.0	NOT_SUPPORTED_THIS_TEST
PRAD	CAMP_PRAD	04_ROBUSTNESS	20260922T142000Z_discovery_v1	prad_discovery_v1	METAB_PAIRED_AVAILABLE	HMDB:HMDB02366	tiglylcarnitine (C5:1-DC)	NA	author_case	27	27	mean_paired_difference_author_log2_scale	0.19100337308311655	-0.13906752088262286	0.505387364161735	0.17876	0.4240926896551724	METAB_PAIRED_AVAILABLE	344.0	DONE	NA	CAMP_v0.3.4_PRAD	PRAD_FEATURE:b0e8b207a79a1483	43	False	27	finite author data values; unchanged observed values verified against data_imputed	27	27	18	9	0	0.6666666666666666	0.3333333333333333	0.19100337308311655	0.2545895631918639	0.30158730158730157	1387642838	wilcox	average_ranks	False	99999	4000	mean_paired_tumor_minus_normal	4000_whole_case_percentile_bootstrap_pointwise	Monte_Carlo_sign_flip_plus1	361.0	NOT_SUPPORTED_THIS_TEST
PRAD	CAMP_PRAD	04_ROBUSTNESS	20260922T142000Z_discovery_v1	prad_discovery_v1	METAB_PAIRED_AVAILABLE	KEGG:C00078	tryptophan	NA	author_case	43	43	mean_paired_difference_author_log2_scale	-0.10313630701685672	-0.24077704295315494	0.035403035758735255	0.21583376446248081	0.47794089171974524	METAB_PAIRED_AVAILABLE	344.0	DONE	NA	CAMP_v0.3.4_PRAD	PRAD_FEATURE:a0184c07db08ebfb	43	False	43	finite author data values; unchanged observed values verified against data_imputed	43	43	20	23	0	0.46511627906976744	0.5348837209302325	-0.10313630701685672	-0.027833397237167698	-0.21775898520084566	222394419	wilcox	average_ranks	True	0	4000	mean_paired_tumor_minus_normal	4000_whole_case_percentile_bootstrap_pointwise	normal_tie_corrected_continuity_corrected	361.0	NOT_SUPPORTED_THIS_TEST
PRAD	CAMP_PRAD	04_ROBUSTNESS	20260922T142000Z_discovery_v1	prad_discovery_v1	METAB_PAIRED_AVAILABLE	KEGG:C09213	tryptophan betaine	NA	author_case	36	36	mean_paired_difference_author_log2_scale	-0.012332392699171678	-0.24584728194868744	0.21171655107102733	0.8076073096571577	0.9020029692274748	METAB_PAIRED_AVAILABLE	344.0	DONE	NA	CAMP_v0.3.4_PRAD	PRAD_FEATURE:f40da0fcc6a67108	43	False	36	finite author data values; unchanged observed values verified against data_imputed	36	36	16	20	0	0.4444444444444444	0.5555555555555556	-0.012332392699171678	-0.15625445531505	-0.04804804804804805	861280310	wilcox	average_ranks	True	0	4000	mean_paired_tumor_minus_normal	4000_whole_case_percentile_bootstrap_pointwise	normal_tie_corrected_continuity_corrected	361.0	NOT_SUPPORTED_THIS_TEST
PRAD	CAMP_PRAD	04_ROBUSTNESS	20260922T142000Z_discovery_v1	prad_discovery_v1	METAB_PAIRED_AVAILABLE	NAME:tryptophylalanine	tryptophylalanine	NA	author_case	7	7	NA	NA	NA	NA	NA	NA	METAB_PAIRED_AVAILABLE	344.0	NOT_EVALUABLE	fewer_than_8_complete_pairs	CAMP_v0.3.4_PRAD	PRAD_FEATURE:22d4c14baff5be93	43	False	7	finite author data values; unchanged observed values verified against data_imputed	7	7	1	6	0	0.14285714285714285	0.8571428571428571	-0.49361546374927817	-0.33797424191491005	-0.8571428571428571	638672979	wilcox	average_ranks	False	0	0	mean_paired_tumor_minus_normal	4000_whole_case_percentile_bootstrap_pointwise	NA	361.0	NOT_EVALUABLE
PRAD	CAMP_PRAD	04_ROBUSTNESS	20260922T142000Z_discovery_v1	prad_discovery_v1	METAB_PAIRED_AVAILABLE	KEGG:C00082	tyrosine	NA	author_case	43	43	mean_paired_difference_author_log2_scale	-0.02785437608789094	-0.1624181525179719	0.10678918652305244	0.8138505012336655	0.9031115239496159	METAB_PAIRED_AVAILABLE	344.0	DONE	NA	CAMP_v0.3.4_PRAD	PRAD_FEATURE:c5bb45f39525a3f7	43	False	43	finite author data values; unchanged observed values verified against data_imputed	43	43	22	21	0	0.5116279069767442	0.4883720930232558	-0.02785437608789094	0.005381472048692049	-0.042283298097251586	3384651716	wilcox	average_ranks	True	0	4000	mean_paired_tumor_minus_normal	4000_whole_case_percentile_bootstrap_pointwise	normal_tie_corrected_continuity_corrected	361.0	NOT_SUPPORTED_THIS_TEST
PRAD	CAMP_PRAD	04_ROBUSTNESS	20260922T142000Z_discovery_v1	prad_discovery_v1	METAB_PAIRED_AVAILABLE	HMDB:HMDB29105	tyrosylglycine	NA	author_case	20	20	mean_paired_difference_author_log2_scale	-0.36970668347783736	-0.7217655015385589	0.009012721986896007	0.05389	0.24207897435897438	METAB_PAIRED_AVAILABLE	344.0	DONE	NA	CAMP_v0.3.4_PRAD	PRAD_FEATURE:1cc0a909ee8f5f3e	43	False	20	finite author data values; unchanged observed values verified against data_imputed	20	20	6	14	0	0.3	0.7	-0.36970668347783736	-0.3807401395961113	-0.49523809523809526	3061611687	wilcox	average_ranks	False	99999	4000	mean_paired_tumor_minus_normal	4000_whole_case_percentile_bootstrap_pointwise	Monte_Carlo_sign_flip_plus1	361.0	NOT_SUPPORTED_THIS_TEST
PRAD	CAMP_PRAD	04_ROBUSTNESS	20260922T142000Z_discovery_v1	prad_discovery_v1	METAB_PAIRED_AVAILABLE	HMDB:HMDB00888	undecanedioate	NA	author_case	3	3	NA	NA	NA	NA	NA	NA	METAB_PAIRED_AVAILABLE	344.0	NOT_EVALUABLE	fewer_than_8_complete_pairs	CAMP_v0.3.4_PRAD	PRAD_FEATURE:62bda5714b965830	43	False	3	finite author data values; unchanged observed values verified against data_imputed	3	3	2	1	0	0.6666666666666666	0.3333333333333333	0.7946576198062671	0.534254405849285	0.3333333333333333	45355791	wilcox	average_ranks	False	0	0	mean_paired_tumor_minus_normal	4000_whole_case_percentile_bootstrap_pointwise	NA	361.0	NOT_EVALUABLE
PRAD	CAMP_PRAD	04_ROBUSTNESS	20260922T142000Z_discovery_v1	prad_discovery_v1	METAB_PAIRED_AVAILABLE	KEGG:C00106	uracil	NA	author_case	43	43	mean_paired_difference_author_log2_scale	0.5793086817665278	0.32494970591509165	0.8323368163650332	0.00020477813331215856	0.014776478626133228	METAB_PAIRED_AVAILABLE	344.0	DONE	NA	CAMP_v0.3.4_PRAD	PRAD_FEATURE:114ae5cf96c222d7	43	False	43	finite author data values; unchanged observed values verified against data_imputed	43	43	34	9	0	0.7906976744186046	0.20930232558139536	0.5793086817665278	0.619279723121883	0.6511627906976745	547757052	wilcox	average_ranks	True	0	4000	mean_paired_tumor_minus_normal	4000_whole_case_percentile_bootstrap_pointwise	normal_tie_corrected_continuity_corrected	361.0	FDR_SUPPORTED
PRAD	CAMP_PRAD	04_ROBUSTNESS	20260922T142000Z_discovery_v1	prad_discovery_v1	METAB_PAIRED_AVAILABLE	KEGG:C00366	urate	NA	author_case	43	43	mean_paired_difference_author_log2_scale	-0.5969696986299499	-1.0700285067280542	-0.17869197980890103	0.03511071505405291	0.20569054555084745	METAB_PAIRED_AVAILABLE	344.0	DONE	NA	CAMP_v0.3.4_PRAD	PRAD_FEATURE:83547f7bc34d1bfb	43	False	43	finite author data values; unchanged observed values verified against data_imputed	43	43	18	25	0	0.4186046511627907	0.5813953488372093	-0.5969696986299499	-0.334569995839795	-0.3699788583509514	1893174480	wilcox	average_ranks	True	0	4000	mean_paired_tumor_minus_normal	4000_whole_case_percentile_bootstrap_pointwise	normal_tie_corrected_continuity_corrected	361.0	NOMINAL_EXPLORATORY
PRAD	CAMP_PRAD	04_ROBUSTNESS	20260922T142000Z_discovery_v1	prad_discovery_v1	METAB_PAIRED_AVAILABLE	KEGG:C00086	urea	NA	author_case	43	43	mean_paired_difference_author_log2_scale	-0.3346264038477535	-0.7582636279332502	0.05229067937177268	0.34937163293261975	0.5828153846153846	METAB_PAIRED_AVAILABLE	344.0	DONE	NA	CAMP_v0.3.4_PRAD	PRAD_FEATURE:57ff2f0dd49e2ec5	43	False	43	finite author data values; unchanged observed values verified against data_imputed	43	43	20	23	0	0.46511627906976744	0.5348837209302325	-0.3346264038477535	-0.022890355219448308	-0.1649048625792812	289689574	wilcox	average_ranks	True	0	4000	mean_paired_tumor_minus_normal	4000_whole_case_percentile_bootstrap_pointwise	normal_tie_corrected_continuity_corrected	361.0	NOT_SUPPORTED_THIS_TEST
PRAD	CAMP_PRAD	04_ROBUSTNESS	20260922T142000Z_discovery_v1	prad_discovery_v1	METAB_PAIRED_AVAILABLE	KEGG:C00299	uridine	NA	author_case	43	43	mean_paired_difference_author_log2_scale	-0.0443175920894449	-0.206040755865846	0.1135568088064078	0.3683416984512392	0.5976865295623882	METAB_PAIRED_AVAILABLE	344.0	DONE	NA	CAMP_v0.3.4_PRAD	PRAD_FEATURE:c1ed9d2ea1b141fa	43	False	43	finite author data values; unchanged observed values verified against data_imputed	43	43	22	21	0	0.5116279069767442	0.4883720930232558	-0.0443175920894449	0.018164284474125394	-0.15856236786469344	1728838811	wilcox	average_ranks	True	0	4000	mean_paired_tumor_minus_normal	4000_whole_case_percentile_bootstrap_pointwise	normal_tie_corrected_continuity_corrected	361.0	NOT_SUPPORTED_THIS_TEST
PRAD	CAMP_PRAD	04_ROBUSTNESS	20260922T142000Z_discovery_v1	prad_discovery_v1	METAB_PAIRED_AVAILABLE	KEGG:C01368	uridine monophosphate (5' or 3')	NA	author_case	30	30	mean_paired_difference_author_log2_scale	-0.19009589423749904	-0.7611619642213497	0.3779888641606053	0.44664001113109864	0.6455637135676383	METAB_PAIRED_AVAILABLE	344.0	DONE	NA	CAMP_v0.3.4_PRAD	PRAD_FEATURE:aa1dd082de9cd65d	43	False	30	finite author data values; unchanged observed values verified against data_imputed	30	30	14	16	0	0.4666666666666667	0.5333333333333333	-0.19009589423749904	-0.16426191458669145	-0.16129032258064516	2017800779	wilcox	average_ranks	True	0	4000	mean_paired_tumor_minus_normal	4000_whole_case_percentile_bootstrap_pointwise	normal_tie_corrected_continuity_corrected	361.0	NOT_SUPPORTED_THIS_TEST
PRAD	CAMP_PRAD	04_ROBUSTNESS	20260922T142000Z_discovery_v1	prad_discovery_v1	METAB_PAIRED_AVAILABLE	HMDB:HMDB13128	valerylcarnitine	NA	author_case	24	24	mean_paired_difference_author_log2_scale	0.1127932523772666	-0.18893013589344548	0.37382922646881944	0.27707	0.537767926880042	METAB_PAIRED_AVAILABLE	344.0	DONE	NA	CAMP_v0.3.4_PRAD	PRAD_FEATURE:59a78b58ff316486	43	False	24	finite author data values; unchanged observed values verified against data_imputed	24	24	15	9	0	0.625	0.375	0.1127932523772666	0.2821990928288963	0.26	923476883	wilcox	average_ranks	False	99999	4000	mean_paired_tumor_minus_normal	4000_whole_case_percentile_bootstrap_pointwise	Monte_Carlo_sign_flip_plus1	361.0	NOT_SUPPORTED_THIS_TEST
PRAD	CAMP_PRAD	04_ROBUSTNESS	20260922T142000Z_discovery_v1	prad_discovery_v1	METAB_PAIRED_AVAILABLE	KEGG:C00183	valine	NA	author_case	43	43	mean_paired_difference_author_log2_scale	-0.15467784718827574	-0.2750481664861709	-0.03818597779423468	0.025891938667154245	0.18555889378127208	METAB_PAIRED_AVAILABLE	344.0	DONE	NA	CAMP_v0.3.4_PRAD	PRAD_FEATURE:8dcedd5e178723a5	43	False	43	finite author data values; unchanged observed values verified against data_imputed	43	43	15	28	0	0.3488372093023256	0.6511627906976745	-0.15467784718827574	-0.0925731745025109	-0.39112050739957716	3149187246	wilcox	average_ranks	True	0	4000	mean_paired_tumor_minus_normal	4000_whole_case_percentile_bootstrap_pointwise	normal_tie_corrected_continuity_corrected	361.0	NOMINAL_EXPLORATORY
PRAD	CAMP_PRAD	04_ROBUSTNESS	20260922T142000Z_discovery_v1	prad_discovery_v1	METAB_PAIRED_AVAILABLE	KEGG:C07553	vecuronium	NA	author_case	25	25	mean_paired_difference_author_log2_scale	-0.21979895775356453	-0.590546529787764	0.17952471057751723	0.23073	0.4960695	METAB_PAIRED_AVAILABLE	344.0	DONE	NA	CAMP_v0.3.4_PRAD	PRAD_FEATURE:ac15bb644d2ca520	43	False	25	finite author data values; unchanged observed values verified against data_imputed	25	25	10	15	0	0.4	0.6	-0.21979895775356453	-0.2446888508185061	-0.28	633784647	wilcox	average_ranks	False	99999	4000	mean_paired_tumor_minus_normal	4000_whole_case_percentile_bootstrap_pointwise	Monte_Carlo_sign_flip_plus1	361.0	NOT_SUPPORTED_THIS_TEST
PRAD	CAMP_PRAD	04_ROBUSTNESS	20260922T142000Z_discovery_v1	prad_discovery_v1	METAB_PAIRED_AVAILABLE	KEGG:C00385	xanthine	NA	author_case	40	40	mean_paired_difference_author_log2_scale	0.43743093500937197	0.10045917296801478	0.7952650687549212	0.05049947239205139	0.24207897435897438	METAB_PAIRED_AVAILABLE	344.0	DONE	NA	CAMP_v0.3.4_PRAD	PRAD_FEATURE:20a99137b876c7be	43	False	40	finite author data values; unchanged observed values verified against data_imputed	40	40	25	15	0	0.625	0.375	0.43743093500937197	0.21149193237709749	0.35609756097560974	655343429	wilcox	average_ranks	True	0	4000	mean_paired_tumor_minus_normal	4000_whole_case_percentile_bootstrap_pointwise	normal_tie_corrected_continuity_corrected	361.0	NOT_SUPPORTED_THIS_TEST
PRAD	CAMP_PRAD	04_ROBUSTNESS	20260922T142000Z_discovery_v1	prad_discovery_v1	METAB_PAIRED_AVAILABLE	KEGG:C01762	xanthosine	NA	author_case	18	18	mean_paired_difference_author_log2_scale	0.6532049386137116	0.051874780190571824	1.280706169665188	0.07345	0.2986111111111111	METAB_PAIRED_AVAILABLE	344.0	DONE	NA	CAMP_v0.3.4_PRAD	PRAD_FEATURE:5f435300ab9248a6	43	False	18	finite author data values; unchanged observed values verified against data_imputed	18	18	12	6	0	0.6666666666666666	0.3333333333333333	0.6532049386137116	0.5616397194688161	0.4853801169590643	2693478849	wilcox	average_ranks	False	99999	4000	mean_paired_tumor_minus_normal	4000_whole_case_percentile_bootstrap_pointwise	Monte_Carlo_sign_flip_plus1	361.0	NOT_SUPPORTED_THIS_TEST
PRAD	CAMP_PRAD	04_ROBUSTNESS	20260922T142000Z_discovery_v1	prad_discovery_v1	METAB_PAIRED_AVAILABLE	KEGG:C00379	xylitol	NA	author_case	35	35	mean_paired_difference_author_log2_scale	0.3562115083881148	0.020453557240571775	0.6874984685807893	0.05226695750955345	0.24207897435897438	METAB_PAIRED_AVAILABLE	344.0	DONE	NA	CAMP_v0.3.4_PRAD	PRAD_FEATURE:91722630e0e898da	43	False	35	finite author data values; unchanged observed values verified against data_imputed	35	35	21	14	0	0.6	0.4	0.3562115083881148	0.3063630328775917	0.37777777777777777	1948601367	wilcox	average_ranks	True	0	4000	mean_paired_tumor_minus_normal	4000_whole_case_percentile_bootstrap_pointwise	normal_tie_corrected_continuity_corrected	361.0	NOT_SUPPORTED_THIS_TEST
PRAD	CAMP_PRAD	04_ROBUSTNESS	20260922T142000Z_discovery_v1	prad_discovery_v1	METAB_PAIRED_AVAILABLE	KEGG:C05411	xylonate	NA	author_case	32	32	mean_paired_difference_author_log2_scale	-0.08819863961747065	-0.4161006421835056	0.2675962110554847	0.4159865347570585	0.6258664419211034	METAB_PAIRED_AVAILABLE	344.0	DONE	NA	CAMP_v0.3.4_PRAD	PRAD_FEATURE:46ef66570fe641ce	43	False	32	finite author data values; unchanged observed values verified against data_imputed	32	32	12	20	0	0.375	0.625	-0.08819863961747065	-0.1397700035304335	-0.16666666666666666	2204675228	wilcox	average_ranks	True	0	4000	mean_paired_tumor_minus_normal	4000_whole_case_percentile_bootstrap_pointwise	normal_tie_corrected_continuity_corrected	361.0	NOT_SUPPORTED_THIS_TEST
PRAD	CAMP_PRAD	04_ROBUSTNESS	20260922T142000Z_discovery_v1	prad_discovery_v1	METAB_PAIRED_AVAILABLE	KEGG:C00310	xylulose	NA	author_case	11	11	mean_paired_difference_author_log2_scale	-0.10625219229859013	-0.6311777110241423	0.44738648312072304	0.8310546875	0.9093002006769467	METAB_PAIRED_AVAILABLE	344.0	DONE	NA	CAMP_v0.3.4_PRAD	PRAD_FEATURE:87d3167072ae5fc6	43	False	11	finite author data values; unchanged observed values verified against data_imputed	11	11	6	5	0	0.5454545454545454	0.45454545454545453	-0.10625219229859013	0.03448460882873303	-0.09090909090909091	3910436759	wilcox	average_ranks	False	2048	4000	mean_paired_tumor_minus_normal	4000_whole_case_percentile_bootstrap_pointwise	exhaustive_sign_flip	361.0	NOT_SUPPORTED_THIS_TEST
PRAD	CAMP_PRAD	04_ROBUSTNESS	20260922T142000Z_discovery_v1	prad_discovery_v1	METAB_PAIRED_AVAILABLE	NAME:1,3-dipalmitoylglycerol	1,3-dipalmitoylglycerol	NA	author_case	13	13	mean_paired_difference_author_log2_scale	-0.37881013809743014	-0.9809805892158597	0.1027257129899305	0.2734375	0.537767926880042	METAB_PAIRED_AVAILABLE	344.0	DONE	NA	CAMP_v0.3.4_PRAD	PRAD_FEATURE:c70071472f7447e7	43	False	13	finite author data values; unchanged observed values verified against data_imputed	13	13	4	9	0	0.3076923076923077	0.6923076923076923	-0.37881013809743014	-0.18253056043206473	-0.3626373626373626	2842921659	wilcox	average_ranks	False	8192	4000	mean_paired_tumor_minus_normal	4000_whole_case_percentile_bootstrap_pointwise	exhaustive_sign_flip	361.0	NOT_SUPPORTED_THIS_TEST
PRAD	CAMP_PRAD	04_ROBUSTNESS	20260922T142000Z_discovery_v1	prad_discovery_v1	METAB_PAIRED_AVAILABLE	KEGG:C13857	1-arachidonylglycerol	NA	author_case	14	14	mean_paired_difference_author_log2_scale	-0.11289644866930125	-0.3612245854681542	0.14479295606318127	0.42626953125	0.6258664419211034	METAB_PAIRED_AVAILABLE	344.0	DONE	NA	CAMP_v0.3.4_PRAD	PRAD_FEATURE:d9aee85fa83dbf79	43	False	14	finite author data values; unchanged observed values verified against data_imputed	14	14	5	9	0	0.35714285714285715	0.6428571428571429	-0.11289644866930125	-0.20641777639548511	-0.2571428571428571	3431623311	wilcox	average_ranks	False	16384	4000	mean_paired_tumor_minus_normal	4000_whole_case_percentile_bootstrap_pointwise	exhaustive_sign_flip	361.0	NOT_SUPPORTED_THIS_TEST
PRAD	CAMP_PRAD	04_ROBUSTNESS	20260922T142000Z_discovery_v1	prad_discovery_v1	METAB_PAIRED_AVAILABLE	NAME:1-dihomo-linoleoylglycerophosphocholine (20:2n6)	1-dihomo-linoleoylglycerophosphocholine (20:2n6)	NA	author_case	10	10	mean_paired_difference_author_log2_scale	0.44723650106063345	-0.11530522074951324	1.125377899880868	0.375	0.5989963285857545	METAB_PAIRED_AVAILABLE	344.0	DONE	NA	CAMP_v0.3.4_PRAD	PRAD_FEATURE:0e6fa928b30ccd43	43	False	10	finite author data values; unchanged observed values verified against data_imputed	10	10	6	4	0	0.6	0.4	0.44723650106063345	0.1502270712923311	0.34545454545454546	1903013569	wilcox	average_ranks	False	1024	4000	mean_paired_tumor_minus_normal	4000_whole_case_percentile_bootstrap_pointwise	exhaustive_sign_flip	361.0	NOT_SUPPORTED_THIS_TEST
PRAD	CAMP_PRAD	04_ROBUSTNESS	20260922T142000Z_discovery_v1	prad_discovery_v1	METAB_PAIRED_AVAILABLE	HMDB:HMDB0011568	1-linoleoylglycerol (18:2)	NA	author_case	14	14	mean_paired_difference_author_log2_scale	-0.08240137559281242	-0.27157484234741697	0.12016785066246335	0.463134765625	0.6610720306016598	METAB_PAIRED_AVAILABLE	344.0	DONE	NA	CAMP_v0.3.4_PRAD	PRAD_FEATURE:7f0e3e887272118f	43	False	14	finite author data values; unchanged observed values verified against data_imputed	14	14	4	10	0	0.2857142857142857	0.7142857142857143	-0.08240137559281242	-0.1379497986211607	-0.23809523809523808	1735035536	wilcox	average_ranks	False	16384	4000	mean_paired_tumor_minus_normal	4000_whole_case_percentile_bootstrap_pointwise	exhaustive_sign_flip	361.0	NOT_SUPPORTED_THIS_TEST
PRAD	CAMP_PRAD	04_ROBUSTNESS	20260922T142000Z_discovery_v1	prad_discovery_v1	METAB_PAIRED_AVAILABLE	KEGG:C01152	1-methylhistidine	NA	author_case	12	12	mean_paired_difference_author_log2_scale	0.49594086132336385	-0.12265872128504275	1.2915563360284503	0.20361328125	0.466953125	METAB_PAIRED_AVAILABLE	344.0	DONE	NA	CAMP_v0.3.4_PRAD	PRAD_FEATURE:4ed3138ff7bf2546	43	True	12	finite author data values; unchanged observed values verified against data_imputed	12	12	7	5	0	0.5833333333333334	0.4166666666666667	0.49594086132336385	0.41679684074730605	0.4358974358974359	1101006753	wilcox	average_ranks	False	4096	4000	mean_paired_tumor_minus_normal	4000_whole_case_percentile_bootstrap_pointwise	exhaustive_sign_flip	361.0	NOT_SUPPORTED_THIS_TEST
PRAD	CAMP_PRAD	04_ROBUSTNESS	20260922T142000Z_discovery_v1	prad_discovery_v1	METAB_PAIRED_AVAILABLE	KEGG:D01924	1-octadecanol	NA	author_case	13	13	mean_paired_difference_author_log2_scale	0.06658266763504711	-0.14505863583321812	0.2938685870312934	0.7353515625	0.863347909556314	METAB_PAIRED_AVAILABLE	344.0	DONE	NA	CAMP_v0.3.4_PRAD	PRAD_FEATURE:52b3504d270c63de	43	False	13	finite author data values; unchanged observed values verified against data_imputed	13	13	6	7	0	0.46153846153846156	0.5384615384615384	0.06658266763504711	-0.09970890621500195	0.12087912087912088	4108155198	wilcox	average_ranks	False	8192	4000	mean_paired_tumor_minus_normal	4000_whole_case_percentile_bootstrap_pointwise	exhaustive_sign_flip	361.0	NOT_SUPPORTED_THIS_TEST
PRAD	CAMP_PRAD	04_ROBUSTNESS	20260922T142000Z_discovery_v1	prad_discovery_v1	METAB_PAIRED_AVAILABLE	KEGG:C13856	2-arachidonoyl glycerol	NA	author_case	13	13	mean_paired_difference_author_log2_scale	0.025355452712429012	-0.26186016660079897	0.3263871764195602	0.946044921875	0.9714610541044777	METAB_PAIRED_AVAILABLE	344.0	DONE	NA	CAMP_v0.3.4_PRAD	PRAD_FEATURE:2b2e3ec62dd8473f	43	False	13	finite author data values; unchanged observed values verified against data_imputed	13	13	5	8	0	0.38461538461538464	0.6153846153846154	0.025355452712429012	-0.18908778991432218	0.03296703296703297	3658090055	wilcox	average_ranks	False	8192	4000	mean_paired_tumor_minus_normal	4000_whole_case_percentile_bootstrap_pointwise	exhaustive_sign_flip	361.0	NOT_SUPPORTED_THIS_TEST
PRAD	CAMP_PRAD	04_ROBUSTNESS	20260922T142000Z_discovery_v1	prad_discovery_v1	METAB_PAIRED_AVAILABLE	NAME:2-docosahexaenoylglycerophosphoethanolamine	2-docosahexaenoylglycerophosphoethanolamine	NA	author_case	18	18	mean_paired_difference_author_log2_scale	0.1717740732593598	-0.622156823949643	1.0228982279843102	0.76929	0.8821192	METAB_PAIRED_AVAILABLE	344.0	DONE	NA	CAMP_v0.3.4_PRAD	PRAD_FEATURE:775e783f549daf89	43	False	18	finite author data values; unchanged observed values verified against data_imputed	18	18	10	8	0	0.5555555555555556	0.4444444444444444	0.1717740732593598	0.08294477478660799	0.08771929824561403	2165778922	wilcox	average_ranks	False	99999	4000	mean_paired_tumor_minus_normal	4000_whole_case_percentile_bootstrap_pointwise	Monte_Carlo_sign_flip_plus1	361.0	NOT_SUPPORTED_THIS_TEST
PRAD	CAMP_PRAD	04_ROBUSTNESS	20260922T142000Z_discovery_v1	prad_discovery_v1	METAB_PAIRED_AVAILABLE	NAME:2-docosapentaenoylglycerophosphoethanolamine	2-docosapentaenoylglycerophosphoethanolamine	NA	author_case	4	4	NA	NA	NA	NA	NA	NA	METAB_PAIRED_AVAILABLE	344.0	NOT_EVALUABLE	fewer_than_8_complete_pairs	CAMP_v0.3.4_PRAD	PRAD_FEATURE:4b66413cacf76244	43	False	4	finite author data values; unchanged observed values verified against data_imputed	4	4	1	3	0	0.25	0.75	-0.6938485739805025	-0.6371652407517525	-0.8	3651590405	wilcox	average_ranks	False	0	0	mean_paired_tumor_minus_normal	4000_whole_case_percentile_bootstrap_pointwise	NA	361.0	NOT_EVALUABLE
PRAD	CAMP_PRAD	04_ROBUSTNESS	20260922T142000Z_discovery_v1	prad_discovery_v1	METAB_PAIRED_AVAILABLE	HMDB:HMDB31057	2-hydroxypalmitate	NA	author_case	20	20	mean_paired_difference_author_log2_scale	0.2138682715861658	-0.1614630799744702	0.5759160569672582	0.24466	0.5065258666216831	METAB_PAIRED_AVAILABLE	344.0	DONE	NA	CAMP_v0.3.4_PRAD	PRAD_FEATURE:540ce10a3d9009bc	43	False	20	finite author data values; unchanged observed values verified against data_imputed	20	20	12	8	0	0.6	0.4	0.2138682715861658	0.1341194596187415	0.3047619047619048	2719000159	wilcox	average_ranks	False	99999	4000	mean_paired_tumor_minus_normal	4000_whole_case_percentile_bootstrap_pointwise	Monte_Carlo_sign_flip_plus1	361.0	NOT_SUPPORTED_THIS_TEST
PRAD	CAMP_PRAD	04_ROBUSTNESS	20260922T142000Z_discovery_v1	prad_discovery_v1	METAB_PAIRED_AVAILABLE	KEGG:C03045	2-hydroxystearate	NA	author_case	14	14	mean_paired_difference_author_log2_scale	0.3116354258248006	-0.09149273228316515	0.7443494983143475	0.2412109375	0.5059546493902439	METAB_PAIRED_AVAILABLE	344.0	DONE	NA	CAMP_v0.3.4_PRAD	PRAD_FEATURE:7ae117bc2252b6c7	43	False	14	finite author data values; unchanged observed values verified against data_imputed	14	14	8	6	0	0.5714285714285714	0.42857142857142855	0.3116354258248006	0.21389900716013838	0.37142857142857144	3934588853	wilcox	average_ranks	False	16384	4000	mean_paired_tumor_minus_normal	4000_whole_case_percentile_bootstrap_pointwise	exhaustive_sign_flip	361.0	NOT_SUPPORTED_THIS_TEST
PRAD	CAMP_PRAD	04_ROBUSTNESS	20260922T142000Z_discovery_v1	prad_discovery_v1	METAB_PAIRED_AVAILABLE	HMDB:HMDB11538	2-linoleoylglycerol (2-monolinolein)	NA	author_case	11	11	mean_paired_difference_author_log2_scale	-0.11035089611056627	-0.569143839937351	0.34896365543087426	0.7646484375	0.8797293060200669	METAB_PAIRED_AVAILABLE	344.0	DONE	NA	CAMP_v0.3.4_PRAD	PRAD_FEATURE:2d3d08c3e15aa0a0	43	False	11	finite author data values; unchanged observed values verified against data_imputed	11	11	5	6	0	0.45454545454545453	0.5454545454545454	-0.11035089611056627	-0.1264902455351239	-0.12121212121212122	3684955947	wilcox	average_ranks	False	2048	4000	mean_paired_tumor_minus_normal	4000_whole_case_percentile_bootstrap_pointwise	exhaustive_sign_flip	361.0	NOT_SUPPORTED_THIS_TEST
PRAD	CAMP_PRAD	04_ROBUSTNESS	20260922T142000Z_discovery_v1	prad_discovery_v1	METAB_PAIRED_AVAILABLE	KEGG:C08281	behenate (22:0)	NA	author_case	13	13	mean_paired_difference_author_log2_scale	0.02871278047425083	-0.23642116579373387	0.31113881449702235	0.892578125	0.9418615797546012	METAB_PAIRED_AVAILABLE	344.0	DONE	NA	CAMP_v0.3.4_PRAD	PRAD_FEATURE:b4671b016e76f074	43	False	13	finite author data values; unchanged observed values verified against data_imputed	13	13	7	6	0	0.5384615384615384	0.46153846153846156	0.02871278047425083	0.004929721487077699	0.054945054945054944	1172532210	wilcox	average_ranks	False	8192	4000	mean_paired_tumor_minus_normal	4000_whole_case_percentile_bootstrap_pointwise	exhaustive_sign_flip	361.0	NOT_SUPPORTED_THIS_TEST
PRAD	CAMP_PRAD	04_ROBUSTNESS	20260922T142000Z_discovery_v1	prad_discovery_v1	METAB_PAIRED_AVAILABLE	KEGG:C01181	deoxycarnitine	NA	author_case	20	20	mean_paired_difference_author_log2_scale	0.1888746807181954	-0.07221059482918159	0.45159477199595044	0.16428	0.404372	METAB_PAIRED_AVAILABLE	344.0	DONE	NA	CAMP_v0.3.4_PRAD	PRAD_FEATURE:b2bc2a602439dc20	43	False	20	finite author data values; unchanged observed values verified against data_imputed	20	20	11	9	0	0.55	0.45	0.1888746807181954	0.0949482879845595	0.3619047619047619	999488860	wilcox	average_ranks	False	99999	4000	mean_paired_tumor_minus_normal	4000_whole_case_percentile_bootstrap_pointwise	Monte_Carlo_sign_flip_plus1	361.0	NOT_SUPPORTED_THIS_TEST
PRAD	CAMP_PRAD	04_ROBUSTNESS	20260922T142000Z_discovery_v1	prad_discovery_v1	METAB_PAIRED_AVAILABLE	KEGG:C01662	galactose	NA	author_case	12	12	mean_paired_difference_author_log2_scale	0.06134302752340242	-0.5745324519949464	0.5993127563843725	0.5693359375	0.7431344696969696	METAB_PAIRED_AVAILABLE	344.0	DONE	NA	CAMP_v0.3.4_PRAD	PRAD_FEATURE:42bff579a40990b3	43	False	12	finite author data values; unchanged observed values verified against data_imputed	12	12	8	4	0	0.6666666666666666	0.3333333333333333	0.06134302752340242	0.525995109008669	0.20512820512820512	861562555	wilcox	average_ranks	False	4096	4000	mean_paired_tumor_minus_normal	4000_whole_case_percentile_bootstrap_pointwise	exhaustive_sign_flip	361.0	NOT_SUPPORTED_THIS_TEST
PRAD	CAMP_PRAD	04_ROBUSTNESS	20260922T142000Z_discovery_v1	prad_discovery_v1	METAB_PAIRED_AVAILABLE	HMDB:HMDB13127	hydroxybutyrylcarnitine	NA	author_case	13	13	mean_paired_difference_author_log2_scale	0.24896892519098404	-0.027529450029334022	0.5244021236798324	0.10986328125	0.34739888888074383	METAB_PAIRED_AVAILABLE	344.0	DONE	NA	CAMP_v0.3.4_PRAD	PRAD_FEATURE:8702e9a95957305d	43	False	13	finite author data values; unchanged observed values verified against data_imputed	13	13	9	4	0	0.6923076923076923	0.3076923076923077	0.24896892519098404	0.301779027618413	0.5164835164835165	2733951429	wilcox	average_ranks	False	8192	4000	mean_paired_tumor_minus_normal	4000_whole_case_percentile_bootstrap_pointwise	exhaustive_sign_flip	361.0	NOT_SUPPORTED_THIS_TEST
PRAD	CAMP_PRAD	04_ROBUSTNESS	20260922T142000Z_discovery_v1	prad_discovery_v1	METAB_PAIRED_AVAILABLE	KEGG:C02043	indolelactate	NA	author_case	11	11	mean_paired_difference_author_log2_scale	0.20880792078695345	-0.3259332638792854	0.6536295915212084	0.365234375	0.5954531990521327	METAB_PAIRED_AVAILABLE	344.0	DONE	NA	CAMP_v0.3.4_PRAD	PRAD_FEATURE:b1b19ed72f7681ce	43	False	11	finite author data values; unchanged observed values verified against data_imputed	11	11	7	4	0	0.6363636363636364	0.36363636363636365	0.20880792078695345	0.5536332965310071	0.3333333333333333	2209675620	wilcox	average_ranks	False	2048	4000	mean_paired_tumor_minus_normal	4000_whole_case_percentile_bootstrap_pointwise	exhaustive_sign_flip	361.0	NOT_SUPPORTED_THIS_TEST
PRAD	CAMP_PRAD	04_ROBUSTNESS	20260922T142000Z_discovery_v1	prad_discovery_v1	METAB_PAIRED_AVAILABLE	HMDB:HMDB02259	margarate (17:0)	NA	author_case	20	20	mean_paired_difference_author_log2_scale	0.18413097226192046	-0.09127292430085446	0.4541784366042204	0.21711	0.47794089171974524	METAB_PAIRED_AVAILABLE	344.0	DONE	NA	CAMP_v0.3.4_PRAD	PRAD_FEATURE:afd0c7c89f36b820	43	False	20	finite author data values; unchanged observed values verified against data_imputed	20	20	11	9	0	0.55	0.45	0.18413097226192046	0.30214276100691345	0.3238095238095238	645704683	wilcox	average_ranks	False	99999	4000	mean_paired_tumor_minus_normal	4000_whole_case_percentile_bootstrap_pointwise	Monte_Carlo_sign_flip_plus1	361.0	NOT_SUPPORTED_THIS_TEST
PRAD	CAMP_PRAD	04_ROBUSTNESS	20260922T142000Z_discovery_v1	prad_discovery_v1	METAB_PAIRED_AVAILABLE	HMDB:HMDB02931	N-acetylserine	NA	author_case	17	17	mean_paired_difference_author_log2_scale	-0.10953519150400937	-0.25180508890096903	0.03751706260333549	0.20537	0.46786278145695365	METAB_PAIRED_AVAILABLE	344.0	DONE	NA	CAMP_v0.3.4_PRAD	PRAD_FEATURE:1a239be9bc1f3393	43	False	17	finite author data values; unchanged observed values verified against data_imputed	17	17	7	10	0	0.4117647058823529	0.5882352941176471	-0.10953519150400937	-0.1470649070896155	-0.35947712418300654	2317583095	wilcox	average_ranks	False	99999	4000	mean_paired_tumor_minus_normal	4000_whole_case_percentile_bootstrap_pointwise	Monte_Carlo_sign_flip_plus1	361.0	NOT_SUPPORTED_THIS_TEST
PRAD	CAMP_PRAD	04_ROBUSTNESS	20260922T142000Z_discovery_v1	prad_discovery_v1	METAB_PAIRED_AVAILABLE	KEGG:C02494	1-methyladenosine	NA	author_case	20	20	mean_paired_difference_author_log2_scale	-0.10170241895290788	-0.2969083965355994	0.09837301624976116	0.21813	0.47794089171974524	METAB_PAIRED_AVAILABLE	344.0	DONE	NA	CAMP_v0.3.4_PRAD	PRAD_FEATURE:28829915e45cc6e8	43	False	20	finite author data values; unchanged observed values verified against data_imputed	20	20	8	12	0	0.4	0.6	-0.10170241895290788	-0.087837937596034	-0.3238095238095238	4121673631	wilcox	average_ranks	False	99999	4000	mean_paired_tumor_minus_normal	4000_whole_case_percentile_bootstrap_pointwise	Monte_Carlo_sign_flip_plus1	361.0	NOT_SUPPORTED_THIS_TEST
PRAD	CAMP_PRAD	04_ROBUSTNESS	20260922T142000Z_discovery_v1	prad_discovery_v1	METAB_PAIRED_AVAILABLE	KEGG:C16535	nonadecanoate (19:0)	NA	author_case	19	19	mean_paired_difference_author_log2_scale	0.7249109254406397	0.4325746100937483	1.0413669647239991	0.00041	0.01763	METAB_PAIRED_AVAILABLE	344.0	DONE	NA	CAMP_v0.3.4_PRAD	PRAD_FEATURE:b65a99ac8f00f842	43	False	19	finite author data values; unchanged observed values verified against data_imputed	19	19	16	3	0	0.8421052631578947	0.15789473684210525	0.7249109254406397	0.8626441957467397	0.8631578947368421	2211883927	wilcox	average_ranks	False	99999	4000	mean_paired_tumor_minus_normal	4000_whole_case_percentile_bootstrap_pointwise	Monte_Carlo_sign_flip_plus1	361.0	FDR_SUPPORTED
PRAD	CAMP_PRAD	04_ROBUSTNESS	20260922T142000Z_discovery_v1	prad_discovery_v1	METAB_PAIRED_AVAILABLE	KEGG:C00213	sarcosine	NA	author_case	15	15	mean_paired_difference_author_log2_scale	-0.07629691772780674	-0.37691479172583636	0.21648055157250184	0.803955078125	0.9008486868892508	METAB_PAIRED_AVAILABLE	344.0	DONE	NA	CAMP_v0.3.4_PRAD	PRAD_FEATURE:49fc2a2cae8843cc	43	False	15	finite author data values; unchanged observed values verified against data_imputed	15	15	7	8	0	0.4666666666666667	0.5333333333333333	-0.07629691772780674	-0.1611361005721586	-0.08333333333333333	3974044497	wilcox	average_ranks	False	32768	4000	mean_paired_tumor_minus_normal	4000_whole_case_percentile_bootstrap_pointwise	exhaustive_sign_flip	361.0	NOT_SUPPORTED_THIS_TEST
PRAD	CAMP_PRAD	04_ROBUSTNESS	20260922T142000Z_discovery_v1	prad_discovery_v1	METAB_PAIRED_AVAILABLE	KEGG:C00751	squalene	NA	author_case	13	13	mean_paired_difference_author_log2_scale	0.4072842377225431	-0.2543268252997028	1.2439699919735965	0.541748046875	0.7223307291666666	METAB_PAIRED_AVAILABLE	344.0	DONE	NA	CAMP_v0.3.4_PRAD	PRAD_FEATURE:4b13a01f76b12a5e	43	False	13	finite author data values; unchanged observed values verified against data_imputed	13	13	7	6	0	0.5384615384615384	0.46153846153846156	0.4072842377225431	0.23435388686451938	0.2087912087912088	1666197998	wilcox	average_ranks	False	8192	4000	mean_paired_tumor_minus_normal	4000_whole_case_percentile_bootstrap_pointwise	exhaustive_sign_flip	361.0	NOT_SUPPORTED_THIS_TEST
PRAD	CAMP_PRAD	04_ROBUSTNESS	20260922T142000Z_discovery_v1	prad_discovery_v1	METAB_PAIRED_AVAILABLE	KEGG:C00550	stearoyl sphingomyelin (d18:1/18:0)	NA	author_case	20	20	mean_paired_difference_author_log2_scale	-0.310261513568822	-0.6898196609618259	0.067731132326286	0.11401	0.3501735714285714	METAB_PAIRED_AVAILABLE	344.0	DONE	NA	CAMP_v0.3.4_PRAD	PRAD_FEATURE:701fbd6db3a92f54	43	False	20	finite author data values; unchanged observed values verified against data_imputed	20	20	6	14	0	0.3	0.7	-0.310261513568822	-0.2793374740528585	-0.4095238095238095	2969675414	wilcox	average_ranks	False	99999	4000	mean_paired_tumor_minus_normal	4000_whole_case_percentile_bootstrap_pointwise	Monte_Carlo_sign_flip_plus1	361.0	NOT_SUPPORTED_THIS_TEST
PRAD	CAMP_PRAD	04_ROBUSTNESS	20260922T142000Z_discovery_v1	prad_discovery_v1	METAB_PAIRED_AVAILABLE	KEGG:C01157	trans-4-hydroxyproline	NA	author_case	18	18	mean_paired_difference_author_log2_scale	-0.06093728410191537	-0.2749768595750243	0.13943308149095107	0.70164	0.8409901045296168	METAB_PAIRED_AVAILABLE	344.0	DONE	NA	CAMP_v0.3.4_PRAD	PRAD_FEATURE:01f98a6d8796d4cb	43	False	18	finite author data values; unchanged observed values verified against data_imputed	18	18	8	10	0	0.4444444444444444	0.5555555555555556	-0.06093728410191537	-0.059931501719876046	-0.1111111111111111	707055691	wilcox	average_ranks	False	99999	4000	mean_paired_tumor_minus_normal	4000_whole_case_percentile_bootstrap_pointwise	Monte_Carlo_sign_flip_plus1	361.0	NOT_SUPPORTED_THIS_TEST
PRAD	CAMP_PRAD	04_ROBUSTNESS	20260922T142000Z_discovery_v1	prad_discovery_v1	METAB_PAIRED_AVAILABLE	KEGG:C06771	triethanolamine	NA	author_case	13	13	mean_paired_difference_author_log2_scale	0.47279324748925333	-0.3134826449089075	1.2681747217433812	0.375732421875	0.5989963285857545	METAB_PAIRED_AVAILABLE	344.0	DONE	NA	CAMP_v0.3.4_PRAD	PRAD_FEATURE:af2d0500908d576d	43	False	13	finite author data values; unchanged observed values verified against data_imputed	13	13	6	7	0	0.46153846153846156	0.5384615384615384	0.47279324748925333	-0.2010296847411592	0.2967032967032967	1052383389	wilcox	average_ranks	False	8192	4000	mean_paired_tumor_minus_normal	4000_whole_case_percentile_bootstrap_pointwise	exhaustive_sign_flip	361.0	NOT_SUPPORTED_THIS_TEST
PRAD	CAMP_PRAD	04_ROBUSTNESS	20260922T142000Z_discovery_v1	prad_discovery_v1	METAB_PAIRED_AVAILABLE	NAME:triethyleneglycol	triethyleneglycol	NA	author_case	20	20	mean_paired_difference_author_log2_scale	-0.048469585576881434	-0.683742151843863	0.5391144456293749	0.98448	0.9990003539823009	METAB_PAIRED_AVAILABLE	344.0	DONE	NA	CAMP_v0.3.4_PRAD	PRAD_FEATURE:36206054ec19bfeb	43	False	20	finite author data values; unchanged observed values verified against data_imputed	20	20	12	8	0	0.6	0.4	-0.048469585576881434	0.43194340687577903	-0.009523809523809525	3962343915	wilcox	average_ranks	False	99999	4000	mean_paired_tumor_minus_normal	4000_whole_case_percentile_bootstrap_pointwise	Monte_Carlo_sign_flip_plus1	361.0	NOT_SUPPORTED_THIS_TEST
PRAD	CAMP_PRAD	04_ROBUSTNESS	20260922T142000Z_discovery_v1	prad_discovery_v1	METAB_PAIRED_AVAILABLE	HMDB:HMDB60038	10-heptadecenoate (17:1n7)	NA	author_case	7	7	NA	NA	NA	NA	NA	NA	METAB_PAIRED_AVAILABLE	344.0	NOT_EVALUABLE	fewer_than_8_complete_pairs	CAMP_v0.3.4_PRAD	PRAD_FEATURE:da033fc1bc4ea446	43	False	7	finite author data values; unchanged observed values verified against data_imputed	7	7	4	3	0	0.5714285714285714	0.42857142857142855	0.035854234820295657	0.030885611251886047	0.14285714285714285	3405422043	wilcox	average_ranks	False	0	0	mean_paired_tumor_minus_normal	4000_whole_case_percentile_bootstrap_pointwise	NA	361.0	NOT_EVALUABLE
PRAD	CAMP_PRAD	04_ROBUSTNESS	20260922T142000Z_discovery_v1	prad_discovery_v1	METAB_PAIRED_AVAILABLE	KEGG:C11332	leucylleucine	NA	author_case	6	6	NA	NA	NA	NA	NA	NA	METAB_PAIRED_AVAILABLE	344.0	NOT_EVALUABLE	fewer_than_8_complete_pairs	CAMP_v0.3.4_PRAD	PRAD_FEATURE:04e72118f5c0ce2b	43	False	6	finite author data values; unchanged observed values verified against data_imputed	6	6	2	4	0	0.3333333333333333	0.6666666666666666	-0.44314455425032206	-0.2139970045201895	-0.7142857142857143	1970665162	wilcox	average_ranks	False	0	0	mean_paired_tumor_minus_normal	4000_whole_case_percentile_bootstrap_pointwise	NA	361.0	NOT_EVALUABLE
PRAD	CAMP_PRAD	04_ROBUSTNESS	20260922T142000Z_discovery_v1	prad_discovery_v1	METAB_PAIRED_AVAILABLE	KEGG:C03882	piperine	NA	author_case	7	7	NA	NA	NA	NA	NA	NA	METAB_PAIRED_AVAILABLE	344.0	NOT_EVALUABLE	fewer_than_8_complete_pairs	CAMP_v0.3.4_PRAD	PRAD_FEATURE:c1563734e4497688	43	False	7	finite author data values; unchanged observed values verified against data_imputed	7	7	3	4	0	0.42857142857142855	0.5714285714285714	0.017047081935898482	-0.11244121468344503	0.07142857142857142	3672952873	wilcox	average_ranks	False	0	0	mean_paired_tumor_minus_normal	4000_whole_case_percentile_bootstrap_pointwise	NA	361.0	NOT_EVALUABLE
PRAD	CAMP_PRAD	04_ROBUSTNESS	20260922T142000Z_discovery_v1	prad_discovery_v1	METAB_PAIRED_AVAILABLE	KEGG:C00449	saccharopine	NA	author_case	7	7	NA	NA	NA	NA	NA	NA	METAB_PAIRED_AVAILABLE	344.0	NOT_EVALUABLE	fewer_than_8_complete_pairs	CAMP_v0.3.4_PRAD	PRAD_FEATURE:24103677cf302f01	43	False	7	finite author data values; unchanged observed values verified against data_imputed	7	7	5	2	0	0.7142857142857143	0.2857142857142857	0.1990067470694334	0.3564898664132143	0.5	170016981	wilcox	average_ranks	False	0	0	mean_paired_tumor_minus_normal	4000_whole_case_percentile_bootstrap_pointwise	NA	361.0	NOT_EVALUABLE
PRAD	CAMP_PRAD	04_ROBUSTNESS	20260922T142000Z_discovery_v1	prad_discovery_v1	METAB_PAIRED_AVAILABLE	KEGG:C00043	UDP-N-acetylglucosamine	NA	author_case	7	7	NA	NA	NA	NA	NA	NA	METAB_PAIRED_AVAILABLE	344.0	NOT_EVALUABLE	fewer_than_8_complete_pairs	CAMP_v0.3.4_PRAD	PRAD_FEATURE:7972d233f02109e3	43	False	7	finite author data values; unchanged observed values verified against data_imputed	7	7	5	2	0	0.7142857142857143	0.2857142857142857	0.550742534586378	0.8617191391517249	0.6428571428571429	629963478	wilcox	average_ranks	False	0	0	mean_paired_tumor_minus_normal	4000_whole_case_percentile_bootstrap_pointwise	NA	361.0	NOT_EVALUABLE
