cancer,cohort,stage_id,run_id,analysis_version,analysis_type,metabolite_key,metabolite_name,gene,unit,n,n_reference,effect_type,effect,ci_lower,ci_upper,p_value,q_value,test_family,family_n_evaluable,status,reason,source_id,pairs_higher,pairs_lower,pairs_equal,higher_fraction,lower_fraction,n_both_author_available,n_pairs_with_at_least_one_author_missing,old_hedges_g,old_p,old_q,old_n_tumor,old_n_normal,old_design,median_paired_difference,w_positive,w_negative,paired_rank_biserial,seed,nonzero_pairs,normal_approximation_warning,same_mean_direction_as_old_g,pairs_in_old_direction,fraction_in_old_direction,n_available,effect_available,median_paired_difference_available,paired_rank_biserial_available,q_value_available,pairs_higher_available,pairs_lower_available,pairs_equal_available,normal_approximation_warning_available,available_direction_matches_primary,mean_direction_matches_signed_rank,old_significant,new_significant,majority_direction,same_direction_pairs,same_direction_fraction,raw_p_lt_005,majority_matches_mean,display_order,proportion_rank,mapping_version,mapping_state,mapping_status,mapping_reason,direct_gene_count,direct_genes,conditional_gene_count,conditional_genes,original_v1_feature_mapped
BRCA,CAMP_BRCA1_Terunuma,04_ROBUSTNESS,20260921T112611Z_metabolite318_paired_v1,metabolite318_paired_v1,paired_processed,NAME:C-glycosyltryptophan,C-glycosyltryptophan,NA,author_paired_case,45,45,mean_paired_difference_author_scale,1.3676559677423066,1.1303981589319854,1.599442645116432,1.45870607354604e-08,3.1736397629373487e-06,paired_processed,318.0,DONE,NA,CAMP_processed_original_author_pair_table,43,2,0,0.9555555555555556,0.0444444444444444,33,12,1.86632566275965,9.31994678359937e-13,1.000340954773e-10,61,47,Unpaired; author supplied processed values; no new transformation,1.571503445900202,1020.0,15.0,0.9710144927536232,2354503178.0,45,False,True,43,0.9555555555555556,33,1.209112973160161,1.4931033212170988,0.9500891265597148,2.888302194281683e-05,31,2,0,False,True,True,True,True,UP,43,0.9555555555555556,True,True,1,1,mapping190_v2,NAMED_UNRESOLVED,NEEDS_REVIEW,糖基种类与游离/蛋白结合形式未核实；DPY19作用于蛋白色氨酸，不直接移植为游离峰的酶。,0,,0,,False
BRCA,CAMP_BRCA1_Terunuma,04_ROBUSTNESS,20260921T112611Z_metabolite318_paired_v1,metabolite318_paired_v1,paired_processed,NAME:X - 15165,X - 15165,NA,author_paired_case,45,45,mean_paired_difference_author_scale,-1.825037530016854,-2.1702538999064998,-1.459616410731241,3.3974749649350764e-08,3.1736397629373487e-06,paired_processed,318.0,DONE,NA,CAMP_processed_original_author_pair_table,3,42,0,0.0666666666666666,0.9333333333333332,45,0,-1.7465724612431,6.86773379047618e-13,1.000340954773e-10,61,47,Unpaired; author supplied processed values; no new transformation,-1.847568102931099,28.0,1007.0,-0.9458937198067632,3267266948.0,45,False,True,42,0.9333333333333332,45,-1.825037530016854,-1.847568102931099,-0.9458937198067632,4.311359677952625e-06,3,42,0,False,True,True,True,True,DOWN,42,0.9333333333333333,True,True,2,2,mapping190_v2,UNKNOWN_FEATURE,NEEDS_REVIEW,未知特征不猜身份或基因。,0,,0,,False
BRCA,CAMP_BRCA1_Terunuma,04_ROBUSTNESS,20260921T112611Z_metabolite318_paired_v1,metabolite318_paired_v1,paired_processed,KEGG:C00106,uracil,NA,author_paired_case,45,45,mean_paired_difference_author_scale,2.1726794967236334,1.6739308467685865,2.697787420701598,8.780878956556333e-08,3.1736397629373487e-06,paired_processed,318.0,DONE,NA,CAMP_processed_original_author_pair_table,41,4,0,0.9111111111111112,0.0888888888888888,40,5,1.49866532572328,1.08615116425107e-10,3.98041506834046e-09,61,47,Unpaired; author supplied processed values; no new transformation,2.4414956225261,992.0,43.0,0.9169082125603863,2411144072.0,45,False,True,41,0.9111111111111112,40,1.9362510202691623,2.081062904527699,0.8951219512195122,1.341263546281438e-05,36,4,0,False,True,True,True,True,UP,41,0.9111111111111111,True,True,3,3,mapping190_v2,DIRECT_MAPPED,DONE,已建立至少一条直接关系；非穷尽映射。,4,DPYD;SLC29A2;UPP1;UPP2,0,,True
BRCA,CAMP_BRCA1_Terunuma,04_ROBUSTNESS,20260921T112611Z_metabolite318_paired_v1,metabolite318_paired_v1,paired_processed,KEGG:C02712,N-acetylmethionine,NA,author_paired_case,45,45,mean_paired_difference_author_scale,1.4858560252241848,1.1794066366423637,1.8019617422598668,2.5108505048802423e-08,3.1736397629373487e-06,paired_processed,318.0,DONE,NA,CAMP_processed_original_author_pair_table,41,3,1,0.9111111111111112,0.0666666666666666,22,23,1.2888263552746,4.42969871397189e-08,5.09415352106768e-07,61,47,Unpaired; author supplied processed values; no new transformation,1.7540071282686007,973.0,17.0,0.9656565656565655,584960411.0,44,False,True,41,0.9111111111111112,22,0.8259297878613591,0.708526122585349,0.8735177865612648,0.002213016632272,19,3,0,False,True,True,True,True,UP,41,0.9111111111111111,True,True,4,3,mapping190_v2,CONDITIONAL_ONLY,NEEDS_REVIEW,仅条件性证据，不进入直接基因主池。,0,,1,ACY1,False
BRCA,CAMP_BRCA1_Terunuma,04_ROBUSTNESS,20260921T112611Z_metabolite318_paired_v1,metabolite318_paired_v1,paired_processed,KEGG:C02989,methionine sulfoxide,NA,author_paired_case,45,45,mean_paired_difference_author_scale,-1.767994241419385,-2.2264436328751627,-1.3288522179895637,8.249395177050032e-08,3.1736397629373487e-06,paired_processed,318.0,DONE,NA,CAMP_processed_original_author_pair_table,4,41,0,0.0888888888888888,0.9111111111111112,45,0,-1.56929985110877,4.6599945198703695e-12,2.72915698370918e-10,61,47,Unpaired; author supplied processed values; no new transformation,-1.5636472385417015,42.0,993.0,-0.9188405797101448,2187857487.0,45,False,True,41,0.9111111111111112,45,-1.767994241419385,-1.5636472385417015,-0.9188405797101448,4.311359677952625e-06,4,41,0,False,True,True,True,True,DOWN,41,0.9111111111111111,True,True,5,3,mapping190_v2,CONDITIONAL_ONLY,NEEDS_REVIEW,仅条件性证据，不进入直接基因主池。,0,,1,MSRA,False
BRCA,CAMP_BRCA1_Terunuma,04_ROBUSTNESS,20260921T112611Z_metabolite318_paired_v1,metabolite318_paired_v1,paired_processed,KEGG:C00049,aspartate,NA,author_paired_case,45,45,mean_paired_difference_author_scale,1.3143566505465842,1.0064534744350175,1.609199729126838,6.835213750344966e-08,3.1736397629373487e-06,paired_processed,318.0,DONE,NA,CAMP_processed_original_author_pair_table,40,5,0,0.8888888888888888,0.1111111111111111,45,0,1.54594696706781,1.11253837313864e-10,3.98041506834046e-09,61,47,Unpaired; author supplied processed values; no new transformation,1.213039561739098,996.0,39.0,0.9246376811594202,2311617225.0,45,False,True,40,0.8888888888888888,45,1.3143566505465842,1.213039561739098,0.9246376811594202,4.311359677952625e-06,40,5,0,False,True,True,True,True,UP,40,0.8888888888888888,True,True,6,6,mapping190_v2,DIRECT_MAPPED,DONE,已建立至少一条直接关系；非穷尽映射。,4,ASNS;ASS1;GOT1;GOT2,0,,True
BRCA,CAMP_BRCA1_Terunuma,04_ROBUSTNESS,20260921T112611Z_metabolite318_paired_v1,metabolite318_paired_v1,paired_processed,KEGG:C00114,choline,NA,author_paired_case,45,45,mean_paired_difference_author_scale,-0.556493694851978,-0.7126285542466133,-0.4018035537983737,4.522526653276709e-07,7.190817378709968e-06,paired_processed,318.0,DONE,NA,CAMP_processed_original_author_pair_table,5,40,0,0.1111111111111111,0.8888888888888888,45,0,-1.03824245330727,1.26068519112757e-06,7.12176546566802e-06,61,47,Unpaired; author supplied processed values; no new transformation,-0.4894335124046982,70.0,965.0,-0.8647342995169082,2211657905.0,45,False,True,40,0.8888888888888888,45,-0.556493694851978,-0.4894335124046982,-0.8647342995169082,8.140547975898076e-06,5,40,0,False,True,True,True,True,DOWN,40,0.8888888888888888,True,True,7,6,mapping190_v2,DIRECT_MAPPED,DONE,已建立至少一条直接关系；非穷尽映射。,5,CHKA;CHKB;GDPD5;GPCPD1;SLC22A2,0,,True
BRCA,CAMP_BRCA1_Terunuma,04_ROBUSTNESS,20260921T112611Z_metabolite318_paired_v1,metabolite318_paired_v1,paired_processed,KEGG:C00148,proline,NA,author_paired_case,45,45,mean_paired_difference_author_scale,0.6196633568543043,0.4718944479876805,0.7680855836414469,1.1975999105423957e-07,3.1736397629373487e-06,paired_processed,318.0,DONE,NA,CAMP_processed_original_author_pair_table,40,5,0,0.8888888888888888,0.1111111111111111,45,0,1.41525118979714,3.5158591022136e-09,5.95845595217253e-08,61,47,Unpaired; author supplied processed values; no new transformation,0.6619663857133027,987.0,48.0,0.9072463768115944,1798813204.0,45,False,True,40,0.8888888888888888,45,0.6196633568543043,0.6619663857133027,0.9072463768115944,4.311359677952625e-06,40,5,0,False,True,True,True,True,UP,40,0.8888888888888888,True,True,8,6,mapping190_v2,DIRECT_MAPPED,DONE,已建立至少一条直接关系；非穷尽映射。,5,PEPD;PRODH;PYCR1;PYCR2;PYCR3,0,,True
BRCA,CAMP_BRCA1_Terunuma,04_ROBUSTNESS,20260921T112611Z_metabolite318_paired_v1,metabolite318_paired_v1,paired_processed,KEGG:C00242,guanine,NA,author_paired_case,45,45,mean_paired_difference_author_scale,1.4276585848915064,1.077415169626169,1.7982002787796845,1.0581892738765685e-07,3.1736397629373487e-06,paired_processed,318.0,DONE,NA,CAMP_processed_original_author_pair_table,40,5,0,0.8888888888888888,0.1111111111111111,40,5,1.33232734180974,6.224248591887121e-10,1.67017337215638e-08,61,47,Unpaired; author supplied processed values; no new transformation,1.3731303464322018,989.0,46.0,0.9111111111111112,1063017444.0,45,False,True,40,0.8888888888888888,40,1.2612606279714071,1.3574579799613478,0.9536585365853658,4.40844683811024e-06,36,4,0,False,True,True,True,True,UP,40,0.8888888888888888,True,True,9,6,mapping190_v2,DIRECT_MAPPED,DONE,已建立至少一条直接关系；非穷尽映射。,4,GDA;HPRT1;PNP;SLC29A2,0,,True
BRCA,CAMP_BRCA1_Terunuma,04_ROBUSTNESS,20260921T112611Z_metabolite318_paired_v1,metabolite318_paired_v1,paired_processed,KEGG:C02494,1-methyladenosine,NA,author_paired_case,45,45,mean_paired_difference_author_scale,0.9862918426506464,0.7458033291695998,1.2236998991047232,1.5564652494783753e-07,3.2997063288941555e-06,paired_processed,318.0,DONE,NA,CAMP_processed_original_author_pair_table,40,4,1,0.8888888888888888,0.0888888888888888,19,26,1.45798101822167,3.60044868715624e-10,1.05394952478573e-08,61,47,Unpaired; author supplied processed values; no new transformation,0.932469164875,945.0,45.0,0.9090909090909092,2271194255.0,44,False,True,40,0.8888888888888888,19,0.7230942931577685,0.6665353623367007,0.9263157894736842,0.0024745719944399,17,2,0,False,True,True,True,True,UP,40,0.8888888888888888,True,True,10,6,mapping190_v2,NAMED_UNRESOLVED,NEEDS_REVIEW,RNA中的m1A修饰酶不等于游离1-甲基腺苷直接代谢酶；本轮未建立精确游离底物关系。,0,,0,,False
BRCA,CAMP_BRCA1_Terunuma,04_ROBUSTNESS,20260921T112611Z_metabolite318_paired_v1,metabolite318_paired_v1,paired_processed,KEGG:C03242,dihomo-linolenate (20:3n3 or n6),NA,author_paired_case,45,45,mean_paired_difference_author_scale,1.491170120850204,1.0973698152213631,1.896036578381244,1.354707083131249e-07,3.2997063288941555e-06,paired_processed,318.0,DONE,NA,CAMP_processed_original_author_pair_table,40,5,0,0.8888888888888888,0.1111111111111111,45,0,1.2453053065673,1.42780515231872e-08,1.91563857936095e-07,61,47,Unpaired; author supplied processed values; no new transformation,1.3948700019131977,985.0,50.0,0.9033816425120772,1166122004.0,45,False,True,40,0.8888888888888888,45,1.491170120850204,1.3948700019131977,0.9033816425120772,4.335062666019997e-06,40,5,0,False,True,True,True,True,UP,40,0.8888888888888888,True,True,11,6,mapping190_v2,NAMED_UNRESOLVED,NEEDS_REVIEW,n3/n6异构体未区分；不指定单一异构体特异酶。,0,,0,,False
BRCA,CAMP_BRCA1_Terunuma,04_ROBUSTNESS,20260921T112611Z_metabolite318_paired_v1,metabolite318_paired_v1,paired_processed,KEGG:C03626,dimethylarginine (SDMA + ADMA),NA,author_paired_case,45,45,mean_paired_difference_author_scale,1.1286623237842577,0.8545250762067917,1.389063173527293,1.5316669539903078e-07,3.2997063288941555e-06,paired_processed,318.0,DONE,NA,CAMP_processed_original_author_pair_table,40,5,0,0.8888888888888888,0.1111111111111111,43,2,1.50253905483126,1.30932772892938e-10,4.2160352871525906e-09,61,47,Unpaired; author supplied processed values; no new transformation,1.1095829440179017,983.0,52.0,0.8995169082125604,2636825348.0,45,False,True,40,0.8888888888888888,43,1.0561613015956834,1.0927766154332978,0.8900634249471459,7.938023429987984e-06,38,5,0,False,True,True,True,True,UP,40,0.8888888888888888,True,True,12,6,mapping190_v2,NAMED_UNRESOLVED,NEEDS_REVIEW,SDMA与ADMA合并信号，不把ADMA特异降解酶套给混合峰。,0,,0,,False
BRCA,CAMP_BRCA1_Terunuma,04_ROBUSTNESS,20260921T112611Z_metabolite318_paired_v1,metabolite318_paired_v1,paired_processed,NAME:X - 13230,X - 13230,NA,author_paired_case,45,45,mean_paired_difference_author_scale,-0.5602706311229465,-0.727233537436824,-0.3851790645585962,2.808717569964431e-06,2.791163085152153e-05,paired_processed,318.0,DONE,NA,CAMP_processed_original_author_pair_table,5,40,0,0.1111111111111111,0.8888888888888888,45,0,-0.977971203016978,3.34257077114436e-07,2.19654650675201e-06,61,47,Unpaired; author supplied processed values; no new transformation,-0.6013628331399978,102.0,933.0,-0.8028985507246377,1178751230.0,45,False,True,40,0.8888888888888888,45,-0.5602706311229465,-0.6013628331399978,-0.8028985507246377,3.851955524522648e-05,5,40,0,False,True,True,True,True,DOWN,40,0.8888888888888888,True,True,13,6,mapping190_v2,UNKNOWN_FEATURE,NEEDS_REVIEW,未知特征不猜身份或基因。,0,,0,,False
BRCA,CAMP_BRCA1_Terunuma,04_ROBUSTNESS,20260921T112611Z_metabolite318_paired_v1,metabolite318_paired_v1,paired_processed,NAME:X - 8994,X - 8994,NA,author_paired_case,45,45,mean_paired_difference_author_scale,3.066010583703236,2.276114394517166,3.7883687276568536,7.270442249238775e-07,1.0509093796626957e-05,paired_processed,318.0,DONE,NA,CAMP_processed_original_author_pair_table,40,4,1,0.8888888888888888,0.0888888888888888,17,28,1.7542516521222,6.0710722894691095e-12,2.79269325315579e-10,61,47,Unpaired; author supplied processed values; no new transformation,3.619079386686101,920.0,70.0,0.8585858585858586,2731073176.0,44,False,True,40,0.8888888888888888,17,2.802423445402,3.619079386686101,0.9215686274509804,0.0048010444294584,15,2,0,False,True,True,True,True,UP,40,0.8888888888888888,True,True,14,6,mapping190_v2,UNKNOWN_FEATURE,NEEDS_REVIEW,未知特征不猜身份或基因。,0,,0,,False
BRCA,CAMP_BRCA1_Terunuma,04_ROBUSTNESS,20260921T112611Z_metabolite318_paired_v1,metabolite318_paired_v1,paired_processed,KEGG:C00025,glutamate,NA,author_paired_case,45,45,mean_paired_difference_author_scale,1.6338794772671286,1.281184916875182,1.978921725034184,6.835213750344966e-08,3.1736397629373487e-06,paired_processed,318.0,DONE,NA,CAMP_processed_original_author_pair_table,39,6,0,0.8666666666666667,0.1333333333333333,45,0,1.76291003863997,5.08538568393016e-12,2.72915698370918e-10,61,47,Unpaired; author supplied processed values; no new transformation,1.775634940085002,996.0,39.0,0.9246376811594202,4066632456.0,45,False,True,39,0.8666666666666667,45,1.6338794772671286,1.775634940085002,0.9246376811594202,4.311359677952625e-06,39,6,0,False,True,True,True,True,UP,39,0.8666666666666667,True,True,15,15,mapping190_v2,DIRECT_MAPPED,DONE,已建立至少一条直接关系；非穷尽映射。,13,ASNS;BCAT1;BCAT2;FOLH1;GCLC;GLS;GLS2;GLUL;GOT1;GOT2;OAT;SLC7A11;TAT,0,,True
BRCA,CAMP_BRCA1_Terunuma,04_ROBUSTNESS,20260921T112611Z_metabolite318_paired_v1,metabolite318_paired_v1,paired_processed,KEGG:C00064,glutamine,NA,author_paired_case,45,45,mean_paired_difference_author_scale,-1.472771118046759,-1.837788661296224,-1.1128996557011823,6.026105581971644e-08,3.1736397629373487e-06,paired_processed,318.0,DONE,NA,CAMP_processed_original_author_pair_table,6,39,0,0.1333333333333333,0.8666666666666667,45,0,-1.64592808836308,9.00972459175114e-13,1.000340954773e-10,61,47,Unpaired; author supplied processed values; no new transformation,-1.2448895745339,37.0,998.0,-0.9285024154589372,2432440941.0,45,False,True,39,0.8666666666666667,45,-1.472771118046759,-1.2448895745339,-0.9285024154589372,4.311359677952625e-06,6,39,0,False,True,True,True,True,DOWN,39,0.8666666666666667,True,True,16,15,mapping190_v2,DIRECT_MAPPED,DONE,已建立至少一条直接关系；非穷尽映射。,4,ASNS;GLS;GLS2;GLUL,0,,True
BRCA,CAMP_BRCA1_Terunuma,04_ROBUSTNESS,20260921T112611Z_metabolite318_paired_v1,metabolite318_paired_v1,paired_processed,KEGG:C00346,phosphoethanolamine,NA,author_paired_case,45,45,mean_paired_difference_author_scale,2.28595840365606,1.753036987436184,2.8271064704290523,1.1975999105423957e-07,3.1736397629373487e-06,paired_processed,318.0,DONE,NA,CAMP_processed_original_author_pair_table,39,6,0,0.8666666666666667,0.1333333333333333,45,0,1.71789869941203,3.74328398131029e-12,2.72915698370918e-10,61,47,Unpaired; author supplied processed values; no new transformation,2.319235639656199,987.0,48.0,0.9072463768115944,1411074046.0,45,False,True,39,0.8666666666666667,45,2.28595840365606,2.319235639656199,0.9072463768115944,4.311359677952625e-06,39,6,0,False,True,True,True,True,UP,39,0.8666666666666667,True,True,17,15,mapping190_v2,DIRECT_MAPPED,DONE,已建立至少一条直接关系；非穷尽映射。,5,CHKA;CHKB;ETNK1;ETNK2;PCYT2,0,,True
BRCA,CAMP_BRCA1_Terunuma,04_ROBUSTNESS,20260921T112611Z_metabolite318_paired_v1,metabolite318_paired_v1,paired_processed,KEGG:C00668,glucose 6-phosphate,NA,author_paired_case,45,45,mean_paired_difference_author_scale,2.174324265029472,1.3768410326732716,2.949092557495116,2.086690998741565e-05,0.0001105946229333,paired_processed,318.0,DONE,NA,CAMP_processed_original_author_pair_table,39,6,0,0.8666666666666667,0.1333333333333333,40,5,1.17249419717376,2.22241714015991e-09,4.92640057920067e-08,61,47,Unpaired; author supplied processed values; no new transformation,2.3034986399504014,895.0,140.0,0.7294685990338164,2814475934.0,45,False,True,39,0.8666666666666667,40,1.8531532399975503,2.192364426098049,0.7585365853658537,0.0002617532609156,35,5,0,False,True,True,True,True,UP,39,0.8666666666666667,True,True,18,15,mapping190_v2,DIRECT_MAPPED,DONE,已建立至少一条直接关系；非穷尽映射。,1,GPI,0,,True
BRCA,CAMP_BRCA1_Terunuma,04_ROBUSTNESS,20260921T112611Z_metabolite318_paired_v1,metabolite318_paired_v1,paired_processed,KEGG:C02679,laurate (12:0),NA,author_paired_case,45,45,mean_paired_difference_author_scale,-0.8847318833918467,-1.087941667263424,-0.6657612564931544,1.7308866394856606e-07,3.4401371959777503e-06,paired_processed,318.0,DONE,NA,CAMP_processed_original_author_pair_table,6,39,0,0.1333333333333333,0.8666666666666667,45,0,-1.31643840488043,1.10742517804547e-08,1.62086776059383e-07,61,47,Unpaired; author supplied processed values; no new transformation,-1.0231041299741008,54.0,981.0,-0.8956521739130435,2914361871.0,45,False,True,39,0.8666666666666667,45,-0.8847318833918467,-1.0231041299741008,-0.8956521739130435,4.531775928835184e-06,6,39,0,False,True,True,True,True,DOWN,39,0.8666666666666667,True,True,19,15,mapping190_v2,DIRECT_MAPPED,DONE,已建立至少一条直接关系；非穷尽映射。,5,ABHD12;ABHD6;ACSL3;ACSM1;MGLL,0,,False
BRCA,CAMP_BRCA1_Terunuma,04_ROBUSTNESS,20260921T112611Z_metabolite318_paired_v1,metabolite318_paired_v1,paired_processed,KEGG:C04006,inositol 1-phosphate (I1P),NA,author_paired_case,45,45,mean_paired_difference_author_scale,1.7654098166433,1.1546521650607022,2.38919803704234,5.791273174067167e-06,4.092499709674131e-05,paired_processed,318.0,DONE,NA,CAMP_processed_original_author_pair_table,39,5,1,0.8666666666666667,0.1111111111111111,22,23,1.20897804606136,2.66631299100855e-08,3.17982512261019e-07,61,47,Unpaired; author supplied processed values; no new transformation,1.9566455873531008,884.0,106.0,0.7858585858585858,4205938536.0,44,False,True,39,0.8666666666666667,22,1.3904684787509227,1.2977330507979,0.984189723320158,0.000419418580526,21,1,0,False,True,True,True,True,UP,39,0.8666666666666667,True,True,20,15,mapping190_v2,DIRECT_MAPPED,DONE,已建立至少一条直接关系；非穷尽映射。,2,IMPA1;IMPA2,0,,True
BRCA,CAMP_BRCA1_Terunuma,04_ROBUSTNESS,20260921T112611Z_metabolite318_paired_v1,metabolite318_paired_v1,paired_processed,KEGG:C16525,dihomo-linoleate (20:2n6),NA,author_paired_case,45,45,mean_paired_difference_author_scale,1.29810881452836,0.9047959645969902,1.689292211936742,6.816406293507164e-07,1.0321986673025136e-05,paired_processed,318.0,DONE,NA,CAMP_processed_original_author_pair_table,39,6,0,0.8666666666666667,0.1333333333333333,45,0,1.22945104406874,2.36043309258177e-08,2.92330559927434e-07,61,47,Unpaired; author supplied processed values; no new transformation,1.1613118180009998,958.0,77.0,0.851207729468599,3869590876.0,45,False,True,39,0.8666666666666667,45,1.29810881452836,1.1613118180009998,0.851207729468599,1.1547794191353311e-05,39,6,0,False,True,True,True,True,UP,39,0.8666666666666667,True,True,21,15,mapping190_v2,NAMED_UNRESOLVED,NEEDS_REVIEW,已核查相关人类蛋白反应注释，但未取得该具体脂肪酸/脂质分子种、位置或构型的充分直接关系；不以通路/家族成员替代。,0,,0,,False
BRCA,CAMP_BRCA1_Terunuma,04_ROBUSTNESS,20260921T112611Z_metabolite318_paired_v1,metabolite318_paired_v1,paired_processed,KEGG:C00037,glycine,NA,author_paired_case,45,45,mean_paired_difference_author_scale,0.5864379172938337,0.3624918243289224,0.8050637087128323,2.307670099137806e-05,0.0001146623580509,paired_processed,318.0,DONE,NA,CAMP_processed_original_author_pair_table,38,7,0,0.8444444444444444,0.1555555555555555,45,0,0.783851905214094,3.67476482495697e-05,0.0001360085371995,61,47,Unpaired; author supplied processed values; no new transformation,0.5478863712927975,893.0,142.0,0.7256038647342995,1142069216.0,45,False,True,38,0.8444444444444444,45,0.5864379172938337,0.5478863712927975,0.7256038647342995,0.0002076903089224,38,7,0,False,True,True,True,True,UP,38,0.8444444444444444,True,True,22,22,mapping190_v2,DIRECT_MAPPED,DONE,已建立至少一条直接关系；非穷尽映射。,4,GSS;PEPD;SHMT1;SHMT2,0,,True
BRCA,CAMP_BRCA1_Terunuma,04_ROBUSTNESS,20260921T112611Z_metabolite318_paired_v1,metabolite318_paired_v1,paired_processed,KEGG:C00189,ethanolamine,NA,author_paired_case,45,45,mean_paired_difference_author_scale,1.3048617280472286,0.8854686843285118,1.7402628713878634,2.9676469143085604e-06,2.859732481060976e-05,paired_processed,318.0,DONE,NA,CAMP_processed_original_author_pair_table,38,7,0,0.8444444444444444,0.1555555555555555,44,1,0.993418253510911,7.24222937054185e-06,3.53333008684011e-05,61,47,Unpaired; author supplied processed values; no new transformation,1.4133599405707002,932.0,103.0,0.8009661835748793,879936975.0,45,False,True,38,0.8444444444444444,44,1.2321096663476794,1.1587591601344016,0.7919191919191919,6.139865650030282e-05,37,7,0,False,True,True,True,True,UP,38,0.8444444444444444,True,True,23,22,mapping190_v2,DIRECT_MAPPED,DONE,已建立至少一条直接关系；非穷尽映射。,4,CHKA;CHKB;ETNK1;ETNK2,0,,True
BRCA,CAMP_BRCA1_Terunuma,04_ROBUSTNESS,20260921T112611Z_metabolite318_paired_v1,metabolite318_paired_v1,paired_processed,KEGG:C02483,gamma-tocopherol,NA,author_paired_case,45,45,mean_paired_difference_author_scale,-1.2891917185801112,-1.7496737981102497,-0.7821178963155004,2.1945345424595625e-05,0.0001141467869922,paired_processed,318.0,DONE,NA,CAMP_processed_original_author_pair_table,7,38,0,0.1555555555555555,0.8444444444444444,33,12,-0.794900737194147,8.63903492820734e-05,0.0002897676298836,61,47,Unpaired; author supplied processed values; no new transformation,-1.424751897112401,141.0,894.0,-0.7275362318840579,4077602308.0,45,False,True,38,0.8444444444444444,33,-1.2101092186255336,-1.3644874988669002,-0.8110516934046346,0.0003885731327846,5,28,0,False,True,True,True,True,DOWN,38,0.8444444444444444,True,True,24,22,mapping190_v2,DIRECT_MAPPED,DONE,已建立至少一条直接关系；非穷尽映射。,1,CYP4F2,0,,False
BRCA,CAMP_BRCA1_Terunuma,04_ROBUSTNESS,20260921T112611Z_metabolite318_paired_v1,metabolite318_paired_v1,paired_processed,KEGG:C16533,docosadienoate (22:2n6),NA,author_paired_case,45,45,mean_paired_difference_author_scale,1.399748598256564,1.001796455520621,1.7898628818259577,3.567707666592901e-07,6.302950210980791e-06,paired_processed,318.0,DONE,NA,CAMP_processed_original_author_pair_table,38,7,0,0.8444444444444444,0.1555555555555555,31,14,1.14250638638243,8.85727608853462e-08,8.42026335505837e-07,61,47,Unpaired; author supplied processed values; no new transformation,1.2204460951749,969.0,66.0,0.8724637681159421,3454272065.0,45,False,True,38,0.8444444444444444,31,1.2267798312412128,0.9157350900256008,0.8145161290322581,0.0005657435697224,25,6,0,False,True,True,True,True,UP,38,0.8444444444444444,True,True,25,22,mapping190_v2,NAMED_UNRESOLVED,NEEDS_REVIEW,已核查相关人类蛋白反应注释，但未取得该具体脂肪酸/脂质分子种、位置或构型的充分直接关系；不以通路/家族成员替代。,0,,0,,False
BRCA,CAMP_BRCA1_Terunuma,04_ROBUSTNESS,20260921T112611Z_metabolite318_paired_v1,metabolite318_paired_v1,paired_processed,NAME:X - 12627,X - 12627,NA,author_paired_case,45,45,mean_paired_difference_author_scale,1.5843789247673683,1.1184864258265248,2.053095604928376,1.5882924090744398e-06,1.894942306735773e-05,paired_processed,318.0,DONE,NA,CAMP_processed_original_author_pair_table,38,5,2,0.8444444444444444,0.1111111111111111,19,26,1.1217367768914,1.19744537416934e-07,1.07104836245146e-06,61,47,Unpaired; author supplied processed values; no new transformation,1.5553916279014004,871.0,75.0,0.8414376321353065,3065460508.0,43,False,True,38,0.8444444444444444,19,1.0827906193841734,1.1324662220935997,0.8315789473684211,0.0074740894391238,16,3,0,False,True,True,True,True,UP,38,0.8444444444444444,True,True,26,22,mapping190_v2,UNKNOWN_FEATURE,NEEDS_REVIEW,未知特征不猜身份或基因。,0,,0,,False
BRCA,CAMP_BRCA1_Terunuma,04_ROBUSTNESS,20260921T112611Z_metabolite318_paired_v1,metabolite318_paired_v1,paired_processed,NAME:X - 3094,X - 3094,NA,author_paired_case,45,45,mean_paired_difference_author_scale,1.1853992022454425,0.8403976228313497,1.5535389453181427,1.283062439075002e-06,1.6320554225034027e-05,paired_processed,318.0,DONE,NA,CAMP_processed_original_author_pair_table,38,7,0,0.8444444444444444,0.1555555555555555,40,5,1.27220356544782,1.27874069979091e-08,1.79023697970727e-07,61,47,Unpaired; author supplied processed values; no new transformation,1.1328506773986984,947.0,88.0,0.8299516908212561,598711082.0,45,False,True,38,0.8444444444444444,40,0.9771667742365372,1.0324617524087003,0.7902439024390244,0.000141142702014,33,7,0,False,True,True,True,True,UP,38,0.8444444444444444,True,True,27,22,mapping190_v2,UNKNOWN_FEATURE,NEEDS_REVIEW,未知特征不猜身份或基因。,0,,0,,False
BRCA,CAMP_BRCA1_Terunuma,04_ROBUSTNESS,20260921T112611Z_metabolite318_paired_v1,metabolite318_paired_v1,paired_processed,KEGG:C00009,phosphate,NA,author_paired_case,45,45,mean_paired_difference_author_scale,0.5449938745703288,0.3682052522628278,0.7316540090515011,3.6939908682764343e-06,3.116308414954907e-05,paired_processed,318.0,DONE,NA,CAMP_processed_original_author_pair_table,37,8,0,0.8222222222222222,0.1777777777777777,45,0,1.23274952613508,4.7793169372948e-08,5.30668984072043e-07,61,47,Unpaired; author supplied processed values; no new transformation,0.4821121349317998,928.0,107.0,0.7932367149758454,3615303626.0,45,False,True,37,0.8222222222222222,45,0.5449938745703288,0.4821121349317998,0.7932367149758454,4.835769863925514e-05,37,8,0,False,True,True,True,True,UP,37,0.8222222222222222,True,True,28,28,mapping190_v2,DIRECT_MAPPED,DONE,已建立至少一条直接关系；非穷尽映射。,2,PPA1;PPA2,0,,True
BRCA,CAMP_BRCA1_Terunuma,04_ROBUSTNESS,20260921T112611Z_metabolite318_paired_v1,metabolite318_paired_v1,paired_processed,KEGG:C00219,arachidonate (20:4n6),NA,author_paired_case,45,45,mean_paired_difference_author_scale,0.959293377848684,0.6593866071501809,1.2735835848720494,1.7621838697930112e-06,2.0013373949792057e-05,paired_processed,318.0,DONE,NA,CAMP_processed_original_author_pair_table,37,7,1,0.8222222222222222,0.1555555555555555,28,17,1.08240292504837,2.12974265725441e-07,1.7144428390898e-06,61,47,Unpaired; author supplied processed values; no new transformation,0.8639364840623003,905.0,85.0,0.8282828282828283,3761618807.0,44,False,True,37,0.8222222222222222,28,0.7227120401583033,0.6799372133959984,0.6650246305418719,0.0092883588521883,21,7,0,False,True,True,True,True,UP,37,0.8222222222222222,True,True,29,28,mapping190_v2,DIRECT_MAPPED,DONE,已建立至少一条直接关系；非穷尽映射。,13,ABHD12;ABHD6;ACSL1;ACSL3;ACSL4;ACSL5;ACSL6;ALOX15;ALOX5;CYP4F2;MGLL;PTGS1;PTGS2,0,,False
BRCA,CAMP_BRCA1_Terunuma,04_ROBUSTNESS,20260921T112611Z_metabolite318_paired_v1,metabolite318_paired_v1,paired_processed,KEGG:C00262,hypoxanthine,NA,author_paired_case,45,45,mean_paired_difference_author_scale,0.4137597318886422,0.2643313203212217,0.5625078882998593,1.1891369039881607e-05,7.134821423928965e-05,paired_processed,318.0,DONE,NA,CAMP_processed_original_author_pair_table,37,8,0,0.8222222222222222,0.1777777777777777,45,0,0.74524822904351,2.44277827019597e-05,9.36398336908454e-05,61,47,Unpaired; author supplied processed values; no new transformation,0.3218102860508018,906.0,129.0,0.7507246376811594,88907348.0,45,False,True,37,0.8222222222222222,45,0.4137597318886422,0.3218102860508018,0.7507246376811594,0.0001369885713394,37,8,0,False,True,True,True,True,UP,37,0.8222222222222222,True,True,30,28,mapping190_v2,DIRECT_MAPPED,DONE,已建立至少一条直接关系；非穷尽映射。,3,HPRT1;PNP;SLC29A2,0,,True
BRCA,CAMP_BRCA1_Terunuma,04_ROBUSTNESS,20260921T112611Z_metabolite318_paired_v1,metabolite318_paired_v1,paired_processed,KEGG:C00327,citrulline,NA,author_paired_case,45,45,mean_paired_difference_author_scale,-0.8225009890157466,-1.0856814117238704,-0.5385712259509774,9.656733313429757e-06,6.397585820147214e-05,paired_processed,318.0,DONE,NA,CAMP_processed_original_author_pair_table,8,37,0,0.1777777777777777,0.8222222222222222,45,0,-0.902649010014025,1.48080948607663e-05,6.35760872688901e-05,61,47,Unpaired; author supplied processed values; no new transformation,-0.8783954268620029,125.0,910.0,-0.7584541062801933,5300878.0,45,False,True,37,0.8222222222222222,45,-0.8225009890157466,-0.8783954268620029,-0.7584541062801933,0.0001158807997611,8,37,0,False,True,True,True,True,DOWN,37,0.8222222222222222,True,True,31,28,mapping190_v2,DIRECT_MAPPED,DONE,已建立至少一条直接关系；非穷尽映射。,2,ASS1;OTC,0,,True
BRCA,CAMP_BRCA1_Terunuma,04_ROBUSTNESS,20260921T112611Z_metabolite318_paired_v1,metabolite318_paired_v1,paired_processed,KEGG:C00791,creatinine,NA,author_paired_case,45,45,mean_paired_difference_author_scale,-1.1613052914990936,-1.4587414185056398,-0.8711727624469445,1.1975999105423957e-07,3.1736397629373487e-06,paired_processed,318.0,DONE,NA,CAMP_processed_original_author_pair_table,8,37,0,0.1777777777777777,0.8222222222222222,45,0,-1.18806910664376,1.05604546757844e-07,9.71561830172167e-07,61,47,Unpaired; author supplied processed values; no new transformation,-1.093678989607099,48.0,987.0,-0.9072463768115944,872333177.0,45,False,True,37,0.8222222222222222,45,-1.1613052914990936,-1.093678989607099,-0.9072463768115944,4.311359677952625e-06,8,37,0,False,True,True,True,True,DOWN,37,0.8222222222222222,True,True,32,28,mapping190_v2,DIRECT_MAPPED,DONE,已建立至少一条直接关系；非穷尽映射。,3,SLC22A2;SLC47A1;SLC47A2,0,,False
BRCA,CAMP_BRCA1_Terunuma,04_ROBUSTNESS,20260921T112611Z_metabolite318_paired_v1,metabolite318_paired_v1,paired_processed,KEGG:C01157,trans-4-hydroxyproline,NA,author_paired_case,45,45,mean_paired_difference_author_scale,1.3714900513243595,0.9432461086846888,1.7991450850759223,1.0760936931680232e-05,6.843955888548627e-05,paired_processed,318.0,DONE,NA,CAMP_processed_original_author_pair_table,37,5,3,0.8222222222222222,0.1111111111111111,18,27,1.11023621774845,2.34083907291916e-07,1.7753292914127e-06,61,47,Unpaired; author supplied processed values; no new transformation,1.6197010498881,804.0,99.0,0.7807308970099668,389429270.0,42,False,True,37,0.8222222222222222,18,1.0733634315804832,0.8777012173801992,0.8947368421052632,0.0048010444294584,16,2,0,False,True,True,True,True,UP,37,0.8222222222222222,True,True,33,28,mapping190_v2,DIRECT_MAPPED,DONE,已建立至少一条直接关系；非穷尽映射。,1,PRODH2,0,,True
BRCA,CAMP_BRCA1_Terunuma,04_ROBUSTNESS,20260921T112611Z_metabolite318_paired_v1,metabolite318_paired_v1,paired_processed,KEGG:C05345,fructose-6-phosphate,NA,author_paired_case,45,45,mean_paired_difference_author_scale,2.020838518061489,1.399535093912956,2.632424108221864,5.183754075807492e-06,3.924842371682815e-05,paired_processed,318.0,DONE,NA,CAMP_processed_original_author_pair_table,37,7,1,0.8222222222222222,0.1555555555555555,19,26,1.37317657315116,3.7469450373426e-09,6.03258151012159e-08,61,47,Unpaired; author supplied processed values; no new transformation,2.4400705108365006,886.0,104.0,0.7898989898989899,587732319.0,44,False,True,37,0.8222222222222222,19,1.9607556211256736,2.362094883728801,0.936842105263158,0.002213016632272,18,1,0,False,True,True,True,True,UP,37,0.8222222222222222,True,True,34,28,mapping190_v2,DIRECT_MAPPED,DONE,已建立至少一条直接关系；非穷尽映射。,5,GPI;MPI;PFKL;PFKM;PFKP,0,,True
BRCA,CAMP_BRCA1_Terunuma,04_ROBUSTNESS,20260921T112611Z_metabolite318_paired_v1,metabolite318_paired_v1,paired_processed,NAME:X - 12776,X - 12776,NA,author_paired_case,45,45,mean_paired_difference_author_scale,-1.0738971576591088,-1.4028047780077737,-0.7573380642187488,1.6089132793039584e-06,1.894942306735773e-05,paired_processed,318.0,DONE,NA,CAMP_processed_original_author_pair_table,8,37,0,0.1777777777777777,0.8222222222222222,45,0,-1.31302611742273,3.2609764121366e-09,5.83352447059991e-08,61,47,Unpaired; author supplied processed values; no new transformation,-0.9834573181687992,92.0,943.0,-0.8222222222222222,2218935040.0,45,False,True,37,0.8222222222222222,45,-1.0738971576591088,-0.9834573181687992,-0.8222222222222222,2.4387738128396843e-05,8,37,0,False,True,True,True,True,DOWN,37,0.8222222222222222,True,True,35,28,mapping190_v2,UNKNOWN_FEATURE,NEEDS_REVIEW,未知特征不猜身份或基因。,0,,0,,False
BRCA,CAMP_BRCA1_Terunuma,04_ROBUSTNESS,20260921T112611Z_metabolite318_paired_v1,metabolite318_paired_v1,paired_processed,NAME:X - 12800,X - 12800,NA,author_paired_case,45,45,mean_paired_difference_author_scale,1.8840490372431355,1.3033018791036926,2.480815896471628,3.4368706735907783e-06,3.0359024283385207e-05,paired_processed,318.0,DONE,NA,CAMP_processed_original_author_pair_table,37,6,2,0.8222222222222222,0.1333333333333333,20,25,1.31232411553323,8.694935984840711e-09,1.33322351767558e-07,61,47,Unpaired; author supplied processed values; no new transformation,1.6033229353357026,858.0,88.0,0.813953488372093,4109086370.0,43,False,True,37,0.8222222222222222,20,0.9727943626792704,0.95177109335215,0.6095238095238096,0.045514495506674,15,5,0,False,True,True,True,True,UP,37,0.8222222222222222,True,True,36,28,mapping190_v2,UNKNOWN_FEATURE,NEEDS_REVIEW,未知特征不猜身份或基因。,0,,0,,False
BRCA,CAMP_BRCA1_Terunuma,04_ROBUSTNESS,20260921T112611Z_metabolite318_paired_v1,metabolite318_paired_v1,paired_processed,NAME:X - 13372,X - 13372,NA,author_paired_case,45,45,mean_paired_difference_author_scale,-1.0898207798406867,-1.418908889760667,-0.7413781896478855,4.5890937562359305e-06,3.55934588898299e-05,paired_processed,318.0,DONE,NA,CAMP_processed_original_author_pair_table,8,37,0,0.1777777777777777,0.8222222222222222,38,7,-1.32275496673703,2.57266683814848e-09,5.17749201177381e-08,61,47,Unpaired; author supplied processed values; no new transformation,-1.2083508566014007,111.0,924.0,-0.7855072463768116,3720497285.0,45,False,True,37,0.8222222222222222,38,-1.2203386791415738,-1.24708030528895,-0.9460188933873144,7.938023429987984e-06,4,34,0,False,True,True,True,True,DOWN,37,0.8222222222222222,True,True,37,28,mapping190_v2,UNKNOWN_FEATURE,NEEDS_REVIEW,未知特征不猜身份或基因。,0,,0,,False
BRCA,CAMP_BRCA1_Terunuma,04_ROBUSTNESS,20260921T112611Z_metabolite318_paired_v1,metabolite318_paired_v1,paired_processed,HMDB:HMDB00721,glycylproline,NA,author_paired_case,45,45,mean_paired_difference_author_scale,0.8975291807094175,0.5971786690699166,1.2177325486231287,5.4618052961017055e-06,3.94739564581896e-05,paired_processed,318.0,DONE,NA,CAMP_processed_original_author_pair_table,36,7,2,0.8,0.1555555555555555,15,30,1.00629555593039,2.37078135188653e-07,1.7753292914127e-06,61,47,Unpaired; author supplied processed values; no new transformation,0.9657996694104992,850.0,96.0,0.7970401691331924,2805360463.0,43,False,True,36,0.8,15,0.3530190149795603,0.1668239384990997,0.2166666666666666,0.568542609986665,9,6,0,False,True,True,True,True,UP,36,0.8,True,True,38,38,mapping190_v2,DIRECT_MAPPED,DONE,已建立至少一条直接关系；非穷尽映射。,1,PEPD,0,,True
BRCA,CAMP_BRCA1_Terunuma,04_ROBUSTNESS,20260921T112611Z_metabolite318_paired_v1,metabolite318_paired_v1,paired_processed,HMDB:HMDB02931,N-acetylserine,NA,author_paired_case,45,45,mean_paired_difference_author_scale,0.7739866707937848,0.5337180323010754,0.9955204283414024,2.1489364998346707e-06,2.356420023956639e-05,paired_processed,318.0,DONE,NA,CAMP_processed_original_author_pair_table,36,6,3,0.8,0.1333333333333333,14,31,1.0013592023172,2.80805194535302e-06,1.50698787733946e-05,61,47,Unpaired; author supplied processed values; no new transformation,0.7118490196440987,831.0,72.0,0.840531561461794,999633544.0,42,False,True,36,0.8,14,0.4291290121638426,0.3956232501566505,0.7714285714285715,0.0350165763115484,11,3,0,False,True,True,True,True,UP,36,0.8,True,True,39,38,mapping190_v2,NAMED_UNRESOLVED,NEEDS_REVIEW,ACY1底物研究中并非高效底物；泛N-acyl类注释不足以升级具体关系。,0,,0,,False
BRCA,CAMP_BRCA1_Terunuma,04_ROBUSTNESS,20260921T112611Z_metabolite318_paired_v1,metabolite318_paired_v1,paired_processed,KEGG:C00097,cysteine,NA,author_paired_case,45,45,mean_paired_difference_author_scale,1.3452744642152958,0.9054752433043216,1.7945155259980017,7.040991702217874e-06,4.8674681767506174e-05,paired_processed,318.0,DONE,NA,CAMP_processed_original_author_pair_table,36,9,0,0.8,0.2,41,4,0.866773174635486,1.47942210083817e-05,6.35760872688901e-05,61,47,Unpaired; author supplied processed values; no new transformation,1.0956016032088025,916.0,119.0,0.770048309178744,1495205006.0,45,False,True,36,0.8,41,1.2429092989961243,1.0623974363600972,0.7770034843205574,0.0001472255306438,33,8,0,False,True,True,True,True,UP,36,0.8,True,True,40,38,mapping190_v2,DIRECT_MAPPED,DONE,已建立至少一条直接关系；非穷尽映射。,2,CDO1;GCLC,0,,True
BRCA,CAMP_BRCA1_Terunuma,04_ROBUSTNESS,20260921T112611Z_metabolite318_paired_v1,metabolite318_paired_v1,paired_processed,KEGG:C00300,creatine,NA,author_paired_case,45,45,mean_paired_difference_author_scale,-0.8695034748064999,-1.103999702530157,-0.629513825681394,3.166444566161021e-07,5.923113953171791e-06,paired_processed,318.0,DONE,NA,CAMP_processed_original_author_pair_table,9,36,0,0.2,0.8,45,0,-1.29504988511855,3.2609764121366e-09,5.83352447059991e-08,61,47,Unpaired; author supplied processed values; no new transformation,-0.7718371906282009,64.0,971.0,-0.8763285024154589,701124819.0,45,False,True,36,0.8,45,-0.8695034748064999,-0.7718371906282009,-0.8763285024154589,7.599466958786449e-06,9,36,0,False,True,True,True,True,DOWN,36,0.8,True,True,41,38,mapping190_v2,DIRECT_MAPPED,DONE,已建立至少一条直接关系；非穷尽映射。,4,CKB;CKM;GAMT;SLC6A8,0,,True
BRCA,CAMP_BRCA1_Terunuma,04_ROBUSTNESS,20260921T112611Z_metabolite318_paired_v1,metabolite318_paired_v1,paired_processed,KEGG:C00357,N-acetylglucosamine 6-phosphate,NA,author_paired_case,45,45,mean_paired_difference_author_scale,0.7989002913495312,0.4775309905420508,1.1297180779244396,8.973941154058922e-05,0.0003567141608738,paired_processed,318.0,DONE,NA,CAMP_processed_original_author_pair_table,36,9,0,0.8,0.2,25,20,0.852280434188841,5.31750430481231e-05,0.0001923861108033,61,47,Unpaired; author supplied processed values; no new transformation,0.8096594680385003,865.0,170.0,0.6714975845410628,2455874919.0,45,False,True,36,0.8,25,0.3096162268333722,0.4803940558944006,0.3723076923076923,0.1694608288080658,17,8,0,False,True,True,True,True,UP,36,0.8,True,True,42,38,mapping190_v2,DIRECT_MAPPED,DONE,已建立至少一条直接关系；非穷尽映射。,4,AMDHD2;GNPNAT1;NAGK;PGM3,0,,True
BRCA,CAMP_BRCA1_Terunuma,04_ROBUSTNESS,20260921T112611Z_metabolite318_paired_v1,metabolite318_paired_v1,paired_processed,KEGG:C00864,pantothenate,NA,author_paired_case,45,45,mean_paired_difference_author_scale,0.4797563394761246,0.2600839757189354,0.6950358501474013,4.833846706543421e-05,0.0002165018665747,paired_processed,318.0,DONE,NA,CAMP_processed_original_author_pair_table,36,9,0,0.8,0.2,45,0,0.691889596982221,0.0001283582114621,0.0004012751853477,61,47,Unpaired; author supplied processed values; no new transformation,0.4588704805756016,878.0,157.0,0.6966183574879227,2081414567.0,45,False,True,36,0.8,45,0.4797563394761246,0.4588704805756016,0.6966183574879227,0.0003867077365234,36,9,0,False,True,True,True,True,UP,36,0.8,True,True,43,38,mapping190_v2,DIRECT_MAPPED,DONE,已建立至少一条直接关系；非穷尽映射。,3,PANK1;PANK2;PANK3,0,,True
BRCA,CAMP_BRCA1_Terunuma,04_ROBUSTNESS,20260921T112611Z_metabolite318_paired_v1,metabolite318_paired_v1,paired_processed,KEGG:C02727,N6-acetyllysine,NA,author_paired_case,45,45,mean_paired_difference_author_scale,0.7860949660077333,0.510526510508952,1.062125572859998,1.1891369039881607e-05,7.134821423928965e-05,paired_processed,318.0,DONE,NA,CAMP_processed_original_author_pair_table,36,9,0,0.8,0.2,25,20,0.97275863336475,1.7865456193841e-05,7.28186948660354e-05,61,47,Unpaired; author supplied processed values; no new transformation,0.8036939694101992,906.0,129.0,0.7507246376811594,2639750653.0,45,False,True,36,0.8,25,0.2930624102412799,0.1430211331219002,0.4215384615384615,0.1168492658573701,17,8,0,False,True,True,True,True,UP,36,0.8,True,True,44,38,mapping190_v2,NAMED_UNRESOLVED,NEEDS_REVIEW,侧链N6乙酰化不能替换为ACY1的N-alpha乙酰氨基酸；蛋白去乙酰化不能替代游离底物。,0,,0,,False
BRCA,CAMP_BRCA1_Terunuma,04_ROBUSTNESS,20260921T112611Z_metabolite318_paired_v1,metabolite318_paired_v1,paired_processed,KEGG:C03672,3-(4-hydroxyphenyl)lactate,NA,author_paired_case,45,45,mean_paired_difference_author_scale,1.2430367344251556,0.7701621944120702,1.7099757590679308,1.432815231456602e-05,8.284277156421808e-05,paired_processed,318.0,DONE,NA,CAMP_processed_original_author_pair_table,36,6,3,0.8,0.1333333333333333,15,30,0.968392817243124,2.91054753023599e-07,2.00976264472831e-06,61,47,Unpaired; author supplied processed values; no new transformation,1.153063003764499,799.0,104.0,0.769656699889258,2117397056.0,42,False,True,36,0.8,15,0.4967449978855269,0.2808571923211005,0.35,0.3242238189103762,10,5,0,False,True,True,True,True,UP,36,0.8,True,True,45,38,mapping190_v2,NAMED_UNRESOLVED,NEEDS_REVIEW,LDH类可疑旁反应不足以确认该具体芳香族羟基酸及构型；不按名称直接映射。,0,,0,,False
BRCA,CAMP_BRCA1_Terunuma,04_ROBUSTNESS,20260921T112611Z_metabolite318_paired_v1,metabolite318_paired_v1,paired_processed,KEGG:C04102,1-palmitoyl-GPC (16:0),NA,author_paired_case,45,45,mean_paired_difference_author_scale,2.473866434438229,1.6303618218090057,3.2795501920256305,1.0174435201622437e-05,6.603000804318235e-05,paired_processed,318.0,DONE,NA,CAMP_processed_original_author_pair_table,36,9,0,0.8,0.2,28,17,1.05273330949049,6.09704634006282e-07,3.70424324811364e-06,61,47,Unpaired; author supplied processed values; no new transformation,2.400905490827,909.0,126.0,0.7565217391304347,248652724.0,45,False,True,36,0.8,28,1.4780706374950392,1.6987103681973998,0.6009852216748769,0.0201322615196375,21,7,0,False,True,True,True,True,UP,36,0.8,True,True,46,38,mapping190_v2,DIRECT_MAPPED,DONE,已建立至少一条直接关系；非穷尽映射。,7,ENPP2;LPCAT1;LPCAT2;LPCAT3;LPCAT4;LYPLA1;LYPLA2,0,,False
BRCA,CAMP_BRCA1_Terunuma,04_ROBUSTNESS,20260921T112611Z_metabolite318_paired_v1,metabolite318_paired_v1,paired_processed,KEGG:C06429,docosahexaenoate (DHA; 22:6n3),NA,author_paired_case,45,45,mean_paired_difference_author_scale,0.6582119691255115,0.4115335529102328,0.911768304527287,9.656733313429757e-06,6.397585820147214e-05,paired_processed,318.0,DONE,NA,CAMP_processed_original_author_pair_table,36,9,0,0.8,0.2,44,1,0.839653093938866,8.76174134776709e-05,0.0002908536818537,61,47,Unpaired; author supplied processed values; no new transformation,0.4977182140391996,910.0,125.0,0.7584541062801933,309281644.0,45,False,True,36,0.8,44,0.6493994343381732,0.4976144034162004,0.7494949494949495,0.0001472255306438,35,9,0,False,True,True,True,True,UP,36,0.8,True,True,47,38,mapping190_v2,DIRECT_MAPPED,DONE,已建立至少一条直接关系；非穷尽映射。,4,ACSL3;ACSL4;ALOX15;CYP4F2,0,,False
BRCA,CAMP_BRCA1_Terunuma,04_ROBUSTNESS,20260921T112611Z_metabolite318_paired_v1,metabolite318_paired_v1,paired_processed,KEGG:C16526,eicosenoate (20:1),NA,author_paired_case,45,45,mean_paired_difference_author_scale,0.914250127915069,0.5454618728338335,1.2943433035256204,4.178503784999405e-05,0.0001898234576614,paired_processed,318.0,DONE,NA,CAMP_processed_original_author_pair_table,36,9,0,0.8,0.2,45,0,0.927466072269129,1.43968055097257e-05,6.35037174538584e-05,61,47,Unpaired; author supplied processed values; no new transformation,0.9316066569447976,881.0,154.0,0.702415458937198,3311343749.0,45,False,True,36,0.8,45,0.914250127915069,0.9316066569447976,0.702415458937198,0.0003539438500234,36,9,0,False,True,True,True,True,UP,36,0.8,True,True,48,38,mapping190_v2,NAMED_UNRESOLVED,NEEDS_REVIEW,已核查相关人类蛋白反应注释，但未取得该具体脂肪酸/脂质分子种、位置或构型的充分直接关系；不以通路/家族成员替代。,0,,0,,False
BRCA,CAMP_BRCA1_Terunuma,04_ROBUSTNESS,20260921T112611Z_metabolite318_paired_v1,metabolite318_paired_v1,paired_processed,KEGG:C16527,adrenate (22:4n6),NA,author_paired_case,45,45,mean_paired_difference_author_scale,1.2745712440338337,0.8440199028949145,1.7154066935106875,4.5890937562359305e-06,3.55934588898299e-05,paired_processed,318.0,DONE,NA,CAMP_processed_original_author_pair_table,36,9,0,0.8,0.2,43,2,1.13071637212737,1.58419653377881e-07,1.34239811546521e-06,61,47,Unpaired; author supplied processed values; no new transformation,0.9778753860598997,924.0,111.0,0.7855072463768116,2474921908.0,45,False,True,36,0.8,43,1.160775892913137,0.8216206544625031,0.7653276955602537,0.0001406509958644,34,9,0,False,True,True,True,True,UP,36,0.8,True,True,49,38,mapping190_v2,DIRECT_MAPPED,DONE,已建立至少一条直接关系；非穷尽映射。,1,ACSL4,0,,False
BRCA,CAMP_BRCA1_Terunuma,04_ROBUSTNESS,20260921T112611Z_metabolite318_paired_v1,metabolite318_paired_v1,paired_processed,NAME:X - 13421,X - 13421,NA,author_paired_case,45,45,mean_paired_difference_author_scale,1.7247714537798555,1.2306366490890304,2.199540077834969,3.7238905587511466e-06,3.116308414954907e-05,paired_processed,318.0,DONE,NA,CAMP_processed_original_author_pair_table,36,2,7,0.8,0.0444444444444444,16,29,1.12130659903561,3.66064263597945e-07,2.35745385757076e-06,61,47,Unpaired; author supplied processed values; no new transformation,1.8827632815407007,690.0,51.0,0.8623481781376519,3765885082.0,38,False,True,36,0.8,16,1.4752870689373,1.4585434069686,0.8235294117647058,0.016202322180358,15,1,0,False,True,True,True,True,UP,36,0.8,True,True,50,38,mapping190_v2,UNKNOWN_FEATURE,NEEDS_REVIEW,未知特征不猜身份或基因。,0,,0,,False
BRCA,CAMP_BRCA1_Terunuma,04_ROBUSTNESS,20260921T112611Z_metabolite318_paired_v1,metabolite318_paired_v1,paired_processed,HMDB:HMDB11130,1-stearoylglycerophosphoethanolamine,NA,author_paired_case,45,45,mean_paired_difference_author_scale,1.3291719851754862,0.8240366559730924,1.811923999518364,3.2697181701009255e-05,0.0001551896086704,paired_processed,318.0,DONE,NA,CAMP_processed_original_author_pair_table,35,10,0,0.7777777777777778,0.2222222222222222,26,19,0.959687203243824,1.7254668414368e-05,7.12308106336729e-05,61,47,Unpaired; author supplied processed values; no new transformation,1.8228682268932983,886.0,149.0,0.7120772946859903,3223794876.0,45,False,True,35,0.7777777777777778,26,0.7063468643820768,0.5791882549227987,0.5042735042735043,0.057636066991893,18,8,0,False,True,True,True,True,UP,35,0.7777777777777778,True,True,51,51,mapping190_v2,CONDITIONAL_ONLY,NEEDS_REVIEW,仅条件性证据，不进入直接基因主池。,0,,3,ENPP2;LPCAT3;LPCAT4,False
BRCA,CAMP_BRCA1_Terunuma,04_ROBUSTNESS,20260921T112611Z_metabolite318_paired_v1,metabolite318_paired_v1,paired_processed,KEGG:C00121,ribose,NA,author_paired_case,45,45,mean_paired_difference_author_scale,1.0493904354564063,0.5643627992330876,1.530434718053789,6.929403336523139e-05,0.0002825064437197,paired_processed,318.0,DONE,NA,CAMP_processed_original_author_pair_table,35,8,2,0.7777777777777778,0.1777777777777777,30,15,0.779317030166634,0.0004707930925537,0.0012739107210278,61,47,Unpaired; author supplied processed values; no new transformation,0.6691837929223006,803.0,143.0,0.6976744186046512,1335705391.0,43,False,True,35,0.7777777777777778,30,0.3874019502508667,0.4397406258764995,0.5655913978494623,0.0233393824679187,23,7,0,False,True,True,True,True,UP,35,0.7777777777777778,True,True,52,51,mapping190_v2,DIRECT_MAPPED,DONE,已建立至少一条直接关系；非穷尽映射。,1,RBKS,0,,True
BRCA,CAMP_BRCA1_Terunuma,04_ROBUSTNESS,20260921T112611Z_metabolite318_paired_v1,metabolite318_paired_v1,paired_processed,KEGG:C00135,histidine,NA,author_paired_case,45,45,mean_paired_difference_author_scale,-0.823310335496907,-1.1569777891402844,-0.5018376436136325,9.852117208013238e-05,0.000386786823722,paired_processed,318.0,DONE,NA,CAMP_processed_original_author_pair_table,10,35,0,0.2222222222222222,0.7777777777777778,45,0,-1.0444481863326,1.9445895653758e-06,1.06128447466272e-05,61,47,Unpaired; author supplied processed values; no new transformation,-0.6147394317718984,172.0,863.0,-0.6676328502415458,64765060.0,45,False,True,35,0.7777777777777778,45,-0.823310335496907,-0.6147394317718984,-0.6676328502415458,0.0006920511599775,10,35,0,False,True,True,True,True,DOWN,35,0.7777777777777778,True,True,53,51,mapping190_v2,DIRECT_MAPPED,DONE,已建立至少一条直接关系；非穷尽映射。,1,HAL,0,,True
BRCA,CAMP_BRCA1_Terunuma,04_ROBUSTNESS,20260921T112611Z_metabolite318_paired_v1,metabolite318_paired_v1,paired_processed,KEGG:C00149,malate,NA,author_paired_case,45,45,mean_paired_difference_author_scale,1.1511267734589887,0.7809738839883091,1.5306517698853574,2.5150104269598844e-06,2.579913921849172e-05,paired_processed,318.0,DONE,NA,CAMP_processed_original_author_pair_table,35,10,0,0.7777777777777778,0.2222222222222222,41,4,1.18834928904435,8.89096130658337e-08,8.42026335505837e-07,61,47,Unpaired; author supplied processed values; no new transformation,0.9739585521410988,935.0,100.0,0.8067632850241546,2358389058.0,45,False,True,35,0.7777777777777778,41,0.9587898219742924,0.9443199011102976,0.7677119628339141,0.0001765724301998,31,10,0,False,True,True,True,True,UP,35,0.7777777777777778,True,True,54,51,mapping190_v2,DIRECT_MAPPED,DONE,已建立至少一条直接关系；非穷尽映射。,3,FH;MDH1;MDH2,0,,True
BRCA,CAMP_BRCA1_Terunuma,04_ROBUSTNESS,20260921T112611Z_metabolite318_paired_v1,metabolite318_paired_v1,paired_processed,KEGG:C00186,lactate,NA,author_paired_case,45,45,mean_paired_difference_author_scale,0.9545376385183556,0.6974007581427826,1.2148974514486266,4.262982101768526e-07,7.13488583348627e-06,paired_processed,318.0,DONE,NA,CAMP_processed_original_author_pair_table,35,10,0,0.7777777777777778,0.2222222222222222,45,0,1.17154077197429,4.94896421612838e-08,5.31188825864446e-07,61,47,Unpaired; author supplied processed values; no new transformation,0.9193553336519004,966.0,69.0,0.8666666666666667,367995074.0,45,False,True,35,0.7777777777777778,45,0.9545376385183556,0.9193553336519004,0.8666666666666667,8.140547975898076e-06,35,10,0,False,True,True,True,True,UP,35,0.7777777777777778,True,True,55,51,mapping190_v2,DIRECT_MAPPED,DONE,已建立至少一条直接关系；非穷尽映射。,2,LDHA;LDHB,0,,True
BRCA,CAMP_BRCA1_Terunuma,04_ROBUSTNESS,20260921T112611Z_metabolite318_paired_v1,metabolite318_paired_v1,paired_processed,KEGG:C00245,taurine,NA,author_paired_case,45,45,mean_paired_difference_author_scale,0.7943417540051824,0.4427663523819466,1.1713812112874642,0.0001632199050807,0.000603534067624,paired_processed,318.0,DONE,NA,CAMP_processed_original_author_pair_table,35,10,0,0.7777777777777778,0.2222222222222222,38,7,0.942148247544239,5.6245186404958e-06,2.82983594099945e-05,61,47,Unpaired; author supplied processed values; no new transformation,0.5802760674684002,852.0,183.0,0.6463768115942029,3005910700.0,45,False,True,35,0.7777777777777778,38,0.4227233358305555,0.3994242698706998,0.5060728744939271,0.0224576593716993,28,10,0,False,True,True,True,True,UP,35,0.7777777777777778,True,True,56,51,mapping190_v2,DIRECT_MAPPED,DONE,已建立至少一条直接关系；非穷尽映射。,1,SLC6A6,0,,True
BRCA,CAMP_BRCA1_Terunuma,04_ROBUSTNESS,20260921T112611Z_metabolite318_paired_v1,metabolite318_paired_v1,paired_processed,KEGG:C00275,mannose 6-phosphate,NA,author_paired_case,45,45,mean_paired_difference_author_scale,1.76060916197114,1.1635684741040615,2.344417518700548,1.187200117025198e-05,7.134821423928965e-05,paired_processed,318.0,DONE,NA,CAMP_processed_original_author_pair_table,35,6,4,0.7777777777777778,0.1333333333333333,16,29,1.09395738047572,1.12247868005992e-06,6.45425241034453e-06,61,47,Unpaired; author supplied processed values; no new transformation,2.064643239418899,769.0,92.0,0.7862950058072009,1336876645.0,41,False,True,35,0.7777777777777778,16,1.4782736677137378,1.582691614214851,0.75,0.0285470093098553,13,3,0,False,True,True,True,True,UP,35,0.7777777777777778,True,True,57,51,mapping190_v2,DIRECT_MAPPED,DONE,已建立至少一条直接关系；非穷尽映射。,3,MPI;PMM1;PMM2,0,,True
BRCA,CAMP_BRCA1_Terunuma,04_ROBUSTNESS,20260921T112611Z_metabolite318_paired_v1,metabolite318_paired_v1,paired_processed,KEGG:C03017,propionylcarnitine,NA,author_paired_case,45,45,mean_paired_difference_author_scale,-0.5686332083197534,-0.946660395898982,-0.1918481903281652,0.0012956016865297,0.0036785833599682,paired_processed,318.0,DONE,NA,CAMP_processed_original_author_pair_table,10,35,0,0.2222222222222222,0.7777777777777778,45,0,-0.314506840329656,0.0516814732810129,0.0796240880214648,61,47,Unpaired; author supplied processed values; no new transformation,-0.4942396854825013,232.0,803.0,-0.5516908212560386,2538246835.0,45,False,True,35,0.7777777777777778,45,-0.5686332083197534,-0.4942396854825013,-0.5516908212560386,0.0063242929783145,10,35,0,False,True,True,False,True,DOWN,35,0.7777777777777778,True,True,58,51,mapping190_v2,DIRECT_MAPPED,DONE,已建立至少一条直接关系；非穷尽映射。,2,CRAT;SLC25A20,0,,False
BRCA,CAMP_BRCA1_Terunuma,04_ROBUSTNESS,20260921T112611Z_metabolite318_paired_v1,metabolite318_paired_v1,paired_processed,NAME:X - 10445,X - 10445,NA,author_paired_case,45,45,mean_paired_difference_author_scale,1.1860985232683243,0.7410177099427802,1.5832634118742952,1.796760942941486e-05,0.000100240347343,paired_processed,318.0,DONE,NA,CAMP_processed_original_author_pair_table,35,7,3,0.7777777777777778,0.1555555555555555,14,31,1.16063611302701,5.30734458156565e-07,3.28647106781565e-06,61,47,Unpaired; author supplied processed values; no new transformation,1.5275066623719002,795.0,108.0,0.760797342192691,3764827276.0,42,False,True,35,0.7777777777777778,14,0.327329194606457,0.2826439774024996,0.4095238095238095,0.2582370492655288,9,5,0,False,True,True,True,True,UP,35,0.7777777777777778,True,True,59,51,mapping190_v2,UNKNOWN_FEATURE,NEEDS_REVIEW,未知特征不猜身份或基因。,0,,0,,False
BRCA,CAMP_BRCA1_Terunuma,04_ROBUSTNESS,20260921T112611Z_metabolite318_paired_v1,metabolite318_paired_v1,paired_processed,NAME:X - 11886,X - 11886,NA,author_paired_case,45,45,mean_paired_difference_author_scale,-0.6195833321769203,-0.9384946505903944,-0.3046182551867949,0.0004287630066831,0.0013634663612524,paired_processed,318.0,DONE,NA,CAMP_processed_original_author_pair_table,10,35,0,0.2222222222222222,0.7777777777777778,45,0,-0.702556150477889,0.0005573017270893,0.0014709111157605,61,47,Unpaired; author supplied processed values; no new transformation,-0.5405341082568995,205.0,830.0,-0.6038647342995169,3651802592.0,45,False,True,35,0.7777777777777778,45,-0.6195833321769203,-0.5405341082568995,-0.6038647342995169,0.0024745719944399,10,35,0,False,True,True,True,True,DOWN,35,0.7777777777777778,True,True,60,51,mapping190_v2,UNKNOWN_FEATURE,NEEDS_REVIEW,未知特征不猜身份或基因。,0,,0,,False
BRCA,CAMP_BRCA1_Terunuma,04_ROBUSTNESS,20260921T112611Z_metabolite318_paired_v1,metabolite318_paired_v1,paired_processed,HMDB:HMDB10384,1-stearoyl-GPC (18:0),NA,author_paired_case,45,45,mean_paired_difference_author_scale,2.32569861711274,1.5498858672046605,3.071817029139543,4.197649250964616e-06,3.4226986200173026e-05,paired_processed,318.0,DONE,NA,CAMP_processed_original_author_pair_table,34,8,3,0.7555555555555555,0.1777777777777777,16,29,1.21926483330556,7.86506715829479e-08,7.91422382803413e-07,61,47,Unpaired; author supplied processed values; no new transformation,2.321676162541099,820.0,83.0,0.8161683277962348,737373001.0,42,False,True,34,0.7555555555555555,16,0.9724909604500244,1.34245159464865,0.6176470588235294,0.0680103414185865,11,5,0,False,True,True,True,True,UP,34,0.7555555555555555,True,True,61,61,mapping190_v2,DIRECT_MAPPED,DONE,已建立至少一条直接关系；非穷尽映射。,5,ENPP2;LPCAT1;LPCAT2;LPCAT3;LYPLA2,0,,False
BRCA,CAMP_BRCA1_Terunuma,04_ROBUSTNESS,20260921T112611Z_metabolite318_paired_v1,metabolite318_paired_v1,paired_processed,KEGG:C00047,lysine,NA,author_paired_case,45,45,mean_paired_difference_author_scale,-0.383320232263622,-0.5637193038062157,-0.218212373963213,0.0001424328690602,0.0005392101471568,paired_processed,318.0,DONE,NA,CAMP_processed_original_author_pair_table,11,34,0,0.2444444444444444,0.7555555555555555,45,0,-0.982175022952955,4.01938922431378e-06,2.0874892423049e-05,61,47,Unpaired; author supplied processed values; no new transformation,-0.3064470597157012,180.0,855.0,-0.6521739130434783,1472526500.0,45,False,True,34,0.7555555555555555,45,-0.383320232263622,-0.3064470597157012,-0.6521739130434783,0.0009766825306991,11,34,0,False,True,True,True,True,DOWN,34,0.7555555555555555,True,True,62,61,mapping190_v2,DIRECT_MAPPED,DONE,已建立至少一条直接关系；非穷尽映射。,1,AASS,0,,True
BRCA,CAMP_BRCA1_Terunuma,04_ROBUSTNESS,20260921T112611Z_metabolite318_paired_v1,metabolite318_paired_v1,paired_processed,KEGG:C00099,beta-alanine,NA,author_paired_case,45,45,mean_paired_difference_author_scale,0.8890794485413317,0.5061920028058571,1.259422599514919,6.385111375951808e-05,0.0002743872185881,paired_processed,318.0,DONE,NA,CAMP_processed_original_author_pair_table,34,5,6,0.7555555555555555,0.1111111111111111,12,33,0.82331958223315,1.59143181304093e-05,6.74264531314709e-05,61,47,Unpaired; author supplied processed values; no new transformation,0.9538139356213016,677.0,103.0,0.735897435897436,2811802455.0,39,False,True,34,0.7555555555555555,12,0.5476181811385414,0.7914474409054506,0.6410256410256411,0.1034782938013056,10,2,0,False,True,True,True,True,UP,34,0.7555555555555555,True,True,63,61,mapping190_v2,DIRECT_MAPPED,DONE,已建立至少一条直接关系；非穷尽映射。,1,UPB1,0,,True
BRCA,CAMP_BRCA1_Terunuma,04_ROBUSTNESS,20260921T112611Z_metabolite318_paired_v1,metabolite318_paired_v1,paired_processed,KEGG:C00134,putrescine,NA,author_paired_case,45,45,mean_paired_difference_author_scale,1.6307580546353022,1.1465627391455109,2.094925201290791,3.255697467381219e-06,2.958033698934936e-05,paired_processed,318.0,DONE,NA,CAMP_processed_original_author_pair_table,34,5,6,0.7555555555555555,0.1111111111111111,13,32,1.08324154746233,2.93350448143574e-07,2.00976264472831e-06,61,47,Unpaired; author supplied processed values; no new transformation,1.9538726494628005,724.0,56.0,0.8564102564102564,1878894192.0,39,False,True,34,0.7555555555555555,13,1.646479777695777,1.7972715582939005,0.8241758241758241,0.0302238101998779,10,3,0,False,True,True,True,True,UP,34,0.7555555555555555,True,True,64,61,mapping190_v2,DIRECT_MAPPED,DONE,已建立至少一条直接关系；非穷尽映射。,1,ODC1,0,,True
BRCA,CAMP_BRCA1_Terunuma,04_ROBUSTNESS,20260921T112611Z_metabolite318_paired_v1,metabolite318_paired_v1,paired_processed,KEGG:C00307,cytidine 5'-diphosphocholine,NA,author_paired_case,45,45,mean_paired_difference_author_scale,2.987032690973217,2.0809672419658,3.846783809993784,3.2361846898586414e-06,2.958033698934936e-05,paired_processed,318.0,DONE,NA,CAMP_processed_original_author_pair_table,34,4,7,0.7555555555555555,0.0888888888888888,10,35,1.40345853957875,2.2949071021121203e-09,4.92640057920067e-08,61,47,Unpaired; author supplied processed values; no new transformation,2.9830940450912,692.0,49.0,0.8677462887989204,426370309.0,38,False,True,34,0.7555555555555555,10,1.56758384053481,1.3372368781940498,0.6727272727272727,0.1168492658573701,8,2,0,False,True,True,True,True,UP,34,0.7555555555555555,True,True,65,61,mapping190_v2,DIRECT_MAPPED,DONE,已建立至少一条直接关系；非穷尽映射。,4,CEPT1;CHPT1;PCYT1A;PCYT1B,0,,True
BRCA,CAMP_BRCA1_Terunuma,04_ROBUSTNESS,20260921T112611Z_metabolite318_paired_v1,metabolite318_paired_v1,paired_processed,KEGG:C00319,sphingosine,NA,author_paired_case,45,45,mean_paired_difference_author_scale,2.074870697745158,1.449772332294429,2.6918521829454223,1.1004730378203108e-06,1.470662006506065e-05,paired_processed,318.0,DONE,NA,CAMP_processed_original_author_pair_table,34,4,7,0.7555555555555555,0.0888888888888888,7,38,1.21559154483355,1.68091804804117e-08,2.16502244587702e-07,61,47,Unpaired; author supplied processed values; no new transformation,2.1123028777401007,707.0,34.0,0.9082321187584346,1022332130.0,38,False,True,34,0.7555555555555555,7,NA,NA,NA,NA,7,0,0,False,False,True,True,True,UP,34,0.7555555555555555,True,True,66,61,mapping190_v2,DIRECT_MAPPED,DONE,已建立至少一条直接关系；非穷尽映射。,2,SPHK1;SPHK2,0,,True
BRCA,CAMP_BRCA1_Terunuma,04_ROBUSTNESS,20260921T112611Z_metabolite318_paired_v1,metabolite318_paired_v1,paired_processed,KEGG:C00385,xanthine,NA,author_paired_case,45,45,mean_paired_difference_author_scale,-0.8455939500458085,-1.182741440460845,-0.5217356706773085,1.318603086228943e-05,7.76510706334822e-05,paired_processed,318.0,DONE,NA,CAMP_processed_original_author_pair_table,11,34,0,0.2444444444444444,0.7555555555555555,45,0,-0.911459063126893,7.78688396376497e-06,3.7423531885557e-05,61,47,Unpaired; author supplied processed values; no new transformation,-0.7790781916345004,131.0,904.0,-0.7468599033816425,2812520255.0,45,False,True,34,0.7555555555555555,45,-0.8455939500458085,-0.7790781916345004,-0.7468599033816425,0.0001406509958644,11,34,0,False,True,True,True,True,DOWN,34,0.7555555555555555,True,True,67,61,mapping190_v2,DIRECT_MAPPED,DONE,已建立至少一条直接关系；非穷尽映射。,1,GDA,0,,True
BRCA,CAMP_BRCA1_Terunuma,04_ROBUSTNESS,20260921T112611Z_metabolite318_paired_v1,metabolite318_paired_v1,paired_processed,KEGG:C00429,"5,6-dihydrouracil",NA,author_paired_case,45,45,mean_paired_difference_author_scale,1.3038314215760225,0.905763167165968,1.7079476172264512,5.367673714082117e-06,3.94739564581896e-05,paired_processed,318.0,DONE,NA,CAMP_processed_original_author_pair_table,34,6,5,0.7555555555555555,0.1333333333333333,15,30,1.14215233333927,1.46573905524342e-07,1.27558912375238e-06,61,47,Unpaired; author supplied processed values; no new transformation,1.314653757393902,749.0,71.0,0.8268292682926829,519756430.0,40,False,True,34,0.7555555555555555,15,0.6730771823095003,0.9088784212624006,0.7666666666666667,0.0302238101998779,12,3,0,False,True,True,True,True,UP,34,0.7555555555555555,True,True,68,61,mapping190_v2,DIRECT_MAPPED,DONE,已建立至少一条直接关系；非穷尽映射。,2,DPYD;DPYS,0,,True
BRCA,CAMP_BRCA1_Terunuma,04_ROBUSTNESS,20260921T112611Z_metabolite318_paired_v1,metabolite318_paired_v1,paired_processed,KEGG:C02862,butyrylcarnitine,NA,author_paired_case,45,45,mean_paired_difference_author_scale,0.876099004181582,0.463991248857347,1.2903436977147014,0.0003173262119432,0.0010835787678907,paired_processed,318.0,DONE,NA,CAMP_processed_original_author_pair_table,34,11,0,0.7555555555555555,0.2444444444444444,40,5,0.919391534005286,2.72216018815587e-05,0.0001031218330101,61,47,Unpaired; author supplied processed values; no new transformation,0.764202956605299,837.0,198.0,0.6173913043478261,4265511754.0,45,False,True,34,0.7555555555555555,40,0.5879240944297048,0.5053151217448004,0.5170731707317073,0.0169443660433189,29,11,0,False,True,True,True,True,UP,34,0.7555555555555555,True,True,69,61,mapping190_v2,DIRECT_MAPPED,DONE,已建立至少一条直接关系；非穷尽映射。,1,CRAT,0,,True
BRCA,CAMP_BRCA1_Terunuma,04_ROBUSTNESS,20260921T112611Z_metabolite318_paired_v1,metabolite318_paired_v1,paired_processed,NAME:X - 13621,X - 13621,NA,author_paired_case,45,45,mean_paired_difference_author_scale,-0.7119972177068093,-1.1475571087952323,-0.2524289413756577,0.0013475091645619,0.0037921054365547,paired_processed,318.0,DONE,NA,CAMP_processed_original_author_pair_table,11,34,0,0.2444444444444444,0.7555555555555555,44,1,-0.651318847866298,3.98322038478522e-05,0.0001457496549887,61,47,Unpaired; author supplied processed values; no new transformation,-1.0932363014960984,233.0,802.0,-0.5497584541062802,1633678172.0,45,False,True,34,0.7555555555555555,44,-0.8046231796189208,-1.1130099276009489,-0.6202020202020202,0.002213016632272,10,34,0,False,True,True,True,True,DOWN,34,0.7555555555555555,True,True,70,61,mapping190_v2,UNKNOWN_FEATURE,NEEDS_REVIEW,未知特征不猜身份或基因。,0,,0,,False
BRCA,CAMP_BRCA1_Terunuma,04_ROBUSTNESS,20260921T112611Z_metabolite318_paired_v1,metabolite318_paired_v1,paired_processed,NAME:X - 4523,X - 4523,NA,author_paired_case,45,45,mean_paired_difference_author_scale,0.7025497927108424,0.386770059937895,1.03080746238244,0.0002210876309912,0.0007899535579236,paired_processed,318.0,DONE,NA,CAMP_processed_original_author_pair_table,34,10,1,0.7555555555555555,0.2222222222222222,28,17,0.701855057897088,0.0001395526611594,0.0004320765085897,61,47,Unpaired; author supplied processed values; no new transformation,0.9098218711764012,812.0,178.0,0.6404040404040404,2417386796.0,44,False,True,34,0.7555555555555555,28,0.6238036999207502,0.7130659985751509,0.7241379310344828,0.0046182717118601,22,6,0,False,True,True,True,True,UP,34,0.7555555555555555,True,True,71,61,mapping190_v2,UNKNOWN_FEATURE,NEEDS_REVIEW,未知特征不猜身份或基因。,0,,0,,False
BRCA,CAMP_BRCA1_Terunuma,04_ROBUSTNESS,20260921T112611Z_metabolite318_paired_v1,metabolite318_paired_v1,paired_processed,NAME:X - 5229,X - 5229,NA,author_paired_case,45,45,mean_paired_difference_author_scale,1.8009345484123025,1.2872378257578585,2.2866077264881506,2.2703054644505614e-06,2.406523792317595e-05,paired_processed,318.0,DONE,NA,CAMP_processed_original_author_pair_table,34,4,7,0.7555555555555555,0.0888888888888888,4,41,1.4638572576915,7.89298543999772e-10,1.95503177821482e-08,61,47,Unpaired; author supplied processed values; no new transformation,2.2090292527490014,697.0,44.0,0.8812415654520918,1264940914.0,38,False,True,34,0.7555555555555555,4,NA,NA,NA,NA,4,0,0,False,False,True,True,True,UP,34,0.7555555555555555,True,True,72,61,mapping190_v2,UNKNOWN_FEATURE,NEEDS_REVIEW,未知特征不猜身份或基因。,0,,0,,False
BRCA,CAMP_BRCA1_Terunuma,04_ROBUSTNESS,20260921T112611Z_metabolite318_paired_v1,metabolite318_paired_v1,paired_processed,NAME:pyroglutamine,pyroglutamine,NA,author_paired_case,45,45,mean_paired_difference_author_scale,-0.3376713033375533,-0.5330882124254961,-0.1290510892096746,0.0020595936268169,0.0053248030351852,paired_processed,318.0,DONE,NA,CAMP_processed_original_author_pair_table,11,34,0,0.2444444444444444,0.7555555555555555,42,3,-0.346056276176312,0.0405528918631898,0.0636977130729128,61,47,Unpaired; author supplied processed values; no new transformation,-0.2243160548605001,244.0,791.0,-0.5285024154589372,1280855385.0,45,False,True,34,0.7555555555555555,42,-0.3946262903931262,-0.3138196419109498,-0.6323366555924695,0.002213016632272,8,34,0,False,True,True,False,True,DOWN,34,0.7555555555555555,True,True,73,61,mapping190_v2,NAMED_UNRESOLVED,NEEDS_REVIEW,未核实精确结构，不将名称近似自动等同pyroglutamate/5-oxoproline。,0,,0,,False
BRCA,CAMP_BRCA1_Terunuma,04_ROBUSTNESS,20260921T112611Z_metabolite318_paired_v1,metabolite318_paired_v1,paired_processed,KEGG:C00062,arginine,NA,author_paired_case,45,45,mean_paired_difference_author_scale,-0.4783187985423576,-0.754725239449559,-0.1895349763624498,0.0044486348763989,0.0099624358499638,paired_processed,318.0,DONE,NA,CAMP_processed_original_author_pair_table,12,33,0,0.2666666666666666,0.7333333333333333,45,0,-0.688564831222648,0.0003103491435448,0.0008843577364728,61,47,Unpaired; author supplied processed values; no new transformation,-0.3685831721290995,265.0,770.0,-0.4879227053140096,947179491.0,45,False,True,33,0.7333333333333333,45,-0.4783187985423576,-0.3685831721290995,-0.4879227053140096,0.0169443660433189,12,33,0,False,True,True,True,True,DOWN,33,0.7333333333333333,True,True,74,74,mapping190_v2,DIRECT_MAPPED,DONE,已建立至少一条直接关系；非穷尽映射。,2,ARG1;ARG2,0,,True
BRCA,CAMP_BRCA1_Terunuma,04_ROBUSTNESS,20260921T112611Z_metabolite318_paired_v1,metabolite318_paired_v1,paired_processed,KEGG:C00187,cholesterol,NA,author_paired_case,45,45,mean_paired_difference_author_scale,-0.2943310791405445,-0.5435474935224307,-0.050035543019466,0.0100657673107995,0.0198814534461754,paired_processed,318.0,DONE,NA,CAMP_processed_original_author_pair_table,12,33,0,0.2666666666666666,0.7333333333333333,45,0,-0.483781760270127,0.0025985990108667,0.0060197761258926,61,47,Unpaired; author supplied processed values; no new transformation,-0.4145405931909991,289.0,746.0,-0.4415458937198067,662366450.0,45,False,True,33,0.7333333333333333,45,-0.2943310791405445,-0.4145405931909991,-0.4415458937198067,0.0305151682685291,12,33,0,False,True,True,True,True,DOWN,33,0.7333333333333333,True,True,75,74,mapping190_v2,DIRECT_MAPPED,DONE,已建立至少一条直接关系；非穷尽映射。,2,SOAT1;SOAT2,0,,True
BRCA,CAMP_BRCA1_Terunuma,04_ROBUSTNESS,20260921T112611Z_metabolite318_paired_v1,metabolite318_paired_v1,paired_processed,KEGG:C01118,N-acetylthreonine,NA,author_paired_case,45,45,mean_paired_difference_author_scale,0.2957019461466422,0.0398869605036722,0.538380502570523,0.0140268310300657,0.027365228635343,paired_processed,318.0,DONE,NA,CAMP_processed_original_author_pair_table,33,11,1,0.7333333333333333,0.2444444444444444,35,10,0.351968415876944,0.121678714142549,0.169612753047189,61,47,Unpaired; author supplied processed values; no new transformation,0.4012149414886004,706.0,284.0,0.4262626262626263,3559081248.0,44,False,True,33,0.7333333333333333,35,0.0586915214201827,0.2813136598581991,0.2,0.3874332323723722,24,11,0,False,True,True,False,True,UP,33,0.7333333333333333,True,True,76,74,mapping190_v2,NAMED_UNRESOLVED,NEEDS_REVIEW,ACY1底物研究显示效率限制；未取得足以确立本项直接关系的精确证据。,0,,0,,False
BRCA,CAMP_BRCA1_Terunuma,04_ROBUSTNESS,20260921T112611Z_metabolite318_paired_v1,metabolite318_paired_v1,paired_processed,KEGG:C09213,tryptophan betaine,NA,author_paired_case,45,45,mean_paired_difference_author_scale,0.6598821769217112,0.3708749795838874,0.9402966493980938,7.992696051291915e-05,0.0003217313094064,paired_processed,318.0,DONE,NA,CAMP_processed_original_author_pair_table,33,5,7,0.7333333333333333,0.1111111111111111,29,16,0.449215033194904,0.0323186813030301,0.0544848972752654,61,47,Unpaired; author supplied processed values; no new transformation,0.6293373739876991,643.0,98.0,0.7354925775978407,2893824192.0,38,False,True,33,0.7333333333333333,29,0.6652932452834174,0.6293373739876991,0.7471264367816092,0.0025983302969957,25,4,0,False,True,True,False,True,UP,33,0.7333333333333333,True,True,77,74,mapping190_v2,NAMED_UNRESOLVED,NEEDS_REVIEW,未确认该化合物的人类直接酶或转运体；不以stachydrine运输外推。,0,,0,,False
BRCA,CAMP_BRCA1_Terunuma,04_ROBUSTNESS,20260921T112611Z_metabolite318_paired_v1,metabolite318_paired_v1,paired_processed,NAME:X - 12660,X - 12660,NA,author_paired_case,45,45,mean_paired_difference_author_scale,0.8265847688001311,0.3563685655511454,1.2695124271149418,0.0012956016865297,0.0036785833599682,paired_processed,318.0,DONE,NA,CAMP_processed_original_author_pair_table,33,12,0,0.7333333333333333,0.2666666666666666,44,1,0.803917738089528,6.85055705704959e-05,0.0002371913303623,61,47,Unpaired; author supplied processed values; no new transformation,0.9282815911308012,803.0,232.0,0.5516908212560386,3577145140.0,45,False,True,33,0.7333333333333333,44,0.7656620902592022,0.9107730310108496,0.5313131313131313,0.0092883588521883,32,12,0,False,True,True,True,True,UP,33,0.7333333333333333,True,True,78,74,mapping190_v2,UNKNOWN_FEATURE,NEEDS_REVIEW,未知特征不猜身份或基因。,0,,0,,False
BRCA,CAMP_BRCA1_Terunuma,04_ROBUSTNESS,20260921T112611Z_metabolite318_paired_v1,metabolite318_paired_v1,paired_processed,NAME:X - 12748,X - 12748,NA,author_paired_case,45,45,mean_paired_difference_author_scale,1.035831321505149,0.6370283213821953,1.4611906782163104,5.323658367123347e-05,0.0002351282445479,paired_processed,318.0,DONE,NA,CAMP_processed_original_author_pair_table,33,12,0,0.7333333333333333,0.2666666666666666,43,2,1.16946218984792,8.91754154444093e-07,5.22081523147269e-06,61,47,Unpaired; author supplied processed values; no new transformation,1.0634722133357002,876.0,159.0,0.6927536231884058,1192936688.0,45,False,True,33,0.7333333333333333,43,0.9088909393584744,1.0383764645315985,0.6638477801268499,0.0010274321157335,31,12,0,False,True,True,True,True,UP,33,0.7333333333333333,True,True,79,74,mapping190_v2,UNKNOWN_FEATURE,NEEDS_REVIEW,未知特征不猜身份或基因。,0,,0,,False
BRCA,CAMP_BRCA1_Terunuma,04_ROBUSTNESS,20260921T112611Z_metabolite318_paired_v1,metabolite318_paired_v1,paired_processed,HMDB:HMDB00848,stearoylcarnitine,NA,author_paired_case,45,45,mean_paired_difference_author_scale,1.727542920498054,1.125863337051896,2.3843509736736928,1.5028967141936175e-05,8.534306341313757e-05,paired_processed,318.0,DONE,NA,CAMP_processed_original_author_pair_table,32,4,9,0.7111111111111111,0.0888888888888888,8,37,1.01592605664506,2.88733304297546e-07,2.00976264472831e-06,61,47,Unpaired; author supplied processed values; no new transformation,1.6523172948961005,609.0,57.0,0.8288288288288288,3477960275.0,36,False,True,32,0.7111111111111111,8,0.8604600942898757,1.1895631680518015,0.7222222222222222,0.1302637342119616,6,2,0,True,True,True,True,True,UP,32,0.7111111111111111,True,True,80,80,mapping190_v2,DIRECT_MAPPED,DONE,已建立至少一条直接关系；非穷尽映射。,1,CPT2,0,,False
BRCA,CAMP_BRCA1_Terunuma,04_ROBUSTNESS,20260921T112611Z_metabolite318_paired_v1,metabolite318_paired_v1,paired_processed,KEGG:C00042,succinate,NA,author_paired_case,45,45,mean_paired_difference_author_scale,-0.3633738453677335,-0.690441902526295,-0.0251591608826417,0.0162057525193076,0.0310447548261435,paired_processed,318.0,DONE,NA,CAMP_processed_original_author_pair_table,13,32,0,0.2888888888888888,0.7111111111111111,42,3,-0.330608492795447,0.0325226307485464,0.0545431619845414,61,47,Unpaired; author supplied processed values; no new transformation,-0.5165398977875988,304.0,731.0,-0.4125603864734299,2093177016.0,45,False,True,32,0.7111111111111111,42,-0.5333466712478335,-0.58495584763115,-0.5880398671096345,0.0048010444294584,10,32,0,False,True,True,False,True,DOWN,32,0.7111111111111111,True,True,81,80,mapping190_v2,DIRECT_MAPPED,DONE,已建立至少一条直接关系；非穷尽映射。,9,SDHA;SDHB;SDHC;SDHD;SLC13A3;SLC25A10;SUCLA2;SUCLG1;SUCLG2,0,,False
BRCA,CAMP_BRCA1_Terunuma,04_ROBUSTNESS,20260921T112611Z_metabolite318_paired_v1,metabolite318_paired_v1,paired_processed,KEGG:C00208,maltose,NA,author_paired_case,45,45,mean_paired_difference_author_scale,1.0323778752710555,0.520133452293683,1.5412571637373138,0.0003237106382063,0.0010835787678907,paired_processed,318.0,DONE,NA,CAMP_processed_original_author_pair_table,32,8,5,0.7111111111111111,0.1777777777777777,31,14,0.62259980224989,0.0014062152344436,0.0035375101991474,61,47,Unpaired; author supplied processed values; no new transformation,0.4981749307008023,678.0,142.0,0.6536585365853659,1284471515.0,40,False,True,32,0.7111111111111111,31,0.8996938917736936,0.4981749307008023,0.6491935483870968,0.0077085300187102,25,6,0,False,True,True,True,True,UP,32,0.7111111111111111,True,True,82,80,mapping190_v2,DIRECT_MAPPED,DONE,已建立至少一条直接关系；非穷尽映射。,1,MGAM,0,,True
BRCA,CAMP_BRCA1_Terunuma,04_ROBUSTNESS,20260921T112611Z_metabolite318_paired_v1,metabolite318_paired_v1,paired_processed,KEGG:C02918,1-methylnicotinamide,NA,author_paired_case,45,45,mean_paired_difference_author_scale,0.6179670231014983,0.319343309865049,0.9182721028638724,0.0007690776519969,0.0023072329559909,paired_processed,318.0,DONE,NA,CAMP_processed_original_author_pair_table,32,13,0,0.7111111111111111,0.2888888888888888,39,6,0.730467367194184,0.000623778471254,0.0016329810385675,61,47,Unpaired; author supplied processed values; no new transformation,0.7442371331512003,816.0,219.0,0.5768115942028985,1091585584.0,45,False,True,32,0.7111111111111111,39,0.4314339715837159,0.4345080268411987,0.4538461538461538,0.037078778734983,26,13,0,False,True,True,True,True,UP,32,0.7111111111111111,True,True,83,80,mapping190_v2,DIRECT_MAPPED,DONE,已建立至少一条直接关系；非穷尽映射。,3,AOX1;NNMT;SLC22A2,0,,True
BRCA,CAMP_BRCA1_Terunuma,04_ROBUSTNESS,20260921T112611Z_metabolite318_paired_v1,metabolite318_paired_v1,paired_processed,KEGG:C02990,palmitoylcarnitine,NA,author_paired_case,45,45,mean_paired_difference_author_scale,1.0217677588686642,0.4403023604720841,1.6281676126079363,0.0038724078622824,0.0089885087606263,paired_processed,318.0,DONE,NA,CAMP_processed_original_author_pair_table,32,12,1,0.7111111111111111,0.2666666666666666,37,8,0.597500027083042,0.0032899772523599,0.0073060184500682,61,47,Unpaired; author supplied processed values; no new transformation,0.6654334044818988,743.0,247.0,0.501010101010101,3775035545.0,44,False,True,32,0.7111111111111111,37,0.481137475503243,0.4546883411595015,0.2972972972972973,0.1806256469490434,25,12,0,False,True,True,True,True,UP,32,0.7111111111111111,True,True,84,80,mapping190_v2,DIRECT_MAPPED,DONE,已建立至少一条直接关系；非穷尽映射。,4,CPT1A;CPT1B;CPT2;SLC25A20,0,,True
BRCA,CAMP_BRCA1_Terunuma,04_ROBUSTNESS,20260921T112611Z_metabolite318_paired_v1,metabolite318_paired_v1,paired_processed,KEGG:C05283,gamma-glutamylglutamine,NA,author_paired_case,45,45,mean_paired_difference_author_scale,-1.1848588214174538,-1.9069406965283515,-0.465428007263429,0.0024858064194615,0.0061278018712307,paired_processed,318.0,DONE,NA,CAMP_processed_original_author_pair_table,13,32,0,0.2888888888888888,0.7111111111111111,33,12,-0.802249428359869,8.53328468413386e-05,0.0002897676298836,61,47,Unpaired; author supplied processed values; no new transformation,-1.1523581605371014,249.0,786.0,-0.518840579710145,2739511116.0,45,False,True,32,0.7111111111111111,33,-1.062712466865667,-1.119402455370201,-0.6506238859180036,0.0057912372486014,9,24,0,False,True,True,True,True,DOWN,32,0.7111111111111111,True,True,85,80,mapping190_v2,CONDITIONAL_ONLY,NEEDS_REVIEW,仅条件性证据，不进入直接基因主池。,0,,1,GGCT,False
BRCA,CAMP_BRCA1_Terunuma,04_ROBUSTNESS,20260921T112611Z_metabolite318_paired_v1,metabolite318_paired_v1,paired_processed,NAME:2-oleoylglycerophosphocholine,2-oleoylglycerophosphocholine,NA,author_paired_case,45,45,mean_paired_difference_author_scale,1.5863897815001644,0.7969663304900433,2.3508520285431507,0.0007274200826816,0.0022242267912765,paired_processed,318.0,DONE,NA,CAMP_processed_original_author_pair_table,32,6,7,0.7111111111111111,0.1333333333333333,14,31,0.791521310899808,5.50124738402674e-05,0.0001968224064062,61,47,Unpaired; author supplied processed values; no new transformation,1.9338235419284988,604.0,137.0,0.6302294197031039,1702047978.0,38,False,True,32,0.7111111111111111,14,1.0655675892744287,0.9567532924371508,0.638095238095238,0.0776799451964375,12,2,0,False,True,True,True,True,UP,32,0.7111111111111111,True,True,86,80,mapping190_v2,CONDITIONAL_ONLY,NEEDS_REVIEW,仅条件性证据，不进入直接基因主池。,0,,1,ENPP2,False
BRCA,CAMP_BRCA1_Terunuma,04_ROBUSTNESS,20260921T112611Z_metabolite318_paired_v1,metabolite318_paired_v1,paired_processed,NAME:2-oleoylglycerophosphoethanolamine,2-oleoylglycerophosphoethanolamine,NA,author_paired_case,45,45,mean_paired_difference_author_scale,1.4391526222702045,0.6332344526644343,2.241497344425924,0.001627552482889,0.0044617387030924,paired_processed,318.0,DONE,NA,CAMP_processed_original_author_pair_table,32,10,3,0.7111111111111111,0.2222222222222222,21,24,0.660656690407543,0.0009221983840829,0.0023755830373977,61,47,Unpaired; author supplied processed values; no new transformation,1.451335878471399,704.0,199.0,0.5592469545957918,1903461450.0,42,False,True,32,0.7111111111111111,21,1.2302394702678665,1.1738554740802003,0.6796536796536796,0.0224576593716993,17,4,0,False,True,True,True,True,UP,32,0.7111111111111111,True,True,87,80,mapping190_v2,DIRECT_MAPPED,DONE,已建立至少一条直接关系；非穷尽映射。,1,LPCAT4,0,,False
BRCA,CAMP_BRCA1_Terunuma,04_ROBUSTNESS,20260921T112611Z_metabolite318_paired_v1,metabolite318_paired_v1,paired_processed,NAME:X - 11687,X - 11687,NA,author_paired_case,45,45,mean_paired_difference_author_scale,0.8789821997884668,0.4776075289345695,1.2794199440512948,0.0002653868390497,0.0009273957672287,paired_processed,318.0,DONE,NA,CAMP_processed_original_author_pair_table,32,12,1,0.7111111111111111,0.2666666666666666,19,26,0.96892509177501,4.42037249071654e-06,2.25930149525512e-05,61,47,Unpaired; author supplied processed values; no new transformation,0.7968138705927004,808.0,182.0,0.6323232323232323,2407542291.0,44,False,True,32,0.7111111111111111,19,0.1008513010453787,-0.0087585555101004,0.0631578947368421,0.8798228643520616,9,10,0,False,True,True,True,True,UP,32,0.7111111111111111,True,True,88,80,mapping190_v2,UNKNOWN_FEATURE,NEEDS_REVIEW,未知特征不猜身份或基因。,0,,0,,False
BRCA,CAMP_BRCA1_Terunuma,04_ROBUSTNESS,20260921T112611Z_metabolite318_paired_v1,metabolite318_paired_v1,paired_processed,NAME:X - 11725,X - 11725,NA,author_paired_case,45,45,mean_paired_difference_author_scale,0.6951418862220532,0.3025334840643691,1.0700162505701232,0.0015592349272786,0.004320098169104,paired_processed,318.0,DONE,NA,CAMP_processed_original_author_pair_table,32,10,3,0.7111111111111111,0.2222222222222222,14,31,0.632829344636224,0.0009854413957308,0.0025183502335344,61,47,Unpaired; author supplied processed values; no new transformation,0.8045537337621997,705.0,198.0,0.5614617940199336,341044199.0,42,False,True,32,0.7111111111111111,14,-0.39976789233015,-0.2059105913570507,-0.3333333333333333,0.3697772729883457,6,8,0,False,False,True,True,True,UP,32,0.7111111111111111,True,True,89,80,mapping190_v2,UNKNOWN_FEATURE,NEEDS_REVIEW,未知特征不猜身份或基因。,0,,0,,False
BRCA,CAMP_BRCA1_Terunuma,04_ROBUSTNESS,20260921T112611Z_metabolite318_paired_v1,metabolite318_paired_v1,paired_processed,NAME:X - 6227,X - 6227,NA,author_paired_case,45,45,mean_paired_difference_author_scale,1.152294044331538,0.7522454037681002,1.599741837338337,2.261398610224094e-05,0.0001141467869922,paired_processed,318.0,DONE,NA,CAMP_processed_original_author_pair_table,32,9,4,0.7111111111111111,0.2,25,20,0.801220465589789,0.000174064288279,0.0005189694520911,61,47,Unpaired; author supplied processed values; no new transformation,0.6921274390932002,758.0,103.0,0.7607433217189314,4034973951.0,41,False,True,32,0.7111111111111111,25,0.413670115148064,0.3122652692005996,0.4215384615384615,0.1168492658573701,16,9,0,False,True,True,True,True,UP,32,0.7111111111111111,True,True,90,80,mapping190_v2,UNKNOWN_FEATURE,NEEDS_REVIEW,未知特征不猜身份或基因。,0,,0,,False
BRCA,CAMP_BRCA1_Terunuma,04_ROBUSTNESS,20260921T112611Z_metabolite318_paired_v1,metabolite318_paired_v1,paired_processed,HMDB:HMDB00613,erythronate,NA,author_paired_case,45,45,mean_paired_difference_author_scale,1.582351435767131,1.0357890988285408,2.1228658617108045,1.8925292427020413e-05,0.0001037628102033,paired_processed,318.0,DONE,NA,CAMP_processed_original_author_pair_table,31,8,6,0.6888888888888889,0.1777777777777777,11,34,1.09694623866861,2.46025321684893e-07,1.80045803596671e-06,61,47,Unpaired; author supplied processed values; no new transformation,1.8992659377629997,697.0,83.0,0.7871794871794872,626996248.0,39,False,True,31,0.6888888888888889,11,0.8774810224736821,0.2280312239356998,0.4242424242424242,0.3081255003598085,6,5,0,False,True,True,True,True,UP,31,0.6888888888888889,True,True,91,91,mapping190_v2,CONDITIONAL_ONLY,NEEDS_REVIEW,仅条件性证据，不进入直接基因主池。,0,,1,PGP,False
BRCA,CAMP_BRCA1_Terunuma,04_ROBUSTNESS,20260921T112611Z_metabolite318_paired_v1,metabolite318_paired_v1,paired_processed,HMDB:HMDB11171,gamma-glutamylleucine,NA,author_paired_case,45,45,mean_paired_difference_author_scale,0.3755597288141686,0.1486834811774581,0.6054951906643709,0.0051843315453723,0.0112150845675401,paired_processed,318.0,DONE,NA,CAMP_processed_original_author_pair_table,31,12,2,0.6888888888888889,0.2666666666666666,19,26,0.614087863382984,0.0004555105668506,0.0012536273720163,61,47,Unpaired; author supplied processed values; no new transformation,0.3031056826745999,705.0,241.0,0.4904862579281184,2890146538.0,43,False,True,31,0.6888888888888889,19,-0.2504202563690104,-0.2891040894387995,-0.4842105263157895,0.1168492658573701,7,12,0,False,False,True,True,True,UP,31,0.6888888888888889,True,True,92,91,mapping190_v2,CONDITIONAL_ONLY,NEEDS_REVIEW,仅条件性证据，不进入直接基因主池。,0,,1,GGCT,False
BRCA,CAMP_BRCA1_Terunuma,04_ROBUSTNESS,20260921T112611Z_metabolite318_paired_v1,metabolite318_paired_v1,paired_processed,HMDB:HMDB13622,10-nonadecenoate (19:1n9),NA,author_paired_case,45,45,mean_paired_difference_author_scale,0.5115292821425111,0.2141770602651258,0.8066697504599393,0.0019828495359394,0.0051684110854815,paired_processed,318.0,DONE,NA,CAMP_processed_original_author_pair_table,31,14,0,0.6888888888888889,0.3111111111111111,45,0,0.654062929234743,0.0043650267566279,0.0093702574375612,61,47,Unpaired; author supplied processed values; no new transformation,0.4401484520142986,792.0,243.0,0.5304347826086957,2322888040.0,45,False,True,31,0.6888888888888889,45,0.5115292821425111,0.4401484520142986,0.5304347826086957,0.0087855487130855,31,14,0,False,True,True,True,True,UP,31,0.6888888888888889,True,True,93,91,mapping190_v2,NAMED_UNRESOLVED,NEEDS_REVIEW,已核查相关人类蛋白反应注释，但未取得该具体脂肪酸/脂质分子种、位置或构型的充分直接关系；不以通路/家族成员替代。,0,,0,,False
BRCA,CAMP_BRCA1_Terunuma,04_ROBUSTNESS,20260921T112611Z_metabolite318_paired_v1,metabolite318_paired_v1,paired_processed,HMDB:HMDB31057,2-hydroxypalmitate,NA,author_paired_case,45,45,mean_paired_difference_author_scale,0.5126424501481,0.2016706151491327,0.8233826410860681,0.0046544847383905,0.010350532495162,paired_processed,318.0,DONE,NA,CAMP_processed_original_author_pair_table,31,13,1,0.6888888888888889,0.2888888888888888,31,14,0.624884720207083,0.0019741638425587,0.004881183237625,61,47,Unpaired; author supplied processed values; no new transformation,0.4590037761310022,738.0,252.0,0.4909090909090909,115462070.0,44,False,True,31,0.6888888888888889,31,0.2033678886121837,0.2411744394840003,0.189516129032258,0.4419692881145066,19,12,0,False,True,True,True,True,UP,31,0.6888888888888889,True,True,94,91,mapping190_v2,NAMED_UNRESOLVED,NEEDS_REVIEW,已核查相关人类蛋白反应注释，但未取得该具体脂肪酸/脂质分子种、位置或构型的充分直接关系；不以通路/家族成员替代。,0,,0,,False
BRCA,CAMP_BRCA1_Terunuma,04_ROBUSTNESS,20260921T112611Z_metabolite318_paired_v1,metabolite318_paired_v1,paired_processed,KEGG:C00065,serine,NA,author_paired_case,45,45,mean_paired_difference_author_scale,0.3195974596105203,0.0782178478086464,0.5485796284696429,0.006522272217576,0.0137356461270807,paired_processed,318.0,DONE,NA,CAMP_processed_original_author_pair_table,31,14,0,0.6888888888888889,0.3111111111111111,45,0,0.366302117488738,0.025284742533083,0.0449816966610649,61,47,Unpaired; author supplied processed values; no new transformation,0.3537555143245008,759.0,276.0,0.4666666666666667,1507314820.0,45,False,True,31,0.6888888888888889,45,0.3195974596105203,0.3537555143245008,0.4666666666666667,0.0224576593716993,31,14,0,False,True,True,True,True,UP,31,0.6888888888888889,True,True,95,91,mapping190_v2,DIRECT_MAPPED,DONE,已建立至少一条直接关系；非穷尽映射。,2,SHMT1;SHMT2,0,,True
BRCA,CAMP_BRCA1_Terunuma,04_ROBUSTNESS,20260921T112611Z_metabolite318_paired_v1,metabolite318_paired_v1,paired_processed,KEGG:C00491,cystine,NA,author_paired_case,45,45,mean_paired_difference_author_scale,1.2997652381755558,0.7437140599917975,1.8795918259512556,0.000161023168281,0.0006024160883926,paired_processed,318.0,DONE,NA,CAMP_processed_original_author_pair_table,31,12,2,0.6888888888888889,0.2666666666666666,32,13,0.761406922469914,0.0001640638515436,0.0004937248616546,61,47,Unpaired; author supplied processed values; no new transformation,1.540503617447099,786.0,160.0,0.6617336152219874,786547826.0,43,False,True,31,0.6888888888888889,32,0.9767932271763408,1.0778033830560505,0.5681818181818182,0.0190940072058224,21,11,0,False,True,True,True,True,UP,31,0.6888888888888889,True,True,96,91,mapping190_v2,DIRECT_MAPPED,DONE,已建立至少一条直接关系；非穷尽映射。,2,CTNS;SLC7A11,0,,True
BRCA,CAMP_BRCA1_Terunuma,04_ROBUSTNESS,20260921T112611Z_metabolite318_paired_v1,metabolite318_paired_v1,paired_processed,KEGG:C00670,glycerophosphorylcholine (GPC),NA,author_paired_case,45,45,mean_paired_difference_author_scale,-0.7109714169790355,-1.1083687369081645,-0.3149964409971549,0.002139054014638,0.0054856385214103,paired_processed,318.0,DONE,NA,CAMP_processed_original_author_pair_table,14,31,0,0.3111111111111111,0.6888888888888889,45,0,-0.791132433603263,0.0001607688008834,0.0004883731498536,61,47,Unpaired; author supplied processed values; no new transformation,-0.5562811930566021,245.0,790.0,-0.5265700483091788,2550763621.0,45,False,True,31,0.6888888888888889,45,-0.7109714169790355,-0.5562811930566021,-0.5265700483091788,0.0092883588521883,14,31,0,False,True,True,True,True,DOWN,31,0.6888888888888889,True,True,97,91,mapping190_v2,DIRECT_MAPPED,DONE,已建立至少一条直接关系；非穷尽映射。,4,GDPD5;GPCPD1;LYPLA1;LYPLA2,0,,True
BRCA,CAMP_BRCA1_Terunuma,04_ROBUSTNESS,20260921T112611Z_metabolite318_paired_v1,metabolite318_paired_v1,paired_processed,KEGG:C00712,oleate (18:1n9),NA,author_paired_case,45,45,mean_paired_difference_author_scale,0.561838005571073,0.1837908093566894,0.93101628428184,0.0035890616488436,0.0084487042306429,paired_processed,318.0,DONE,NA,CAMP_processed_original_author_pair_table,31,14,0,0.6888888888888889,0.3111111111111111,45,0,0.556367559127025,0.0061633745049308,0.0125608012062514,61,47,Unpaired; author supplied processed values; no new transformation,0.4843013461855001,776.0,259.0,0.4995169082125604,4257627831.0,45,False,True,31,0.6888888888888889,45,0.561838005571073,0.4843013461855001,0.4995169082125604,0.0143562465953744,31,14,0,False,True,True,True,True,UP,31,0.6888888888888889,True,True,98,91,mapping190_v2,DIRECT_MAPPED,DONE,已建立至少一条直接关系；非穷尽映射。,7,ABHD12;ABHD6;ACSL1;ACSL3;ACSL5;LYPLA1;MGLL,0,,False
BRCA,CAMP_BRCA1_Terunuma,04_ROBUSTNESS,20260921T112611Z_metabolite318_paired_v1,metabolite318_paired_v1,paired_processed,KEGG:C02630,2-hydroxyglutarate,NA,author_paired_case,45,45,mean_paired_difference_author_scale,1.5595540425191312,1.0776051822482862,2.0940816898953987,1.109933589815898e-06,1.470662006506065e-05,paired_processed,318.0,DONE,NA,CAMP_processed_original_author_pair_table,31,1,13,0.6888888888888889,0.0222222222222222,9,36,1.05542126110424,7.40977935556065e-08,7.69660952416299e-07,61,47,Unpaired; author supplied processed values; no new transformation,1.3536409693285003,525.0,3.0,0.9886363636363636,111657382.0,32,False,True,31,0.6888888888888889,9,1.294625805393933,0.8986069742546992,0.9555555555555556,0.0359335647961067,8,1,0,True,True,True,True,True,UP,31,0.6888888888888889,True,True,99,91,mapping190_v2,CONDITIONAL_ONLY,NEEDS_REVIEW,仅条件性证据，不进入直接基因主池。,0,,2,D2HGDH;L2HGDH,False
BRCA,CAMP_BRCA1_Terunuma,04_ROBUSTNESS,20260921T112611Z_metabolite318_paired_v1,metabolite318_paired_v1,paired_processed,KEGG:C05282,gamma-glutamylglutamate,NA,author_paired_case,45,45,mean_paired_difference_author_scale,0.911913272173278,0.3450658268020715,1.4498191777844915,0.001849374851411,0.0048603405185844,paired_processed,318.0,DONE,NA,CAMP_processed_original_author_pair_table,31,11,3,0.6888888888888889,0.2444444444444444,19,26,0.660862510546258,0.001985822994189,0.004881183237625,61,47,Unpaired; author supplied processed values; no new transformation,1.1066394264527997,701.0,202.0,0.5526024363233666,2177942751.0,42,False,True,31,0.6888888888888889,19,0.081005233037642,0.429652434327501,0.1789473684210526,0.5956226403070378,11,8,0,False,True,True,True,True,UP,31,0.6888888888888889,True,True,100,91,mapping190_v2,DIRECT_MAPPED,DONE,已建立至少一条直接关系；非穷尽映射。,1,FOLH1,0,,True
BRCA,CAMP_BRCA1_Terunuma,04_ROBUSTNESS,20260921T112611Z_metabolite318_paired_v1,metabolite318_paired_v1,paired_processed,NAME:1-palmitoylplasmenylethanolamine,1-palmitoylplasmenylethanolamine,NA,author_paired_case,45,45,mean_paired_difference_author_scale,0.6225253352448334,0.2532050517557467,0.9950611233170028,0.0024584024832873,0.006107593669417,paired_processed,318.0,DONE,NA,CAMP_processed_original_author_pair_table,31,13,1,0.6888888888888889,0.2888888888888888,31,14,0.535512242296301,0.0309002131965285,0.0526448076681596,61,47,Unpaired; author supplied processed values; no new transformation,0.5966902325031,755.0,235.0,0.5252525252525253,3178025339.0,44,False,True,31,0.6888888888888889,31,0.3639010391033001,0.231201195198901,0.3185483870967742,0.1899088006127891,19,12,0,False,True,True,False,True,UP,31,0.6888888888888889,True,True,101,91,mapping190_v2,CONDITIONAL_ONLY,NEEDS_REVIEW,仅条件性证据，不进入直接基因主池。,0,,2,LPCAT3;LPCAT4,False
BRCA,CAMP_BRCA1_Terunuma,04_ROBUSTNESS,20260921T112611Z_metabolite318_paired_v1,metabolite318_paired_v1,paired_processed,NAME:2-arachidonoylglycerophosphocholine,2-arachidonoylglycerophosphocholine,NA,author_paired_case,45,45,mean_paired_difference_author_scale,1.7709584735479824,1.1025775558828328,2.42149685839157,6.772154455110179e-05,0.0002814779382831,paired_processed,318.0,DONE,NA,CAMP_processed_original_author_pair_table,31,8,6,0.6888888888888889,0.1777777777777777,16,29,0.925016115702922,8.12850743775025e-06,3.84908734552291e-05,61,47,Unpaired; author supplied processed values; no new transformation,2.4553861769623992,676.0,104.0,0.7333333333333333,3418073701.0,39,False,True,31,0.6888888888888889,16,1.5198233750689063,1.7557646724050997,0.6323529411764706,0.0624580586942368,11,5,0,False,True,True,True,True,UP,31,0.6888888888888889,True,True,102,91,mapping190_v2,CONDITIONAL_ONLY,NEEDS_REVIEW,仅条件性证据，不进入直接基因主池。,0,,1,ENPP2,False
BRCA,CAMP_BRCA1_Terunuma,04_ROBUSTNESS,20260921T112611Z_metabolite318_paired_v1,metabolite318_paired_v1,paired_processed,NAME:2-docosahexaenoylglycerophosphoethanolamine,2-docosahexaenoylglycerophosphoethanolamine,NA,author_paired_case,45,45,mean_paired_difference_author_scale,1.1532627070480508,0.5983646975971458,1.6822187505809685,0.0005670092317833,0.0017852369871991,paired_processed,318.0,DONE,NA,CAMP_processed_original_author_pair_table,31,10,4,0.6888888888888889,0.2222222222222222,21,24,0.782924223082673,0.0001152145867367,0.0003709909692922,61,47,Unpaired; author supplied processed values; no new transformation,1.494610844921601,697.0,164.0,0.6190476190476191,2619138590.0,41,False,True,31,0.6888888888888889,21,0.9528826520893192,1.0113420707427991,0.6103896103896104,0.038848431320635,15,6,0,False,True,True,True,True,UP,31,0.6888888888888889,True,True,103,91,mapping190_v2,NAMED_UNRESOLVED,NEEDS_REVIEW,已核查相关人类蛋白反应注释，但未取得该具体脂肪酸/脂质分子种、位置或构型的充分直接关系；不以通路/家族成员替代。,0,,0,,False
BRCA,CAMP_BRCA1_Terunuma,04_ROBUSTNESS,20260921T112611Z_metabolite318_paired_v1,metabolite318_paired_v1,paired_processed,NAME:X - 15161,X - 15161,NA,author_paired_case,45,45,mean_paired_difference_author_scale,1.4887179813061913,0.9338973073439384,2.054572374381915,3.811045955666354e-05,0.0001782224432208,paired_processed,318.0,DONE,NA,CAMP_processed_original_author_pair_table,31,7,7,0.6888888888888889,0.1555555555555555,9,36,1.1298645435102,2.20951503290813e-07,1.73527765999127e-06,61,47,Unpaired; author supplied processed values; no new transformation,1.6519287638876,655.0,86.0,0.7678812415654521,2341554065.0,38,False,True,31,0.6888888888888889,9,0.2530275750902895,0.1668908266534003,0.1555555555555555,0.787945050235846,5,4,0,True,True,True,True,True,UP,31,0.6888888888888889,True,True,104,91,mapping190_v2,UNKNOWN_FEATURE,NEEDS_REVIEW,未知特征不猜身份或基因。,0,,0,,False
BRCA,CAMP_BRCA1_Terunuma,04_ROBUSTNESS,20260921T112611Z_metabolite318_paired_v1,metabolite318_paired_v1,paired_processed,NAME:aspartylleucine,aspartylleucine,NA,author_paired_case,45,45,mean_paired_difference_author_scale,1.126048708905018,0.6308950034868879,1.6374802457977946,0.0001214884243309,0.0004711380358201,paired_processed,318.0,DONE,NA,CAMP_processed_original_author_pair_table,31,7,7,0.6888888888888889,0.1555555555555555,12,33,0.686299202905173,3.59953629691592e-05,0.0001347733357682,61,47,Unpaired; author supplied processed values; no new transformation,1.1192796976175998,636.0,105.0,0.7165991902834008,3520676456.0,38,False,True,31,0.6888888888888889,12,0.8053339658398753,0.5187333721421501,0.4615384615384615,0.2403134375115672,8,4,0,False,True,True,True,True,UP,31,0.6888888888888889,True,True,105,91,mapping190_v2,NAMED_UNRESOLVED,NEEDS_REVIEW,具体二肽水解的人类底物特异性未核实，不泛配所有肽酶。,0,,0,,False
BRCA,CAMP_BRCA1_Terunuma,04_ROBUSTNESS,20260921T112611Z_metabolite318_paired_v1,metabolite318_paired_v1,paired_processed,HMDB:HMDB05065,oleoylcarnitine,NA,author_paired_case,45,45,mean_paired_difference_author_scale,1.3271133696452846,0.7756662987411521,1.8873025684578104,0.0001351770808685,0.0005179073700748,paired_processed,318.0,DONE,NA,CAMP_processed_original_author_pair_table,30,7,8,0.6666666666666666,0.1555555555555555,9,36,0.873958868943064,3.29818037013318e-06,1.74100668718506e-05,61,47,Unpaired; author supplied processed values; no new transformation,1.207425824890601,605.0,98.0,0.7211948790896159,1266528842.0,37,False,True,30,0.6666666666666666,9,-0.0905273989307993,-0.0820591474170981,-0.0666666666666666,0.9382744147693564,4,5,0,True,False,True,True,True,UP,30,0.6666666666666666,True,True,106,106,mapping190_v2,DIRECT_MAPPED,DONE,已建立至少一条直接关系；非穷尽映射。,1,CPT2,0,,False
BRCA,CAMP_BRCA1_Terunuma,04_ROBUSTNESS,20260921T112611Z_metabolite318_paired_v1,metabolite318_paired_v1,paired_processed,HMDB:HMDB61702,2-palmitoyl-GPC (16:0),NA,author_paired_case,45,45,mean_paired_difference_author_scale,1.8961428567712533,1.1922215142448251,2.604732803758068,6.815660769748695e-05,0.0002814779382831,paired_processed,318.0,DONE,NA,CAMP_processed_original_author_pair_table,30,6,9,0.6666666666666666,0.1333333333333333,6,39,0.975886833210887,7.47939416845777e-07,4.45993504119149e-06,61,47,Unpaired; author supplied processed values; no new transformation,2.1445622303922,587.0,79.0,0.7627627627627628,1108539641.0,36,False,True,30,0.6666666666666666,6,NA,NA,NA,NA,4,2,0,False,False,True,True,True,UP,30,0.6666666666666666,True,True,107,106,mapping190_v2,DIRECT_MAPPED,DONE,已建立至少一条直接关系；非穷尽映射。,1,LPCAT4,1,ENPP2,False
BRCA,CAMP_BRCA1_Terunuma,04_ROBUSTNESS,20260921T112611Z_metabolite318_paired_v1,metabolite318_paired_v1,paired_processed,KEGG:C00077,ornithine,NA,author_paired_case,45,45,mean_paired_difference_author_scale,-0.2927762521334512,-0.6090297298732391,0.0130105662485283,0.0495261498946145,0.082891135086776,paired_processed,318.0,DONE,NA,CAMP_processed_original_author_pair_table,15,30,0,0.3333333333333333,0.6666666666666666,45,0,-0.430648438682791,0.0078511945745396,0.0158005290812611,61,47,Unpaired; author supplied processed values; no new transformation,-0.3760540584286005,343.0,692.0,-0.3371980676328502,428782214.0,45,False,True,30,0.6666666666666666,45,-0.2927762521334512,-0.3760540584286005,-0.3371980676328502,0.0963752106057365,15,30,0,False,True,True,True,False,DOWN,30,0.6666666666666666,True,True,108,106,mapping190_v2,DIRECT_MAPPED,DONE,已建立至少一条直接关系；非穷尽映射。,5,ARG1;ARG2;OAT;ODC1;OTC,0,,True
BRCA,CAMP_BRCA1_Terunuma,04_ROBUSTNESS,20260921T112611Z_metabolite318_paired_v1,metabolite318_paired_v1,paired_processed,KEGG:C00212,adenosine,NA,author_paired_case,45,45,mean_paired_difference_author_scale,0.7253734621807935,0.2412107925488344,1.1781227156378036,0.0057801265487537,0.0123361090100919,paired_processed,318.0,DONE,NA,CAMP_processed_original_author_pair_table,30,14,1,0.6666666666666666,0.3111111111111111,25,20,0.785881582577226,0.0003738542597988,0.0010467919274368,61,47,Unpaired; author supplied processed values; no new transformation,0.7261514699676006,732.0,258.0,0.4787878787878787,1184203859.0,44,False,True,30,0.6666666666666666,25,-0.3060215825373158,-0.1689857395254002,-0.2246153846153846,0.4130322636920875,11,14,0,False,False,True,True,True,UP,30,0.6666666666666666,True,True,109,106,mapping190_v2,DIRECT_MAPPED,DONE,已建立至少一条直接关系；非穷尽映射。,4,ADA;ADA2;AHCY;SLC29A2,0,,True
BRCA,CAMP_BRCA1_Terunuma,04_ROBUSTNESS,20260921T112611Z_metabolite318_paired_v1,metabolite318_paired_v1,paired_processed,KEGG:C00328,kynurenine,NA,author_paired_case,45,45,mean_paired_difference_author_scale,0.7623434365264733,0.3900343645660596,1.1700873853652498,0.002221316359099,0.0056061793824879,paired_processed,318.0,DONE,NA,CAMP_processed_original_author_pair_table,30,15,0,0.6666666666666666,0.3333333333333333,41,4,0.813846961211355,0.0002107002543702,0.0006167771082474,61,47,Unpaired; author supplied processed values; no new transformation,0.4504708409213016,789.0,246.0,0.5246376811594203,1873695825.0,45,False,True,30,0.6666666666666666,41,0.7322456664627317,0.2285231672031997,0.4448315911730546,0.0362107445915918,26,15,0,False,True,True,True,True,UP,30,0.6666666666666666,True,True,110,106,mapping190_v2,DIRECT_MAPPED,DONE,已建立至少一条直接关系；非穷尽映射。,3,AFMID;KMO;KYNU,0,,True
BRCA,CAMP_BRCA1_Terunuma,04_ROBUSTNESS,20260921T112611Z_metabolite318_paired_v1,metabolite318_paired_v1,paired_processed,KEGG:C01181,deoxycarnitine,NA,author_paired_case,45,45,mean_paired_difference_author_scale,0.679794362181567,0.2774649044504446,1.1041961617608993,0.0049449162872665,0.0107704341051422,paired_processed,318.0,DONE,NA,CAMP_processed_original_author_pair_table,30,15,0,0.6666666666666666,0.3333333333333333,41,4,0.819660995208735,1.90318149201155e-05,7.66030550534651e-05,61,47,Unpaired; author supplied processed values; no new transformation,0.6355583762554993,767.0,268.0,0.4821256038647343,2847432709.0,45,False,True,30,0.6666666666666666,41,0.5783333137265051,0.6103609604433018,0.4587688734030197,0.0317280559110267,27,14,0,False,True,True,True,True,UP,30,0.6666666666666666,True,True,111,106,mapping190_v2,DIRECT_MAPPED,DONE,已建立至少一条直接关系；非穷尽映射。,1,BBOX1,0,,True
BRCA,CAMP_BRCA1_Terunuma,04_ROBUSTNESS,20260921T112611Z_metabolite318_paired_v1,metabolite318_paired_v1,paired_processed,KEGG:C01530,stearate (18:0),NA,author_paired_case,45,45,mean_paired_difference_author_scale,-0.1445908513328535,-0.3022046506479369,0.0178496519487255,0.026941791393394,0.048678918540337,paired_processed,318.0,DONE,NA,CAMP_processed_original_author_pair_table,15,30,0,0.3333333333333333,0.6666666666666666,45,0,-0.390303306112755,0.0186893573219901,0.0353998415157695,61,47,Unpaired; author supplied processed values; no new transformation,-0.1537132170050981,321.0,714.0,-0.3797101449275362,557757564.0,45,False,True,30,0.6666666666666666,45,-0.1445908513328535,-0.1537132170050981,-0.3797101449275362,0.0606190306351367,15,30,0,False,True,True,True,True,DOWN,30,0.6666666666666666,True,True,112,106,mapping190_v2,DIRECT_MAPPED,DONE,已建立至少一条直接关系；非穷尽映射。,4,ABHD12;ACSL3;LYPLA2;MGLL,0,,False
BRCA,CAMP_BRCA1_Terunuma,04_ROBUSTNESS,20260921T112611Z_metabolite318_paired_v1,metabolite318_paired_v1,paired_processed,KEGG:C01885,1-palmitoylglycerol (1-monopalmitin),NA,author_paired_case,45,45,mean_paired_difference_author_scale,1.863634073360729,1.1840498504013808,2.561758748561273,2.853280506860457e-05,0.0001395912617202,paired_processed,318.0,DONE,NA,CAMP_processed_original_author_pair_table,30,5,10,0.6666666666666666,0.1111111111111111,8,37,0.972656306211271,8.63990084635668e-06,4.03195372829978e-05,61,47,Unpaired; author supplied processed values; no new transformation,1.8184734441512005,571.0,59.0,0.8126984126984127,3622964038.0,35,False,True,30,0.6666666666666666,8,2.8303582299056123,2.9939421091145,1.0,0.0373514706365155,8,0,0,True,True,True,True,True,UP,30,0.6666666666666666,True,True,113,106,mapping190_v2,DIRECT_MAPPED,DONE,已建立至少一条直接关系；非穷尽映射。,2,ABHD12;MGLL,0,,False
BRCA,CAMP_BRCA1_Terunuma,04_ROBUSTNESS,20260921T112611Z_metabolite318_paired_v1,metabolite318_paired_v1,paired_processed,KEGG:C03916,1-oleoylglycerophosphocholine,NA,author_paired_case,45,45,mean_paired_difference_author_scale,1.856899477278931,1.1762272170345425,2.5290065652535163,3.0305610756286337e-05,0.0001460179427348,paired_processed,318.0,DONE,NA,CAMP_processed_original_author_pair_table,30,6,9,0.6666666666666666,0.1333333333333333,13,32,0.961911061767672,5.84993842753876e-06,2.89796949794997e-05,61,47,Unpaired; author supplied processed values; no new transformation,1.5137215003741016,599.0,67.0,0.7987987987987988,292727627.0,36,False,True,30,0.6666666666666666,13,0.5700798162082615,1.3044713679464,0.5164835164835165,0.170858704031888,9,4,0,False,True,True,True,True,UP,30,0.6666666666666666,True,True,114,106,mapping190_v2,DIRECT_MAPPED,DONE,已建立至少一条直接关系；非穷尽映射。,5,ABHD12;ENPP2;LPCAT1;LPCAT3;LPCAT4,0,,False
BRCA,CAMP_BRCA1_Terunuma,04_ROBUSTNESS,20260921T112611Z_metabolite318_paired_v1,metabolite318_paired_v1,paired_processed,KEGG:C06424,myristate (14:0),NA,author_paired_case,45,45,mean_paired_difference_author_scale,-0.3329689770872465,-0.523549867044166,-0.1403383792779886,0.002883296531823,0.0069991473062573,paired_processed,318.0,DONE,NA,CAMP_processed_original_author_pair_table,15,30,0,0.3333333333333333,0.6666666666666666,45,0,-0.680082493869015,9.7089877012719e-05,0.0003190095958989,61,47,Unpaired; author supplied processed values; no new transformation,-0.2469072831625993,253.0,782.0,-0.5111111111111111,4080095243.0,45,False,True,30,0.6666666666666666,45,-0.3329689770872465,-0.2469072831625993,-0.5111111111111111,0.0118627057309289,15,30,0,False,True,True,True,True,DOWN,30,0.6666666666666666,True,True,115,106,mapping190_v2,DIRECT_MAPPED,DONE,已建立至少一条直接关系；非穷尽映射。,5,ABHD12;ABHD6;ACSL3;ACSM1;MGLL,0,,False
BRCA,CAMP_BRCA1_Terunuma,04_ROBUSTNESS,20260921T112611Z_metabolite318_paired_v1,metabolite318_paired_v1,paired_processed,KEGG:C06428,eicosapentaenoate (EPA; 20:5n3),NA,author_paired_case,45,45,mean_paired_difference_author_scale,0.448938299779107,0.1813929221211751,0.7229222579351193,0.0042935228122219,0.0097524303877613,paired_processed,318.0,DONE,NA,CAMP_processed_original_author_pair_table,30,15,0,0.6666666666666666,0.3333333333333333,45,0,0.539004924227489,0.009419656941428,0.0186550627157244,61,47,Unpaired; author supplied processed values; no new transformation,0.310592607254101,771.0,264.0,0.4898550724637681,3379293108.0,45,False,True,30,0.6666666666666666,45,0.448938299779107,0.310592607254101,0.4898550724637681,0.0167099266205395,30,15,0,False,True,True,True,True,UP,30,0.6666666666666666,True,True,116,106,mapping190_v2,DIRECT_MAPPED,DONE,已建立至少一条直接关系；非穷尽映射。,3,ACSL3;ACSL4;CYP4F2,0,,False
BRCA,CAMP_BRCA1_Terunuma,04_ROBUSTNESS,20260921T112611Z_metabolite318_paired_v1,metabolite318_paired_v1,paired_processed,NAME:X - 12792,X - 12792,NA,author_paired_case,45,45,mean_paired_difference_author_scale,0.6352343097647934,0.0810680207374528,1.1731461144064137,0.0246897414675809,0.0453834554143973,paired_processed,318.0,DONE,NA,CAMP_processed_original_author_pair_table,30,15,0,0.6666666666666666,0.3333333333333333,26,19,0.36247904502906,0.0228237029999189,0.0415210868134117,61,47,Unpaired; author supplied processed values; no new transformation,0.8925723719583996,717.0,318.0,0.3855072463768116,1090130817.0,45,False,True,30,0.6666666666666666,26,-0.2492624612587579,-0.4006130511686496,-0.094017094017094,0.7662398417177653,12,14,0,False,False,True,True,True,UP,30,0.6666666666666666,True,True,117,106,mapping190_v2,UNKNOWN_FEATURE,NEEDS_REVIEW,未知特征不猜身份或基因。,0,,0,,False
BRCA,CAMP_BRCA1_Terunuma,04_ROBUSTNESS,20260921T112611Z_metabolite318_paired_v1,metabolite318_paired_v1,paired_processed,NAME:X - 12855,X - 12855,NA,author_paired_case,45,45,mean_paired_difference_author_scale,0.7911877285976245,0.3530931064630755,1.2230454420022456,0.0017680918936196,0.004697183729048,paired_processed,318.0,DONE,NA,CAMP_processed_original_author_pair_table,30,15,0,0.6666666666666666,0.3333333333333333,37,8,0.888877064272614,5.60062742528139e-05,0.0001981760473561,61,47,Unpaired; author supplied processed values; no new transformation,0.9651794148974986,795.0,240.0,0.5362318840579711,4240789724.0,45,False,True,30,0.6666666666666666,37,0.5338224612176595,0.5252619120653002,0.4480796586059744,0.045514495506674,23,14,0,False,True,True,True,True,UP,30,0.6666666666666666,True,True,118,106,mapping190_v2,UNKNOWN_FEATURE,NEEDS_REVIEW,未知特征不猜身份或基因。,0,,0,,False
BRCA,CAMP_BRCA1_Terunuma,04_ROBUSTNESS,20260921T112611Z_metabolite318_paired_v1,metabolite318_paired_v1,paired_processed,NAME:X - 14613,X - 14613,NA,author_paired_case,45,45,mean_paired_difference_author_scale,0.9583793443554616,0.5162498905785785,1.4131244177494786,0.0004125485496632,0.0013251559474032,paired_processed,318.0,DONE,NA,CAMP_processed_original_author_pair_table,30,13,2,0.6666666666666666,0.2888888888888888,25,20,0.617001232876279,0.0044063181860798,0.0093962546749517,61,47,Unpaired; author supplied processed values; no new transformation,0.8738452009644995,766.0,180.0,0.6194503171247357,3795200880.0,43,False,True,30,0.6666666666666666,25,0.0486773550027356,-0.1110953168024995,0.0461538461538461,0.8940650561566058,12,13,0,False,True,True,True,True,UP,30,0.6666666666666666,True,True,119,106,mapping190_v2,UNKNOWN_FEATURE,NEEDS_REVIEW,未知特征不猜身份或基因。,0,,0,,False
BRCA,CAMP_BRCA1_Terunuma,04_ROBUSTNESS,20260921T112611Z_metabolite318_paired_v1,metabolite318_paired_v1,paired_processed,NAME:histidylleucine,histidylleucine,NA,author_paired_case,45,45,mean_paired_difference_author_scale,-0.856299607286982,-1.4014536007934433,-0.2952273408849228,0.0067115669951348,0.0139495314016527,paired_processed,318.0,DONE,NA,CAMP_processed_original_author_pair_table,13,30,2,0.2888888888888888,0.6666666666666666,29,16,-0.551031864093303,0.0060628241507589,0.0124345820162063,61,47,Unpaired; author supplied processed values; no new transformation,-0.8980024730387974,248.0,698.0,-0.4756871035940803,1580910240.0,43,False,True,30,0.6666666666666666,29,-1.220607888790748,-1.0945861401771992,-0.7379310344827587,0.0029949399185517,5,24,0,False,True,True,True,True,DOWN,30,0.6666666666666666,True,True,120,106,mapping190_v2,NAMED_UNRESOLVED,NEEDS_REVIEW,具体二肽水解的人类底物特异性未核实，不泛配所有肽酶。,0,,0,,False
BRCA,CAMP_BRCA1_Terunuma,04_ROBUSTNESS,20260921T112611Z_metabolite318_paired_v1,metabolite318_paired_v1,paired_processed,HMDB:HMDB04824,"N2,N2-dimethylguanosine",NA,author_paired_case,45,45,mean_paired_difference_author_scale,-1.1486962556556333,-1.6496104803191656,-0.6441932554234691,0.000217236175302,0.0007850125425685,paired_processed,318.0,DONE,NA,CAMP_processed_original_author_pair_table,9,29,7,0.2,0.6444444444444445,18,27,-0.857157139282509,5.74838921874612e-05,0.0002011936226561,61,47,Unpaired; author supplied processed values; no new transformation,-1.3401417476876991,115.0,626.0,-0.689608636977058,4132584073.0,38,False,True,29,0.6444444444444445,18,-0.9702721992023275,-0.8373320256204497,-0.7543859649122807,0.0191382916184909,4,14,0,False,True,True,True,True,DOWN,29,0.6444444444444445,True,True,121,121,mapping190_v2,NAMED_UNRESOLVED,NEEDS_REVIEW,tRNA修饰不等于游离二甲基鸟苷直接代谢；不直接添加TRMT1。,0,,0,,False
BRCA,CAMP_BRCA1_Terunuma,04_ROBUSTNESS,20260921T112611Z_metabolite318_paired_v1,metabolite318_paired_v1,paired_processed,KEGG:C00021,S-adenosylhomocysteine (SAH),NA,author_paired_case,45,45,mean_paired_difference_author_scale,0.668112925820262,0.1924838994294947,1.1505815389398653,0.0186956882529775,0.0351788690203955,paired_processed,318.0,DONE,NA,CAMP_processed_original_author_pair_table,29,15,1,0.6444444444444445,0.3333333333333333,34,11,0.443397127279218,0.0199714179666954,0.037606997574713,61,47,Unpaired; author supplied processed values; no new transformation,0.5405684388907002,697.0,293.0,0.4080808080808081,1797465820.0,44,False,True,29,0.6444444444444445,34,0.4419465217610028,0.4644455496980484,0.361344537815126,0.1168492658573701,22,12,0,False,True,True,True,True,UP,29,0.6444444444444445,True,True,122,121,mapping190_v2,DIRECT_MAPPED,DONE,已建立至少一条直接关系；非穷尽映射。,2,AHCY;NNMT,0,,True
BRCA,CAMP_BRCA1_Terunuma,04_ROBUSTNESS,20260921T112611Z_metabolite318_paired_v1,metabolite318_paired_v1,paired_processed,KEGG:C00051,"glutathione, reduced (GSH)",NA,author_paired_case,45,45,mean_paired_difference_author_scale,1.183238262314171,0.386135091254271,1.9766208980883464,0.0022453068571976,0.0056221069337705,paired_processed,318.0,DONE,NA,CAMP_processed_original_author_pair_table,29,7,9,0.6444444444444445,0.1555555555555555,11,34,0.540062415660483,0.0005291274398268,0.0014080912035061,61,47,Unpaired; author supplied processed values; no new transformation,0.8151402780317998,528.0,138.0,0.5855855855855856,3361629002.0,36,False,True,29,0.6444444444444445,11,0.9287499287533094,0.3340060440865997,0.3939393939393939,0.3487449922566533,8,3,0,False,True,True,True,True,UP,29,0.6444444444444445,True,True,123,121,mapping190_v2,DIRECT_MAPPED,DONE,已建立至少一条直接关系；非穷尽映射。,2,GSR;GSS,0,,True
BRCA,CAMP_BRCA1_Terunuma,04_ROBUSTNESS,20260921T112611Z_metabolite318_paired_v1,metabolite318_paired_v1,paired_processed,KEGG:C00055,cytidine 5'-monophosphate (5'-CMP),NA,author_paired_case,45,45,mean_paired_difference_author_scale,0.752146177177278,0.350049698350001,1.1553242720261008,0.0011489478223762,0.0033519762157397,paired_processed,318.0,DONE,NA,CAMP_processed_original_author_pair_table,29,6,10,0.6444444444444445,0.1333333333333333,5,40,0.710486686350943,2.23691919051926e-05,8.78399974813662e-05,61,47,Unpaired; author supplied processed values; no new transformation,0.8176537649755016,514.0,116.0,0.6317460317460317,1735623329.0,35,False,True,29,0.6444444444444445,5,NA,NA,NA,NA,3,2,0,False,False,True,True,True,UP,29,0.6444444444444445,True,True,124,121,mapping190_v2,DIRECT_MAPPED,DONE,已建立至少一条直接关系；非穷尽映射。,4,CEPT1;CHPT1;CMPK1;CMPK2,0,,True
BRCA,CAMP_BRCA1_Terunuma,04_ROBUSTNESS,20260921T112611Z_metabolite318_paired_v1,metabolite318_paired_v1,paired_processed,KEGG:C00140,N-acetylglucosamine,NA,author_paired_case,45,45,mean_paired_difference_author_scale,1.2576111766520022,0.7810870378105523,1.7511324193960711,6.815660769748695e-05,0.0002814779382831,paired_processed,318.0,DONE,NA,CAMP_processed_original_author_pair_table,29,7,9,0.6444444444444445,0.1555555555555555,10,35,0.682520958599209,0.0004694975961423,0.0012739107210278,61,47,Unpaired; author supplied processed values; no new transformation,1.4527534746500006,587.0,79.0,0.7627627627627628,220348804.0,36,False,True,29,0.6444444444444445,10,0.03546854409279,-0.0144584000555996,0.0181818181818181,1.0,5,5,0,False,True,True,True,True,UP,29,0.6444444444444445,True,True,125,121,mapping190_v2,DIRECT_MAPPED,DONE,已建立至少一条直接关系；非穷尽映射。,1,NAGK,0,,True
BRCA,CAMP_BRCA1_Terunuma,04_ROBUSTNESS,20260921T112611Z_metabolite318_paired_v1,metabolite318_paired_v1,paired_processed,KEGG:C00270,N-acetylneuraminate,NA,author_paired_case,45,45,mean_paired_difference_author_scale,0.5496085238856775,0.2023835296659417,0.8973296506611651,0.0058842524149999,0.0124746151197999,paired_processed,318.0,DONE,NA,CAMP_processed_original_author_pair_table,29,16,0,0.6444444444444445,0.3555555555555555,42,3,0.646309349215585,0.0003932524057234,0.0010916144365771,61,47,Unpaired; author supplied processed values; no new transformation,0.3702135702521012,762.0,273.0,0.472463768115942,14447303.0,45,False,True,29,0.6444444444444445,42,0.4323502439071974,0.2778027131037994,0.4042081949058693,0.0539786598340502,26,16,0,False,True,True,True,True,UP,29,0.6444444444444445,True,True,126,121,mapping190_v2,DIRECT_MAPPED,DONE,已建立至少一条直接关系；非穷尽映射。,2,CMAS;NPL,0,,True
BRCA,CAMP_BRCA1_Terunuma,04_ROBUSTNESS,20260921T112611Z_metabolite318_paired_v1,metabolite318_paired_v1,paired_processed,KEGG:C00294,inosine,NA,author_paired_case,45,45,mean_paired_difference_author_scale,-0.3641681754942046,-0.6301695506587517,-0.0944827442151055,0.0100657673107995,0.0198814534461754,paired_processed,318.0,DONE,NA,CAMP_processed_original_author_pair_table,16,29,0,0.3555555555555555,0.6444444444444445,45,0,-0.420184128839344,0.0114625708208169,0.0224299489063582,61,47,Unpaired; author supplied processed values; no new transformation,-0.3321595345978991,289.0,746.0,-0.4415458937198067,3839165060.0,45,False,True,29,0.6444444444444445,45,-0.3641681754942046,-0.3321595345978991,-0.4415458937198067,0.0305151682685291,16,29,0,False,True,True,True,True,DOWN,29,0.6444444444444445,True,True,127,121,mapping190_v2,DIRECT_MAPPED,DONE,已建立至少一条直接关系；非穷尽映射。,5,ADA;ADA2;NT5C2;PNP;SLC29A2,0,,True
BRCA,CAMP_BRCA1_Terunuma,04_ROBUSTNESS,20260921T112611Z_metabolite318_paired_v1,metabolite318_paired_v1,paired_processed,KEGG:C02067,pseudouridine,NA,author_paired_case,45,45,mean_paired_difference_author_scale,0.3351192893858976,0.0579380893140959,0.6019856471566346,0.0331872908681703,0.0583069530170064,paired_processed,318.0,DONE,NA,CAMP_processed_original_author_pair_table,29,15,1,0.6444444444444445,0.3333333333333333,36,9,0.467133720326554,0.0248254148861438,0.0446580089013314,61,47,Unpaired; author supplied processed values; no new transformation,0.2188549160307999,678.0,312.0,0.3696969696969697,1450845095.0,44,False,True,29,0.6444444444444445,36,0.1229782787519248,0.1098328958874992,0.1921921921921922,0.3987709701913018,22,14,0,False,True,True,True,False,UP,29,0.6444444444444445,True,True,128,121,mapping190_v2,DIRECT_MAPPED,DONE,已建立至少一条直接关系；非穷尽映射。,1,PUDP,0,,False
BRCA,CAMP_BRCA1_Terunuma,04_ROBUSTNESS,20260921T112611Z_metabolite318_paired_v1,metabolite318_paired_v1,paired_processed,KEGG:C02477,alpha-tocopherol,NA,author_paired_case,45,45,mean_paired_difference_author_scale,-0.5893014573824356,-0.9498754383551676,-0.2285572946390912,0.0032116010643496,0.0076788657027307,paired_processed,318.0,DONE,NA,CAMP_processed_original_author_pair_table,15,29,1,0.3333333333333333,0.6444444444444445,40,5,-0.374654681817457,0.0282397322897199,0.0483680521132437,61,47,Unpaired; author supplied processed values; no new transformation,-0.7479173526389999,242.0,748.0,-0.5111111111111111,2044530701.0,44,False,True,29,0.6444444444444445,40,-0.7288402987697775,-0.794400242518849,-0.6487804878048781,0.002213016632272,12,28,0,False,True,True,True,True,DOWN,29,0.6444444444444445,True,True,129,121,mapping190_v2,DIRECT_MAPPED,DONE,已建立至少一条直接关系；非穷尽映射。,1,CYP4F2,0,,False
BRCA,CAMP_BRCA1_Terunuma,04_ROBUSTNESS,20260921T112611Z_metabolite318_paired_v1,metabolite318_paired_v1,paired_processed,KEGG:C05984,2-hydroxybutyrate (AHB),NA,author_paired_case,45,45,mean_paired_difference_author_scale,0.3455152457000001,0.0232692416589871,0.6688213281821889,0.0335346769214816,0.058593556379292,paired_processed,318.0,DONE,NA,CAMP_processed_original_author_pair_table,29,13,3,0.6444444444444445,0.2888888888888888,27,18,0.334528820705054,0.0663242358374639,0.0975178262085086,61,47,Unpaired; author supplied processed values; no new transformation,0.3508855928081011,622.0,281.0,0.3776301218161683,3057574598.0,42,False,True,29,0.6444444444444445,27,0.2216602959565073,0.2539957851228003,0.2804232804232804,0.2814742163850081,17,10,0,False,True,True,False,False,UP,29,0.6444444444444445,True,True,130,121,mapping190_v2,NAMED_UNRESOLVED,NEEDS_REVIEW,尚未核实精确构型及人类直接底物证据；普通lactate注释不直接外推。,0,,0,,False
BRCA,CAMP_BRCA1_Terunuma,04_ROBUSTNESS,20260921T112611Z_metabolite318_paired_v1,metabolite318_paired_v1,paired_processed,KEGG:C12270,N-acetyl-aspartyl-glutamate (NAAG),NA,author_paired_case,45,45,mean_paired_difference_author_scale,1.0090127856969222,0.5322180814143065,1.4979019850544024,0.0003114058018819,0.0010763809238963,paired_processed,318.0,DONE,NA,CAMP_processed_original_author_pair_table,29,8,8,0.6444444444444445,0.1777777777777777,11,34,0.816129879907186,1.18746973401547e-05,5.38542611764762e-05,61,47,Unpaired; author supplied processed values; no new transformation,0.8428791677090004,591.0,112.0,0.6813655761024182,2852278538.0,37,False,True,29,0.6444444444444445,11,0.5981704426625636,0.0445041376106996,0.3333333333333333,0.4314201956705641,6,5,0,False,True,True,True,True,UP,29,0.6444444444444445,True,True,131,121,mapping190_v2,DIRECT_MAPPED,DONE,已建立至少一条直接关系；非穷尽映射。,1,FOLH1,0,,True
BRCA,CAMP_BRCA1_Terunuma,04_ROBUSTNESS,20260921T112611Z_metabolite318_paired_v1,metabolite318_paired_v1,paired_processed,KEGG:C12600,phenol red,NA,author_paired_case,45,45,mean_paired_difference_author_scale,-0.5759791237772026,-1.113886673894854,-0.0198587651312846,0.0394187177138979,0.0681258273533671,paired_processed,318.0,DONE,NA,CAMP_processed_original_author_pair_table,15,29,1,0.3333333333333333,0.6444444444444445,42,3,-0.413875010426656,0.0140019374433643,0.0269977476452893,61,47,Unpaired; author supplied processed values; no new transformation,-0.5355544224514013,318.0,672.0,-0.3575757575757576,152686210.0,44,False,True,29,0.6444444444444445,42,-0.7896438838207648,-0.6685819116275509,-0.4706533776301218,0.0262822628805752,13,29,0,False,True,True,True,False,DOWN,29,0.6444444444444445,True,True,132,121,mapping190_v2,NAMED_UNRESOLVED,NEEDS_REVIEW,外源指示剂条目；保留差异，需先核实实验来源和身份，不作为内源人类代谢酶底物推断。,0,,0,,False
BRCA,CAMP_BRCA1_Terunuma,04_ROBUSTNESS,20260921T112611Z_metabolite318_paired_v1,metabolite318_paired_v1,paired_processed,KEGG:C16534,docosatrienoate (22:3n3),NA,author_paired_case,45,45,mean_paired_difference_author_scale,1.447362472253262,0.785402419774939,2.0662872161310597,0.0003703418795496,0.0012017216091508,paired_processed,318.0,DONE,NA,CAMP_processed_original_author_pair_table,29,8,8,0.6444444444444445,0.1777777777777777,11,34,0.711516997911511,0.0002159579517678,0.0006264726168399,61,47,Unpaired; author supplied processed values; no new transformation,1.557206097149999,588.0,115.0,0.6728307254623044,3309912858.0,37,False,True,29,0.6444444444444445,11,1.4399763825222,1.5354588570000995,0.7272727272727273,0.0749030697494448,8,3,0,False,True,True,True,True,UP,29,0.6444444444444445,True,True,133,121,mapping190_v2,NAMED_UNRESOLVED,NEEDS_REVIEW,已核查相关人类蛋白反应注释，但未取得该具体脂肪酸/脂质分子种、位置或构型的充分直接关系；不以通路/家族成员替代。,0,,0,,False
BRCA,CAMP_BRCA1_Terunuma,04_ROBUSTNESS,20260921T112611Z_metabolite318_paired_v1,metabolite318_paired_v1,paired_processed,NAME:13(S)-HODE (prev. X - 11560),13(S)-HODE (prev. X - 11560),NA,author_paired_case,45,45,mean_paired_difference_author_scale,-0.3635196862672423,-0.738639170149612,0.043760204049484,0.0410478000551906,0.0701784968685517,paired_processed,318.0,DONE,NA,CAMP_processed_original_author_pair_table,16,29,0,0.3555555555555555,0.6444444444444445,44,1,-0.353914230568558,0.0215041567465479,0.0401277291509255,61,47,Unpaired; author supplied processed values; no new transformation,-0.3671757051852999,336.0,699.0,-0.3507246376811594,2567861713.0,45,False,True,29,0.6444444444444445,44,-0.29408446596055,-0.341485540638951,-0.3232323232323232,0.1140096085592628,16,28,0,False,True,True,True,False,DOWN,29,0.6444444444444445,True,True,134,121,mapping190_v2,NAMED_UNRESOLVED,NEEDS_REVIEW,ALOX15直接产物为13(S)-HpODE，不等于还原后的HODE；本轮未建立精确一步人类关系。,0,,0,,False
BRCA,CAMP_BRCA1_Terunuma,04_ROBUSTNESS,20260921T112611Z_metabolite318_paired_v1,metabolite318_paired_v1,paired_processed,NAME:X - 12051,X - 12051,NA,author_paired_case,45,45,mean_paired_difference_author_scale,0.4712967484802311,0.0762402835996762,0.8526002560673274,0.0293690199862454,0.0521751304783577,paired_processed,318.0,DONE,NA,CAMP_processed_original_author_pair_table,29,16,0,0.6444444444444445,0.3555555555555555,41,4,0.563864166274524,0.0022964797843086,0.0056020188677832,61,47,Unpaired; author supplied processed values; no new transformation,0.635131592134698,711.0,324.0,0.3739130434782609,2147010039.0,45,False,True,29,0.6444444444444445,41,0.3988544986176829,0.5280337465468996,0.3333333333333333,0.1149765563432957,26,15,0,False,True,True,True,False,UP,29,0.6444444444444445,True,True,135,121,mapping190_v2,UNKNOWN_FEATURE,NEEDS_REVIEW,未知特征不猜身份或基因。,0,,0,,False
BRCA,CAMP_BRCA1_Terunuma,04_ROBUSTNESS,20260921T112611Z_metabolite318_paired_v1,metabolite318_paired_v1,paired_processed,NAME:X - 14147,X - 14147,NA,author_paired_case,45,45,mean_paired_difference_author_scale,0.9383025106633908,0.5297552674636321,1.344857984299339,0.0003237106382063,0.0010835787678907,paired_processed,318.0,DONE,NA,CAMP_processed_original_author_pair_table,29,11,5,0.6444444444444445,0.2444444444444444,16,29,0.611081547927607,0.0159890080881711,0.0304642639313083,61,47,Unpaired; author supplied processed values; no new transformation,0.9215724714951,678.0,142.0,0.6536585365853659,242611405.0,40,False,True,29,0.6444444444444445,16,-0.2743488966601249,-0.4631124066828995,-0.4705882352941176,0.1672176728009227,6,10,0,False,False,True,True,True,UP,29,0.6444444444444445,True,True,136,121,mapping190_v2,UNKNOWN_FEATURE,NEEDS_REVIEW,未知特征不猜身份或基因。,0,,0,,False
BRCA,CAMP_BRCA1_Terunuma,04_ROBUSTNESS,20260921T112611Z_metabolite318_paired_v1,metabolite318_paired_v1,paired_processed,NAME:X - 4015,X - 4015,NA,author_paired_case,45,45,mean_paired_difference_author_scale,0.7082930683218401,0.1443324983125662,1.2586732508137255,0.0094278496621049,0.0188556993242099,paired_processed,318.0,DONE,NA,CAMP_processed_original_author_pair_table,29,16,0,0.6444444444444445,0.3555555555555555,37,8,0.44333653457615,0.0151064044942055,0.0289539419472272,61,47,Unpaired; author supplied processed values; no new transformation,0.9169923897079002,748.0,287.0,0.4454106280193237,369334950.0,45,False,True,29,0.6444444444444445,37,0.2289248615427216,0.3544280689941015,0.2432432432432432,0.2726109796006263,21,16,0,False,True,True,True,True,UP,29,0.6444444444444445,True,True,137,121,mapping190_v2,UNKNOWN_FEATURE,NEEDS_REVIEW,未知特征不猜身份或基因。,0,,0,,False
BRCA,CAMP_BRCA1_Terunuma,04_ROBUSTNESS,20260921T112611Z_metabolite318_paired_v1,metabolite318_paired_v1,paired_processed,HMDB:HMDB61696,1-stearoyl-GPI (18:0),NA,author_paired_case,45,45,mean_paired_difference_author_scale,0.5636581823399822,0.041467765573678,1.0954658223235558,0.0469967297025749,0.0790738626741737,paired_processed,318.0,DONE,NA,CAMP_processed_original_author_pair_table,28,15,2,0.6222222222222222,0.3333333333333333,25,20,0.509546112712579,0.0216498239687732,0.0401277291509255,61,47,Unpaired; author supplied processed values; no new transformation,0.3538198664391991,638.0,308.0,0.3488372093023256,4123971419.0,43,False,True,28,0.6222222222222222,25,0.2439279093959681,0.1534344529517,0.2123076923076923,0.4415325030477769,15,10,0,False,True,True,True,False,UP,28,0.6222222222222222,True,True,138,138,mapping190_v2,NAMED_UNRESOLVED,NEEDS_REVIEW,已核查相关人类蛋白反应注释，但未取得该具体脂肪酸/脂质分子种、位置或构型的充分直接关系；不以通路/家族成员替代。,0,,0,,False
BRCA,CAMP_BRCA1_Terunuma,04_ROBUSTNESS,20260921T112611Z_metabolite318_paired_v1,metabolite318_paired_v1,paired_processed,KEGG:C00095,fructose,NA,author_paired_case,45,45,mean_paired_difference_author_scale,0.7775838671169044,0.3579794716451346,1.2161746184915023,0.0017332941908063,0.004671080954885,paired_processed,318.0,DONE,NA,CAMP_processed_original_author_pair_table,28,10,7,0.6222222222222222,0.2222222222222222,14,31,0.53615495468509,0.0027433253953,0.0062648991296924,61,47,Unpaired; author supplied processed values; no new transformation,0.5132797234782984,587.0,154.0,0.5843454790823212,2855963965.0,38,False,True,28,0.6222222222222222,14,0.1334587530481284,0.2055550453616996,0.1428571428571428,0.7428893617692265,7,7,0,False,True,True,True,True,UP,28,0.6222222222222222,True,True,139,138,mapping190_v2,DIRECT_MAPPED,DONE,已建立至少一条直接关系；非穷尽映射。,2,KHK;SORD,0,,True
BRCA,CAMP_BRCA1_Terunuma,04_ROBUSTNESS,20260921T112611Z_metabolite318_paired_v1,metabolite318_paired_v1,paired_processed,KEGG:C00153,nicotinamide,NA,author_paired_case,45,45,mean_paired_difference_author_scale,0.4169560309513402,0.1372613406240589,0.7097219688243094,0.006981511825401,0.0144163685745295,paired_processed,318.0,DONE,NA,CAMP_processed_original_author_pair_table,28,17,0,0.6222222222222222,0.3777777777777777,40,5,0.67848523520744,0.0006903174362311,0.0017925985037615,61,47,Unpaired; author supplied processed values; no new transformation,0.5702289011052031,757.0,278.0,0.4628019323671498,3138989339.0,45,False,True,28,0.6222222222222222,40,0.3836663493525251,0.5556948380632019,0.5146341463414634,0.0174432172822329,25,15,0,False,True,True,True,True,UP,28,0.6222222222222222,True,True,140,138,mapping190_v2,DIRECT_MAPPED,DONE,已建立至少一条直接关系；非穷尽映射。,3,NAMPT;NNMT;SLC29A2,0,,True
BRCA,CAMP_BRCA1_Terunuma,04_ROBUSTNESS,20260921T112611Z_metabolite318_paired_v1,metabolite318_paired_v1,paired_processed,KEGG:C00257,gluconate,NA,author_paired_case,45,45,mean_paired_difference_author_scale,1.3012122972418785,0.4787287105605041,2.0405433316122337,0.0017725221619049,0.004697183729048,paired_processed,318.0,DONE,NA,CAMP_processed_original_author_pair_table,28,14,3,0.6222222222222222,0.3111111111111111,21,24,0.606267324486518,0.0114936073588481,0.0224299489063582,61,47,Unpaired; author supplied processed values; no new transformation,1.723961806213001,702.0,201.0,0.5548172757475083,2739709622.0,42,False,True,28,0.6222222222222222,21,0.5565031594485003,-0.0336323179921009,0.1861471861471861,0.5585337628827356,10,11,0,False,True,True,True,True,UP,28,0.6222222222222222,True,True,141,138,mapping190_v2,DIRECT_MAPPED,DONE,已建立至少一条直接关系；非穷尽映射。,1,IDNK,0,,True
BRCA,CAMP_BRCA1_Terunuma,04_ROBUSTNESS,20260921T112611Z_metabolite318_paired_v1,metabolite318_paired_v1,paired_processed,KEGG:C10172,stachydrine,NA,author_paired_case,45,45,mean_paired_difference_author_scale,0.4738006903041842,0.1421801253579032,0.8403939051756043,0.0035573708444532,0.0084421188696725,paired_processed,318.0,DONE,NA,CAMP_processed_original_author_pair_table,28,10,7,0.6222222222222222,0.2222222222222222,29,16,0.368572269598653,0.0484237515735145,0.0753258357810225,61,47,Unpaired; author supplied processed values; no new transformation,0.1857806446768997,572.0,169.0,0.543859649122807,3332037741.0,38,False,True,28,0.6222222222222222,29,0.2019919862059446,0.1857806446768997,0.3977011494252873,0.1140096085592628,20,9,0,False,True,True,False,True,UP,28,0.6222222222222222,True,True,142,138,mapping190_v2,DIRECT_MAPPED,DONE,已建立至少一条直接关系；非穷尽映射。,1,SLC22A4,0,,False
BRCA,CAMP_BRCA1_Terunuma,04_ROBUSTNESS,20260921T112611Z_metabolite318_paired_v1,metabolite318_paired_v1,paired_processed,NAME:X - 12465,X - 12465,NA,author_paired_case,45,45,mean_paired_difference_author_scale,0.5482723977902489,0.1140653954565085,0.9659035325862746,0.0246897414675809,0.0453834554143973,paired_processed,318.0,DONE,NA,CAMP_processed_original_author_pair_table,28,17,0,0.6222222222222222,0.3777777777777777,35,10,0.663770948406499,0.0028523189028419,0.0064679344134866,61,47,Unpaired; author supplied processed values; no new transformation,0.6815561192383015,717.0,318.0,0.3855072463768116,322419648.0,45,False,True,28,0.6222222222222222,35,0.2893650993315457,0.3452251100840975,0.2063492063492063,0.373834949849922,19,16,0,False,True,True,True,True,UP,28,0.6222222222222222,True,True,143,138,mapping190_v2,UNKNOWN_FEATURE,NEEDS_REVIEW,未知特征不猜身份或基因。,0,,0,,False
BRCA,CAMP_BRCA1_Terunuma,04_ROBUSTNESS,20260921T112611Z_metabolite318_paired_v1,metabolite318_paired_v1,paired_processed,NAME:X - 13414,X - 13414,NA,author_paired_case,45,45,mean_paired_difference_author_scale,1.5060839090018,0.9286438446666144,2.1091261920910056,3.963438468559776e-05,0.0001826628163771,paired_processed,318.0,DONE,NA,CAMP_processed_original_author_pair_table,28,5,12,0.6222222222222222,0.1111111111111111,6,39,1.02799889403159,3.93020104069099e-07,2.48142104922059e-06,61,47,Unpaired; author supplied processed values; no new transformation,1.0357202996782997,511.0,50.0,0.82174688057041,3044648594.0,33,False,True,28,0.6222222222222222,6,NA,NA,NA,NA,4,2,0,False,False,True,True,True,UP,28,0.6222222222222222,True,True,144,138,mapping190_v2,UNKNOWN_FEATURE,NEEDS_REVIEW,未知特征不猜身份或基因。,0,,0,,False
BRCA,CAMP_BRCA1_Terunuma,04_ROBUSTNESS,20260921T112611Z_metabolite318_paired_v1,metabolite318_paired_v1,paired_processed,NAME:X - 13418,X - 13418,NA,author_paired_case,45,45,mean_paired_difference_author_scale,1.5436232945807002,0.9492102035712476,2.1032900770213465,6.136656007844973e-05,0.0002673228233554,paired_processed,318.0,DONE,NA,CAMP_processed_original_author_pair_table,28,3,14,0.6222222222222222,0.0666666666666666,5,40,0.871244473179376,2.13947922757512e-05,8.50509026270602e-05,61,47,Unpaired; author supplied processed values; no new transformation,1.3134522987775004,453.0,43.0,0.8266129032258065,3201258682.0,31,False,True,28,0.6222222222222222,5,NA,NA,NA,NA,4,1,0,False,False,True,True,True,UP,28,0.6222222222222222,True,True,145,138,mapping190_v2,UNKNOWN_FEATURE,NEEDS_REVIEW,未知特征不猜身份或基因。,0,,0,,False
BRCA,CAMP_BRCA1_Terunuma,04_ROBUSTNESS,20260921T112611Z_metabolite318_paired_v1,metabolite318_paired_v1,paired_processed,NAME:X - 15164,X - 15164,NA,author_paired_case,45,45,mean_paired_difference_author_scale,0.6739470981141847,0.2677567977159237,1.0524326597613607,0.001244564240678,0.0035979220775965,paired_processed,318.0,DONE,NA,CAMP_processed_original_author_pair_table,28,9,8,0.6222222222222222,0.2,13,32,0.539262663711769,0.0027165911916043,0.0062481597406899,61,47,Unpaired; author supplied processed values; no new transformation,0.8622472705877016,566.0,137.0,0.6102418207681366,851624062.0,37,False,True,28,0.6222222222222222,13,-0.1121295008557849,0.0004926524244996,-0.0769230769230769,0.884533220489632,7,6,0,False,False,True,True,True,UP,28,0.6222222222222222,True,True,146,138,mapping190_v2,UNKNOWN_FEATURE,NEEDS_REVIEW,未知特征不猜身份或基因。,0,,0,,False
BRCA,CAMP_BRCA1_Terunuma,04_ROBUSTNESS,20260921T112611Z_metabolite318_paired_v1,metabolite318_paired_v1,paired_processed,KEGG:C01179,4-hydroxyphenylpyruvate,NA,author_paired_case,45,45,mean_paired_difference_author_scale,0.8592897215909687,0.404547992247844,1.3257581869949493,0.0016623567287291,0.0045182003396227,paired_processed,318.0,DONE,NA,CAMP_processed_original_author_pair_table,27,6,12,0.6,0.1333333333333333,6,39,0.707301954354599,0.0002244555233174,0.0006453096295377,61,47,Unpaired; author supplied processed values; no new transformation,0.5937629050432012,457.0,104.0,0.6292335115864528,4184297371.0,33,False,True,27,0.6,6,NA,NA,NA,NA,5,1,0,False,False,True,True,True,UP,27,0.6,True,True,147,147,mapping190_v2,DIRECT_MAPPED,DONE,已建立至少一条直接关系；非穷尽映射。,2,HPD;TAT,0,,True
BRCA,CAMP_BRCA1_Terunuma,04_ROBUSTNESS,20260921T112611Z_metabolite318_paired_v1,metabolite318_paired_v1,paired_processed,KEGG:C01620,threonate,NA,author_paired_case,45,45,mean_paired_difference_author_scale,0.6380580555257067,0.0880774365352861,1.1525685434785695,0.0432276213688852,0.0735100727021685,paired_processed,318.0,DONE,NA,CAMP_processed_original_author_pair_table,27,14,4,0.6,0.3111111111111111,17,28,0.39296135816894,0.025888098380514,0.0455517359482268,61,47,Unpaired; author supplied processed values; no new transformation,1.1450303706591,587.0,274.0,0.3635307781649245,4038022386.0,41,False,True,27,0.6,17,-0.1528838623387296,-0.1639474005843997,-0.1111111111111111,0.7808201146308783,8,9,0,False,False,True,True,False,UP,27,0.6,True,True,148,147,mapping190_v2,NAMED_UNRESOLVED,NEEDS_REVIEW,命中的降解酶主要来自细菌；不将其作为人类基因关系。,0,,0,,False
BRCA,CAMP_BRCA1_Terunuma,04_ROBUSTNESS,20260921T112611Z_metabolite318_paired_v1,metabolite318_paired_v1,paired_processed,KEGG:C01762,xanthosine,NA,author_paired_case,45,45,mean_paired_difference_author_scale,0.6499692682929532,0.23723355277187,1.0460262629596804,0.0049244900562294,0.0107704341051422,paired_processed,318.0,DONE,NA,CAMP_processed_original_author_pair_table,27,12,6,0.6,0.2666666666666666,20,25,0.553497164930295,0.0033499326006635,0.0073882075165318,61,47,Unpaired; author supplied processed values; no new transformation,0.6979013201350988,592.0,188.0,0.517948717948718,1872432565.0,39,False,True,27,0.6,20,0.0276396065199796,-0.3053883979840499,-0.0285714285714285,0.9545641627681694,9,11,0,False,True,True,True,True,UP,27,0.6,True,True,149,147,mapping190_v2,DIRECT_MAPPED,DONE,已建立至少一条直接关系；非穷尽映射。,1,NT5C2,0,,False
BRCA,CAMP_BRCA1_Terunuma,04_ROBUSTNESS,20260921T112611Z_metabolite318_paired_v1,metabolite318_paired_v1,paired_processed,KEGG:C01835,maltotriose,NA,author_paired_case,45,45,mean_paired_difference_author_scale,1.3698089863720868,0.7165953193969918,2.022616510866696,0.000330337917114,0.0010942443504403,paired_processed,318.0,DONE,NA,CAMP_processed_original_author_pair_table,27,7,11,0.6,0.1555555555555555,10,35,0.8609818160314,1.68932784710952e-05,7.06446190609436e-05,61,47,Unpaired; author supplied processed values; no new transformation,0.8566879333409005,508.0,87.0,0.7075630252100841,249373524.0,34,False,True,27,0.6,10,0.6491969135247897,0.2296370682281496,0.2363636363636363,0.628046598475298,6,4,0,False,True,True,True,True,UP,27,0.6,True,True,150,147,mapping190_v2,DIRECT_MAPPED,DONE,已建立至少一条直接关系；非穷尽映射。,1,MGAM,0,,True
BRCA,CAMP_BRCA1_Terunuma,04_ROBUSTNESS,20260921T112611Z_metabolite318_paired_v1,metabolite318_paired_v1,paired_processed,KEGG:C02261,2-aminobutyrate,NA,author_paired_case,45,45,mean_paired_difference_author_scale,-0.226292276131158,-0.4065404248913837,-0.038616043106716,0.0293690199862454,0.0521751304783577,paired_processed,318.0,DONE,NA,CAMP_processed_original_author_pair_table,18,27,0,0.4,0.6,42,3,-0.324658275012335,0.0579271651818829,0.0869285058408384,61,47,Unpaired; author supplied processed values; no new transformation,-0.2191290340107006,324.0,711.0,-0.3739130434782609,3173471762.0,45,False,True,27,0.6,42,-0.2432871291922455,-0.2648079929545011,-0.4197120708748615,0.0457724423671394,16,26,0,False,True,True,False,False,DOWN,27,0.6,True,True,151,147,mapping190_v2,NAMED_UNRESOLVED,NEEDS_REVIEW,未核实氨基酸构型及底物特异性；泛转氨反应不作为充分直接证据。,0,,0,,False
BRCA,CAMP_BRCA1_Terunuma,04_ROBUSTNESS,20260921T112611Z_metabolite318_paired_v1,metabolite318_paired_v1,paired_processed,KEGG:C07326,"1,5-anhydroglucitol (1,5-AG)",NA,author_paired_case,45,45,mean_paired_difference_author_scale,0.4903224809632597,0.0870684634247063,0.8843955741105706,0.0160675400920717,0.0309665318138109,paired_processed,318.0,DONE,NA,CAMP_processed_original_author_pair_table,27,11,7,0.6,0.2444444444444444,14,31,0.551811318992495,0.0040814513567496,0.0088203176971367,61,47,Unpaired; author supplied processed values; no new transformation,0.3559609805072004,537.0,204.0,0.4493927125506073,2106340895.0,38,False,True,27,0.6,14,-0.5133930467281286,-0.6394772870217498,-0.6571428571428571,0.068310660419679,5,9,0,False,False,True,True,True,UP,27,0.6,True,True,152,147,mapping190_v2,DIRECT_MAPPED,DONE,已建立至少一条直接关系；非穷尽映射。,1,SLC5A10,0,,False
BRCA,CAMP_BRCA1_Terunuma,04_ROBUSTNESS,20260921T112611Z_metabolite318_paired_v1,metabolite318_paired_v1,paired_processed,NAME:2-arachidonoylglycerophosphoethanolamine,2-arachidonoylglycerophosphoethanolamine,NA,author_paired_case,45,45,mean_paired_difference_author_scale,0.5740944628445448,0.1613560897553924,1.001868396818416,0.0152316592719597,0.0295345588322146,paired_processed,318.0,DONE,NA,CAMP_processed_original_author_pair_table,27,18,0,0.6,0.4,44,1,0.396679955652239,0.0370503159786462,0.0593542375379308,61,47,Unpaired; author supplied processed values; no new transformation,0.9166359454656005,733.0,302.0,0.4164251207729468,614859008.0,45,False,True,27,0.6,44,0.5173565355143593,0.7178772547287515,0.3898989898989899,0.0573009150704556,26,18,0,False,True,True,False,True,UP,27,0.6,True,True,153,147,mapping190_v2,NAMED_UNRESOLVED,NEEDS_REVIEW,已核查相关人类蛋白反应注释，但未取得该具体脂肪酸/脂质分子种、位置或构型的充分直接关系；不以通路/家族成员替代。,0,,0,,False
BRCA,CAMP_BRCA1_Terunuma,04_ROBUSTNESS,20260921T112611Z_metabolite318_paired_v1,metabolite318_paired_v1,paired_processed,NAME:X - 11861,X - 11861,NA,author_paired_case,45,45,mean_paired_difference_author_scale,-0.3384924858268398,-0.6171500479368968,-0.0527552990045032,0.0302188510484134,0.0533866368521971,paired_processed,318.0,DONE,NA,CAMP_processed_original_author_pair_table,18,27,0,0.4,0.6,31,14,-0.390594251233648,0.0388026754097723,0.0615490713396389,61,47,Unpaired; author supplied processed values; no new transformation,-0.3722506484389001,325.0,710.0,-0.3719806763285024,3524858069.0,45,False,True,27,0.6,31,-0.7289482281612354,-0.8017840195556012,-0.8387096774193549,0.0003867077365234,5,26,0,False,True,True,False,False,DOWN,27,0.6,True,True,154,147,mapping190_v2,UNKNOWN_FEATURE,NEEDS_REVIEW,未知特征不猜身份或基因。,0,,0,,False
BRCA,CAMP_BRCA1_Terunuma,04_ROBUSTNESS,20260921T112611Z_metabolite318_paired_v1,metabolite318_paired_v1,paired_processed,NAME:X - 12100,X - 12100,NA,author_paired_case,45,45,mean_paired_difference_author_scale,0.575989531381038,0.2298097166410002,0.957162934769782,0.0056119064853167,0.0120580152860183,paired_processed,318.0,DONE,NA,CAMP_processed_original_author_pair_table,27,7,11,0.6,0.1555555555555555,11,34,0.613435606121536,0.0003375869617091,0.0009535351023715,61,47,Unpaired; author supplied processed values; no new transformation,0.3565073139886987,460.0,135.0,0.5462184873949579,1463651284.0,34,False,True,27,0.6,11,-0.0926682764671453,0.0173450139179003,-0.1515151515151515,0.7662398417177653,6,5,0,False,False,True,True,True,UP,27,0.6,True,True,155,147,mapping190_v2,UNKNOWN_FEATURE,NEEDS_REVIEW,未知特征不猜身份或基因。,0,,0,,False
BRCA,CAMP_BRCA1_Terunuma,04_ROBUSTNESS,20260921T112611Z_metabolite318_paired_v1,metabolite318_paired_v1,paired_processed,NAME:X - 12797,X - 12797,NA,author_paired_case,45,45,mean_paired_difference_author_scale,0.935984646547451,0.6061830791731484,1.2761280405570017,1.95112926464238e-05,0.0001051625603654,paired_processed,318.0,DONE,NA,CAMP_processed_original_author_pair_table,27,6,12,0.6,0.1333333333333333,8,37,1.04793272171546,1.85348010399699e-07,1.53030921406931e-06,61,47,Unpaired; author supplied processed values; no new transformation,1.1057096490799,520.0,41.0,0.8538324420677362,291210391.0,33,False,True,27,0.6,8,-0.0039674634627628,-0.1249514745685003,-0.1666666666666666,0.7893223051965881,3,5,0,True,False,True,True,True,UP,27,0.6,True,True,156,147,mapping190_v2,UNKNOWN_FEATURE,NEEDS_REVIEW,未知特征不猜身份或基因。,0,,0,,False
BRCA,CAMP_BRCA1_Terunuma,04_ROBUSTNESS,20260921T112611Z_metabolite318_paired_v1,metabolite318_paired_v1,paired_processed,NAME:X - 12854,X - 12854,NA,author_paired_case,45,45,mean_paired_difference_author_scale,-0.564418897009598,-1.0087003905809024,-0.1544955192258185,0.0399433368090845,0.0686593573258858,paired_processed,318.0,DONE,NA,CAMP_processed_original_author_pair_table,18,27,0,0.4,0.6,44,1,-0.509779770631949,0.0373323492064912,0.0595099823984662,61,47,Unpaired; author supplied processed values; no new transformation,-0.1275443246581993,335.0,700.0,-0.3526570048309179,2735418059.0,45,False,True,27,0.6,44,-0.4580763379195275,-0.1192985717135499,-0.3232323232323232,0.1140096085592628,18,26,0,False,True,True,False,False,DOWN,27,0.6,True,True,157,147,mapping190_v2,UNKNOWN_FEATURE,NEEDS_REVIEW,未知特征不猜身份或基因。,0,,0,,False
BRCA,CAMP_BRCA1_Terunuma,04_ROBUSTNESS,20260921T112611Z_metabolite318_paired_v1,metabolite318_paired_v1,paired_processed,NAME:X - 13396,X - 13396,NA,author_paired_case,45,45,mean_paired_difference_author_scale,0.9963744834177244,0.4538548573202537,1.560740568238946,0.0015622996523489,0.004320098169104,paired_processed,318.0,DONE,NA,CAMP_processed_original_author_pair_table,27,7,11,0.6,0.1555555555555555,9,36,0.560797248490043,0.002356202939584,0.0057044913274139,61,47,Unpaired; author supplied processed values; no new transformation,0.6466948745517005,483.0,112.0,0.6235294117647059,939072459.0,34,False,True,27,0.6,9,0.6582853841587222,0.7552612301017998,0.4666666666666667,0.3148492936288705,6,3,0,True,True,True,True,True,UP,27,0.6,True,True,158,147,mapping190_v2,UNKNOWN_FEATURE,NEEDS_REVIEW,未知特征不猜身份或基因。,0,,0,,False
BRCA,CAMP_BRCA1_Terunuma,04_ROBUSTNESS,20260921T112611Z_metabolite318_paired_v1,metabolite318_paired_v1,paired_processed,NAME:X - 15117,X - 15117,NA,author_paired_case,45,45,mean_paired_difference_author_scale,0.5536643179251997,0.1366240163137312,0.9540764673508836,0.020997493455018,0.039277664227622,paired_processed,318.0,DONE,NA,CAMP_processed_original_author_pair_table,27,7,11,0.6,0.1555555555555555,5,40,0.511491116137774,0.0028800215627418,0.0064850835189012,61,47,Unpaired; author supplied processed values; no new transformation,0.3969136046398009,433.0,162.0,0.4554621848739495,848540793.0,34,False,True,27,0.6,5,NA,NA,NA,NA,4,1,0,False,False,True,True,True,UP,27,0.6,True,True,159,147,mapping190_v2,UNKNOWN_FEATURE,NEEDS_REVIEW,未知特征不猜身份或基因。,0,,0,,False
BRCA,CAMP_BRCA1_Terunuma,04_ROBUSTNESS,20260921T112611Z_metabolite318_paired_v1,metabolite318_paired_v1,paired_processed,HMDB:HMDB00736,isobutyrylcarnitine,NA,author_paired_case,45,45,mean_paired_difference_author_scale,-0.5813034948723179,-1.0839960056637885,-0.1044476600877797,0.0279739067210083,0.0502582052953708,paired_processed,318.0,DONE,NA,CAMP_processed_original_author_pair_table,14,26,5,0.3111111111111111,0.5777777777777777,27,18,-0.37041292757792,0.039023143936535,0.0615953546449229,61,47,Unpaired; author supplied processed values; no new transformation,-0.5444734664832005,246.0,574.0,-0.4,2353293719.0,40,False,True,26,0.5777777777777777,27,-0.4583538942446225,-0.6683891561111999,-0.4814814814814814,0.0642812399492117,9,18,0,False,True,True,False,False,DOWN,26,0.5777777777777777,True,True,160,160,mapping190_v2,DIRECT_MAPPED,DONE,已建立至少一条直接关系；非穷尽映射。,1,CRAT,0,,False
BRCA,CAMP_BRCA1_Terunuma,04_ROBUSTNESS,20260921T112611Z_metabolite318_paired_v1,metabolite318_paired_v1,paired_processed,KEGG:C00013,pyrophosphate (PPi),NA,author_paired_case,45,45,mean_paired_difference_author_scale,1.0419815939416908,0.2723872752862779,1.7840877791526468,0.0124959871541228,0.0245291599692041,paired_processed,318.0,DONE,NA,CAMP_processed_original_author_pair_table,26,9,10,0.5777777777777777,0.2,8,37,0.633294514648949,0.0001587329775097,0.0004867811310299,61,47,Unpaired; author supplied processed values; no new transformation,0.7244856519544989,468.0,162.0,0.4857142857142857,3353569706.0,35,False,True,26,0.5777777777777777,8,-1.5680352205701376,-2.021574849846801,-0.7777777777777778,0.1090821524399163,2,6,0,True,False,True,True,True,UP,26,0.5777777777777777,True,True,161,160,mapping190_v2,DIRECT_MAPPED,DONE,已建立至少一条直接关系；非穷尽映射。,2,PPA1;PPA2,0,,True
BRCA,CAMP_BRCA1_Terunuma,04_ROBUSTNESS,20260921T112611Z_metabolite318_paired_v1,metabolite318_paired_v1,paired_processed,KEGG:C00255,riboflavin (Vitamin B2),NA,author_paired_case,45,45,mean_paired_difference_author_scale,0.624031591345511,0.315987940443528,0.9315126528323644,0.0007629052229073,0.0023072329559909,paired_processed,318.0,DONE,NA,CAMP_processed_original_author_pair_table,26,9,10,0.5777777777777777,0.2,11,34,0.562631990859054,0.0018416658288846,0.0045970263325647,61,47,Unpaired; author supplied processed values; no new transformation,0.5678170793113999,521.0,109.0,0.653968253968254,3081122696.0,35,False,True,26,0.5777777777777777,11,0.0941852855005366,-0.1286621596442998,0.0303030303030303,0.978126474478886,5,6,0,False,True,True,True,True,UP,26,0.5777777777777777,True,True,162,160,mapping190_v2,DIRECT_MAPPED,DONE,已建立至少一条直接关系；非穷尽映射。,1,RFK,0,,True
BRCA,CAMP_BRCA1_Terunuma,04_ROBUSTNESS,20260921T112611Z_metabolite318_paired_v1,metabolite318_paired_v1,paired_processed,KEGG:C00345,6-phosphogluconate,NA,author_paired_case,45,45,mean_paired_difference_author_scale,0.4525476299879602,0.250199686762044,0.6617443767067501,0.000238453630294,0.0008425361603723,paired_processed,318.0,DONE,NA,CAMP_processed_original_author_pair_table,26,5,14,0.5777777777777777,0.1111111111111111,7,38,0.775920683413082,8.91080376426273e-06,4.09896973156086e-05,61,47,Unpaired; author supplied processed values; no new transformation,0.412863859525201,436.0,60.0,0.7580645161290323,3236657346.0,31,False,True,26,0.5777777777777777,7,NA,NA,NA,NA,4,3,0,False,False,True,True,True,UP,26,0.5777777777777777,True,True,163,160,mapping190_v2,DIRECT_MAPPED,DONE,已建立至少一条直接关系；非穷尽映射。,2,IDNK;PGD,0,,True
BRCA,CAMP_BRCA1_Terunuma,04_ROBUSTNESS,20260921T112611Z_metabolite318_paired_v1,metabolite318_paired_v1,paired_processed,KEGG:C00751,squalene,NA,author_paired_case,45,45,mean_paired_difference_author_scale,-1.152288519644362,-1.745210358870752,-0.6056498764142726,0.0006376999754867,0.0019881234529882,paired_processed,318.0,DONE,NA,CAMP_processed_original_author_pair_table,9,26,10,0.2,0.5777777777777777,21,24,-0.54340453904397,0.0050781649904291,0.0105494782381819,61,47,Unpaired; author supplied processed values; no new transformation,-0.3388947933400992,106.0,524.0,-0.6634920634920635,164602955.0,35,False,True,26,0.5777777777777777,21,-0.6934885806517523,-0.5124946711307992,-0.5064935064935064,0.0868161876419863,6,15,0,False,True,True,True,True,DOWN,26,0.5777777777777777,True,True,164,160,mapping190_v2,DIRECT_MAPPED,DONE,已建立至少一条直接关系；非穷尽映射。,2,FDFT1;SQLE,0,,True
BRCA,CAMP_BRCA1_Terunuma,04_ROBUSTNESS,20260921T112611Z_metabolite318_paired_v1,metabolite318_paired_v1,paired_processed,KEGG:C05551,penicillin G,NA,author_paired_case,45,45,mean_paired_difference_author_scale,-0.5735725110035979,-1.0637720968872388,-0.0659550757890007,0.0369518397733445,0.0642113937045003,paired_processed,318.0,DONE,NA,CAMP_processed_original_author_pair_table,15,26,4,0.3333333333333333,0.5777777777777777,36,9,-0.310277324273226,0.0528036957045964,0.0802776747292859,61,47,Unpaired; author supplied processed values; no new transformation,-0.3443672296398006,269.0,592.0,-0.3751451800232288,935321451.0,41,False,True,26,0.5777777777777777,36,-0.7273696754241251,-0.6700675632779021,-0.4204204204204204,0.0629315016396731,13,23,0,False,True,True,False,False,DOWN,26,0.5777777777777777,True,True,165,160,mapping190_v2,NAMED_UNRESOLVED,NEEDS_REVIEW,外源药物条目；需确认暴露/峰身份，暂不按内源癌代谢关系建基因。,0,,0,,False
BRCA,CAMP_BRCA1_Terunuma,04_ROBUSTNESS,20260921T112611Z_metabolite318_paired_v1,metabolite318_paired_v1,paired_processed,KEGG:C17337,7-alpha-hydroxy-3-oxo-4-cholestenoate (7-Hoca),NA,author_paired_case,45,45,mean_paired_difference_author_scale,0.8531803141505558,0.4969298302744633,1.2109807341131296,0.0002167572401803,0.0007850125425685,paired_processed,318.0,DONE,NA,CAMP_processed_original_author_pair_table,26,7,12,0.5777777777777777,0.1555555555555555,9,36,0.704616331476451,0.0001241079358065,0.0003917917189188,61,47,Unpaired; author supplied processed values; no new transformation,0.7158788386525998,488.0,73.0,0.7397504456327986,4179209616.0,33,False,True,26,0.5777777777777777,9,-0.0223641610106223,-0.1011526548088994,-0.0222222222222222,1.0,4,5,0,True,False,True,True,True,UP,26,0.5777777777777777,True,True,166,160,mapping190_v2,CONDITIONAL_ONLY,NEEDS_REVIEW,仅条件性证据，不进入直接基因主池。,0,,1,AKR1D1,False
BRCA,CAMP_BRCA1_Terunuma,04_ROBUSTNESS,20260921T112611Z_metabolite318_paired_v1,metabolite318_paired_v1,paired_processed,KEGG:D01947,1-stearoylglycerol (18:0),NA,author_paired_case,45,45,mean_paired_difference_author_scale,0.9680182163765576,0.4793887478328396,1.425921520940326,0.0008080406830019,0.0024014667027533,paired_processed,318.0,DONE,NA,CAMP_processed_original_author_pair_table,26,12,7,0.5777777777777777,0.2666666666666666,11,34,0.931358546757576,1.2079979695076e-05,5.40243536363121e-05,61,47,Unpaired; author supplied processed values; no new transformation,0.6628154754546003,602.0,139.0,0.6248313090418354,2728918308.0,38,False,True,26,0.5777777777777777,11,0.2886367059095729,-0.0311973701232002,0.2424242424242424,0.5956226403070378,5,6,0,False,True,True,True,True,UP,26,0.5777777777777777,True,True,167,160,mapping190_v2,DIRECT_MAPPED,DONE,已建立至少一条直接关系；非穷尽映射。,2,ABHD12;MGLL,0,,False
BRCA,CAMP_BRCA1_Terunuma,04_ROBUSTNESS,20260921T112611Z_metabolite318_paired_v1,metabolite318_paired_v1,paired_processed,NAME:X - 10500,X - 10500,NA,author_paired_case,45,45,mean_paired_difference_author_scale,0.3677589633251865,0.1513696470144748,0.5848372982166374,0.0030225318825455,0.0072815540806778,paired_processed,318.0,DONE,NA,CAMP_processed_original_author_pair_table,26,13,6,0.5777777777777777,0.2888888888888888,21,24,0.577452798836525,0.0044870683943619,0.009505500151214,61,47,Unpaired; author supplied processed values; no new transformation,0.3156611005430001,603.0,177.0,0.5461538461538461,3576728978.0,39,False,True,26,0.5777777777777777,21,-0.1119782804990239,-0.2327363775260007,-0.3679653679653679,0.2153869828539099,8,13,0,False,False,True,True,True,UP,26,0.5777777777777777,True,True,168,160,mapping190_v2,UNKNOWN_FEATURE,NEEDS_REVIEW,未知特征不猜身份或基因。,0,,0,,False
BRCA,CAMP_BRCA1_Terunuma,04_ROBUSTNESS,20260921T112611Z_metabolite318_paired_v1,metabolite318_paired_v1,paired_processed,KEGG:C02979,glycerol 2-phosphate,NA,author_paired_case,45,45,mean_paired_difference_author_scale,0.8439946428007334,0.444646267413337,1.2550682344227768,0.0003599523864236,0.0011800500915744,paired_processed,318.0,DONE,NA,CAMP_processed_original_author_pair_table,25,4,16,0.5555555555555556,0.0888888888888888,9,36,0.524517260112794,0.00666295515313,0.0134935318195464,61,47,Unpaired; author supplied processed values; no new transformation,0.6095367082811993,383.0,52.0,0.7609195402298851,1445563664.0,29,False,True,25,0.5555555555555556,9,0.6610200930687665,0.6160689184905994,0.8666666666666667,0.0571088579895899,8,1,0,True,True,True,True,True,UP,25,0.5555555555555556,True,True,169,169,mapping190_v2,NAMED_UNRESOLVED,NEEDS_REVIEW,2位与sn-3位不同，不沿用甘油-3-磷酸关系；PGP已核对反应未覆盖2位。,0,,0,,False
BRCA,CAMP_BRCA1_Terunuma,04_ROBUSTNESS,20260921T112611Z_metabolite318_paired_v1,metabolite318_paired_v1,paired_processed,NAME:X - 13068,X - 13068,NA,author_paired_case,45,45,mean_paired_difference_author_scale,-0.5913864111755777,-1.0334855577628366,-0.1539918890306076,0.0183268395424676,0.0346900891339565,paired_processed,318.0,DONE,NA,CAMP_processed_original_author_pair_table,15,25,5,0.3333333333333333,0.5555555555555556,37,8,-0.35191389664647,0.052726708871956,0.0802776747292859,61,47,Unpaired; author supplied processed values; no new transformation,-0.2127934330303986,234.0,586.0,-0.4292682926829268,80954879.0,40,False,True,25,0.5555555555555556,37,-0.5781790122085161,-0.6425158655271019,-0.379800853485064,0.0877821779521392,15,22,0,False,True,True,False,True,DOWN,25,0.5555555555555556,True,True,170,169,mapping190_v2,UNKNOWN_FEATURE,NEEDS_REVIEW,未知特征不猜身份或基因。,0,,0,,False
BRCA,CAMP_BRCA1_Terunuma,04_ROBUSTNESS,20260921T112611Z_metabolite318_paired_v1,metabolite318_paired_v1,paired_processed,NAME:X - 13150,X - 13150,NA,author_paired_case,45,45,mean_paired_difference_author_scale,-0.7434121714799826,-1.1816192318265344,-0.3098203283215402,0.0047149882422462,0.0104122657016272,paired_processed,318.0,DONE,NA,CAMP_processed_original_author_pair_table,14,25,6,0.3111111111111111,0.5555555555555556,36,9,-0.399105735464116,0.024229585070346,0.0438310471497271,61,47,Unpaired; author supplied processed values; no new transformation,-0.1815052124564005,187.0,593.0,-0.5205128205128206,147191686.0,39,False,True,25,0.5555555555555556,36,-0.8033063289653697,-0.5973235969086499,-0.5045045045045045,0.0275067629928003,13,23,0,False,True,True,True,True,DOWN,25,0.5555555555555556,True,True,171,169,mapping190_v2,UNKNOWN_FEATURE,NEEDS_REVIEW,未知特征不猜身份或基因。,0,,0,,False
BRCA,CAMP_BRCA1_Terunuma,04_ROBUSTNESS,20260921T112611Z_metabolite318_paired_v1,metabolite318_paired_v1,paired_processed,NAME:X - 13391,X - 13391,NA,author_paired_case,45,45,mean_paired_difference_author_scale,1.1519497773827867,0.7502723402992225,1.5946895853877394,2.231095699827552e-05,0.0001141467869922,paired_processed,318.0,DONE,NA,CAMP_processed_original_author_pair_table,25,2,18,0.5555555555555556,0.0444444444444444,9,36,0.789797976751434,8.6366419999477e-05,0.0002897676298836,61,47,Unpaired; author supplied processed values; no new transformation,0.7246925214922992,366.0,12.0,0.9365079365079364,3280024003.0,27,False,True,25,0.5555555555555556,9,0.9951980444311224,0.7520935430664988,0.6888888888888889,0.1265200200434366,8,1,0,True,True,True,True,True,UP,25,0.5555555555555556,True,True,172,169,mapping190_v2,UNKNOWN_FEATURE,NEEDS_REVIEW,未知特征不猜身份或基因。,0,,0,,False
BRCA,CAMP_BRCA1_Terunuma,04_ROBUSTNESS,20260921T112611Z_metabolite318_paired_v1,metabolite318_paired_v1,paired_processed,NAME:X - 13413,X - 13413,NA,author_paired_case,45,45,mean_paired_difference_author_scale,1.3044415402984044,0.6860543593359099,1.9173492119754445,0.0007237934953442,0.0022242267912765,paired_processed,318.0,DONE,NA,CAMP_processed_original_author_pair_table,25,6,14,0.5555555555555556,0.1333333333333333,6,39,0.933781066765686,1.70295303656899e-06,9.45432547888299e-06,61,47,Unpaired; author supplied processed values; no new transformation,0.7849781147331996,421.0,75.0,0.6975806451612904,2857948112.0,31,False,True,25,0.5555555555555556,6,NA,NA,NA,NA,3,3,0,False,False,True,True,True,UP,25,0.5555555555555556,True,True,173,169,mapping190_v2,UNKNOWN_FEATURE,NEEDS_REVIEW,未知特征不猜身份或基因。,0,,0,,False
BRCA,CAMP_BRCA1_Terunuma,04_ROBUSTNESS,20260921T112611Z_metabolite318_paired_v1,metabolite318_paired_v1,paired_processed,HMDB:HMDB11741,gamma-glutamyltyrosine,NA,author_paired_case,45,45,mean_paired_difference_author_scale,0.5696619361636333,0.1958284971610642,0.923625789725652,0.0042610487336435,0.0097482985417169,paired_processed,318.0,DONE,NA,CAMP_processed_original_author_pair_table,24,11,10,0.5333333333333333,0.2444444444444444,15,30,0.549992372591943,0.0055993426366011,0.0115576174934972,61,47,Unpaired; author supplied processed values; no new transformation,0.4547621706847984,490.0,140.0,0.5555555555555556,3807922125.0,35,False,True,24,0.5333333333333333,15,-0.6294300146107267,-0.9164566155768998,-0.7,0.0461330483123173,4,11,0,False,False,True,True,True,UP,24,0.5333333333333333,True,True,174,174,mapping190_v2,CONDITIONAL_ONLY,NEEDS_REVIEW,仅条件性证据，不进入直接基因主池。,0,,1,GGCT,False
BRCA,CAMP_BRCA1_Terunuma,04_ROBUSTNESS,20260921T112611Z_metabolite318_paired_v1,metabolite318_paired_v1,paired_processed,NAME:X - 11315,X - 11315,NA,author_paired_case,45,45,mean_paired_difference_author_scale,0.4625350457792133,0.093616839191877,0.830668325416512,0.0260260953469078,0.0472931332589525,paired_processed,318.0,DONE,NA,CAMP_processed_original_author_pair_table,24,15,6,0.5333333333333333,0.3333333333333333,19,26,0.409235451061852,0.0528536243559274,0.0802776747292859,61,47,Unpaired; author supplied processed values; no new transformation,0.099336933906601,550.0,230.0,0.4102564102564102,788147519.0,39,False,True,24,0.5333333333333333,19,-0.2505373042508367,-0.1402248192582007,-0.3578947368421052,0.2459381697161902,7,12,0,False,False,True,False,True,UP,24,0.5333333333333333,True,True,175,174,mapping190_v2,UNKNOWN_FEATURE,NEEDS_REVIEW,未知特征不猜身份或基因。,0,,0,,False
BRCA,CAMP_BRCA1_Terunuma,04_ROBUSTNESS,20260921T112611Z_metabolite318_paired_v1,metabolite318_paired_v1,paired_processed,NAME:X - 12462,X - 12462,NA,author_paired_case,45,45,mean_paired_difference_author_scale,0.6536069809277025,0.1992161657175386,1.0905829125038105,0.0089027334347418,0.0179181596977715,paired_processed,318.0,DONE,NA,CAMP_processed_original_author_pair_table,24,10,11,0.5333333333333333,0.2222222222222222,15,30,0.503522588962834,0.0025737631835815,0.0060054474283569,61,47,Unpaired; author supplied processed values; no new transformation,0.5641046375511998,451.0,144.0,0.5159663865546219,2974542123.0,34,False,True,24,0.5333333333333333,15,-0.1606207450845067,-0.2926927984723999,-0.1833333333333333,0.6346768961439128,6,9,0,False,False,True,True,True,UP,24,0.5333333333333333,True,True,176,174,mapping190_v2,UNKNOWN_FEATURE,NEEDS_REVIEW,未知特征不猜身份或基因。,0,,0,,False
BRCA,CAMP_BRCA1_Terunuma,04_ROBUSTNESS,20260921T112611Z_metabolite318_paired_v1,metabolite318_paired_v1,paired_processed,NAME:X - 13417,X - 13417,NA,author_paired_case,45,45,mean_paired_difference_author_scale,0.919077238295789,0.3627032163137818,1.476005797852084,0.0036132823124762,0.0084487042306429,paired_processed,318.0,DONE,NA,CAMP_processed_original_author_pair_table,24,7,14,0.5333333333333333,0.1555555555555555,17,28,0.642513744454691,0.0004949512664297,0.0013281192315864,61,47,Unpaired; author supplied processed values; no new transformation,0.0748921005019003,397.0,99.0,0.6008064516129032,2308480658.0,31,False,True,24,0.5333333333333333,17,0.4606386142614,0.7415754021114989,0.4117647058823529,0.214315090752091,12,5,0,False,True,True,True,True,UP,24,0.5333333333333333,True,True,177,174,mapping190_v2,UNKNOWN_FEATURE,NEEDS_REVIEW,未知特征不猜身份或基因。,0,,0,,False
BRCA,CAMP_BRCA1_Terunuma,04_ROBUSTNESS,20260921T112611Z_metabolite318_paired_v1,metabolite318_paired_v1,paired_processed,NAME:X - 8889,X - 8889,NA,author_paired_case,45,45,mean_paired_difference_author_scale,0.9368261978499468,0.4571878913626241,1.3986889601150951,0.0011030770980142,0.003247949233042,paired_processed,318.0,DONE,NA,CAMP_processed_original_author_pair_table,24,7,14,0.5333333333333333,0.1555555555555555,5,40,0.880488361323205,2.37298340627708e-05,9.20603200989422e-05,61,47,Unpaired; author supplied processed values; no new transformation,0.870035349613401,415.0,81.0,0.6733870967741935,3943883927.0,31,False,True,24,0.5333333333333333,5,NA,NA,NA,NA,2,3,0,False,False,True,True,True,UP,24,0.5333333333333333,True,True,178,174,mapping190_v2,UNKNOWN_FEATURE,NEEDS_REVIEW,未知特征不猜身份或基因。,0,,0,,False
BRCA,CAMP_BRCA1_Terunuma,04_ROBUSTNESS,20260921T112611Z_metabolite318_paired_v1,metabolite318_paired_v1,paired_processed,HMDB:HMDB10383,2-palmitoleoyl-GPC (16:1),NA,author_paired_case,45,45,mean_paired_difference_author_scale,1.4014749381156464,0.633453477694736,2.2075998051193606,0.0021632065483121,0.005503197458906,paired_processed,318.0,DONE,NA,CAMP_processed_original_author_pair_table,23,8,14,0.5111111111111111,0.1777777777777777,4,41,0.761567978495155,0.0001230251724687,0.0003917917189188,61,47,Unpaired; author supplied processed values; no new transformation,0.6251761915115992,405.0,91.0,0.6330645161290323,2460862704.0,31,False,True,23,0.5111111111111111,4,NA,NA,NA,NA,1,3,0,False,False,True,True,True,UP,23,0.5111111111111111,True,True,179,179,mapping190_v2,CONDITIONAL_ONLY,NEEDS_REVIEW,仅条件性证据，不进入直接基因主池。,0,,1,ENPP2,False
BRCA,CAMP_BRCA1_Terunuma,04_ROBUSTNESS,20260921T112611Z_metabolite318_paired_v1,metabolite318_paired_v1,paired_processed,KEGG:C00794,sorbitol,NA,author_paired_case,45,45,mean_paired_difference_author_scale,1.0086032832569511,0.3503332627566956,1.6930787115926311,0.00839551929569,0.0171139431796758,paired_processed,318.0,DONE,NA,CAMP_processed_original_author_pair_table,23,8,14,0.5111111111111111,0.1777777777777777,8,37,0.458965493653265,0.0094434013126182,0.0186550627157244,61,47,Unpaired; author supplied processed values; no new transformation,0.1858381117993008,383.0,113.0,0.5443548387096774,590211267.0,31,False,True,23,0.5111111111111111,8,-0.389559403666438,0.0839903475088998,-0.2222222222222222,0.7132166085316225,4,4,0,True,False,True,True,True,UP,23,0.5111111111111111,True,True,180,179,mapping190_v2,DIRECT_MAPPED,DONE,已建立至少一条直接关系；非穷尽映射。,1,SORD,0,,True
BRCA,CAMP_BRCA1_Terunuma,04_ROBUSTNESS,20260921T112611Z_metabolite318_paired_v1,metabolite318_paired_v1,paired_processed,NAME:X - 11787,X - 11787,NA,author_paired_case,45,45,mean_paired_difference_author_scale,0.5807149273525625,0.2335875794453995,0.9183488550804484,0.0026212062332376,0.0064118737089966,paired_processed,318.0,DONE,NA,CAMP_processed_original_author_pair_table,23,11,11,0.5111111111111111,0.2444444444444444,10,35,0.74376138687122,0.0001052126442301,0.0003422067822435,61,47,Unpaired; author supplied processed values; no new transformation,0.2795004104025,474.0,121.0,0.5932773109243697,407339086.0,34,False,True,23,0.5111111111111111,10,-0.3591247641462397,-0.2762467849293504,-0.7818181818181819,0.068310660419679,1,9,0,False,False,True,True,True,UP,23,0.5111111111111111,True,True,181,179,mapping190_v2,UNKNOWN_FEATURE,NEEDS_REVIEW,未知特征不猜身份或基因。,0,,0,,False
BRCA,CAMP_BRCA1_Terunuma,04_ROBUSTNESS,20260921T112611Z_metabolite318_paired_v1,metabolite318_paired_v1,paired_processed,NAME:X - 12442,X - 12442,NA,author_paired_case,45,45,mean_paired_difference_author_scale,0.3705163081734648,0.1095203218542665,0.6319949513858647,0.008664547665041,0.0175498481368346,paired_processed,318.0,DONE,NA,CAMP_processed_original_author_pair_table,23,14,8,0.5111111111111111,0.3111111111111111,16,29,0.510450075341123,0.0037305152282732,0.0081168406832968,61,47,Unpaired; author supplied processed values; no new transformation,0.1196946243730998,526.0,177.0,0.4964438122332859,3785149078.0,37,False,True,23,0.5111111111111111,16,-0.2156157287433686,-0.4016491432596494,-0.4264705882352941,0.2130630144408846,4,12,0,False,False,True,True,True,UP,23,0.5111111111111111,True,True,182,179,mapping190_v2,UNKNOWN_FEATURE,NEEDS_REVIEW,未知特征不猜身份或基因。,0,,0,,False
BRCA,CAMP_BRCA1_Terunuma,04_ROBUSTNESS,20260921T112611Z_metabolite318_paired_v1,metabolite318_paired_v1,paired_processed,NAME:X - 13422,X - 13422,NA,author_paired_case,45,45,mean_paired_difference_author_scale,0.8567468589343712,0.2759333509281779,1.4554368177171229,0.0165813011968157,0.0315739747340563,paired_processed,318.0,DONE,NA,CAMP_processed_original_author_pair_table,23,13,9,0.5111111111111111,0.2888888888888888,18,27,0.619834578283047,0.0029753446755169,0.0066532012883088,61,47,Unpaired; author supplied processed values; no new transformation,0.0290754791146987,486.0,180.0,0.4594594594594595,1187327299.0,36,False,True,23,0.5111111111111111,18,0.5700774152758,0.22146202643225,0.3684210526315789,0.2459381697161902,11,7,0,False,True,True,True,True,UP,23,0.5111111111111111,True,True,183,179,mapping190_v2,UNKNOWN_FEATURE,NEEDS_REVIEW,未知特征不猜身份或基因。,0,,0,,False
BRCA,CAMP_BRCA1_Terunuma,04_ROBUSTNESS,20260921T112611Z_metabolite318_paired_v1,metabolite318_paired_v1,paired_processed,NAME:X - 13445,X - 13445,NA,author_paired_case,45,45,mean_paired_difference_author_scale,-1.2854656793479775,-2.196442926426794,-0.4121795845741862,0.0042497989621631,0.0097482985417169,paired_processed,318.0,DONE,NA,CAMP_processed_original_author_pair_table,7,23,15,0.1555555555555555,0.5111111111111111,8,37,-0.630515578165952,0.0050640185485466,0.0105494782381819,61,47,Unpaired; author supplied processed values; no new transformation,-0.2452956475598,93.0,372.0,-0.6,1460123537.0,30,False,True,23,0.5111111111111111,8,-1.7517774218019997,-1.3743655149261498,-1.0,0.0373514706365155,0,8,0,True,True,True,True,True,DOWN,23,0.5111111111111111,True,True,184,179,mapping190_v2,UNKNOWN_FEATURE,NEEDS_REVIEW,未知特征不猜身份或基因。,0,,0,,False
BRCA,CAMP_BRCA1_Terunuma,04_ROBUSTNESS,20260921T112611Z_metabolite318_paired_v1,metabolite318_paired_v1,paired_processed,NAME:X - 13510,X - 13510,NA,author_paired_case,45,45,mean_paired_difference_author_scale,-0.6381155604809823,-1.2676543545883778,-0.019423688568406,0.0454687132962147,0.0769098448308312,paired_processed,318.0,DONE,NA,CAMP_processed_original_author_pair_table,11,23,11,0.2444444444444444,0.5111111111111111,19,26,-0.372950311412962,0.0860411774723282,0.124798464622026,61,47,Unpaired; author supplied processed values; no new transformation,-0.0285676457337,180.0,415.0,-0.3949579831932773,2094866491.0,34,False,True,23,0.5111111111111111,19,-1.1374620260409,-0.9561501308483996,-0.6526315789473685,0.0362107445915918,4,15,0,False,True,True,False,False,DOWN,23,0.5111111111111111,True,True,185,179,mapping190_v2,UNKNOWN_FEATURE,NEEDS_REVIEW,未知特征不猜身份或基因。,0,,0,,False
BRCA,CAMP_BRCA1_Terunuma,04_ROBUSTNESS,20260921T112611Z_metabolite318_paired_v1,metabolite318_paired_v1,paired_processed,NAME:succinylcarnitine,succinylcarnitine,NA,author_paired_case,45,45,mean_paired_difference_author_scale,0.9864532856185174,0.2535813650049437,1.696859493334314,0.0251140775053654,0.0458981416477367,paired_processed,318.0,DONE,NA,CAMP_processed_original_author_pair_table,23,11,11,0.5111111111111111,0.2444444444444444,10,35,0.580911998681148,0.0013603511639223,0.003449079329,61,47,Unpaired; author supplied processed values; no new transformation,0.3054935142764989,429.0,166.0,0.442016806722689,2030680775.0,34,False,True,23,0.5111111111111111,10,-1.97567412732204,-1.5210355524554,-0.9272727272727272,0.0318178911001409,1,9,0,False,False,True,True,True,UP,23,0.5111111111111111,True,True,186,179,mapping190_v2,NAMED_UNRESOLVED,NEEDS_REVIEW,未取得该特定二羧酸酰基肉碱的人类直接反应；不因含succinyl就套用SUCL。,0,,0,,False
BRCA,CAMP_BRCA1_Terunuma,04_ROBUSTNESS,20260921T112611Z_metabolite318_paired_v1,metabolite318_paired_v1,paired_processed,KEGG:C00392,mannitol,NA,author_paired_case,45,45,mean_paired_difference_author_scale,0.4992497516746219,0.1645580833537498,0.8501954842507983,0.0065757661142712,0.0137571948969621,paired_processed,318.0,DONE,NA,CAMP_processed_original_author_pair_table,20,5,20,0.4444444444444444,0.1111111111111111,10,35,0.324102030108652,0.0317288605434524,0.0537720689210087,61,47,Unpaired; author supplied processed values; no new transformation,0.0,264.0,61.0,0.6246153846153846,3127804780.0,25,False,True,20,0.4444444444444444,10,-0.0855403368524104,0.2447708210769494,0.0909090909090909,0.884533220489632,7,3,0,False,False,True,False,True,UP,20,0.4444444444444444,True,True,187,187,mapping190_v2,NAMED_UNRESOLVED,NEEDS_REVIEW,人SORD注释未明确支持mannitol底物；植物/微生物甘露醇酶不移植到人类。,0,,0,,False
BRCA,CAMP_BRCA1_Terunuma,04_ROBUSTNESS,20260921T112611Z_metabolite318_paired_v1,metabolite318_paired_v1,paired_processed,NAME:X - 13557,X - 13557,NA,author_paired_case,45,45,mean_paired_difference_author_scale,-0.715461899040958,-1.1565860601368527,-0.2667652481537182,0.0044470931056988,0.0099624358499638,paired_processed,318.0,DONE,NA,CAMP_processed_original_author_pair_table,6,20,19,0.1333333333333333,0.4444444444444444,14,31,-0.576926033661655,0.0267678304541642,0.0463400075604348,61,47,Unpaired; author supplied processed values; no new transformation,0.0,63.0,288.0,-0.6410256410256411,1191101569.0,26,False,True,20,0.4444444444444444,14,-1.2173252187036645,-1.3542803119780995,-0.7142857142857143,0.0488720762646586,2,12,0,False,True,True,True,True,DOWN,20,0.4444444444444444,True,True,188,187,mapping190_v2,UNKNOWN_FEATURE,NEEDS_REVIEW,未知特征不猜身份或基因。,0,,0,,False
BRCA,CAMP_BRCA1_Terunuma,04_ROBUSTNESS,20260921T112611Z_metabolite318_paired_v1,metabolite318_paired_v1,paired_processed,NAME:X - 14591,X - 14591,NA,author_paired_case,45,45,mean_paired_difference_author_scale,0.8589211526433289,0.2412424889874404,1.541806502394196,0.0079364289674773,0.0162824800752115,paired_processed,318.0,DONE,NA,CAMP_processed_original_author_pair_table,19,8,18,0.4222222222222222,0.1777777777777777,4,41,0.626411807165016,0.0024119448160291,0.0057958673937417,61,47,Unpaired; author supplied processed values; no new transformation,0.0,300.0,78.0,0.5873015873015873,2554973284.0,27,False,True,19,0.4222222222222222,4,NA,NA,NA,NA,3,1,0,False,False,True,True,True,UP,19,0.4222222222222222,True,True,189,189,mapping190_v2,UNKNOWN_FEATURE,NEEDS_REVIEW,未知特征不猜身份或基因。,0,,0,,False
BRCA,CAMP_BRCA1_Terunuma,04_ROBUSTNESS,20260921T112611Z_metabolite318_paired_v1,metabolite318_paired_v1,paired_processed,NAME:X - 12663,X - 12663,NA,author_paired_case,45,45,mean_paired_difference_author_scale,0.7128676277871111,0.1587491768519021,1.305889378407215,0.0221067884388792,0.0411108697284421,paired_processed,318.0,DONE,NA,CAMP_processed_original_author_pair_table,18,10,17,0.4,0.2222222222222222,7,38,0.377667045101477,0.0261328062784798,0.0457324109873397,61,47,Unpaired; author supplied processed values; no new transformation,0.0,304.0,102.0,0.4975369458128079,1151244341.0,28,False,True,18,0.4,7,NA,NA,NA,NA,2,5,0,False,False,True,True,True,UP,18,0.4,True,True,190,190,mapping190_v2,UNKNOWN_FEATURE,NEEDS_REVIEW,未知特征不猜身份或基因。,0,,0,,False
