cancer	cohort	partition	gene	celltype	n	effect_type	effect	median	q25	q75	resampling_lower	resampling_upper	n_bootstrap_evaluable	mean_detection	status	p_value	q_value
BRCA	Wu2021	ALL	ABHD12	B_cells	20	mean_log1p_counts_per10k	0.08477316143141445	0.07914101076366689	0.03458984960509995	0.11326828967784369	0.05075830999217122	0.12985818139426314	1000	0.06191176526960156	DONE	NA	NA
BRCA	Wu2021	ALL	ABHD12	Endothelial	24	mean_log1p_counts_per10k	0.13150604961697676	0.11906060613354949	0.08540370687060733	0.15992712356151584	0.10621218907605907	0.1580945046320438	1000	0.13516180914958978	DONE	NA	NA
BRCA	Wu2021	ALL	ABHD12	Fibroblasts	23	mean_log1p_counts_per10k	0.12936201566089967	0.1314711545997999	0.07369568205982241	0.1658734563944126	0.10353256070981467	0.15681958040657512	1000	0.1455238274457799	DONE	NA	NA
BRCA	Wu2021	ALL	ABHD12	Malignant_epithelial	20	mean_log1p_counts_per10k	0.29998854910956235	0.2425155256892677	0.20917355937707058	0.37170529657694074	0.241103319305637	0.36061085305064217	1000	0.3805084084042036	DONE	NA	NA
BRCA	Wu2021	ALL	ABHD12	Myeloid	26	mean_log1p_counts_per10k	0.43564146817995686	0.4419784445451193	0.24943441742953096	0.6038643498757689	0.3550144422494528	0.5167287487073404	1000	0.3650958058389028	DONE	NA	NA
BRCA	Wu2021	ALL	ABHD12	Nonmalignant_epithelial	10	mean_log1p_counts_per10k	0.14204602983984155	0.15916064953449124	0.0896642783028067	0.1782538778719	0.10213939683822992	0.18123308979770567	999	0.20384802675764782	DONE	NA	NA
BRCA	Wu2021	ALL	ABHD12	Perivascular	24	mean_log1p_counts_per10k	0.1184199221355852	0.115624341926528	0.06183655890345938	0.1716015375309235	0.09225245877640709	0.14288886675341406	1000	0.11106393146355242	DONE	NA	NA
BRCA	Wu2021	ALL	ABHD12	Plasma_cells	14	mean_log1p_counts_per10k	0.1109608655201386	0.11143500071109165	0.07891532435611633	0.14904350362155927	0.08077667514651189	0.14059377695617511	1000	0.14840598864221224	DONE	NA	NA
BRCA	Wu2021	ALL	ABHD12	T_NK_cells	26	mean_log1p_counts_per10k	0.09145265201067586	0.09413696937571545	0.06139150523708985	0.12529791030487009	0.07274383444896375	0.10905025135150163	1000	0.05748556154736722	DONE	NA	NA
BRCA	Wu2021	ALL	ABHD6	B_cells	20	mean_log1p_counts_per10k	0.020614126176503003	0.0129263794103915	0.0	0.02193732234710685	0.008775918992872285	0.03537768506856676	1000	0.013055330217622169	DONE	NA	NA
BRCA	Wu2021	ALL	ABHD6	Endothelial	24	mean_log1p_counts_per10k	0.03964622813395132	0.031440508774951054	0.027400392075104772	0.06226356285534202	0.028994915903806616	0.05100038888128656	1000	0.04676549502648847	DONE	NA	NA
BRCA	Wu2021	ALL	ABHD6	Fibroblasts	23	mean_log1p_counts_per10k	0.01282346694217459	0.0127192062433625	0.0026585148190747	0.017376328236628852	0.00834317981777226	0.017941516108703946	1000	0.021124927961134184	DONE	NA	NA
BRCA	Wu2021	ALL	ABHD6	Malignant_epithelial	20	mean_log1p_counts_per10k	0.013527323034632685	0.00820075669307265	0.00225561521128195	0.019692839517109477	0.007497632706950241	0.020159799896283772	1000	0.02849533151949	DONE	NA	NA
BRCA	Wu2021	ALL	ABHD6	Myeloid	26	mean_log1p_counts_per10k	0.035862595824955205	0.038041686103687355	0.01962625075129535	0.048613985538313975	0.027437963195343328	0.04386561525105129	1000	0.05160565071738986	DONE	NA	NA
BRCA	Wu2021	ALL	ABHD6	Nonmalignant_epithelial	10	mean_log1p_counts_per10k	0.01492809781395977	0.01256762792209885	0.00970102540185635	0.021896075573072347	0.009481376169635802	0.020346753036864392	999	0.02580938843495531	DONE	NA	NA
BRCA	Wu2021	ALL	ABHD6	Perivascular	24	mean_log1p_counts_per10k	0.012300874410157652	0.00767374215866065	0.0	0.021332055819530675	0.007083306759642984	0.018620204314404074	1000	0.015541680329932328	DONE	NA	NA
BRCA	Wu2021	ALL	ABHD6	Plasma_cells	14	mean_log1p_counts_per10k	0.004998684632203522	0.00115747261167675	0.0	0.008593490692902125	0.0019043569908432628	0.0085803913668539	1000	0.00584405079275875	DONE	NA	NA
BRCA	Wu2021	ALL	ABHD6	T_NK_cells	26	mean_log1p_counts_per10k	0.017029865319571777	0.0148170705750327	0.0080510070321301	0.02238353290943552	0.012591748434657121	0.021779617567384002	1000	0.010741386595148813	DONE	NA	NA
BRCA	Wu2021	ALL	ACSL1	B_cells	20	mean_log1p_counts_per10k	0.057667708125594165	0.038583015478606	0.033752685252989745	0.0553172237119952	0.03129027936936457	0.09763816600186094	1000	0.04359348666689059	DONE	NA	NA
BRCA	Wu2021	ALL	ACSL1	Endothelial	24	mean_log1p_counts_per10k	0.02514462184365603	0.0246702495746043	0.013004319065849576	0.03843463275565495	0.01860493963913957	0.03167000515885298	1000	0.030890250090353788	DONE	NA	NA
BRCA	Wu2021	ALL	ACSL1	Fibroblasts	23	mean_log1p_counts_per10k	0.08675188921654	0.0679601249524239	0.030261941844289153	0.11428432311697145	0.05672241634865144	0.12806226918142333	1000	0.10178754438316705	DONE	NA	NA
BRCA	Wu2021	ALL	ACSL1	Malignant_epithelial	20	mean_log1p_counts_per10k	0.11611414464211493	0.0465213548792434	0.01972470701665175	0.08969701312661454	0.045118760183238675	0.21599378847895812	1000	0.14592539677628028	DONE	NA	NA
BRCA	Wu2021	ALL	ACSL1	Myeloid	26	mean_log1p_counts_per10k	0.3345235632930556	0.29134644051274305	0.22835625041269442	0.4516404897716576	0.27238996533775034	0.4074160346236769	1000	0.29341604752893136	DONE	NA	NA
BRCA	Wu2021	ALL	ACSL1	Nonmalignant_epithelial	10	mean_log1p_counts_per10k	0.061932633484219325	0.05942560086864396	0.05484328809756937	0.07690535770161397	0.05025280287562634	0.0710718376858349	999	0.10691538081177523	DONE	NA	NA
BRCA	Wu2021	ALL	ACSL1	Perivascular	24	mean_log1p_counts_per10k	0.029842503800054473	0.0309941431061671	0.0187867541337973	0.041349187837820045	0.0224955860818716	0.03734080878564573	1000	0.030532992393679157	DONE	NA	NA
BRCA	Wu2021	ALL	ACSL1	Plasma_cells	14	mean_log1p_counts_per10k	0.013723172216789243	0.00791734028686355	0.0039648841037441	0.018217502998526074	0.006029116765812299	0.023796213732530044	1000	0.011884252806493871	DONE	NA	NA
BRCA	Wu2021	ALL	ACSL1	T_NK_cells	26	mean_log1p_counts_per10k	0.03256357377507762	0.0319465997183968	0.023343371306145125	0.038272664905307	0.02658431342967459	0.039344863628090455	1000	0.0211314194901074	DONE	NA	NA
BRCA	Wu2021	ALL	ACSL3	B_cells	20	mean_log1p_counts_per10k	0.10300144114446157	0.08475111178979844	0.06844294576913895	0.12482714574800194	0.07066139348935635	0.13831990948237963	1000	0.0699634460447496	DONE	NA	NA
BRCA	Wu2021	ALL	ACSL3	Endothelial	24	mean_log1p_counts_per10k	0.19610953799797462	0.20200686566401463	0.14840998022825963	0.2268088066019258	0.16795043520582406	0.2275327297566041	1000	0.18423137683854166	DONE	NA	NA
BRCA	Wu2021	ALL	ACSL3	Fibroblasts	23	mean_log1p_counts_per10k	0.21497912895302382	0.22720482485484653	0.15957121667563856	0.25592101436626846	0.17959756443179686	0.2524676318601482	1000	0.22502199085621602	DONE	NA	NA
BRCA	Wu2021	ALL	ACSL3	Malignant_epithelial	20	mean_log1p_counts_per10k	0.42101175416686215	0.4371007560817276	0.3322774659397936	0.5296233675785711	0.3558721512416548	0.4826567124499467	1000	0.4650914318985562	DONE	NA	NA
BRCA	Wu2021	ALL	ACSL3	Myeloid	26	mean_log1p_counts_per10k	0.2648229480290215	0.24072614789319213	0.17034239540206858	0.3437150772995834	0.21940919869950015	0.31538998209853625	1000	0.256404883221196	DONE	NA	NA
BRCA	Wu2021	ALL	ACSL3	Nonmalignant_epithelial	10	mean_log1p_counts_per10k	0.3971690232560561	0.3633701817861399	0.35447502512319184	0.38316795407338833	0.3504787909657711	0.46332025114565656	999	0.43446787160771017	DONE	NA	NA
BRCA	Wu2021	ALL	ACSL3	Perivascular	24	mean_log1p_counts_per10k	0.17957645212136053	0.18117237858512905	0.14039310645650732	0.22890633930645646	0.14751756095742274	0.217752716140684	1000	0.15676694222495222	DONE	NA	NA
BRCA	Wu2021	ALL	ACSL3	Plasma_cells	14	mean_log1p_counts_per10k	0.06261939927611786	0.0568918468405724	0.0317350039160613	0.06611010826176977	0.04138585961513982	0.08841493277073414	1000	0.08215799060079768	DONE	NA	NA
BRCA	Wu2021	ALL	ACSL3	T_NK_cells	26	mean_log1p_counts_per10k	0.09410629059696797	0.08850333659317619	0.06938476654080063	0.11805465022688588	0.08030540232252545	0.11058499248497816	1000	0.058835966232627594	DONE	NA	NA
BRCA	Wu2021	ALL	ACSL4	B_cells	20	mean_log1p_counts_per10k	0.04847786619983901	0.0379430333068966	0.01388365035107985	0.053003974326240495	0.02600580041149208	0.07600342181246446	1000	0.03842772339297367	DONE	NA	NA
BRCA	Wu2021	ALL	ACSL4	Endothelial	24	mean_log1p_counts_per10k	0.13074387119682787	0.11139199692550669	0.07785799766052003	0.15777608403764545	0.10198654961399556	0.16258952161341939	1000	0.13667787016133023	DONE	NA	NA
BRCA	Wu2021	ALL	ACSL4	Fibroblasts	23	mean_log1p_counts_per10k	0.15056664236391906	0.1361881202546498	0.079547415522257	0.1681566574641748	0.10560244175662993	0.2052674010929171	1000	0.1729520778147554	DONE	NA	NA
BRCA	Wu2021	ALL	ACSL4	Malignant_epithelial	20	mean_log1p_counts_per10k	0.02704720429488382	0.0033470699380236	0.0011722935813876	0.030795847698833347	0.010312237726353129	0.04787387751213951	1000	0.04980066577404365	DONE	NA	NA
BRCA	Wu2021	ALL	ACSL4	Myeloid	26	mean_log1p_counts_per10k	0.1663091418745606	0.16947914023449978	0.12397891668234504	0.20040355330565854	0.13600884083059064	0.19703443650803137	1000	0.18564633178405326	DONE	NA	NA
BRCA	Wu2021	ALL	ACSL4	Nonmalignant_epithelial	10	mean_log1p_counts_per10k	0.04678984460685986	0.033007182641601546	0.02619772798413253	0.061496689882216175	0.02649757186791487	0.07026339612942614	999	0.06297526309805411	DONE	NA	NA
BRCA	Wu2021	ALL	ACSL4	Perivascular	24	mean_log1p_counts_per10k	0.09247767569775471	0.08112606600891895	0.056500716991413846	0.1233697861903683	0.06611949947534804	0.12159885312011445	1000	0.09552624485832822	DONE	NA	NA
BRCA	Wu2021	ALL	ACSL4	Plasma_cells	14	mean_log1p_counts_per10k	0.03432500539788786	0.031097360771774253	0.01101132477940865	0.05051896128954027	0.020087157084357057	0.050946187812636747	1000	0.05421383075358484	DONE	NA	NA
BRCA	Wu2021	ALL	ACSL4	T_NK_cells	26	mean_log1p_counts_per10k	0.06833085928697019	0.0596923075192583	0.04278783460342245	0.08793660466416257	0.05051401066428983	0.09022317670895202	1000	0.04711826607567074	DONE	NA	NA
BRCA	Wu2021	ALL	ACSL5	B_cells	20	mean_log1p_counts_per10k	0.060115924407612674	0.05530668187700995	0.01097027676015385	0.08725665942603503	0.03868431198865757	0.08247765465300126	1000	0.04569863064934682	DONE	NA	NA
BRCA	Wu2021	ALL	ACSL5	Endothelial	24	mean_log1p_counts_per10k	0.16279039588652244	0.16945657859233626	0.10800515177719516	0.21798095761555752	0.1354929751932236	0.19168785205377448	1000	0.16233880352433472	DONE	NA	NA
BRCA	Wu2021	ALL	ACSL5	Fibroblasts	23	mean_log1p_counts_per10k	0.03480544383367388	0.022321824680259	0.008384198537802399	0.04738986851739755	0.021021403779156386	0.050670348102859815	1000	0.04004920383492764	DONE	NA	NA
BRCA	Wu2021	ALL	ACSL5	Malignant_epithelial	20	mean_log1p_counts_per10k	0.04416286204562928	0.023140868326076446	0.0103819792683175	0.0434684914042163	0.023591400687673448	0.07115045347076589	1000	0.08909788375835176	DONE	NA	NA
BRCA	Wu2021	ALL	ACSL5	Myeloid	26	mean_log1p_counts_per10k	0.09148231927164382	0.10515206573419505	0.06376294062256713	0.12861159835605818	0.07530730401441957	0.10819377118303534	1000	0.11520115724144854	DONE	NA	NA
BRCA	Wu2021	ALL	ACSL5	Nonmalignant_epithelial	10	mean_log1p_counts_per10k	0.06933310456582543	0.060086565236616804	0.04902574886739605	0.08379881820701705	0.052857849533924126	0.087281726993725	999	0.12299764541593099	DONE	NA	NA
BRCA	Wu2021	ALL	ACSL5	Perivascular	24	mean_log1p_counts_per10k	0.006462960791946362	0.00456235206013815	0.0	0.010588126548667476	0.0035010567907557844	0.00997030791721293	1000	0.00801130415096367	DONE	NA	NA
BRCA	Wu2021	ALL	ACSL5	Plasma_cells	14	mean_log1p_counts_per10k	0.020285598305675757	0.01699311846127905	0.0089063272650108	0.03214009949275015	0.01179859892691686	0.029369687988162474	1000	0.030763954779762376	DONE	NA	NA
BRCA	Wu2021	ALL	ACSL5	T_NK_cells	26	mean_log1p_counts_per10k	0.07580980658847367	0.07194098038597904	0.052767035605812376	0.1062671385415699	0.06190521583484514	0.09096442204178792	1000	0.050030816777010254	DONE	NA	NA
BRCA	Wu2021	ALL	ACSL6	B_cells	20	mean_log1p_counts_per10k	0.0008005898223348799	0.0	0.0	0.0	0.0	0.0021535763413776682	1000	0.00034877396213100494	DONE	NA	NA
BRCA	Wu2021	ALL	ACSL6	Endothelial	24	mean_log1p_counts_per10k	0.002083083070240867	0.0	0.0	0.0003306776808847	0.00019838691214971798	0.005082262226158011	1000	0.0017087954242117874	DONE	NA	NA
BRCA	Wu2021	ALL	ACSL6	Fibroblasts	23	mean_log1p_counts_per10k	0.0009090953206678739	0.0	0.0	0.0012394329400154998	0.0003135783624603236	0.0016114178598162084	1000	0.001818783280443691	DONE	NA	NA
BRCA	Wu2021	ALL	ACSL6	Malignant_epithelial	20	mean_log1p_counts_per10k	0.00325233880782842	0.00286944398060905	0.000579704011219675	0.004686586232717925	0.001954565768315804	0.004850604018816744	1000	0.0063421259045960245	DONE	NA	NA
BRCA	Wu2021	ALL	ACSL6	Myeloid	26	mean_log1p_counts_per10k	0.0009360003840046654	0.0	0.0	0.0006894004203364999	0.0001942825752053121	0.0019253607273059946	1000	0.002444232336336081	DONE	NA	NA
BRCA	Wu2021	ALL	ACSL6	Nonmalignant_epithelial	10	mean_log1p_counts_per10k	0.00283461062392456	0.00042855585790485	0.0	0.003686110891736225	0.00048720455777145715	0.005488332267510963	999	0.00424884760174997	DONE	NA	NA
BRCA	Wu2021	ALL	ACSL6	Perivascular	24	mean_log1p_counts_per10k	0.0038847735636200875	0.0	0.0	0.000382875978079375	0.00033256565932619515	0.010420891178483856	1000	0.0020937254078574503	DONE	NA	NA
BRCA	Wu2021	ALL	ACSL6	Plasma_cells	14	mean_log1p_counts_per10k	0.007020797349061822	0.0	0.0	0.0080283329433683	0.0008768292055542629	0.015249160812542571	1000	0.0068524867662554155	DONE	NA	NA
BRCA	Wu2021	ALL	ACSL6	T_NK_cells	26	mean_log1p_counts_per10k	0.02245349299415679	0.02155610222957905	0.008176489123065674	0.030914277488025475	0.016053951759278127	0.02946745400188455	1000	0.014222155670867681	DONE	NA	NA
BRCA	Wu2021	ALL	ACSM1	B_cells	20	mean_log1p_counts_per10k	0.00180257403837909	0.0	0.0	0.00094356601024795	0.0004737184883830914	0.003293173032070535	1000	0.0012922610492128099	DONE	NA	NA
BRCA	Wu2021	ALL	ACSM1	Endothelial	24	mean_log1p_counts_per10k	0.0015008735412951584	0.0	0.0	0.0	0.0003016594298995206	0.0029968343247700896	1000	0.0012765836495997416	DONE	NA	NA
BRCA	Wu2021	ALL	ACSM1	Fibroblasts	23	mean_log1p_counts_per10k	0.0004687447839142478	0.0	0.0	0.0	0.0	0.0012004953441305183	1000	0.0003200588762019565	DONE	NA	NA
BRCA	Wu2021	ALL	ACSM1	Malignant_epithelial	20	mean_log1p_counts_per10k	0.015103477698942287	0.0026650308854176998	7.471497228422011e-05	0.016964148138798922	0.004760142658449027	0.03130739593259602	1000	0.02710378567571035	DONE	NA	NA
BRCA	Wu2021	ALL	ACSM1	Myeloid	26	mean_log1p_counts_per10k	0.002993338756748523	0.00012064215479855	0.0	0.00255526808242485	0.0010949092520046067	0.005939597683127799	1000	0.0033062624209684267	DONE	NA	NA
BRCA	Wu2021	ALL	ACSM1	Nonmalignant_epithelial	10	mean_log1p_counts_per10k	0.04039915439135067	0.028574090082423204	0.015927068915320575	0.06882287297085693	0.02042188291688752	0.06126358545866012	999	0.054590759756113307	DONE	NA	NA
BRCA	Wu2021	ALL	ACSM1	Perivascular	24	mean_log1p_counts_per10k	0.00022492379178486253	0.0	0.0	0.0	0.0	0.0006558099770807591	1000	0.00012126692828243333	DONE	NA	NA
BRCA	Wu2021	ALL	ACSM1	Plasma_cells	14	mean_log1p_counts_per10k	0.0008646826263763501	0.0	0.0	0.0	0.0	0.002470468839802025	1000	0.0033414502164502073	DONE	NA	NA
BRCA	Wu2021	ALL	ACSM1	T_NK_cells	26	mean_log1p_counts_per10k	0.0007489098374893269	0.0	0.0	0.000774559023955525	0.00029954780675410725	0.0012860849170072948	1000	0.00044155637368807306	DONE	NA	NA
BRCA	Wu2021	ALL	ALOX15	B_cells	20	mean_log1p_counts_per10k	0.00060849651008791	0.0	0.0	0.0	0.0	0.0016785040387600249	1000	0.000540873529230575	DONE	NA	NA
BRCA	Wu2021	ALL	ALOX15	Endothelial	24	mean_log1p_counts_per10k	0.0	0.0	0.0	0.0	0.0	0.0	1000	0.0	DONE	NA	NA
BRCA	Wu2021	ALL	ALOX15	Fibroblasts	23	mean_log1p_counts_per10k	0.0001722144968399435	0.0	0.0	0.0	0.0	0.000540127285543459	1000	0.00017746228926353042	DONE	NA	NA
BRCA	Wu2021	ALL	ALOX15	Malignant_epithelial	20	mean_log1p_counts_per10k	0.006103165482664575	0.00045018649232735	0.0	0.00653112267527735	0.0018802087424479184	0.011161739037199702	1000	0.009047676650557956	DONE	NA	NA
BRCA	Wu2021	ALL	ALOX15	Myeloid	26	mean_log1p_counts_per10k	0.006185744896946208	0.0020220326560246	0.0	0.008064477980654374	0.0025678163370781854	0.012230662793802916	1000	0.004663621844900396	DONE	NA	NA
BRCA	Wu2021	ALL	ALOX15	Nonmalignant_epithelial	10	mean_log1p_counts_per10k	0.005866155297151131	0.0029558088670513	0.0	0.00842085448144745	0.0016181061813273993	0.010413968843771736	999	0.012053014346320341	DONE	NA	NA
BRCA	Wu2021	ALL	ALOX15	Perivascular	24	mean_log1p_counts_per10k	3.275934458149583e-05	0.0	0.0	0.0	0.0	0.00010255099173337825	1000	3.2425421530479164e-05	DONE	NA	NA
BRCA	Wu2021	ALL	ALOX15	Plasma_cells	14	mean_log1p_counts_per10k	3.217691046515714e-05	0.0	0.0	0.0	0.0	0.00011261918662805	1000	7.002801120447858e-05	DONE	NA	NA
BRCA	Wu2021	ALL	ALOX15	T_NK_cells	26	mean_log1p_counts_per10k	0.0007555598696987231	0.0	0.0	0.0012994774164429	0.00040426909168569583	0.0011574523694483918	1000	0.0004939763787759616	DONE	NA	NA
BRCA	Wu2021	ALL	ALOX5	B_cells	20	mean_log1p_counts_per10k	0.1750234801792101	0.17351614014190625	0.09330135063306455	0.22961571974350542	0.1259301847586665	0.22941149203823608	1000	0.11078081101089517	DONE	NA	NA
BRCA	Wu2021	ALL	ALOX5	Endothelial	24	mean_log1p_counts_per10k	0.009089798995001237	0.0	0.0	0.01276393091853215	0.004166823827405989	0.014885428409434256	1000	0.011822631527379168	DONE	NA	NA
BRCA	Wu2021	ALL	ALOX5	Fibroblasts	23	mean_log1p_counts_per10k	0.0034218000959207	0.0	0.0	0.00498223185554585	0.0013116604088042117	0.005840057729714446	1000	0.005404371202439083	DONE	NA	NA
BRCA	Wu2021	ALL	ALOX5	Malignant_epithelial	20	mean_log1p_counts_per10k	0.024916107671682473	0.010377971291091848	0.002826131699070125	0.021384088152434876	0.010365229922429492	0.04558354409803655	1000	0.03526401319197001	DONE	NA	NA
BRCA	Wu2021	ALL	ALOX5	Myeloid	26	mean_log1p_counts_per10k	0.39797708173133395	0.4005667368877457	0.23037189413631418	0.5607458083211346	0.32683479007609945	0.46863633669458377	1000	0.34336259483432297	DONE	NA	NA
BRCA	Wu2021	ALL	ALOX5	Nonmalignant_epithelial	10	mean_log1p_counts_per10k	0.118956769739714	0.12279356444821085	0.06698217241572227	0.13602672531443694	0.07486847005625101	0.16692070975605502	999	0.1668063956952261	DONE	NA	NA
BRCA	Wu2021	ALL	ALOX5	Perivascular	24	mean_log1p_counts_per10k	0.003919692437844613	0.0	0.0	0.0036167722723972253	0.001176839797057253	0.007754752999394688	1000	0.004228352481364467	DONE	NA	NA
BRCA	Wu2021	ALL	ALOX5	Plasma_cells	14	mean_log1p_counts_per10k	0.03698344455414569	0.02913225072111865	0.013809473601337675	0.06402380049005116	0.020921223086051523	0.05282986990575935	1000	0.06033460487727271	DONE	NA	NA
BRCA	Wu2021	ALL	ALOX5	T_NK_cells	26	mean_log1p_counts_per10k	0.004516635672487115	0.0025333459215653	0.0	0.0073279625297248	0.002657697680798649	0.00651962757175659	1000	0.0030013865594571264	DONE	NA	NA
BRCA	Wu2021	ALL	CYP4F2	B_cells	20	mean_log1p_counts_per10k	0.0	0.0	0.0	0.0	0.0	0.0	1000	0.0	DONE	NA	NA
BRCA	Wu2021	ALL	CYP4F2	Endothelial	24	mean_log1p_counts_per10k	0.0	0.0	0.0	0.0	0.0	0.0	1000	0.0	DONE	NA	NA
BRCA	Wu2021	ALL	CYP4F2	Fibroblasts	23	mean_log1p_counts_per10k	0.0001714863197582174	0.0	0.0	0.0	0.0	0.0005384837472537655	1000	0.0004262574595055392	DONE	NA	NA
BRCA	Wu2021	ALL	CYP4F2	Malignant_epithelial	20	mean_log1p_counts_per10k	0.00043422561373429	0.0	0.0	6.735027035825e-05	3.143200664435556e-05	0.001043788358234245	1000	0.00051427972952619	DONE	NA	NA
BRCA	Wu2021	ALL	CYP4F2	Myeloid	26	mean_log1p_counts_per10k	0.0	0.0	0.0	0.0	0.0	0.0	1000	0.0	DONE	NA	NA
BRCA	Wu2021	ALL	CYP4F2	Nonmalignant_epithelial	10	mean_log1p_counts_per10k	0.0	0.0	0.0	0.0	0.0	0.0	999	0.0	DONE	NA	NA
BRCA	Wu2021	ALL	CYP4F2	Perivascular	24	mean_log1p_counts_per10k	0.0001433949769433125	0.0	0.0	0.0	0.0	0.0004493987241832109	1000	0.000338753387533875	DONE	NA	NA
BRCA	Wu2021	ALL	CYP4F2	Plasma_cells	14	mean_log1p_counts_per10k	0.0	0.0	0.0	0.0	0.0	0.0	1000	0.0	DONE	NA	NA
BRCA	Wu2021	ALL	CYP4F2	T_NK_cells	26	mean_log1p_counts_per10k	0.0	0.0	0.0	0.0	0.0	0.0	1000	0.0	DONE	NA	NA
BRCA	Wu2021	ALL	ENPP2	B_cells	20	mean_log1p_counts_per10k	0.015593060253663932	0.0	0.0	0.0107451590050479	0.00293617402695106	0.034699736629870866	1000	0.012428139118533715	DONE	NA	NA
BRCA	Wu2021	ALL	ENPP2	Endothelial	24	mean_log1p_counts_per10k	0.4505104377454939	0.390498034990415	0.2806964507293035	0.6089230611466733	0.36468206840495837	0.5359190734770809	1000	0.2899376535963007	DONE	NA	NA
BRCA	Wu2021	ALL	ENPP2	Fibroblasts	23	mean_log1p_counts_per10k	0.11380816705193005	0.0755135679593966	0.0470089592562243	0.16153412009151852	0.07434482251822974	0.16231976321269348	1000	0.10429394513455387	DONE	NA	NA
BRCA	Wu2021	ALL	ENPP2	Malignant_epithelial	20	mean_log1p_counts_per10k	0.01000743201211411	0.00114264642568995	0.000230167467028175	0.0071942086563446	0.002953678443173631	0.019808293915863303	1000	0.019060077167769935	DONE	NA	NA
BRCA	Wu2021	ALL	ENPP2	Myeloid	26	mean_log1p_counts_per10k	0.11450410074707144	0.0803258370030728	0.0393462600168919	0.15878927955711608	0.07891186841719557	0.15652882831310846	1000	0.11278497311320249	DONE	NA	NA
BRCA	Wu2021	ALL	ENPP2	Nonmalignant_epithelial	10	mean_log1p_counts_per10k	0.00494321386607271	0.0040143586280488	0.00042566967391562507	0.009164020447892624	0.0022139398925437124	0.007867312086456482	999	0.011133831059292002	DONE	NA	NA
BRCA	Wu2021	ALL	ENPP2	Perivascular	24	mean_log1p_counts_per10k	0.01296617715827955	0.01101497760037845	0.0	0.016920518784804724	0.006992593179805037	0.019867349913995677	1000	0.015183861284503553	DONE	NA	NA
BRCA	Wu2021	ALL	ENPP2	Plasma_cells	14	mean_log1p_counts_per10k	0.024862524501789916	0.0095518901837666	0.0051237024280065	0.018300711410074298	0.008305476793353877	0.050488862689842776	1000	0.021488984915126942	DONE	NA	NA
BRCA	Wu2021	ALL	ENPP2	T_NK_cells	26	mean_log1p_counts_per10k	0.00717928588443752	0.0053094974742135	0.000203616962320625	0.0081857394260056	0.004001550726507075	0.011401995166245384	1000	0.0039790190038357385	DONE	NA	NA
BRCA	Wu2021	ALL	LPCAT1	B_cells	20	mean_log1p_counts_per10k	0.09123280751071754	0.0944527634149084	0.0481031488658662	0.12184654680222627	0.06795141643271095	0.11419421887476262	1000	0.060317709488016104	DONE	NA	NA
BRCA	Wu2021	ALL	LPCAT1	Endothelial	24	mean_log1p_counts_per10k	0.09701263021235916	0.08015005686423285	0.046893292667379724	0.14657509401315283	0.07254400836082875	0.12281183110715667	1000	0.10693058755577016	DONE	NA	NA
BRCA	Wu2021	ALL	LPCAT1	Fibroblasts	23	mean_log1p_counts_per10k	0.05251663000805929	0.0482958794811773	0.0423846252664869	0.0653658828405431	0.044324310508505084	0.06169044364810526	1000	0.06811910226960208	DONE	NA	NA
BRCA	Wu2021	ALL	LPCAT1	Malignant_epithelial	20	mean_log1p_counts_per10k	0.07354480094383983	0.08252588647303324	0.06241987949382857	0.08961073992304863	0.05739416203642987	0.08657574541463597	1000	0.13046946179514393	DONE	NA	NA
BRCA	Wu2021	ALL	LPCAT1	Myeloid	26	mean_log1p_counts_per10k	0.11644689662590757	0.1069441007015656	0.06464105831180672	0.14752655568644862	0.08717457681181168	0.14828454971338764	1000	0.11586232405889302	DONE	NA	NA
BRCA	Wu2021	ALL	LPCAT1	Nonmalignant_epithelial	10	mean_log1p_counts_per10k	0.027969050469110385	0.027366086954947855	0.019204739135416125	0.037268559171846176	0.015534902797594294	0.040316549429056846	999	0.04392107308517672	DONE	NA	NA
BRCA	Wu2021	ALL	LPCAT1	Perivascular	24	mean_log1p_counts_per10k	0.04551725278374021	0.040407612246076446	0.021352724249038075	0.0668963608184321	0.03202682366289069	0.058716961974737636	1000	0.05097487958914209	DONE	NA	NA
BRCA	Wu2021	ALL	LPCAT1	Plasma_cells	14	mean_log1p_counts_per10k	0.01662420270533123	0.01243754292504665	0.006467672636416775	0.029247550524999402	0.009968755393850486	0.023729185751928877	1000	0.025886768174071092	DONE	NA	NA
BRCA	Wu2021	ALL	LPCAT1	T_NK_cells	26	mean_log1p_counts_per10k	0.04649667530883183	0.0400778502314013	0.023510030538484276	0.06860690997255017	0.03436368985778402	0.059162446023255814	1000	0.028954990311264264	DONE	NA	NA
BRCA	Wu2021	ALL	LPCAT2	B_cells	20	mean_log1p_counts_per10k	0.01354739935091773	0.0	0.0	0.0	0.000175561351779375	0.03848235321036889	1000	0.01047832421943524	DONE	NA	NA
BRCA	Wu2021	ALL	LPCAT2	Endothelial	24	mean_log1p_counts_per10k	0.2495678087870861	0.2523841006596413	0.20033915675451838	0.30706040381960276	0.2159902144513369	0.28334206473129003	1000	0.22079494591884327	DONE	NA	NA
BRCA	Wu2021	ALL	LPCAT2	Fibroblasts	23	mean_log1p_counts_per10k	0.024069453552137708	0.0157337499030327	0.00837280030715815	0.03495703128983215	0.014666695077776183	0.03375288395915523	1000	0.031931918656501024	DONE	NA	NA
BRCA	Wu2021	ALL	LPCAT2	Malignant_epithelial	20	mean_log1p_counts_per10k	0.04212837974834717	0.01798871345399415	0.006956534153141175	0.051104126969659026	0.017653419538144276	0.08280102272835305	1000	0.07509822027931992	DONE	NA	NA
BRCA	Wu2021	ALL	LPCAT2	Myeloid	26	mean_log1p_counts_per10k	0.2866211902437643	0.30115756410348055	0.214795271373936	0.3797225805269597	0.24102646425797258	0.3311898250910019	1000	0.27291867723581037	DONE	NA	NA
BRCA	Wu2021	ALL	LPCAT2	Nonmalignant_epithelial	10	mean_log1p_counts_per10k	0.09495873988141337	0.09007064826026914	0.05846002171493252	0.1325673571256629	0.06529326474625523	0.12623466268730707	999	0.12043500277586808	DONE	NA	NA
BRCA	Wu2021	ALL	LPCAT2	Perivascular	24	mean_log1p_counts_per10k	0.003589839367691442	0.0	0.0	0.006463755062827025	0.001569041216270829	0.0058564342775579694	1000	0.004500798708245604	DONE	NA	NA
BRCA	Wu2021	ALL	LPCAT2	Plasma_cells	14	mean_log1p_counts_per10k	0.00805068595441585	0.00101268259577845	0.0	0.0093663264485491	0.0019072840415122936	0.015297505796068388	1000	0.012065064221479928	DONE	NA	NA
BRCA	Wu2021	ALL	LPCAT2	T_NK_cells	26	mean_log1p_counts_per10k	0.003460982290565069	0.0006368514670623	0.0	0.0033979183432271253	0.001411182569601564	0.006237911917204205	1000	0.0022433395555291153	DONE	NA	NA
BRCA	Wu2021	ALL	LPCAT3	B_cells	20	mean_log1p_counts_per10k	0.05336046601252888	0.04569958922051775	0.03210522374559367	0.07860104790106581	0.03753452446402512	0.06969282918181172	1000	0.03522378027644682	DONE	NA	NA
BRCA	Wu2021	ALL	LPCAT3	Endothelial	24	mean_log1p_counts_per10k	0.11389938527601944	0.0956890589567316	0.08062613181769443	0.14437385907066302	0.09359686641587087	0.13797857852115705	1000	0.11784510503734628	DONE	NA	NA
BRCA	Wu2021	ALL	LPCAT3	Fibroblasts	23	mean_log1p_counts_per10k	0.10561020063624577	0.1022728101477014	0.08878506689012484	0.1261079477380682	0.09178532635336123	0.11984615144003394	1000	0.11689716562977677	DONE	NA	NA
BRCA	Wu2021	ALL	LPCAT3	Malignant_epithelial	20	mean_log1p_counts_per10k	0.20869299776209	0.18978640130551613	0.1288298737948161	0.3090836279402657	0.16190389464461943	0.2553798457223671	1000	0.30370101666910887	DONE	NA	NA
BRCA	Wu2021	ALL	LPCAT3	Myeloid	26	mean_log1p_counts_per10k	0.08423131523576306	0.0662750467054852	0.04884065774268893	0.12101072455151447	0.06647953839015126	0.10258307106284642	1000	0.1101411327182941	DONE	NA	NA
BRCA	Wu2021	ALL	LPCAT3	Nonmalignant_epithelial	10	mean_log1p_counts_per10k	0.22242656879514494	0.21391955233248136	0.19370417218825267	0.26320433653976283	0.19125976389127497	0.25460284592144444	999	0.3003918894827421	DONE	NA	NA
BRCA	Wu2021	ALL	LPCAT3	Perivascular	24	mean_log1p_counts_per10k	0.08712098395489365	0.0789434247710108	0.04638636205752278	0.1323521400306373	0.06416519172609601	0.11099924830124959	1000	0.08351341663709573	DONE	NA	NA
BRCA	Wu2021	ALL	LPCAT3	Plasma_cells	14	mean_log1p_counts_per10k	0.03324403973111894	0.02481023463497245	0.021088279007225024	0.04226065323200237	0.022111770085270096	0.04537829722123531	1000	0.049589204023413234	DONE	NA	NA
BRCA	Wu2021	ALL	LPCAT3	T_NK_cells	26	mean_log1p_counts_per10k	0.07954652521633289	0.0794901904106064	0.05028297631515198	0.0979551213391123	0.06558713136934205	0.09358916270677052	1000	0.0491601131603839	DONE	NA	NA
BRCA	Wu2021	ALL	LPCAT4	B_cells	20	mean_log1p_counts_per10k	0.04484508254673807	0.04571821289239555	0.021705501573257277	0.06241249219887177	0.03196349356999892	0.058987403896737664	1000	0.029304275699689956	DONE	NA	NA
BRCA	Wu2021	ALL	LPCAT4	Endothelial	24	mean_log1p_counts_per10k	0.2772369722001313	0.2520711710865882	0.1848425692605859	0.3629631061354338	0.22469595810894966	0.3384612227859375	1000	0.22856766221082633	DONE	NA	NA
BRCA	Wu2021	ALL	LPCAT4	Fibroblasts	23	mean_log1p_counts_per10k	0.07862961151217598	0.0735810689739599	0.04829592145364035	0.1009385901836709	0.06442639299223588	0.09418378688807329	1000	0.0888999465002308	DONE	NA	NA
BRCA	Wu2021	ALL	LPCAT4	Malignant_epithelial	20	mean_log1p_counts_per10k	0.076376699671691	0.0480465606896969	0.035856496821546076	0.0903015807351526	0.04915291950949453	0.11438984830544012	1000	0.13486353804710716	DONE	NA	NA
BRCA	Wu2021	ALL	LPCAT4	Myeloid	26	mean_log1p_counts_per10k	0.05456709581099161	0.05991153262020285	0.030612033002717975	0.07935172243340927	0.043481376916790195	0.06635915149271068	1000	0.06702069833281951	DONE	NA	NA
BRCA	Wu2021	ALL	LPCAT4	Nonmalignant_epithelial	10	mean_log1p_counts_per10k	0.054471831747432656	0.05741235518445215	0.03503187500432102	0.06499042839265572	0.03945501857419956	0.06848898369764644	999	0.09244944592101154	DONE	NA	NA
BRCA	Wu2021	ALL	LPCAT4	Perivascular	24	mean_log1p_counts_per10k	0.07169396174533514	0.0660943598197272	0.035406668898828694	0.10846729848130884	0.05679603156814157	0.08879454031606672	1000	0.06384699673020598	DONE	NA	NA
BRCA	Wu2021	ALL	LPCAT4	Plasma_cells	14	mean_log1p_counts_per10k	0.06203262604438192	0.05929379709819099	0.028798159227451502	0.0982286133363317	0.04051040346061103	0.08177118590242002	1000	0.07651256496453099	DONE	NA	NA
BRCA	Wu2021	ALL	LPCAT4	T_NK_cells	26	mean_log1p_counts_per10k	0.10758036147264491	0.11200745609167545	0.0611146907649563	0.13059209229931956	0.08320516291864648	0.13168386283740643	1000	0.0654314083429305	DONE	NA	NA
BRCA	Wu2021	ALL	LYPLA1	B_cells	20	mean_log1p_counts_per10k	0.2306416479295391	0.22380320989459992	0.19341346976281215	0.27177915037943623	0.19378273571290075	0.26899859029446144	1000	0.14844323755347733	DONE	NA	NA
BRCA	Wu2021	ALL	LYPLA1	Endothelial	24	mean_log1p_counts_per10k	0.35464561651673526	0.3366901610434854	0.2711993187020758	0.41516563748627044	0.3094896893923947	0.4051236685615561	1000	0.3077451037397632	DONE	NA	NA
BRCA	Wu2021	ALL	LYPLA1	Fibroblasts	23	mean_log1p_counts_per10k	0.16226257739527689	0.1362693077481466	0.11194850604796999	0.20214186554792551	0.13688903145594108	0.1882273313121303	1000	0.18324983214673196	DONE	NA	NA
BRCA	Wu2021	ALL	LYPLA1	Malignant_epithelial	20	mean_log1p_counts_per10k	0.6977773994192874	0.6329817660570154	0.5902107488250821	0.8534203355178199	0.5982957086697036	0.7890232365600425	1000	0.6060192987299409	DONE	NA	NA
BRCA	Wu2021	ALL	LYPLA1	Myeloid	26	mean_log1p_counts_per10k	0.32500009811221714	0.32212220941978054	0.25193369511777197	0.4073348627419797	0.2827546955612254	0.3642453868003732	1000	0.32044635323865717	DONE	NA	NA
BRCA	Wu2021	ALL	LYPLA1	Nonmalignant_epithelial	10	mean_log1p_counts_per10k	0.413768832602628	0.38435098751419594	0.3480814865573834	0.5041553373722615	0.31640704021292276	0.5269728766445592	999	0.45643316168808423	DONE	NA	NA
BRCA	Wu2021	ALL	LYPLA1	Perivascular	24	mean_log1p_counts_per10k	0.2120110637374697	0.20585053769755746	0.15491646343741505	0.282166961968143	0.17777344416360402	0.24959754943845086	1000	0.1891692591540096	DONE	NA	NA
BRCA	Wu2021	ALL	LYPLA1	Plasma_cells	14	mean_log1p_counts_per10k	0.15560709430825384	0.1483495103876871	0.1151891146873065	0.19277743095236458	0.12078086865834606	0.19102199778112847	1000	0.18695395621907115	DONE	NA	NA
BRCA	Wu2021	ALL	LYPLA1	T_NK_cells	26	mean_log1p_counts_per10k	0.18663129141303703	0.1850352059635928	0.13542927440885127	0.2435341559484469	0.15858946371067004	0.21535268013343106	1000	0.11187944150954	DONE	NA	NA
BRCA	Wu2021	ALL	LYPLA2	B_cells	20	mean_log1p_counts_per10k	0.10861733851525046	0.09533054165014565	0.041218858400969394	0.160558407457181	0.07382301250862146	0.14528556142736115	1000	0.07269194856115495	DONE	NA	NA
BRCA	Wu2021	ALL	LYPLA2	Endothelial	24	mean_log1p_counts_per10k	0.20048456140691373	0.2108736417747644	0.15052054538864929	0.2532499763883604	0.16833762714944497	0.23240718722855427	1000	0.19656191810211543	DONE	NA	NA
BRCA	Wu2021	ALL	LYPLA2	Fibroblasts	23	mean_log1p_counts_per10k	0.11337674381804538	0.1150918096347635	0.08787353230161005	0.1390094823841179	0.09367937090765874	0.13334124936918776	1000	0.13583367566396204	DONE	NA	NA
BRCA	Wu2021	ALL	LYPLA2	Malignant_epithelial	20	mean_log1p_counts_per10k	0.3473598950085025	0.28974664398820893	0.24569802964008972	0.38551079573608865	0.28481512247248647	0.42431840074735927	1000	0.41574418597524376	DONE	NA	NA
BRCA	Wu2021	ALL	LYPLA2	Myeloid	26	mean_log1p_counts_per10k	0.14666890696289467	0.13867397466261783	0.0750902432788879	0.2194095390442398	0.11571877363610383	0.1774468923969264	1000	0.16069915163035076	DONE	NA	NA
BRCA	Wu2021	ALL	LYPLA2	Nonmalignant_epithelial	10	mean_log1p_counts_per10k	0.1868479470361638	0.185431554022306	0.13083210103156503	0.2249439782856093	0.15029546661613408	0.22814455983525178	999	0.2533150998083934	DONE	NA	NA
BRCA	Wu2021	ALL	LYPLA2	Perivascular	24	mean_log1p_counts_per10k	0.10923901598879161	0.11155392068258144	0.0644396422704838	0.1620167072352643	0.08420088021344267	0.13490523041166785	1000	0.10552864729109328	DONE	NA	NA
BRCA	Wu2021	ALL	LYPLA2	Plasma_cells	14	mean_log1p_counts_per10k	0.07644364940586153	0.0636382007176417	0.03888743050704905	0.07870445167642215	0.04753137494909182	0.11104535639150913	1000	0.10652386909478442	DONE	NA	NA
BRCA	Wu2021	ALL	LYPLA2	T_NK_cells	26	mean_log1p_counts_per10k	0.14279633374579065	0.12143703665678385	0.10068802438003292	0.16531871106826201	0.11755342396324488	0.16925135756414939	1000	0.08993519550024485	DONE	NA	NA
BRCA	Wu2021	ALL	MGLL	B_cells	20	mean_log1p_counts_per10k	0.027899640270865472	0.0046830519164096	0.0	0.0226505917380759	0.008362487914791826	0.05021346473552919	1000	0.019280719560633833	DONE	NA	NA
BRCA	Wu2021	ALL	MGLL	Endothelial	24	mean_log1p_counts_per10k	0.6475242825132274	0.5498109817315316	0.3896885798052997	0.7933890649381106	0.4997597208024932	0.8106885504686555	1000	0.4212588292348023	DONE	NA	NA
BRCA	Wu2021	ALL	MGLL	Fibroblasts	23	mean_log1p_counts_per10k	0.09954103469900083	0.0911960779506692	0.04123669489632855	0.12960854901810334	0.07315402940851114	0.1272151167091292	1000	0.09141091971363036	DONE	NA	NA
BRCA	Wu2021	ALL	MGLL	Malignant_epithelial	20	mean_log1p_counts_per10k	0.1951311060646988	0.12934900986153663	0.0585528846677988	0.27550828046691955	0.1133213981185288	0.2742055869559294	1000	0.23328344055862021	DONE	NA	NA
BRCA	Wu2021	ALL	MGLL	Myeloid	26	mean_log1p_counts_per10k	0.22979491283872033	0.18313732376619485	0.13959081052061434	0.2748479323402523	0.17412024632892079	0.28701981609351673	1000	0.2002800705398518	DONE	NA	NA
BRCA	Wu2021	ALL	MGLL	Nonmalignant_epithelial	10	mean_log1p_counts_per10k	0.13221584940422032	0.09241050507845755	0.04221543243485215	0.10768759148125862	0.05204800014254898	0.23248269347142175	999	0.14960843979850968	DONE	NA	NA
BRCA	Wu2021	ALL	MGLL	Perivascular	24	mean_log1p_counts_per10k	0.5146775511639237	0.4671096777255447	0.32178104891242415	0.5663301133788214	0.4041645644248403	0.641025095906596	1000	0.33958713253719813	DONE	NA	NA
BRCA	Wu2021	ALL	MGLL	Plasma_cells	14	mean_log1p_counts_per10k	0.09049736610426709	0.092326345053447	0.06281853671187812	0.12389313363914575	0.06346187206123627	0.11487478005011327	1000	0.12431117977403132	DONE	NA	NA
BRCA	Wu2021	ALL	MGLL	T_NK_cells	26	mean_log1p_counts_per10k	0.012422927947044795	0.007545277174165	0.00038263682939665	0.01687593203106415	0.007038758730723549	0.018738703277512873	1000	0.009044473463477516	DONE	NA	NA
BRCA	Wu2021	ALL	NT5C2	B_cells	20	mean_log1p_counts_per10k	0.03885060776511842	0.0393588351415563	0.022508155775460274	0.049280290223799074	0.02735439690773881	0.051938854517455085	1000	0.028435025930896963	DONE	NA	NA
BRCA	Wu2021	ALL	NT5C2	Endothelial	24	mean_log1p_counts_per10k	0.09934716521410293	0.09654945240486824	0.07435484742624728	0.12954540243522883	0.08184356889192293	0.1163199831911532	1000	0.10673435897374443	DONE	NA	NA
BRCA	Wu2021	ALL	NT5C2	Fibroblasts	23	mean_log1p_counts_per10k	0.07201683507493936	0.0719252218085626	0.0626865691431977	0.0947664725023998	0.0578758568846704	0.08645275690671346	1000	0.0958096436759022	DONE	NA	NA
BRCA	Wu2021	ALL	NT5C2	Malignant_epithelial	20	mean_log1p_counts_per10k	0.0824738587880907	0.0678869087029849	0.037050429374190896	0.1150216019726161	0.059862714840518784	0.10982419515097286	1000	0.15280156859282376	DONE	NA	NA
BRCA	Wu2021	ALL	NT5C2	Myeloid	26	mean_log1p_counts_per10k	0.110435714662597	0.10419107903915614	0.0842263180839539	0.12990991974353636	0.08982204349039268	0.13202567214304528	1000	0.13337394356941437	DONE	NA	NA
BRCA	Wu2021	ALL	NT5C2	Nonmalignant_epithelial	10	mean_log1p_counts_per10k	0.09149402681121305	0.0903295513628957	0.0735528818822441	0.10437458591486742	0.07777495037340015	0.1068667647924634	999	0.15691962519911767	DONE	NA	NA
BRCA	Wu2021	ALL	NT5C2	Perivascular	24	mean_log1p_counts_per10k	0.04870290462188662	0.0420205315541752	0.03414883041140812	0.06357393498207077	0.037483157517122195	0.05953807067018694	1000	0.053232423067975376	DONE	NA	NA
BRCA	Wu2021	ALL	NT5C2	Plasma_cells	14	mean_log1p_counts_per10k	0.03922209354894589	0.035530713110132645	0.02763008492631135	0.04708147113823543	0.02644072495677915	0.05377050638744979	1000	0.05282820849903014	DONE	NA	NA
BRCA	Wu2021	ALL	NT5C2	T_NK_cells	26	mean_log1p_counts_per10k	0.041225354877916925	0.041678849049611444	0.0313812330340458	0.04919636839959618	0.03530838030087411	0.04662443048129643	1000	0.026804452420775542	DONE	NA	NA
BRCA	Wu2021	ALL	PTGS1	B_cells	20	mean_log1p_counts_per10k	0.041680886047548785	0.0266327065359546	0.012895226715384376	0.04746578479553507	0.02170242024643221	0.06843543808188289	1000	0.030741473321588254	DONE	NA	NA
BRCA	Wu2021	ALL	PTGS1	Endothelial	24	mean_log1p_counts_per10k	0.018218122786209268	0.01009712184973215	0.0071715868585282005	0.0192344175579004	0.00997265898287457	0.029189224963106743	1000	0.019890486865376	DONE	NA	NA
BRCA	Wu2021	ALL	PTGS1	Fibroblasts	23	mean_log1p_counts_per10k	0.013618506788217943	0.0025891761534118	0.0	0.01217448889466485	0.0051212690171106015	0.023323337364198296	1000	0.01608815248256146	DONE	NA	NA
BRCA	Wu2021	ALL	PTGS1	Malignant_epithelial	20	mean_log1p_counts_per10k	0.014861978561981865	0.0061911699953218005	0.00202101645033235	0.010767106402642324	0.005355517938224904	0.028748894451150496	1000	0.027452308925139456	DONE	NA	NA
BRCA	Wu2021	ALL	PTGS1	Myeloid	26	mean_log1p_counts_per10k	0.19780607538897177	0.21107888365854133	0.11626212573698863	0.27920450197885555	0.15807257091401905	0.23693282109089428	1000	0.21096741751394082	DONE	NA	NA
BRCA	Wu2021	ALL	PTGS1	Nonmalignant_epithelial	10	mean_log1p_counts_per10k	0.0037493581076001405	0.00405270795120615	0.0	0.00582538381558635	0.0015618821923343745	0.0062721229873103305	999	0.005612909042895431	DONE	NA	NA
BRCA	Wu2021	ALL	PTGS1	Perivascular	24	mean_log1p_counts_per10k	0.0068945726964862114	0.0	0.0	0.00236489692015995	0.0013481980946326107	0.015094575677496856	1000	0.004034760064049983	DONE	NA	NA
BRCA	Wu2021	ALL	PTGS1	Plasma_cells	14	mean_log1p_counts_per10k	0.004153675311940814	0.0018830267374474001	0.0	0.005401407968532276	0.0016537382449756505	0.007009536960002792	1000	0.00754812475693933	DONE	NA	NA
BRCA	Wu2021	ALL	PTGS1	T_NK_cells	26	mean_log1p_counts_per10k	0.0033895600686168416	0.0009491823727391499	0.0	0.0036248193105525997	0.0013738225270136886	0.006095905375726804	1000	0.002599622539990042	DONE	NA	NA
BRCA	Wu2021	ALL	PTGS2	B_cells	20	mean_log1p_counts_per10k	0.01693803025240726	0.0	0.0	0.0	0.0	0.050050791164253816	1000	0.010732228481907436	DONE	NA	NA
BRCA	Wu2021	ALL	PTGS2	Endothelial	24	mean_log1p_counts_per10k	0.08111153960307943	0.059793344655025796	0.021356068890210723	0.09634080223116118	0.05157631499158595	0.11513349600260096	1000	0.06020756506793066	DONE	NA	NA
BRCA	Wu2021	ALL	PTGS2	Fibroblasts	23	mean_log1p_counts_per10k	0.0842815275910478	0.08177982403994569	0.0452652242017095	0.13008738914737467	0.06153894618838081	0.10531522102792733	1000	0.0818673462310896	DONE	NA	NA
BRCA	Wu2021	ALL	PTGS2	Malignant_epithelial	20	mean_log1p_counts_per10k	0.008049223056726377	0.0016293769551464499	0.0007134083052311251	0.00883406351326745	0.0027909802767605374	0.015224093014091606	1000	0.01495277525825808	DONE	NA	NA
BRCA	Wu2021	ALL	PTGS2	Myeloid	26	mean_log1p_counts_per10k	0.28062800858593734	0.25576741872572645	0.11751143214110685	0.3787326674804043	0.21251401617696186	0.3607251491992076	1000	0.18972076402976248	DONE	NA	NA
BRCA	Wu2021	ALL	PTGS2	Nonmalignant_epithelial	10	mean_log1p_counts_per10k	0.017451901764990917	0.01551339536454755	0.001109701643444175	0.031157622037489126	0.006925861025300994	0.028125330369739746	999	0.019377397156881943	DONE	NA	NA
BRCA	Wu2021	ALL	PTGS2	Perivascular	24	mean_log1p_counts_per10k	0.010318359600704492	0.0	0.0	0.013288829562669075	0.0035190937301877536	0.018535811854680038	1000	0.013043201896318407	DONE	NA	NA
BRCA	Wu2021	ALL	PTGS2	Plasma_cells	14	mean_log1p_counts_per10k	0.0025488603485794856	0.0	0.0	0.00056207512055985	5.3530963862842856e-05	0.005186854392578249	1000	0.00249784866924825	DONE	NA	NA
BRCA	Wu2021	ALL	PTGS2	T_NK_cells	26	mean_log1p_counts_per10k	0.002965656740771581	0.00104983496272255	0.0	0.004212866992786	0.0014824069883265173	0.004732688373874882	1000	0.0020110876980278117	DONE	NA	NA
BRCA	Wu2021	ALL	PUDP	B_cells	20	mean_log1p_counts_per10k	0.03323719587413071	0.024755751318977046	0.0	0.06121273664658883	0.01992884401878975	0.04796778576959929	1000	0.024428918835490022	DONE	NA	NA
BRCA	Wu2021	ALL	PUDP	Endothelial	24	mean_log1p_counts_per10k	0.049812172335055006	0.0490433438719168	0.026976578544663676	0.06637075123749912	0.03699857005277462	0.06203119655771948	1000	0.057508827484997777	DONE	NA	NA
BRCA	Wu2021	ALL	PUDP	Fibroblasts	23	mean_log1p_counts_per10k	0.028912967309326437	0.0313873656025045	0.011947678447237752	0.04168645964181525	0.020314186276974202	0.03746636485251336	1000	0.03885963039690386	DONE	NA	NA
BRCA	Wu2021	ALL	PUDP	Malignant_epithelial	20	mean_log1p_counts_per10k	0.0684436714124865	0.07581769474027214	0.049373936886912426	0.09259662106795034	0.05339420285888949	0.08308341723848975	1000	0.12579829809288393	DONE	NA	NA
BRCA	Wu2021	ALL	PUDP	Myeloid	26	mean_log1p_counts_per10k	0.05282199987183075	0.052193074625663596	0.03386959278389838	0.07323933812133648	0.041272717031944024	0.06414920476267075	1000	0.06932208296888745	DONE	NA	NA
BRCA	Wu2021	ALL	PUDP	Nonmalignant_epithelial	10	mean_log1p_counts_per10k	0.05135286514108291	0.055505892851746154	0.0409063724399029	0.05982638041561965	0.04271764430063408	0.060100749220965616	999	0.09140538988386968	DONE	NA	NA
BRCA	Wu2021	ALL	PUDP	Perivascular	24	mean_log1p_counts_per10k	0.031450328104467296	0.0221413606190853	0.010718372711949774	0.04305159894894502	0.020174322531724215	0.044447704638756795	1000	0.03155114895445472	DONE	NA	NA
BRCA	Wu2021	ALL	PUDP	Plasma_cells	14	mean_log1p_counts_per10k	0.02689944398030491	0.0228739860890736	0.01479311515930785	0.028054253081074853	0.016246344521407986	0.0389488195133698	1000	0.03478304860446525	DONE	NA	NA
BRCA	Wu2021	ALL	PUDP	T_NK_cells	26	mean_log1p_counts_per10k	0.0325663364180795	0.0307119371043859	0.02193866364583005	0.039241401650284294	0.02525512730631657	0.04051464418810934	1000	0.021456541359576774	DONE	NA	NA
BRCA	Wu2021	ALL	SDHA	B_cells	20	mean_log1p_counts_per10k	0.10191349273107679	0.1069962738188255	0.0555315903858204	0.1358756071355393	0.07287398838339508	0.13304041181587256	1000	0.06690673907770853	DONE	NA	NA
BRCA	Wu2021	ALL	SDHA	Endothelial	24	mean_log1p_counts_per10k	0.16746934530663893	0.16025607930597607	0.10549414482145741	0.21798449346541673	0.13990798290447365	0.1955648153951016	1000	0.17362400126988362	DONE	NA	NA
BRCA	Wu2021	ALL	SDHA	Fibroblasts	23	mean_log1p_counts_per10k	0.2041171682190639	0.2149626378448372	0.1438544026214354	0.2838322918942226	0.16861228645792767	0.23692544404478594	1000	0.2172854123015097	DONE	NA	NA
BRCA	Wu2021	ALL	SDHA	Malignant_epithelial	20	mean_log1p_counts_per10k	0.3197629756102952	0.29807685912207627	0.21708852273411086	0.40365117201910256	0.2582948083413168	0.3793745426644381	1000	0.3921243707450344	DONE	NA	NA
BRCA	Wu2021	ALL	SDHA	Myeloid	26	mean_log1p_counts_per10k	0.14996202813953946	0.15294010254194657	0.0839003778254971	0.19105147192773408	0.12106263112773892	0.1783498086928188	1000	0.1763941860401619	DONE	NA	NA
BRCA	Wu2021	ALL	SDHA	Nonmalignant_epithelial	10	mean_log1p_counts_per10k	0.2180378659201224	0.2311342242341511	0.1383379853015622	0.2902741497184035	0.15969727522839444	0.28115689842954494	999	0.30735341457181414	DONE	NA	NA
BRCA	Wu2021	ALL	SDHA	Perivascular	24	mean_log1p_counts_per10k	0.24490658428240178	0.2632712266184333	0.1424617352253459	0.33243708181559556	0.19224109285889623	0.2987022382712306	1000	0.21109815557604297	DONE	NA	NA
BRCA	Wu2021	ALL	SDHA	Plasma_cells	14	mean_log1p_counts_per10k	0.11411888054551081	0.10488039762685379	0.08838752002125083	0.15268527753074512	0.09005443659050898	0.13770796649909633	1000	0.1584072598961623	DONE	NA	NA
BRCA	Wu2021	ALL	SDHA	T_NK_cells	26	mean_log1p_counts_per10k	0.1679683383147122	0.15709119484009876	0.13962960827118714	0.19661718740864997	0.14017329470555814	0.19742650563828013	1000	0.10586195749187698	DONE	NA	NA
BRCA	Wu2021	ALL	SDHB	B_cells	20	mean_log1p_counts_per10k	0.15319173481604303	0.1647206700413995	0.08425914201150855	0.214003896802782	0.10899366636728633	0.19467099218844044	1000	0.10045907674993557	DONE	NA	NA
BRCA	Wu2021	ALL	SDHB	Endothelial	24	mean_log1p_counts_per10k	0.23288993261683041	0.2301840906026938	0.15060087624113422	0.3167325712227066	0.19360348296531585	0.27125859059679863	1000	0.22554101303263785	DONE	NA	NA
BRCA	Wu2021	ALL	SDHB	Fibroblasts	23	mean_log1p_counts_per10k	0.24369045201861383	0.2491884041541733	0.14689010106183303	0.3110769964025407	0.19757780478743756	0.2935695024795542	1000	0.2528336548729077	DONE	NA	NA
BRCA	Wu2021	ALL	SDHB	Malignant_epithelial	20	mean_log1p_counts_per10k	0.43877846714683083	0.46159590556524976	0.33819819795812395	0.537077971875513	0.36464641393914	0.5124818927527528	1000	0.48479345307620714	DONE	NA	NA
BRCA	Wu2021	ALL	SDHB	Myeloid	26	mean_log1p_counts_per10k	0.34767694909839175	0.36268177510884325	0.22213057957516355	0.4653734630080684	0.2886346384194792	0.4031624005377016	1000	0.3271171279661506	DONE	NA	NA
BRCA	Wu2021	ALL	SDHB	Nonmalignant_epithelial	10	mean_log1p_counts_per10k	0.3503737579703148	0.3588833011377519	0.2737162573245767	0.40253102463451396	0.298817876235761	0.40098075960366264	999	0.4264613019165126	DONE	NA	NA
BRCA	Wu2021	ALL	SDHB	Perivascular	24	mean_log1p_counts_per10k	0.27077703352882354	0.28453076707982794	0.16889383302524155	0.3379465917897433	0.22005830319646225	0.31960245938005505	1000	0.22997999127897065	DONE	NA	NA
BRCA	Wu2021	ALL	SDHB	Plasma_cells	14	mean_log1p_counts_per10k	0.125465307423182	0.11757920188293045	0.09903672713421308	0.154994418447588	0.09986101637937697	0.15430824091727088	1000	0.1620269643191392	DONE	NA	NA
BRCA	Wu2021	ALL	SDHB	T_NK_cells	26	mean_log1p_counts_per10k	0.1723009516018352	0.1924286956466187	0.13527818501320876	0.21125054319783046	0.14937708175133413	0.19293307011882688	1000	0.10533597349410885	DONE	NA	NA
BRCA	Wu2021	ALL	SDHC	B_cells	20	mean_log1p_counts_per10k	0.2111910691044702	0.17904150220526174	0.11772257134499205	0.28230188834265035	0.1581476504886659	0.26356422563316034	1000	0.13504677344043522	DONE	NA	NA
BRCA	Wu2021	ALL	SDHC	Endothelial	24	mean_log1p_counts_per10k	0.37882355147411123	0.35119423818319306	0.2728453631010755	0.5428900058491932	0.30459679081858926	0.45348922111040785	1000	0.32993999482297737	DONE	NA	NA
BRCA	Wu2021	ALL	SDHC	Fibroblasts	23	mean_log1p_counts_per10k	0.40275377770102194	0.4483852470452943	0.2698548705092105	0.4831984123125732	0.34494064628539817	0.45524992084229404	1000	0.3707029086346981	DONE	NA	NA
BRCA	Wu2021	ALL	SDHC	Malignant_epithelial	20	mean_log1p_counts_per10k	0.9232740469166506	0.8943011246799715	0.7879125164272368	1.0033162828230882	0.83025524768951	1.0308644797389384	1000	0.7157859779729134	DONE	NA	NA
BRCA	Wu2021	ALL	SDHC	Myeloid	26	mean_log1p_counts_per10k	0.4014443284333771	0.4043164041512485	0.26642732719112605	0.5057628812901223	0.3430243508560042	0.46000797473029925	1000	0.36885290684102795	DONE	NA	NA
BRCA	Wu2021	ALL	SDHC	Nonmalignant_epithelial	10	mean_log1p_counts_per10k	0.6779010566982093	0.6495154295901624	0.6235309877098048	0.7702083457120582	0.5811678196705524	0.756659796554381	999	0.6365977441390844	DONE	NA	NA
BRCA	Wu2021	ALL	SDHC	Perivascular	24	mean_log1p_counts_per10k	0.4328185832391423	0.4960168886465939	0.31160378575702874	0.5596214189730928	0.3628404562569126	0.5002892759335507	1000	0.3312165597219476	DONE	NA	NA
BRCA	Wu2021	ALL	SDHC	Plasma_cells	14	mean_log1p_counts_per10k	0.18251121353467528	0.1939087597083963	0.10566528950722233	0.2714677975147756	0.13128252746428876	0.2326288274335039	1000	0.23742691302793648	DONE	NA	NA
BRCA	Wu2021	ALL	SDHC	T_NK_cells	26	mean_log1p_counts_per10k	0.25182442870178745	0.23832754138361378	0.16450489105928334	0.33245531500377246	0.20836809468605763	0.29639021100734037	1000	0.15176227067919845	DONE	NA	NA
BRCA	Wu2021	ALL	SDHD	B_cells	20	mean_log1p_counts_per10k	0.12859695761105747	0.09077831654134505	0.0639255024826218	0.2147268275130783	0.08990324473662885	0.16680118092018956	1000	0.08616630944882643	DONE	NA	NA
BRCA	Wu2021	ALL	SDHD	Endothelial	24	mean_log1p_counts_per10k	0.2820579746258503	0.19417466615915346	0.1377133719385267	0.41215530150954194	0.21751944677566207	0.35409377457213326	1000	0.23679667776573385	DONE	NA	NA
BRCA	Wu2021	ALL	SDHD	Fibroblasts	23	mean_log1p_counts_per10k	0.33112644224453425	0.2762386805495728	0.17207529741106126	0.45586873699008684	0.25672199745757657	0.41523262840073016	1000	0.28873620770983044	DONE	NA	NA
BRCA	Wu2021	ALL	SDHD	Malignant_epithelial	20	mean_log1p_counts_per10k	0.3286463186989688	0.1737479102859812	0.1365761196476977	0.3689133440516611	0.20003206672161405	0.5002009560270418	1000	0.34418492880512647	DONE	NA	NA
BRCA	Wu2021	ALL	SDHD	Myeloid	26	mean_log1p_counts_per10k	0.34199791857599593	0.26248485022235757	0.1919948621454159	0.4320193452586365	0.27003525897862973	0.433653729643748	1000	0.29822187088999036	DONE	NA	NA
BRCA	Wu2021	ALL	SDHD	Nonmalignant_epithelial	10	mean_log1p_counts_per10k	0.24618979327623922	0.20975137633584112	0.13201213931327727	0.379990469923695	0.1546257121166366	0.34473904368423747	999	0.32612618571877	DONE	NA	NA
BRCA	Wu2021	ALL	SDHD	Perivascular	24	mean_log1p_counts_per10k	0.3325389423872934	0.28676426518183606	0.14733132722601663	0.4936464676709709	0.25082436389232093	0.42164027435749935	1000	0.2477593435321207	DONE	NA	NA
BRCA	Wu2021	ALL	SDHD	Plasma_cells	14	mean_log1p_counts_per10k	0.12646023959876226	0.1035710806893149	0.04472473035826748	0.12848564881756736	0.07559243679343726	0.18551217552886323	1000	0.14194055180633883	DONE	NA	NA
BRCA	Wu2021	ALL	SDHD	T_NK_cells	26	mean_log1p_counts_per10k	0.16829302920102643	0.1414092729042462	0.08099056554925342	0.2713776432390672	0.12707827014373724	0.21536656807841725	1000	0.09895238234317112	DONE	NA	NA
BRCA	Wu2021	ALL	SLC13A3	B_cells	20	mean_log1p_counts_per10k	0.0	0.0	0.0	0.0	0.0	0.0	1000	0.0	DONE	NA	NA
BRCA	Wu2021	ALL	SLC13A3	Endothelial	24	mean_log1p_counts_per10k	0.001207273159558775	0.0	0.0	7.7011131255775e-05	0.00021972381226821475	0.0025672600282547696	1000	0.0011906796227557793	DONE	NA	NA
BRCA	Wu2021	ALL	SLC13A3	Fibroblasts	23	mean_log1p_counts_per10k	0.01564162220803185	0.0124837901779567	0.00093840770494355	0.0231445762980822	0.009644899268443582	0.022440934137176894	1000	0.019559291953116505	DONE	NA	NA
BRCA	Wu2021	ALL	SLC13A3	Malignant_epithelial	20	mean_log1p_counts_per10k	0.016027017709229225	0.00944382816983135	0.00277737311634215	0.019809407832413625	0.00850396641088994	0.02581138394117235	1000	0.03754244044678736	DONE	NA	NA
BRCA	Wu2021	ALL	SLC13A3	Myeloid	26	mean_log1p_counts_per10k	0.0014885539690613577	0.0	0.0	0.001622753310112825	0.0004191094439539974	0.002870419170096743	1000	0.0012629155829455769	DONE	NA	NA
BRCA	Wu2021	ALL	SLC13A3	Nonmalignant_epithelial	10	mean_log1p_counts_per10k	0.005263370452001899	0.0026984160486086	0.0	0.011559539821495275	0.0018139699644106435	0.009093700738711599	999	0.01027844307793215	DONE	NA	NA
BRCA	Wu2021	ALL	SLC13A3	Perivascular	24	mean_log1p_counts_per10k	0.0053100210864121785	0.0	0.0	0.00788287382487365	0.0023444443210990764	0.008762754714275758	1000	0.006944371366014508	DONE	NA	NA
BRCA	Wu2021	ALL	SLC13A3	Plasma_cells	14	mean_log1p_counts_per10k	0.0	0.0	0.0	0.0	0.0	0.0	1000	0.0	DONE	NA	NA
BRCA	Wu2021	ALL	SLC13A3	T_NK_cells	26	mean_log1p_counts_per10k	0.0005879120081152153	0.0	0.0	0.0007812912093902	0.00019274220106200104	0.0010996808299274948	1000	0.0003701956608685769	DONE	NA	NA
BRCA	Wu2021	ALL	SLC22A2	B_cells	20	mean_log1p_counts_per10k	0.0	0.0	0.0	0.0	0.0	0.0	1000	0.0	DONE	NA	NA
BRCA	Wu2021	ALL	SLC22A2	Endothelial	24	mean_log1p_counts_per10k	0.0	0.0	0.0	0.0	0.0	0.0	1000	0.0	DONE	NA	NA
BRCA	Wu2021	ALL	SLC22A2	Fibroblasts	23	mean_log1p_counts_per10k	0.0006665556943130174	0.0	0.0	0.0	0.00013910542629701073	0.0013178422187693122	1000	0.0011164886244052	DONE	NA	NA
BRCA	Wu2021	ALL	SLC22A2	Malignant_epithelial	20	mean_log1p_counts_per10k	0.00011322431384336499	0.0	0.0	0.0	0.0	0.0003774143794778833	1000	0.000385604113110535	DONE	NA	NA
BRCA	Wu2021	ALL	SLC22A2	Myeloid	26	mean_log1p_counts_per10k	0.0	0.0	0.0	0.0	0.0	0.0	1000	0.0	DONE	NA	NA
BRCA	Wu2021	ALL	SLC22A2	Nonmalignant_epithelial	10	mean_log1p_counts_per10k	0.0	0.0	0.0	0.0	0.0	0.0	999	0.0	DONE	NA	NA
BRCA	Wu2021	ALL	SLC22A2	Perivascular	24	mean_log1p_counts_per10k	0.0009878353314203125	0.0	0.0	0.0	4.795653211678696e-05	0.0025422786635527247	1000	0.0006621103708613292	DONE	NA	NA
BRCA	Wu2021	ALL	SLC22A2	Plasma_cells	14	mean_log1p_counts_per10k	0.0	0.0	0.0	0.0	0.0	0.0	1000	0.0	DONE	NA	NA
BRCA	Wu2021	ALL	SLC22A2	T_NK_cells	26	mean_log1p_counts_per10k	0.00021161276578613076	0.0	0.0	0.0	0.0	0.0006348382973583923	1000	0.00013171759747101925	DONE	NA	NA
BRCA	Wu2021	ALL	SLC22A4	B_cells	20	mean_log1p_counts_per10k	0.0017234623757179102	0.0	0.0	0.0	0.0002021319763966294	0.003734578167318524	1000	0.00105040841027148	DONE	NA	NA
BRCA	Wu2021	ALL	SLC22A4	Endothelial	24	mean_log1p_counts_per10k	0.02887316174023968	0.0296037384197572	0.011538347107836	0.039411953534429	0.02032728413496192	0.038512258853083334	1000	0.03397011713659575	DONE	NA	NA
BRCA	Wu2021	ALL	SLC22A4	Fibroblasts	23	mean_log1p_counts_per10k	0.006395939201974816	0.0069153656068109	0.0	0.00921167461190655	0.004162312338768897	0.008858957620916489	1000	0.010265951804465682	DONE	NA	NA
BRCA	Wu2021	ALL	SLC22A4	Malignant_epithelial	20	mean_log1p_counts_per10k	0.014535138480746192	0.01221023342976935	0.005151796702264499	0.024030507654266647	0.00988512015734375	0.019430333250353978	1000	0.025988286360173356	DONE	NA	NA
BRCA	Wu2021	ALL	SLC22A4	Myeloid	26	mean_log1p_counts_per10k	0.016622637982973684	0.01504499969641095	0.0067119143128167	0.027631313713066652	0.011902699391232525	0.0220505949359564	1000	0.026615419531088973	DONE	NA	NA
BRCA	Wu2021	ALL	SLC22A4	Nonmalignant_epithelial	10	mean_log1p_counts_per10k	0.02777279561658827	0.02365912212076165	0.013398413251227075	0.040490502338820976	0.016431600691345048	0.03901192547653332	999	0.04328637670109185	DONE	NA	NA
BRCA	Wu2021	ALL	SLC22A4	Perivascular	24	mean_log1p_counts_per10k	0.0024807091744371585	0.0	0.0	0.0026698655526996248	0.0009475812955297743	0.00420165068659191	1000	0.0036247721750351414	DONE	NA	NA
BRCA	Wu2021	ALL	SLC22A4	Plasma_cells	14	mean_log1p_counts_per10k	0.0011025687277007499	0.0	0.0	0.0	0.0	0.0034785167615590624	1000	0.0014705882352941144	DONE	NA	NA
BRCA	Wu2021	ALL	SLC22A4	T_NK_cells	26	mean_log1p_counts_per10k	0.0006265450540647732	0.0	0.0	0.000658823258853375	0.00023417978638340799	0.0011599222738291949	1000	0.0005834653464673501	DONE	NA	NA
BRCA	Wu2021	ALL	SLC25A10	B_cells	20	mean_log1p_counts_per10k	0.00987703022375477	0.0	0.0	0.009478811616054975	0.002496130645889138	0.018212727477512465	1000	0.005454701041716055	DONE	NA	NA
BRCA	Wu2021	ALL	SLC25A10	Endothelial	24	mean_log1p_counts_per10k	0.005862757303585563	0.0	0.0	0.0081612097680093	0.0026125686482482207	0.00960833257647143	1000	0.007714332182215309	DONE	NA	NA
BRCA	Wu2021	ALL	SLC25A10	Fibroblasts	23	mean_log1p_counts_per10k	0.007198502153583357	0.0040428768203573	0.0	0.01020441254936015	0.0038363913334057047	0.011707603790685356	1000	0.011354120662860512	DONE	NA	NA
BRCA	Wu2021	ALL	SLC25A10	Malignant_epithelial	20	mean_log1p_counts_per10k	0.1037303977796471	0.0549780370333645	0.043367136352272476	0.12826888758727645	0.06770351685749415	0.14727454592920422	1000	0.1626311809875245	DONE	NA	NA
BRCA	Wu2021	ALL	SLC25A10	Myeloid	26	mean_log1p_counts_per10k	0.005600438936608257	0.0039655948287973	0.0	0.007465052314320375	0.0030631252349319666	0.008491325025083306	1000	0.008354258790046695	DONE	NA	NA
BRCA	Wu2021	ALL	SLC25A10	Nonmalignant_epithelial	10	mean_log1p_counts_per10k	0.053071657816863835	0.039579779797333	0.030119771634608876	0.0697801622847564	0.03331930081947399	0.07221087949058821	999	0.08606647848938102	DONE	NA	NA
BRCA	Wu2021	ALL	SLC25A10	Perivascular	24	mean_log1p_counts_per10k	0.007841338889234196	0.0002827933236488	0.0	0.009708208868003675	0.0033486477215082747	0.01355994409310252	1000	0.008848356855971242	DONE	NA	NA
BRCA	Wu2021	ALL	SLC25A10	Plasma_cells	14	mean_log1p_counts_per10k	0.006376034894797399	0.0	0.0	0.01269351563037675	0.002127506008989871	0.011265585282146079	1000	0.009705711212095406	DONE	NA	NA
BRCA	Wu2021	ALL	SLC25A10	T_NK_cells	26	mean_log1p_counts_per10k	0.005376294444910478	0.0022042382681702498	5.78424925477e-05	0.005462302541470175	0.0024650939993272033	0.0087520518520793	1000	0.003971845006000089	DONE	NA	NA
BRCA	Wu2021	ALL	SLC25A20	B_cells	20	mean_log1p_counts_per10k	0.020369276386810842	0.017970432428036802	0.0029153981713329748	0.03177721538219345	0.013140938468571376	0.028691436329349937	1000	0.0148440972616504	DONE	NA	NA
BRCA	Wu2021	ALL	SLC25A20	Endothelial	24	mean_log1p_counts_per10k	0.046653752000668784	0.039139508595541	0.02161501172095585	0.0731940177491829	0.034534153908084474	0.05927076056887641	1000	0.054604153048553185	DONE	NA	NA
BRCA	Wu2021	ALL	SLC25A20	Fibroblasts	23	mean_log1p_counts_per10k	0.03873005639337657	0.0297210264942945	0.0156950322308311	0.051688883391510204	0.02637459014300009	0.05414197672084919	1000	0.04997231387192961	DONE	NA	NA
BRCA	Wu2021	ALL	SLC25A20	Malignant_epithelial	20	mean_log1p_counts_per10k	0.04178522132900976	0.028015874727980103	0.020642328411444227	0.04650977905345813	0.029312633808795403	0.05581495692941627	1000	0.07718647298112735	DONE	NA	NA
BRCA	Wu2021	ALL	SLC25A20	Myeloid	26	mean_log1p_counts_per10k	0.05335580939721915	0.0483354256185725	0.030982626247147024	0.08443296413531759	0.04235564692509665	0.06491799105176307	1000	0.07292769960375414	DONE	NA	NA
BRCA	Wu2021	ALL	SLC25A20	Nonmalignant_epithelial	10	mean_log1p_counts_per10k	0.029773424054002774	0.0326800791909054	0.015214356806216325	0.0478968471002209	0.016878442061373497	0.041925450968099215	999	0.05530568204140316	DONE	NA	NA
BRCA	Wu2021	ALL	SLC25A20	Perivascular	24	mean_log1p_counts_per10k	0.04170184729690977	0.035957623345605205	0.008476832529462925	0.059363628320441474	0.02742527493048841	0.05644424735593451	1000	0.03896520436155105	DONE	NA	NA
BRCA	Wu2021	ALL	SLC25A20	Plasma_cells	14	mean_log1p_counts_per10k	0.027676224556602298	0.0295701876476025	0.009666686682633875	0.03464200469709423	0.015428901432796438	0.03947620653685908	1000	0.04069601384552383	DONE	NA	NA
BRCA	Wu2021	ALL	SLC25A20	T_NK_cells	26	mean_log1p_counts_per10k	0.053593241419840405	0.045714665825385956	0.033334559202971153	0.0670538599947232	0.04193235496612895	0.06674718504668987	1000	0.033559843914299954	DONE	NA	NA
BRCA	Wu2021	ALL	SLC29A2	B_cells	20	mean_log1p_counts_per10k	0.004917289301178825	0.0	0.0	0.007454720660621525	0.0017915684221141116	0.00878495227147799	1000	0.00363915511792385	DONE	NA	NA
BRCA	Wu2021	ALL	SLC29A2	Endothelial	24	mean_log1p_counts_per10k	0.0032867790675970127	0.0	0.0	0.003128793632440125	0.0010064257491422784	0.0065710753668210805	1000	0.003318309074469996	DONE	NA	NA
BRCA	Wu2021	ALL	SLC29A2	Fibroblasts	23	mean_log1p_counts_per10k	0.0013934325978152131	0.0	0.0	0.0	0.00013885444520196665	0.0028982694064361735	1000	0.0011674734082235915	DONE	NA	NA
BRCA	Wu2021	ALL	SLC29A2	Malignant_epithelial	20	mean_log1p_counts_per10k	0.05946586823411515	0.06995381405862561	0.041435847149603855	0.08287937417550553	0.044645124644612885	0.07443180816958977	1000	0.10825403506589718	DONE	NA	NA
BRCA	Wu2021	ALL	SLC29A2	Myeloid	26	mean_log1p_counts_per10k	0.0020244743231412577	0.0	0.0	0.0040676890421044755	0.0010288542986767548	0.0031605398610304305	1000	0.002638702626956873	DONE	NA	NA
BRCA	Wu2021	ALL	SLC29A2	Nonmalignant_epithelial	10	mean_log1p_counts_per10k	0.034479536664137764	0.0365373162536866	0.028027933477411275	0.04422169882243757	0.0244951801935551	0.042877555182767625	999	0.05642010809623964	DONE	NA	NA
BRCA	Wu2021	ALL	SLC29A2	Perivascular	24	mean_log1p_counts_per10k	0.004797013368729924	0.0	0.0	0.008554638553784875	0.0022077714753462882	0.00775151958273887	1000	0.005083591141487292	DONE	NA	NA
BRCA	Wu2021	ALL	SLC29A2	Plasma_cells	14	mean_log1p_counts_per10k	0.006204112346204979	0.0	0.0	0.008896243206379224	0.00123428758235736	0.012116185080492952	1000	0.008959866715878602	DONE	NA	NA
BRCA	Wu2021	ALL	SLC29A2	T_NK_cells	26	mean_log1p_counts_per10k	0.00453386778501445	0.0043633255848301	0.0	0.007412687846616225	0.0029924491050445255	0.006021688764398816	1000	0.0027712080165931655	DONE	NA	NA
BRCA	Wu2021	ALL	SLC47A1	B_cells	20	mean_log1p_counts_per10k	0.0	0.0	0.0	0.0	0.0	0.0	1000	0.0	DONE	NA	NA
BRCA	Wu2021	ALL	SLC47A1	Endothelial	24	mean_log1p_counts_per10k	0.0006449286435172625	0.0	0.0	0.0	9.575453777711336e-05	0.0013049380403247078	1000	0.0010520820996482748	DONE	NA	NA
BRCA	Wu2021	ALL	SLC47A1	Fibroblasts	23	mean_log1p_counts_per10k	0.0013600267683387477	0.0	0.0	0.0022073478200959	0.0005059126404210659	0.0022939120687159465	1000	0.0023467925064483697	DONE	NA	NA
BRCA	Wu2021	ALL	SLC47A1	Malignant_epithelial	20	mean_log1p_counts_per10k	0.002239442980666295	0.00024768085201115	0.0	0.001280273533622225	0.000584867645646308	0.004502870567380925	1000	0.004480809827628441	DONE	NA	NA
BRCA	Wu2021	ALL	SLC47A1	Myeloid	26	mean_log1p_counts_per10k	0.020383355617822948	0.016352594163330098	0.0049646053777423	0.0263557934232443	0.013636669491422492	0.027427157631739873	1000	0.03332740790209801	DONE	NA	NA
BRCA	Wu2021	ALL	SLC47A1	Nonmalignant_epithelial	10	mean_log1p_counts_per10k	0.001986299245147	0.0	0.0	0.0034022673447294746	0.0	0.004209688702927617	999	0.0021761588894083097	DONE	NA	NA
BRCA	Wu2021	ALL	SLC47A1	Perivascular	24	mean_log1p_counts_per10k	0.0012542713505750292	0.0	0.0	0.001963444741278575	0.0004303072217670279	0.002349358720893852	1000	0.0016353129289549625	DONE	NA	NA
BRCA	Wu2021	ALL	SLC47A1	Plasma_cells	14	mean_log1p_counts_per10k	0.01319760013149013	0.0084705646785449	0.0	0.02415025450356465	0.0067448584668177835	0.020666913599894202	1000	0.02302003477430548	DONE	NA	NA
BRCA	Wu2021	ALL	SLC47A1	T_NK_cells	26	mean_log1p_counts_per10k	0.00014208548310290002	0.0	0.0	0.0	3.508100127971923e-05	0.00027812828845941216	1000	0.00022059527125701923	DONE	NA	NA
BRCA	Wu2021	ALL	SLC47A2	B_cells	20	mean_log1p_counts_per10k	0.0	0.0	0.0	0.0	0.0	0.0	1000	0.0	DONE	NA	NA
BRCA	Wu2021	ALL	SLC47A2	Endothelial	24	mean_log1p_counts_per10k	7.0669706146208326e-06	0.0	0.0	0.0	0.0	2.2122690619682606e-05	1000	1.4998800095991667e-05	DONE	NA	NA
BRCA	Wu2021	ALL	SLC47A2	Fibroblasts	23	mean_log1p_counts_per10k	0.0009126752669124826	0.0	0.0	0.0	0.0	0.001979179486465518	1000	0.001652988335728848	DONE	NA	NA
BRCA	Wu2021	ALL	SLC47A2	Malignant_epithelial	20	mean_log1p_counts_per10k	0.00039617406388699	0.0	0.0	8.3094968557475e-05	3.4590058190492395e-05	0.0010541831004151417	1000	0.00074780525670676	DONE	NA	NA
BRCA	Wu2021	ALL	SLC47A2	Myeloid	26	mean_log1p_counts_per10k	3.3216654441400006e-05	0.0	0.0	0.0	0.0	9.964996332420003e-05	1000	0.0001732501732501731	DONE	NA	NA
BRCA	Wu2021	ALL	SLC47A2	Nonmalignant_epithelial	10	mean_log1p_counts_per10k	0.00200401224773157	0.0	0.0	0.001835074518027675	0.00010855947532379961	0.005050101062857375	999	0.00176427025185846	DONE	NA	NA
BRCA	Wu2021	ALL	SLC47A2	Perivascular	24	mean_log1p_counts_per10k	2.4258468506212504e-05	0.0	0.0	0.0	0.0	7.593955358466523e-05	1000	9.405568096312917e-05	DONE	NA	NA
BRCA	Wu2021	ALL	SLC47A2	Plasma_cells	14	mean_log1p_counts_per10k	0.0	0.0	0.0	0.0	0.0	0.0	1000	0.0	DONE	NA	NA
BRCA	Wu2021	ALL	SLC47A2	T_NK_cells	26	mean_log1p_counts_per10k	0.00013638594045523077	0.0	0.0	0.0	0.0	0.00032042954734145385	1000	8.274431066560384e-05	DONE	NA	NA
BRCA	Wu2021	ALL	SLC5A10	B_cells	20	mean_log1p_counts_per10k	0.00480044190626505	0.0	0.0	0.0	0.00023393801386943945	0.011780594315518646	1000	0.00209321264683698	DONE	NA	NA
BRCA	Wu2021	ALL	SLC5A10	Endothelial	24	mean_log1p_counts_per10k	0.0020483246147217334	0.0	0.0	0.000131408294481475	0.0002919449366596165	0.004099641630497968	1000	0.0018663572389881293	DONE	NA	NA
BRCA	Wu2021	ALL	SLC5A10	Fibroblasts	23	mean_log1p_counts_per10k	0.0	0.0	0.0	0.0	0.0	0.0	1000	0.0	DONE	NA	NA
BRCA	Wu2021	ALL	SLC5A10	Malignant_epithelial	20	mean_log1p_counts_per10k	0.001755463946446225	6.675124537525e-05	0.0	0.00039992675310204995	0.00020161643032466655	0.0046310465273591925	1000	0.004391542819911236	DONE	NA	NA
BRCA	Wu2021	ALL	SLC5A10	Myeloid	26	mean_log1p_counts_per10k	0.0003262182572096884	0.0	0.0	0.0	0.0	0.0008946044130761115	1000	0.0007261247843169268	DONE	NA	NA
BRCA	Wu2021	ALL	SLC5A10	Nonmalignant_epithelial	10	mean_log1p_counts_per10k	0.00306745537843195	0.00064902396163585	0.0	0.0029975946677913	0.0005683631174421796	0.0071712420108138155	999	0.00688913490771248	DONE	NA	NA
BRCA	Wu2021	ALL	SLC5A10	Perivascular	24	mean_log1p_counts_per10k	7.252101608473334e-05	0.0	0.0	0.0	0.0	0.00022702231122177392	1000	7.038288288287917e-05	DONE	NA	NA
BRCA	Wu2021	ALL	SLC5A10	Plasma_cells	14	mean_log1p_counts_per10k	0.00158305026971965	0.0	0.0	0.0	0.0	0.0050468299423983695	1000	0.0015581232492997144	DONE	NA	NA
BRCA	Wu2021	ALL	SLC5A10	T_NK_cells	26	mean_log1p_counts_per10k	3.1757350564826924e-05	0.0	0.0	0.0	0.0	9.527205169448077e-05	1000	2.6427992529684616e-05	DONE	NA	NA
BRCA	Wu2021	ALL	SUCLA2	B_cells	20	mean_log1p_counts_per10k	0.035420882796376285	0.03864134152579155	0.022875415202527727	0.04874439340779879	0.02553049317947558	0.04588354891318648	1000	0.022945165757376398	DONE	NA	NA
BRCA	Wu2021	ALL	SUCLA2	Endothelial	24	mean_log1p_counts_per10k	0.08983887475321355	0.08369249824142914	0.0573380741193414	0.11990064026710755	0.07488893935901675	0.10376095470580747	1000	0.09626524666610004	DONE	NA	NA
BRCA	Wu2021	ALL	SUCLA2	Fibroblasts	23	mean_log1p_counts_per10k	0.15739039963544044	0.1452879533953487	0.10102930401822639	0.20050455932649353	0.1298235906049903	0.18466381161143483	1000	0.1684151591252455	DONE	NA	NA
BRCA	Wu2021	ALL	SUCLA2	Malignant_epithelial	20	mean_log1p_counts_per10k	0.16304029562250558	0.14336234900929207	0.07511207359689573	0.25735997054281956	0.12078463138572876	0.2084843199756982	1000	0.24226656384390388	DONE	NA	NA
BRCA	Wu2021	ALL	SUCLA2	Myeloid	26	mean_log1p_counts_per10k	0.06302888932089479	0.05846295616587465	0.043543722924287175	0.07561267186254439	0.05131483519382039	0.07498491591415066	1000	0.08288059570962401	DONE	NA	NA
BRCA	Wu2021	ALL	SUCLA2	Nonmalignant_epithelial	10	mean_log1p_counts_per10k	0.17481248197475316	0.15671043425578218	0.14170804108422272	0.19872681791928948	0.1351230011429547	0.2188919962065425	999	0.24746855633805445	DONE	NA	NA
BRCA	Wu2021	ALL	SUCLA2	Perivascular	24	mean_log1p_counts_per10k	0.16114627714350688	0.1609761237153955	0.07954667393733307	0.22914163724527006	0.12323894206177144	0.19925688289320487	1000	0.14055296394977262	DONE	NA	NA
BRCA	Wu2021	ALL	SUCLA2	Plasma_cells	14	mean_log1p_counts_per10k	0.02490953317279281	0.0232832549944471	0.012312560356888198	0.030954131176111052	0.016540098873076607	0.03505061040935178	1000	0.04054644000055078	DONE	NA	NA
BRCA	Wu2021	ALL	SUCLA2	T_NK_cells	26	mean_log1p_counts_per10k	0.059173851070618344	0.0571699616324153	0.03832613931095798	0.07472675207121245	0.050766099820903875	0.06954019652656981	1000	0.03631496951243193	DONE	NA	NA
BRCA	Wu2021	ALL	SUCLG1	B_cells	20	mean_log1p_counts_per10k	0.12595425146942243	0.14156796451798226	0.07853000190528672	0.16277061468540638	0.10100015329137069	0.1526666760374811	1000	0.08483133091564118	DONE	NA	NA
BRCA	Wu2021	ALL	SUCLG1	Endothelial	24	mean_log1p_counts_per10k	0.22758780321182562	0.2117713306668281	0.11765416630717658	0.3210942709919612	0.18076753161977235	0.2734351863494694	1000	0.2268100913566693	DONE	NA	NA
BRCA	Wu2021	ALL	SUCLG1	Fibroblasts	23	mean_log1p_counts_per10k	0.2870794179169998	0.2911374842239347	0.21512740896793942	0.3401677962568039	0.23842316561448448	0.33625022905604657	1000	0.29325022767611786	DONE	NA	NA
BRCA	Wu2021	ALL	SUCLG1	Malignant_epithelial	20	mean_log1p_counts_per10k	0.4347394882374796	0.4041445705720552	0.3215389058589996	0.5481689418619543	0.36340178473152523	0.5051589349795567	1000	0.47863856116865133	DONE	NA	NA
BRCA	Wu2021	ALL	SUCLG1	Myeloid	26	mean_log1p_counts_per10k	0.2696733074152154	0.2599520044635302	0.20571283165172158	0.33918531449808303	0.23215651256609002	0.3038234589866633	1000	0.28156734116320464	DONE	NA	NA
BRCA	Wu2021	ALL	SUCLG1	Nonmalignant_epithelial	10	mean_log1p_counts_per10k	0.5559752237620683	0.5647428763382953	0.44449206345166037	0.7323259217297706	0.4294366976811591	0.6743338762608226	999	0.5502640827223628	DONE	NA	NA
BRCA	Wu2021	ALL	SUCLG1	Perivascular	24	mean_log1p_counts_per10k	0.2964670683230957	0.28483696925364277	0.19471688467636333	0.41138717190792573	0.24079921233966745	0.3510464886718646	1000	0.24658108624169017	DONE	NA	NA
BRCA	Wu2021	ALL	SUCLG1	Plasma_cells	14	mean_log1p_counts_per10k	0.1121874356803261	0.11097028999197296	0.07381094844755635	0.13598607198536503	0.08150193017118935	0.14340456333685378	1000	0.1627004981307902	DONE	NA	NA
BRCA	Wu2021	ALL	SUCLG1	T_NK_cells	26	mean_log1p_counts_per10k	0.1843768614445798	0.17779565988446794	0.13039716736186613	0.21963371052031988	0.157131309177854	0.21281137079756024	1000	0.11534459123583339	DONE	NA	NA
BRCA	Wu2021	ALL	SUCLG2	B_cells	20	mean_log1p_counts_per10k	0.10912643090574728	0.11892999561908871	0.07201454038232838	0.15891101092833534	0.08470700074753351	0.13160731045420132	1000	0.07301905482282585	DONE	NA	NA
BRCA	Wu2021	ALL	SUCLG2	Endothelial	24	mean_log1p_counts_per10k	0.1546578470502354	0.1452600153753795	0.12257311014263167	0.19509951129245878	0.13196571853685132	0.1769287579524121	1000	0.15883784208794385	DONE	NA	NA
BRCA	Wu2021	ALL	SUCLG2	Fibroblasts	23	mean_log1p_counts_per10k	0.1981112887169446	0.187286380817082	0.14460054044500503	0.25032132057942624	0.16772163075847432	0.2277881428447111	1000	0.22052165219436268	DONE	NA	NA
BRCA	Wu2021	ALL	SUCLG2	Malignant_epithelial	20	mean_log1p_counts_per10k	0.26480833094846873	0.25502023899481263	0.13429834593927867	0.3565137320885441	0.21040069134307593	0.3164521892741997	1000	0.35164528009324697	DONE	NA	NA
BRCA	Wu2021	ALL	SUCLG2	Myeloid	26	mean_log1p_counts_per10k	0.14531249603388793	0.14815113280199288	0.09595861177739284	0.1938669865005894	0.1221814218448307	0.16970925233823134	1000	0.17130435929352503	DONE	NA	NA
BRCA	Wu2021	ALL	SUCLG2	Nonmalignant_epithelial	10	mean_log1p_counts_per10k	0.2407915499652804	0.2434025488884194	0.21768159631361164	0.2978035783819501	0.19034586790183486	0.29231958945543113	999	0.33030266431314187	DONE	NA	NA
BRCA	Wu2021	ALL	SUCLG2	Perivascular	24	mean_log1p_counts_per10k	0.1993032766923267	0.2024407735309374	0.13354094225937158	0.2397620637452777	0.1624019666831303	0.23777843270165852	1000	0.18235195625109266	DONE	NA	NA
BRCA	Wu2021	ALL	SUCLG2	Plasma_cells	14	mean_log1p_counts_per10k	0.05657636661652284	0.05440832535796204	0.022272907859494876	0.07250278047088693	0.034309181357901876	0.08150955346967252	1000	0.08499944753868613	DONE	NA	NA
BRCA	Wu2021	ALL	SUCLG2	T_NK_cells	26	mean_log1p_counts_per10k	0.12784297973619693	0.1296092388148255	0.08882750974770967	0.16526038499364842	0.11089156009927373	0.14469704355354635	1000	0.08036470858556684	DONE	NA	NA
BRCA	Wu2021	Naive	ABHD12	B_cells	17	mean_log1p_counts_per10k	0.06670445973327467	0.0773710608191526	0.0363786603388932	0.11294329612516468	0.04557696495609749	0.0874614337958987	1000	0.043749603607551986	DONE	NA	NA
BRCA	Wu2021	Naive	ABHD12	Endothelial	20	mean_log1p_counts_per10k	0.12855750315072748	0.11090050989392114	0.08540370687060733	0.15992712356151584	0.10125232056237465	0.16214670820037302	1000	0.12961990078601104	DONE	NA	NA
BRCA	Wu2021	Naive	ABHD12	Fibroblasts	19	mean_log1p_counts_per10k	0.13409507081586644	0.1314711545997999	0.07369568205982241	0.1658734563944126	0.1042076577554041	0.1641568155191095	1000	0.1494446189077101	DONE	NA	NA
BRCA	Wu2021	Naive	ABHD12	Malignant_epithelial	16	mean_log1p_counts_per10k	0.32291075153988247	0.2694302381695487	0.2120110793293299	0.4240883313018732	0.25358644019097343	0.3958094179646953	1000	0.3893012623933169	DONE	NA	NA
BRCA	Wu2021	Naive	ABHD12	Myeloid	21	mean_log1p_counts_per10k	0.44219137270997505	0.4382451939137849	0.2607294694480758	0.605626219980509	0.364498242384131	0.5181706569771704	1000	0.36952951967647485	DONE	NA	NA
BRCA	Wu2021	Naive	ABHD12	Nonmalignant_epithelial	9	mean_log1p_counts_per10k	0.1388030605221018	0.1470885453694831	0.0896003319452738	0.1784292501545551	0.09247165289668732	0.18259926350695546	1000	0.20304101738504082	DONE	NA	NA
BRCA	Wu2021	Naive	ABHD12	Perivascular	20	mean_log1p_counts_per10k	0.1159791175272797	0.10452016305035575	0.06183655890345938	0.16826436731495523	0.08713325958520778	0.14355391517133514	1000	0.11007501431065703	DONE	NA	NA
BRCA	Wu2021	Naive	ABHD12	Plasma_cells	13	mean_log1p_counts_per10k	0.11817501698857244	0.1294762265327963	0.0831721990587005	0.1492180040758132	0.08931202507020762	0.1458592232895785	1000	0.1589765253847662	DONE	NA	NA
BRCA	Wu2021	Naive	ABHD12	T_NK_cells	21	mean_log1p_counts_per10k	0.08966713637796293	0.0971018893541779	0.060922539346177	0.12169930801667689	0.06998053035359746	0.10758505065469694	1000	0.055326701839422204	DONE	NA	NA
BRCA	Wu2021	Naive	ABHD6	B_cells	17	mean_log1p_counts_per10k	0.019506617819961974	0.0152994658562847	0.0	0.0211972401276519	0.00825933913927156	0.03571600923873431	1000	0.011255244852469311	DONE	NA	NA
BRCA	Wu2021	Naive	ABHD6	Endothelial	20	mean_log1p_counts_per10k	0.041276493866923565	0.0337751275120119	0.0283510300818666	0.06361381375171032	0.02970041452959655	0.05307309361733967	1000	0.0477977468899588	DONE	NA	NA
BRCA	Wu2021	Naive	ABHD6	Fibroblasts	19	mean_log1p_counts_per10k	0.012854489312550326	0.0127192062433625	0.0026585148190747	0.016231376647643653	0.00771284069796757	0.018932751309081827	1000	0.02195129579674146	DONE	NA	NA
BRCA	Wu2021	Naive	ABHD6	Malignant_epithelial	16	mean_log1p_counts_per10k	0.01291884497131918	0.0086142900545356	0.00225561521128195	0.019692839517109477	0.006661449719970096	0.019834869206386014	1000	0.02537021844882289	DONE	NA	NA
BRCA	Wu2021	Naive	ABHD6	Myeloid	21	mean_log1p_counts_per10k	0.03645981297292242	0.03997449725121	0.0211465470317708	0.0481856821949716	0.027136125824044042	0.04563468469595798	1000	0.05418637220982595	DONE	NA	NA
BRCA	Wu2021	Naive	ABHD6	Nonmalignant_epithelial	9	mean_log1p_counts_per10k	0.014506791160224845	0.0121311675967367	0.0096404794698589	0.0229548148649051	0.008970384685425395	0.020367931279125714	1000	0.02538491719110261	DONE	NA	NA
BRCA	Wu2021	Naive	ABHD6	Perivascular	20	mean_log1p_counts_per10k	0.013333822836722447	0.0079863066209155	0.0	0.025246967390574176	0.007461114492889698	0.0207557467411519	1000	0.016503287785775554	DONE	NA	NA
BRCA	Wu2021	Naive	ABHD6	Plasma_cells	13	mean_log1p_counts_per10k	0.005383198834680716	0.0023149452233535	0.0	0.0092681186120605	0.0019437397728280016	0.008917424824265706	1000	0.0062935931614325	DONE	NA	NA
BRCA	Wu2021	Naive	ABHD6	T_NK_cells	21	mean_log1p_counts_per10k	0.017779296841031182	0.0163349726259204	0.0094256027810986	0.022634373702153095	0.012899793789895149	0.023459050184547324	1000	0.011108615128726058	DONE	NA	NA
BRCA	Wu2021	Naive	ACSL1	B_cells	17	mean_log1p_counts_per10k	0.040661833809010436	0.0379623363705765	0.0347379305117922	0.04634430745095269	0.029911579122201968	0.051208118754885665	1000	0.02921863144481188	DONE	NA	NA
BRCA	Wu2021	Naive	ACSL1	Endothelial	20	mean_log1p_counts_per10k	0.025423109210159583	0.025239948995304302	0.013004319065849576	0.03843463275565495	0.017577343241217104	0.03297731397852567	1000	0.0314730395256196	DONE	NA	NA
BRCA	Wu2021	Naive	ACSL1	Fibroblasts	19	mean_log1p_counts_per10k	0.06543179241645167	0.0604929855043925	0.0271783352507718	0.09571257311359666	0.043117340507574736	0.0880535071518242	1000	0.07992813878353235	DONE	NA	NA
BRCA	Wu2021	Naive	ACSL1	Malignant_epithelial	16	mean_log1p_counts_per10k	0.12947687103340033	0.043359772417935455	0.0193982668073493	0.08969701312661454	0.040288351243314646	0.2556772789370932	1000	0.15459558839526794	DONE	NA	NA
BRCA	Wu2021	Naive	ACSL1	Myeloid	21	mean_log1p_counts_per10k	0.3164722319174697	0.2554770771092691	0.211104578216545	0.4398800081091974	0.24332171704505692	0.395193626935845	1000	0.283197947702406	DONE	NA	NA
BRCA	Wu2021	Naive	ACSL1	Nonmalignant_epithelial	9	mean_log1p_counts_per10k	0.06205608139805305	0.05802959947757211	0.0543161036802081	0.0772301706464552	0.048536892756767	0.07302883587246442	1000	0.10850680172501775	DONE	NA	NA
BRCA	Wu2021	Naive	ACSL1	Perivascular	20	mean_log1p_counts_per10k	0.02732422581182801	0.02870712093871715	0.014011351586250425	0.03844648910049855	0.01887115770330567	0.03613596679561692	1000	0.028368601512275094	DONE	NA	NA
BRCA	Wu2021	Naive	ACSL1	Plasma_cells	13	mean_log1p_counts_per10k	0.014778800848849954	0.008775687132438	0.0044163336357944	0.0193307936958731	0.006997783318508114	0.02424029847938563	1000	0.012798426099301093	DONE	NA	NA
BRCA	Wu2021	Naive	ACSL1	T_NK_cells	21	mean_log1p_counts_per10k	0.029416779003413905	0.0318142054977138	0.0232601125649173	0.0338251713826122	0.02298111721931144	0.03619772450180617	1000	0.019401734644946593	DONE	NA	NA
BRCA	Wu2021	Naive	ACSL3	B_cells	17	mean_log1p_counts_per10k	0.09659273665894427	0.0865660317268773	0.0764100958367566	0.1242697010926864	0.0760526421682006	0.11861845704885064	1000	0.06289209186599211	DONE	NA	NA
BRCA	Wu2021	Naive	ACSL3	Endothelial	20	mean_log1p_counts_per10k	0.1907697554501205	0.2056562840483292	0.14840998022825963	0.2268088066019258	0.15899770809624744	0.2221547322079336	1000	0.1767605251175714	DONE	NA	NA
BRCA	Wu2021	Naive	ACSL3	Fibroblasts	19	mean_log1p_counts_per10k	0.21548031676161133	0.22720482485484653	0.1627404057964023	0.25129906527314105	0.17416828177498644	0.26493540314675695	1000	0.2265361737994389	DONE	NA	NA
BRCA	Wu2021	Naive	ACSL3	Malignant_epithelial	16	mean_log1p_counts_per10k	0.43854608675884116	0.4371007560817276	0.35351838782552625	0.5419904585326439	0.36791006892582084	0.5038308715766178	1000	0.46593686986420585	DONE	NA	NA
BRCA	Wu2021	Naive	ACSL3	Myeloid	21	mean_log1p_counts_per10k	0.260133931243011	0.226686511903191	0.1529260862630001	0.3631375754211737	0.2044085695476238	0.3235396226355077	1000	0.25495715389870394	DONE	NA	NA
BRCA	Wu2021	Naive	ACSL3	Nonmalignant_epithelial	9	mean_log1p_counts_per10k	0.4060905399019938	0.3657370284928587	0.3572634300483427	0.3849083138211425	0.35693870857452065	0.47880994638407726	1000	0.443647429358361	DONE	NA	NA
BRCA	Wu2021	Naive	ACSL3	Perivascular	20	mean_log1p_counts_per10k	0.1795949617611778	0.17287089902289435	0.14039310645650732	0.2294689831511273	0.1396847126554165	0.22496206742934083	1000	0.15480231633216382	DONE	NA	NA
BRCA	Wu2021	Naive	ACSL3	Plasma_cells	13	mean_log1p_counts_per10k	0.06601127563084444	0.0573504092984057	0.0403825520706687	0.0676921665009149	0.04571032596090741	0.09151865289804705	1000	0.08594191041877959	DONE	NA	NA
BRCA	Wu2021	Naive	ACSL3	T_NK_cells	21	mean_log1p_counts_per10k	0.09236176826989936	0.0884355983533509	0.0678852539183971	0.1074634957755888	0.0778603030154773	0.1117134579276256	1000	0.057591824954537255	DONE	NA	NA
BRCA	Wu2021	Naive	ACSL4	B_cells	17	mean_log1p_counts_per10k	0.04207211923923243	0.0394508031544746	0.0235731906893577	0.0517771813468763	0.026896987187753234	0.06134806461470087	1000	0.03152919578379939	DONE	NA	NA
BRCA	Wu2021	Naive	ACSL4	Endothelial	20	mean_log1p_counts_per10k	0.13512985834313562	0.11596594574942645	0.07785799766052003	0.15777608403764545	0.10278253514321159	0.17376749594144733	1000	0.14026063335573527	DONE	NA	NA
BRCA	Wu2021	Naive	ACSL4	Fibroblasts	19	mean_log1p_counts_per10k	0.1482762605687278	0.1361881202546498	0.05648115873698009	0.1599540319606669	0.09710022381891331	0.21616612967773155	1000	0.17395539544484134	DONE	NA	NA
BRCA	Wu2021	Naive	ACSL4	Malignant_epithelial	16	mean_log1p_counts_per10k	0.01097612853689105	0.0023909344204390004	0.000919313562254625	0.011211230589045225	0.003390337928433016	0.02037756733906185	1000	0.019936182148596354	DONE	NA	NA
BRCA	Wu2021	Naive	ACSL4	Myeloid	21	mean_log1p_counts_per10k	0.1601083161884633	0.1646894351559505	0.0946437373810863	0.19205390249447177	0.12598133865550157	0.19582352901690775	1000	0.18353094483671267	DONE	NA	NA
BRCA	Wu2021	Naive	ACSL4	Nonmalignant_epithelial	9	mean_log1p_counts_per10k	0.03991795503376148	0.0319661948196118	0.025446337971310403	0.04609334161199119	0.020556539665017606	0.06139626367281696	1000	0.055980745006068346	DONE	NA	NA
BRCA	Wu2021	Naive	ACSL4	Perivascular	20	mean_log1p_counts_per10k	0.08418340132664391	0.0790238041697954	0.04650996339497283	0.10429751064129897	0.05708399744980607	0.11728513384659606	1000	0.08872637147827775	DONE	NA	NA
BRCA	Wu2021	Naive	ACSL4	Plasma_cells	13	mean_log1p_counts_per10k	0.0360436547112028	0.0372865149605145	0.0106875782642803	0.053087994320104095	0.021465037748115322	0.05277874229082752	1000	0.05753881688932128	DONE	NA	NA
BRCA	Wu2021	Naive	ACSL4	T_NK_cells	21	mean_log1p_counts_per10k	0.06630950968254211	0.0578315741800814	0.0360845672306866	0.0866878336565305	0.04470604421067507	0.09660858077808436	1000	0.04597068834911629	DONE	NA	NA
BRCA	Wu2021	Naive	ACSL5	B_cells	17	mean_log1p_counts_per10k	0.05637027599373968	0.0575385173761343	0.0112617287052909	0.08567294867732901	0.03656656002840128	0.07617774747222511	1000	0.039817206448691966	DONE	NA	NA
BRCA	Wu2021	Naive	ACSL5	Endothelial	20	mean_log1p_counts_per10k	0.15507243662375075	0.16904423440793373	0.08929346566616397	0.21465104659832163	0.1239549619670652	0.18435953803047997	1000	0.15495963246498504	DONE	NA	NA
BRCA	Wu2021	Naive	ACSL5	Fibroblasts	19	mean_log1p_counts_per10k	0.03082212153440651	0.022321824680259	0.008384198537802399	0.03272608944458225	0.01751635175349599	0.045802010132477915	1000	0.03479873166981208	DONE	NA	NA
BRCA	Wu2021	Naive	ACSL5	Malignant_epithelial	16	mean_log1p_counts_per10k	0.03141498647940835	0.014458948988793649	0.006756105904285825	0.03632799603768778	0.013066906202776517	0.05529443736358001	1000	0.06423302318672121	DONE	NA	NA
BRCA	Wu2021	Naive	ACSL5	Myeloid	21	mean_log1p_counts_per10k	0.08499572788365437	0.1046664612392088	0.0589109686444056	0.1158556004110337	0.06674555670521849	0.10182994737881364	1000	0.11359836929732159	DONE	NA	NA
BRCA	Wu2021	Naive	ACSL5	Nonmalignant_epithelial	9	mean_log1p_counts_per10k	0.07096087229326048	0.0654899354543237	0.0489360041392574	0.08967203100407571	0.05383532356151315	0.09236176403405669	1000	0.12802207515350356	DONE	NA	NA
BRCA	Wu2021	Naive	ACSL5	Perivascular	20	mean_log1p_counts_per10k	0.00452523400092445	0.00223899265319585	0.0	0.0074257959043061	0.0022005925176658606	0.007101123512583085	1000	0.005344504679715959	DONE	NA	NA
BRCA	Wu2021	Naive	ACSL5	Plasma_cells	13	mean_log1p_counts_per10k	0.021466249050638056	0.0199886705834129	0.01145525445489	0.035510144691555	0.012277155682315062	0.03067838143454394	1000	0.032285104302127866	DONE	NA	NA
BRCA	Wu2021	Naive	ACSL5	T_NK_cells	21	mean_log1p_counts_per10k	0.06889146992974865	0.0657471354798991	0.0482948836712345	0.10044009523778141	0.05451227430254151	0.0837254089112261	1000	0.04568140919896154	DONE	NA	NA
BRCA	Wu2021	Naive	ACSL6	B_cells	17	mean_log1p_counts_per10k	0.0009418703792175057	0.0	0.0	0.0	0.0	0.0028466169715395243	1000	0.0004103223083894176	DONE	NA	NA
BRCA	Wu2021	Naive	ACSL6	Endothelial	20	mean_log1p_counts_per10k	0.00249969968428904	0.0	0.0	0.001385551140730525	0.0002914162736252515	0.006115266475839103	1000	0.0020505545090541448	DONE	NA	NA
BRCA	Wu2021	Naive	ACSL6	Fibroblasts	19	mean_log1p_counts_per10k	0.0009170967202054789	0.0	0.0	0.0012394329400154998	0.00021081669088889626	0.001699501601683817	1000	0.0019060019959007946	DONE	NA	NA
BRCA	Wu2021	Naive	ACSL6	Malignant_epithelial	16	mean_log1p_counts_per10k	0.003659492581956837	0.0029005216915356	0.0011836309838019249	0.004686586232717925	0.0021085128874567685	0.005512368118845103	1000	0.007109921379123356	DONE	NA	NA
BRCA	Wu2021	Naive	ACSL6	Myeloid	21	mean_log1p_counts_per10k	0.0010148051329816905	0.0	0.0	0.0003008062533449	0.00010879233648924405	0.002260276941469957	1000	0.0028756672768148854	DONE	NA	NA
BRCA	Wu2021	Naive	ACSL6	Nonmalignant_epithelial	9	mean_log1p_counts_per10k	0.0027297891501923003	0.0	0.0	0.0034104319044002	0.00014285195263495	0.00603296271100582	1000	0.004309419145977333	DONE	NA	NA
BRCA	Wu2021	Naive	ACSL6	Perivascular	20	mean_log1p_counts_per10k	0.004661728276344105	0.0	0.0	0.001669557355621825	0.0004252069573149673	0.012382071851031599	1000	0.0025124704894289402	DONE	NA	NA
BRCA	Wu2021	Naive	ACSL6	Plasma_cells	13	mean_log1p_counts_per10k	0.007560858683605038	0.0	0.0	0.0104875169401091	0.0008880389869362308	0.01602406926961304	1000	0.007379601132890447	DONE	NA	NA
BRCA	Wu2021	Naive	ACSL6	T_NK_cells	21	mean_log1p_counts_per10k	0.020129752694303785	0.0193385635591935	0.0066405399602782	0.0305346527249746	0.013337040738186017	0.028549477171499322	1000	0.012835290433377214	DONE	NA	NA
BRCA	Wu2021	Naive	ACSM1	B_cells	17	mean_log1p_counts_per10k	0.0021206753392695177	0.0	0.0	0.0037742640409918	0.0005675852810755467	0.0038419784154144912	1000	0.0015203071167209528	DONE	NA	NA
BRCA	Wu2021	Naive	ACSM1	Endothelial	20	mean_log1p_counts_per10k	0.0014965922927418298	0.0	0.0	0.0	0.00026579521403811355	0.0032935066710506914	1000	0.00104170430108832	DONE	NA	NA
BRCA	Wu2021	Naive	ACSM1	Fibroblasts	19	mean_log1p_counts_per10k	0.0005674278963172473	0.0	0.0	0.0	0.0	0.0014889389884004559	1000	0.00038743969224447366	DONE	NA	NA
BRCA	Wu2021	Naive	ACSM1	Malignant_epithelial	16	mean_log1p_counts_per10k	0.01870890352547725	0.01085184568308645	0.0006939809822112318	0.01860755505746515	0.006607912761811533	0.03995548285145376	1000	0.03335827733853827	DONE	NA	NA
BRCA	Wu2021	Naive	ACSM1	Myeloid	21	mean_log1p_counts_per10k	0.003377576498962005	0.0	0.0	0.0026152340029356	0.0010609077234810876	0.007028079177427752	1000	0.003765376860731923	DONE	NA	NA
BRCA	Wu2021	Naive	ACSM1	Nonmalignant_epithelial	9	mean_log1p_counts_per10k	0.04277481891443427	0.0319357323279439	0.014896700659228	0.0739362841374909	0.02068833019797346	0.06641467668981546	1000	0.05654117339156623	DONE	NA	NA
BRCA	Wu2021	Naive	ACSM1	Perivascular	20	mean_log1p_counts_per10k	0.00026990855014183505	0.0	0.0	0.0	0.0	0.0008097256504255052	1000	0.00014552031393892	DONE	NA	NA
BRCA	Wu2021	Naive	ACSM1	Plasma_cells	13	mean_log1p_counts_per10k	0.0009311966745591462	0.0	0.0	0.0	0.0	0.002655775623973759	1000	0.0035984848484848387	DONE	NA	NA
BRCA	Wu2021	Naive	ACSM1	T_NK_cells	21	mean_log1p_counts_per10k	0.000720046360760219	0.0	0.0	0.0005362162649046	0.00018948987153249663	0.001346954000165492	1000	0.0004164561138077904	DONE	NA	NA
BRCA	Wu2021	Naive	ALOX15	B_cells	17	mean_log1p_counts_per10k	0.000715878247162247	0.0	0.0	0.0	0.0	0.0019129921926706501	1000	0.0006363217990947942	DONE	NA	NA
BRCA	Wu2021	Naive	ALOX15	Endothelial	20	mean_log1p_counts_per10k	0.0	0.0	0.0	0.0	0.0	0.0	1000	0.0	DONE	NA	NA
BRCA	Wu2021	Naive	ALOX15	Fibroblasts	19	mean_log1p_counts_per10k	0.00020847018038519475	0.0	0.0	0.0	0.0	0.0006601555712197833	1000	0.00021482277121374736	DONE	NA	NA
BRCA	Wu2021	Naive	ALOX15	Malignant_epithelial	16	mean_log1p_counts_per10k	0.007591605179291456	0.00148506184954105	0.00011677696779540001	0.0098781039548116	0.002474033549209305	0.014787753911511997	1000	0.011136078074092469	DONE	NA	NA
BRCA	Wu2021	Naive	ALOX15	Myeloid	21	mean_log1p_counts_per10k	0.007014349843029068	0.0027880878686916	0.0	0.0083808293685772	0.0025527293789241417	0.013876972748839709	1000	0.004908921542370396	DONE	NA	NA
BRCA	Wu2021	Naive	ALOX15	Nonmalignant_epithelial	9	mean_log1p_counts_per10k	0.006065799514281479	0.0018422603911246	0.0	0.009079684453887	0.001710163676786086	0.011590968257573971	1000	0.012569192895088446	DONE	NA	NA
BRCA	Wu2021	Naive	ALOX15	Perivascular	20	mean_log1p_counts_per10k	3.9311213497794995e-05	0.0	0.0	0.0	0.0	0.00012414067420356314	1000	3.8910505836575e-05	DONE	NA	NA
BRCA	Wu2021	Naive	ALOX15	Plasma_cells	13	mean_log1p_counts_per10k	3.4652057424015385e-05	0.0	0.0	0.0	0.0	0.00012012713240325333	1000	7.541478129713077e-05	DONE	NA	NA
BRCA	Wu2021	Naive	ALOX15	T_NK_cells	21	mean_log1p_counts_per10k	0.0007158435848803428	0.0	0.0	0.001114886446203	0.00029029231946467134	0.0012287239842991053	1000	0.00048177469823235716	DONE	NA	NA
BRCA	Wu2021	Naive	ALOX5	B_cells	17	mean_log1p_counts_per10k	0.1723050053821715	0.1848933067138064	0.1023701002068796	0.2286901511161071	0.1254424403857853	0.21963753909893968	1000	0.10397857670948427	DONE	NA	NA
BRCA	Wu2021	Naive	ALOX5	Endothelial	20	mean_log1p_counts_per10k	0.010835694594736526	0.00224903838599475	0.0	0.015737357934874525	0.004744146446117598	0.01706015596094311	1000	0.014093699888929775	DONE	NA	NA
BRCA	Wu2021	Naive	ALOX5	Fibroblasts	19	mean_log1p_counts_per10k	0.004142179063482953	0.0	0.0	0.00871587807532205	0.0014826969600674335	0.006906918171286338	1000	0.00654213356084731	DONE	NA	NA
BRCA	Wu2021	Naive	ALOX5	Malignant_epithelial	16	mean_log1p_counts_per10k	0.028800298387243572	0.0134625790711473	0.002826131699070125	0.023135612105233325	0.010423778512651086	0.05204641445501169	1000	0.040018378543685035	DONE	NA	NA
BRCA	Wu2021	Naive	ALOX5	Myeloid	21	mean_log1p_counts_per10k	0.4029861340971954	0.3617172494723544	0.23604119117245043	0.5696194552449603	0.3242371853663459	0.48288978479701344	1000	0.3453058956732865	DONE	NA	NA
BRCA	Wu2021	Naive	ALOX5	Nonmalignant_epithelial	9	mean_log1p_counts_per10k	0.11741996967295708	0.1190902553102613	0.06018541237292269	0.1371063103057405	0.06581163616652601	0.16996405256662886	1000	0.16435278534037467	DONE	NA	NA
BRCA	Wu2021	Naive	ALOX5	Perivascular	20	mean_log1p_counts_per10k	0.004703630925413534	0.0	0.0	0.00797669706354155	0.0015082618882459786	0.008761127995282916	1000	0.005074022977637361	DONE	NA	NA
BRCA	Wu2021	Naive	ALOX5	Plasma_cells	13	mean_log1p_counts_per10k	0.03982832490446459	0.0327483435508989	0.0235410720917806	0.0735287158878696	0.022852422713194168	0.05630326892080186	1000	0.06497572832937061	DONE	NA	NA
BRCA	Wu2021	Naive	ALOX5	T_NK_cells	21	mean_log1p_counts_per10k	0.0043534979066216905	0.0029388533654502	0.0	0.0076519823811407	0.0025316643956433816	0.006297755679194607	1000	0.0029740931609886384	DONE	NA	NA
BRCA	Wu2021	Naive	CYP4F2	B_cells	17	mean_log1p_counts_per10k	0.0	0.0	0.0	0.0	0.0	0.0	1000	0.0	DONE	NA	NA
BRCA	Wu2021	Naive	CYP4F2	Endothelial	20	mean_log1p_counts_per10k	0.0	0.0	0.0	0.0	0.0	0.0	1000	0.0	DONE	NA	NA
BRCA	Wu2021	Naive	CYP4F2	Fibroblasts	19	mean_log1p_counts_per10k	0.00020758870286521054	0.0	0.0	0.0	0.0	0.0006960327096068823	1000	0.0005159958720330211	DONE	NA	NA
BRCA	Wu2021	Naive	CYP4F2	Malignant_epithelial	16	mean_log1p_counts_per10k	0.0005427820171678624	0.0	0.0	0.00027614457061610003	4.952823649451884e-05	0.001275980343892746	1000	0.0006428496619077374	DONE	NA	NA
BRCA	Wu2021	Naive	CYP4F2	Myeloid	21	mean_log1p_counts_per10k	0.0	0.0	0.0	0.0	0.0	0.0	1000	0.0	DONE	NA	NA
BRCA	Wu2021	Naive	CYP4F2	Nonmalignant_epithelial	9	mean_log1p_counts_per10k	0.0	0.0	0.0	0.0	0.0	0.0	1000	0.0	DONE	NA	NA
BRCA	Wu2021	Naive	CYP4F2	Perivascular	20	mean_log1p_counts_per10k	0.000172073972331975	0.0	0.0	0.0	0.0	0.0005433914915746579	1000	0.00040650406504065	DONE	NA	NA
BRCA	Wu2021	Naive	CYP4F2	Plasma_cells	13	mean_log1p_counts_per10k	0.0	0.0	0.0	0.0	0.0	0.0	1000	0.0	DONE	NA	NA
BRCA	Wu2021	Naive	CYP4F2	T_NK_cells	21	mean_log1p_counts_per10k	0.0	0.0	0.0	0.0	0.0	0.0	1000	0.0	DONE	NA	NA
BRCA	Wu2021	Naive	ENPP2	B_cells	17	mean_log1p_counts_per10k	0.007271190940795917	0.0	0.0	0.0091427508161047	0.0029542456292913177	0.012696781572057428	1000	0.006413405802926124	DONE	NA	NA
BRCA	Wu2021	Naive	ENPP2	Endothelial	20	mean_log1p_counts_per10k	0.44496813504971167	0.390498034990415	0.2962555972300615	0.5971940404647228	0.3624351745776125	0.5325791405566112	1000	0.2868644043630314	DONE	NA	NA
BRCA	Wu2021	Naive	ENPP2	Fibroblasts	19	mean_log1p_counts_per10k	0.12339349691004704	0.085062266426253	0.05361943743357085	0.16153412009151852	0.07714907868096284	0.18276820177741424	1000	0.11328494905802737	DONE	NA	NA
BRCA	Wu2021	Naive	ENPP2	Malignant_epithelial	16	mean_log1p_counts_per10k	0.007011868173439437	0.00155947420746225	0.000230167467028175	0.0071942086563446	0.00219010610392251	0.012726804704193441	1000	0.012222567681991502	DONE	NA	NA
BRCA	Wu2021	Naive	ENPP2	Myeloid	21	mean_log1p_counts_per10k	0.09833562371377244	0.0730288470995402	0.0391037366282897	0.1338227752205445	0.06572180552689329	0.13709571518304875	1000	0.09941825231682236	DONE	NA	NA
BRCA	Wu2021	Naive	ENPP2	Nonmalignant_epithelial	9	mean_log1p_counts_per10k	0.0046429771283826	0.0022005330134618	0.0	0.0096702457620956	0.0016215783856439248	0.007835458107889893	1000	0.011547878131723623	DONE	NA	NA
BRCA	Wu2021	Naive	ENPP2	Perivascular	20	mean_log1p_counts_per10k	0.011671829896612801	0.009437248709025601	0.0	0.014920432624356699	0.005582865300557789	0.019676492374710187	1000	0.012751218132964476	DONE	NA	NA
BRCA	Wu2021	Naive	ENPP2	Plasma_cells	13	mean_log1p_counts_per10k	0.026775026386542986	0.0125579400161663	0.0054193803134094	0.0183556590105719	0.00862800138182764	0.05316172674757187	1000	0.023141983754752092	DONE	NA	NA
BRCA	Wu2021	Naive	ENPP2	T_NK_cells	21	mean_log1p_counts_per10k	0.007954109557447346	0.0062665605398651	0.0	0.0084498546597032	0.004134503452567622	0.013054291385183244	1000	0.004355587390454229	DONE	NA	NA
BRCA	Wu2021	Naive	LPCAT1	B_cells	17	mean_log1p_counts_per10k	0.0934859543024012	0.0924318383109071	0.0490735541236205	0.1193810199881838	0.06855499793760161	0.11853010326400962	1000	0.062394079705823544	DONE	NA	NA
BRCA	Wu2021	Naive	LPCAT1	Endothelial	20	mean_log1p_counts_per10k	0.09548027126162502	0.08015005686423285	0.046893292667379724	0.14657509401315283	0.06953474455186738	0.12319212884989103	1000	0.10499446724788238	DONE	NA	NA
BRCA	Wu2021	Naive	LPCAT1	Fibroblasts	19	mean_log1p_counts_per10k	0.05367664445716175	0.0470260705357854	0.0423846252664869	0.06642656546381685	0.04495598558512421	0.06360463353769939	1000	0.07017879841644334	DONE	NA	NA
BRCA	Wu2021	Naive	LPCAT1	Malignant_epithelial	16	mean_log1p_counts_per10k	0.07126634737691942	0.08301018530446175	0.043837189508095974	0.08961073992304863	0.05375230155315291	0.08767459615830094	1000	0.11901022100363105	DONE	NA	NA
BRCA	Wu2021	Naive	LPCAT1	Myeloid	21	mean_log1p_counts_per10k	0.1052395011941744	0.1007529529248297	0.0660562769609734	0.1434141583614334	0.08303359550974503	0.12807586764996357	1000	0.11362976855356813	DONE	NA	NA
BRCA	Wu2021	Naive	LPCAT1	Nonmalignant_epithelial	9	mean_log1p_counts_per10k	0.027836029781581808	0.0265861437861459	0.0173573089617417	0.0399693333435057	0.012341197737091966	0.0421185895939983	1000	0.043862920711924755	DONE	NA	NA
BRCA	Wu2021	Naive	LPCAT1	Perivascular	20	mean_log1p_counts_per10k	0.043759673754988786	0.03559787391224675	0.021352724249038075	0.0668963608184321	0.029018289393232727	0.06009601327218053	1000	0.04761798452028035	DONE	NA	NA
BRCA	Wu2021	Naive	LPCAT1	Plasma_cells	13	mean_log1p_counts_per10k	0.017902987528818245	0.0149979214234528	0.0089980673897648	0.029988216577078	0.01120438299299133	0.024604438186010578	1000	0.027878058033615025	DONE	NA	NA
BRCA	Wu2021	Naive	LPCAT1	T_NK_cells	21	mean_log1p_counts_per10k	0.04689494046509063	0.0394845034332816	0.0229298398482259	0.0702726238909778	0.03333624115251285	0.06142285625490726	1000	0.028795249589941722	DONE	NA	NA
BRCA	Wu2021	Naive	LPCAT2	B_cells	17	mean_log1p_counts_per10k	0.0017237415007213528	0.0	0.0	0.0	0.0	0.004624761169227686	1000	0.0013835278094587	DONE	NA	NA
BRCA	Wu2021	Naive	LPCAT2	Endothelial	20	mean_log1p_counts_per10k	0.24381056058783684	0.2523841006596413	0.20033915675451838	0.30706040381960276	0.21203560883817815	0.27909647412428595	1000	0.2123432082672993	DONE	NA	NA
BRCA	Wu2021	Naive	LPCAT2	Fibroblasts	19	mean_log1p_counts_per10k	0.025963393398428503	0.0160648061537443	0.00945570177701285	0.0378150674207092	0.015671241132342334	0.03719140590105248	1000	0.03463667472288614	DONE	NA	NA
BRCA	Wu2021	Naive	LPCAT2	Malignant_epithelial	16	mean_log1p_counts_per10k	0.0394636265348841	0.0091378038962821	0.004051424439141275	0.02661363936474575	0.010378356306714947	0.0876443398446912	1000	0.06350739387679834	DONE	NA	NA
BRCA	Wu2021	Naive	LPCAT2	Myeloid	21	mean_log1p_counts_per10k	0.291430544968662	0.2924873233326083	0.2201255893543998	0.38157204072649903	0.2418141709511365	0.33764640483057645	1000	0.27916684594115176	DONE	NA	NA
BRCA	Wu2021	Naive	LPCAT2	Nonmalignant_epithelial	9	mean_log1p_counts_per10k	0.08630124473745444	0.0848942439977527	0.05592258924763429	0.102799162436155	0.058198127445336624	0.11637659905862421	1000	0.11159444752874231	DONE	NA	NA
BRCA	Wu2021	Naive	LPCAT2	Perivascular	20	mean_log1p_counts_per10k	0.0038208228232414097	0.0	0.0	0.007794367329150375	0.0014486579172204893	0.006525187451232649	1000	0.00402271609604262	DONE	NA	NA
BRCA	Wu2021	Naive	LPCAT2	Plasma_cells	13	mean_log1p_counts_per10k	0.008669969489370917	0.0015568306109611	0.0	0.0097161145184697	0.0022704569029645084	0.016360728270971854	1000	0.012993146084670691	DONE	NA	NA
BRCA	Wu2021	Naive	LPCAT2	T_NK_cells	21	mean_log1p_counts_per10k	0.003925259180128895	0.0007233486532914	0.0	0.0034260780129104	0.0013921147424136237	0.007174325493824677	1000	0.0025689801305361286	DONE	NA	NA
BRCA	Wu2021	Naive	LPCAT3	B_cells	17	mean_log1p_counts_per10k	0.05546628119263341	0.0446060115776193	0.0323474640482637	0.0819360722670825	0.040003434628181574	0.07311104310785485	1000	0.03578778671734042	DONE	NA	NA
BRCA	Wu2021	Naive	LPCAT3	Endothelial	20	mean_log1p_counts_per10k	0.12325824109550929	0.12298995705049034	0.08389202506748775	0.1511015673118123	0.09965362399194969	0.1471531469272598	1000	0.1266839066726248	DONE	NA	NA
BRCA	Wu2021	Naive	LPCAT3	Fibroblasts	19	mean_log1p_counts_per10k	0.11250300420707049	0.1157802230847709	0.0920975921746512	0.13117488174222874	0.09767013183483568	0.1266891966443135	1000	0.12543771300786655	DONE	NA	NA
BRCA	Wu2021	Naive	LPCAT3	Malignant_epithelial	16	mean_log1p_counts_per10k	0.21767987217338453	0.17755608881797885	0.1288298737948161	0.3294754362711916	0.1631604507904678	0.2753223001513132	1000	0.30127600311906116	DONE	NA	NA
BRCA	Wu2021	Naive	LPCAT3	Myeloid	21	mean_log1p_counts_per10k	0.08587278921517351	0.0668477604955685	0.0513528216380958	0.1208003619122251	0.06471052389423335	0.10633358716458613	1000	0.1143524048634024	DONE	NA	NA
BRCA	Wu2021	Naive	LPCAT3	Nonmalignant_epithelial	9	mean_log1p_counts_per10k	0.22352088146684176	0.2141663462198352	0.1874129780010457	0.2729656030475212	0.19108473219879393	0.26090368695951527	1000	0.3074313175322649	DONE	NA	NA
BRCA	Wu2021	Naive	LPCAT3	Perivascular	20	mean_log1p_counts_per10k	0.08706101729934182	0.0789434247710108	0.04638636205752278	0.1323521400306373	0.0608376835859572	0.11451923349601117	1000	0.08414583950821576	DONE	NA	NA
BRCA	Wu2021	Naive	LPCAT3	Plasma_cells	13	mean_log1p_counts_per10k	0.03580127355658963	0.025223219480379	0.0211415250330345	0.042458390540517	0.02483560357699071	0.04798174308203336	1000	0.05340375817906041	DONE	NA	NA
BRCA	Wu2021	Naive	LPCAT3	T_NK_cells	21	mean_log1p_counts_per10k	0.08131289682522123	0.0792936133774385	0.056689175071891	0.0987135072105571	0.06554501039315863	0.09589188501771882	1000	0.048495620632890125	DONE	NA	NA
BRCA	Wu2021	Naive	LPCAT4	B_cells	17	mean_log1p_counts_per10k	0.04238643428318499	0.0402915903646637	0.0229238889680561	0.0569090487538172	0.029958479993788922	0.05482502258979003	1000	0.02590768701367514	DONE	NA	NA
BRCA	Wu2021	Naive	LPCAT4	Endothelial	20	mean_log1p_counts_per10k	0.2869045359349033	0.2550819336984248	0.20510371075124187	0.3629631061354338	0.2245860957554142	0.3492459108927397	1000	0.23262375436861743	DONE	NA	NA
BRCA	Wu2021	Naive	LPCAT4	Fibroblasts	19	mean_log1p_counts_per10k	0.07465728376353895	0.0708995615835973	0.04829592145364035	0.08804787305377279	0.06084694000342632	0.08832513830315379	1000	0.08412759947621318	DONE	NA	NA
BRCA	Wu2021	Naive	LPCAT4	Malignant_epithelial	16	mean_log1p_counts_per10k	0.051678374425964416	0.04538986299568795	0.035856496821546076	0.06797886694729688	0.03999518512960078	0.06648320754991077	1000	0.09794657888144846	DONE	NA	NA
BRCA	Wu2021	Naive	LPCAT4	Myeloid	21	mean_log1p_counts_per10k	0.05516608782764722	0.05502183116408319	0.0311390221913786	0.0796104202761353	0.042661337060343335	0.06671920441495086	1000	0.06740891615891377	DONE	NA	NA
BRCA	Wu2021	Naive	LPCAT4	Nonmalignant_epithelial	9	mean_log1p_counts_per10k	0.04978223954909224	0.0535403697117656	0.0294837040428632	0.06204093017237059	0.036500981196699075	0.0617646311350584	1000	0.08626070122910749	DONE	NA	NA
BRCA	Wu2021	Naive	LPCAT4	Perivascular	20	mean_log1p_counts_per10k	0.06844407931278848	0.06220087781740325	0.035406668898828694	0.09100514554900781	0.05164459564802078	0.08514757925366581	1000	0.05861620917782649	DONE	NA	NA
BRCA	Wu2021	Naive	LPCAT4	Plasma_cells	13	mean_log1p_counts_per10k	0.0647299139494787	0.06057252888660989	0.0342889870754346	0.09972226323299331	0.04409589656420275	0.08646488662642847	1000	0.07986222127203085	DONE	NA	NA
BRCA	Wu2021	Naive	LPCAT4	T_NK_cells	21	mean_log1p_counts_per10k	0.09492335803944625	0.1055048219310247	0.0610085846449672	0.12222473324496008	0.07420041766360023	0.1154617866263174	1000	0.05594314987182307	DONE	NA	NA
BRCA	Wu2021	Naive	LYPLA1	B_cells	17	mean_log1p_counts_per10k	0.22278778449057565	0.22796009823926752	0.1934979448728132	0.2671437556308165	0.18217802595182317	0.2601304526856486	1000	0.14002337992987557	DONE	NA	NA
BRCA	Wu2021	Naive	LYPLA1	Endothelial	20	mean_log1p_counts_per10k	0.3377646637168906	0.3226537123796371	0.2711993187020758	0.40010615887785345	0.2949927364331566	0.38263167139779025	1000	0.29449262476044186	DONE	NA	NA
BRCA	Wu2021	Naive	LYPLA1	Fibroblasts	19	mean_log1p_counts_per10k	0.16152068205981274	0.1344619236719629	0.11194850604796999	0.20214186554792551	0.1347386786749652	0.19172292893075857	1000	0.1831322326566088	DONE	NA	NA
BRCA	Wu2021	Naive	LYPLA1	Malignant_epithelial	16	mean_log1p_counts_per10k	0.7174917559925762	0.7140104787945079	0.6019137224652333	0.8900461172542965	0.6040741106703331	0.8320355476666038	1000	0.6014107830410041	DONE	NA	NA
BRCA	Wu2021	Naive	LYPLA1	Myeloid	21	mean_log1p_counts_per10k	0.31254859859020206	0.3133937572092288	0.24679593341582026	0.3790570239205143	0.26885224987837375	0.353623554555336	1000	0.3117780909167057	DONE	NA	NA
BRCA	Wu2021	Naive	LYPLA1	Nonmalignant_epithelial	9	mean_log1p_counts_per10k	0.4179405973839038	0.3924790254572468	0.347773899643316	0.5261997467892318	0.30294960476085053	0.5422210536582419	1000	0.46352655825425004	DONE	NA	NA
BRCA	Wu2021	Naive	LYPLA1	Perivascular	20	mean_log1p_counts_per10k	0.20337419720177546	0.20585053769755746	0.16974381667273292	0.2445807820014788	0.170656378617191	0.2363046592175488	1000	0.17967719351381412	DONE	NA	NA
BRCA	Wu2021	Naive	LYPLA1	Plasma_cells	13	mean_log1p_counts_per10k	0.15957153961477172	0.16087023987757879	0.11715749316744	0.1978658150599719	0.12541941893749634	0.19591115177695856	1000	0.1911913273229896	DONE	NA	NA
BRCA	Wu2021	Naive	LYPLA1	T_NK_cells	21	mean_log1p_counts_per10k	0.17556990550276938	0.1827885671147469	0.1292986789889957	0.21532705496804494	0.1485854676878197	0.20215828075334685	1000	0.10262312052862593	DONE	NA	NA
BRCA	Wu2021	Naive	LYPLA2	B_cells	17	mean_log1p_counts_per10k	0.10043314649686685	0.0935402518115294	0.0437522455858621	0.1516449053724426	0.06678760125937132	0.13208255970171975	1000	0.0682040780106035	DONE	NA	NA
BRCA	Wu2021	Naive	LYPLA2	Endothelial	20	mean_log1p_counts_per10k	0.19243632519552561	0.20757416227547193	0.15052054538864929	0.24781117284110385	0.1612992761680473	0.22157421185737577	1000	0.18706749974858997	DONE	NA	NA
BRCA	Wu2021	Naive	LYPLA2	Fibroblasts	19	mean_log1p_counts_per10k	0.11413929399033867	0.1150918096347635	0.08787353230161005	0.1390094823841179	0.09309503453244211	0.13565753502844646	1000	0.13836240501208621	DONE	NA	NA
BRCA	Wu2021	Naive	LYPLA2	Malignant_epithelial	16	mean_log1p_counts_per10k	0.34898995055882187	0.2890389424528501	0.24569802964008972	0.3854134836119493	0.2645599437292682	0.43783320061876757	1000	0.39872143503378255	DONE	NA	NA
BRCA	Wu2021	Naive	LYPLA2	Myeloid	21	mean_log1p_counts_per10k	0.15116844287818784	0.1366626978350021	0.0865503990693109	0.22606272025161236	0.12041332875651015	0.18644961543924973	1000	0.16575532739882487	DONE	NA	NA
BRCA	Wu2021	Naive	LYPLA2	Nonmalignant_epithelial	9	mean_log1p_counts_per10k	0.1852084675123973	0.1692598452945497	0.12161922161361262	0.23101597600197388	0.1433788036205132	0.23083149001855974	1000	0.2534776829146758	DONE	NA	NA
BRCA	Wu2021	Naive	LYPLA2	Perivascular	20	mean_log1p_counts_per10k	0.10621604395095863	0.11049767327056881	0.0644396422704838	0.1530011297995338	0.07955415974481166	0.13253657710914427	1000	0.10111192891399615	DONE	NA	NA
BRCA	Wu2021	Naive	LYPLA2	Plasma_cells	13	mean_log1p_counts_per10k	0.08175896519554361	0.065241219301144	0.0464417068554131	0.0806796818527154	0.053638531102878875	0.11720343580915478	1000	0.1138727043336901	DONE	NA	NA
BRCA	Wu2021	Naive	LYPLA2	T_NK_cells	21	mean_log1p_counts_per10k	0.14355856792131427	0.12102972048901811	0.1001582562846269	0.1660633186592877	0.11626815065782936	0.17389765660181344	1000	0.08869351036860794	DONE	NA	NA
BRCA	Wu2021	Naive	MGLL	B_cells	17	mean_log1p_counts_per10k	0.02212713822146647	0.0	0.0	0.015277396250230398	0.004582366982759275	0.046675748638984466	1000	0.01566325564264936	DONE	NA	NA
BRCA	Wu2021	Naive	MGLL	Endothelial	20	mean_log1p_counts_per10k	0.6522495586570718	0.6548053376981544	0.39161758144107467	0.7933890649381106	0.48795331088619576	0.8224845985256509	1000	0.4232563835876794	DONE	NA	NA
BRCA	Wu2021	Naive	MGLL	Fibroblasts	19	mean_log1p_counts_per10k	0.09392277739345829	0.0911960779506692	0.04123669489632855	0.1177907472710027	0.06839565538501678	0.12331687165781816	1000	0.08879151892240324	DONE	NA	NA
BRCA	Wu2021	Naive	MGLL	Malignant_epithelial	16	mean_log1p_counts_per10k	0.1879969705652362	0.12934900986153663	0.0811332893824124	0.2215146865727558	0.11348061032553386	0.281967939810884	1000	0.22496855307653188	DONE	NA	NA
BRCA	Wu2021	Naive	MGLL	Myeloid	21	mean_log1p_counts_per10k	0.24575882001717478	0.1923520439399391	0.1360470537804203	0.321855832888936	0.1818212247166628	0.3175130071686221	1000	0.21420250344482608	DONE	NA	NA
BRCA	Wu2021	Naive	MGLL	Nonmalignant_epithelial	9	mean_log1p_counts_per10k	0.14096060796423632	0.0936597383054182	0.0384495691251108	0.1117883474293033	0.05235230770439922	0.26113396884601886	1000	0.1559435339325005	DONE	NA	NA
BRCA	Wu2021	Naive	MGLL	Perivascular	20	mean_log1p_counts_per10k	0.5131401476225342	0.4671096777255447	0.34138080787270775	0.5663301133788214	0.39991883871674816	0.6553068071905608	1000	0.33606757718713437	DONE	NA	NA
BRCA	Wu2021	Naive	MGLL	Plasma_cells	13	mean_log1p_counts_per10k	0.09217361200461692	0.094696280953538	0.0608559924825977	0.1290067308960895	0.06613225839495308	0.11864965394020548	1000	0.1288017269924902	DONE	NA	NA
BRCA	Wu2021	Naive	MGLL	T_NK_cells	21	mean_log1p_counts_per10k	0.011602390247736875	0.007514139726824	0.0	0.0162374815328548	0.005929168103140726	0.018968422320360303	1000	0.008563131728191878	DONE	NA	NA
BRCA	Wu2021	Naive	NT5C2	B_cells	17	mean_log1p_counts_per10k	0.03505660782357884	0.0383736570903436	0.0230821813898691	0.0479368747175725	0.025982839474176574	0.04488947276460066	1000	0.023697049730783813	DONE	NA	NA
BRCA	Wu2021	Naive	NT5C2	Endothelial	20	mean_log1p_counts_per10k	0.0949668485250273	0.0921311073642831	0.07435484742624728	0.12954540243522883	0.07707996760083227	0.11330465678216309	1000	0.10171101589592794	DONE	NA	NA
BRCA	Wu2021	Naive	NT5C2	Fibroblasts	19	mean_log1p_counts_per10k	0.0706837902628726	0.0719252218085626	0.062462731943579444	0.0947664725023998	0.053585652512948286	0.08966941767288765	1000	0.0942962438147978	DONE	NA	NA
BRCA	Wu2021	Naive	NT5C2	Malignant_epithelial	16	mean_log1p_counts_per10k	0.07533812763284578	0.05537371266690795	0.03398322461159845	0.0878865370208859	0.04895845841108702	0.10538882803986967	1000	0.13424194632648098	DONE	NA	NA
BRCA	Wu2021	Naive	NT5C2	Myeloid	21	mean_log1p_counts_per10k	0.10322893127094829	0.0995440381609985	0.0795843925750961	0.1280097705302551	0.08097350137375468	0.1268580517914145	1000	0.13089818252719101	DONE	NA	NA
BRCA	Wu2021	Naive	NT5C2	Nonmalignant_epithelial	9	mean_log1p_counts_per10k	0.08944070537633542	0.0851306248977389	0.0728052532697422	0.1040112080047331	0.07508744755463642	0.10504703355402967	1000	0.1578942337603365	DONE	NA	NA
BRCA	Wu2021	Naive	NT5C2	Perivascular	20	mean_log1p_counts_per10k	0.049265806634766145	0.04455473886864845	0.0324927563619387	0.0639534300945053	0.03669426463389864	0.06261737381333643	1000	0.052604827822545254	DONE	NA	NA
BRCA	Wu2021	Naive	NT5C2	Plasma_cells	13	mean_log1p_counts_per10k	0.040747526940052285	0.0363305403318163	0.0290284821993732	0.0480523821351341	0.025954342124176556	0.056970093353222125	1000	0.05435599123226069	DONE	NA	NA
BRCA	Wu2021	Naive	NT5C2	T_NK_cells	21	mean_log1p_counts_per10k	0.039273779014861114	0.0400521354845719	0.0293624325252937	0.047391741578227	0.032858487971786206	0.04626126860569903	1000	0.025243231948965123	DONE	NA	NA
BRCA	Wu2021	Naive	PTGS1	B_cells	17	mean_log1p_counts_per10k	0.03151720230488864	0.0258329837405847	0.0171936356205125	0.042980977665377	0.018805906747095452	0.0445313243607993	1000	0.022220550768976007	DONE	NA	NA
BRCA	Wu2021	Naive	PTGS1	Endothelial	20	mean_log1p_counts_per10k	0.01995018442863962	0.0102491263983469	0.0071715868585282005	0.02316220283220795	0.010395358102691503	0.03263661413865077	1000	0.02170479868269204	DONE	NA	NA
BRCA	Wu2021	Naive	PTGS1	Fibroblasts	19	mean_log1p_counts_per10k	0.009794225489046179	0.0019973650645722	0.0	0.010365682571180701	0.0031375453922629355	0.01869366547782752	1000	0.011582905049214394	DONE	NA	NA
BRCA	Wu2021	Naive	PTGS1	Malignant_epithelial	16	mean_log1p_counts_per10k	0.007347862567150587	0.00540584607888925	0.00202101645033235	0.0091967907774913	0.0039251693947515015	0.011962000321353496	1000	0.0146656954304802	DONE	NA	NA
BRCA	Wu2021	Naive	PTGS1	Myeloid	21	mean_log1p_counts_per10k	0.19649315066806866	0.20158434582032517	0.1361888873923649	0.2780113338698962	0.14943899955326514	0.23896895973068966	1000	0.2135515425526482	DONE	NA	NA
BRCA	Wu2021	Naive	PTGS1	Nonmalignant_epithelial	9	mean_log1p_counts_per10k	0.0035360676915017555	0.0024364440499267	0.0	0.0058391437929	0.001129816420271044	0.006309466901191253	1000	0.0054135203357274335	DONE	NA	NA
BRCA	Wu2021	Naive	PTGS1	Perivascular	20	mean_log1p_counts_per10k	0.008164517577322911	0.0	0.0	0.0046342563914722	0.0015184459299280482	0.019558741768293808	1000	0.004762346997494905	DONE	NA	NA
BRCA	Wu2021	Naive	PTGS1	Plasma_cells	13	mean_log1p_counts_per10k	0.004473188797474723	0.0037660534748948002	0.0	0.0054538174244806005	0.0019384783339471002	0.007588557509321823	1000	0.008128749738242354	DONE	NA	NA
BRCA	Wu2021	Naive	PTGS1	T_NK_cells	21	mean_log1p_counts_per10k	0.002227835980370581	0.0	0.0	0.0035964047820342994	0.0009393529445696994	0.0035823287667441986	1000	0.0018636216794712952	DONE	NA	NA
BRCA	Wu2021	Naive	PTGS2	B_cells	17	mean_log1p_counts_per10k	0.0006350143071668941	0.0	0.0	0.0	0.0	0.0017200279939599999	1000	0.00031424965039725884	DONE	NA	NA
BRCA	Wu2021	Naive	PTGS2	Endothelial	20	mean_log1p_counts_per10k	0.0894250786669104	0.060480136332801304	0.035533429414684375	0.11434371963490926	0.05719672303549969	0.13032185209534566	1000	0.06493851879273715	DONE	NA	NA
BRCA	Wu2021	Naive	PTGS2	Fibroblasts	19	mean_log1p_counts_per10k	0.08465905347644447	0.08177982403994569	0.0452652242017095	0.12154176768830821	0.06113020898723172	0.10949225200912219	1000	0.0825417494055384	DONE	NA	NA
BRCA	Wu2021	Naive	PTGS2	Malignant_epithelial	16	mean_log1p_counts_per10k	0.005869322314005994	0.0016293769551464499	0.0007134083052311251	0.004249392638845025	0.0016229336737459401	0.01042063293693934	1000	0.009714454053437457	DONE	NA	NA
BRCA	Wu2021	Naive	PTGS2	Myeloid	21	mean_log1p_counts_per10k	0.2896777963851221	0.24893318763452	0.1078708994269907	0.3928566751064087	0.2070082543243872	0.39389209864868785	1000	0.19313400716780937	DONE	NA	NA
BRCA	Wu2021	Naive	PTGS2	Nonmalignant_epithelial	9	mean_log1p_counts_per10k	0.015165052351108155	0.0148259429298245	0.0	0.0185825752822203	0.0040491646569114186	0.026129779463973473	1000	0.016180647046741256	DONE	NA	NA
BRCA	Wu2021	Naive	PTGS2	Perivascular	20	mean_log1p_counts_per10k	0.01136267625971819	0.0	0.0	0.013288829562669075	0.0039334179397537495	0.02092687301406995	1000	0.014699461323201138	DONE	NA	NA
BRCA	Wu2021	Naive	PTGS2	Plasma_cells	13	mean_log1p_counts_per10k	0.002744926529239446	0.0	0.0	0.0007494334940798	8.306221226051118e-05	0.0053982538710577056	1000	0.0026899908745750384	DONE	NA	NA
BRCA	Wu2021	Naive	PTGS2	T_NK_cells	21	mean_log1p_counts_per10k	0.002493035190403067	0.0	0.0	0.0039360878368003	0.0010315772377560632	0.004330885533777597	1000	0.0016299959195196665	DONE	NA	NA
BRCA	Wu2021	Naive	PUDP	B_cells	17	mean_log1p_counts_per10k	0.02946178759782722	0.0232049936911858	0.0	0.0424898304780412	0.016981142316661854	0.04284513096321624	1000	0.020351971615804376	DONE	NA	NA
BRCA	Wu2021	Naive	PUDP	Endothelial	20	mean_log1p_counts_per10k	0.04678317426097339	0.04590617384990925	0.0224834118519204	0.06637075123749912	0.033586632905944505	0.061567477012774575	1000	0.054278102629547506	DONE	NA	NA
BRCA	Wu2021	Naive	PUDP	Fibroblasts	19	mean_log1p_counts_per10k	0.029723885754188075	0.0313873656025045	0.011947678447237752	0.04487150414920635	0.020572203092961792	0.03863944398507901	1000	0.03866792299133121	DONE	NA	NA
BRCA	Wu2021	Naive	PUDP	Malignant_epithelial	16	mean_log1p_counts_per10k	0.0672138898796586	0.07581769474027214	0.049373936886912426	0.08951142530212172	0.05139278272097993	0.08121771697916964	1000	0.11677372594388909	DONE	NA	NA
BRCA	Wu2021	Naive	PUDP	Myeloid	21	mean_log1p_counts_per10k	0.05223921966574	0.0542769538744154	0.0350513963965633	0.0730957129758398	0.03997166765666502	0.0642476801782856	1000	0.0706081068825792	DONE	NA	NA
BRCA	Wu2021	Naive	PUDP	Nonmalignant_epithelial	9	mean_log1p_counts_per10k	0.05033798967551843	0.055474819899557805	0.0383738301100455	0.0578452886689893	0.03989361676558001	0.059799017590502386	1000	0.09127347847178935	DONE	NA	NA
BRCA	Wu2021	Naive	PUDP	Perivascular	20	mean_log1p_counts_per10k	0.02453748480443303	0.019489391273498302	0.010718372711949774	0.03647815668819138	0.015900238975120336	0.034630264191380496	1000	0.02477505169980921	DONE	NA	NA
BRCA	Wu2021	Naive	PUDP	Plasma_cells	13	mean_log1p_counts_per10k	0.027027374329292253	0.0205116227346777	0.0138582140997711	0.028551621826097905	0.01628193082251213	0.03946318623562823	1000	0.035768050652653205	DONE	NA	NA
BRCA	Wu2021	Naive	PUDP	T_NK_cells	21	mean_log1p_counts_per10k	0.033105411155631786	0.0298784088283364	0.0231566599304688	0.0392499846240205	0.024988064992012067	0.04239235153989012	1000	0.021632221939199576	DONE	NA	NA
BRCA	Wu2021	Naive	SDHA	B_cells	17	mean_log1p_counts_per10k	0.11263118502199705	0.1116837517491919	0.0772057415553572	0.1508813283329978	0.07769924632960462	0.1461205450103212	1000	0.07306185589529536	DONE	NA	NA
BRCA	Wu2021	Naive	SDHA	Endothelial	20	mean_log1p_counts_per10k	0.17111301568314755	0.17375292826927072	0.1011744764671649	0.2275295502014632	0.13857464343943104	0.20360568658286773	1000	0.17877892599131895	DONE	NA	NA
BRCA	Wu2021	Naive	SDHA	Fibroblasts	19	mean_log1p_counts_per10k	0.21241908448094413	0.226385301715556	0.1713876601571833	0.2838322918942226	0.17324395729386532	0.24771086803578396	1000	0.22449421409669318	DONE	NA	NA
BRCA	Wu2021	Naive	SDHA	Malignant_epithelial	16	mean_log1p_counts_per10k	0.3264569704779947	0.3166250128844307	0.21708852273411086	0.4114557040258685	0.254488187066017	0.40022626667942773	1000	0.3842549486326053	DONE	NA	NA
BRCA	Wu2021	Naive	SDHA	Myeloid	21	mean_log1p_counts_per10k	0.15768390950040667	0.1533732609978021	0.0854667747764473	0.23953494802281297	0.12109613026346884	0.19385314990503935	1000	0.18782697586515665	DONE	NA	NA
BRCA	Wu2021	Naive	SDHA	Nonmalignant_epithelial	9	mean_log1p_counts_per10k	0.22291009782381785	0.23321958568183074	0.1263880541397951	0.2919114925015565	0.15371601211936187	0.2857032436370132	1000	0.31640091331024617	DONE	NA	NA
BRCA	Wu2021	Naive	SDHA	Perivascular	20	mean_log1p_counts_per10k	0.25272755427139487	0.2821641242544852	0.1424617352253459	0.351397625058989	0.19151327814071942	0.3127163643089908	1000	0.2163373643008208	DONE	NA	NA
BRCA	Wu2021	Naive	SDHA	Plasma_cells	13	mean_log1p_counts_per10k	0.12149400433112577	0.11238374669327439	0.0892995634809879	0.1546301308843373	0.1030662776170792	0.14201277300380075	1000	0.16805650812147996	DONE	NA	NA
BRCA	Wu2021	Naive	SDHA	T_NK_cells	21	mean_log1p_counts_per10k	0.17042749017530948	0.1565646272270502	0.1402373504154159	0.1996779396559526	0.1390354719838552	0.20471471097170849	1000	0.10578412036948932	DONE	NA	NA
BRCA	Wu2021	Naive	SDHB	B_cells	17	mean_log1p_counts_per10k	0.15229416946355917	0.1587516031847606	0.0847244724957556	0.2122562049714056	0.11002046145380742	0.1985984659153769	1000	0.0969473190362119	DONE	NA	NA
BRCA	Wu2021	Naive	SDHB	Endothelial	20	mean_log1p_counts_per10k	0.23622453651874853	0.23125082328316304	0.13346118155981485	0.33576643626789826	0.1927270242726058	0.2797458293545775	1000	0.2266922084302899	DONE	NA	NA
BRCA	Wu2021	Naive	SDHB	Fibroblasts	19	mean_log1p_counts_per10k	0.25091357133063924	0.2491884041541733	0.14689010106183303	0.314908348689164	0.19747093506468522	0.3042951628888186	1000	0.25302158717006695	DONE	NA	NA
BRCA	Wu2021	Naive	SDHB	Malignant_epithelial	16	mean_log1p_counts_per10k	0.42830787538771825	0.43297686912715	0.2878636148791333	0.556870822621879	0.3302830928710958	0.5144995819873653	1000	0.4593379009768219	DONE	NA	NA
BRCA	Wu2021	Naive	SDHB	Myeloid	21	mean_log1p_counts_per10k	0.355256574785688	0.3702111154053928	0.258413267651816	0.46569937431402697	0.28640646465859354	0.41541349985708	1000	0.3330924539545811	DONE	NA	NA
BRCA	Wu2021	Naive	SDHB	Nonmalignant_epithelial	9	mean_log1p_counts_per10k	0.3601371637786188	0.3714053953048106	0.2920607620215075	0.4124076759783315	0.3084287244584312	0.41503188084702575	1000	0.44010103505126913	DONE	NA	NA
BRCA	Wu2021	Naive	SDHB	Perivascular	20	mean_log1p_counts_per10k	0.28460681290801454	0.2955395134138379	0.19602311189641286	0.35701882719007844	0.22823523511017732	0.34116827022449325	1000	0.23532698476885505	DONE	NA	NA
BRCA	Wu2021	Naive	SDHB	Plasma_cells	13	mean_log1p_counts_per10k	0.13166062528992656	0.1253598350007181	0.1001204374547592	0.1552706942503557	0.10761797766206897	0.15706448204289478	1000	0.16857341719575933	DONE	NA	NA
BRCA	Wu2021	Naive	SDHB	T_NK_cells	21	mean_log1p_counts_per10k	0.17381918030523208	0.1932311436466213	0.1338856682051745	0.2121828605681645	0.14746227639636575	0.1967410965665058	1000	0.10400075091936173	DONE	NA	NA
BRCA	Wu2021	Naive	SDHC	B_cells	17	mean_log1p_counts_per10k	0.19903099957924852	0.1613819804266378	0.10437600986675878	0.2736522893573923	0.14300253367763976	0.25631925908628267	1000	0.12699881202670701	DONE	NA	NA
BRCA	Wu2021	Naive	SDHC	Endothelial	20	mean_log1p_counts_per10k	0.36008511042874697	0.3294711368141603	0.27204452795252443	0.5010194981127994	0.28679121938772445	0.43378298479208705	1000	0.3135596775472383	DONE	NA	NA
BRCA	Wu2021	Naive	SDHC	Fibroblasts	19	mean_log1p_counts_per10k	0.3831860003657351	0.4354858054204636	0.2698548705092105	0.4737398116946347	0.32466365836462074	0.43879062589345497	1000	0.35111125282807115	DONE	NA	NA
BRCA	Wu2021	Naive	SDHC	Malignant_epithelial	16	mean_log1p_counts_per10k	0.9447956285621433	0.9257894429476892	0.8178764383164822	1.0033162828230882	0.848606250337893	1.0674152066582918	1000	0.7158326892759058	DONE	NA	NA
BRCA	Wu2021	Naive	SDHC	Myeloid	21	mean_log1p_counts_per10k	0.3976030124495414	0.39947794561096706	0.2585367571198897	0.5112618305742341	0.3302316271079814	0.465984620288469	1000	0.3677827086524457	DONE	NA	NA
BRCA	Wu2021	Naive	SDHC	Nonmalignant_epithelial	9	mean_log1p_counts_per10k	0.689757889900487	0.6559245123455848	0.6289517735836005	0.7736248526446127	0.5970245922507076	0.7793560853948814	1000	0.647660044928201	DONE	NA	NA
BRCA	Wu2021	Naive	SDHC	Perivascular	20	mean_log1p_counts_per10k	0.40685788988248567	0.4331945150417742	0.3048330467510898	0.5387770312604595	0.3286011955699182	0.4802509611983154	1000	0.31366449873723834	DONE	NA	NA
BRCA	Wu2021	Naive	SDHC	Plasma_cells	13	mean_log1p_counts_per10k	0.1816742202689584	0.1944253934277979	0.0950026750500493	0.274796224456249	0.12948281445910537	0.22966240817942288	1000	0.23455780828198738	DONE	NA	NA
BRCA	Wu2021	Naive	SDHC	T_NK_cells	21	mean_log1p_counts_per10k	0.23811620612244375	0.236466907436848	0.1368699116870426	0.3289925171370094	0.19167773260004295	0.28609521426117523	1000	0.14169371097122044	DONE	NA	NA
BRCA	Wu2021	Naive	SDHD	B_cells	17	mean_log1p_counts_per10k	0.12824723410272099	0.09044144480569971	0.069636281022357	0.2139285616416316	0.08682803043030493	0.17149921798169107	1000	0.08508025909828254	DONE	NA	NA
BRCA	Wu2021	Naive	SDHD	Endothelial	20	mean_log1p_counts_per10k	0.3013692385908825	0.22930356206686414	0.1377133719385267	0.44155630402733215	0.2226723704141327	0.38183109958607914	1000	0.2472798829106532	DONE	NA	NA
BRCA	Wu2021	Naive	SDHD	Fibroblasts	19	mean_log1p_counts_per10k	0.337765432917402	0.2762386805495728	0.1700534487680851	0.49744849411935144	0.2461981514194374	0.43282344038664244	1000	0.2886390948524568	DONE	NA	NA
BRCA	Wu2021	Naive	SDHD	Malignant_epithelial	16	mean_log1p_counts_per10k	0.36527620902432456	0.1737479102859812	0.1365761196476977	0.5995343672021284	0.19449103346038857	0.5685920277834292	1000	0.351125745552972	DONE	NA	NA
BRCA	Wu2021	Naive	SDHD	Myeloid	21	mean_log1p_counts_per10k	0.35778779066261795	0.3171287405391739	0.18142510615800267	0.4454512925174471	0.27000671543443794	0.4531444234454595	1000	0.306716785246538	DONE	NA	NA
BRCA	Wu2021	Naive	SDHD	Nonmalignant_epithelial	9	mean_log1p_counts_per10k	0.2554830427582731	0.2569522047337481	0.1289100927516071	0.4172221112755059	0.15759876978975174	0.35280026727507297	1000	0.33849411581920946	DONE	NA	NA
BRCA	Wu2021	Naive	SDHD	Perivascular	20	mean_log1p_counts_per10k	0.332659308161661	0.2827066818030231	0.14166525683907477	0.5404589102473425	0.2390579432702355	0.42298810612922005	1000	0.24362654324899777	DONE	NA	NA
BRCA	Wu2021	Naive	SDHD	Plasma_cells	13	mean_log1p_counts_per10k	0.12874268946807377	0.11035377008091721	0.03985066592860291	0.1285200156398996	0.07283077944622536	0.18518351227615182	1000	0.14271535334004704	DONE	NA	NA
BRCA	Wu2021	Naive	SDHD	T_NK_cells	21	mean_log1p_counts_per10k	0.17046397228428187	0.1403934613480793	0.0760269205615861	0.2721492070230354	0.12331931919347336	0.21621355509045095	1000	0.09858877536950839	DONE	NA	NA
BRCA	Wu2021	Naive	SLC13A3	B_cells	17	mean_log1p_counts_per10k	0.0	0.0	0.0	0.0	0.0	0.0	1000	0.0	DONE	NA	NA
BRCA	Wu2021	Naive	SLC13A3	Endothelial	20	mean_log1p_counts_per10k	0.00144872779147053	0.0	0.0	0.000530919139604525	0.00032701287324602286	0.0028570594165885322	1000	0.001428815547306935	DONE	NA	NA
BRCA	Wu2021	Naive	SLC13A3	Fibroblasts	19	mean_log1p_counts_per10k	0.017444079071470178	0.0144618175690091	0.004004387726151751	0.0274408845743193	0.010470826186327425	0.025611286587996794	1000	0.022059270248951164	DONE	NA	NA
BRCA	Wu2021	Naive	SLC13A3	Malignant_epithelial	16	mean_log1p_counts_per10k	0.014914648167804806	0.0073549748290866	0.00260843733013635	0.014836966254574525	0.005632185372639443	0.02635911608692136	1000	0.03491826350332988	DONE	NA	NA
BRCA	Wu2021	Naive	SLC13A3	Myeloid	21	mean_log1p_counts_per10k	0.0017042577559363622	0.0	0.0	0.0018659046186368	0.00044314033610908096	0.0034706249385934177	1000	0.0013960474034204239	DONE	NA	NA
BRCA	Wu2021	Naive	SLC13A3	Nonmalignant_epithelial	9	mean_log1p_counts_per10k	0.004364008113576422	0.0012491381898909	0.0	0.0078731437270314	0.0010356726039014077	0.008347667221174703	1000	0.00853983387259951	DONE	NA	NA
BRCA	Wu2021	Naive	SLC13A3	Perivascular	20	mean_log1p_counts_per10k	0.0046904973486956505	0.0	0.0	0.006197519982732574	0.0016033835222704193	0.008553962152023368	1000	0.005576760931513195	DONE	NA	NA
BRCA	Wu2021	Naive	SLC13A3	Plasma_cells	13	mean_log1p_counts_per10k	0.0	0.0	0.0	0.0	0.0	0.0	1000	0.0	DONE	NA	NA
BRCA	Wu2021	Naive	SLC13A3	T_NK_cells	21	mean_log1p_counts_per10k	0.0005580140644287428	0.0	0.0	0.0	0.00012779086137193807	0.001193210568560022	1000	0.00036416538053807144	DONE	NA	NA
BRCA	Wu2021	Naive	SLC22A2	B_cells	17	mean_log1p_counts_per10k	0.0	0.0	0.0	0.0	0.0	0.0	1000	0.0	DONE	NA	NA
BRCA	Wu2021	Naive	SLC22A2	Endothelial	20	mean_log1p_counts_per10k	0.0	0.0	0.0	0.0	0.0	0.0	1000	0.0	DONE	NA	NA
BRCA	Wu2021	Naive	SLC22A2	Fibroblasts	19	mean_log1p_counts_per10k	0.0005470741459715841	0.0	0.0	0.0	0.0	0.0013246582524384768	1000	0.0009988335376102631	DONE	NA	NA
BRCA	Wu2021	Naive	SLC22A2	Malignant_epithelial	16	mean_log1p_counts_per10k	0.0	0.0	0.0	0.0	0.0	0.0	1000	0.0	DONE	NA	NA
BRCA	Wu2021	Naive	SLC22A2	Myeloid	21	mean_log1p_counts_per10k	0.0	0.0	0.0	0.0	0.0	0.0	1000	0.0	DONE	NA	NA
BRCA	Wu2021	Naive	SLC22A2	Nonmalignant_epithelial	9	mean_log1p_counts_per10k	0.0	0.0	0.0	0.0	0.0	0.0	1000	0.0	DONE	NA	NA
BRCA	Wu2021	Naive	SLC22A2	Perivascular	20	mean_log1p_counts_per10k	0.0011854023977043748	0.0	0.0	0.0	5.5150011934305e-05	0.0033106341316553635	1000	0.000794532445033595	DONE	NA	NA
BRCA	Wu2021	Naive	SLC22A2	Plasma_cells	13	mean_log1p_counts_per10k	0.0	0.0	0.0	0.0	0.0	0.0	1000	0.0	DONE	NA	NA
BRCA	Wu2021	Naive	SLC22A2	T_NK_cells	21	mean_log1p_counts_per10k	0.00026199675763997145	0.0	0.0	0.0	0.0	0.0007859902729199143	1000	0.0001630789302022143	DONE	NA	NA
BRCA	Wu2021	Naive	SLC22A4	B_cells	17	mean_log1p_counts_per10k	0.0020276027949622474	0.0	0.0	0.0	0.0002485728998677056	0.004406092482001432	1000	0.0012357746003193882	DONE	NA	NA
BRCA	Wu2021	Naive	SLC22A4	Endothelial	20	mean_log1p_counts_per10k	0.030724171134675064	0.0334535016931614	0.011538347107836	0.040271768371411075	0.02100410758344178	0.04167014821192003	1000	0.03540747872950717	DONE	NA	NA
BRCA	Wu2021	Naive	SLC22A4	Fibroblasts	19	mean_log1p_counts_per10k	0.006716939970645509	0.0069153656068109	0.0	0.010383625547912199	0.004319097904929914	0.009610930028534852	1000	0.010764344364622494	DONE	NA	NA
BRCA	Wu2021	Naive	SLC22A4	Malignant_epithelial	16	mean_log1p_counts_per10k	0.01485852882065365	0.01221023342976935	0.0065152369981397	0.024663037372819246	0.009603356263052424	0.020605059143011063	1000	0.024265800115031606	DONE	NA	NA
BRCA	Wu2021	Naive	SLC22A4	Myeloid	21	mean_log1p_counts_per10k	0.01613248085233136	0.0144737519967287	0.0066578026881608	0.0237919236949968	0.010878950910713094	0.022010068984821638	1000	0.028100432322963664	DONE	NA	NA
BRCA	Wu2021	Naive	SLC22A4	Nonmalignant_epithelial	9	mean_log1p_counts_per10k	0.029555555385751695	0.024389366698457895	0.0184097799225561	0.0412698655355832	0.01695478442558564	0.04144179504520973	1000	0.046038360943600004	DONE	NA	NA
BRCA	Wu2021	Naive	SLC22A4	Perivascular	20	mean_log1p_counts_per10k	0.002808819787125335	0.0	0.0	0.0045293249183482	0.0009027121728570025	0.004973354922938901	1000	0.0036606054331161193	DONE	NA	NA
BRCA	Wu2021	Naive	SLC22A4	Plasma_cells	13	mean_log1p_counts_per10k	0.0011873817067546539	0.0	0.0	0.0	0.0	0.003534034747590046	1000	0.0015837104072398155	DONE	NA	NA
BRCA	Wu2021	Naive	SLC22A4	T_NK_cells	21	mean_log1p_counts_per10k	0.0004187945613887143	0.0	0.0	0.0005316423987534	0.00011572705689151191	0.000758527392817534	1000	0.0004008396051965619	DONE	NA	NA
BRCA	Wu2021	Naive	SLC25A10	B_cells	17	mean_log1p_counts_per10k	0.009351154622685452	0.0	0.0	0.0082567116910599	0.002063218594095607	0.018036456460702895	1000	0.005049306287107811	DONE	NA	NA
BRCA	Wu2021	Naive	SLC25A10	Endothelial	20	mean_log1p_counts_per10k	0.006227356588663055	0.0	0.0	0.008389561204807274	0.0026359175191470485	0.011153052265772083	1000	0.007742256885648105	DONE	NA	NA
BRCA	Wu2021	Naive	SLC25A10	Fibroblasts	19	mean_log1p_counts_per10k	0.007587250769225643	0.0040428768203573	0.0	0.01020441254936015	0.003944449178185329	0.01261146918287527	1000	0.012149195248655723	DONE	NA	NA
BRCA	Wu2021	Naive	SLC25A10	Malignant_epithelial	16	mean_log1p_counts_per10k	0.11504849171710968	0.06528756272454429	0.04549322154346758	0.18416210576983844	0.06913896350832398	0.1646396656024859	1000	0.17276899344264127	DONE	NA	NA
BRCA	Wu2021	Naive	SLC25A10	Myeloid	21	mean_log1p_counts_per10k	0.005844767420201391	0.0027381934799757	0.0	0.0076619866901657	0.0027686743109573155	0.00925285013988105	1000	0.00879647163503478	DONE	NA	NA
BRCA	Wu2021	Naive	SLC25A10	Nonmalignant_epithelial	9	mean_log1p_counts_per10k	0.05561798316722016	0.0397021381740224	0.0301081189582595	0.0720143702585595	0.035272222125832864	0.07683282908006697	1000	0.09027962630507358	DONE	NA	NA
BRCA	Wu2021	Naive	SLC25A10	Perivascular	20	mean_log1p_counts_per10k	0.00640745487199357	0.0	0.0	0.007189623316681675	0.002070924500892057	0.011675634994849214	1000	0.006923680569403205	DONE	NA	NA
BRCA	Wu2021	Naive	SLC25A10	Plasma_cells	13	mean_log1p_counts_per10k	0.006866499117474122	0.0	0.0	0.0141867263213882	0.0022212853559879665	0.011736595524110554	1000	0.010452304382256592	DONE	NA	NA
BRCA	Wu2021	Naive	SLC25A10	T_NK_cells	21	mean_log1p_counts_per10k	0.005314253490482738	0.0025637395070626	0.0	0.0054253450122587	0.002287448073360564	0.009208432600086715	1000	0.0036502989262102285	DONE	NA	NA
BRCA	Wu2021	Naive	SLC25A20	B_cells	17	mean_log1p_counts_per10k	0.02068649519743786	0.0181039980961243	0.0038871975617773	0.027244649110932797	0.01231132289856303	0.029014519465396425	1000	0.014547667165049146	DONE	NA	NA
BRCA	Wu2021	Naive	SLC25A20	Endothelial	20	mean_log1p_counts_per10k	0.048722585540123306	0.038769225499732954	0.02161501172095585	0.0795893862717588	0.034544465639825224	0.06311234244518622	1000	0.05620189134048035	DONE	NA	NA
BRCA	Wu2021	Naive	SLC25A20	Fibroblasts	19	mean_log1p_counts_per10k	0.04186436901252944	0.0306565516086985	0.0156950322308311	0.05554249407822115	0.02641023287793692	0.06111198495212141	1000	0.053828490812047505	DONE	NA	NA
BRCA	Wu2021	Naive	SLC25A20	Malignant_epithelial	16	mean_log1p_counts_per10k	0.04299969460985106	0.026599836425547654	0.018616960574289475	0.05283402090737192	0.027145851778215938	0.05927315789963219	1000	0.07518240730702933	DONE	NA	NA
BRCA	Wu2021	Naive	SLC25A20	Myeloid	21	mean_log1p_counts_per10k	0.054722939627836364	0.048619323392987	0.0351441225945593	0.0858237456569613	0.04289910691857495	0.06685054473785641	1000	0.0763079162024104	DONE	NA	NA
BRCA	Wu2021	Naive	SLC25A20	Nonmalignant_epithelial	9	mean_log1p_counts_per10k	0.029131666891559087	0.031210187079471798	0.0113061427232466	0.0520127166282959	0.015052394245280718	0.042959022367228886	1000	0.05527791831760845	DONE	NA	NA
BRCA	Wu2021	Naive	SLC25A20	Perivascular	20	mean_log1p_counts_per10k	0.04484797876901858	0.0367919882716132	0.02178010220565215	0.059363628320441474	0.028135149644880376	0.06217828150132193	1000	0.04077295680954845	DONE	NA	NA
BRCA	Wu2021	Naive	SLC25A20	Plasma_cells	13	mean_log1p_counts_per10k	0.029402161150005438	0.033691190749059	0.0203806032348296	0.0346708566628695	0.01841041470022206	0.04120931622425975	1000	0.04298116791140943	DONE	NA	NA
BRCA	Wu2021	Naive	SLC25A20	T_NK_cells	21	mean_log1p_counts_per10k	0.05260734404222683	0.0401294843357943	0.0325531356584196	0.0683360559769918	0.03908700969809264	0.06938629499359086	1000	0.03205314054996228	DONE	NA	NA
BRCA	Wu2021	Naive	SLC29A2	B_cells	17	mean_log1p_counts_per10k	0.005785046236680971	0.0	0.0	0.0076175432504999	0.002215669135172781	0.010116368679850477	1000	0.004281358962263353	DONE	NA	NA
BRCA	Wu2021	Naive	SLC29A2	Endothelial	20	mean_log1p_counts_per10k	0.0038882408454072445	0.0	0.0	0.004585815617945775	0.0011222158590453101	0.007801553864554924	1000	0.003888512945438765	DONE	NA	NA
BRCA	Wu2021	Naive	SLC29A2	Fibroblasts	19	mean_log1p_counts_per10k	0.0016867868289342054	0.0	0.0	0.0	8.76975443380842e-05	0.0036408194317705794	1000	0.001413257283639084	DONE	NA	NA
BRCA	Wu2021	Naive	SLC29A2	Malignant_epithelial	16	mean_log1p_counts_per10k	0.06739395385732351	0.07538976735708086	0.052601852955982825	0.0850816155049487	0.0524130591642567	0.08109024466186215	1000	0.11933475170457815	DONE	NA	NA
BRCA	Wu2021	Naive	SLC29A2	Myeloid	21	mean_log1p_counts_per10k	0.002190277988972776	0.0	0.0	0.0044533365974183	0.0009834202200249347	0.0035303625332122886	1000	0.0028196136742455143	DONE	NA	NA
BRCA	Wu2021	Naive	SLC29A2	Nonmalignant_epithelial	9	mean_log1p_counts_per10k	0.03478351270583698	0.0365872356572164	0.0267893272069334	0.0457534135868369	0.024296450805563165	0.04431065406781905	1000	0.05692769212339385	DONE	NA	NA
BRCA	Wu2021	Naive	SLC29A2	Perivascular	20	mean_log1p_counts_per10k	0.0051398856905193	0.0	0.0	0.009023046991210974	0.0019237110612905278	0.00849024576773484	1000	0.00517309295476346	DONE	NA	NA
BRCA	Wu2021	Naive	SLC29A2	Plasma_cells	13	mean_log1p_counts_per10k	0.006681351757451516	0.0	0.0	0.0110503820016035	0.0017552488928168112	0.013583305523150926	1000	0.009649087232484647	DONE	NA	NA
BRCA	Wu2021	Naive	SLC29A2	T_NK_cells	21	mean_log1p_counts_per10k	0.00467378584223221	0.0047071435613925	0.0	0.0074516166024027	0.0028902201031077443	0.006450310673245704	1000	0.002882552176624638	DONE	NA	NA
BRCA	Wu2021	Naive	SLC47A1	B_cells	17	mean_log1p_counts_per10k	0.0	0.0	0.0	0.0	0.0	0.0	1000	0.0	DONE	NA	NA
BRCA	Wu2021	Naive	SLC47A1	Endothelial	20	mean_log1p_counts_per10k	0.0007739143722207151	0.0	0.0	3.1822133557925e-05	0.00019112204084057496	0.001503102477738315	1000	0.0012624985195779299	DONE	NA	NA
BRCA	Wu2021	Naive	SLC47A1	Fibroblasts	19	mean_log1p_counts_per10k	0.0013547847368141736	0.0	0.0	0.0022073478200959	0.0005058866374854947	0.002503544587090733	1000	0.0025451710589590895	DONE	NA	NA
BRCA	Wu2021	Naive	SLC47A1	Malignant_epithelial	16	mean_log1p_counts_per10k	0.0015616083297536373	0.00045239165586475	0.0	0.001280273533622225	0.00043577169945933073	0.003102537079428383	1000	0.0019439589932534	DONE	NA	NA
BRCA	Wu2021	Naive	SLC47A1	Myeloid	21	mean_log1p_counts_per10k	0.02144903389058781	0.0174367253360633	0.0046406696909867	0.0263671372170637	0.013129550194998717	0.030123637956482152	1000	0.03686846651626918	DONE	NA	NA
BRCA	Wu2021	Naive	SLC47A1	Nonmalignant_epithelial	9	mean_log1p_counts_per10k	0.0022069991612744446	0.0	0.0	0.0045363564596393	0.0	0.00462830633580015	1000	0.0024179543215647886	DONE	NA	NA
BRCA	Wu2021	Naive	SLC47A1	Perivascular	20	mean_log1p_counts_per10k	0.00127507628026978	0.0	0.0	0.00073776856103885	0.00032751085866009527	0.0025361625584987475	1000	0.001273254337819905	DONE	NA	NA
BRCA	Wu2021	Naive	SLC47A1	Plasma_cells	13	mean_log1p_counts_per10k	0.012436149011701777	0.0084090436185054	0.0	0.0245015177751733	0.005889973259818068	0.020419640685183347	1000	0.0222548810671726	DONE	NA	NA
BRCA	Wu2021	Naive	SLC47A1	T_NK_cells	21	mean_log1p_counts_per10k	0.00015372017814838096	0.0	0.0	0.0	2.1946349914961904e-05	0.000306868247688695	1000	0.0002603617138987381	DONE	NA	NA
BRCA	Wu2021	Naive	SLC47A2	B_cells	17	mean_log1p_counts_per10k	0.0	0.0	0.0	0.0	0.0	0.0	1000	0.0	DONE	NA	NA
BRCA	Wu2021	Naive	SLC47A2	Endothelial	20	mean_log1p_counts_per10k	8.480364737545e-06	0.0	0.0	0.0	0.0	2.6780099171194732e-05	1000	1.799856011519e-05	DONE	NA	NA
BRCA	Wu2021	Naive	SLC47A2	Fibroblasts	19	mean_log1p_counts_per10k	0.0006432885464838578	0.0	0.0	0.0	0.0	0.0016218668956729126	1000	0.0007478530480126158	DONE	NA	NA
BRCA	Wu2021	Naive	SLC47A2	Malignant_epithelial	16	mean_log1p_counts_per10k	0.00044321961441633125	0.0	0.0	0.0	0.0	0.0012713624929484271	1000	0.0007685705932340812	DONE	NA	NA
BRCA	Wu2021	Naive	SLC47A2	Myeloid	21	mean_log1p_counts_per10k	4.112538168935239e-05	0.0	0.0	0.0	0.0	0.00012337614506805717	1000	0.00021450021450021429	DONE	NA	NA
BRCA	Wu2021	Naive	SLC47A2	Nonmalignant_epithelial	9	mean_log1p_counts_per10k	0.0007331967384590333	0.0	0.0	0.0004366638113583	0.0	0.00161851090840682	1000	0.0007257323786081667	DONE	NA	NA
BRCA	Wu2021	Naive	SLC47A2	Perivascular	20	mean_log1p_counts_per10k	2.9110162207455005e-05	0.0	0.0	0.0	0.0	8.733048662236502e-05	1000	0.00011286681715575501	DONE	NA	NA
BRCA	Wu2021	Naive	SLC47A2	Plasma_cells	13	mean_log1p_counts_per10k	0.0	0.0	0.0	0.0	0.0	0.0	1000	0.0	DONE	NA	NA
BRCA	Wu2021	Naive	SLC47A2	T_NK_cells	21	mean_log1p_counts_per10k	0.00011393175664385238	0.0	0.0	0.0	0.0	0.0003417952699315572	1000	6.417661404184286e-05	DONE	NA	NA
BRCA	Wu2021	Naive	SLC5A10	B_cells	17	mean_log1p_counts_per10k	0.005647578713253	0.0	0.0	0.0	0.0002341222748869412	0.01431722701215838	1000	0.002462603113925859	DONE	NA	NA
BRCA	Wu2021	Naive	SLC5A10	Endothelial	20	mean_log1p_counts_per10k	0.0016956680102192252	0.0	0.0	0.0	2.9163419740187e-05	0.0038548653201162975	1000	0.0012202448169346	DONE	NA	NA
BRCA	Wu2021	Naive	SLC5A10	Fibroblasts	19	mean_log1p_counts_per10k	0.0	0.0	0.0	0.0	0.0	0.0	1000	0.0	DONE	NA	NA
BRCA	Wu2021	Naive	SLC5A10	Malignant_epithelial	16	mean_log1p_counts_per10k	0.0021743607388983997	0.0001751201374069	0.0	0.0010032556199327	0.0002936700998351524	0.005815780571791468	1000	0.005328760144426325	DONE	NA	NA
BRCA	Wu2021	Naive	SLC5A10	Myeloid	21	mean_log1p_counts_per10k	0.0003949263717406238	0.0	0.0	0.0	0.0	0.001107605463808519	1000	0.0008819744113861714	DONE	NA	NA
BRCA	Wu2021	Naive	SLC5A10	Nonmalignant_epithelial	9	mean_log1p_counts_per10k	0.002939388708270122	0.0005582638649369	0.0	0.0027753135123618	0.0002113399681504948	0.007878125462826827	1000	0.006831549074413044	DONE	NA	NA
BRCA	Wu2021	Naive	SLC5A10	Perivascular	20	mean_log1p_counts_per10k	8.702521930168e-05	0.0	0.0	0.0	0.0	0.0002748164820053053	1000	8.445945945945499e-05	DONE	NA	NA
BRCA	Wu2021	Naive	SLC5A10	Plasma_cells	13	mean_log1p_counts_per10k	0.0017048233673903923	0.0	0.0	0.0	0.0	0.0057356554616724694	1000	0.0016779788838612308	DONE	NA	NA
BRCA	Wu2021	Naive	SLC5A10	T_NK_cells	21	mean_log1p_counts_per10k	3.931862450883333e-05	0.0	0.0	0.0	0.0	0.0001179558735265	1000	3.2720371703419046e-05	DONE	NA	NA
BRCA	Wu2021	Naive	SUCLA2	B_cells	17	mean_log1p_counts_per10k	0.03588347064081002	0.0381179561000734	0.0229422038598262	0.0487366495585493	0.025233775606933302	0.04684534140330219	1000	0.022710346927462773	DONE	NA	NA
BRCA	Wu2021	Naive	SUCLA2	Endothelial	20	mean_log1p_counts_per10k	0.09235871618289074	0.09051276490096416	0.053580336822979704	0.12819928122343316	0.07563494907980893	0.10799133457543664	1000	0.09955310284571234	DONE	NA	NA
BRCA	Wu2021	Naive	SUCLA2	Fibroblasts	19	mean_log1p_counts_per10k	0.16018400867635968	0.1525170328584789	0.09411495930096345	0.2148739648910167	0.12720850870853856	0.19377763150116192	1000	0.1702822002356811	DONE	NA	NA
BRCA	Wu2021	Naive	SUCLA2	Malignant_epithelial	16	mean_log1p_counts_per10k	0.17513534548053428	0.14626381046510395	0.07511207359689573	0.2680731366225918	0.11889260343797944	0.22790073134090374	1000	0.24412002254868667	DONE	NA	NA
BRCA	Wu2021	Naive	SUCLA2	Myeloid	21	mean_log1p_counts_per10k	0.06600046872316215	0.05924364386567941	0.0482455910006673	0.078613153556029	0.05334771155459145	0.08014598262603599	1000	0.08819821298627263	DONE	NA	NA
BRCA	Wu2021	Naive	SUCLA2	Nonmalignant_epithelial	9	mean_log1p_counts_per10k	0.17786782985998215	0.1607306077222199	0.1398392711097328	0.2045955071490622	0.1366176209720415	0.2251315265702514	1000	0.2543889309105955	DONE	NA	NA
BRCA	Wu2021	Naive	SUCLA2	Perivascular	20	mean_log1p_counts_per10k	0.15918031994461537	0.157912028251582	0.07954667393733307	0.22071382270695755	0.11789169286786548	0.2028317176106397	1000	0.1387856080833933	DONE	NA	NA
BRCA	Wu2021	Naive	SUCLA2	Plasma_cells	13	mean_log1p_counts_per10k	0.024993683260512448	0.0227509279564567	0.011447437102000298	0.0330442244524066	0.015077844040970597	0.03613882922529493	1000	0.04282008838605385	DONE	NA	NA
BRCA	Wu2021	Naive	SUCLA2	T_NK_cells	21	mean_log1p_counts_per10k	0.057470348371431064	0.0571085454136298	0.036962982257186	0.0639802031708612	0.046883018129342285	0.07030939215435941	1000	0.03436231831371202	DONE	NA	NA
BRCA	Wu2021	Naive	SUCLG1	B_cells	17	mean_log1p_counts_per10k	0.1333560845201217	0.1441877948170779	0.0833587370933775	0.1609970415140688	0.10952875988054239	0.15760553521723147	1000	0.08730966571830781	DONE	NA	NA
BRCA	Wu2021	Naive	SUCLG1	Endothelial	20	mean_log1p_counts_per10k	0.23373671419375674	0.2618987233046105	0.11765416630717658	0.3210942709919612	0.1840127084061321	0.2851581068658507	1000	0.23027409562527126	DONE	NA	NA
BRCA	Wu2021	Naive	SUCLG1	Fibroblasts	19	mean_log1p_counts_per10k	0.2918250467117719	0.3078217617496126	0.19878996018707085	0.37460941911814283	0.23482875518040017	0.35462530912842744	1000	0.2948905088357674	DONE	NA	NA
BRCA	Wu2021	Naive	SUCLG1	Malignant_epithelial	16	mean_log1p_counts_per10k	0.42756445850576236	0.38522206681304255	0.2941543624774187	0.5904437175459998	0.34140515624478973	0.5167511380929912	1000	0.4593711806708797	DONE	NA	NA
BRCA	Wu2021	Naive	SUCLG1	Myeloid	21	mean_log1p_counts_per10k	0.2730598835333654	0.246634547044571	0.2050952472113827	0.34040070843368303	0.23151249177423663	0.31465800959729207	1000	0.287221391795024	DONE	NA	NA
BRCA	Wu2021	Naive	SUCLG1	Nonmalignant_epithelial	9	mean_log1p_counts_per10k	0.5705417759039245	0.5741374928757756	0.5033394903505543	0.765302139627545	0.4281389721612184	0.7005436235102165	1000	0.5607872524075638	DONE	NA	NA
BRCA	Wu2021	Naive	SUCLG1	Perivascular	20	mean_log1p_counts_per10k	0.28071424433595926	0.2616569887352541	0.16032674281574172	0.41138717190792573	0.21228934031047894	0.344495099635851	1000	0.2346326353014744	DONE	NA	NA
BRCA	Wu2021	Naive	SUCLG1	Plasma_cells	13	mean_log1p_counts_per10k	0.11240933051114178	0.11263777710422382	0.0675335716460895	0.1394547189022789	0.07901860189571208	0.14475027044704414	1000	0.16507221861253318	DONE	NA	NA
BRCA	Wu2021	Naive	SUCLG1	T_NK_cells	21	mean_log1p_counts_per10k	0.183395766217027	0.1864925368141351	0.1269209839024155	0.2209869873428155	0.15269595789397167	0.2128951815608009	1000	0.11276346014187205	DONE	NA	NA
BRCA	Wu2021	Naive	SUCLG2	B_cells	17	mean_log1p_counts_per10k	0.11522375155572358	0.1203636160264913	0.0769662327628083	0.1658446251464218	0.08935697618393122	0.1384449049960446	1000	0.07451486149906617	DONE	NA	NA
BRCA	Wu2021	Naive	SUCLG2	Endothelial	20	mean_log1p_counts_per10k	0.15345471180198836	0.14913413079602025	0.11664647388544197	0.19509951129245878	0.12691109153848407	0.17993038607800488	1000	0.15470764285325583	DONE	NA	NA
BRCA	Wu2021	Naive	SUCLG2	Fibroblasts	19	mean_log1p_counts_per10k	0.20188074129577424	0.1936834587488498	0.14238718772503645	0.26290801322580515	0.16731100327473677	0.23984616145427715	1000	0.22195753740330335	DONE	NA	NA
BRCA	Wu2021	Naive	SUCLG2	Malignant_epithelial	16	mean_log1p_counts_per10k	0.26225615460777363	0.234545988965924	0.13429834593927867	0.3565137320885441	0.197200316792476	0.3292013223861988	1000	0.3369550821402547	DONE	NA	NA
BRCA	Wu2021	Naive	SUCLG2	Myeloid	21	mean_log1p_counts_per10k	0.14815898066886724	0.1547730201605857	0.0941927916274404	0.195435046264139	0.12101270477171251	0.1787278743365007	1000	0.17848613736891877	DONE	NA	NA
BRCA	Wu2021	Naive	SUCLG2	Nonmalignant_epithelial	9	mean_log1p_counts_per10k	0.24118040223024806	0.2495132181962674	0.2166485407405199	0.3123701789528735	0.18532122510802213	0.2950802861288956	1000	0.33531571754958156	DONE	NA	NA
BRCA	Wu2021	Naive	SUCLG2	Perivascular	20	mean_log1p_counts_per10k	0.19713173385402388	0.19739852727400775	0.13354094225937158	0.2397620637452777	0.15928671750409854	0.23546142535377113	1000	0.18033475622145748	DONE	NA	NA
BRCA	Wu2021	Naive	SUCLG2	Plasma_cells	13	mean_log1p_counts_per10k	0.05943920231102324	0.05534039622131409	0.031013123673926397	0.073258280453587	0.03574102354082365	0.08414735597834382	1000	0.08984724950489106	DONE	NA	NA
BRCA	Wu2021	Naive	SUCLG2	T_NK_cells	21	mean_log1p_counts_per10k	0.1241243421530782	0.1283876629915296	0.0819340369543097	0.1583545163791053	0.10469677214131852	0.14332942483506217	1000	0.0771920483480202	DONE	NA	NA
BRCA	Pal2021_reprocessed	ALL	ABHD12	B_cells	14	mean_log1p_counts_per10k	0.036662898349257386	0.026073371097973502	0.00774159883248555	0.06412387428017	0.021030678025203326	0.05438789827169135	1000	0.020298021352116398	DONE	NA	NA
BRCA	Pal2021_reprocessed	ALL	ABHD12	Endothelial	23	mean_log1p_counts_per10k	0.07337872731047121	0.0606534488783386	0.03558154381920055	0.10183439300994944	0.049632468113891964	0.09694475095635688	1000	0.050494351859751624	DONE	NA	NA
BRCA	Pal2021_reprocessed	ALL	ABHD12	Fibroblasts	30	mean_log1p_counts_per10k	0.06778587275622353	0.0618853801463952	0.04369016320193528	0.09361526503590126	0.05423624687962548	0.08129211884780142	1000	0.055787345649407204	DONE	NA	NA
BRCA	Pal2021_reprocessed	ALL	ABHD12	Malignant_epithelial	33	mean_log1p_counts_per10k	0.12462869493318418	0.1105312433323712	0.0720869954249856	0.1450517241109636	0.10351187903917715	0.14996469934092788	1000	0.1430117201468403	DONE	NA	NA
BRCA	Pal2021_reprocessed	ALL	ABHD12	Mast_cells	12	mean_log1p_counts_per10k	0.047732454603626386	0.03421815440329635	0.0	0.08936400901594052	0.02395666603520038	0.07257699094012024	1000	0.022936366966145965	DONE	NA	NA
BRCA	Pal2021_reprocessed	ALL	ABHD12	Myeloid	30	mean_log1p_counts_per10k	0.26629791559467186	0.26715361289555395	0.19390033094143821	0.2992972697553186	0.23067986053899195	0.3086457707023465	1000	0.19290725555949437	DONE	NA	NA
BRCA	Pal2021_reprocessed	ALL	ABHD12	Perivascular	15	mean_log1p_counts_per10k	0.05436205639231821	0.0509880449604993	0.046210801861067546	0.070911773164016	0.04312388164461142	0.06446540533809066	1000	0.042319623594414844	DONE	NA	NA
BRCA	Pal2021_reprocessed	ALL	ABHD12	Plasma_cells	17	mean_log1p_counts_per10k	0.04722316366670267	0.0514874902101617	0.0244650326435769	0.0578959474182591	0.033294051372581186	0.062463632470303294	1000	0.05212865833566167	DONE	NA	NA
BRCA	Pal2021_reprocessed	ALL	ABHD12	T_NK_cells	24	mean_log1p_counts_per10k	0.03912306170401739	0.036763633533523854	0.024200640025063752	0.050833355261710546	0.03115080075657431	0.047600886178189264	1000	0.019840309594055798	DONE	NA	NA
BRCA	Pal2021_reprocessed	ALL	ABHD12	Unresolved_stromal	1	mean_log1p_counts_per10k	NA	NA	NA	NA	NA	NA	0	NA	NOT_EVALUABLE	NA	NA
BRCA	Pal2021_reprocessed	ALL	ABHD6	B_cells	14	mean_log1p_counts_per10k	0.007625395838735	0.0	0.0	0.013296110986282	0.001921597192517788	0.014204578896094605	1000	0.005244996089674585	DONE	NA	NA
BRCA	Pal2021_reprocessed	ALL	ABHD6	Endothelial	23	mean_log1p_counts_per10k	0.017362984913195184	0.0	0.0	0.0330491281025647	0.008522948651816185	0.027255942551158617	1000	0.013316306560100322	DONE	NA	NA
BRCA	Pal2021_reprocessed	ALL	ABHD6	Fibroblasts	30	mean_log1p_counts_per10k	0.01240928799292638	0.007085905602838749	0.0	0.014942990480171874	0.007538092668867333	0.01784514844137856	1000	0.008851620638907239	DONE	NA	NA
BRCA	Pal2021_reprocessed	ALL	ABHD6	Malignant_epithelial	33	mean_log1p_counts_per10k	0.007325152610105113	0.0075440203022516	0.0039270224648201	0.0096320952364648	0.0059490792095866	0.008691407057937577	1000	0.009761487774964944	DONE	NA	NA
BRCA	Pal2021_reprocessed	ALL	ABHD6	Mast_cells	12	mean_log1p_counts_per10k	0.038821012697779066	0.02997362624748485	0.01086524301556815	0.051726381271870854	0.018198210848462872	0.06246431698730793	1000	0.018394227562275624	DONE	NA	NA
BRCA	Pal2021_reprocessed	ALL	ABHD6	Myeloid	30	mean_log1p_counts_per10k	0.025331351901088595	0.025670629308793602	0.01553543442065525	0.0326016195522846	0.020400799777542528	0.03021947447598043	1000	0.021215969024844964	DONE	NA	NA
BRCA	Pal2021_reprocessed	ALL	ABHD6	Perivascular	15	mean_log1p_counts_per10k	0.010813832205825753	0.0	0.0	0.0149910063252228	0.003832365854513994	0.018698206902556726	1000	0.008715137282657288	DONE	NA	NA
BRCA	Pal2021_reprocessed	ALL	ABHD6	Plasma_cells	17	mean_log1p_counts_per10k	0.0008086732365162705	0.0	0.0	0.0	0.0	0.002077650476216067	1000	0.0005879352426187706	DONE	NA	NA
BRCA	Pal2021_reprocessed	ALL	ABHD6	T_NK_cells	24	mean_log1p_counts_per10k	0.00947373616596593	0.0094223485485136	0.002966654807436375	0.014164325138366126	0.006420721587745462	0.012506321516648636	1000	0.0047314908294721	DONE	NA	NA
BRCA	Pal2021_reprocessed	ALL	ABHD6	Unresolved_stromal	1	mean_log1p_counts_per10k	NA	NA	NA	NA	NA	NA	0	NA	NOT_EVALUABLE	NA	NA
BRCA	Pal2021_reprocessed	ALL	ACSL1	B_cells	14	mean_log1p_counts_per10k	0.03630164954588245	0.0295142511158041	0.0031172468073115	0.040166192513087104	0.017688850490582244	0.061406938896887496	1000	0.018382720823151306	DONE	NA	NA
BRCA	Pal2021_reprocessed	ALL	ACSL1	Endothelial	23	mean_log1p_counts_per10k	0.02882019880171079	0.0281653360584446	0.0	0.04043090379287375	0.01626823666480219	0.043600506068599706	1000	0.023504665461074423	DONE	NA	NA
BRCA	Pal2021_reprocessed	ALL	ACSL1	Fibroblasts	30	mean_log1p_counts_per10k	0.07521631148520005	0.0717694915644208	0.033190075207372126	0.10129855542458814	0.05817369777839303	0.0934570678195656	1000	0.06080879562336549	DONE	NA	NA
BRCA	Pal2021_reprocessed	ALL	ACSL1	Malignant_epithelial	33	mean_log1p_counts_per10k	0.08267381843970195	0.0539389306685612	0.040509649948378	0.1034752738777427	0.05962030408079112	0.10672391926420811	1000	0.09897450378759419	DONE	NA	NA
BRCA	Pal2021_reprocessed	ALL	ACSL1	Mast_cells	12	mean_log1p_counts_per10k	0.028731333808609195	0.017115338708370953	0.0	0.045260804398814206	0.009898761114620592	0.049632696112776556	1000	0.015224060945986058	DONE	NA	NA
BRCA	Pal2021_reprocessed	ALL	ACSL1	Myeloid	30	mean_log1p_counts_per10k	0.277095382499592	0.23603993900392828	0.12786392949040934	0.37796826873537176	0.21436275540393093	0.34447401514546216	1000	0.1924263156790006	DONE	NA	NA
BRCA	Pal2021_reprocessed	ALL	ACSL1	Perivascular	15	mean_log1p_counts_per10k	0.03512775112096633	0.0303164999748523	0.00979895646848785	0.0554283221645091	0.021411129320623612	0.05069101848587352	1000	0.028687653806011248	DONE	NA	NA
BRCA	Pal2021_reprocessed	ALL	ACSL1	Plasma_cells	17	mean_log1p_counts_per10k	0.008134100462361859	0.0028302369934027	0.0	0.0083371233946898	0.00296591249470486	0.015541631361310553	1000	0.007468363116305706	DONE	NA	NA
BRCA	Pal2021_reprocessed	ALL	ACSL1	T_NK_cells	24	mean_log1p_counts_per10k	0.02439765961970482	0.020882603322652897	0.012831497308136399	0.03235047451724825	0.018070386483002777	0.03084365414239696	1000	0.01191228653579423	DONE	NA	NA
BRCA	Pal2021_reprocessed	ALL	ACSL1	Unresolved_stromal	1	mean_log1p_counts_per10k	NA	NA	NA	NA	NA	NA	0	NA	NOT_EVALUABLE	NA	NA
BRCA	Pal2021_reprocessed	ALL	ACSL3	B_cells	14	mean_log1p_counts_per10k	0.04762580936937439	0.0546545676677789	0.020752480644919052	0.07417051704906866	0.029066643591934057	0.06514130775877182	1000	0.025112633942184517	DONE	NA	NA
BRCA	Pal2021_reprocessed	ALL	ACSL3	Endothelial	23	mean_log1p_counts_per10k	0.1652638359920141	0.1511851454745742	0.08468029817892056	0.20850042666801272	0.1262326084467355	0.21123380863374033	1000	0.11613717531955628	DONE	NA	NA
BRCA	Pal2021_reprocessed	ALL	ACSL3	Fibroblasts	30	mean_log1p_counts_per10k	0.1550464387294181	0.16318560547109312	0.10669106057684444	0.20108140475748373	0.1319099818244343	0.17844812285251424	1000	0.11531886855630959	DONE	NA	NA
BRCA	Pal2021_reprocessed	ALL	ACSL3	Malignant_epithelial	33	mean_log1p_counts_per10k	0.29445581856779707	0.2691504576017305	0.1512164095153152	0.3670053681402642	0.2433653391981027	0.35423585797347407	1000	0.28710615595296723	DONE	NA	NA
BRCA	Pal2021_reprocessed	ALL	ACSL3	Mast_cells	12	mean_log1p_counts_per10k	0.03962214524063876	0.03696008725749655	0.0	0.0644796678485621	0.017420920073672914	0.06428309956603716	1000	0.01954326582637935	DONE	NA	NA
BRCA	Pal2021_reprocessed	ALL	ACSL3	Myeloid	30	mean_log1p_counts_per10k	0.19909355795932557	0.16291964964146305	0.11245571453855355	0.2603511514783937	0.15382770417537414	0.24772552145040388	1000	0.14864641554472466	DONE	NA	NA
BRCA	Pal2021_reprocessed	ALL	ACSL3	Perivascular	15	mean_log1p_counts_per10k	0.12772913101177286	0.1429393508028801	0.07402811806693695	0.17345486025144835	0.0936330565114324	0.1623420767418883	1000	0.09038999501407995	DONE	NA	NA
BRCA	Pal2021_reprocessed	ALL	ACSL3	Plasma_cells	17	mean_log1p_counts_per10k	0.022771643302659492	0.025274977568837	0.0	0.0339190300813889	0.014286907502060962	0.032467916533787874	1000	0.0216688733553322	DONE	NA	NA
BRCA	Pal2021_reprocessed	ALL	ACSL3	T_NK_cells	24	mean_log1p_counts_per10k	0.05499051622289456	0.050246704939338555	0.040660512169846855	0.05803002477183353	0.044738866793420096	0.06651123459375666	1000	0.02697641500245455	DONE	NA	NA
BRCA	Pal2021_reprocessed	ALL	ACSL3	Unresolved_stromal	1	mean_log1p_counts_per10k	NA	NA	NA	NA	NA	NA	0	NA	NOT_EVALUABLE	NA	NA
BRCA	Pal2021_reprocessed	ALL	ACSL4	B_cells	14	mean_log1p_counts_per10k	0.044537295078284654	0.039276554170271955	0.0261076073269374	0.06530765272948667	0.02696346197730071	0.0639286386242644	1000	0.023891737806799266	DONE	NA	NA
BRCA	Pal2021_reprocessed	ALL	ACSL4	Endothelial	23	mean_log1p_counts_per10k	0.15386558174905537	0.1380417978764032	0.09738534737231605	0.20411629399742115	0.12336402622470571	0.18788698903183704	1000	0.09926940298590307	DONE	NA	NA
BRCA	Pal2021_reprocessed	ALL	ACSL4	Fibroblasts	30	mean_log1p_counts_per10k	0.13946291474841466	0.12292575314192744	0.052213742872292246	0.18441106756599776	0.10380892508558266	0.1815559089291248	1000	0.10017139044817401	DONE	NA	NA
BRCA	Pal2021_reprocessed	ALL	ACSL4	Malignant_epithelial	33	mean_log1p_counts_per10k	0.016804113921593568	0.0067541663258162	0.0037987869208162	0.0208694120413719	0.010104962139188526	0.024878310529717396	1000	0.02253927080506868	DONE	NA	NA
BRCA	Pal2021_reprocessed	ALL	ACSL4	Mast_cells	12	mean_log1p_counts_per10k	0.6929346909120158	0.7292781062953629	0.4885838641199236	0.9738161670187877	0.48173401213851147	0.9079922714781767	1000	0.28343652630908717	DONE	NA	NA
BRCA	Pal2021_reprocessed	ALL	ACSL4	Myeloid	30	mean_log1p_counts_per10k	0.18846891677925276	0.1761863816455699	0.13833046124412401	0.24097287131297657	0.15550115040033713	0.22206293956004078	1000	0.13734686369664395	DONE	NA	NA
BRCA	Pal2021_reprocessed	ALL	ACSL4	Perivascular	15	mean_log1p_counts_per10k	0.11807579739633532	0.0894930033276756	0.052565268026969855	0.14754414649311615	0.07281737017441321	0.17343160886027836	1000	0.08922214704524797	DONE	NA	NA
BRCA	Pal2021_reprocessed	ALL	ACSL4	Plasma_cells	17	mean_log1p_counts_per10k	0.0296911888608593	0.0257657606549232	0.0106228879492611	0.04792647653530881	0.019387733347004395	0.04215399920206365	1000	0.03136058139280257	DONE	NA	NA
BRCA	Pal2021_reprocessed	ALL	ACSL4	T_NK_cells	24	mean_log1p_counts_per10k	0.05920936253064315	0.05968787893904835	0.040693248240852006	0.0730476837695636	0.050394837585758384	0.06799739030319384	1000	0.027773960989223672	DONE	NA	NA
BRCA	Pal2021_reprocessed	ALL	ACSL4	Unresolved_stromal	1	mean_log1p_counts_per10k	NA	NA	NA	NA	NA	NA	0	NA	NOT_EVALUABLE	NA	NA
BRCA	Pal2021_reprocessed	ALL	ACSL5	B_cells	14	mean_log1p_counts_per10k	0.03999466234489362	0.0430327814548066	0.0	0.06362904716720957	0.020622063388459438	0.05933568293526315	1000	0.02080489042133746	DONE	NA	NA
BRCA	Pal2021_reprocessed	ALL	ACSL5	Endothelial	23	mean_log1p_counts_per10k	0.1213409988393168	0.1191089284431605	0.07023569067816415	0.17498128507111926	0.09316922632121094	0.15030215408377423	1000	0.08773722878688354	DONE	NA	NA
BRCA	Pal2021_reprocessed	ALL	ACSL5	Fibroblasts	30	mean_log1p_counts_per10k	0.016226631198916437	0.01314617866838085	0.0	0.0261736586738244	0.011260605961297658	0.021937472013727314	1000	0.016378607357189216	DONE	NA	NA
BRCA	Pal2021_reprocessed	ALL	ACSL5	Malignant_epithelial	33	mean_log1p_counts_per10k	0.020125117135849024	0.0157054310498416	0.0040700094768076	0.0280069747572398	0.01403308590523167	0.027457099182455917	1000	0.02818281177510786	DONE	NA	NA
BRCA	Pal2021_reprocessed	ALL	ACSL5	Mast_cells	12	mean_log1p_counts_per10k	0.018602631317369916	0.0062929847843216	0.0	0.03497439962117162	0.006571461808812258	0.03202578079971311	1000	0.0099328979026143	DONE	NA	NA
BRCA	Pal2021_reprocessed	ALL	ACSL5	Myeloid	30	mean_log1p_counts_per10k	0.05567524256303587	0.046898562897718654	0.03135130756069615	0.06860474144171336	0.04328029081849643	0.06856975479366584	1000	0.04572455001046228	DONE	NA	NA
BRCA	Pal2021_reprocessed	ALL	ACSL5	Perivascular	15	mean_log1p_counts_per10k	0.0054520097189091924	0.0	0.0	0.0	0.0	0.015168895681064656	1000	0.004066934066934053	DONE	NA	NA
BRCA	Pal2021_reprocessed	ALL	ACSL5	Plasma_cells	17	mean_log1p_counts_per10k	0.01400185183271336	0.0073702940535045	0.0	0.0214408635244333	0.006916378650551005	0.022564653878477243	1000	0.0138457423255013	DONE	NA	NA
BRCA	Pal2021_reprocessed	ALL	ACSL5	T_NK_cells	24	mean_log1p_counts_per10k	0.04602840567387536	0.04576971487607395	0.030095662953746428	0.05955408762877407	0.03737934435729259	0.056128108913122046	1000	0.02299034027666529	DONE	NA	NA
BRCA	Pal2021_reprocessed	ALL	ACSL5	Unresolved_stromal	1	mean_log1p_counts_per10k	NA	NA	NA	NA	NA	NA	0	NA	NOT_EVALUABLE	NA	NA
BRCA	Pal2021_reprocessed	ALL	ACSL6	B_cells	14	mean_log1p_counts_per10k	0.0031647368413239146	0.0	0.0	0.002770529914914875	0.0005453663699649363	0.0065835418190590715	1000	0.0018898402708904998	DONE	NA	NA
BRCA	Pal2021_reprocessed	ALL	ACSL6	Endothelial	23	mean_log1p_counts_per10k	0.006263703069671056	0.0	0.0	0.00139487979091055	0.00110474927197795	0.013078412556885887	1000	0.004473699419726795	DONE	NA	NA
BRCA	Pal2021_reprocessed	ALL	ACSL6	Fibroblasts	30	mean_log1p_counts_per10k	0.0025761935951537666	0.0	0.0	0.0020009409622613753	0.0008817650517820624	0.004665422761331892	1000	0.0028710850326733634	DONE	NA	NA
BRCA	Pal2021_reprocessed	ALL	ACSL6	Malignant_epithelial	33	mean_log1p_counts_per10k	0.007606875192193	0.0032978267867692	0.0017322751672052	0.0066783198966394	0.0039859217804283555	0.012802213521875059	1000	0.011430233942545347	DONE	NA	NA
BRCA	Pal2021_reprocessed	ALL	ACSL6	Mast_cells	12	mean_log1p_counts_per10k	0.0	0.0	0.0	0.0	0.0	0.0	1000	0.0	DONE	NA	NA
BRCA	Pal2021_reprocessed	ALL	ACSL6	Myeloid	30	mean_log1p_counts_per10k	0.0015883433432470502	0.0	0.0	0.002116694124321725	0.0007688226524585888	0.0024987258515514086	1000	0.00141029419020861	DONE	NA	NA
BRCA	Pal2021_reprocessed	ALL	ACSL6	Perivascular	15	mean_log1p_counts_per10k	0.00439193522293988	0.0	0.0	0.00252611037579275	0.0005327932253280055	0.011231458273124573	1000	0.005314077328929767	DONE	NA	NA
BRCA	Pal2021_reprocessed	ALL	ACSL6	Plasma_cells	17	mean_log1p_counts_per10k	0.003918936605624153	0.0	0.0	0.0048594197347538	0.000941535632293759	0.007525429243337719	1000	0.002139853286184182	DONE	NA	NA
BRCA	Pal2021_reprocessed	ALL	ACSL6	T_NK_cells	24	mean_log1p_counts_per10k	0.021088639006135366	0.0164211357637521	0.006037504311211201	0.0365737261503071	0.014017283800061855	0.028857069884964653	1000	0.009642708711475262	DONE	NA	NA
BRCA	Pal2021_reprocessed	ALL	ACSL6	Unresolved_stromal	1	mean_log1p_counts_per10k	NA	NA	NA	NA	NA	NA	0	NA	NOT_EVALUABLE	NA	NA
BRCA	Pal2021_reprocessed	ALL	ACSM1	B_cells	14	mean_log1p_counts_per10k	0.0003515330700475143	0.0	0.0	0.0	0.0	0.0009433242669867332	1000	0.0001639538873992714	DONE	NA	NA
BRCA	Pal2021_reprocessed	ALL	ACSM1	Endothelial	23	mean_log1p_counts_per10k	0.0004744254912177913	0.0	0.0	0.0	0.0	0.00115892418237427	1000	0.0005693581780538261	DONE	NA	NA
BRCA	Pal2021_reprocessed	ALL	ACSM1	Fibroblasts	30	mean_log1p_counts_per10k	0.0004941553589309467	0.0	0.0	0.0	5.649773626202759e-05	0.001073427312434421	1000	0.0005003625362819167	DONE	NA	NA
BRCA	Pal2021_reprocessed	ALL	ACSM1	Malignant_epithelial	33	mean_log1p_counts_per10k	0.009799047624155425	0.0038370921550653	0.0014137442442286	0.0106406503809185	0.00514922705168871	0.015313430794527558	1000	0.011051602811859646	DONE	NA	NA
BRCA	Pal2021_reprocessed	ALL	ACSM1	Mast_cells	12	mean_log1p_counts_per10k	0.0018755834969022417	0.0	0.0	0.0	0.0	0.006138273262589155	1000	0.0007122507122507083	DONE	NA	NA
BRCA	Pal2021_reprocessed	ALL	ACSM1	Myeloid	30	mean_log1p_counts_per10k	0.00103659161166915	0.0	0.0	0.00154244218111345	0.00046863441100749036	0.0017336789638851481	1000	0.0007376248328558368	DONE	NA	NA
BRCA	Pal2021_reprocessed	ALL	ACSM1	Perivascular	15	mean_log1p_counts_per10k	0.00018942773766784666	0.0	0.0	0.0	0.0	0.0006314257922261555	1000	0.00016380016380016	DONE	NA	NA
BRCA	Pal2021_reprocessed	ALL	ACSM1	Plasma_cells	17	mean_log1p_counts_per10k	0.00017900180309408822	0.0	0.0	0.0	0.0	0.0006086061305198999	1000	0.0001089324618736353	DONE	NA	NA
BRCA	Pal2021_reprocessed	ALL	ACSM1	T_NK_cells	24	mean_log1p_counts_per10k	0.0005219073061768959	0.0	0.0	0.0	1.7774250016447618e-05	0.0012201770185794392	1000	0.00019108058932874582	DONE	NA	NA
BRCA	Pal2021_reprocessed	ALL	ACSM1	Unresolved_stromal	1	mean_log1p_counts_per10k	NA	NA	NA	NA	NA	NA	0	NA	NOT_EVALUABLE	NA	NA
BRCA	Pal2021_reprocessed	ALL	ALOX15	B_cells	14	mean_log1p_counts_per10k	0.0002187628188589357	0.0	0.0	0.0	0.0	0.0005564705679690058	1000	0.00010441604265087857	DONE	NA	NA
BRCA	Pal2021_reprocessed	ALL	ALOX15	Endothelial	23	mean_log1p_counts_per10k	0.00010845430229010434	0.0	0.0	0.0	0.0	0.0003837613773342154	1000	0.00016162922256343913	DONE	NA	NA
BRCA	Pal2021_reprocessed	ALL	ALOX15	Fibroblasts	30	mean_log1p_counts_per10k	7.532379082898999e-05	0.0	0.0	0.0	0.0	0.00019218522129104518	1000	0.00010788744516119	DONE	NA	NA
BRCA	Pal2021_reprocessed	ALL	ALOX15	Malignant_epithelial	33	mean_log1p_counts_per10k	0.0045147339405490275	0.0014141713553267	0.0006783261837938	0.0045388307921561	0.002377127158082182	0.0071714792430984785	1000	0.005908359291601467	DONE	NA	NA
BRCA	Pal2021_reprocessed	ALL	ALOX15	Mast_cells	12	mean_log1p_counts_per10k	0.01569310599235261	0.0	0.0	0.024431351638351126	0.002813810539421657	0.03152960047381085	1000	0.0065987264127075	DONE	NA	NA
BRCA	Pal2021_reprocessed	ALL	ALOX15	Myeloid	30	mean_log1p_counts_per10k	0.0035117686191151764	0.0	0.0	0.0026281302769580505	0.001424960149096183	0.006519346075357698	1000	0.00259459756391555	DONE	NA	NA
BRCA	Pal2021_reprocessed	ALL	ALOX15	Perivascular	15	mean_log1p_counts_per10k	0.0	0.0	0.0	0.0	0.0	0.0	1000	0.0	DONE	NA	NA
BRCA	Pal2021_reprocessed	ALL	ALOX15	Plasma_cells	17	mean_log1p_counts_per10k	3.0196171129941178e-05	0.0	0.0	0.0	0.0	0.00010266698184180001	1000	2.43575691146e-05	DONE	NA	NA
BRCA	Pal2021_reprocessed	ALL	ALOX15	T_NK_cells	24	mean_log1p_counts_per10k	0.00040077508824955406	0.0	0.0	0.0	0.0	0.001152578745261695	1000	0.00019603283231556248	DONE	NA	NA
BRCA	Pal2021_reprocessed	ALL	ALOX15	Unresolved_stromal	1	mean_log1p_counts_per10k	NA	NA	NA	NA	NA	NA	0	NA	NOT_EVALUABLE	NA	NA
BRCA	Pal2021_reprocessed	ALL	ALOX5	B_cells	14	mean_log1p_counts_per10k	0.12320566565371216	0.1103939604424864	0.06298296155396363	0.13402866421838308	0.07863491440272746	0.17163308731714844	1000	0.06046193960881257	DONE	NA	NA
BRCA	Pal2021_reprocessed	ALL	ALOX5	Endothelial	23	mean_log1p_counts_per10k	0.003736011123279656	0.0	0.0	0.0062923128620207495	0.0011953571559002892	0.006853176354554505	1000	0.003410367920658878	DONE	NA	NA
BRCA	Pal2021_reprocessed	ALL	ALOX5	Fibroblasts	30	mean_log1p_counts_per10k	0.006336408175409083	0.0026060141775229497	0.0	0.009159118089509026	0.003492260651858823	0.010187947724709311	1000	0.00399198457948739	DONE	NA	NA
BRCA	Pal2021_reprocessed	ALL	ALOX5	Malignant_epithelial	33	mean_log1p_counts_per10k	0.021073581508625525	0.0111215357451877	0.0029101667530627	0.0223416208829549	0.012173290077278314	0.03262406645575316	1000	0.024990589670186067	DONE	NA	NA
BRCA	Pal2021_reprocessed	ALL	ALOX5	Mast_cells	12	mean_log1p_counts_per10k	0.6022106389950627	0.6062114897445019	0.4449176142373041	0.6685838581832001	0.4720671237638395	0.7493326700215543	1000	0.2627477735429899	DONE	NA	NA
BRCA	Pal2021_reprocessed	ALL	ALOX5	Myeloid	30	mean_log1p_counts_per10k	0.2708993683609756	0.2638995762182256	0.16428044520014037	0.35945389585531784	0.2218571438365822	0.32281915977705905	1000	0.1931819187092458	DONE	NA	NA
BRCA	Pal2021_reprocessed	ALL	ALOX5	Perivascular	15	mean_log1p_counts_per10k	0.017981366568632574	0.0135862044073769	0.0	0.0256441110519685	0.008591690347963431	0.02830245219394388	1000	0.013775970264506894	DONE	NA	NA
BRCA	Pal2021_reprocessed	ALL	ALOX5	Plasma_cells	17	mean_log1p_counts_per10k	0.024530139853182382	0.021822021802290904	0.0044202046949545	0.0385572179696118	0.014072137617604362	0.035740423826982934	1000	0.0223490380625813	DONE	NA	NA
BRCA	Pal2021_reprocessed	ALL	ALOX5	T_NK_cells	24	mean_log1p_counts_per10k	0.003099696391961408	0.0017382915810719001	0.0	0.0042554087157114	0.001677652279250194	0.004845602888187855	1000	0.0014472165780453417	DONE	NA	NA
BRCA	Pal2021_reprocessed	ALL	ALOX5	Unresolved_stromal	1	mean_log1p_counts_per10k	NA	NA	NA	NA	NA	NA	0	NA	NOT_EVALUABLE	NA	NA
BRCA	Pal2021_reprocessed	ALL	CYP4F2	B_cells	14	mean_log1p_counts_per10k	0.0	0.0	0.0	0.0	0.0	0.0	1000	0.0	DONE	NA	NA
BRCA	Pal2021_reprocessed	ALL	CYP4F2	Endothelial	23	mean_log1p_counts_per10k	0.0	0.0	0.0	0.0	0.0	0.0	1000	0.0	DONE	NA	NA
BRCA	Pal2021_reprocessed	ALL	CYP4F2	Fibroblasts	30	mean_log1p_counts_per10k	0.0	0.0	0.0	0.0	0.0	0.0	1000	0.0	DONE	NA	NA
BRCA	Pal2021_reprocessed	ALL	CYP4F2	Malignant_epithelial	33	mean_log1p_counts_per10k	0.00017884647180229022	0.0	0.0	0.00011182472825290002	5.577371285795019e-05	0.0003167375209031896	1000	0.00017766344714020268	DONE	NA	NA
BRCA	Pal2021_reprocessed	ALL	CYP4F2	Mast_cells	12	mean_log1p_counts_per10k	0.0	0.0	0.0	0.0	0.0	0.0	1000	0.0	DONE	NA	NA
BRCA	Pal2021_reprocessed	ALL	CYP4F2	Myeloid	30	mean_log1p_counts_per10k	0.0	0.0	0.0	0.0	0.0	0.0	1000	0.0	DONE	NA	NA
BRCA	Pal2021_reprocessed	ALL	CYP4F2	Perivascular	15	mean_log1p_counts_per10k	0.0	0.0	0.0	0.0	0.0	0.0	1000	0.0	DONE	NA	NA
BRCA	Pal2021_reprocessed	ALL	CYP4F2	Plasma_cells	17	mean_log1p_counts_per10k	0.0	0.0	0.0	0.0	0.0	0.0	1000	0.0	DONE	NA	NA
BRCA	Pal2021_reprocessed	ALL	CYP4F2	T_NK_cells	24	mean_log1p_counts_per10k	0.0	0.0	0.0	0.0	0.0	0.0	1000	0.0	DONE	NA	NA
BRCA	Pal2021_reprocessed	ALL	CYP4F2	Unresolved_stromal	1	mean_log1p_counts_per10k	NA	NA	NA	NA	NA	NA	0	NA	NOT_EVALUABLE	NA	NA
BRCA	Pal2021_reprocessed	ALL	ENPP2	B_cells	14	mean_log1p_counts_per10k	0.009560132760154	0.0	0.0	0.015456133969268874	0.0020490882133613383	0.01910576574691774	1000	0.0061795122332737994	DONE	NA	NA
BRCA	Pal2021_reprocessed	ALL	ENPP2	Endothelial	23	mean_log1p_counts_per10k	0.27697083588905075	0.2846667155301634	0.11910156716247036	0.35763445782240777	0.20069368873165225	0.3576335109298851	1000	0.14891889960381527	DONE	NA	NA
BRCA	Pal2021_reprocessed	ALL	ENPP2	Fibroblasts	30	mean_log1p_counts_per10k	0.08009267567687035	0.05617755626177415	0.0326827986618567	0.10921682393275704	0.0528340493198062	0.1154367823088694	1000	0.05852316803416273	DONE	NA	NA
BRCA	Pal2021_reprocessed	ALL	ENPP2	Malignant_epithelial	33	mean_log1p_counts_per10k	0.004434182633380366	0.0009875090868083	0.0004134471503522	0.0028611874722548	0.0015432965342144036	0.009080551201855453	1000	0.005609934702537445	DONE	NA	NA
BRCA	Pal2021_reprocessed	ALL	ENPP2	Mast_cells	12	mean_log1p_counts_per10k	0.010685127733326276	0.0	0.0	0.0	0.0	0.03080982426437911	1000	0.004960317460317459	DONE	NA	NA
BRCA	Pal2021_reprocessed	ALL	ENPP2	Myeloid	30	mean_log1p_counts_per10k	0.06929341787540667	0.052803926692791006	0.02659541564235037	0.08725045332879727	0.04815501404600659	0.09314221382584108	1000	0.05071045808206369	DONE	NA	NA
BRCA	Pal2021_reprocessed	ALL	ENPP2	Perivascular	15	mean_log1p_counts_per10k	0.02250663880150055	0.0069655259809429	0.0	0.0348201969073398	0.007171311478766	0.04074649447870851	1000	0.018644141131309782	DONE	NA	NA
BRCA	Pal2021_reprocessed	ALL	ENPP2	Plasma_cells	17	mean_log1p_counts_per10k	0.004700384851918536	0.0	0.0	0.008846940448371	0.0018630676136571595	0.008291171470145648	1000	0.005100894251568635	DONE	NA	NA
BRCA	Pal2021_reprocessed	ALL	ENPP2	T_NK_cells	24	mean_log1p_counts_per10k	0.002325282874932221	0.0007218616366923001	0.0	0.003183109556329625	0.0011001744600138018	0.0038771345148171186	1000	0.0011801185358925666	DONE	NA	NA
BRCA	Pal2021_reprocessed	ALL	ENPP2	Unresolved_stromal	1	mean_log1p_counts_per10k	NA	NA	NA	NA	NA	NA	0	NA	NOT_EVALUABLE	NA	NA
BRCA	Pal2021_reprocessed	ALL	LPCAT1	B_cells	14	mean_log1p_counts_per10k	0.044120506482204204	0.0343954462703808	0.0	0.06165146377580732	0.017965487099686865	0.07392866814921598	1000	0.02479640094615828	DONE	NA	NA
BRCA	Pal2021_reprocessed	ALL	LPCAT1	Endothelial	23	mean_log1p_counts_per10k	0.1110260941820729	0.0950323016307756	0.05412506131321615	0.1601154422006231	0.08306086213647863	0.14334153768993313	1000	0.07512762736120682	DONE	NA	NA
BRCA	Pal2021_reprocessed	ALL	LPCAT1	Fibroblasts	30	mean_log1p_counts_per10k	0.058052076146258874	0.056221953573644345	0.03765639431957405	0.07277486957624782	0.04623793284671393	0.07226261629477301	1000	0.0451973623274279	DONE	NA	NA
BRCA	Pal2021_reprocessed	ALL	LPCAT1	Malignant_epithelial	33	mean_log1p_counts_per10k	0.09148206143631006	0.0570525160935807	0.0370960832369551	0.1022941562666273	0.062024270355614856	0.13021274683218054	1000	0.09971783822267725	DONE	NA	NA
BRCA	Pal2021_reprocessed	ALL	LPCAT1	Mast_cells	12	mean_log1p_counts_per10k	0.045380590460975805	0.04842858462658205	0.0	0.0698135015260008	0.022620706105496786	0.07096361066699207	1000	0.02380746358019083	DONE	NA	NA
BRCA	Pal2021_reprocessed	ALL	LPCAT1	Myeloid	30	mean_log1p_counts_per10k	0.07923880995192674	0.06753538532899285	0.0389860821137592	0.10801670616239975	0.06164251260168949	0.0989655756553792	1000	0.06091606826088441	DONE	NA	NA
BRCA	Pal2021_reprocessed	ALL	LPCAT1	Perivascular	15	mean_log1p_counts_per10k	0.04390657921096037	0.0380950022456067	0.0303177951236172	0.04961534220770955	0.02677569491104986	0.06358995287609613	1000	0.032895629959227415	DONE	NA	NA
BRCA	Pal2021_reprocessed	ALL	LPCAT1	Plasma_cells	17	mean_log1p_counts_per10k	0.012279373702903223	0.0126367973122184	0.0	0.0190838954574794	0.008309666755665171	0.01691184522731704	1000	0.011382334060780907	DONE	NA	NA
BRCA	Pal2021_reprocessed	ALL	LPCAT1	T_NK_cells	24	mean_log1p_counts_per10k	0.03009396348406072	0.0304869443909778	0.017595920185557903	0.036142781356879525	0.02361329898410847	0.037284562709788645	1000	0.014899015669569258	DONE	NA	NA
BRCA	Pal2021_reprocessed	ALL	LPCAT1	Unresolved_stromal	1	mean_log1p_counts_per10k	NA	NA	NA	NA	NA	NA	0	NA	NOT_EVALUABLE	NA	NA
BRCA	Pal2021_reprocessed	ALL	LPCAT2	B_cells	14	mean_log1p_counts_per10k	0.0010456600495329857	0.0	0.0	0.0	0.0	0.002493303379715	1000	0.0005388322307028858	DONE	NA	NA
BRCA	Pal2021_reprocessed	ALL	LPCAT2	Endothelial	23	mean_log1p_counts_per10k	0.2132417438237658	0.2032100541609554	0.14612474402363926	0.25735124605437665	0.17462749981337683	0.2554674056473958	1000	0.13894213071577666	DONE	NA	NA
BRCA	Pal2021_reprocessed	ALL	LPCAT2	Fibroblasts	30	mean_log1p_counts_per10k	0.024293495962987202	0.024179056060586	0.0	0.037565780980211225	0.016945081030863132	0.03196320729613728	1000	0.018838791727776593	DONE	NA	NA
BRCA	Pal2021_reprocessed	ALL	LPCAT2	Malignant_epithelial	33	mean_log1p_counts_per10k	0.03461892268333994	0.0163645199891304	0.0070967781987726	0.041181671388247	0.02091756742281162	0.051933260868581244	1000	0.04192632733201452	DONE	NA	NA
BRCA	Pal2021_reprocessed	ALL	LPCAT2	Mast_cells	12	mean_log1p_counts_per10k	0.3198095844295208	0.3468269957474799	0.15537507380188903	0.46409449989090984	0.22349805034864414	0.42049414867749185	1000	0.14578204408603065	DONE	NA	NA
BRCA	Pal2021_reprocessed	ALL	LPCAT2	Myeloid	30	mean_log1p_counts_per10k	0.20538390733587356	0.16885546848156313	0.13323385024860795	0.3064657587035716	0.17004163530397268	0.237985128797759	1000	0.1487292031982918	DONE	NA	NA
BRCA	Pal2021_reprocessed	ALL	LPCAT2	Perivascular	15	mean_log1p_counts_per10k	0.006575181908627514	0.0	0.0	0.010691187904549749	0.0014694837090594938	0.013365003011912234	1000	0.0043893558159729534	DONE	NA	NA
BRCA	Pal2021_reprocessed	ALL	LPCAT2	Plasma_cells	17	mean_log1p_counts_per10k	0.002727298202772094	0.0	0.0	0.0012386640305228	0.0002702165760806638	0.006068403440568427	1000	0.0019359076144907588	DONE	NA	NA
BRCA	Pal2021_reprocessed	ALL	LPCAT2	T_NK_cells	24	mean_log1p_counts_per10k	0.005532927748778282	0.001551869058183	0.0	0.0029574197363425496	0.001470922070492991	0.011610813627662727	1000	0.002608150926820292	DONE	NA	NA
BRCA	Pal2021_reprocessed	ALL	LPCAT2	Unresolved_stromal	1	mean_log1p_counts_per10k	NA	NA	NA	NA	NA	NA	0	NA	NOT_EVALUABLE	NA	NA
BRCA	Pal2021_reprocessed	ALL	LPCAT3	B_cells	14	mean_log1p_counts_per10k	0.03955875973085047	0.019338862661772302	0.0	0.07844936522474168	0.016398300822814484	0.06629040205308423	1000	0.01995414533536155	DONE	NA	NA
BRCA	Pal2021_reprocessed	ALL	LPCAT3	Endothelial	23	mean_log1p_counts_per10k	0.06636584683038374	0.0797966222327098	0.03312988726915505	0.09163175645222774	0.049172878561947596	0.08435534801104524	1000	0.05029453157409542	DONE	NA	NA
BRCA	Pal2021_reprocessed	ALL	LPCAT3	Fibroblasts	30	mean_log1p_counts_per10k	0.06040224125839108	0.046519290979194355	0.03353667287536202	0.07025410514866834	0.04642579826889977	0.07924672461470333	1000	0.04669343525164254	DONE	NA	NA
BRCA	Pal2021_reprocessed	ALL	LPCAT3	Malignant_epithelial	33	mean_log1p_counts_per10k	0.10342139350435084	0.1022881046613011	0.06252957761609	0.143314120723632	0.08577832111894382	0.12223956033839774	1000	0.12438574068216525	DONE	NA	NA
BRCA	Pal2021_reprocessed	ALL	LPCAT3	Mast_cells	12	mean_log1p_counts_per10k	0.04640260199429604	0.05180574795553365	0.0279004970068481	0.06437949161030586	0.029465490882221543	0.06435901810459797	1000	0.023684531357364102	DONE	NA	NA
BRCA	Pal2021_reprocessed	ALL	LPCAT3	Myeloid	30	mean_log1p_counts_per10k	0.06418949275311185	0.05710612733064255	0.037754069017064296	0.08869678191211028	0.05213454279687508	0.07683553700566358	1000	0.05263525620446711	DONE	NA	NA
BRCA	Pal2021_reprocessed	ALL	LPCAT3	Perivascular	15	mean_log1p_counts_per10k	0.040241220283720534	0.0339914778970125	0.0147806686798461	0.055718822103812155	0.023907661276857364	0.06075030384015035	1000	0.031953668339201075	DONE	NA	NA
BRCA	Pal2021_reprocessed	ALL	LPCAT3	Plasma_cells	17	mean_log1p_counts_per10k	0.02041529369139231	0.0147569362716307	0.0	0.0306987798791912	0.009597740525011287	0.03223700511456085	1000	0.01803722346843708	DONE	NA	NA
BRCA	Pal2021_reprocessed	ALL	LPCAT3	T_NK_cells	24	mean_log1p_counts_per10k	0.039470172390179185	0.03418649613276565	0.0266306094609867	0.048370257818801846	0.03232356844506701	0.04704624759663207	1000	0.019033358748673315	DONE	NA	NA
BRCA	Pal2021_reprocessed	ALL	LPCAT3	Unresolved_stromal	1	mean_log1p_counts_per10k	NA	NA	NA	NA	NA	NA	0	NA	NOT_EVALUABLE	NA	NA
BRCA	Pal2021_reprocessed	ALL	LPCAT4	B_cells	14	mean_log1p_counts_per10k	0.02558278435595202	0.01424045429826065	0.0	0.04618174652174688	0.011091259236964525	0.04127824351740197	1000	0.013255934938031042	DONE	NA	NA
BRCA	Pal2021_reprocessed	ALL	LPCAT4	Endothelial	23	mean_log1p_counts_per10k	0.11366167740105246	0.100316229375444	0.03489454969003905	0.14429388151691513	0.07450091805749895	0.1597462554032896	1000	0.07070519953044233	DONE	NA	NA
BRCA	Pal2021_reprocessed	ALL	LPCAT4	Fibroblasts	30	mean_log1p_counts_per10k	0.029273017842129937	0.026256637704235003	0.017222389780026052	0.0391810780103061	0.022266231990978214	0.03684778625366173	1000	0.023700207340851757	DONE	NA	NA
BRCA	Pal2021_reprocessed	ALL	LPCAT4	Malignant_epithelial	33	mean_log1p_counts_per10k	0.022132726403147514	0.0212203151474593	0.0134959052642265	0.0311570281987878	0.01860939227897865	0.025938352928303716	1000	0.028503428576595918	DONE	NA	NA
BRCA	Pal2021_reprocessed	ALL	LPCAT4	Mast_cells	12	mean_log1p_counts_per10k	0.0016702749914317748	0.0	0.0	0.0	0.0	0.005466354517413081	1000	0.0007122507122507083	DONE	NA	NA
BRCA	Pal2021_reprocessed	ALL	LPCAT4	Myeloid	30	mean_log1p_counts_per10k	0.02071503003294654	0.01708981311618495	0.011714546567141925	0.023840810262441427	0.016171691120320363	0.02599622370112601	1000	0.017211903634255073	DONE	NA	NA
BRCA	Pal2021_reprocessed	ALL	LPCAT4	Perivascular	15	mean_log1p_counts_per10k	0.026650879031444145	0.0229901512661017	0.0	0.03491789914936115	0.014008037090012956	0.04236584197810216	1000	0.017224091444225927	DONE	NA	NA
BRCA	Pal2021_reprocessed	ALL	LPCAT4	Plasma_cells	17	mean_log1p_counts_per10k	0.03623844714821026	0.0312771349999455	0.0222217005704037	0.0469229030563985	0.026130233185734656	0.04651812544032846	1000	0.03695987740559536	DONE	NA	NA
BRCA	Pal2021_reprocessed	ALL	LPCAT4	T_NK_cells	24	mean_log1p_counts_per10k	0.048412397199913866	0.04662196093330885	0.01992768602059755	0.07026964958318185	0.037511107323860454	0.059186501555525746	1000	0.023457376786645223	DONE	NA	NA
BRCA	Pal2021_reprocessed	ALL	LPCAT4	Unresolved_stromal	1	mean_log1p_counts_per10k	NA	NA	NA	NA	NA	NA	0	NA	NOT_EVALUABLE	NA	NA
BRCA	Pal2021_reprocessed	ALL	LYPLA1	B_cells	14	mean_log1p_counts_per10k	0.17431771693756984	0.14914143366433535	0.11607993265424885	0.2048459544718564	0.10835534168873218	0.2558213785805258	1000	0.0928637575388376	DONE	NA	NA
BRCA	Pal2021_reprocessed	ALL	LYPLA1	Endothelial	23	mean_log1p_counts_per10k	0.3265479172772727	0.3273804224317395	0.2823944137493657	0.3680597689647059	0.2916994934558602	0.36313420526999357	1000	0.20283860091412584	DONE	NA	NA
BRCA	Pal2021_reprocessed	ALL	LYPLA1	Fibroblasts	30	mean_log1p_counts_per10k	0.12989793651567433	0.13023684784274034	0.08929795586073398	0.16215217640393625	0.11137697230939075	0.1485067976070848	1000	0.09861397603367208	DONE	NA	NA
BRCA	Pal2021_reprocessed	ALL	LYPLA1	Malignant_epithelial	33	mean_log1p_counts_per10k	0.5399897269731831	0.45045442162167504	0.2823302895931526	0.727758176043253	0.42470928557014204	0.6867492549410604	1000	0.4178048988955934	DONE	NA	NA
BRCA	Pal2021_reprocessed	ALL	LYPLA1	Mast_cells	12	mean_log1p_counts_per10k	0.18192570403022346	0.19359371099579137	0.12790886529346554	0.20262327846988124	0.12966848695087047	0.2409228044821979	1000	0.08749023219901486	DONE	NA	NA
BRCA	Pal2021_reprocessed	ALL	LYPLA1	Myeloid	30	mean_log1p_counts_per10k	0.2810035305522269	0.30186733060269205	0.21038177489006207	0.35554151409188595	0.24226533128886898	0.3190295022998377	1000	0.20390513996904858	DONE	NA	NA
BRCA	Pal2021_reprocessed	ALL	LYPLA1	Perivascular	15	mean_log1p_counts_per10k	0.20149600996374506	0.2039569434331651	0.1709330234295398	0.2218405765164156	0.1655599630286087	0.23810041111995456	1000	0.1419063331897838	DONE	NA	NA
BRCA	Pal2021_reprocessed	ALL	LYPLA1	Plasma_cells	17	mean_log1p_counts_per10k	0.1230063326393801	0.1147728886598419	0.0925259555369283	0.1481626560077186	0.1004458728452955	0.14883625093468858	1000	0.10808118823715276	DONE	NA	NA
BRCA	Pal2021_reprocessed	ALL	LYPLA1	T_NK_cells	24	mean_log1p_counts_per10k	0.1380012397628541	0.12212742209713515	0.08728648538915029	0.17840610179359595	0.10825243301253841	0.16987083944973858	1000	0.06599949076736984	DONE	NA	NA
BRCA	Pal2021_reprocessed	ALL	LYPLA1	Unresolved_stromal	1	mean_log1p_counts_per10k	NA	NA	NA	NA	NA	NA	0	NA	NOT_EVALUABLE	NA	NA
BRCA	Pal2021_reprocessed	ALL	LYPLA2	B_cells	14	mean_log1p_counts_per10k	0.10825716008440425	0.0935056220501238	0.052551858397563475	0.12760033249206632	0.07737257983245435	0.14744677364198727	1000	0.05594094621595748	DONE	NA	NA
BRCA	Pal2021_reprocessed	ALL	LYPLA2	Endothelial	23	mean_log1p_counts_per10k	0.12839023140657693	0.1081245123429891	0.07932054336915395	0.16736280175103152	0.10269741449234047	0.15991318589892695	1000	0.09138554358363493	DONE	NA	NA
BRCA	Pal2021_reprocessed	ALL	LYPLA2	Fibroblasts	30	mean_log1p_counts_per10k	0.07327243955246561	0.07247812052298186	0.046849212970392407	0.10199800801176234	0.05895596332353383	0.08748557830134336	1000	0.05547508257769636	DONE	NA	NA
BRCA	Pal2021_reprocessed	ALL	LYPLA2	Malignant_epithelial	33	mean_log1p_counts_per10k	0.18341711795941504	0.1543906581080207	0.1085432586982724	0.2542353081990888	0.15499148590283	0.21426549532429676	1000	0.20347354508123638	DONE	NA	NA
BRCA	Pal2021_reprocessed	ALL	LYPLA2	Mast_cells	12	mean_log1p_counts_per10k	0.03707494911302066	0.0225206125119184	0.0	0.06919606425747926	0.015156615338847159	0.06114621233899552	1000	0.01692911121356726	DONE	NA	NA
BRCA	Pal2021_reprocessed	ALL	LYPLA2	Myeloid	30	mean_log1p_counts_per10k	0.10224185865548518	0.1100031860744375	0.07680276111659483	0.12783331413651633	0.08725624858785665	0.11648432016573956	1000	0.08289511077907928	DONE	NA	NA
BRCA	Pal2021_reprocessed	ALL	LYPLA2	Perivascular	15	mean_log1p_counts_per10k	0.08073045144794301	0.0777883255191722	0.05314822941722194	0.10030605408872481	0.05530645491409286	0.10926955310257187	1000	0.06067299208439102	DONE	NA	NA
BRCA	Pal2021_reprocessed	ALL	LYPLA2	Plasma_cells	17	mean_log1p_counts_per10k	0.04940922454891223	0.0447062197558089	0.0206659450701888	0.0626820909521795	0.031099866763000243	0.07274302173072414	1000	0.042119463404263084	DONE	NA	NA
BRCA	Pal2021_reprocessed	ALL	LYPLA2	T_NK_cells	24	mean_log1p_counts_per10k	0.09592178781677559	0.09346117397026495	0.0779540219521467	0.11497305100662147	0.08373882247907341	0.10892886305704373	1000	0.04494976819370867	DONE	NA	NA
BRCA	Pal2021_reprocessed	ALL	LYPLA2	Unresolved_stromal	1	mean_log1p_counts_per10k	NA	NA	NA	NA	NA	NA	0	NA	NOT_EVALUABLE	NA	NA
BRCA	Pal2021_reprocessed	ALL	MGLL	B_cells	14	mean_log1p_counts_per10k	0.010531785420383208	0.0	0.0	0.0069580658399607	0.0015385031954025395	0.02299203768470489	1000	0.007091458788065007	DONE	NA	NA
BRCA	Pal2021_reprocessed	ALL	MGLL	Endothelial	23	mean_log1p_counts_per10k	0.3101789774969134	0.2897892863943765	0.16228222398039124	0.40762446765307214	0.2406746827472362	0.3847906263777776	1000	0.1814740565844918	DONE	NA	NA
BRCA	Pal2021_reprocessed	ALL	MGLL	Fibroblasts	30	mean_log1p_counts_per10k	0.0831086667193808	0.06716866023272765	0.038345770076040425	0.10896014764774607	0.06163442745703113	0.10756141928284363	1000	0.05251036659562525	DONE	NA	NA
BRCA	Pal2021_reprocessed	ALL	MGLL	Malignant_epithelial	33	mean_log1p_counts_per10k	0.1383417696941129	0.0689899743756402	0.0339507489929559	0.1173995715909044	0.07665392264625852	0.2196902069829918	1000	0.121465237414914	DONE	NA	NA
BRCA	Pal2021_reprocessed	ALL	MGLL	Mast_cells	12	mean_log1p_counts_per10k	0.03397635114493169	0.02088963093089435	0.0	0.03896089843361275	0.010524586369605687	0.05997153470758691	1000	0.016395550275370124	DONE	NA	NA
BRCA	Pal2021_reprocessed	ALL	MGLL	Myeloid	30	mean_log1p_counts_per10k	0.16501191712754928	0.1517597607968299	0.11285652932460588	0.20072583363347332	0.13930105361654752	0.19428985932006432	1000	0.11252024868124719	DONE	NA	NA
BRCA	Pal2021_reprocessed	ALL	MGLL	Perivascular	15	mean_log1p_counts_per10k	0.4063662543042888	0.4191520896353751	0.28291753280031934	0.5229145756340131	0.31809489034734123	0.5000618549340563	1000	0.24223583652475328	DONE	NA	NA
BRCA	Pal2021_reprocessed	ALL	MGLL	Plasma_cells	17	mean_log1p_counts_per10k	0.062304017274444734	0.054819892636974	0.040880149500036	0.0747229186723388	0.0447065482300895	0.08246017698668211	1000	0.053181534474979315	DONE	NA	NA
BRCA	Pal2021_reprocessed	ALL	MGLL	T_NK_cells	24	mean_log1p_counts_per10k	0.01502321342687471	0.0109657495345423	0.0052431852981595	0.017921373041237375	0.009138151541094753	0.021730627817988887	1000	0.007078948902137338	DONE	NA	NA
BRCA	Pal2021_reprocessed	ALL	MGLL	Unresolved_stromal	1	mean_log1p_counts_per10k	NA	NA	NA	NA	NA	NA	0	NA	NOT_EVALUABLE	NA	NA
BRCA	Pal2021_reprocessed	ALL	NT5C2	B_cells	14	mean_log1p_counts_per10k	0.05035179546337474	0.035618536386483254	0.005337529754908325	0.07369393195711653	0.025696266056295686	0.0802349139739314	1000	0.027352478176088647	DONE	NA	NA
BRCA	Pal2021_reprocessed	ALL	NT5C2	Endothelial	23	mean_log1p_counts_per10k	0.10097351200254102	0.0955678975729452	0.07394117059482774	0.12211293452757471	0.07980121698710554	0.12444219195777236	1000	0.06896657521635782	DONE	NA	NA
BRCA	Pal2021_reprocessed	ALL	NT5C2	Fibroblasts	30	mean_log1p_counts_per10k	0.053350338214947085	0.0574066441074502	0.028103792790754926	0.07206585485834717	0.04240331750595291	0.06398240103506297	1000	0.04049069709577724	DONE	NA	NA
BRCA	Pal2021_reprocessed	ALL	NT5C2	Malignant_epithelial	33	mean_log1p_counts_per10k	0.06515094716559362	0.0511248934144029	0.025936518272806304	0.0810207771424635	0.049831862117816025	0.08351912270824888	1000	0.08544678325594957	DONE	NA	NA
BRCA	Pal2021_reprocessed	ALL	NT5C2	Mast_cells	12	mean_log1p_counts_per10k	0.010543630286696401	0.0	0.0	0.0046189368106579	0.0	0.028325932857463793	1000	0.006074481074481059	DONE	NA	NA
BRCA	Pal2021_reprocessed	ALL	NT5C2	Myeloid	30	mean_log1p_counts_per10k	0.08317454445300264	0.08966624956767295	0.04009393874857218	0.1140038597679455	0.06558511666528366	0.1017877895986565	1000	0.07060788673797681	DONE	NA	NA
BRCA	Pal2021_reprocessed	ALL	NT5C2	Perivascular	15	mean_log1p_counts_per10k	0.06717385715685639	0.0563656821035572	0.027917664182408347	0.1123439547262266	0.04085202885136186	0.09150899773529314	1000	0.049025941888106946	DONE	NA	NA
BRCA	Pal2021_reprocessed	ALL	NT5C2	Plasma_cells	17	mean_log1p_counts_per10k	0.032170364970846896	0.0278507739784408	0.0185656645328631	0.045820867312079704	0.022037545776282613	0.04302587805404503	1000	0.03226540464707388	DONE	NA	NA
BRCA	Pal2021_reprocessed	ALL	NT5C2	T_NK_cells	24	mean_log1p_counts_per10k	0.03619227836434489	0.03605552550773565	0.027375542558184775	0.04496545569512352	0.03036205422714959	0.04284256649239183	1000	0.01746774691333453	DONE	NA	NA
BRCA	Pal2021_reprocessed	ALL	NT5C2	Unresolved_stromal	1	mean_log1p_counts_per10k	NA	NA	NA	NA	NA	NA	0	NA	NOT_EVALUABLE	NA	NA
BRCA	Pal2021_reprocessed	ALL	PTGS1	B_cells	14	mean_log1p_counts_per10k	0.018467086359030306	0.0078195933341816	0.0	0.015391645817968749	0.005019712586241446	0.03395217286399138	1000	0.009414676631722923	DONE	NA	NA
BRCA	Pal2021_reprocessed	ALL	PTGS1	Endothelial	23	mean_log1p_counts_per10k	0.023540371189715217	0.009343161954689	0.0	0.026826745199879803	0.010048389344480782	0.0386909938389463	1000	0.015515196020479818	DONE	NA	NA
BRCA	Pal2021_reprocessed	ALL	PTGS1	Fibroblasts	30	mean_log1p_counts_per10k	0.015422002915977355	0.00297069998618585	0.0	0.023252791991442125	0.006165965188521853	0.029569164831405207	1000	0.015776936883582365	DONE	NA	NA
BRCA	Pal2021_reprocessed	ALL	PTGS1	Malignant_epithelial	33	mean_log1p_counts_per10k	0.0067249790189892675	0.0032800462534307	0.0016447189739455	0.0075212344276572	0.0035682536546066904	0.011298445299557527	1000	0.007089941947108403	DONE	NA	NA
BRCA	Pal2021_reprocessed	ALL	PTGS1	Mast_cells	12	mean_log1p_counts_per10k	0.4279740454376942	0.39877405877611616	0.26145047489450096	0.5970635437784544	0.29563148428906666	0.5681502216900621	1000	0.1933057391944674	DONE	NA	NA
BRCA	Pal2021_reprocessed	ALL	PTGS1	Myeloid	30	mean_log1p_counts_per10k	0.1528085278125778	0.13880414899104243	0.09007105371188687	0.21268155060255306	0.12452467839240874	0.18083014181655205	1000	0.11075212537777361	DONE	NA	NA
BRCA	Pal2021_reprocessed	ALL	PTGS1	Perivascular	15	mean_log1p_counts_per10k	0.006740604143417534	0.0	0.0	0.0047926649764523	0.0007972413855060078	0.013538018415121941	1000	0.004907250646919507	DONE	NA	NA
BRCA	Pal2021_reprocessed	ALL	PTGS1	Plasma_cells	17	mean_log1p_counts_per10k	0.005112089897960664	0.0	0.0	0.0027988775052654	0.0012120023347111852	0.0095740856538522	1000	0.004917652626960335	DONE	NA	NA
BRCA	Pal2021_reprocessed	ALL	PTGS1	T_NK_cells	24	mean_log1p_counts_per10k	0.0010178357025092042	0.0	0.0	0.00092199156912455	0.000295350437346904	0.0018836568598981356	1000	0.0005403293399067541	DONE	NA	NA
BRCA	Pal2021_reprocessed	ALL	PTGS1	Unresolved_stromal	1	mean_log1p_counts_per10k	NA	NA	NA	NA	NA	NA	0	NA	NOT_EVALUABLE	NA	NA
BRCA	Pal2021_reprocessed	ALL	PTGS2	B_cells	14	mean_log1p_counts_per10k	0.008414414320168236	0.0	0.0	0.000461148263908575	5.589675926164546e-05	0.024970621076048773	1000	0.003211508472439957	DONE	NA	NA
BRCA	Pal2021_reprocessed	ALL	PTGS2	Endothelial	23	mean_log1p_counts_per10k	0.030065430480096973	0.0218082625284512	0.0	0.041151363564857796	0.016413154011215205	0.04797754783908623	1000	0.018730075121191257	DONE	NA	NA
BRCA	Pal2021_reprocessed	ALL	PTGS2	Fibroblasts	30	mean_log1p_counts_per10k	0.046610245374714455	0.02874907547214325	0.0	0.05112561796544005	0.025307036513644153	0.07115296423428978	1000	0.03393012409157583	DONE	NA	NA
BRCA	Pal2021_reprocessed	ALL	PTGS2	Malignant_epithelial	33	mean_log1p_counts_per10k	0.013228605504164432	0.002206405673022	0.0005750156491734	0.0087824042355116	0.004589172560275983	0.025068617506284148	1000	0.012074520898112055	DONE	NA	NA
BRCA	Pal2021_reprocessed	ALL	PTGS2	Mast_cells	12	mean_log1p_counts_per10k	0.39935205670990587	0.45482057010275684	0.17585552683992495	0.564385754410045	0.26516765892261135	0.5362197687543298	1000	0.15820293001024546	DONE	NA	NA
BRCA	Pal2021_reprocessed	ALL	PTGS2	Myeloid	30	mean_log1p_counts_per10k	0.18087250478819386	0.17601535173156818	0.09755818684260982	0.22447345058828452	0.139784522840233	0.22538124628862968	1000	0.10233484179604004	DONE	NA	NA
BRCA	Pal2021_reprocessed	ALL	PTGS2	Perivascular	15	mean_log1p_counts_per10k	0.008440315830529389	0.0	0.0	0.0064723580941164	0.0012940781062769778	0.019391562607819723	1000	0.009411856046727092	DONE	NA	NA
BRCA	Pal2021_reprocessed	ALL	PTGS2	Plasma_cells	17	mean_log1p_counts_per10k	0.0014745586453453823	0.0	0.0	0.0	0.00023700533928163985	0.0034554176488858688	1000	0.0011090419817848295	DONE	NA	NA
BRCA	Pal2021_reprocessed	ALL	PTGS2	T_NK_cells	24	mean_log1p_counts_per10k	0.002024343542120046	0.0	0.0	0.002572039648149925	0.0006120842016099728	0.0036199103444343227	1000	0.0009018688714113416	DONE	NA	NA
BRCA	Pal2021_reprocessed	ALL	PTGS2	Unresolved_stromal	1	mean_log1p_counts_per10k	NA	NA	NA	NA	NA	NA	0	NA	NOT_EVALUABLE	NA	NA
BRCA	Pal2021_reprocessed	ALL	PUDP	B_cells	14	mean_log1p_counts_per10k	0.012188832588048888	0.0042997810274614	0.0	0.019642735233361325	0.004263432945887001	0.021435099653920788	1000	0.0075189308576195865	DONE	NA	NA
BRCA	Pal2021_reprocessed	ALL	PUDP	Endothelial	23	mean_log1p_counts_per10k	0.03788733518750946	0.0225156383079205	0.0	0.0491331220006505	0.020690496418278533	0.05914899691467608	1000	0.027294958372954984	DONE	NA	NA
BRCA	Pal2021_reprocessed	ALL	PUDP	Fibroblasts	30	mean_log1p_counts_per10k	0.017899432612222658	0.017838079269672798	0.0117066131730462	0.025779804536156574	0.013449071499256596	0.022138451917864208	1000	0.015096320735459226	DONE	NA	NA
BRCA	Pal2021_reprocessed	ALL	PUDP	Malignant_epithelial	33	mean_log1p_counts_per10k	0.036311655250811065	0.0364751508128785	0.0199314404358551	0.05422144055210211	0.030104297708830746	0.0427666563692816	1000	0.047153014184782245	DONE	NA	NA
BRCA	Pal2021_reprocessed	ALL	PUDP	Mast_cells	12	mean_log1p_counts_per10k	0.0034422456650677496	0.0	0.0	0.0	0.0	0.00828249374925316	1000	0.0020896611805702667	DONE	NA	NA
BRCA	Pal2021_reprocessed	ALL	PUDP	Myeloid	30	mean_log1p_counts_per10k	0.04558654577700591	0.04517498686146826	0.03652883421810237	0.05793492830839855	0.03793886484170431	0.05275433232797288	1000	0.03685052907964759	DONE	NA	NA
BRCA	Pal2021_reprocessed	ALL	PUDP	Perivascular	15	mean_log1p_counts_per10k	0.027358078807315774	0.0216729970414214	0.0047640404281587	0.0358310833043863	0.014177582272664654	0.04105143748487244	1000	0.023286942125016807	DONE	NA	NA
BRCA	Pal2021_reprocessed	ALL	PUDP	Plasma_cells	17	mean_log1p_counts_per10k	0.015548678817357926	0.011231189969155	0.0	0.014153451164466601	0.007800483248968947	0.0237985724211284	1000	0.01732847405781321	DONE	NA	NA
BRCA	Pal2021_reprocessed	ALL	PUDP	T_NK_cells	24	mean_log1p_counts_per10k	0.02279681668909762	0.0199377920564266	0.014717861623679399	0.026942661194766897	0.01688652079250076	0.02910082595051288	1000	0.01185713616473423	DONE	NA	NA
BRCA	Pal2021_reprocessed	ALL	PUDP	Unresolved_stromal	1	mean_log1p_counts_per10k	NA	NA	NA	NA	NA	NA	0	NA	NOT_EVALUABLE	NA	NA
BRCA	Pal2021_reprocessed	ALL	SDHA	B_cells	14	mean_log1p_counts_per10k	0.06684640955525022	0.07625276026723371	0.0425436370608408	0.07859361432347262	0.042441185367238225	0.09256167996361493	1000	0.03664046572378937	DONE	NA	NA
BRCA	Pal2021_reprocessed	ALL	SDHA	Endothelial	23	mean_log1p_counts_per10k	0.11301519863508475	0.1179903300440024	0.06908730738475195	0.15177569865056784	0.08587143105068319	0.14104258536586323	1000	0.07667752809516559	DONE	NA	NA
BRCA	Pal2021_reprocessed	ALL	SDHA	Fibroblasts	30	mean_log1p_counts_per10k	0.11936186069121657	0.13045795169358254	0.08370101148679863	0.15043400698024068	0.10319705575751467	0.13677793394979879	1000	0.086954853469299	DONE	NA	NA
BRCA	Pal2021_reprocessed	ALL	SDHA	Malignant_epithelial	33	mean_log1p_counts_per10k	0.1821710736784581	0.1558133006212696	0.0936840805420941	0.23175973678176082	0.15064928433428829	0.2180660540668541	1000	0.1996384688523395	DONE	NA	NA
BRCA	Pal2021_reprocessed	ALL	SDHA	Mast_cells	12	mean_log1p_counts_per10k	0.08578984660634294	0.06048719288807375	0.0319046393426907	0.11941647818531806	0.041830359498641695	0.14482903490201932	1000	0.041216846936844014	DONE	NA	NA
BRCA	Pal2021_reprocessed	ALL	SDHA	Myeloid	30	mean_log1p_counts_per10k	0.11938910425322617	0.11792811592256994	0.08594864598907792	0.14578141799381816	0.10225655732370895	0.13787114447789225	1000	0.09357115638798509	DONE	NA	NA
BRCA	Pal2021_reprocessed	ALL	SDHA	Perivascular	15	mean_log1p_counts_per10k	0.161203009907553	0.1657507071174289	0.10834507647965225	0.18994966534195024	0.12859843588906064	0.19861139906089334	1000	0.11665073193221409	DONE	NA	NA
BRCA	Pal2021_reprocessed	ALL	SDHA	Plasma_cells	17	mean_log1p_counts_per10k	0.1067613738701701	0.1059811433654181	0.0609541432849099	0.1278877521575697	0.0835968288239648	0.12959574498989443	1000	0.09768513572032872	DONE	NA	NA
BRCA	Pal2021_reprocessed	ALL	SDHA	T_NK_cells	24	mean_log1p_counts_per10k	0.11376917603683967	0.11121295030246975	0.07435696918132267	0.13720912901484994	0.09593157174258612	0.13221860913388755	1000	0.05702962079930223	DONE	NA	NA
BRCA	Pal2021_reprocessed	ALL	SDHA	Unresolved_stromal	1	mean_log1p_counts_per10k	NA	NA	NA	NA	NA	NA	0	NA	NOT_EVALUABLE	NA	NA
BRCA	Pal2021_reprocessed	ALL	SDHB	B_cells	14	mean_log1p_counts_per10k	0.08686954007820422	0.07690450838843435	0.04953298928264675	0.13933534840919093	0.05182204458394379	0.12083653554775713	1000	0.048811414278916006	DONE	NA	NA
BRCA	Pal2021_reprocessed	ALL	SDHB	Endothelial	23	mean_log1p_counts_per10k	0.12678267048253203	0.1407810268987197	0.0722769578498609	0.1622733070057661	0.10001836836334231	0.15297789295051256	1000	0.09212974693143788	DONE	NA	NA
BRCA	Pal2021_reprocessed	ALL	SDHB	Fibroblasts	30	mean_log1p_counts_per10k	0.13235858950060633	0.13388972949128664	0.08814424013670343	0.1615265735289691	0.11013962619132846	0.1552953064422593	1000	0.10039355496961451	DONE	NA	NA
BRCA	Pal2021_reprocessed	ALL	SDHB	Malignant_epithelial	33	mean_log1p_counts_per10k	0.25983640287924226	0.2182289356231873	0.1690324633472951	0.3282511485176491	0.21919551258584288	0.3030534255867695	1000	0.2622276070123286	DONE	NA	NA
BRCA	Pal2021_reprocessed	ALL	SDHB	Mast_cells	12	mean_log1p_counts_per10k	0.09778556181119719	0.10324504755607292	0.03980800917326317	0.1531703745860265	0.05987204050199922	0.13352562631865833	1000	0.046653843939024685	DONE	NA	NA
BRCA	Pal2021_reprocessed	ALL	SDHB	Myeloid	30	mean_log1p_counts_per10k	0.28164515277732055	0.2552233980878158	0.20639798428722847	0.35415975873552186	0.24446884720209208	0.32393190633162944	1000	0.19680026115203236	DONE	NA	NA
BRCA	Pal2021_reprocessed	ALL	SDHB	Perivascular	15	mean_log1p_counts_per10k	0.1590671214390985	0.1569185766369662	0.1032738351820305	0.23551416333177635	0.12408609862814832	0.19321815870628564	1000	0.1175063454212679	DONE	NA	NA
BRCA	Pal2021_reprocessed	ALL	SDHB	Plasma_cells	17	mean_log1p_counts_per10k	0.09904142978000373	0.0835475665657041	0.0547712617748216	0.1274176536199159	0.07041919708508702	0.1358394679159544	1000	0.09076882354418295	DONE	NA	NA
BRCA	Pal2021_reprocessed	ALL	SDHB	T_NK_cells	24	mean_log1p_counts_per10k	0.10679515075746421	0.09105297996362725	0.06594471464673483	0.15178059780324982	0.08473121591577687	0.12894768734436243	1000	0.052675353532033835	DONE	NA	NA
BRCA	Pal2021_reprocessed	ALL	SDHB	Unresolved_stromal	1	mean_log1p_counts_per10k	NA	NA	NA	NA	NA	NA	0	NA	NOT_EVALUABLE	NA	NA
BRCA	Pal2021_reprocessed	ALL	SDHC	B_cells	14	mean_log1p_counts_per10k	0.13962394839435371	0.13936763143132586	0.0723285768316919	0.20221089471837095	0.08670866709368999	0.20098489041967663	1000	0.07420050540324662	DONE	NA	NA
BRCA	Pal2021_reprocessed	ALL	SDHC	Endothelial	23	mean_log1p_counts_per10k	0.2593536208342161	0.2655337938063361	0.18728744408519282	0.3250270361774801	0.216296451719909	0.3020174707968668	1000	0.17089908000990145	DONE	NA	NA
BRCA	Pal2021_reprocessed	ALL	SDHC	Fibroblasts	30	mean_log1p_counts_per10k	0.28247724516410666	0.27838967968268635	0.228883255691906	0.34026455585949245	0.24722876157592333	0.3145503220330708	1000	0.19020915582663883	DONE	NA	NA
BRCA	Pal2021_reprocessed	ALL	SDHC	Malignant_epithelial	33	mean_log1p_counts_per10k	0.6205932021374156	0.6302127136277854	0.4789780509574301	0.7538868551740385	0.5323452912328264	0.7123947591584984	1000	0.48086762888033036	DONE	NA	NA
BRCA	Pal2021_reprocessed	ALL	SDHC	Mast_cells	12	mean_log1p_counts_per10k	0.23746072556340617	0.28419048703002986	0.16775641857286785	0.3236418243144328	0.17020527956396825	0.2928576250228878	1000	0.10975656895910318	DONE	NA	NA
BRCA	Pal2021_reprocessed	ALL	SDHC	Myeloid	30	mean_log1p_counts_per10k	0.31459913413723417	0.2892977104762275	0.24794610250014384	0.3820520124023652	0.27925839532172003	0.34945552797801077	1000	0.2250233642332415	DONE	NA	NA
BRCA	Pal2021_reprocessed	ALL	SDHC	Perivascular	15	mean_log1p_counts_per10k	0.3442340803837587	0.3735377866664173	0.26421180949633305	0.4387970750875402	0.27912411383179575	0.4075399347505791	1000	0.22747767220835477	DONE	NA	NA
BRCA	Pal2021_reprocessed	ALL	SDHC	Plasma_cells	17	mean_log1p_counts_per10k	0.14893077523172202	0.1080194463815868	0.0938279186100413	0.1689566376220903	0.10647162231421543	0.19702225190389042	1000	0.14196629460518775	DONE	NA	NA
BRCA	Pal2021_reprocessed	ALL	SDHC	T_NK_cells	24	mean_log1p_counts_per10k	0.20025671363826522	0.1724690728256854	0.11580415011015538	0.2507884987484752	0.16345717566449652	0.2411685954605454	1000	0.09439567304075192	DONE	NA	NA
BRCA	Pal2021_reprocessed	ALL	SDHC	Unresolved_stromal	1	mean_log1p_counts_per10k	NA	NA	NA	NA	NA	NA	0	NA	NOT_EVALUABLE	NA	NA
BRCA	Pal2021_reprocessed	ALL	SDHD	B_cells	14	mean_log1p_counts_per10k	0.09403049124117271	0.08948999925336225	0.040562501132900476	0.13965542239182957	0.05647301955331032	0.13181228539363218	1000	0.05283956246338476	DONE	NA	NA
BRCA	Pal2021_reprocessed	ALL	SDHD	Endothelial	23	mean_log1p_counts_per10k	0.17414862812415996	0.1395219117316026	0.08252436787731851	0.2745172646647803	0.12699222941918806	0.22384015149869527	1000	0.11736336929490913	DONE	NA	NA
BRCA	Pal2021_reprocessed	ALL	SDHD	Fibroblasts	30	mean_log1p_counts_per10k	0.19789315198608334	0.17253444704942755	0.1111599654401425	0.25076853318762016	0.15905669556074353	0.2404690146269847	1000	0.1398375657195907	DONE	NA	NA
BRCA	Pal2021_reprocessed	ALL	SDHD	Malignant_epithelial	33	mean_log1p_counts_per10k	0.1984684856302267	0.1408004963930804	0.0838362169552571	0.2526204624494582	0.14636247626837476	0.2525240263000097	1000	0.21614108070561452	DONE	NA	NA
BRCA	Pal2021_reprocessed	ALL	SDHD	Mast_cells	12	mean_log1p_counts_per10k	0.15322390418925738	0.1891828338866275	0.1096118106465464	0.2004714630472725	0.10003821562757757	0.19789596363993617	1000	0.06974682475083464	DONE	NA	NA
BRCA	Pal2021_reprocessed	ALL	SDHD	Myeloid	30	mean_log1p_counts_per10k	0.22126761377325865	0.16538104086240496	0.12819129553213104	0.30969510869742634	0.1785465818450032	0.2685190376215455	1000	0.16428150925962365	DONE	NA	NA
BRCA	Pal2021_reprocessed	ALL	SDHD	Perivascular	15	mean_log1p_counts_per10k	0.2373979515951824	0.1848725488301134	0.132545361547389	0.31924315962054894	0.16564142052145353	0.31621659568792027	1000	0.1603812569483899	DONE	NA	NA
BRCA	Pal2021_reprocessed	ALL	SDHD	Plasma_cells	17	mean_log1p_counts_per10k	0.07942242541650181	0.0571834182346851	0.0393536232151175	0.1288548326095609	0.05212279433245742	0.10779976180423358	1000	0.08032925936690921	DONE	NA	NA
BRCA	Pal2021_reprocessed	ALL	SDHD	T_NK_cells	24	mean_log1p_counts_per10k	0.12118238541157678	0.11249267786223364	0.0652740770551746	0.17823720457956904	0.09462413216542494	0.14801801756350344	1000	0.06002266922136292	DONE	NA	NA
BRCA	Pal2021_reprocessed	ALL	SDHD	Unresolved_stromal	1	mean_log1p_counts_per10k	NA	NA	NA	NA	NA	NA	0	NA	NOT_EVALUABLE	NA	NA
BRCA	Pal2021_reprocessed	ALL	SLC13A3	B_cells	14	mean_log1p_counts_per10k	0.00021394024501253573	0.0	0.0	0.0	0.0	0.0006911915608097309	1000	0.00014228799089356428	DONE	NA	NA
BRCA	Pal2021_reprocessed	ALL	SLC13A3	Endothelial	23	mean_log1p_counts_per10k	0.0005609745115540522	0.0	0.0	0.0	0.0	0.001413619278696209	1000	0.0006255936654400871	DONE	NA	NA
BRCA	Pal2021_reprocessed	ALL	SLC13A3	Fibroblasts	30	mean_log1p_counts_per10k	0.01052030043895897	0.010393887752961298	0.0	0.014537614337740774	0.007248218181675063	0.014296539830812893	1000	0.008892264234015379	DONE	NA	NA
BRCA	Pal2021_reprocessed	ALL	SLC13A3	Malignant_epithelial	33	mean_log1p_counts_per10k	0.007768182704969518	0.0038164308242739	0.0022170527265348	0.008730063307083	0.0047240176228022564	0.012054928986412545	1000	0.010395918458832367	DONE	NA	NA
BRCA	Pal2021_reprocessed	ALL	SLC13A3	Mast_cells	12	mean_log1p_counts_per10k	0.0013583442704888666	0.0	0.0	0.0	0.0	0.004657180355961828	1000	0.0011904761904761834	DONE	NA	NA
BRCA	Pal2021_reprocessed	ALL	SLC13A3	Myeloid	30	mean_log1p_counts_per10k	0.0005281099756113034	0.0	0.0	0.0	4.924184092982258e-05	0.001192360027158483	1000	0.00025724868569468334	DONE	NA	NA
BRCA	Pal2021_reprocessed	ALL	SLC13A3	Perivascular	15	mean_log1p_counts_per10k	0.008385256865461932	0.0	0.0	0.008143682565422	0.0012528742408341538	0.018347887438215194	1000	0.005995761557717046	DONE	NA	NA
BRCA	Pal2021_reprocessed	ALL	SLC13A3	Plasma_cells	17	mean_log1p_counts_per10k	0.00020159698989991766	0.0	0.0	0.0	0.0	0.000452635349870683	1000	0.00021747212825132354	DONE	NA	NA
BRCA	Pal2021_reprocessed	ALL	SLC13A3	T_NK_cells	24	mean_log1p_counts_per10k	0.00026933776738673334	0.0	0.0	9.8957563382125e-05	7.247073695930858e-05	0.00052493396327536	1000	0.00010942695584963748	DONE	NA	NA
BRCA	Pal2021_reprocessed	ALL	SLC13A3	Unresolved_stromal	1	mean_log1p_counts_per10k	NA	NA	NA	NA	NA	NA	0	NA	NOT_EVALUABLE	NA	NA
BRCA	Pal2021_reprocessed	ALL	SLC22A2	B_cells	14	mean_log1p_counts_per10k	0.0	0.0	0.0	0.0	0.0	0.0	1000	0.0	DONE	NA	NA
BRCA	Pal2021_reprocessed	ALL	SLC22A2	Endothelial	23	mean_log1p_counts_per10k	0.0	0.0	0.0	0.0	0.0	0.0	1000	0.0	DONE	NA	NA
BRCA	Pal2021_reprocessed	ALL	SLC22A2	Fibroblasts	30	mean_log1p_counts_per10k	0.00048591855481599003	0.0	0.0	0.0	7.301386523669654e-05	0.0009833394387485607	1000	0.00044946675318339	DONE	NA	NA
BRCA	Pal2021_reprocessed	ALL	SLC22A2	Malignant_epithelial	33	mean_log1p_counts_per10k	3.070860670171515e-05	0.0	0.0	0.0	0.0	7.375290591306061e-05	1000	6.354619898868182e-05	DONE	NA	NA
BRCA	Pal2021_reprocessed	ALL	SLC22A2	Mast_cells	12	mean_log1p_counts_per10k	0.0	0.0	0.0	0.0	0.0	0.0	1000	0.0	DONE	NA	NA
BRCA	Pal2021_reprocessed	ALL	SLC22A2	Myeloid	30	mean_log1p_counts_per10k	1.4839151237143333e-05	0.0	0.0	0.0	0.0	4.7697271833674996e-05	1000	1.0116337885683333e-05	DONE	NA	NA
BRCA	Pal2021_reprocessed	ALL	SLC22A2	Perivascular	15	mean_log1p_counts_per10k	0.0008964499284675734	0.0	0.0	0.0	0.0	0.00242174047864575	1000	0.0009389939622497667	DONE	NA	NA
BRCA	Pal2021_reprocessed	ALL	SLC22A2	Plasma_cells	17	mean_log1p_counts_per10k	0.0	0.0	0.0	0.0	0.0	0.0	1000	0.0	DONE	NA	NA
BRCA	Pal2021_reprocessed	ALL	SLC22A2	T_NK_cells	24	mean_log1p_counts_per10k	0.0	0.0	0.0	0.0	0.0	0.0	1000	0.0	DONE	NA	NA
BRCA	Pal2021_reprocessed	ALL	SLC22A2	Unresolved_stromal	1	mean_log1p_counts_per10k	NA	NA	NA	NA	NA	NA	0	NA	NOT_EVALUABLE	NA	NA
BRCA	Pal2021_reprocessed	ALL	SLC22A4	B_cells	14	mean_log1p_counts_per10k	0.0	0.0	0.0	0.0	0.0	0.0	1000	0.0	DONE	NA	NA
BRCA	Pal2021_reprocessed	ALL	SLC22A4	Endothelial	23	mean_log1p_counts_per10k	0.023723424516524573	0.0043630536359733	0.0	0.034923864861044804	0.010705856793120043	0.03899939857815489	1000	0.015090317024109831	DONE	NA	NA
BRCA	Pal2021_reprocessed	ALL	SLC22A4	Fibroblasts	30	mean_log1p_counts_per10k	0.00322327767927781	0.0	0.0	0.0028529285647632247	0.0013422685022284446	0.005531585371952396	1000	0.002593417599921213	DONE	NA	NA
BRCA	Pal2021_reprocessed	ALL	SLC22A4	Malignant_epithelial	33	mean_log1p_counts_per10k	0.0075007244578862275	0.0034603813589858	0.0019342566335192	0.0118415350464373	0.005107473601298888	0.010271531804259387	1000	0.011213306049212498	DONE	NA	NA
BRCA	Pal2021_reprocessed	ALL	SLC22A4	Mast_cells	12	mean_log1p_counts_per10k	0.0012121072473888917	0.0	0.0	0.0	0.0	0.003966896446000009	1000	0.000688705234159775	DONE	NA	NA
BRCA	Pal2021_reprocessed	ALL	SLC22A4	Myeloid	30	mean_log1p_counts_per10k	0.009349427156008238	0.00787353776054565	0.0017525757227052	0.015174024300581426	0.0063867806420726085	0.012490981895488754	1000	0.009085482722091916	DONE	NA	NA
BRCA	Pal2021_reprocessed	ALL	SLC22A4	Perivascular	15	mean_log1p_counts_per10k	0.0007440593391377665	0.0	0.0	0.0	0.0	0.0023916193043713924	1000	0.0005291005291005266	DONE	NA	NA
BRCA	Pal2021_reprocessed	ALL	SLC22A4	Plasma_cells	17	mean_log1p_counts_per10k	0.0009881472850500235	0.0	0.0	0.0	2.8614530605506666e-05	0.002974314490794807	1000	0.0004007524836044647	DONE	NA	NA
BRCA	Pal2021_reprocessed	ALL	SLC22A4	T_NK_cells	24	mean_log1p_counts_per10k	0.00017459477392100416	0.0	0.0	0.0	1.083485424675e-05	0.000413685600121528	1000	7.54035770231625e-05	DONE	NA	NA
BRCA	Pal2021_reprocessed	ALL	SLC22A4	Unresolved_stromal	1	mean_log1p_counts_per10k	NA	NA	NA	NA	NA	NA	0	NA	NOT_EVALUABLE	NA	NA
BRCA	Pal2021_reprocessed	ALL	SLC25A10	B_cells	14	mean_log1p_counts_per10k	0.0005038952668641572	0.0	0.0	0.0	0.0	0.0011561642748869304	1000	0.0002694161153514429	DONE	NA	NA
BRCA	Pal2021_reprocessed	ALL	SLC25A10	Endothelial	23	mean_log1p_counts_per10k	0.007586867492744621	0.0	0.0	0.00632364909902585	0.002214473313678462	0.01412500474747099	1000	0.004279808443818726	DONE	NA	NA
BRCA	Pal2021_reprocessed	ALL	SLC25A10	Fibroblasts	30	mean_log1p_counts_per10k	0.008413433201748123	0.00313715317074015	0.0	0.009893237648852976	0.003952718143635934	0.01444562151511965	1000	0.005164389652909837	DONE	NA	NA
BRCA	Pal2021_reprocessed	ALL	SLC25A10	Malignant_epithelial	33	mean_log1p_counts_per10k	0.07552646199937488	0.0645365116860726	0.0390571691730443	0.0945684709002779	0.06001569003764728	0.09687148044533718	1000	0.09699019818563799	DONE	NA	NA
BRCA	Pal2021_reprocessed	ALL	SLC25A10	Mast_cells	12	mean_log1p_counts_per10k	0.0028876341632705746	0.0	0.0	0.0	0.0	0.008662902489811724	1000	0.0009803921568627416	DONE	NA	NA
BRCA	Pal2021_reprocessed	ALL	SLC25A10	Myeloid	30	mean_log1p_counts_per10k	0.013049680057715807	0.01050759089156585	0.004955696604216225	0.0160458348455237	0.008743857086695525	0.018446956001977544	1000	0.011104689600879344	DONE	NA	NA
BRCA	Pal2021_reprocessed	ALL	SLC25A10	Perivascular	15	mean_log1p_counts_per10k	0.0029409740385095604	0.0	0.0	0.0	0.0	0.006520696123339033	1000	0.002371426509357533	DONE	NA	NA
BRCA	Pal2021_reprocessed	ALL	SLC25A10	Plasma_cells	17	mean_log1p_counts_per10k	0.008084042021890852	0.007182483754429299	0.0	0.0108292960228999	0.004107136094230802	0.01269656275292549	1000	0.009652192082877771	DONE	NA	NA
BRCA	Pal2021_reprocessed	ALL	SLC25A10	T_NK_cells	24	mean_log1p_counts_per10k	0.0054794799822775716	0.0041427806181466	0.0013578098904077252	0.008067001303993	0.003618007788766843	0.007720111591693193	1000	0.0033059730571208916	DONE	NA	NA
BRCA	Pal2021_reprocessed	ALL	SLC25A10	Unresolved_stromal	1	mean_log1p_counts_per10k	NA	NA	NA	NA	NA	NA	0	NA	NOT_EVALUABLE	NA	NA
BRCA	Pal2021_reprocessed	ALL	SLC25A20	B_cells	14	mean_log1p_counts_per10k	0.01780124622176455	0.00721991408109615	0.0	0.024658261340209327	0.005573123850916829	0.03305479577325624	1000	0.009064763424093786	DONE	NA	NA
BRCA	Pal2021_reprocessed	ALL	SLC25A20	Endothelial	23	mean_log1p_counts_per10k	0.033243348156510574	0.030368211961581404	0.00670830079894695	0.056001290471703546	0.02173712496932038	0.0460625904648746	1000	0.024895847676465858	DONE	NA	NA
BRCA	Pal2021_reprocessed	ALL	SLC25A20	Fibroblasts	30	mean_log1p_counts_per10k	0.023353769933805734	0.020828966546869047	0.011488656591811176	0.034399154100249976	0.016884810230469578	0.030456709050736414	1000	0.01991608356281178	DONE	NA	NA
BRCA	Pal2021_reprocessed	ALL	SLC25A20	Malignant_epithelial	33	mean_log1p_counts_per10k	0.020159055903996314	0.0186799776122562	0.0099088265481398	0.025833392077966	0.015445985847079464	0.025250327480095234	1000	0.025873014309737565	DONE	NA	NA
BRCA	Pal2021_reprocessed	ALL	SLC25A20	Mast_cells	12	mean_log1p_counts_per10k	0.018543410975873018	0.0	0.0	0.0154444508968145	0.003265639154529913	0.04003305915123713	1000	0.009084938630393159	DONE	NA	NA
BRCA	Pal2021_reprocessed	ALL	SLC25A20	Myeloid	30	mean_log1p_counts_per10k	0.03536960510334934	0.03738436515927065	0.02122504568370575	0.046952481572351976	0.02904030382771743	0.04191954190020208	1000	0.030338638333862893	DONE	NA	NA
BRCA	Pal2021_reprocessed	ALL	SLC25A20	Perivascular	15	mean_log1p_counts_per10k	0.027638034437714596	0.0284341030906385	0.0061806176121253	0.0449436304270463	0.016876084062707852	0.03862361986408938	1000	0.020133834941316948	DONE	NA	NA
BRCA	Pal2021_reprocessed	ALL	SLC25A20	Plasma_cells	17	mean_log1p_counts_per10k	0.024834170056404762	0.0174097592371189	0.0097948358994891	0.0252651774680636	0.013010088889254529	0.04021732589406236	1000	0.021711685762592827	DONE	NA	NA
BRCA	Pal2021_reprocessed	ALL	SLC25A20	T_NK_cells	24	mean_log1p_counts_per10k	0.02550079048617193	0.0253665490250183	0.0164642498085271	0.0355148630201167	0.02055366420915623	0.030638107987915192	1000	0.01275347347756252	DONE	NA	NA
BRCA	Pal2021_reprocessed	ALL	SLC25A20	Unresolved_stromal	1	mean_log1p_counts_per10k	NA	NA	NA	NA	NA	NA	0	NA	NOT_EVALUABLE	NA	NA
BRCA	Pal2021_reprocessed	ALL	SLC29A2	B_cells	14	mean_log1p_counts_per10k	0.021548420029913317	0.0021645346731015503	0.0	0.028713150755734523	0.005979571510168119	0.04150666951163395	1000	0.00915973474187735	DONE	NA	NA
BRCA	Pal2021_reprocessed	ALL	SLC29A2	Endothelial	23	mean_log1p_counts_per10k	0.004223681302864174	0.0	0.0	0.0	0.0003120175993350476	0.009618747237331129	1000	0.0029908653561001217	DONE	NA	NA
BRCA	Pal2021_reprocessed	ALL	SLC29A2	Fibroblasts	30	mean_log1p_counts_per10k	0.002134335741988987	0.0	0.0	0.001959757738702775	0.0008217171100155719	0.003687352901726924	1000	0.0015224163328245502	DONE	NA	NA
BRCA	Pal2021_reprocessed	ALL	SLC29A2	Malignant_epithelial	33	mean_log1p_counts_per10k	0.03949716715178182	0.0324107742227667	0.0183942802480965	0.056580986956940804	0.029835426851130407	0.04986177324946995	1000	0.05232978542222365	DONE	NA	NA
BRCA	Pal2021_reprocessed	ALL	SLC29A2	Mast_cells	12	mean_log1p_counts_per10k	0.0	0.0	0.0	0.0	0.0	0.0	1000	0.0	DONE	NA	NA
BRCA	Pal2021_reprocessed	ALL	SLC29A2	Myeloid	30	mean_log1p_counts_per10k	0.004178754280591704	0.0028260025790617	0.0002312688594814	0.005814725482492275	0.002485709018252083	0.006077205882991806	1000	0.00304103511034336	DONE	NA	NA
BRCA	Pal2021_reprocessed	ALL	SLC29A2	Perivascular	15	mean_log1p_counts_per10k	0.005849459642067239	0.0	0.0	0.0029570468111412996	0.0004918933637763893	0.012262537381175269	1000	0.0034110819825105398	DONE	NA	NA
BRCA	Pal2021_reprocessed	ALL	SLC29A2	Plasma_cells	17	mean_log1p_counts_per10k	0.002495244057764335	0.0	0.0	0.0020509082861228	0.0004627245654369423	0.005315214298948141	1000	0.002349952273656159	DONE	NA	NA
BRCA	Pal2021_reprocessed	ALL	SLC29A2	T_NK_cells	24	mean_log1p_counts_per10k	0.0030093589279533497	0.00099766265295575	0.0	0.005360574544292175	0.0016497023013077854	0.004637352975811993	1000	0.0015008712764895168	DONE	NA	NA
BRCA	Pal2021_reprocessed	ALL	SLC29A2	Unresolved_stromal	1	mean_log1p_counts_per10k	NA	NA	NA	NA	NA	NA	0	NA	NOT_EVALUABLE	NA	NA
BRCA	Pal2021_reprocessed	ALL	SLC47A1	B_cells	14	mean_log1p_counts_per10k	0.00017484507689267143	0.0	0.0	0.0	0.0	0.00061195776912435	1000	6.995942353435e-05	DONE	NA	NA
BRCA	Pal2021_reprocessed	ALL	SLC47A1	Endothelial	23	mean_log1p_counts_per10k	0.0029010436075913386	0.0	0.0	0.0	0.0	0.008120439863032892	1000	0.0017767558528428088	DONE	NA	NA
BRCA	Pal2021_reprocessed	ALL	SLC47A1	Fibroblasts	30	mean_log1p_counts_per10k	0.0008689031778018767	0.0	0.0	0.0015825140838313001	0.00037906713318720516	0.0014708596879513995	1000	0.0009736033758930666	DONE	NA	NA
BRCA	Pal2021_reprocessed	ALL	SLC47A1	Malignant_epithelial	33	mean_log1p_counts_per10k	0.0016212147252807122	0.0010577509993131	0.0004195665388783	0.0027866941064419	0.0011290269263075654	0.002217124632745587	1000	0.001913577232633439	DONE	NA	NA
BRCA	Pal2021_reprocessed	ALL	SLC47A1	Mast_cells	12	mean_log1p_counts_per10k	0.0	0.0	0.0	0.0	0.0	0.0	1000	0.0	DONE	NA	NA
BRCA	Pal2021_reprocessed	ALL	SLC47A1	Myeloid	30	mean_log1p_counts_per10k	0.018437632872876992	0.0155590000290801	0.0092729099378238	0.024227469785432325	0.013247008821069285	0.023614472503649373	1000	0.01551464455701651	DONE	NA	NA
BRCA	Pal2021_reprocessed	ALL	SLC47A1	Perivascular	15	mean_log1p_counts_per10k	0.0024962179162952135	0.0	0.0	0.0	0.0	0.00602737189813017	1000	0.0035637243403108267	DONE	NA	NA
BRCA	Pal2021_reprocessed	ALL	SLC47A1	Plasma_cells	17	mean_log1p_counts_per10k	0.011958262496123606	0.0026041694015868	0.0	0.0081438744812909	0.0024630538676621836	0.025696891052445978	1000	0.01552109882124421	DONE	NA	NA
BRCA	Pal2021_reprocessed	ALL	SLC47A1	T_NK_cells	24	mean_log1p_counts_per10k	0.001025532127610804	0.0	0.0	0.000386436052494075	0.00017647959869747493	0.0025231334921988658	1000	0.00041700123049833745	DONE	NA	NA
BRCA	Pal2021_reprocessed	ALL	SLC47A1	Unresolved_stromal	1	mean_log1p_counts_per10k	NA	NA	NA	NA	NA	NA	0	NA	NOT_EVALUABLE	NA	NA
BRCA	Pal2021_reprocessed	ALL	SLC47A2	B_cells	14	mean_log1p_counts_per10k	0.00011788069429740714	0.0	0.0	0.0	0.0	0.00044008792537698666	1000	6.0584030049678574e-05	DONE	NA	NA
BRCA	Pal2021_reprocessed	ALL	SLC47A2	Endothelial	23	mean_log1p_counts_per10k	0.0	0.0	0.0	0.0	0.0	0.0	1000	0.0	DONE	NA	NA
BRCA	Pal2021_reprocessed	ALL	SLC47A2	Fibroblasts	30	mean_log1p_counts_per10k	0.00013664735227172668	0.0	0.0	0.0	0.0	0.00038543080259489286	1000	7.364547241847667e-05	DONE	NA	NA
BRCA	Pal2021_reprocessed	ALL	SLC47A2	Malignant_epithelial	33	mean_log1p_counts_per10k	0.0010705739062160696	0.00044046492481719993	0.0	0.0009114256312797	0.0005384012084733732	0.0017589147584928535	1000	0.001120197964014333	DONE	NA	NA
BRCA	Pal2021_reprocessed	ALL	SLC47A2	Mast_cells	12	mean_log1p_counts_per10k	0.0	0.0	0.0	0.0	0.0	0.0	1000	0.0	DONE	NA	NA
BRCA	Pal2021_reprocessed	ALL	SLC47A2	Myeloid	30	mean_log1p_counts_per10k	0.00025735987118432	0.0	0.0	0.0	0.0	0.0006487756467771057	1000	0.00023889228105997338	DONE	NA	NA
BRCA	Pal2021_reprocessed	ALL	SLC47A2	Perivascular	15	mean_log1p_counts_per10k	0.0	0.0	0.0	0.0	0.0	0.0	1000	0.0	DONE	NA	NA
BRCA	Pal2021_reprocessed	ALL	SLC47A2	Plasma_cells	17	mean_log1p_counts_per10k	0.0002610126861656176	0.0	0.0	0.0	0.0	0.0007653430272473201	1000	0.00015853071601508822	DONE	NA	NA
BRCA	Pal2021_reprocessed	ALL	SLC47A2	T_NK_cells	24	mean_log1p_counts_per10k	0.0002637721540640458	0.0	0.0	0.0	2.2350292369633333e-05	0.0006214742827049696	1000	0.0001608200321937375	DONE	NA	NA
BRCA	Pal2021_reprocessed	ALL	SLC47A2	Unresolved_stromal	1	mean_log1p_counts_per10k	NA	NA	NA	NA	NA	NA	0	NA	NOT_EVALUABLE	NA	NA
BRCA	Pal2021_reprocessed	ALL	SLC5A10	B_cells	14	mean_log1p_counts_per10k	7.806400771884286e-05	0.0	0.0	0.0	0.0	0.0002914389621503467	1000	6.0584030049678574e-05	DONE	NA	NA
BRCA	Pal2021_reprocessed	ALL	SLC5A10	Endothelial	23	mean_log1p_counts_per10k	0.003401709177661083	0.0	0.0	0.0	0.00024241581623294362	0.00743911786632029	1000	0.0032891505509649345	DONE	NA	NA
BRCA	Pal2021_reprocessed	ALL	SLC5A10	Fibroblasts	30	mean_log1p_counts_per10k	0.0	0.0	0.0	0.0	0.0	0.0	1000	0.0	DONE	NA	NA
BRCA	Pal2021_reprocessed	ALL	SLC5A10	Malignant_epithelial	33	mean_log1p_counts_per10k	0.0006971695445690343	0.0002217688032463	0.0	0.0008238882965156	0.0003675497805460921	0.0010997921449789956	1000	0.000757730330792036	DONE	NA	NA
BRCA	Pal2021_reprocessed	ALL	SLC5A10	Mast_cells	12	mean_log1p_counts_per10k	0.0	0.0	0.0	0.0	0.0	0.0	1000	0.0	DONE	NA	NA
BRCA	Pal2021_reprocessed	ALL	SLC5A10	Myeloid	30	mean_log1p_counts_per10k	0.00026779697336338663	0.0	0.0	0.0	0.0	0.0008275687612971396	1000	0.00024070541673992666	DONE	NA	NA
BRCA	Pal2021_reprocessed	ALL	SLC5A10	Perivascular	15	mean_log1p_counts_per10k	0.0	0.0	0.0	0.0	0.0	0.0	1000	0.0	DONE	NA	NA
BRCA	Pal2021_reprocessed	ALL	SLC5A10	Plasma_cells	17	mean_log1p_counts_per10k	0.0	0.0	0.0	0.0	0.0	0.0	1000	0.0	DONE	NA	NA
BRCA	Pal2021_reprocessed	ALL	SLC5A10	T_NK_cells	24	mean_log1p_counts_per10k	1.0041368145858332e-05	0.0	0.0	0.0	0.0	3.445942528785031e-05	1000	4.249099190970833e-06	DONE	NA	NA
BRCA	Pal2021_reprocessed	ALL	SLC5A10	Unresolved_stromal	1	mean_log1p_counts_per10k	NA	NA	NA	NA	NA	NA	0	NA	NOT_EVALUABLE	NA	NA
BRCA	Pal2021_reprocessed	ALL	SUCLA2	B_cells	14	mean_log1p_counts_per10k	0.021214191073056936	0.01021001431157505	0.0	0.035283423357063054	0.008214298277755694	0.03565339009794277	1000	0.011852091028089443	DONE	NA	NA
BRCA	Pal2021_reprocessed	ALL	SUCLA2	Endothelial	23	mean_log1p_counts_per10k	0.07862149707935619	0.0742480359321898	0.05160047335760046	0.09458950495678539	0.06437082925877669	0.09379248672201727	1000	0.05484732669102849	DONE	NA	NA
BRCA	Pal2021_reprocessed	ALL	SUCLA2	Fibroblasts	30	mean_log1p_counts_per10k	0.08761136167694948	0.06896184764587855	0.043710769029684474	0.13092641604694982	0.06964682191526522	0.10806301766190544	1000	0.0677702278918045	DONE	NA	NA
BRCA	Pal2021_reprocessed	ALL	SUCLA2	Malignant_epithelial	33	mean_log1p_counts_per10k	0.1153107896331824	0.1155066913625126	0.0681824232625882	0.1438682598217163	0.09421677830153628	0.14190365740133162	1000	0.1419951561417823	DONE	NA	NA
BRCA	Pal2021_reprocessed	ALL	SUCLA2	Mast_cells	12	mean_log1p_counts_per10k	0.039188469143082764	0.03422389739330885	0.0	0.06727406185700205	0.020366397713049662	0.06016985689722413	1000	0.020168548543913683	DONE	NA	NA
BRCA	Pal2021_reprocessed	ALL	SUCLA2	Myeloid	30	mean_log1p_counts_per10k	0.060288414320242456	0.0515123423908097	0.037887566684277	0.09385758897083843	0.049268225194953046	0.07119500094558853	1000	0.05016409661228904	DONE	NA	NA
BRCA	Pal2021_reprocessed	ALL	SUCLA2	Perivascular	15	mean_log1p_counts_per10k	0.18443168403891103	0.1771260231632247	0.11682834491103344	0.26398454040386776	0.140434000174776	0.2279845534859935	1000	0.1231352441333454	DONE	NA	NA
BRCA	Pal2021_reprocessed	ALL	SUCLA2	Plasma_cells	17	mean_log1p_counts_per10k	0.026223447873730984	0.0260516442178672	0.0139778723583351	0.0390113123242893	0.017375047697188145	0.03652925691560038	1000	0.028550774999255006	DONE	NA	NA
BRCA	Pal2021_reprocessed	ALL	SUCLA2	T_NK_cells	24	mean_log1p_counts_per10k	0.0423443679030529	0.046168884249725	0.022954691359311198	0.05384707670990595	0.03420353990733439	0.05025855511238754	1000	0.021449290140365136	DONE	NA	NA
BRCA	Pal2021_reprocessed	ALL	SUCLA2	Unresolved_stromal	1	mean_log1p_counts_per10k	NA	NA	NA	NA	NA	NA	0	NA	NOT_EVALUABLE	NA	NA
BRCA	Pal2021_reprocessed	ALL	SUCLG1	B_cells	14	mean_log1p_counts_per10k	0.0850398345229306	0.0776962160073512	0.009980969091730175	0.14344560934174488	0.04727562646574313	0.12572969767037703	1000	0.05230778488687625	DONE	NA	NA
BRCA	Pal2021_reprocessed	ALL	SUCLG1	Endothelial	23	mean_log1p_counts_per10k	0.1767800120886436	0.1815301342660411	0.1163318898283535	0.2357910598635066	0.14582221020662828	0.20982402873538736	1000	0.119558902380351	DONE	NA	NA
BRCA	Pal2021_reprocessed	ALL	SUCLG1	Fibroblasts	30	mean_log1p_counts_per10k	0.1766812471468027	0.18090066313306097	0.12288122026788745	0.21477081851796948	0.15063001207318572	0.20137080263183066	1000	0.1267879001205408	DONE	NA	NA
BRCA	Pal2021_reprocessed	ALL	SUCLG1	Malignant_epithelial	33	mean_log1p_counts_per10k	0.30068128766775076	0.2779782895934309	0.23153710609350692	0.3706210087484664	0.25678493891798365	0.3477235719158145	1000	0.2929927606838115	DONE	NA	NA
BRCA	Pal2021_reprocessed	ALL	SUCLG1	Mast_cells	12	mean_log1p_counts_per10k	0.09796767805058937	0.08381775257211715	0.06762473711819614	0.1482955428764309	0.06974352718544423	0.12714241517255867	1000	0.04517840978406764	DONE	NA	NA
BRCA	Pal2021_reprocessed	ALL	SUCLG1	Myeloid	30	mean_log1p_counts_per10k	0.19758501231509212	0.19376624950418525	0.1496755575202585	0.25085322297297435	0.17437828393512017	0.22033980927949132	1000	0.14905173351174916	DONE	NA	NA
BRCA	Pal2021_reprocessed	ALL	SUCLG1	Perivascular	15	mean_log1p_counts_per10k	0.2565766472209697	0.2609331387189033	0.17357490722497015	0.3073312234876547	0.21585333462988182	0.3012673961818724	1000	0.171890798609906	DONE	NA	NA
BRCA	Pal2021_reprocessed	ALL	SUCLG1	Plasma_cells	17	mean_log1p_counts_per10k	0.10359884193206112	0.09975448582335	0.0788393875855103	0.1289594767929097	0.07852336433631948	0.1311597742426871	1000	0.09493761902763242	DONE	NA	NA
BRCA	Pal2021_reprocessed	ALL	SUCLG1	T_NK_cells	24	mean_log1p_counts_per10k	0.14493982576673403	0.1390576913253707	0.11356188101440517	0.17569408678853043	0.12898476322216995	0.1608948455194837	1000	0.07003188307644324	DONE	NA	NA
BRCA	Pal2021_reprocessed	ALL	SUCLG1	Unresolved_stromal	1	mean_log1p_counts_per10k	NA	NA	NA	NA	NA	NA	0	NA	NOT_EVALUABLE	NA	NA
BRCA	Pal2021_reprocessed	ALL	SUCLG2	B_cells	14	mean_log1p_counts_per10k	0.09705754137475106	0.0955027676316085	0.0428982535609841	0.102010622627045	0.05286615205059415	0.14035355367898816	1000	0.053290909945402656	DONE	NA	NA
BRCA	Pal2021_reprocessed	ALL	SUCLG2	Endothelial	23	mean_log1p_counts_per10k	0.15922577188406392	0.1560525028392808	0.12384314722062226	0.19343144148011043	0.13474486488439688	0.18461728285558163	1000	0.10742085749869341	DONE	NA	NA
BRCA	Pal2021_reprocessed	ALL	SUCLG2	Fibroblasts	30	mean_log1p_counts_per10k	0.13579762302260615	0.12704104993140394	0.08177298313018215	0.18259173996239964	0.11344543043272244	0.16093238343632701	1000	0.10442644479525699	DONE	NA	NA
BRCA	Pal2021_reprocessed	ALL	SUCLG2	Malignant_epithelial	33	mean_log1p_counts_per10k	0.19568164169920663	0.1729715783426598	0.12476248685033069	0.2686546951415759	0.16226649294605264	0.22614692780033677	1000	0.21538757421712035	DONE	NA	NA
BRCA	Pal2021_reprocessed	ALL	SUCLG2	Mast_cells	12	mean_log1p_counts_per10k	0.09566849972487608	0.06276508838326095	0.03743762682105345	0.16893979439269152	0.05000721044339866	0.14689654974026298	1000	0.04496311301767106	DONE	NA	NA
BRCA	Pal2021_reprocessed	ALL	SUCLG2	Myeloid	30	mean_log1p_counts_per10k	0.15060931733532187	0.1448730909212973	0.1173603218543621	0.17212010801885433	0.12949940000099225	0.17369733606386661	1000	0.11832061494920672	DONE	NA	NA
BRCA	Pal2021_reprocessed	ALL	SUCLG2	Perivascular	15	mean_log1p_counts_per10k	0.19422460071462452	0.1863437595945885	0.1422113242777544	0.24739001329102955	0.1584210872634238	0.22997211710027043	1000	0.1355533145849495	DONE	NA	NA
BRCA	Pal2021_reprocessed	ALL	SUCLG2	Plasma_cells	17	mean_log1p_counts_per10k	0.05262694307601323	0.0495725987535734	0.0374656029377661	0.0650195360219884	0.03753108760606806	0.06737787748142	1000	0.04962661511031845	DONE	NA	NA
BRCA	Pal2021_reprocessed	ALL	SUCLG2	T_NK_cells	24	mean_log1p_counts_per10k	0.10648945702329488	0.08735567745322975	0.06514209368239687	0.12455411913919287	0.08343612535640746	0.1346243238877775	1000	0.051677367042424316	DONE	NA	NA
BRCA	Pal2021_reprocessed	ALL	SUCLG2	Unresolved_stromal	1	mean_log1p_counts_per10k	NA	NA	NA	NA	NA	NA	0	NA	NOT_EVALUABLE	NA	NA
