cancer	cohort	stage_id	run_id	analysis_version	analysis_type	metabolite_key	metabolite_name	gene	unit	n	n_reference	effect_type	effect	ci_lower	ci_upper	p_value	q_value	test_family	family_n_evaluable	status	reason	source_id	partition	celltype	n_source_labels_total	n_cells_total	n_cells_eligible	median_donor_mean	donor_mean_q25	donor_mean_q75	mean_detection_fraction	median_detection_fraction	annotation_origin	row_scaled
BRCA	Wu2021	06_EXTERNAL	20260919T140105Z_scRNA117_v1	sc117_v1	descriptive_cell_source	NA	NA	CEPT1	publisher_donor_label	20	NA	equal_donor_mean_log1p_counts_per_10k	0.12867068466404008	NA	NA	NA	NA	NA_descriptive_no_tests	NA	DONE		GSE176078_CELLxGENE_22a27631	ALL	B_cells	20	3206	3206	0.12356126447915369	0.09168040113567866	0.16368469859147294	0.08120934984430635	0.07381302907618698	Wu2021_author_celltype_major_via_CELLxGENE	1.0
BRCA	Wu2021	06_EXTERNAL	20260919T140105Z_scRNA117_v1	sc117_v1	descriptive_cell_source	NA	NA	CHKA	publisher_donor_label	20	NA	equal_donor_mean_log1p_counts_per_10k	0.021570872995374624	NA	NA	NA	NA	NA_descriptive_no_tests	NA	DONE		GSE176078_CELLxGENE_22a27631	ALL	B_cells	20	3206	3206	0.019052915834141888	0.0	0.03220043986237875	0.015480765548819395	0.011854657687991021	Wu2021_author_celltype_major_via_CELLxGENE	0.1490116532566254
BRCA	Wu2021	06_EXTERNAL	20260919T140105Z_scRNA117_v1	sc117_v1	descriptive_cell_source	NA	NA	CHKB	publisher_donor_label	20	NA	equal_donor_mean_log1p_counts_per_10k	0.036928504887602985	NA	NA	NA	NA	NA_descriptive_no_tests	NA	DONE		GSE176078_CELLxGENE_22a27631	ALL	B_cells	20	3206	3206	0.01761824958953511	0.0	0.053185472516357114	0.02670704435074874	0.019029581529581528	Wu2021_author_celltype_major_via_CELLxGENE	0.5242916901011001
BRCA	Wu2021	06_EXTERNAL	20260919T140105Z_scRNA117_v1	sc117_v1	descriptive_cell_source	NA	NA	CHPT1	publisher_donor_label	20	NA	equal_donor_mean_log1p_counts_per_10k	0.17787816066135237	NA	NA	NA	NA	NA_descriptive_no_tests	NA	DONE		GSE176078_CELLxGENE_22a27631	ALL	B_cells	20	3206	3206	0.16158449954590454	0.1026561286675367	0.2005216030467156	0.11038106634136477	0.09784781841702928	Wu2021_author_celltype_major_via_CELLxGENE	0.34787386718104496
BRCA	Wu2021	06_EXTERNAL	20260919T140105Z_scRNA117_v1	sc117_v1	descriptive_cell_source	NA	NA	CKB	publisher_donor_label	20	NA	equal_donor_mean_log1p_counts_per_10k	0.019605400724718527	NA	NA	NA	NA	NA_descriptive_no_tests	NA	DONE		GSE176078_CELLxGENE_22a27631	ALL	B_cells	20	3206	3206	0.0	0.0	0.020249669794988205	0.01106432362914517	0.0	Wu2021_author_celltype_major_via_CELLxGENE	0.06894061129627126
BRCA	Wu2021	06_EXTERNAL	20260919T140105Z_scRNA117_v1	sc117_v1	descriptive_cell_source	NA	NA	CKM	publisher_donor_label	20	NA	equal_donor_mean_log1p_counts_per_10k	0.0	NA	NA	NA	NA	NA_descriptive_no_tests	NA	DONE		GSE176078_CELLxGENE_22a27631	ALL	B_cells	20	3206	3206	0.0	0.0	0.0	0.0	0.0	Wu2021_author_celltype_major_via_CELLxGENE	0.0
BRCA	Wu2021	06_EXTERNAL	20260919T140105Z_scRNA117_v1	sc117_v1	descriptive_cell_source	NA	NA	CMAS	publisher_donor_label	20	NA	equal_donor_mean_log1p_counts_per_10k	0.05906745798280375	NA	NA	NA	NA	NA_descriptive_no_tests	NA	DONE		GSE176078_CELLxGENE_22a27631	ALL	B_cells	20	3206	3206	0.045083609086510226	0.030875163559669568	0.080807430445618	0.04338238794347856	0.032638576498225616	Wu2021_author_celltype_major_via_CELLxGENE	0.16726052836923244
BRCA	Wu2021	06_EXTERNAL	20260919T140105Z_scRNA117_v1	sc117_v1	descriptive_cell_source	NA	NA	CMPK1	publisher_donor_label	20	NA	equal_donor_mean_log1p_counts_per_10k	0.19973951739461035	NA	NA	NA	NA	NA_descriptive_no_tests	NA	DONE		GSE176078_CELLxGENE_22a27631	ALL	B_cells	20	3206	3206	0.18295465474362074	0.11340531025594291	0.26533886708497373	0.12833826635489795	0.10400649284629974	Wu2021_author_celltype_major_via_CELLxGENE	0.4113801043180337
BRCA	Wu2021	06_EXTERNAL	20260919T140105Z_scRNA117_v1	sc117_v1	descriptive_cell_source	NA	NA	CMPK2	publisher_donor_label	20	NA	equal_donor_mean_log1p_counts_per_10k	0.04148731373706972	NA	NA	NA	NA	NA_descriptive_no_tests	NA	DONE		GSE176078_CELLxGENE_22a27631	ALL	B_cells	20	3206	3206	0.015796748349281586	0.0	0.05531970864138095	0.026570193190396874	0.011912347776833757	Wu2021_author_celltype_major_via_CELLxGENE	0.3711028632882115
BRCA	Wu2021	06_EXTERNAL	20260919T140105Z_scRNA117_v1	sc117_v1	descriptive_cell_source	NA	NA	CPT1A	publisher_donor_label	20	NA	equal_donor_mean_log1p_counts_per_10k	0.04116084827070913	NA	NA	NA	NA	NA_descriptive_no_tests	NA	DONE		GSE176078_CELLxGENE_22a27631	ALL	B_cells	20	3206	3206	0.03665440430938089	0.020202021363578824	0.052152624764650574	0.02695986564926391	0.02411038489469862	Wu2021_author_celltype_major_via_CELLxGENE	0.29522944793888084
BRCA	Wu2021	06_EXTERNAL	20260919T140105Z_scRNA117_v1	sc117_v1	descriptive_cell_source	NA	NA	CPT1B	publisher_donor_label	20	NA	equal_donor_mean_log1p_counts_per_10k	0.0007198728242530632	NA	NA	NA	NA	NA_descriptive_no_tests	NA	DONE		GSE176078_CELLxGENE_22a27631	ALL	B_cells	20	3206	3206	0.0	0.0	0.0	0.0005774050510892616	0.0	Wu2021_author_celltype_major_via_CELLxGENE	0.09321066806554297
BRCA	Wu2021	06_EXTERNAL	20260919T140105Z_scRNA117_v1	sc117_v1	descriptive_cell_source	NA	NA	CPT2	publisher_donor_label	20	NA	equal_donor_mean_log1p_counts_per_10k	0.017318210514756616	NA	NA	NA	NA	NA_descriptive_no_tests	NA	DONE		GSE176078_CELLxGENE_22a27631	ALL	B_cells	20	3206	3206	0.013130870366658106	0.0	0.02367738580970004	0.01310444352423625	0.0073599240265906935	Wu2021_author_celltype_major_via_CELLxGENE	0.2870135227955673
BRCA	Wu2021	06_EXTERNAL	20260919T140105Z_scRNA117_v1	sc117_v1	descriptive_cell_source	NA	NA	CRAT	publisher_donor_label	20	NA	equal_donor_mean_log1p_counts_per_10k	0.018310010226297503	NA	NA	NA	NA	NA_descriptive_no_tests	NA	DONE		GSE176078_CELLxGENE_22a27631	ALL	B_cells	20	3206	3206	0.0020716605441682763	0.0	0.021248187435161735	0.013359746507255573	0.0010121457489878543	Wu2021_author_celltype_major_via_CELLxGENE	0.11439674002053836
BRCA	Wu2021	06_EXTERNAL	20260919T140105Z_scRNA117_v1	sc117_v1	descriptive_cell_source	NA	NA	CROT	publisher_donor_label	20	NA	equal_donor_mean_log1p_counts_per_10k	0.020492664544323146	NA	NA	NA	NA	NA_descriptive_no_tests	NA	DONE		GSE176078_CELLxGENE_22a27631	ALL	B_cells	20	3206	3206	0.018069997604060258	0.0	0.02711399357411876	0.01112123675918636	0.011503292955427496	Wu2021_author_celltype_major_via_CELLxGENE	0.17696741391270182
BRCA	Wu2021	06_EXTERNAL	20260919T140105Z_scRNA117_v1	sc117_v1	descriptive_cell_source	NA	NA	CS	publisher_donor_label	20	NA	equal_donor_mean_log1p_counts_per_10k	0.08901741981465157	NA	NA	NA	NA	NA_descriptive_no_tests	NA	DONE		GSE176078_CELLxGENE_22a27631	ALL	B_cells	20	3206	3206	0.07598633686101516	0.04257035208730663	0.10321772407465818	0.06141310415599384	0.04797979797979798	Wu2021_author_celltype_major_via_CELLxGENE	0.47178711282229036
BRCA	Wu2021	06_EXTERNAL	20260919T140105Z_scRNA117_v1	sc117_v1	descriptive_cell_source	NA	NA	CTNS	publisher_donor_label	20	NA	equal_donor_mean_log1p_counts_per_10k	0.016390268146270016	NA	NA	NA	NA	NA_descriptive_no_tests	NA	DONE		GSE176078_CELLxGENE_22a27631	ALL	B_cells	20	3206	3206	0.012066118424177	0.0	0.019229492889931497	0.013150853135960178	0.009723402246766733	Wu2021_author_celltype_major_via_CELLxGENE	0.26039005269610616
BRCA	Wu2021	06_EXTERNAL	20260919T140105Z_scRNA117_v1	sc117_v1	descriptive_cell_source	NA	NA	DPYD	publisher_donor_label	20	NA	equal_donor_mean_log1p_counts_per_10k	0.04206529889787802	NA	NA	NA	NA	NA_descriptive_no_tests	NA	DONE		GSE176078_CELLxGENE_22a27631	ALL	B_cells	20	3206	3206	0.03358038799853964	0.015414141310869042	0.051831380342766	0.026501313257972735	0.018200220831799778	Wu2021_author_celltype_major_via_CELLxGENE	0.17214641847078097
BRCA	Wu2021	06_EXTERNAL	20260919T140105Z_scRNA117_v1	sc117_v1	descriptive_cell_source	NA	NA	DPYS	publisher_donor_label	20	NA	equal_donor_mean_log1p_counts_per_10k	0.0004507042966793855	NA	NA	NA	NA	NA_descriptive_no_tests	NA	DONE		GSE176078_CELLxGENE_22a27631	ALL	B_cells	20	3206	3206	0.0	0.0	0.0	0.0002840909090909091	0.0	Wu2021_author_celltype_major_via_CELLxGENE	0.0354606545561436
BRCA	Wu2021	06_EXTERNAL	20260919T140105Z_scRNA117_v1	sc117_v1	descriptive_cell_source	NA	NA	ETNK1	publisher_donor_label	20	NA	equal_donor_mean_log1p_counts_per_10k	0.23011941729218344	NA	NA	NA	NA	NA_descriptive_no_tests	NA	DONE		GSE176078_CELLxGENE_22a27631	ALL	B_cells	20	3206	3206	0.18909871528802313	0.15401948571366225	0.2935815333830933	0.13680935601326505	0.13639098649177173	Wu2021_author_celltype_major_via_CELLxGENE	0.8075242741693762
BRCA	Wu2021	06_EXTERNAL	20260919T140105Z_scRNA117_v1	sc117_v1	descriptive_cell_source	NA	NA	ETNK2	publisher_donor_label	20	NA	equal_donor_mean_log1p_counts_per_10k	0.00537667009367907	NA	NA	NA	NA	NA_descriptive_no_tests	NA	DONE		GSE176078_CELLxGENE_22a27631	ALL	B_cells	20	3206	3206	0.0	0.0	0.0	0.0019372294372294375	0.0	Wu2021_author_celltype_major_via_CELLxGENE	0.06482445249409265
BRCA	Wu2021	06_EXTERNAL	20260919T140105Z_scRNA117_v1	sc117_v1	descriptive_cell_source	NA	NA	FDFT1	publisher_donor_label	20	NA	equal_donor_mean_log1p_counts_per_10k	0.19232881062985713	NA	NA	NA	NA	NA_descriptive_no_tests	NA	DONE		GSE176078_CELLxGENE_22a27631	ALL	B_cells	20	3206	3206	0.19662977093211648	0.11465515779626158	0.23917079377010725	0.12319944921867147	0.1244047619047619	Wu2021_author_celltype_major_via_CELLxGENE	0.3445396270842938
BRCA	Wu2021	06_EXTERNAL	20260919T140105Z_scRNA117_v1	sc117_v1	descriptive_cell_source	NA	NA	FH	publisher_donor_label	20	NA	equal_donor_mean_log1p_counts_per_10k	0.05162143714908497	NA	NA	NA	NA	NA_descriptive_no_tests	NA	DONE		GSE176078_CELLxGENE_22a27631	ALL	B_cells	20	3206	3206	0.05632875630172139	0.0253955545610755	0.0771855171045604	0.0371997129224801	0.03333333333333333	Wu2021_author_celltype_major_via_CELLxGENE	0.17488249695615843
BRCA	Wu2021	06_EXTERNAL	20260919T140105Z_scRNA117_v1	sc117_v1	descriptive_cell_source	NA	NA	FOLH1	publisher_donor_label	20	NA	equal_donor_mean_log1p_counts_per_10k	0.00017913697903957577	NA	NA	NA	NA	NA_descriptive_no_tests	NA	DONE		GSE176078_CELLxGENE_22a27631	ALL	B_cells	20	3206	3206	0.0	0.0	0.0	0.00013550135501355014	0.0	Wu2021_author_celltype_major_via_CELLxGENE	0.003164817612315264
BRCA	Wu2021	06_EXTERNAL	20260919T140105Z_scRNA117_v1	sc117_v1	descriptive_cell_source	NA	NA	GAMT	publisher_donor_label	20	NA	equal_donor_mean_log1p_counts_per_10k	0.028824698993150506	NA	NA	NA	NA	NA_descriptive_no_tests	NA	DONE		GSE176078_CELLxGENE_22a27631	ALL	B_cells	20	3206	3206	0.020849019253816846	0.0	0.04459359219275103	0.019859464602100484	0.01801948051948052	Wu2021_author_celltype_major_via_CELLxGENE	0.09773787508736854
BRCA	Wu2021	06_EXTERNAL	20260919T140105Z_scRNA117_v1	sc117_v1	descriptive_cell_source	NA	NA	CEPT1	publisher_donor_label	24	NA	equal_donor_mean_log1p_counts_per_10k	0.07817427932130332	NA	NA	NA	NA	NA_descriptive_no_tests	NA	DONE		GSE176078_CELLxGENE_22a27631	ALL	Endothelial	26	7605	7587	0.07681424682482613	0.042937255360153255	0.1108045333136018	0.08613438876675333	0.07969187675070027	Wu2021_author_celltype_major_via_CELLxGENE	0.6075531464328247
BRCA	Wu2021	06_EXTERNAL	20260919T140105Z_scRNA117_v1	sc117_v1	descriptive_cell_source	NA	NA	CHKA	publisher_donor_label	24	NA	equal_donor_mean_log1p_counts_per_10k	0.06500659741156366	NA	NA	NA	NA	NA_descriptive_no_tests	NA	DONE		GSE176078_CELLxGENE_22a27631	ALL	Endothelial	26	7605	7587	0.06242298439248918	0.04101143659098466	0.09093883858647578	0.07468423213368362	0.0517047583364556	Wu2021_author_celltype_major_via_CELLxGENE	0.44906576358602024
BRCA	Wu2021	06_EXTERNAL	20260919T140105Z_scRNA117_v1	sc117_v1	descriptive_cell_source	NA	NA	CHKB	publisher_donor_label	24	NA	equal_donor_mean_log1p_counts_per_10k	0.05495366228193618	NA	NA	NA	NA	NA_descriptive_no_tests	NA	DONE		GSE176078_CELLxGENE_22a27631	ALL	Endothelial	26	7605	7587	0.05299274839321415	0.03517022742270022	0.06524651344125343	0.06191534951791965	0.048980407836865254	Wu2021_author_celltype_major_via_CELLxGENE	0.7802034922002384
BRCA	Wu2021	06_EXTERNAL	20260919T140105Z_scRNA117_v1	sc117_v1	descriptive_cell_source	NA	NA	CHPT1	publisher_donor_label	24	NA	equal_donor_mean_log1p_counts_per_10k	0.046445082934547875	NA	NA	NA	NA	NA_descriptive_no_tests	NA	DONE		GSE176078_CELLxGENE_22a27631	ALL	Endothelial	26	7605	7587	0.036808181616160965	0.017483120416313603	0.062103690498262316	0.0575097539762738	0.03623757195185767	Wu2021_author_celltype_major_via_CELLxGENE	0.09083200856087977
BRCA	Wu2021	06_EXTERNAL	20260919T140105Z_scRNA117_v1	sc117_v1	descriptive_cell_source	NA	NA	CKB	publisher_donor_label	24	NA	equal_donor_mean_log1p_counts_per_10k	0.019445990907678484	NA	NA	NA	NA	NA_descriptive_no_tests	NA	DONE		GSE176078_CELLxGENE_22a27631	ALL	Endothelial	26	7605	7587	0.010920120041248302	0.003927334760728403	0.029988507119979614	0.023513125786038435	0.011074800290486565	Wu2021_author_celltype_major_via_CELLxGENE	0.06838006115053946
BRCA	Wu2021	06_EXTERNAL	20260919T140105Z_scRNA117_v1	sc117_v1	descriptive_cell_source	NA	NA	CKM	publisher_donor_label	24	NA	equal_donor_mean_log1p_counts_per_10k	0.00038659159861395543	NA	NA	NA	NA	NA_descriptive_no_tests	NA	DONE		GSE176078_CELLxGENE_22a27631	ALL	Endothelial	26	7605	7587	0.0	0.0	0.0	0.0009470901853745986	0.0	Wu2021_author_celltype_major_via_CELLxGENE	0.044141446185991036
BRCA	Wu2021	06_EXTERNAL	20260919T140105Z_scRNA117_v1	sc117_v1	descriptive_cell_source	NA	NA	CMAS	publisher_donor_label	24	NA	equal_donor_mean_log1p_counts_per_10k	0.15007448608575655	NA	NA	NA	NA	NA_descriptive_no_tests	NA	DONE		GSE176078_CELLxGENE_22a27631	ALL	Endothelial	26	7605	7587	0.1602318452222636	0.09367193493289822	0.19940444755701286	0.15590563565247026	0.11049653506262318	Wu2021_author_celltype_major_via_CELLxGENE	0.42496390897255915
BRCA	Wu2021	06_EXTERNAL	20260919T140105Z_scRNA117_v1	sc117_v1	descriptive_cell_source	NA	NA	CMPK1	publisher_donor_label	24	NA	equal_donor_mean_log1p_counts_per_10k	0.3044756362708292	NA	NA	NA	NA	NA_descriptive_no_tests	NA	DONE		GSE176078_CELLxGENE_22a27631	ALL	Endothelial	26	7605	7587	0.2786648768334502	0.2042233489799279	0.37296796212223277	0.2702651082447277	0.2306511331628032	Wu2021_author_celltype_major_via_CELLxGENE	0.6270928289264668
BRCA	Wu2021	06_EXTERNAL	20260919T140105Z_scRNA117_v1	sc117_v1	descriptive_cell_source	NA	NA	CMPK2	publisher_donor_label	24	NA	equal_donor_mean_log1p_counts_per_10k	0.10834456179949381	NA	NA	NA	NA	NA_descriptive_no_tests	NA	DONE		GSE176078_CELLxGENE_22a27631	ALL	Endothelial	26	7605	7587	0.08127362214331155	0.05048790301563599	0.13516680872987438	0.09826341518905755	0.07229965156794424	Wu2021_author_celltype_major_via_CELLxGENE	0.9691390809324208
BRCA	Wu2021	06_EXTERNAL	20260919T140105Z_scRNA117_v1	sc117_v1	descriptive_cell_source	NA	NA	CPT1A	publisher_donor_label	24	NA	equal_donor_mean_log1p_counts_per_10k	0.13941985990242525	NA	NA	NA	NA	NA_descriptive_no_tests	NA	DONE		GSE176078_CELLxGENE_22a27631	ALL	Endothelial	26	7605	7587	0.13352003663279546	0.09792591160104575	0.18212542149452193	0.14429541224768314	0.13386132033673015	Wu2021_author_celltype_major_via_CELLxGENE	1.0
BRCA	Wu2021	06_EXTERNAL	20260919T140105Z_scRNA117_v1	sc117_v1	descriptive_cell_source	NA	NA	CPT1B	publisher_donor_label	24	NA	equal_donor_mean_log1p_counts_per_10k	0.005434917030170012	NA	NA	NA	NA	NA_descriptive_no_tests	NA	DONE		GSE176078_CELLxGENE_22a27631	ALL	Endothelial	26	7605	7587	0.0	0.0	0.002263716637299318	0.003780334051089344	0.0	Wu2021_author_celltype_major_via_CELLxGENE	0.7037246444031621
BRCA	Wu2021	06_EXTERNAL	20260919T140105Z_scRNA117_v1	sc117_v1	descriptive_cell_source	NA	NA	CPT2	publisher_donor_label	24	NA	equal_donor_mean_log1p_counts_per_10k	0.028414567632773096	NA	NA	NA	NA	NA_descriptive_no_tests	NA	DONE		GSE176078_CELLxGENE_22a27631	ALL	Endothelial	26	7605	7587	0.02775631487930855	0.02024045723122206	0.038620919060467954	0.035406850078765935	0.023959827833572454	Wu2021_author_celltype_major_via_CELLxGENE	0.47091269320499435
BRCA	Wu2021	06_EXTERNAL	20260919T140105Z_scRNA117_v1	sc117_v1	descriptive_cell_source	NA	NA	CRAT	publisher_donor_label	24	NA	equal_donor_mean_log1p_counts_per_10k	0.08446580947584337	NA	NA	NA	NA	NA_descriptive_no_tests	NA	DONE		GSE176078_CELLxGENE_22a27631	ALL	Endothelial	26	7605	7587	0.08080267890871976	0.04923046486697179	0.12312704523442536	0.09492648371405588	0.06527389044382247	Wu2021_author_celltype_major_via_CELLxGENE	0.5277229847394939
BRCA	Wu2021	06_EXTERNAL	20260919T140105Z_scRNA117_v1	sc117_v1	descriptive_cell_source	NA	NA	CROT	publisher_donor_label	24	NA	equal_donor_mean_log1p_counts_per_10k	0.03862407411150967	NA	NA	NA	NA	NA_descriptive_no_tests	NA	DONE		GSE176078_CELLxGENE_22a27631	ALL	Endothelial	26	7605	7587	0.04016625991015643	0.02037869138696359	0.04844892184731735	0.0458512341736795	0.03553141001623579	Wu2021_author_celltype_major_via_CELLxGENE	0.333543863732444
BRCA	Wu2021	06_EXTERNAL	20260919T140105Z_scRNA117_v1	sc117_v1	descriptive_cell_source	NA	NA	CS	publisher_donor_label	24	NA	equal_donor_mean_log1p_counts_per_10k	0.12623394077351932	NA	NA	NA	NA	NA_descriptive_no_tests	NA	DONE		GSE176078_CELLxGENE_22a27631	ALL	Endothelial	26	7605	7587	0.11640806602084064	0.09195203796472819	0.15490769297939563	0.1307821491003879	0.10464513741093737	Wu2021_author_celltype_major_via_CELLxGENE	0.6690324947827384
BRCA	Wu2021	06_EXTERNAL	20260919T140105Z_scRNA117_v1	sc117_v1	descriptive_cell_source	NA	NA	CTNS	publisher_donor_label	24	NA	equal_donor_mean_log1p_counts_per_10k	0.02436122897954224	NA	NA	NA	NA	NA_descriptive_no_tests	NA	DONE		GSE176078_CELLxGENE_22a27631	ALL	Endothelial	26	7605	7587	0.025433565916247486	0.007535326167096934	0.03738330936266963	0.03121484703734065	0.020202249229094867	Wu2021_author_celltype_major_via_CELLxGENE	0.38702366801537047
BRCA	Wu2021	06_EXTERNAL	20260919T140105Z_scRNA117_v1	sc117_v1	descriptive_cell_source	NA	NA	DPYD	publisher_donor_label	24	NA	equal_donor_mean_log1p_counts_per_10k	0.08058105416293763	NA	NA	NA	NA	NA_descriptive_no_tests	NA	DONE		GSE176078_CELLxGENE_22a27631	ALL	Endothelial	26	7605	7587	0.08882082506525851	0.045987923614505696	0.09825230157312698	0.08358942329344582	0.06854883617329324	Wu2021_author_celltype_major_via_CELLxGENE	0.32976682049558637
BRCA	Wu2021	06_EXTERNAL	20260919T140105Z_scRNA117_v1	sc117_v1	descriptive_cell_source	NA	NA	DPYS	publisher_donor_label	24	NA	equal_donor_mean_log1p_counts_per_10k	5.352201253218022e-05	NA	NA	NA	NA	NA_descriptive_no_tests	NA	DONE		GSE176078_CELLxGENE_22a27631	ALL	Endothelial	26	7605	7587	0.0	0.0	0.0	7.100809887964869e-05	0.0	Wu2021_author_celltype_major_via_CELLxGENE	0.004211021753146734
BRCA	Wu2021	06_EXTERNAL	20260919T140105Z_scRNA117_v1	sc117_v1	descriptive_cell_source	NA	NA	ETNK1	publisher_donor_label	24	NA	equal_donor_mean_log1p_counts_per_10k	0.2060840236935216	NA	NA	NA	NA	NA_descriptive_no_tests	NA	DONE		GSE176078_CELLxGENE_22a27631	ALL	Endothelial	26	7605	7587	0.19698500234932345	0.165447525827959	0.2436225596016279	0.20101535283378483	0.18579781910130116	Wu2021_author_celltype_major_via_CELLxGENE	0.7231803974182424
BRCA	Wu2021	06_EXTERNAL	20260919T140105Z_scRNA117_v1	sc117_v1	descriptive_cell_source	NA	NA	ETNK2	publisher_donor_label	24	NA	equal_donor_mean_log1p_counts_per_10k	0.011498930585582302	NA	NA	NA	NA	NA_descriptive_no_tests	NA	DONE		GSE176078_CELLxGENE_22a27631	ALL	Endothelial	26	7605	7587	0.00957789126577663	0.0	0.01565228351286272	0.013314691271578244	0.011187030271223163	Wu2021_author_celltype_major_via_CELLxGENE	0.13863820291936468
BRCA	Wu2021	06_EXTERNAL	20260919T140105Z_scRNA117_v1	sc117_v1	descriptive_cell_source	NA	NA	FDFT1	publisher_donor_label	24	NA	equal_donor_mean_log1p_counts_per_10k	0.2163476036435863	NA	NA	NA	NA	NA_descriptive_no_tests	NA	DONE		GSE176078_CELLxGENE_22a27631	ALL	Endothelial	26	7605	7587	0.2183140343236158	0.13950063740747193	0.2749978968399453	0.20818987587002993	0.19661161609695726	Wu2021_author_celltype_major_via_CELLxGENE	0.3875671171460476
BRCA	Wu2021	06_EXTERNAL	20260919T140105Z_scRNA117_v1	sc117_v1	descriptive_cell_source	NA	NA	FH	publisher_donor_label	24	NA	equal_donor_mean_log1p_counts_per_10k	0.08703842594312244	NA	NA	NA	NA	NA_descriptive_no_tests	NA	DONE		GSE176078_CELLxGENE_22a27631	ALL	Endothelial	26	7605	7587	0.0867628857378569	0.051003811888125944	0.12332484331855516	0.09731363312484524	0.06787469287469287	Wu2021_author_celltype_major_via_CELLxGENE	0.29486775457464687
BRCA	Wu2021	06_EXTERNAL	20260919T140105Z_scRNA117_v1	sc117_v1	descriptive_cell_source	NA	NA	FOLH1	publisher_donor_label	24	NA	equal_donor_mean_log1p_counts_per_10k	0.05660262327358893	NA	NA	NA	NA	NA_descriptive_no_tests	NA	DONE		GSE176078_CELLxGENE_22a27631	ALL	Endothelial	26	7605	7587	0.036800539537067925	0.01792085430072058	0.08153008876474942	0.05014393209259673	0.036745964316057776	Wu2021_author_celltype_major_via_CELLxGENE	1.0
BRCA	Wu2021	06_EXTERNAL	20260919T140105Z_scRNA117_v1	sc117_v1	descriptive_cell_source	NA	NA	GAMT	publisher_donor_label	24	NA	equal_donor_mean_log1p_counts_per_10k	0.024819124246224483	NA	NA	NA	NA	NA_descriptive_no_tests	NA	DONE		GSE176078_CELLxGENE_22a27631	ALL	Endothelial	26	7605	7587	0.020250178674620103	0.010166841247689223	0.039810348882790836	0.02965606318778251	0.019605394605394608	Wu2021_author_celltype_major_via_CELLxGENE	0.08415589928386714
BRCA	Wu2021	06_EXTERNAL	20260919T140105Z_scRNA117_v1	sc117_v1	descriptive_cell_source	NA	NA	CEPT1	publisher_donor_label	23	NA	equal_donor_mean_log1p_counts_per_10k	0.06951093281516148	NA	NA	NA	NA	NA_descriptive_no_tests	NA	DONE		GSE176078_CELLxGENE_22a27631	ALL	Fibroblasts	26	6573	6537	0.0705853024691584	0.04176100933481645	0.08533100662889907	0.08047597981558015	0.07880434782608696	Wu2021_author_celltype_major_via_CELLxGENE	0.540223540402034
BRCA	Wu2021	06_EXTERNAL	20260919T140105Z_scRNA117_v1	sc117_v1	descriptive_cell_source	NA	NA	CHKA	publisher_donor_label	23	NA	equal_donor_mean_log1p_counts_per_10k	0.03681667702072472	NA	NA	NA	NA	NA_descriptive_no_tests	NA	DONE		GSE176078_CELLxGENE_22a27631	ALL	Fibroblasts	26	6573	6537	0.026915378191445932	0.01853410065527077	0.042707660509288425	0.046351835756360905	0.03125	Wu2021_author_celltype_major_via_CELLxGENE	0.2543297117112402
BRCA	Wu2021	06_EXTERNAL	20260919T140105Z_scRNA117_v1	sc117_v1	descriptive_cell_source	NA	NA	CHKB	publisher_donor_label	23	NA	equal_donor_mean_log1p_counts_per_10k	0.07043503756560007	NA	NA	NA	NA	NA_descriptive_no_tests	NA	DONE		GSE176078_CELLxGENE_22a27631	ALL	Fibroblasts	26	6573	6537	0.060333033682643596	0.03385542820660674	0.10341263037772923	0.0830120666502571	0.047619047619047616	Wu2021_author_celltype_major_via_CELLxGENE	1.0
BRCA	Wu2021	06_EXTERNAL	20260919T140105Z_scRNA117_v1	sc117_v1	descriptive_cell_source	NA	NA	CHPT1	publisher_donor_label	23	NA	equal_donor_mean_log1p_counts_per_10k	0.12380608869768679	NA	NA	NA	NA	NA_descriptive_no_tests	NA	DONE		GSE176078_CELLxGENE_22a27631	ALL	Fibroblasts	26	6573	6537	0.10106409881914222	0.052712512315302974	0.12152109229385145	0.14302122354757552	0.07142857142857142	Wu2021_author_celltype_major_via_CELLxGENE	0.24212586129569383
BRCA	Wu2021	06_EXTERNAL	20260919T140105Z_scRNA117_v1	sc117_v1	descriptive_cell_source	NA	NA	CKB	publisher_donor_label	23	NA	equal_donor_mean_log1p_counts_per_10k	0.12627532394180782	NA	NA	NA	NA	NA_descriptive_no_tests	NA	DONE		GSE176078_CELLxGENE_22a27631	ALL	Fibroblasts	26	6573	6537	0.12671591681175376	0.05974933526762706	0.15118554069931778	0.11403975698325025	0.1	Wu2021_author_celltype_major_via_CELLxGENE	0.44403570967090766
BRCA	Wu2021	06_EXTERNAL	20260919T140105Z_scRNA117_v1	sc117_v1	descriptive_cell_source	NA	NA	CKM	publisher_donor_label	23	NA	equal_donor_mean_log1p_counts_per_10k	0.0	NA	NA	NA	NA	NA_descriptive_no_tests	NA	DONE		GSE176078_CELLxGENE_22a27631	ALL	Fibroblasts	26	6573	6537	0.0	0.0	0.0	0.0	0.0	Wu2021_author_celltype_major_via_CELLxGENE	0.0
BRCA	Wu2021	06_EXTERNAL	20260919T140105Z_scRNA117_v1	sc117_v1	descriptive_cell_source	NA	NA	CMAS	publisher_donor_label	23	NA	equal_donor_mean_log1p_counts_per_10k	0.13516163182919075	NA	NA	NA	NA	NA_descriptive_no_tests	NA	DONE		GSE176078_CELLxGENE_22a27631	ALL	Fibroblasts	26	6573	6537	0.1307778956571462	0.10305430745990787	0.17041147010988708	0.15427716207763775	0.12228260869565218	Wu2021_author_celltype_major_via_CELLxGENE	0.3827353796328891
BRCA	Wu2021	06_EXTERNAL	20260919T140105Z_scRNA117_v1	sc117_v1	descriptive_cell_source	NA	NA	CMPK1	publisher_donor_label	23	NA	equal_donor_mean_log1p_counts_per_10k	0.32094987078681486	NA	NA	NA	NA	NA_descriptive_no_tests	NA	DONE		GSE176078_CELLxGENE_22a27631	ALL	Fibroblasts	26	6573	6537	0.27909414436633895	0.2239588840515612	0.4168157805251156	0.2975543787472764	0.22962962962962963	Wu2021_author_celltype_major_via_CELLxGENE	0.6610228814375919
BRCA	Wu2021	06_EXTERNAL	20260919T140105Z_scRNA117_v1	sc117_v1	descriptive_cell_source	NA	NA	CMPK2	publisher_donor_label	23	NA	equal_donor_mean_log1p_counts_per_10k	0.09078505419726139	NA	NA	NA	NA	NA_descriptive_no_tests	NA	DONE		GSE176078_CELLxGENE_22a27631	ALL	Fibroblasts	26	6573	6537	0.051525503416585405	0.04578933183319958	0.08972731649813856	0.10302856608091415	0.051630434782608696	Wu2021_author_celltype_major_via_CELLxGENE	0.8120697755920492
BRCA	Wu2021	06_EXTERNAL	20260919T140105Z_scRNA117_v1	sc117_v1	descriptive_cell_source	NA	NA	CPT1A	publisher_donor_label	23	NA	equal_donor_mean_log1p_counts_per_10k	0.06751853398172546	NA	NA	NA	NA	NA_descriptive_no_tests	NA	DONE		GSE176078_CELLxGENE_22a27631	ALL	Fibroblasts	26	6573	6537	0.05893299290646472	0.044758520247273725	0.09706234632170133	0.08647180245421858	0.08	Wu2021_author_celltype_major_via_CELLxGENE	0.4842820386491503
BRCA	Wu2021	06_EXTERNAL	20260919T140105Z_scRNA117_v1	sc117_v1	descriptive_cell_source	NA	NA	CPT1B	publisher_donor_label	23	NA	equal_donor_mean_log1p_counts_per_10k	0.0011209181610939475	NA	NA	NA	NA	NA_descriptive_no_tests	NA	DONE		GSE176078_CELLxGENE_22a27631	ALL	Fibroblasts	26	6573	6537	0.0	0.0	0.0014574300956640802	0.0019480616776944553	0.0	Wu2021_author_celltype_major_via_CELLxGENE	0.14513887331527073
BRCA	Wu2021	06_EXTERNAL	20260919T140105Z_scRNA117_v1	sc117_v1	descriptive_cell_source	NA	NA	CPT2	publisher_donor_label	23	NA	equal_donor_mean_log1p_counts_per_10k	0.03740143162172801	NA	NA	NA	NA	NA_descriptive_no_tests	NA	DONE		GSE176078_CELLxGENE_22a27631	ALL	Fibroblasts	26	6573	6537	0.03606499473179725	0.024938377317435832	0.05301928689927172	0.047167278189940084	0.036734693877551024	Wu2021_author_celltype_major_via_CELLxGENE	0.619851377727669
BRCA	Wu2021	06_EXTERNAL	20260919T140105Z_scRNA117_v1	sc117_v1	descriptive_cell_source	NA	NA	CRAT	publisher_donor_label	23	NA	equal_donor_mean_log1p_counts_per_10k	0.11734904282273863	NA	NA	NA	NA	NA_descriptive_no_tests	NA	DONE		GSE176078_CELLxGENE_22a27631	ALL	Fibroblasts	26	6573	6537	0.12207299625601975	0.06850562280953505	0.15610299601264427	0.14386904498110406	0.13043478260869565	Wu2021_author_celltype_major_via_CELLxGENE	0.7331698768890537
BRCA	Wu2021	06_EXTERNAL	20260919T140105Z_scRNA117_v1	sc117_v1	descriptive_cell_source	NA	NA	CROT	publisher_donor_label	23	NA	equal_donor_mean_log1p_counts_per_10k	0.05154624323885673	NA	NA	NA	NA	NA_descriptive_no_tests	NA	DONE		GSE176078_CELLxGENE_22a27631	ALL	Fibroblasts	26	6573	6537	0.04577768100191272	0.03372854944776163	0.07451986354681478	0.0683805419014165	0.06357388316151202	Wu2021_author_celltype_major_via_CELLxGENE	0.4451351527843434
BRCA	Wu2021	06_EXTERNAL	20260919T140105Z_scRNA117_v1	sc117_v1	descriptive_cell_source	NA	NA	CS	publisher_donor_label	23	NA	equal_donor_mean_log1p_counts_per_10k	0.07406370124009105	NA	NA	NA	NA	NA_descriptive_no_tests	NA	DONE		GSE176078_CELLxGENE_22a27631	ALL	Fibroblasts	26	6573	6537	0.07611679896470762	0.05170667696592743	0.09334364500006559	0.0923536889090688	0.08695652173913043	Wu2021_author_celltype_major_via_CELLxGENE	0.39253327995521187
BRCA	Wu2021	06_EXTERNAL	20260919T140105Z_scRNA117_v1	sc117_v1	descriptive_cell_source	NA	NA	CTNS	publisher_donor_label	23	NA	equal_donor_mean_log1p_counts_per_10k	0.03963171589850047	NA	NA	NA	NA	NA_descriptive_no_tests	NA	DONE		GSE176078_CELLxGENE_22a27631	ALL	Fibroblasts	26	6573	6537	0.033891436593803025	0.017268340855682764	0.05399778122007586	0.05055311370591774	0.03571428571428571	Wu2021_author_celltype_major_via_CELLxGENE	0.6296239023762479
BRCA	Wu2021	06_EXTERNAL	20260919T140105Z_scRNA117_v1	sc117_v1	descriptive_cell_source	NA	NA	DPYD	publisher_donor_label	23	NA	equal_donor_mean_log1p_counts_per_10k	0.14108165675501966	NA	NA	NA	NA	NA_descriptive_no_tests	NA	DONE		GSE176078_CELLxGENE_22a27631	ALL	Fibroblasts	26	6573	6537	0.14397924543638535	0.1203177058475581	0.18260323623549202	0.15160093462910423	0.13333333333333333	Wu2021_author_celltype_major_via_CELLxGENE	0.5773571698910676
BRCA	Wu2021	06_EXTERNAL	20260919T140105Z_scRNA117_v1	sc117_v1	descriptive_cell_source	NA	NA	DPYS	publisher_donor_label	23	NA	equal_donor_mean_log1p_counts_per_10k	0.012709982438866688	NA	NA	NA	NA	NA_descriptive_no_tests	NA	DONE		GSE176078_CELLxGENE_22a27631	ALL	Fibroblasts	26	6573	6537	0.005096485510214984	0.0	0.02232452983294774	0.012413675776582575	0.007739938080495356	Wu2021_author_celltype_major_via_CELLxGENE	1.0
BRCA	Wu2021	06_EXTERNAL	20260919T140105Z_scRNA117_v1	sc117_v1	descriptive_cell_source	NA	NA	ETNK1	publisher_donor_label	23	NA	equal_donor_mean_log1p_counts_per_10k	0.1727195484462253	NA	NA	NA	NA	NA_descriptive_no_tests	NA	DONE		GSE176078_CELLxGENE_22a27631	ALL	Fibroblasts	26	6573	6537	0.16533337296884415	0.13277050412669808	0.20829526638915352	0.17667269425875562	0.17010309278350516	Wu2021_author_celltype_major_via_CELLxGENE	0.6060993445712073
BRCA	Wu2021	06_EXTERNAL	20260919T140105Z_scRNA117_v1	sc117_v1	descriptive_cell_source	NA	NA	ETNK2	publisher_donor_label	23	NA	equal_donor_mean_log1p_counts_per_10k	0.0356971041382584	NA	NA	NA	NA	NA_descriptive_no_tests	NA	DONE		GSE176078_CELLxGENE_22a27631	ALL	Fibroblasts	26	6573	6537	0.03119715898573754	0.019219977759032524	0.047181736306527514	0.03633931964334973	0.036734693877551024	Wu2021_author_celltype_major_via_CELLxGENE	0.4303863155203964
BRCA	Wu2021	06_EXTERNAL	20260919T140105Z_scRNA117_v1	sc117_v1	descriptive_cell_source	NA	NA	FDFT1	publisher_donor_label	23	NA	equal_donor_mean_log1p_counts_per_10k	0.17911470486763892	NA	NA	NA	NA	NA_descriptive_no_tests	NA	DONE		GSE176078_CELLxGENE_22a27631	ALL	Fibroblasts	26	6573	6537	0.17744191619149963	0.12531007081300127	0.22521490781447148	0.19900130842204697	0.17037037037037037	Wu2021_author_celltype_major_via_CELLxGENE	0.32086775464533274
BRCA	Wu2021	06_EXTERNAL	20260919T140105Z_scRNA117_v1	sc117_v1	descriptive_cell_source	NA	NA	FH	publisher_donor_label	23	NA	equal_donor_mean_log1p_counts_per_10k	0.10609708869078732	NA	NA	NA	NA	NA_descriptive_no_tests	NA	DONE		GSE176078_CELLxGENE_22a27631	ALL	Fibroblasts	26	6573	6537	0.11356060469001929	0.05796729627648808	0.12813384659961186	0.1328523535157105	0.11700975081256772	Wu2021_author_celltype_major_via_CELLxGENE	0.3594344678246293
BRCA	Wu2021	06_EXTERNAL	20260919T140105Z_scRNA117_v1	sc117_v1	descriptive_cell_source	NA	NA	FOLH1	publisher_donor_label	23	NA	equal_donor_mean_log1p_counts_per_10k	0.003644374789707202	NA	NA	NA	NA	NA_descriptive_no_tests	NA	DONE		GSE176078_CELLxGENE_22a27631	ALL	Fibroblasts	26	6573	6537	0.0	0.0	0.006815872847222107	0.007212388236115872	0.0	Wu2021_author_celltype_major_via_CELLxGENE	0.0643852630662029
BRCA	Wu2021	06_EXTERNAL	20260919T140105Z_scRNA117_v1	sc117_v1	descriptive_cell_source	NA	NA	GAMT	publisher_donor_label	23	NA	equal_donor_mean_log1p_counts_per_10k	0.0989797998976669	NA	NA	NA	NA	NA_descriptive_no_tests	NA	DONE		GSE176078_CELLxGENE_22a27631	ALL	Fibroblasts	26	6573	6537	0.07656229884620563	0.041969724230424	0.15476939696388714	0.10159760264823677	0.08383233532934131	Wu2021_author_celltype_major_via_CELLxGENE	0.3356175660626921
BRCA	Wu2021	06_EXTERNAL	20260919T140105Z_scRNA117_v1	sc117_v1	descriptive_cell_source	NA	NA	CEPT1	publisher_donor_label	20	NA	equal_donor_mean_log1p_counts_per_10k	0.0867173668387449	NA	NA	NA	NA	NA_descriptive_no_tests	NA	DONE		GSE176078_CELLxGENE_22a27631	ALL	Malignant_epithelial	20	24489	24489	0.07388983008902036	0.054460538394437215	0.10853180964306404	0.14818137598261166	0.1565217819539245	Wu2021_author_celltype_major_via_CELLxGENE	0.6739481262974897
BRCA	Wu2021	06_EXTERNAL	20260919T140105Z_scRNA117_v1	sc117_v1	descriptive_cell_source	NA	NA	CHKA	publisher_donor_label	20	NA	equal_donor_mean_log1p_counts_per_10k	0.10586356708702818	NA	NA	NA	NA	NA_descriptive_no_tests	NA	DONE		GSE176078_CELLxGENE_22a27631	ALL	Malignant_epithelial	20	24489	24489	0.09640032391681695	0.056922678751151104	0.13267075445143656	0.16279562409452336	0.1300606493550741	Wu2021_author_celltype_major_via_CELLxGENE	0.7313058286822381
BRCA	Wu2021	06_EXTERNAL	20260919T140105Z_scRNA117_v1	sc117_v1	descriptive_cell_source	NA	NA	CHKB	publisher_donor_label	20	NA	equal_donor_mean_log1p_counts_per_10k	0.03803206232391816	NA	NA	NA	NA	NA_descriptive_no_tests	NA	DONE		GSE176078_CELLxGENE_22a27631	ALL	Malignant_epithelial	20	24489	24489	0.03860298836154252	0.02398322406259142	0.04425995612429032	0.06683432105650183	0.0658893089206678	Wu2021_author_celltype_major_via_CELLxGENE	0.539959424150186
BRCA	Wu2021	06_EXTERNAL	20260919T140105Z_scRNA117_v1	sc117_v1	descriptive_cell_source	NA	NA	CHPT1	publisher_donor_label	20	NA	equal_donor_mean_log1p_counts_per_10k	0.34436847779627044	NA	NA	NA	NA	NA_descriptive_no_tests	NA	DONE		GSE176078_CELLxGENE_22a27631	ALL	Malignant_epithelial	20	24489	24489	0.23878895129184236	0.12676848533753127	0.38826870091045507	0.3546915762475042	0.28525743370970214	Wu2021_author_celltype_major_via_CELLxGENE	0.6734766857315875
BRCA	Wu2021	06_EXTERNAL	20260919T140105Z_scRNA117_v1	sc117_v1	descriptive_cell_source	NA	NA	CKB	publisher_donor_label	20	NA	equal_donor_mean_log1p_counts_per_10k	0.28438101078716266	NA	NA	NA	NA	NA_descriptive_no_tests	NA	DONE		GSE176078_CELLxGENE_22a27631	ALL	Malignant_epithelial	20	24489	24489	0.10438126748326218	0.04762021984137998	0.2899481488070964	0.2439676626229633	0.16999966376414616	Wu2021_author_celltype_major_via_CELLxGENE	1.0
BRCA	Wu2021	06_EXTERNAL	20260919T140105Z_scRNA117_v1	sc117_v1	descriptive_cell_source	NA	NA	CKM	publisher_donor_label	20	NA	equal_donor_mean_log1p_counts_per_10k	0.001273999152190519	NA	NA	NA	NA	NA_descriptive_no_tests	NA	DONE		GSE176078_CELLxGENE_22a27631	ALL	Malignant_epithelial	20	24489	24489	0.0	0.0	0.0010143402983118334	0.0036533851531389493	0.0	Wu2021_author_celltype_major_via_CELLxGENE	0.14546659890966698
BRCA	Wu2021	06_EXTERNAL	20260919T140105Z_scRNA117_v1	sc117_v1	descriptive_cell_source	NA	NA	CMAS	publisher_donor_label	20	NA	equal_donor_mean_log1p_counts_per_10k	0.3531464270662268	NA	NA	NA	NA	NA_descriptive_no_tests	NA	DONE		GSE176078_CELLxGENE_22a27631	ALL	Malignant_epithelial	20	24489	24489	0.28947101295195654	0.2293977141741061	0.49013283210995245	0.4008860714992629	0.41440173106869954	Wu2021_author_celltype_major_via_CELLxGENE	1.0
BRCA	Wu2021	06_EXTERNAL	20260919T140105Z_scRNA117_v1	sc117_v1	descriptive_cell_source	NA	NA	CMPK1	publisher_donor_label	20	NA	equal_donor_mean_log1p_counts_per_10k	0.4855351906863093	NA	NA	NA	NA	NA_descriptive_no_tests	NA	DONE		GSE176078_CELLxGENE_22a27631	ALL	Malignant_epithelial	20	24489	24489	0.44295593976926395	0.3174697912535919	0.5897766003663427	0.5109763983812803	0.4979235773612075	Wu2021_author_celltype_major_via_CELLxGENE	1.0
BRCA	Wu2021	06_EXTERNAL	20260919T140105Z_scRNA117_v1	sc117_v1	descriptive_cell_source	NA	NA	CMPK2	publisher_donor_label	20	NA	equal_donor_mean_log1p_counts_per_10k	0.029931457042053345	NA	NA	NA	NA	NA_descriptive_no_tests	NA	DONE		GSE176078_CELLxGENE_22a27631	ALL	Malignant_epithelial	20	24489	24489	0.01805671387325969	0.010171568196109801	0.04922910149738541	0.048017910513293835	0.03835094608805642	Wu2021_author_celltype_major_via_CELLxGENE	0.26773604772509496
BRCA	Wu2021	06_EXTERNAL	20260919T140105Z_scRNA117_v1	sc117_v1	descriptive_cell_source	NA	NA	CPT1A	publisher_donor_label	20	NA	equal_donor_mean_log1p_counts_per_10k	0.07864841283849808	NA	NA	NA	NA	NA_descriptive_no_tests	NA	DONE		GSE176078_CELLxGENE_22a27631	ALL	Malignant_epithelial	20	24489	24489	0.06558664330104605	0.051403805060037486	0.08389664894216091	0.14150879855902015	0.1208478398612422	Wu2021_author_celltype_major_via_CELLxGENE	0.564111977257337
BRCA	Wu2021	06_EXTERNAL	20260919T140105Z_scRNA117_v1	sc117_v1	descriptive_cell_source	NA	NA	CPT1B	publisher_donor_label	20	NA	equal_donor_mean_log1p_counts_per_10k	0.007723073326186321	NA	NA	NA	NA	NA_descriptive_no_tests	NA	DONE		GSE176078_CELLxGENE_22a27631	ALL	Malignant_epithelial	20	24489	24489	0.004420387600013982	0.0016623343633568588	0.009509878549678727	0.013602255624283997	0.00939396028681743	Wu2021_author_celltype_major_via_CELLxGENE	1.0
BRCA	Wu2021	06_EXTERNAL	20260919T140105Z_scRNA117_v1	sc117_v1	descriptive_cell_source	NA	NA	CPT2	publisher_donor_label	20	NA	equal_donor_mean_log1p_counts_per_10k	0.060339353860660985	NA	NA	NA	NA	NA_descriptive_no_tests	NA	DONE		GSE176078_CELLxGENE_22a27631	ALL	Malignant_epithelial	20	24489	24489	0.05411484147084107	0.04397912045461817	0.07974726575202619	0.11763560654447269	0.0930110211506224	Wu2021_author_celltype_major_via_CELLxGENE	1.0
BRCA	Wu2021	06_EXTERNAL	20260919T140105Z_scRNA117_v1	sc117_v1	descriptive_cell_source	NA	NA	CRAT	publisher_donor_label	20	NA	equal_donor_mean_log1p_counts_per_10k	0.16005709798207704	NA	NA	NA	NA	NA_descriptive_no_tests	NA	DONE		GSE176078_CELLxGENE_22a27631	ALL	Malignant_epithelial	20	24489	24489	0.11451826017177072	0.027579555428397892	0.29802255889918516	0.21237966714726225	0.18124688899950225	Wu2021_author_celltype_major_via_CELLxGENE	1.0
BRCA	Wu2021	06_EXTERNAL	20260919T140105Z_scRNA117_v1	sc117_v1	descriptive_cell_source	NA	NA	CROT	publisher_donor_label	20	NA	equal_donor_mean_log1p_counts_per_10k	0.11579908465200359	NA	NA	NA	NA	NA_descriptive_no_tests	NA	DONE		GSE176078_CELLxGENE_22a27631	ALL	Malignant_epithelial	20	24489	24489	0.08953841979119992	0.04312413938613105	0.13014668571502894	0.15892840481973658	0.15893170595665798	Wu2021_author_celltype_major_via_CELLxGENE	1.0
BRCA	Wu2021	06_EXTERNAL	20260919T140105Z_scRNA117_v1	sc117_v1	descriptive_cell_source	NA	NA	CS	publisher_donor_label	20	NA	equal_donor_mean_log1p_counts_per_10k	0.18868132976786506	NA	NA	NA	NA	NA_descriptive_no_tests	NA	DONE		GSE176078_CELLxGENE_22a27631	ALL	Malignant_epithelial	20	24489	24489	0.16381989137876488	0.14935141124450393	0.24868878494018862	0.2882833082577254	0.2934886766325867	Wu2021_author_celltype_major_via_CELLxGENE	1.0
BRCA	Wu2021	06_EXTERNAL	20260919T140105Z_scRNA117_v1	sc117_v1	descriptive_cell_source	NA	NA	CTNS	publisher_donor_label	20	NA	equal_donor_mean_log1p_counts_per_10k	0.025420736839573733	NA	NA	NA	NA	NA_descriptive_no_tests	NA	DONE		GSE176078_CELLxGENE_22a27631	ALL	Malignant_epithelial	20	24489	24489	0.01853899949934757	0.015191676127792497	0.035624193977470874	0.05493040144263972	0.046934929503536685	Wu2021_author_celltype_major_via_CELLxGENE	0.4038559312244581
BRCA	Wu2021	06_EXTERNAL	20260919T140105Z_scRNA117_v1	sc117_v1	descriptive_cell_source	NA	NA	DPYD	publisher_donor_label	20	NA	equal_donor_mean_log1p_counts_per_10k	0.056269059127074784	NA	NA	NA	NA	NA_descriptive_no_tests	NA	DONE		GSE176078_CELLxGENE_22a27631	ALL	Malignant_epithelial	20	24489	24489	0.019772633202171003	0.014598524175732595	0.040051488955174866	0.0894880735417014	0.036997080582606895	Wu2021_author_celltype_major_via_CELLxGENE	0.23027334295097945
BRCA	Wu2021	06_EXTERNAL	20260919T140105Z_scRNA117_v1	sc117_v1	descriptive_cell_source	NA	NA	DPYS	publisher_donor_label	20	NA	equal_donor_mean_log1p_counts_per_10k	0.0001878557643760141	NA	NA	NA	NA	NA_descriptive_no_tests	NA	DONE		GSE176078_CELLxGENE_22a27631	ALL	Malignant_epithelial	20	24489	24489	0.0	0.0	0.00024757072836787845	0.0005618209993986434	0.0	Wu2021_author_celltype_major_via_CELLxGENE	0.01478017497502946
BRCA	Wu2021	06_EXTERNAL	20260919T140105Z_scRNA117_v1	sc117_v1	descriptive_cell_source	NA	NA	ETNK1	publisher_donor_label	20	NA	equal_donor_mean_log1p_counts_per_10k	0.2721509342012881	NA	NA	NA	NA	NA_descriptive_no_tests	NA	DONE		GSE176078_CELLxGENE_22a27631	ALL	Malignant_epithelial	20	24489	24489	0.2723356180815024	0.15570360823932272	0.32020935726146416	0.35639458424013004	0.3579410345408985	Wu2021_author_celltype_major_via_CELLxGENE	0.9550193034183293
BRCA	Wu2021	06_EXTERNAL	20260919T140105Z_scRNA117_v1	sc117_v1	descriptive_cell_source	NA	NA	ETNK2	publisher_donor_label	20	NA	equal_donor_mean_log1p_counts_per_10k	0.08294200547500141	NA	NA	NA	NA	NA_descriptive_no_tests	NA	DONE		GSE176078_CELLxGENE_22a27631	ALL	Malignant_epithelial	20	24489	24489	0.039735791100806495	0.013462542524986649	0.11177425470767857	0.11918172112648087	0.0681527644614893	Wu2021_author_celltype_major_via_CELLxGENE	1.0
BRCA	Wu2021	06_EXTERNAL	20260919T140105Z_scRNA117_v1	sc117_v1	descriptive_cell_source	NA	NA	FDFT1	publisher_donor_label	20	NA	equal_donor_mean_log1p_counts_per_10k	0.5268221228161931	NA	NA	NA	NA	NA_descriptive_no_tests	NA	DONE		GSE176078_CELLxGENE_22a27631	ALL	Malignant_epithelial	20	24489	24489	0.45810735600157104	0.35889076041548823	0.6209267579947918	0.5180562020478872	0.506780767937745	Wu2021_author_celltype_major_via_CELLxGENE	0.9437540696082767
BRCA	Wu2021	06_EXTERNAL	20260919T140105Z_scRNA117_v1	sc117_v1	descriptive_cell_source	NA	NA	FH	publisher_donor_label	20	NA	equal_donor_mean_log1p_counts_per_10k	0.2951778368193471	NA	NA	NA	NA	NA_descriptive_no_tests	NA	DONE		GSE176078_CELLxGENE_22a27631	ALL	Malignant_epithelial	20	24489	24489	0.27812252011239935	0.20255889958008583	0.3688641609153605	0.3769928093120195	0.3848376678565358	Wu2021_author_celltype_major_via_CELLxGENE	1.0
BRCA	Wu2021	06_EXTERNAL	20260919T140105Z_scRNA117_v1	sc117_v1	descriptive_cell_source	NA	NA	FOLH1	publisher_donor_label	20	NA	equal_donor_mean_log1p_counts_per_10k	0.011108268679387858	NA	NA	NA	NA	NA_descriptive_no_tests	NA	DONE		GSE176078_CELLxGENE_22a27631	ALL	Malignant_epithelial	20	24489	24489	0.004826884975098033	0.00015695568057615385	0.014440831235800559	0.023074203195167807	0.0061745031373524615	Wu2021_author_celltype_major_via_CELLxGENE	0.19625006822909885
BRCA	Wu2021	06_EXTERNAL	20260919T140105Z_scRNA117_v1	sc117_v1	descriptive_cell_source	NA	NA	GAMT	publisher_donor_label	20	NA	equal_donor_mean_log1p_counts_per_10k	0.2949184128198399	NA	NA	NA	NA	NA_descriptive_no_tests	NA	DONE		GSE176078_CELLxGENE_22a27631	ALL	Malignant_epithelial	20	24489	24489	0.2373068966472685	0.04029788537410234	0.48939610024430713	0.31109696451795477	0.2738224442942091	Wu2021_author_celltype_major_via_CELLxGENE	1.0
BRCA	Wu2021	06_EXTERNAL	20260919T140105Z_scRNA117_v1	sc117_v1	descriptive_cell_source	NA	NA	CEPT1	publisher_donor_label	26	NA	equal_donor_mean_log1p_counts_per_10k	0.09885633978265518	NA	NA	NA	NA	NA_descriptive_no_tests	NA	DONE		GSE176078_CELLxGENE_22a27631	ALL	Myeloid	26	9675	9675	0.11008886632554316	0.08027313960416868	0.11789457092163093	0.11941805756015793	0.10779489270011355	Wu2021_author_celltype_major_via_CELLxGENE	0.7682895295130328
BRCA	Wu2021	06_EXTERNAL	20260919T140105Z_scRNA117_v1	sc117_v1	descriptive_cell_source	NA	NA	CHKA	publisher_donor_label	26	NA	equal_donor_mean_log1p_counts_per_10k	0.09949735185082485	NA	NA	NA	NA	NA_descriptive_no_tests	NA	DONE		GSE176078_CELLxGENE_22a27631	ALL	Myeloid	26	9675	9675	0.07742595132013941	0.054736090304252895	0.10826641319322965	0.12088773476734177	0.07769919849127771	Wu2021_author_celltype_major_via_CELLxGENE	0.6873279953540465
BRCA	Wu2021	06_EXTERNAL	20260919T140105Z_scRNA117_v1	sc117_v1	descriptive_cell_source	NA	NA	CHKB	publisher_donor_label	26	NA	equal_donor_mean_log1p_counts_per_10k	0.058448128152522885	NA	NA	NA	NA	NA_descriptive_no_tests	NA	DONE		GSE176078_CELLxGENE_22a27631	ALL	Myeloid	26	9675	9675	0.051164653724668496	0.04407703039272241	0.07445742217592066	0.06607964666525892	0.054934003771213075	Wu2021_author_celltype_major_via_CELLxGENE	0.8298160996661195
BRCA	Wu2021	06_EXTERNAL	20260919T140105Z_scRNA117_v1	sc117_v1	descriptive_cell_source	NA	NA	CHPT1	publisher_donor_label	26	NA	equal_donor_mean_log1p_counts_per_10k	0.11110154872845848	NA	NA	NA	NA	NA_descriptive_no_tests	NA	DONE		GSE176078_CELLxGENE_22a27631	ALL	Myeloid	26	9675	9675	0.09315501236798898	0.06632345431549404	0.13239741277145733	0.13595740748714494	0.08516842634489694	Wu2021_author_celltype_major_via_CELLxGENE	0.21727976757952552
BRCA	Wu2021	06_EXTERNAL	20260919T140105Z_scRNA117_v1	sc117_v1	descriptive_cell_source	NA	NA	CKB	publisher_donor_label	26	NA	equal_donor_mean_log1p_counts_per_10k	0.09509736498728197	NA	NA	NA	NA	NA_descriptive_no_tests	NA	DONE		GSE176078_CELLxGENE_22a27631	ALL	Myeloid	26	9675	9675	0.06995543544514773	0.03223416766285905	0.1363090631642888	0.0740143702083273	0.07488372093023256	Wu2021_author_celltype_major_via_CELLxGENE	0.33440124825512696
BRCA	Wu2021	06_EXTERNAL	20260919T140105Z_scRNA117_v1	sc117_v1	descriptive_cell_source	NA	NA	CKM	publisher_donor_label	26	NA	equal_donor_mean_log1p_counts_per_10k	0.008758018416183904	NA	NA	NA	NA	NA_descriptive_no_tests	NA	DONE		GSE176078_CELLxGENE_22a27631	ALL	Myeloid	26	9675	9675	0.008723047440891224	0.0	0.01390801914280406	0.015098987503918655	0.009804863981543784	Wu2021_author_celltype_major_via_CELLxGENE	1.0
BRCA	Wu2021	06_EXTERNAL	20260919T140105Z_scRNA117_v1	sc117_v1	descriptive_cell_source	NA	NA	CMAS	publisher_donor_label	26	NA	equal_donor_mean_log1p_counts_per_10k	0.11857734504372158	NA	NA	NA	NA	NA_descriptive_no_tests	NA	DONE		GSE176078_CELLxGENE_22a27631	ALL	Myeloid	26	9675	9675	0.1150660065268485	0.08702937620127918	0.1516467546990368	0.13891678695728096	0.1174169903178163	Wu2021_author_celltype_major_via_CELLxGENE	0.3357738772236942
BRCA	Wu2021	06_EXTERNAL	20260919T140105Z_scRNA117_v1	sc117_v1	descriptive_cell_source	NA	NA	CMPK1	publisher_donor_label	26	NA	equal_donor_mean_log1p_counts_per_10k	0.268306015500303	NA	NA	NA	NA	NA_descriptive_no_tests	NA	DONE		GSE176078_CELLxGENE_22a27631	ALL	Myeloid	26	9675	9675	0.2624155399415792	0.21278548377235612	0.33910560184833494	0.2692940327051778	0.24484167790702333	Wu2021_author_celltype_major_via_CELLxGENE	0.5525984947065309
BRCA	Wu2021	06_EXTERNAL	20260919T140105Z_scRNA117_v1	sc117_v1	descriptive_cell_source	NA	NA	CMPK2	publisher_donor_label	26	NA	equal_donor_mean_log1p_counts_per_10k	0.11179464736398222	NA	NA	NA	NA	NA_descriptive_no_tests	NA	DONE		GSE176078_CELLxGENE_22a27631	ALL	Myeloid	26	9675	9675	0.0836582525873385	0.05094184292746415	0.15351217654943453	0.1096112968038446	0.1077021987913077	Wu2021_author_celltype_major_via_CELLxGENE	1.0
BRCA	Wu2021	06_EXTERNAL	20260919T140105Z_scRNA117_v1	sc117_v1	descriptive_cell_source	NA	NA	CPT1A	publisher_donor_label	26	NA	equal_donor_mean_log1p_counts_per_10k	0.0758289163492676	NA	NA	NA	NA	NA_descriptive_no_tests	NA	DONE		GSE176078_CELLxGENE_22a27631	ALL	Myeloid	26	9675	9675	0.07999915328853544	0.04264292819015526	0.10914152744800722	0.094314169045486	0.06864937388193201	Wu2021_author_celltype_major_via_CELLxGENE	0.5438889151254165
BRCA	Wu2021	06_EXTERNAL	20260919T140105Z_scRNA117_v1	sc117_v1	descriptive_cell_source	NA	NA	CPT1B	publisher_donor_label	26	NA	equal_donor_mean_log1p_counts_per_10k	0.0022749361535746825	NA	NA	NA	NA	NA_descriptive_no_tests	NA	DONE		GSE176078_CELLxGENE_22a27631	ALL	Myeloid	26	9675	9675	0.0	0.0	0.0032934676015838175	0.0028466468819387343	0.0	Wu2021_author_celltype_major_via_CELLxGENE	0.29456358336791516
BRCA	Wu2021	06_EXTERNAL	20260919T140105Z_scRNA117_v1	sc117_v1	descriptive_cell_source	NA	NA	CPT2	publisher_donor_label	26	NA	equal_donor_mean_log1p_counts_per_10k	0.04259635223500488	NA	NA	NA	NA	NA_descriptive_no_tests	NA	DONE		GSE176078_CELLxGENE_22a27631	ALL	Myeloid	26	9675	9675	0.04167368065967446	0.020040928364137844	0.05311697017120954	0.06395758877355558	0.04492339445899818	Wu2021_author_celltype_major_via_CELLxGENE	0.705946443068826
BRCA	Wu2021	06_EXTERNAL	20260919T140105Z_scRNA117_v1	sc117_v1	descriptive_cell_source	NA	NA	CRAT	publisher_donor_label	26	NA	equal_donor_mean_log1p_counts_per_10k	0.050519802752403094	NA	NA	NA	NA	NA_descriptive_no_tests	NA	DONE		GSE176078_CELLxGENE_22a27631	ALL	Myeloid	26	9675	9675	0.050570349862183506	0.019076753521848372	0.07439818942794298	0.07408040936239736	0.052990196078431376	Wu2021_author_celltype_major_via_CELLxGENE	0.31563612853995476
BRCA	Wu2021	06_EXTERNAL	20260919T140105Z_scRNA117_v1	sc117_v1	descriptive_cell_source	NA	NA	CROT	publisher_donor_label	26	NA	equal_donor_mean_log1p_counts_per_10k	0.02717431529491652	NA	NA	NA	NA	NA_descriptive_no_tests	NA	DONE		GSE176078_CELLxGENE_22a27631	ALL	Myeloid	26	9675	9675	0.029959007764831277	0.018369542884299834	0.03743588060658812	0.04144677684256177	0.03207874337005304	Wu2021_author_celltype_major_via_CELLxGENE	0.23466779013478445
BRCA	Wu2021	06_EXTERNAL	20260919T140105Z_scRNA117_v1	sc117_v1	descriptive_cell_source	NA	NA	CS	publisher_donor_label	26	NA	equal_donor_mean_log1p_counts_per_10k	0.13907549843034153	NA	NA	NA	NA	NA_descriptive_no_tests	NA	DONE		GSE176078_CELLxGENE_22a27631	ALL	Myeloid	26	9675	9675	0.1408299543980469	0.11743870218088427	0.1770716223268381	0.16536511176692906	0.14123658661216149	Wu2021_author_celltype_major_via_CELLxGENE	0.7370919984581747
BRCA	Wu2021	06_EXTERNAL	20260919T140105Z_scRNA117_v1	sc117_v1	descriptive_cell_source	NA	NA	CTNS	publisher_donor_label	26	NA	equal_donor_mean_log1p_counts_per_10k	0.06294506251895353	NA	NA	NA	NA	NA_descriptive_no_tests	NA	DONE		GSE176078_CELLxGENE_22a27631	ALL	Myeloid	26	9675	9675	0.06053621802273833	0.039107792431428604	0.09142339749278283	0.08178399792434804	0.05372605615324062	Wu2021_author_celltype_major_via_CELLxGENE	1.0
BRCA	Wu2021	06_EXTERNAL	20260919T140105Z_scRNA117_v1	sc117_v1	descriptive_cell_source	NA	NA	DPYD	publisher_donor_label	26	NA	equal_donor_mean_log1p_counts_per_10k	0.244357676863419	NA	NA	NA	NA	NA_descriptive_no_tests	NA	DONE		GSE176078_CELLxGENE_22a27631	ALL	Myeloid	26	9675	9675	0.22859299670897643	0.17191943606092505	0.30363952690270923	0.24875042549573476	0.2087173057500087	Wu2021_author_celltype_major_via_CELLxGENE	1.0
BRCA	Wu2021	06_EXTERNAL	20260919T140105Z_scRNA117_v1	sc117_v1	descriptive_cell_source	NA	NA	DPYS	publisher_donor_label	26	NA	equal_donor_mean_log1p_counts_per_10k	0.0027329854507770106	NA	NA	NA	NA	NA_descriptive_no_tests	NA	DONE		GSE176078_CELLxGENE_22a27631	ALL	Myeloid	26	9675	9675	0.0008075891691846214	0.0	0.003632627927223327	0.005840709082273115	0.0017543859649122807	Wu2021_author_celltype_major_via_CELLxGENE	0.21502668976313014
BRCA	Wu2021	06_EXTERNAL	20260919T140105Z_scRNA117_v1	sc117_v1	descriptive_cell_source	NA	NA	ETNK1	publisher_donor_label	26	NA	equal_donor_mean_log1p_counts_per_10k	0.1953673445534032	NA	NA	NA	NA	NA_descriptive_no_tests	NA	DONE		GSE176078_CELLxGENE_22a27631	ALL	Myeloid	26	9675	9675	0.20117490262786014	0.15820662332384255	0.2521632646596406	0.21121651226956695	0.19699754901960784	Wu2021_author_celltype_major_via_CELLxGENE	0.6855739292376707
BRCA	Wu2021	06_EXTERNAL	20260919T140105Z_scRNA117_v1	sc117_v1	descriptive_cell_source	NA	NA	ETNK2	publisher_donor_label	26	NA	equal_donor_mean_log1p_counts_per_10k	0.0017984639591652164	NA	NA	NA	NA	NA_descriptive_no_tests	NA	DONE		GSE176078_CELLxGENE_22a27631	ALL	Myeloid	26	9675	9675	0.0	0.0	0.0021433326988533983	0.002345268610042538	0.0	Wu2021_author_celltype_major_via_CELLxGENE	0.021683391290885225
BRCA	Wu2021	06_EXTERNAL	20260919T140105Z_scRNA117_v1	sc117_v1	descriptive_cell_source	NA	NA	FDFT1	publisher_donor_label	26	NA	equal_donor_mean_log1p_counts_per_10k	0.1915939806241131	NA	NA	NA	NA	NA_descriptive_no_tests	NA	DONE		GSE176078_CELLxGENE_22a27631	ALL	Myeloid	26	9675	9675	0.19226757550228868	0.15518215188870316	0.24454343820274793	0.20445131135676248	0.21397058823529413	Wu2021_author_celltype_major_via_CELLxGENE	0.3432232457510954
BRCA	Wu2021	06_EXTERNAL	20260919T140105Z_scRNA117_v1	sc117_v1	descriptive_cell_source	NA	NA	FH	publisher_donor_label	26	NA	equal_donor_mean_log1p_counts_per_10k	0.09316978190289281	NA	NA	NA	NA	NA_descriptive_no_tests	NA	DONE		GSE176078_CELLxGENE_22a27631	ALL	Myeloid	26	9675	9675	0.0933989950244897	0.04674764499075962	0.12623985988743952	0.12490893701414775	0.1116232529355505	Wu2021_author_celltype_major_via_CELLxGENE	0.31563949010139936
BRCA	Wu2021	06_EXTERNAL	20260919T140105Z_scRNA117_v1	sc117_v1	descriptive_cell_source	NA	NA	FOLH1	publisher_donor_label	26	NA	equal_donor_mean_log1p_counts_per_10k	0.00047047037520184416	NA	NA	NA	NA	NA_descriptive_no_tests	NA	DONE		GSE176078_CELLxGENE_22a27631	ALL	Myeloid	26	9675	9675	0.0	0.0	0.0	0.0012907234343401317	0.0	Wu2021_author_celltype_major_via_CELLxGENE	0.008311812209264233
BRCA	Wu2021	06_EXTERNAL	20260919T140105Z_scRNA117_v1	sc117_v1	descriptive_cell_source	NA	NA	GAMT	publisher_donor_label	26	NA	equal_donor_mean_log1p_counts_per_10k	0.048039024570480815	NA	NA	NA	NA	NA_descriptive_no_tests	NA	DONE		GSE176078_CELLxGENE_22a27631	ALL	Myeloid	26	9675	9675	0.041023033538489156	0.02208067227495286	0.065753548187822	0.054593127641760136	0.042569725356610605	Wu2021_author_celltype_major_via_CELLxGENE	0.16288920081713223
BRCA	Wu2021	06_EXTERNAL	20260919T140105Z_scRNA117_v1	sc117_v1	descriptive_cell_source	NA	NA	CEPT1	publisher_donor_label	10	NA	equal_donor_mean_log1p_counts_per_10k	0.09684099355816399	NA	NA	NA	NA	NA_descriptive_no_tests	NA	DONE		GSE176078_CELLxGENE_22a27631	ALL	Nonmalignant_epithelial	13	4355	4326	0.09193809205255579	0.0757571452560238	0.11988104772553235	0.1638574673997475	0.1603174603174603	Wu2021_author_celltype_major_via_CELLxGENE	0.7526267060054618
BRCA	Wu2021	06_EXTERNAL	20260919T140105Z_scRNA117_v1	sc117_v1	descriptive_cell_source	NA	NA	CHKA	publisher_donor_label	10	NA	equal_donor_mean_log1p_counts_per_10k	0.14475963808163111	NA	NA	NA	NA	NA_descriptive_no_tests	NA	DONE		GSE176078_CELLxGENE_22a27631	ALL	Nonmalignant_epithelial	13	4355	4326	0.1263526403635835	0.08339526059381713	0.1697306466500898	0.20915045892899614	0.16003395946089355	Wu2021_author_celltype_major_via_CELLxGENE	1.0
BRCA	Wu2021	06_EXTERNAL	20260919T140105Z_scRNA117_v1	sc117_v1	descriptive_cell_source	NA	NA	CHKB	publisher_donor_label	10	NA	equal_donor_mean_log1p_counts_per_10k	0.046807434444344743	NA	NA	NA	NA	NA_descriptive_no_tests	NA	DONE		GSE176078_CELLxGENE_22a27631	ALL	Nonmalignant_epithelial	13	4355	4326	0.04677664535067326	0.024551385623122205	0.07068276384287177	0.08645444972559427	0.08431442928930366	Wu2021_author_celltype_major_via_CELLxGENE	0.6645475896956877
BRCA	Wu2021	06_EXTERNAL	20260919T140105Z_scRNA117_v1	sc117_v1	descriptive_cell_source	NA	NA	CHPT1	publisher_donor_label	10	NA	equal_donor_mean_log1p_counts_per_10k	0.5113294715201435	NA	NA	NA	NA	NA_descriptive_no_tests	NA	DONE		GSE176078_CELLxGENE_22a27631	ALL	Nonmalignant_epithelial	13	4355	4326	0.35653257380680425	0.32441635222088927	0.4499194516129317	0.45044259361814865	0.37018198259296936	Wu2021_author_celltype_major_via_CELLxGENE	1.0
BRCA	Wu2021	06_EXTERNAL	20260919T140105Z_scRNA117_v1	sc117_v1	descriptive_cell_source	NA	NA	CKB	publisher_donor_label	10	NA	equal_donor_mean_log1p_counts_per_10k	0.12144046538595812	NA	NA	NA	NA	NA_descriptive_no_tests	NA	DONE		GSE176078_CELLxGENE_22a27631	ALL	Nonmalignant_epithelial	13	4355	4326	0.11093114226148355	0.07720509297473672	0.1637238890673581	0.15682331060756774	0.18031306441902467	Wu2021_author_celltype_major_via_CELLxGENE	0.4270343686092563
BRCA	Wu2021	06_EXTERNAL	20260919T140105Z_scRNA117_v1	sc117_v1	descriptive_cell_source	NA	NA	CKM	publisher_donor_label	10	NA	equal_donor_mean_log1p_counts_per_10k	0.0008179870392730088	NA	NA	NA	NA	NA_descriptive_no_tests	NA	DONE		GSE176078_CELLxGENE_22a27631	ALL	Nonmalignant_epithelial	13	4355	4326	0.0	0.0	0.0004280015736925522	0.0009446001952130911	0.0	Wu2021_author_celltype_major_via_CELLxGENE	0.09339864343758925
BRCA	Wu2021	06_EXTERNAL	20260919T140105Z_scRNA117_v1	sc117_v1	descriptive_cell_source	NA	NA	CMAS	publisher_donor_label	10	NA	equal_donor_mean_log1p_counts_per_10k	0.21087338536159983	NA	NA	NA	NA	NA_descriptive_no_tests	NA	DONE		GSE176078_CELLxGENE_22a27631	ALL	Nonmalignant_epithelial	13	4355	4326	0.2025955606602416	0.17310785897106276	0.25762519811094203	0.29234853644899905	0.29903628117913833	Wu2021_author_celltype_major_via_CELLxGENE	0.5971273364236925
BRCA	Wu2021	06_EXTERNAL	20260919T140105Z_scRNA117_v1	sc117_v1	descriptive_cell_source	NA	NA	CMPK1	publisher_donor_label	10	NA	equal_donor_mean_log1p_counts_per_10k	0.4355650169859803	NA	NA	NA	NA	NA_descriptive_no_tests	NA	DONE		GSE176078_CELLxGENE_22a27631	ALL	Nonmalignant_epithelial	13	4355	4326	0.37140455220125224	0.32347993818433035	0.4500867844508672	0.4658965240576962	0.4399382852104915	Wu2021_author_celltype_major_via_CELLxGENE	0.897082282275574
BRCA	Wu2021	06_EXTERNAL	20260919T140105Z_scRNA117_v1	sc117_v1	descriptive_cell_source	NA	NA	CMPK2	publisher_donor_label	10	NA	equal_donor_mean_log1p_counts_per_10k	0.04695570826796812	NA	NA	NA	NA	NA_descriptive_no_tests	NA	DONE		GSE176078_CELLxGENE_22a27631	ALL	Nonmalignant_epithelial	13	4355	4326	0.04601899102072649	0.017846847364721828	0.07389006335129486	0.061457395609965215	0.05736628462273162	Wu2021_author_celltype_major_via_CELLxGENE	0.420017499720619
BRCA	Wu2021	06_EXTERNAL	20260919T140105Z_scRNA117_v1	sc117_v1	descriptive_cell_source	NA	NA	CPT1A	publisher_donor_label	10	NA	equal_donor_mean_log1p_counts_per_10k	0.07478956857364459	NA	NA	NA	NA	NA_descriptive_no_tests	NA	DONE		GSE176078_CELLxGENE_22a27631	ALL	Nonmalignant_epithelial	13	4355	4326	0.08137498212310987	0.04079495938019306	0.0975800258213006	0.1114603933419102	0.12418271418128282	Wu2021_author_celltype_major_via_CELLxGENE	0.5364341107930172
BRCA	Wu2021	06_EXTERNAL	20260919T140105Z_scRNA117_v1	sc117_v1	descriptive_cell_source	NA	NA	CPT1B	publisher_donor_label	10	NA	equal_donor_mean_log1p_counts_per_10k	0.007091503574738164	NA	NA	NA	NA	NA_descriptive_no_tests	NA	DONE		GSE176078_CELLxGENE_22a27631	ALL	Nonmalignant_epithelial	13	4355	4326	0.0035605401922528526	0.0	0.008346761231964423	0.013503389841795155	0.006027293928761739	Wu2021_author_celltype_major_via_CELLxGENE	0.9182230020648953
BRCA	Wu2021	06_EXTERNAL	20260919T140105Z_scRNA117_v1	sc117_v1	descriptive_cell_source	NA	NA	CPT2	publisher_donor_label	10	NA	equal_donor_mean_log1p_counts_per_10k	0.04224643417486051	NA	NA	NA	NA	NA_descriptive_no_tests	NA	DONE		GSE176078_CELLxGENE_22a27631	ALL	Nonmalignant_epithelial	13	4355	4326	0.044960901591647714	0.029741918381100928	0.06177775591186593	0.08158374929578247	0.0846330585214218	Wu2021_author_celltype_major_via_CELLxGENE	0.7001472749015243
BRCA	Wu2021	06_EXTERNAL	20260919T140105Z_scRNA117_v1	sc117_v1	descriptive_cell_source	NA	NA	CRAT	publisher_donor_label	10	NA	equal_donor_mean_log1p_counts_per_10k	0.054193728354723816	NA	NA	NA	NA	NA_descriptive_no_tests	NA	DONE		GSE176078_CELLxGENE_22a27631	ALL	Nonmalignant_epithelial	13	4355	4326	0.04980977720693261	0.03442334265817415	0.07504813166780927	0.09274717066220745	0.0874448965751102	Wu2021_author_celltype_major_via_CELLxGENE	0.3385899721910012
BRCA	Wu2021	06_EXTERNAL	20260919T140105Z_scRNA117_v1	sc117_v1	descriptive_cell_source	NA	NA	CROT	publisher_donor_label	10	NA	equal_donor_mean_log1p_counts_per_10k	0.07449110581358472	NA	NA	NA	NA	NA_descriptive_no_tests	NA	DONE		GSE176078_CELLxGENE_22a27631	ALL	Nonmalignant_epithelial	13	4355	4326	0.07239234367995882	0.036199395352918495	0.09718879120007251	0.1202443096196996	0.10245979186376537	Wu2021_author_celltype_major_via_CELLxGENE	0.6432788828810132
BRCA	Wu2021	06_EXTERNAL	20260919T140105Z_scRNA117_v1	sc117_v1	descriptive_cell_source	NA	NA	CS	publisher_donor_label	10	NA	equal_donor_mean_log1p_counts_per_10k	0.14312375255783502	NA	NA	NA	NA	NA_descriptive_no_tests	NA	DONE		GSE176078_CELLxGENE_22a27631	ALL	Nonmalignant_epithelial	13	4355	4326	0.14190225703971576	0.13538076609384278	0.1641172236563007	0.21956470087474642	0.20694501296220494	Wu2021_author_celltype_major_via_CELLxGENE	0.758547508298359
BRCA	Wu2021	06_EXTERNAL	20260919T140105Z_scRNA117_v1	sc117_v1	descriptive_cell_source	NA	NA	CTNS	publisher_donor_label	10	NA	equal_donor_mean_log1p_counts_per_10k	0.051992967559026035	NA	NA	NA	NA	NA_descriptive_no_tests	NA	DONE		GSE176078_CELLxGENE_22a27631	ALL	Nonmalignant_epithelial	13	4355	4326	0.03959781319560301	0.03380750129128969	0.05611797019737483	0.07386447055926046	0.0673469387755102	Wu2021_author_celltype_major_via_CELLxGENE	0.8260054955600418
BRCA	Wu2021	06_EXTERNAL	20260919T140105Z_scRNA117_v1	sc117_v1	descriptive_cell_source	NA	NA	DPYD	publisher_donor_label	10	NA	equal_donor_mean_log1p_counts_per_10k	0.08288966848852299	NA	NA	NA	NA	NA_descriptive_no_tests	NA	DONE		GSE176078_CELLxGENE_22a27631	ALL	Nonmalignant_epithelial	13	4355	4326	0.08858969286827176	0.05565517074994962	0.11815457681944747	0.10890395500102308	0.12777777777777777	Wu2021_author_celltype_major_via_CELLxGENE	0.3392145053615531
BRCA	Wu2021	06_EXTERNAL	20260919T140105Z_scRNA117_v1	sc117_v1	descriptive_cell_source	NA	NA	DPYS	publisher_donor_label	10	NA	equal_donor_mean_log1p_counts_per_10k	0.00011961061826526982	NA	NA	NA	NA	NA_descriptive_no_tests	NA	DONE		GSE176078_CELLxGENE_22a27631	ALL	Nonmalignant_epithelial	13	4355	4326	0.0	0.0	0.0	0.00019413117554296973	0.0	Wu2021_author_celltype_major_via_CELLxGENE	0.009410761882678585
BRCA	Wu2021	06_EXTERNAL	20260919T140105Z_scRNA117_v1	sc117_v1	descriptive_cell_source	NA	NA	ETNK1	publisher_donor_label	10	NA	equal_donor_mean_log1p_counts_per_10k	0.2849690401305713	NA	NA	NA	NA	NA_descriptive_no_tests	NA	DONE		GSE176078_CELLxGENE_22a27631	ALL	Nonmalignant_epithelial	13	4355	4326	0.26831435832544814	0.24688812403235671	0.3611058508516849	0.3576991814771576	0.3536606046430033	Wu2021_author_celltype_major_via_CELLxGENE	1.0
BRCA	Wu2021	06_EXTERNAL	20260919T140105Z_scRNA117_v1	sc117_v1	descriptive_cell_source	NA	NA	ETNK2	publisher_donor_label	10	NA	equal_donor_mean_log1p_counts_per_10k	0.055733045688510306	NA	NA	NA	NA	NA_descriptive_no_tests	NA	DONE		GSE176078_CELLxGENE_22a27631	ALL	Nonmalignant_epithelial	13	4355	4326	0.06206181056155953	0.020443279767765245	0.08484685322366493	0.0866861540566664	0.08981481481481482	Wu2021_author_celltype_major_via_CELLxGENE	0.67195199066302
BRCA	Wu2021	06_EXTERNAL	20260919T140105Z_scRNA117_v1	sc117_v1	descriptive_cell_source	NA	NA	FDFT1	publisher_donor_label	10	NA	equal_donor_mean_log1p_counts_per_10k	0.5582197097543228	NA	NA	NA	NA	NA_descriptive_no_tests	NA	DONE		GSE176078_CELLxGENE_22a27631	ALL	Nonmalignant_epithelial	13	4355	4326	0.522558099988755	0.4588098168116844	0.5799405739214497	0.538855924642493	0.5241607324516786	Wu2021_author_celltype_major_via_CELLxGENE	1.0
BRCA	Wu2021	06_EXTERNAL	20260919T140105Z_scRNA117_v1	sc117_v1	descriptive_cell_source	NA	NA	FH	publisher_donor_label	10	NA	equal_donor_mean_log1p_counts_per_10k	0.19634661578423263	NA	NA	NA	NA	NA_descriptive_no_tests	NA	DONE		GSE176078_CELLxGENE_22a27631	ALL	Nonmalignant_epithelial	13	4355	4326	0.1945861846030641	0.14377197734089714	0.2397381531029481	0.28914796644369517	0.26792980671414035	Wu2021_author_celltype_major_via_CELLxGENE	0.6651807530671736
BRCA	Wu2021	06_EXTERNAL	20260919T140105Z_scRNA117_v1	sc117_v1	descriptive_cell_source	NA	NA	FOLH1	publisher_donor_label	10	NA	equal_donor_mean_log1p_counts_per_10k	0.048775908929680735	NA	NA	NA	NA	NA_descriptive_no_tests	NA	DONE		GSE176078_CELLxGENE_22a27631	ALL	Nonmalignant_epithelial	13	4355	4326	0.05034991392297124	0.03109575099874473	0.06179826149206234	0.07842752492926962	0.06463120742329076	Wu2021_author_celltype_major_via_CELLxGENE	0.8617252365481762
BRCA	Wu2021	06_EXTERNAL	20260919T140105Z_scRNA117_v1	sc117_v1	descriptive_cell_source	NA	NA	GAMT	publisher_donor_label	10	NA	equal_donor_mean_log1p_counts_per_10k	0.2834657121606151	NA	NA	NA	NA	NA_descriptive_no_tests	NA	DONE		GSE176078_CELLxGENE_22a27631	ALL	Nonmalignant_epithelial	13	4355	4326	0.28854774940445593	0.2610550645613642	0.3200681199479889	0.3470967136952655	0.35653517199804075	Wu2021_author_celltype_major_via_CELLxGENE	0.9611665458601901
BRCA	Wu2021	06_EXTERNAL	20260919T140105Z_scRNA117_v1	sc117_v1	descriptive_cell_source	NA	NA	CEPT1	publisher_donor_label	24	NA	equal_donor_mean_log1p_counts_per_10k	0.055712982911665876	NA	NA	NA	NA	NA_descriptive_no_tests	NA	DONE		GSE176078_CELLxGENE_22a27631	ALL	Perivascular	26	5423	5400	0.05122120442690531	0.028437903686038178	0.08003929535044538	0.05071018972214755	0.041455901426718546	Wu2021_author_celltype_major_via_CELLxGENE	0.4329889365019916
BRCA	Wu2021	06_EXTERNAL	20260919T140105Z_scRNA117_v1	sc117_v1	descriptive_cell_source	NA	NA	CHKA	publisher_donor_label	24	NA	equal_donor_mean_log1p_counts_per_10k	0.028669729455177814	NA	NA	NA	NA	NA_descriptive_no_tests	NA	DONE		GSE176078_CELLxGENE_22a27631	ALL	Perivascular	26	5423	5400	0.018034069889479233	0.00469457606621631	0.041271471102247825	0.030153201989699535	0.017191924542139466	Wu2021_author_celltype_major_via_CELLxGENE	0.19805057428377043
BRCA	Wu2021	06_EXTERNAL	20260919T140105Z_scRNA117_v1	sc117_v1	descriptive_cell_source	NA	NA	CHKB	publisher_donor_label	24	NA	equal_donor_mean_log1p_counts_per_10k	0.04650027638709505	NA	NA	NA	NA	NA_descriptive_no_tests	NA	DONE		GSE176078_CELLxGENE_22a27631	ALL	Perivascular	26	5423	5400	0.037920375620466976	0.02318747730102672	0.06641205532905207	0.04966458430213413	0.03592943201376936	Wu2021_author_celltype_major_via_CELLxGENE	0.6601867194829952
BRCA	Wu2021	06_EXTERNAL	20260919T140105Z_scRNA117_v1	sc117_v1	descriptive_cell_source	NA	NA	CHPT1	publisher_donor_label	24	NA	equal_donor_mean_log1p_counts_per_10k	0.06911497044284616	NA	NA	NA	NA	NA_descriptive_no_tests	NA	DONE		GSE176078_CELLxGENE_22a27631	ALL	Perivascular	26	5423	5400	0.05003464750143822	0.03653445299762406	0.08408757657792042	0.07228072162071651	0.04607440752019065	Wu2021_author_celltype_major_via_CELLxGENE	0.13516719511076208
BRCA	Wu2021	06_EXTERNAL	20260919T140105Z_scRNA117_v1	sc117_v1	descriptive_cell_source	NA	NA	CKB	publisher_donor_label	24	NA	equal_donor_mean_log1p_counts_per_10k	0.24133700716992754	NA	NA	NA	NA	NA_descriptive_no_tests	NA	DONE		GSE176078_CELLxGENE_22a27631	ALL	Perivascular	26	5423	5400	0.20936211293294882	0.13088532148762483	0.27687779447745015	0.16956799145930712	0.14751552795031056	Wu2021_author_celltype_major_via_CELLxGENE	0.8486396700747004
BRCA	Wu2021	06_EXTERNAL	20260919T140105Z_scRNA117_v1	sc117_v1	descriptive_cell_source	NA	NA	CKM	publisher_donor_label	24	NA	equal_donor_mean_log1p_counts_per_10k	0.0008539084605914214	NA	NA	NA	NA	NA_descriptive_no_tests	NA	DONE		GSE176078_CELLxGENE_22a27631	ALL	Perivascular	26	5423	5400	0.0	0.0	0.0	0.0012531449180209835	0.0	Wu2021_author_celltype_major_via_CELLxGENE	0.09750019011303593
BRCA	Wu2021	06_EXTERNAL	20260919T140105Z_scRNA117_v1	sc117_v1	descriptive_cell_source	NA	NA	CMAS	publisher_donor_label	24	NA	equal_donor_mean_log1p_counts_per_10k	0.1274514212086682	NA	NA	NA	NA	NA_descriptive_no_tests	NA	DONE		GSE176078_CELLxGENE_22a27631	ALL	Perivascular	26	5423	5400	0.14336037447558322	0.07175980796942541	0.18197822870343897	0.12041233878432563	0.08806808333622214	Wu2021_author_celltype_major_via_CELLxGENE	0.3609024796526309
BRCA	Wu2021	06_EXTERNAL	20260919T140105Z_scRNA117_v1	sc117_v1	descriptive_cell_source	NA	NA	CMPK1	publisher_donor_label	24	NA	equal_donor_mean_log1p_counts_per_10k	0.28337441869778485	NA	NA	NA	NA	NA_descriptive_no_tests	NA	DONE		GSE176078_CELLxGENE_22a27631	ALL	Perivascular	26	5423	5400	0.2547152619158797	0.16094755818902706	0.40787750391874167	0.23576056795650982	0.17847124824684432	Wu2021_author_celltype_major_via_CELLxGENE	0.5836331210045392
BRCA	Wu2021	06_EXTERNAL	20260919T140105Z_scRNA117_v1	sc117_v1	descriptive_cell_source	NA	NA	CMPK2	publisher_donor_label	24	NA	equal_donor_mean_log1p_counts_per_10k	0.04991549235598596	NA	NA	NA	NA	NA_descriptive_no_tests	NA	DONE		GSE176078_CELLxGENE_22a27631	ALL	Perivascular	26	5423	5400	0.03534327586206975	0.009400349352744503	0.0716082549421325	0.04570590269559654	0.032612548741580996	Wu2021_author_celltype_major_via_CELLxGENE	0.4464926857675977
BRCA	Wu2021	06_EXTERNAL	20260919T140105Z_scRNA117_v1	sc117_v1	descriptive_cell_source	NA	NA	CPT1A	publisher_donor_label	24	NA	equal_donor_mean_log1p_counts_per_10k	0.08559987408275281	NA	NA	NA	NA	NA_descriptive_no_tests	NA	DONE		GSE176078_CELLxGENE_22a27631	ALL	Perivascular	26	5423	5400	0.08367668135493891	0.04539460521955337	0.10652368418886665	0.07949370429694472	0.07118725868725868	Wu2021_author_celltype_major_via_CELLxGENE	0.6139718842255399
BRCA	Wu2021	06_EXTERNAL	20260919T140105Z_scRNA117_v1	sc117_v1	descriptive_cell_source	NA	NA	CPT1B	publisher_donor_label	24	NA	equal_donor_mean_log1p_counts_per_10k	0.0010436847228558683	NA	NA	NA	NA	NA_descriptive_no_tests	NA	DONE		GSE176078_CELLxGENE_22a27631	ALL	Perivascular	26	5423	5400	0.0	0.0	0.0004089515574429597	0.0010895073065340626	0.0	Wu2021_author_celltype_major_via_CELLxGENE	0.1351385230691805
BRCA	Wu2021	06_EXTERNAL	20260919T140105Z_scRNA117_v1	sc117_v1	descriptive_cell_source	NA	NA	CPT2	publisher_donor_label	24	NA	equal_donor_mean_log1p_counts_per_10k	0.034225890654995615	NA	NA	NA	NA	NA_descriptive_no_tests	NA	DONE		GSE176078_CELLxGENE_22a27631	ALL	Perivascular	26	5423	5400	0.031971556727874995	0.010853498624846547	0.04843650493023749	0.036567393541138575	0.03201255626628761	Wu2021_author_celltype_major_via_CELLxGENE	0.5672233536678565
BRCA	Wu2021	06_EXTERNAL	20260919T140105Z_scRNA117_v1	sc117_v1	descriptive_cell_source	NA	NA	CRAT	publisher_donor_label	24	NA	equal_donor_mean_log1p_counts_per_10k	0.08367395078940916	NA	NA	NA	NA	NA_descriptive_no_tests	NA	DONE		GSE176078_CELLxGENE_22a27631	ALL	Perivascular	26	5423	5400	0.0819643527516937	0.046062065933411604	0.11815677104067382	0.08310855197842058	0.07446374946374947	Wu2021_author_celltype_major_via_CELLxGENE	0.5227756334728674
BRCA	Wu2021	06_EXTERNAL	20260919T140105Z_scRNA117_v1	sc117_v1	descriptive_cell_source	NA	NA	CROT	publisher_donor_label	24	NA	equal_donor_mean_log1p_counts_per_10k	0.04685778253580464	NA	NA	NA	NA	NA_descriptive_no_tests	NA	DONE		GSE176078_CELLxGENE_22a27631	ALL	Perivascular	26	5423	5400	0.04879103666776407	0.02929892722738152	0.0684158330724934	0.048046830520472324	0.03942322849344163	Wu2021_author_celltype_major_via_CELLxGENE	0.4046472619072977
BRCA	Wu2021	06_EXTERNAL	20260919T140105Z_scRNA117_v1	sc117_v1	descriptive_cell_source	NA	NA	CS	publisher_donor_label	24	NA	equal_donor_mean_log1p_counts_per_10k	0.12351684755623528	NA	NA	NA	NA	NA_descriptive_no_tests	NA	DONE		GSE176078_CELLxGENE_22a27631	ALL	Perivascular	26	5423	5400	0.11671197768081672	0.058646277620898545	0.17880524962514788	0.1176493391699734	0.10874670402109426	Wu2021_author_celltype_major_via_CELLxGENE	0.6546320598238216
BRCA	Wu2021	06_EXTERNAL	20260919T140105Z_scRNA117_v1	sc117_v1	descriptive_cell_source	NA	NA	CTNS	publisher_donor_label	24	NA	equal_donor_mean_log1p_counts_per_10k	0.025712991759690735	NA	NA	NA	NA	NA_descriptive_no_tests	NA	DONE		GSE176078_CELLxGENE_22a27631	ALL	Perivascular	26	5423	5400	0.017886364486951432	0.0	0.035095270137275356	0.026954859409399984	0.016159231520677303	Wu2021_author_celltype_major_via_CELLxGENE	0.4084989470293753
BRCA	Wu2021	06_EXTERNAL	20260919T140105Z_scRNA117_v1	sc117_v1	descriptive_cell_source	NA	NA	DPYD	publisher_donor_label	24	NA	equal_donor_mean_log1p_counts_per_10k	0.1078885824005767	NA	NA	NA	NA	NA_descriptive_no_tests	NA	DONE		GSE176078_CELLxGENE_22a27631	ALL	Perivascular	26	5423	5400	0.11756638751631074	0.057486151232821366	0.15327219276747642	0.09692250655878654	0.08238607270865336	Wu2021_author_celltype_major_via_CELLxGENE	0.44151910341200296
BRCA	Wu2021	06_EXTERNAL	20260919T140105Z_scRNA117_v1	sc117_v1	descriptive_cell_source	NA	NA	DPYS	publisher_donor_label	24	NA	equal_donor_mean_log1p_counts_per_10k	0.000528785677143941	NA	NA	NA	NA	NA_descriptive_no_tests	NA	DONE		GSE176078_CELLxGENE_22a27631	ALL	Perivascular	26	5423	5400	0.0	0.0	0.0	0.0012637320786733754	0.0	Wu2021_author_celltype_major_via_CELLxGENE	0.04160396599187229
BRCA	Wu2021	06_EXTERNAL	20260919T140105Z_scRNA117_v1	sc117_v1	descriptive_cell_source	NA	NA	ETNK1	publisher_donor_label	24	NA	equal_donor_mean_log1p_counts_per_10k	0.17349683127144225	NA	NA	NA	NA	NA_descriptive_no_tests	NA	DONE		GSE176078_CELLxGENE_22a27631	ALL	Perivascular	26	5423	5400	0.17701792772316616	0.12008531516051155	0.22083901190977015	0.15828110636223536	0.1381515444015444	Wu2021_author_celltype_major_via_CELLxGENE	0.6088269490325927
BRCA	Wu2021	06_EXTERNAL	20260919T140105Z_scRNA117_v1	sc117_v1	descriptive_cell_source	NA	NA	ETNK2	publisher_donor_label	24	NA	equal_donor_mean_log1p_counts_per_10k	0.008192362379614175	NA	NA	NA	NA	NA_descriptive_no_tests	NA	DONE		GSE176078_CELLxGENE_22a27631	ALL	Perivascular	26	5423	5400	0.0007866854651798637	0.0	0.013219132089816293	0.009626749708376002	0.0042643923240938165	Wu2021_author_celltype_major_via_CELLxGENE	0.09877217620549658
BRCA	Wu2021	06_EXTERNAL	20260919T140105Z_scRNA117_v1	sc117_v1	descriptive_cell_source	NA	NA	FDFT1	publisher_donor_label	24	NA	equal_donor_mean_log1p_counts_per_10k	0.31357552011544243	NA	NA	NA	NA	NA_descriptive_no_tests	NA	DONE		GSE176078_CELLxGENE_22a27631	ALL	Perivascular	26	5423	5400	0.28705596817151197	0.22964341784513803	0.4175038962535863	0.24624797198535323	0.23693379790940766	Wu2021_author_celltype_major_via_CELLxGENE	0.5617421145044298
BRCA	Wu2021	06_EXTERNAL	20260919T140105Z_scRNA117_v1	sc117_v1	descriptive_cell_source	NA	NA	FH	publisher_donor_label	24	NA	equal_donor_mean_log1p_counts_per_10k	0.1381578858016711	NA	NA	NA	NA	NA_descriptive_no_tests	NA	DONE		GSE176078_CELLxGENE_22a27631	ALL	Perivascular	26	5423	5400	0.1460038664907072	0.07750454711072115	0.19631707469614776	0.13502874273295928	0.12428571428571428	Wu2021_author_celltype_major_via_CELLxGENE	0.4680496587764671
BRCA	Wu2021	06_EXTERNAL	20260919T140105Z_scRNA117_v1	sc117_v1	descriptive_cell_source	NA	NA	FOLH1	publisher_donor_label	24	NA	equal_donor_mean_log1p_counts_per_10k	0.0009466802186988184	NA	NA	NA	NA	NA_descriptive_no_tests	NA	DONE		GSE176078_CELLxGENE_22a27631	ALL	Perivascular	26	5423	5400	0.0	0.0	0.0	0.0011112601770120589	0.0	Wu2021_author_celltype_major_via_CELLxGENE	0.01672502375239782
BRCA	Wu2021	06_EXTERNAL	20260919T140105Z_scRNA117_v1	sc117_v1	descriptive_cell_source	NA	NA	GAMT	publisher_donor_label	24	NA	equal_donor_mean_log1p_counts_per_10k	0.19908407863783392	NA	NA	NA	NA	NA_descriptive_no_tests	NA	DONE		GSE176078_CELLxGENE_22a27631	ALL	Perivascular	26	5423	5400	0.18241916488885335	0.11718739408834636	0.28702055686855377	0.17397272756283663	0.12955677943876215	Wu2021_author_celltype_major_via_CELLxGENE	0.6750479793184382
BRCA	Wu2021	06_EXTERNAL	20260919T140105Z_scRNA117_v1	sc117_v1	descriptive_cell_source	NA	NA	CEPT1	publisher_donor_label	14	NA	equal_donor_mean_log1p_counts_per_10k	0.037041976922680166	NA	NA	NA	NA	NA_descriptive_no_tests	NA	DONE		GSE176078_CELLxGENE_22a27631	ALL	Plasma_cells	14	3524	3524	0.03320010693428295	0.018625109269407473	0.038726149832053594	0.05077170184686623	0.04240196078431373	Wu2021_author_celltype_major_via_CELLxGENE	0.28788202238448446
BRCA	Wu2021	06_EXTERNAL	20260919T140105Z_scRNA117_v1	sc117_v1	descriptive_cell_source	NA	NA	CHKA	publisher_donor_label	14	NA	equal_donor_mean_log1p_counts_per_10k	0.021609146505128657	NA	NA	NA	NA	NA_descriptive_no_tests	NA	DONE		GSE176078_CELLxGENE_22a27631	ALL	Plasma_cells	14	3524	3524	0.011371584179009298	0.0005559203525152089	0.028309435815048047	0.028766228640550538	0.015298427063132947	Wu2021_author_celltype_major_via_CELLxGENE	0.14927604677308626
BRCA	Wu2021	06_EXTERNAL	20260919T140105Z_scRNA117_v1	sc117_v1	descriptive_cell_source	NA	NA	CHKB	publisher_donor_label	14	NA	equal_donor_mean_log1p_counts_per_10k	0.025960734291864716	NA	NA	NA	NA	NA_descriptive_no_tests	NA	DONE		GSE176078_CELLxGENE_22a27631	ALL	Plasma_cells	14	3524	3524	0.013543559557453927	0.005804644877653104	0.040722959519789395	0.02936672485999269	0.020833333333333332	Wu2021_author_celltype_major_via_CELLxGENE	0.368576992206273
BRCA	Wu2021	06_EXTERNAL	20260919T140105Z_scRNA117_v1	sc117_v1	descriptive_cell_source	NA	NA	CHPT1	publisher_donor_label	14	NA	equal_donor_mean_log1p_counts_per_10k	0.07880722565148592	NA	NA	NA	NA	NA_descriptive_no_tests	NA	DONE		GSE176078_CELLxGENE_22a27631	ALL	Plasma_cells	14	3524	3524	0.029581944725868344	0.01410667608857498	0.06123825492219509	0.08388707997525964	0.03645833333333333	Wu2021_author_celltype_major_via_CELLxGENE	0.15412220503777738
BRCA	Wu2021	06_EXTERNAL	20260919T140105Z_scRNA117_v1	sc117_v1	descriptive_cell_source	NA	NA	CKB	publisher_donor_label	14	NA	equal_donor_mean_log1p_counts_per_10k	0.04292932136641553	NA	NA	NA	NA	NA_descriptive_no_tests	NA	DONE		GSE176078_CELLxGENE_22a27631	ALL	Plasma_cells	14	3524	3524	0.0387569101539305	0.012739493159132228	0.06796773118884368	0.055634157124200334	0.04005720922229869	Wu2021_author_celltype_major_via_CELLxGENE	0.15095706020450433
BRCA	Wu2021	06_EXTERNAL	20260919T140105Z_scRNA117_v1	sc117_v1	descriptive_cell_source	NA	NA	CKM	publisher_donor_label	14	NA	equal_donor_mean_log1p_counts_per_10k	0.00027042416074532857	NA	NA	NA	NA	NA_descriptive_no_tests	NA	DONE		GSE176078_CELLxGENE_22a27631	ALL	Plasma_cells	14	3524	3524	0.0	0.0	0.0	0.0012987012987012987	0.0	Wu2021_author_celltype_major_via_CELLxGENE	0.030877322688153352
BRCA	Wu2021	06_EXTERNAL	20260919T140105Z_scRNA117_v1	sc117_v1	descriptive_cell_source	NA	NA	CMAS	publisher_donor_label	14	NA	equal_donor_mean_log1p_counts_per_10k	0.07213053101558943	NA	NA	NA	NA	NA_descriptive_no_tests	NA	DONE		GSE176078_CELLxGENE_22a27631	ALL	Plasma_cells	14	3524	3524	0.045436137969340824	0.02231657419280191	0.08110643031911158	0.09003330696596115	0.08323863636363636	Wu2021_author_celltype_major_via_CELLxGENE	0.20425105703267532
BRCA	Wu2021	06_EXTERNAL	20260919T140105Z_scRNA117_v1	sc117_v1	descriptive_cell_source	NA	NA	CMPK1	publisher_donor_label	14	NA	equal_donor_mean_log1p_counts_per_10k	0.12784661362501645	NA	NA	NA	NA	NA_descriptive_no_tests	NA	DONE		GSE176078_CELLxGENE_22a27631	ALL	Plasma_cells	14	3524	3524	0.13180696205255876	0.09170232099608336	0.15757098877888295	0.17884060106940708	0.17640056022408962	Wu2021_author_celltype_major_via_CELLxGENE	0.2633107055418657
BRCA	Wu2021	06_EXTERNAL	20260919T140105Z_scRNA117_v1	sc117_v1	descriptive_cell_source	NA	NA	CMPK2	publisher_donor_label	14	NA	equal_donor_mean_log1p_counts_per_10k	0.017865671434859325	NA	NA	NA	NA	NA_descriptive_no_tests	NA	DONE		GSE176078_CELLxGENE_22a27631	ALL	Plasma_cells	14	3524	3524	0.008670457180804638	0.0016046043487603632	0.019369169196507566	0.028797934733421054	0.017192118226600987	Wu2021_author_celltype_major_via_CELLxGENE	0.15980793227686527
BRCA	Wu2021	06_EXTERNAL	20260919T140105Z_scRNA117_v1	sc117_v1	descriptive_cell_source	NA	NA	CPT1A	publisher_donor_label	14	NA	equal_donor_mean_log1p_counts_per_10k	0.02967588559397501	NA	NA	NA	NA	NA_descriptive_no_tests	NA	DONE		GSE176078_CELLxGENE_22a27631	ALL	Plasma_cells	14	3524	3524	0.021869509287635563	0.011429023428100314	0.02948979181477854	0.04482316195975527	0.025213444690388942	Wu2021_author_celltype_major_via_CELLxGENE	0.21285264247678956
BRCA	Wu2021	06_EXTERNAL	20260919T140105Z_scRNA117_v1	sc117_v1	descriptive_cell_source	NA	NA	CPT1B	publisher_donor_label	14	NA	equal_donor_mean_log1p_counts_per_10k	0.0035405168164761654	NA	NA	NA	NA	NA_descriptive_no_tests	NA	DONE		GSE176078_CELLxGENE_22a27631	ALL	Plasma_cells	14	3524	3524	0.0	0.0	0.0	0.0038427871148459386	0.0	Wu2021_author_celltype_major_via_CELLxGENE	0.4584336658401803
BRCA	Wu2021	06_EXTERNAL	20260919T140105Z_scRNA117_v1	sc117_v1	descriptive_cell_source	NA	NA	CPT2	publisher_donor_label	14	NA	equal_donor_mean_log1p_counts_per_10k	0.02014245347534966	NA	NA	NA	NA	NA_descriptive_no_tests	NA	DONE		GSE176078_CELLxGENE_22a27631	ALL	Plasma_cells	14	3524	3524	0.019348140570690633	0.00437425470496731	0.024267927225141032	0.02630696565028789	0.016444870304008354	Wu2021_author_celltype_major_via_CELLxGENE	0.33381950893713097
BRCA	Wu2021	06_EXTERNAL	20260919T140105Z_scRNA117_v1	sc117_v1	descriptive_cell_source	NA	NA	CRAT	publisher_donor_label	14	NA	equal_donor_mean_log1p_counts_per_10k	0.02898838537477962	NA	NA	NA	NA	NA_descriptive_no_tests	NA	DONE		GSE176078_CELLxGENE_22a27631	ALL	Plasma_cells	14	3524	3524	0.02152637181925602	0.008748416928053405	0.04380625729178154	0.041480719080040585	0.0352328431372549	Wu2021_author_celltype_major_via_CELLxGENE	0.1811127762545444
BRCA	Wu2021	06_EXTERNAL	20260919T140105Z_scRNA117_v1	sc117_v1	descriptive_cell_source	NA	NA	CROT	publisher_donor_label	14	NA	equal_donor_mean_log1p_counts_per_10k	0.01270059622337635	NA	NA	NA	NA	NA_descriptive_no_tests	NA	DONE		GSE176078_CELLxGENE_22a27631	ALL	Plasma_cells	14	3524	3524	0.009465592970227626	0.0014999082697142484	0.022376702477411897	0.020444441287103144	0.018424611223799865	Wu2021_author_celltype_major_via_CELLxGENE	0.10967786370284197
BRCA	Wu2021	06_EXTERNAL	20260919T140105Z_scRNA117_v1	sc117_v1	descriptive_cell_source	NA	NA	CS	publisher_donor_label	14	NA	equal_donor_mean_log1p_counts_per_10k	0.04517421404738575	NA	NA	NA	NA	NA_descriptive_no_tests	NA	DONE		GSE176078_CELLxGENE_22a27631	ALL	Plasma_cells	14	3524	3524	0.03826644623738876	0.017394036244249803	0.05540913185725845	0.0641167397181831	0.05298029556650247	Wu2021_author_celltype_major_via_CELLxGENE	0.23942068938651015
BRCA	Wu2021	06_EXTERNAL	20260919T140105Z_scRNA117_v1	sc117_v1	descriptive_cell_source	NA	NA	CTNS	publisher_donor_label	14	NA	equal_donor_mean_log1p_counts_per_10k	0.011012323626765968	NA	NA	NA	NA	NA_descriptive_no_tests	NA	DONE		GSE176078_CELLxGENE_22a27631	ALL	Plasma_cells	14	3524	3524	0.0076803520545794205	0.0031096009891300493	0.014782919772568619	0.016468686997392835	0.013639069213742305	Wu2021_author_celltype_major_via_CELLxGENE	0.17495134941600796
BRCA	Wu2021	06_EXTERNAL	20260919T140105Z_scRNA117_v1	sc117_v1	descriptive_cell_source	NA	NA	DPYD	publisher_donor_label	14	NA	equal_donor_mean_log1p_counts_per_10k	0.011259544964301333	NA	NA	NA	NA	NA_descriptive_no_tests	NA	DONE		GSE176078_CELLxGENE_22a27631	ALL	Plasma_cells	14	3524	3524	0.007267456919040769	0.0006430914917864016	0.01471423339554993	0.02110649648251908	0.0099680085915461	Wu2021_author_celltype_major_via_CELLxGENE	0.04607813066824456
BRCA	Wu2021	06_EXTERNAL	20260919T140105Z_scRNA117_v1	sc117_v1	descriptive_cell_source	NA	NA	DPYS	publisher_donor_label	14	NA	equal_donor_mean_log1p_counts_per_10k	0.0	NA	NA	NA	NA	NA_descriptive_no_tests	NA	DONE		GSE176078_CELLxGENE_22a27631	ALL	Plasma_cells	14	3524	3524	0.0	0.0	0.0	0.0	0.0	Wu2021_author_celltype_major_via_CELLxGENE	0.0
BRCA	Wu2021	06_EXTERNAL	20260919T140105Z_scRNA117_v1	sc117_v1	descriptive_cell_source	NA	NA	ETNK1	publisher_donor_label	14	NA	equal_donor_mean_log1p_counts_per_10k	0.0945899111837575	NA	NA	NA	NA	NA_descriptive_no_tests	NA	DONE		GSE176078_CELLxGENE_22a27631	ALL	Plasma_cells	14	3524	3524	0.08706297283250769	0.07481053224792386	0.1186423677391136	0.13100468716343858	0.13084033613445378	Wu2021_author_celltype_major_via_CELLxGENE	0.33193048318658375
BRCA	Wu2021	06_EXTERNAL	20260919T140105Z_scRNA117_v1	sc117_v1	descriptive_cell_source	NA	NA	ETNK2	publisher_donor_label	14	NA	equal_donor_mean_log1p_counts_per_10k	0.008116564049756858	NA	NA	NA	NA	NA_descriptive_no_tests	NA	DONE		GSE176078_CELLxGENE_22a27631	ALL	Plasma_cells	14	3524	3524	0.0005838824684430031	0.0	0.005194446477309073	0.013394640625442445	0.0010323468685478321	Wu2021_author_celltype_major_via_CELLxGENE	0.09785830476697506
BRCA	Wu2021	06_EXTERNAL	20260919T140105Z_scRNA117_v1	sc117_v1	descriptive_cell_source	NA	NA	FDFT1	publisher_donor_label	14	NA	equal_donor_mean_log1p_counts_per_10k	0.0891819563420418	NA	NA	NA	NA	NA_descriptive_no_tests	NA	DONE		GSE176078_CELLxGENE_22a27631	ALL	Plasma_cells	14	3524	3524	0.09848402375573712	0.04624658411081854	0.13123348812718783	0.11566981835464576	0.08885710598761185	Wu2021_author_celltype_major_via_CELLxGENE	0.15976138925888436
BRCA	Wu2021	06_EXTERNAL	20260919T140105Z_scRNA117_v1	sc117_v1	descriptive_cell_source	NA	NA	FH	publisher_donor_label	14	NA	equal_donor_mean_log1p_counts_per_10k	0.04438830797706549	NA	NA	NA	NA	NA_descriptive_no_tests	NA	DONE		GSE176078_CELLxGENE_22a27631	ALL	Plasma_cells	14	3524	3524	0.0428169108893791	0.016862098105121483	0.059101476233940575	0.06640301321626908	0.05565114322856925	Wu2021_author_celltype_major_via_CELLxGENE	0.15037818711379627
BRCA	Wu2021	06_EXTERNAL	20260919T140105Z_scRNA117_v1	sc117_v1	descriptive_cell_source	NA	NA	FOLH1	publisher_donor_label	14	NA	equal_donor_mean_log1p_counts_per_10k	0.0002034540409953627	NA	NA	NA	NA	NA_descriptive_no_tests	NA	DONE		GSE176078_CELLxGENE_22a27631	ALL	Plasma_cells	14	3524	3524	0.0	0.0	0.0	7.002801120448179e-05	0.0	Wu2021_author_celltype_major_via_CELLxGENE	0.003594427770810276
BRCA	Wu2021	06_EXTERNAL	20260919T140105Z_scRNA117_v1	sc117_v1	descriptive_cell_source	NA	NA	GAMT	publisher_donor_label	14	NA	equal_donor_mean_log1p_counts_per_10k	0.05601684325720937	NA	NA	NA	NA	NA_descriptive_no_tests	NA	DONE		GSE176078_CELLxGENE_22a27631	ALL	Plasma_cells	14	3524	3524	0.054671851645439556	0.028747638288423277	0.075119808596885	0.08675224657198685	0.08232426487456648	Wu2021_author_celltype_major_via_CELLxGENE	0.18994013538052282
BRCA	Wu2021	06_EXTERNAL	20260919T140105Z_scRNA117_v1	sc117_v1	descriptive_cell_source	NA	NA	CEPT1	publisher_donor_label	26	NA	equal_donor_mean_log1p_counts_per_10k	0.0420578402311215	NA	NA	NA	NA	NA_descriptive_no_tests	NA	DONE		GSE176078_CELLxGENE_22a27631	ALL	T_NK_cells	26	35214	35214	0.039965256016889064	0.028666321863678727	0.052216330400325264	0.026750531503495004	0.025858578307699016	Wu2021_author_celltype_major_via_CELLxGENE	0.32686419863961086
BRCA	Wu2021	06_EXTERNAL	20260919T140105Z_scRNA117_v1	sc117_v1	descriptive_cell_source	NA	NA	CHKA	publisher_donor_label	26	NA	equal_donor_mean_log1p_counts_per_10k	0.018065564508039957	NA	NA	NA	NA	NA_descriptive_no_tests	NA	DONE		GSE176078_CELLxGENE_22a27631	ALL	T_NK_cells	26	35214	35214	0.018603259076266143	0.0069932290201534285	0.024431658186356012	0.012469800887114666	0.01073188072016502	Wu2021_author_celltype_major_via_CELLxGENE	0.12479697205275264
BRCA	Wu2021	06_EXTERNAL	20260919T140105Z_scRNA117_v1	sc117_v1	descriptive_cell_source	NA	NA	CHKB	publisher_donor_label	26	NA	equal_donor_mean_log1p_counts_per_10k	0.058578412907098504	NA	NA	NA	NA	NA_descriptive_no_tests	NA	DONE		GSE176078_CELLxGENE_22a27631	ALL	T_NK_cells	26	35214	35214	0.05254790576383961	0.03490417273727566	0.07600790886047537	0.03629016884965543	0.03162202165577317	Wu2021_author_celltype_major_via_CELLxGENE	0.8316658147948203
BRCA	Wu2021	06_EXTERNAL	20260919T140105Z_scRNA117_v1	sc117_v1	descriptive_cell_source	NA	NA	CHPT1	publisher_donor_label	26	NA	equal_donor_mean_log1p_counts_per_10k	0.04173887919626687	NA	NA	NA	NA	NA_descriptive_no_tests	NA	DONE		GSE176078_CELLxGENE_22a27631	ALL	T_NK_cells	26	35214	35214	0.023833627520108938	0.014720426191835051	0.05930705712602144	0.026355197927667794	0.012898070906647997	Wu2021_author_celltype_major_via_CELLxGENE	0.08162815077366907
BRCA	Wu2021	06_EXTERNAL	20260919T140105Z_scRNA117_v1	sc117_v1	descriptive_cell_source	NA	NA	CKB	publisher_donor_label	26	NA	equal_donor_mean_log1p_counts_per_10k	0.01319592415654804	NA	NA	NA	NA	NA_descriptive_no_tests	NA	DONE		GSE176078_CELLxGENE_22a27631	ALL	T_NK_cells	26	35214	35214	0.006027281365881954	0.0007037650733482489	0.017531911554936448	0.007730033709785567	0.0033097828551059303	Wu2021_author_celltype_major_via_CELLxGENE	0.04640226898421195
BRCA	Wu2021	06_EXTERNAL	20260919T140105Z_scRNA117_v1	sc117_v1	descriptive_cell_source	NA	NA	CKM	publisher_donor_label	26	NA	equal_donor_mean_log1p_counts_per_10k	0.0002504181483087026	NA	NA	NA	NA	NA_descriptive_no_tests	NA	DONE		GSE176078_CELLxGENE_22a27631	ALL	T_NK_cells	26	35214	35214	0.0	0.0	0.0	0.00027423470823839663	0.0	Wu2021_author_celltype_major_via_CELLxGENE	0.028593014584892117
BRCA	Wu2021	06_EXTERNAL	20260919T140105Z_scRNA117_v1	sc117_v1	descriptive_cell_source	NA	NA	CMAS	publisher_donor_label	26	NA	equal_donor_mean_log1p_counts_per_10k	0.09147224864196303	NA	NA	NA	NA	NA_descriptive_no_tests	NA	DONE		GSE176078_CELLxGENE_22a27631	ALL	T_NK_cells	26	35214	35214	0.08411358958344303	0.04810045637242096	0.12062133324204055	0.0555621829490395	0.05986889856650336	Wu2021_author_celltype_major_via_CELLxGENE	0.25902073936262393
BRCA	Wu2021	06_EXTERNAL	20260919T140105Z_scRNA117_v1	sc117_v1	descriptive_cell_source	NA	NA	CMPK1	publisher_donor_label	26	NA	equal_donor_mean_log1p_counts_per_10k	0.26712198185974045	NA	NA	NA	NA	NA_descriptive_no_tests	NA	DONE		GSE176078_CELLxGENE_22a27631	ALL	T_NK_cells	26	35214	35214	0.2166143450276133	0.15705039879446295	0.35831874559630483	0.16077223414265315	0.1290764255343571	Wu2021_author_celltype_major_via_CELLxGENE	0.5501598792090858
BRCA	Wu2021	06_EXTERNAL	20260919T140105Z_scRNA117_v1	sc117_v1	descriptive_cell_source	NA	NA	CMPK2	publisher_donor_label	26	NA	equal_donor_mean_log1p_counts_per_10k	0.06466067999151252	NA	NA	NA	NA	NA_descriptive_no_tests	NA	DONE		GSE176078_CELLxGENE_22a27631	ALL	T_NK_cells	26	35214	35214	0.042072270526295905	0.021899861335979126	0.05784405710357401	0.03889563076468114	0.02294188625834398	Wu2021_author_celltype_major_via_CELLxGENE	0.5783879775655946
BRCA	Wu2021	06_EXTERNAL	20260919T140105Z_scRNA117_v1	sc117_v1	descriptive_cell_source	NA	NA	CPT1A	publisher_donor_label	26	NA	equal_donor_mean_log1p_counts_per_10k	0.057909976447394	NA	NA	NA	NA	NA_descriptive_no_tests	NA	DONE		GSE176078_CELLxGENE_22a27631	ALL	T_NK_cells	26	35214	35214	0.055306454969107674	0.034711193431912694	0.07995512531536618	0.036349648553257966	0.02925552390484256	Wu2021_author_celltype_major_via_CELLxGENE	0.41536389785445954
BRCA	Wu2021	06_EXTERNAL	20260919T140105Z_scRNA117_v1	sc117_v1	descriptive_cell_source	NA	NA	CPT1B	publisher_donor_label	26	NA	equal_donor_mean_log1p_counts_per_10k	0.0038644934273883744	NA	NA	NA	NA	NA_descriptive_no_tests	NA	DONE		GSE176078_CELLxGENE_22a27631	ALL	T_NK_cells	26	35214	35214	0.0011452874604927846	0.0	0.003311664944092161	0.0016895826723914435	0.0006674348772347269	Wu2021_author_celltype_major_via_CELLxGENE	0.5003828481448085
BRCA	Wu2021	06_EXTERNAL	20260919T140105Z_scRNA117_v1	sc117_v1	descriptive_cell_source	NA	NA	CPT2	publisher_donor_label	26	NA	equal_donor_mean_log1p_counts_per_10k	0.02105420981386467	NA	NA	NA	NA	NA_descriptive_no_tests	NA	DONE		GSE176078_CELLxGENE_22a27631	ALL	T_NK_cells	26	35214	35214	0.01977082704546633	0.008534714455606957	0.028375734891861723	0.013935527891933697	0.01111530262945477	Wu2021_author_celltype_major_via_CELLxGENE	0.34892998460812474
BRCA	Wu2021	06_EXTERNAL	20260919T140105Z_scRNA117_v1	sc117_v1	descriptive_cell_source	NA	NA	CRAT	publisher_donor_label	26	NA	equal_donor_mean_log1p_counts_per_10k	0.022406664718579248	NA	NA	NA	NA	NA_descriptive_no_tests	NA	DONE		GSE176078_CELLxGENE_22a27631	ALL	T_NK_cells	26	35214	35214	0.02047682495276476	0.018562539025457545	0.024931060084512926	0.0158233441756406	0.01277069588877707	Wu2021_author_celltype_major_via_CELLxGENE	0.13999169671993097
BRCA	Wu2021	06_EXTERNAL	20260919T140105Z_scRNA117_v1	sc117_v1	descriptive_cell_source	NA	NA	CROT	publisher_donor_label	26	NA	equal_donor_mean_log1p_counts_per_10k	0.025502990977802932	NA	NA	NA	NA	NA_descriptive_no_tests	NA	DONE		GSE176078_CELLxGENE_22a27631	ALL	T_NK_cells	26	35214	35214	0.023116945084936735	0.01958873437840819	0.03624623352463687	0.01634183177117543	0.014880151807101043	Wu2021_author_celltype_major_via_CELLxGENE	0.22023482356914864
BRCA	Wu2021	06_EXTERNAL	20260919T140105Z_scRNA117_v1	sc117_v1	descriptive_cell_source	NA	NA	CS	publisher_donor_label	26	NA	equal_donor_mean_log1p_counts_per_10k	0.07127524366412072	NA	NA	NA	NA	NA_descriptive_no_tests	NA	DONE		GSE176078_CELLxGENE_22a27631	ALL	T_NK_cells	26	35214	35214	0.07024101735695647	0.04919537172777516	0.09262091865680909	0.046609940778448856	0.04299760116154283	Wu2021_author_celltype_major_via_CELLxGENE	0.377754618073822
BRCA	Wu2021	06_EXTERNAL	20260919T140105Z_scRNA117_v1	sc117_v1	descriptive_cell_source	NA	NA	CTNS	publisher_donor_label	26	NA	equal_donor_mean_log1p_counts_per_10k	0.01634559934378052	NA	NA	NA	NA	NA_descriptive_no_tests	NA	DONE		GSE176078_CELLxGENE_22a27631	ALL	T_NK_cells	26	35214	35214	0.017035625649810524	0.011019313627635871	0.022288847653931326	0.010646869297760828	0.009537478137663171	Wu2021_author_celltype_major_via_CELLxGENE	0.259680405255911
BRCA	Wu2021	06_EXTERNAL	20260919T140105Z_scRNA117_v1	sc117_v1	descriptive_cell_source	NA	NA	DPYD	publisher_donor_label	26	NA	equal_donor_mean_log1p_counts_per_10k	0.10738707850347287	NA	NA	NA	NA	NA_descriptive_no_tests	NA	DONE		GSE176078_CELLxGENE_22a27631	ALL	T_NK_cells	26	35214	35214	0.10597237555667878	0.051644764199089976	0.15976819895485253	0.06474522367350359	0.05227448953217886	Wu2021_author_celltype_major_via_CELLxGENE	0.4394667680667778
BRCA	Wu2021	06_EXTERNAL	20260919T140105Z_scRNA117_v1	sc117_v1	descriptive_cell_source	NA	NA	DPYS	publisher_donor_label	26	NA	equal_donor_mean_log1p_counts_per_10k	0.00019151197125037508	NA	NA	NA	NA	NA_descriptive_no_tests	NA	DONE		GSE176078_CELLxGENE_22a27631	ALL	T_NK_cells	26	35214	35214	0.0	0.0	0.0	0.00011040765492597663	0.0	Wu2021_author_celltype_major_via_CELLxGENE	0.015067839170624212
BRCA	Wu2021	06_EXTERNAL	20260919T140105Z_scRNA117_v1	sc117_v1	descriptive_cell_source	NA	NA	ETNK1	publisher_donor_label	26	NA	equal_donor_mean_log1p_counts_per_10k	0.18773823617856966	NA	NA	NA	NA	NA_descriptive_no_tests	NA	DONE		GSE176078_CELLxGENE_22a27631	ALL	T_NK_cells	26	35214	35214	0.1943869507093482	0.11991894977298981	0.24358037031901064	0.11334631395022318	0.11051262422451687	Wu2021_author_celltype_major_via_CELLxGENE	0.6588022196816502
BRCA	Wu2021	06_EXTERNAL	20260919T140105Z_scRNA117_v1	sc117_v1	descriptive_cell_source	NA	NA	ETNK2	publisher_donor_label	26	NA	equal_donor_mean_log1p_counts_per_10k	0.004745580129831895	NA	NA	NA	NA	NA_descriptive_no_tests	NA	DONE		GSE176078_CELLxGENE_22a27631	ALL	T_NK_cells	26	35214	35214	0.0037661984988199377	0.00017019016966083792	0.008158625097352079	0.003153175680549978	0.00203692230087234	Wu2021_author_celltype_major_via_CELLxGENE	0.05721564245588577
BRCA	Wu2021	06_EXTERNAL	20260919T140105Z_scRNA117_v1	sc117_v1	descriptive_cell_source	NA	NA	FDFT1	publisher_donor_label	26	NA	equal_donor_mean_log1p_counts_per_10k	0.1821668610072054	NA	NA	NA	NA	NA_descriptive_no_tests	NA	DONE		GSE176078_CELLxGENE_22a27631	ALL	T_NK_cells	26	35214	35214	0.1551384745659732	0.1272213104897954	0.23838244443919643	0.11197344816078501	0.09116673413080599	Wu2021_author_celltype_major_via_CELLxGENE	0.3263354156509066
BRCA	Wu2021	06_EXTERNAL	20260919T140105Z_scRNA117_v1	sc117_v1	descriptive_cell_source	NA	NA	FH	publisher_donor_label	26	NA	equal_donor_mean_log1p_counts_per_10k	0.04944178655749205	NA	NA	NA	NA	NA_descriptive_no_tests	NA	DONE		GSE176078_CELLxGENE_22a27631	ALL	T_NK_cells	26	35214	35214	0.048313644050655316	0.030700323179696693	0.07353464955395109	0.03554659775418516	0.031503773275367075	Wu2021_author_celltype_major_via_CELLxGENE	0.16749830234629387
BRCA	Wu2021	06_EXTERNAL	20260919T140105Z_scRNA117_v1	sc117_v1	descriptive_cell_source	NA	NA	FOLH1	publisher_donor_label	26	NA	equal_donor_mean_log1p_counts_per_10k	8.510226294701399e-05	NA	NA	NA	NA	NA_descriptive_no_tests	NA	DONE		GSE176078_CELLxGENE_22a27631	ALL	T_NK_cells	26	35214	35214	0.0	0.0	0.0	6.791434722799617e-05	0.0	Wu2021_author_celltype_major_via_CELLxGENE	0.0015035038665199671
BRCA	Wu2021	06_EXTERNAL	20260919T140105Z_scRNA117_v1	sc117_v1	descriptive_cell_source	NA	NA	GAMT	publisher_donor_label	26	NA	equal_donor_mean_log1p_counts_per_10k	0.04679683729539945	NA	NA	NA	NA	NA_descriptive_no_tests	NA	DONE		GSE176078_CELLxGENE_22a27631	ALL	T_NK_cells	26	35214	35214	0.044059098492086085	0.03464676816071747	0.052445310929068345	0.030894042896764635	0.028376258874030048	Wu2021_author_celltype_major_via_CELLxGENE	0.15867723160434444
BRCA	Wu2021	06_EXTERNAL	20260922T023000Z_sc39_v1	sc39_v1	descriptive_cell_source	NA	NA	CYP4F2	publisher_donor_label	20	NA	equal_donor_mean_log1p_counts_per_10k	0.0	NA	NA	NA	NA	NA_descriptive_no_tests	NA	DONE		GSE176078_CELLxGENE_22a27631	ALL	B_cells	20	3206	3206	0.0	0.0	0.0	0.0	0.0	Wu2021_author_celltype_major_via_CELLxGENE	0.0
BRCA	Wu2021	06_EXTERNAL	20260922T023000Z_sc39_v1	sc39_v1	descriptive_cell_source	NA	NA	ENPP2	publisher_donor_label	20	NA	equal_donor_mean_log1p_counts_per_10k	0.015593060253663957	NA	NA	NA	NA	NA_descriptive_no_tests	NA	DONE		GSE176078_CELLxGENE_22a27631	ALL	B_cells	20	3206	3206	0.0	0.0	0.010745159005047928	0.012428139118533727	0.0	Wu2021_author_celltype_major_via_CELLxGENE	0.03461198442303985
BRCA	Wu2021	06_EXTERNAL	20260922T023000Z_sc39_v1	sc39_v1	descriptive_cell_source	NA	NA	CYP4F2	publisher_donor_label	24	NA	equal_donor_mean_log1p_counts_per_10k	0.0	NA	NA	NA	NA	NA_descriptive_no_tests	NA	DONE		GSE176078_CELLxGENE_22a27631	ALL	Endothelial	26	7605	7587	0.0	0.0	0.0	0.0	0.0	Wu2021_author_celltype_major_via_CELLxGENE	0.0
BRCA	Wu2021	06_EXTERNAL	20260922T023000Z_sc39_v1	sc39_v1	descriptive_cell_source	NA	NA	ENPP2	publisher_donor_label	24	NA	equal_donor_mean_log1p_counts_per_10k	0.4505104377454939	NA	NA	NA	NA	NA_descriptive_no_tests	NA	DONE		GSE176078_CELLxGENE_22a27631	ALL	Endothelial	26	7605	7587	0.390498034990415	0.2806964507293035	0.6089230611466733	0.2899376535963007	0.26136363636363635	Wu2021_author_celltype_major_via_CELLxGENE	1.0
BRCA	Wu2021	06_EXTERNAL	20260922T023000Z_sc39_v1	sc39_v1	descriptive_cell_source	NA	NA	CYP4F2	publisher_donor_label	23	NA	equal_donor_mean_log1p_counts_per_10k	0.00017148631975821922	NA	NA	NA	NA	NA_descriptive_no_tests	NA	DONE		GSE176078_CELLxGENE_22a27631	ALL	Fibroblasts	26	6573	6537	0.0	0.0	0.0	0.00042625745950554135	0.0	Wu2021_author_celltype_major_via_CELLxGENE	0.39492446860385216
BRCA	Wu2021	06_EXTERNAL	20260922T023000Z_sc39_v1	sc39_v1	descriptive_cell_source	NA	NA	ENPP2	publisher_donor_label	23	NA	equal_donor_mean_log1p_counts_per_10k	0.1138081670519301	NA	NA	NA	NA	NA_descriptive_no_tests	NA	DONE		GSE176078_CELLxGENE_22a27631	ALL	Fibroblasts	26	6573	6537	0.07551356795939662	0.04700895925622435	0.16153412009151857	0.10429394513455391	0.07547169811320754	Wu2021_author_celltype_major_via_CELLxGENE	0.252620488931321
BRCA	Wu2021	06_EXTERNAL	20260922T023000Z_sc39_v1	sc39_v1	descriptive_cell_source	NA	NA	CYP4F2	publisher_donor_label	20	NA	equal_donor_mean_log1p_counts_per_10k	0.0004342256137343073	NA	NA	NA	NA	NA_descriptive_no_tests	NA	DONE		GSE176078_CELLxGENE_22a27631	ALL	Malignant_epithelial	20	24489	24489	0.0	0.0	6.73502703582613e-05	0.0005142797295261967	0.0	Wu2021_author_celltype_major_via_CELLxGENE	1.0
BRCA	Wu2021	06_EXTERNAL	20260922T023000Z_sc39_v1	sc39_v1	descriptive_cell_source	NA	NA	ENPP2	publisher_donor_label	20	NA	equal_donor_mean_log1p_counts_per_10k	0.010007432012114147	NA	NA	NA	NA	NA_descriptive_no_tests	NA	DONE		GSE176078_CELLxGENE_22a27631	ALL	Malignant_epithelial	20	24489	24489	0.00114264642569	0.00023016746702819946	0.00719420865634462	0.019060077167769966	0.004156522261869491	Wu2021_author_celltype_major_via_CELLxGENE	0.02221354084978511
BRCA	Wu2021	06_EXTERNAL	20260922T023000Z_sc39_v1	sc39_v1	descriptive_cell_source	NA	NA	CYP4F2	publisher_donor_label	26	NA	equal_donor_mean_log1p_counts_per_10k	0.0	NA	NA	NA	NA	NA_descriptive_no_tests	NA	DONE		GSE176078_CELLxGENE_22a27631	ALL	Myeloid	26	9675	9675	0.0	0.0	0.0	0.0	0.0	Wu2021_author_celltype_major_via_CELLxGENE	0.0
BRCA	Wu2021	06_EXTERNAL	20260922T023000Z_sc39_v1	sc39_v1	descriptive_cell_source	NA	NA	ENPP2	publisher_donor_label	26	NA	equal_donor_mean_log1p_counts_per_10k	0.11450410074707146	NA	NA	NA	NA	NA_descriptive_no_tests	NA	DONE		GSE176078_CELLxGENE_22a27631	ALL	Myeloid	26	9675	9675	0.0803258370030728	0.03934626001689196	0.15878927955711614	0.11278497311320253	0.07149548628853687	Wu2021_author_celltype_major_via_CELLxGENE	0.25416525601512924
BRCA	Wu2021	06_EXTERNAL	20260922T023000Z_sc39_v1	sc39_v1	descriptive_cell_source	NA	NA	CYP4F2	publisher_donor_label	10	NA	equal_donor_mean_log1p_counts_per_10k	0.0	NA	NA	NA	NA	NA_descriptive_no_tests	NA	DONE		GSE176078_CELLxGENE_22a27631	ALL	Nonmalignant_epithelial	13	4355	4326	0.0	0.0	0.0	0.0	0.0	Wu2021_author_celltype_major_via_CELLxGENE	0.0
BRCA	Wu2021	06_EXTERNAL	20260922T023000Z_sc39_v1	sc39_v1	descriptive_cell_source	NA	NA	ENPP2	publisher_donor_label	10	NA	equal_donor_mean_log1p_counts_per_10k	0.004943213866072744	NA	NA	NA	NA	NA_descriptive_no_tests	NA	DONE		GSE176078_CELLxGENE_22a27631	ALL	Nonmalignant_epithelial	13	4355	4326	0.0040143586280488655	0.00042566967391564285	0.00916402044789268	0.011133831059292035	0.005352074604676307	Wu2021_author_celltype_major_via_CELLxGENE	0.010972473558682033
BRCA	Wu2021	06_EXTERNAL	20260922T023000Z_sc39_v1	sc39_v1	descriptive_cell_source	NA	NA	CYP4F2	publisher_donor_label	24	NA	equal_donor_mean_log1p_counts_per_10k	0.00014339497694331336	NA	NA	NA	NA	NA_descriptive_no_tests	NA	DONE		GSE176078_CELLxGENE_22a27631	ALL	Perivascular	26	5423	5400	0.0	0.0	0.0	0.0003387533875338754	0.0	Wu2021_author_celltype_major_via_CELLxGENE	0.33023150272070895
BRCA	Wu2021	06_EXTERNAL	20260922T023000Z_sc39_v1	sc39_v1	descriptive_cell_source	NA	NA	ENPP2	publisher_donor_label	24	NA	equal_donor_mean_log1p_counts_per_10k	0.01296617715827958	NA	NA	NA	NA	NA_descriptive_no_tests	NA	DONE		GSE176078_CELLxGENE_22a27631	ALL	Perivascular	26	5423	5400	0.011014977600378496	0.0	0.016920518784804793	0.015183861284503582	0.008964615758754863	Wu2021_author_celltype_major_via_CELLxGENE	0.028781080463233265
BRCA	Wu2021	06_EXTERNAL	20260922T023000Z_sc39_v1	sc39_v1	descriptive_cell_source	NA	NA	CYP4F2	publisher_donor_label	14	NA	equal_donor_mean_log1p_counts_per_10k	0.0	NA	NA	NA	NA	NA_descriptive_no_tests	NA	DONE		GSE176078_CELLxGENE_22a27631	ALL	Plasma_cells	14	3524	3524	0.0	0.0	0.0	0.0	0.0	Wu2021_author_celltype_major_via_CELLxGENE	0.0
BRCA	Wu2021	06_EXTERNAL	20260922T023000Z_sc39_v1	sc39_v1	descriptive_cell_source	NA	NA	ENPP2	publisher_donor_label	14	NA	equal_donor_mean_log1p_counts_per_10k	0.024862524501789957	NA	NA	NA	NA	NA_descriptive_no_tests	NA	DONE		GSE176078_CELLxGENE_22a27631	ALL	Plasma_cells	14	3524	3524	0.009551890183766636	0.005123702428006562	0.01830071141007434	0.021488984915126966	0.0196078431372549	Wu2021_author_celltype_major_via_CELLxGENE	0.05518745498153241
BRCA	Wu2021	06_EXTERNAL	20260922T023000Z_sc39_v1	sc39_v1	descriptive_cell_source	NA	NA	CYP4F2	publisher_donor_label	26	NA	equal_donor_mean_log1p_counts_per_10k	0.0	NA	NA	NA	NA	NA_descriptive_no_tests	NA	DONE		GSE176078_CELLxGENE_22a27631	ALL	T_NK_cells	26	35214	35214	0.0	0.0	0.0	0.0	0.0	Wu2021_author_celltype_major_via_CELLxGENE	0.0
BRCA	Wu2021	06_EXTERNAL	20260922T023000Z_sc39_v1	sc39_v1	descriptive_cell_source	NA	NA	ENPP2	publisher_donor_label	26	NA	equal_donor_mean_log1p_counts_per_10k	0.007179285884437554	NA	NA	NA	NA	NA_descriptive_no_tests	NA	DONE		GSE176078_CELLxGENE_22a27631	ALL	T_NK_cells	26	35214	35214	0.0053094974742135545	0.0002036169623206294	0.00818573942600564	0.003979019003835771	0.002572506502147221	Wu2021_author_celltype_major_via_CELLxGENE	0.01593589245204854
